<nite:root xmlns:nite="http://nite.sourceforge.net/" nite:id="Bmr007.hotspot">
   <pothot nite:id="Bmr007.pothot0" starttime="415.3" endtime="447.0" participants="me018,me013,fe008,me011" />
   <pothot nite:id="Bmr007.pothot1" score="1" starttime="1115.4" endtime="1140.2" participants="fe016,me013" />
   <hotspot nite:id="Bmr007.hotspot2" score="1" starttime="1215.4" endtime="1231.9" participants="fe016,me013" />
   <pothot nite:id="Bmr007.pothot3" score="1" starttime="1271.5" endtime="1292.1" participants="fe016,me013,fe008,me011" />
   <pothot nite:id="Bmr007.pothot4" score="1" starttime="1403.0" endtime="1425.0" participants="me018,fe016,fe008" />
   <pothot nite:id="Bmr007.pothot5" score="1" starttime="1473.1" endtime="1487.8" participants="fe016,me011" />
   <nonhot nite:id="Bmr007.nonhot6" starttime="1639.9" endtime="1669.7" participants="fe016,me013,fe008,mn017,me011" />
   <pothot nite:id="Bmr007.pothot7" score="1" starttime="1789.7" endtime="1817.8" participants="fe016,me013,mn017,me011" />
   <pothot nite:id="Bmr007.pothot8" score="1" starttime="1817.6" endtime="1851.0" participants="me018,me013,mn005,fe008,mn017,me011" />
   <pothot nite:id="Bmr007.pothot9" score="1" starttime="1878.5" endtime="1899.3" participants="me018,fe016,me013,fe008,mn017" />
   <pothot nite:id="Bmr007.pothot10" score="1" starttime="1920.1" endtime="1938.2" participants="mn017,me011" />
   <pothot nite:id="Bmr007.pothot11" score="1" starttime="2826.4" endtime="2848.0" participants="fe016,me013,me011" />
   <pothot nite:id="Bmr007.pothot12" score="1" starttime="2894.4" endtime="2926.4" participants="fe016,me013,fe008,me011" />
   <pothot nite:id="Bmr007.pothot13" score="1" starttime="3126.0" endtime="3167.7" participants="me018,me013,fe008,me011" />
   <pothot nite:id="Bmr007.pothot14" score="1" starttime="3171.5" endtime="3192.4" participants="me018,fe016,me013,fe008,me011" />
   <nonhot nite:id="Bmr007.nonhot15" starttime="3215.0" endtime="3239.5" participants="fe016,me013,me011" />
   <hotspot nite:id="Bmr007.hotspot16" score="2" starttime="3244.1" endtime="3259.5" participants="me018,fe016,fe008,me011" />
</nite:root>
