<nite:root xmlns:nite="http://nite.sourceforge.net/" nite:id="Bmr002.hotspot">
   <nonhot nite:id="Bmr002.nonhot0" starttime="540.5" endtime="568.5" participants="me011" />
   <pothot nite:id="Bmr002.pothot1" starttime="569.4" endtime="598.8" participants="me022,me011,fe008" />
   <pothot nite:id="Bmr002.pothot2" starttime="604.4" endtime="632.2" participants="me022,me025,fe008" />
   <pothot nite:id="Bmr002.pothot3" starttime="639.9" endtime="670.1" participants="me011,me025,fe008" />
   <nonhot nite:id="Bmr002.nonhot4" starttime="707.1" endtime="730.0" participants="me025,fe008" />
   <pothot nite:id="Bmr002.pothot5" starttime="732.0" endtime="772.8" participants="me022,me011,me025,fe008" />
   <nonhot nite:id="Bmr002.nonhot6" starttime="924.8" endtime="961.8" participants="me025,fe008" />
   <nonhot nite:id="Bmr002.nonhot7" starttime="983.3" endtime="998.3" participants="me011,me025" />
   <pothot nite:id="Bmr002.pothot8" starttime="1191.0" endtime="1223.3" participants="me011,me025,fe008" />
   <pothot nite:id="Bmr002.pothot9" starttime="1610.5" endtime="1626.2" participants="me022,fe008" />
   <nonhot nite:id="Bmr002.nonhot10" starttime="1644.0" endtime="1674.7" participants="me022,me011,me025,fe008" />
   <pothot nite:id="Bmr002.pothot11" starttime="1682.9" endtime="1697.9" participants="me022,me011,me025,fe008" />
   <pothot nite:id="Bmr002.pothot12" starttime="1713.1" endtime="1722.5" participants="me025,fe008" />
   <pothot nite:id="Bmr002.pothot13" starttime="1856.5" endtime="1870.7" participants="me022,me011,me025,fe008" />
   <pothot nite:id="Bmr002.pothot14" starttime="1987.9" endtime="2024.2" participants="me022,me011,me025" />
   <nonhot nite:id="Bmr002.nonhot15" starttime="2032.4" endtime="2058.5" participants="me011,me025" />
   <pothot nite:id="Bmr002.pothot16" starttime="2087.3" endtime="2133.7" participants="me022,me011,me025" />
   <hotspot nite:id="Bmr002.hotspot17" score="1" starttime="2464.8" endtime="2485.9" participants="me011,fe008" />
</nite:root>
