<nite:root xmlns:nite="http://nite.sourceforge.net/" nite:id="Bmr008.B.involvement">
   <involvement nite:id="Bmr008.B.involvement0" score="1" starttime="454.0" endtime="457.6" type="involv" participant="me013" />
   <involvement nite:id="Bmr008.B.involvement1" score="1" starttime="611.7" endtime="616.2" type="disagr" participant="me013" />
   <involvement nite:id="Bmr008.B.involvement2" score="1" starttime="770.6" endtime="774.7" type="amused" participant="me013" />
   <involvement nite:id="Bmr008.B.involvement5" score="2" starttime="782.3" endtime="786.3" type="amused" participant="me013" />
   <involvement nite:id="Bmr008.B.involvement6" score="1" starttime="835.1" endtime="837.0" type="amused" participant="me013" />
   <involvement nite:id="Bmr008.B.involvement8" score="2" starttime="875.7" endtime="881.2" type="amused" participant="me013" />
   <involvement nite:id="Bmr008.B.involvement9" score="1" starttime="965.3" endtime="967.2" type="involv" participant="me013" />
   <involvement nite:id="Bmr008.B.involvement13" score="2" starttime="1145.5" endtime="1148.0" type="involv" participant="me013" />
   <involvement nite:id="Bmr008.B.involvement14" score="2" starttime="1966.5" endtime="1969.7" type="involv" participant="me013" />
   <involvement nite:id="Bmr008.B.involvement18" score="3" starttime="2166.0" endtime="2167.8" type="amused" participant="me013" />
   <involvement nite:id="Bmr008.B.involvement19" score="2" starttime="2176.0" endtime="2177.4" type="amused" participant="me013" />
   <involvement nite:id="Bmr008.B.involvement20" score="2" starttime="2542.0" endtime="2547.5" type="involv" participant="me013" />
</nite:root>
