<nite:root xmlns:nite="http://nite.sourceforge.net/" nite:id="Bmr008.hotspot">
   <pothot nite:id="Bmr008.pothot0" score="1" starttime="384.3" endtime="417.9" participants="me011,me018" />
   <pothot nite:id="Bmr008.pothot1" score="1" starttime="448.6" endtime="462.4" participants="fe016,me013,me011" />
   <hotspot nite:id="Bmr008.hotspot2" score="1" starttime="600.9" endtime="623.8" participants="me013,me011" />
   <hotspot nite:id="Bmr008.hotspot3" score="1" starttime="708.1" endtime="727.5" participants="fe016,me013,me011,me018" />
   <hotspot nite:id="Bmr008.hotspot4" score="1" starttime="761.2" endtime="788.6" participants="fe016,me013,me018,fe008" />
   <hotspot nite:id="Bmr008.hotspot5" score="1" starttime="799.1" endtime="837.0" participants="fe016,me013,me011,me018" />
   <pothot nite:id="Bmr008.pothot6" score="1" starttime="862.5" endtime="881.3" participants="fe016,me013,me011,me018,fe008" />
   <pothot nite:id="Bmr008.pothot7" score="1" starttime="996.8" endtime="1026.5" participants="fe016,me011,me018,fe008" />
   <hotspot nite:id="Bmr008.hotspot8" score="1" starttime="2162.2" endtime="2184.2" participants="fe016,me013,me011,me018,fe008" />
   <nonhot nite:id="Bmr008.nonhot9" starttime="2857.5" endtime="2876.8" participants="me013,mn005" />
</nite:root>
