<nite:root xmlns:nite="http://nite.sourceforge.net/" nite:id="Bmr014.C.involvement">
   <involvement nite:id="Bmr014.C.involvement1" score="1" starttime="615.5" endtime="617.2" type="involv" participant="me011" />
   <involvement nite:id="Bmr014.C.involvement3" score="2" starttime="1474.9" endtime="1477.0" type="involv" participant="me011" />
   <involvement nite:id="Bmr014.C.involvement8" score="1" starttime="1504.5" endtime="1507.2" type="disagr" participant="me011" />
   <involvement nite:id="Bmr014.C.involvement12" score="1" starttime="1605.2" endtime="1607.2" type="disagr" participant="me011" />
   <involvement nite:id="Bmr014.C.involvement13" score="2" starttime="1608.7" endtime="1613.0" type="disagr" participant="me011" />
   <involvement nite:id="Bmr014.C.involvement15" score="1" starttime="1621.4" endtime="1624.5" type="involv" participant="me011" />
   <involvement nite:id="Bmr014.C.involvement16" score="1" starttime="1628.2" endtime="1634.0" type="involv" participant="me011" />
   <involvement nite:id="Bmr014.C.involvement20" score="2" starttime="1684.5" endtime="1686.2" type="disagr" participant="me011" />
   <involvement nite:id="Bmr014.C.involvement22" score="2" starttime="1686.2" endtime="1689.5" type="disagr" participant="me011" />
   <involvement nite:id="Bmr014.C.involvement23" score="2" starttime="1694.0" endtime="1700.5" type="disagr" participant="me011" />
   <involvement nite:id="Bmr014.C.involvement26" score="3" starttime="1789.0" endtime="1791.5" type="disagr" participant="me011" />
   <involvement nite:id="Bmr014.C.involvement27" score="3" starttime="1792.5" endtime="1793.5" type="disagr" participant="me011" />
   <involvement nite:id="Bmr014.C.involvement28" score="2" starttime="1796.5" endtime="1800.5" type="involv" participant="me011" />
   <involvement nite:id="Bmr014.C.involvement29" score="3" starttime="1816.0" endtime="1819.2" type="disagr" participant="me011" />
   <involvement nite:id="Bmr014.C.involvement31" score="2" starttime="1871.7" endtime="1875.2" type="involv" participant="me011" />
   <involvement nite:id="Bmr014.C.involvement36" score="1" starttime="1919.5" endtime="1926.5" type="disagr" participant="me011" />
   <involvement nite:id="Bmr014.C.involvement39" score="2" starttime="1974.5" endtime="1976.7" type="disagr" participant="me011" />
   <involvement nite:id="Bmr014.C.involvement40" score="2" starttime="1976.7" endtime="1982.5" type="involv" participant="me011" />
   <involvement nite:id="Bmr014.C.involvement42" score="3" starttime="1990.7" endtime="1993.2" type="disagr" participant="me011" />
   <involvement nite:id="Bmr014.C.involvement46" score="2" starttime="2035.7" endtime="2039.9" type="disagr" participant="me011" />
   <involvement nite:id="Bmr014.C.involvement47" score="3" starttime="2045.7" endtime="2051.8" type="disagr" participant="me011" />
   <involvement nite:id="Bmr014.C.involvement50" score="1" starttime="2117.4" endtime="2122.0" type="disagr" participant="me011" />
   <involvement nite:id="Bmr014.C.involvement51" score="2" starttime="2129.4" endtime="2135.1" type="involv" participant="me011" />
   <involvement nite:id="Bmr014.C.involvement53" score="3" starttime="2137.0" endtime="2142.8" type="disagr" participant="me011" />
   <involvement nite:id="Bmr014.C.involvement54" score="2" starttime="2186.0" endtime="2188.8" type="involv" participant="me011" />
   <involvement nite:id="Bmr014.C.involvement56" score="2" starttime="2265.0" endtime="2269.0" type="involv" participant="me011" />
   <involvement nite:id="Bmr014.C.involvement58" score="2" starttime="2368.5" endtime="2371.6" type="involv" participant="me011" />
   <involvement nite:id="Bmr014.C.involvement59" score="1" starttime="2539.0" endtime="2541.9" type="involv" participant="me011" />
</nite:root>
