<nite:root xmlns:nite="http://nite.sourceforge.net/" nite:id="Bmr018.C.involvement">
   <involvement nite:id="Bmr018.C.involvement0" score="1" starttime="84.9" endtime="88.5" type="amused" participant="me013" />
   <involvement nite:id="Bmr018.C.involvement6" score="2" starttime="129.9" endtime="130.5" type="involv" participant="me013" />
   <involvement nite:id="Bmr018.C.involvement7" score="1" starttime="145.5" endtime="147.0" type="involv" participant="me013" />
   <involvement nite:id="Bmr018.C.involvement8" score="1" starttime="319.8" endtime="323.5" type="disagr" participant="me013" />
   <involvement nite:id="Bmr018.C.involvement9" score="1" starttime="373.6" endtime="375.8" type="involv" participant="me013" />
   <involvement nite:id="Bmr018.C.involvement10" score="1" starttime="419.3" endtime="422.5" type="involv" participant="me013" />
   <involvement nite:id="Bmr018.C.involvement25" score="1" starttime="1374.7" endtime="1375.7" type="disagr" participant="me013" />
   <involvement nite:id="Bmr018.C.involvement36" score="1" starttime="2510.0" endtime="2516.6" type="amused" participant="me013" />
</nite:root>
