<nite:root xmlns:nite="http://nite.sourceforge.net/" nite:id="Bmr006.D.involvement">
   <involvement nite:id="Bmr006.D.involvement0" score="3" starttime="488.5" endtime="491.5" type="amused" participant="me013" />
   <involvement nite:id="Bmr006.D.involvement1" score="2" starttime="890.3" endtime="893.1" type="involv" participant="me013" />
   <involvement nite:id="Bmr006.D.involvement2" score="2" starttime="898.5" endtime="901.5" type="involv" participant="me013" />
   <involvement nite:id="Bmr006.D.involvement4" score="1" starttime="1107.5" endtime="1109.0" type="amused" participant="me013" />
   <involvement nite:id="Bmr006.D.involvement9" score="1" starttime="3102.0" endtime="3106.0" type="amused" participant="me013" />
   <involvement nite:id="Bmr006.D.involvement15" score="2" starttime="3245.4" endtime="3248.1" type="involv" participant="me013" />
   <involvement nite:id="Bmr006.D.involvement29" score="2" starttime="4223.1" endtime="4235.5" type="involv" participant="me013" />
   <involvement nite:id="Bmr006.D.involvement31" score="1" starttime="4404.5" endtime="4413.1" type="amused" participant="me013" />
</nite:root>
