<nite:root xmlns:nite="http://nite.sourceforge.net/" nite:id="Bmr001.B.involvement">
   <involvement nite:id="Bmr001.B.involvement3" score="1" starttime="713.7" endtime="715.5" type="amused" participant="me011" />
   <involvement nite:id="Bmr001.B.involvement7" score="1" starttime="1107.4" endtime="1109.1" type="amused" participant="me011" />
   <involvement nite:id="Bmr001.B.involvement9" score="1" starttime="1162.4" endtime="1167.7" type="amused" participant="me011" />
   <involvement nite:id="Bmr001.B.involvement11" score="1" starttime="1218.4" endtime="1223.8" type="involv" participant="me011" />
   <involvement nite:id="Bmr001.B.involvement12" score="2" starttime="1531.5" endtime="1538.4" type="involv" participant="me011" />
   <involvement nite:id="Bmr001.B.involvement14" score="2" starttime="1542.8" endtime="1548.8" type="involv" participant="me011" />
   <involvement nite:id="Bmr001.B.involvement15" score="1" starttime="1561.9" endtime="1566.2" type="involv" participant="me011" />
   <involvement nite:id="Bmr001.B.involvement17" score="2" starttime="1572.3" endtime="1574.4" type="amused" participant="me011" />
   <involvement nite:id="Bmr001.B.involvement20" score="1" starttime="1700.1" endtime="1701.6" type="involv" participant="me011" />
   <involvement nite:id="Bmr001.B.involvement21" score="1" starttime="1815.3" endtime="1816.4" type="involv" participant="me011" />
   <involvement nite:id="Bmr001.B.involvement25" score="2" starttime="1877.2" endtime="1880.5" type="amused" participant="me011" />
</nite:root>
