<nite:root xmlns:nite="http://nite.sourceforge.net/" nite:id="Bmr013.G.involvement">
   <involvement nite:id="Bmr013.G.involvement8" score="1" starttime="1834.2" endtime="1843.0" type="involv" participant="fe016" />
   <involvement nite:id="Bmr013.G.involvement9" score="2" starttime="1844.7" endtime="1846.4" type="involv" participant="fe016" />
   <involvement nite:id="Bmr013.G.involvement13" score="1" starttime="2084.0" endtime="2087.0" type="involv" participant="fe016" />
   <involvement nite:id="Bmr013.G.involvement14" score="1" starttime="2123.5" endtime="2125.5" type="amused" participant="fe016" />
   <involvement nite:id="Bmr013.G.involvement16" score="1" starttime="2353.0" endtime="2354.6" type="involv" participant="fe016" />
   <involvement nite:id="Bmr013.G.involvement17" score="1" starttime="2356.5" endtime="2365.8" type="involv" participant="fe016" />
   <involvement nite:id="Bmr013.G.involvement18" score="1" starttime="2388.9" endtime="2398.5" type="involv" participant="fe016" />
   <involvement nite:id="Bmr013.G.involvement20" score="2" starttime="2590.4" endtime="2594.1" type="amused" participant="fe016" />
   <involvement nite:id="Bmr013.G.involvement21" score="1" starttime="2596.4" endtime="2598.6" type="amused" participant="fe016" />
</nite:root>
