<nite:root xmlns:nite="http://nite.sourceforge.net/" nite:id="Bro005.D.involvement">
   <involvement nite:id="Bro005.D.involvement0" score="1" starttime="664.5" endtime="666.7" type="involv" participant="me013" />
   <involvement nite:id="Bro005.D.involvement1" score="1" starttime="748.8" endtime="749.7" type="involv" participant="me013" />
   <involvement nite:id="Bro005.D.involvement3" score="1" starttime="1097.9" endtime="1100.7" type="disagr" participant="me013" />
   <involvement nite:id="Bro005.D.involvement8" score="1" starttime="1970.7" endtime="1975.5" type="involv" participant="me013" />
   <involvement nite:id="Bro005.D.involvement12" score="1" starttime="3191.4" endtime="3192.4" type="involv" participant="me013" />
   <involvement nite:id="Bro005.D.involvement13" score="1" starttime="3254.1" endtime="3255.0" type="involv" participant="me013" />
   <involvement nite:id="Bro005.D.involvement14" score="2" starttime="3547.3" endtime="3551.4" type="involv" participant="me013" />
   <involvement nite:id="Bro005.D.involvement15" score="1" starttime="3641.0" endtime="3643.6" type="amused" participant="me013" />
</nite:root>
