<?xml version="1.0" encoding="ISO-8859-1" standalone="yes"?>
<nite:root nite:id="Bed014.topic" xmlns:nite="http://nite.sourceforge.net/">
   <topic nite:id="Bed014.topic.1" description="opening">
      <nite:child href="Bed014.E.segs.xml#id(Bed014.segment.1)"/>
      <nite:child href="Bed014.B.segs.xml#id(Bed014.segment.2)..id(Bed014.segment.5)"/>
      <nite:child href="Bed014.F.segs.xml#id(Bed014.segment.6)..id(Bed014.segment.7)"/>
      <nite:child href="Bed014.B.segs.xml#id(Bed014.segment.8)"/>
      <nite:child href="Bed014.F.segs.xml#id(Bed014.segment.9)..id(Bed014.segment.10)"/>
      <nite:child href="Bed014.B.segs.xml#id(Bed014.segment.11)"/>
      <nite:child href="Bed014.F.segs.xml#id(Bed014.segment.12)..id(Bed014.segment.13)"/>
      <nite:child href="Bed014.B.segs.xml#id(Bed014.segment.14)"/>
      <nite:child href="Bed014.F.segs.xml#id(Bed014.segment.15)"/>
      <nite:child href="Bed014.D.segs.xml#id(Bed014.segment.17)"/>
      <nite:child href="Bed014.E.segs.xml#id(Bed014.segment.16)"/>
      <nite:child href="Bed014.F.segs.xml#id(Bed014.segment.18)"/>
      <nite:child href="Bed014.D.segs.xml#id(Bed014.segment.19)"/>
      <nite:child href="Bed014.F.segs.xml#id(Bed014.segment.20)"/>
      <nite:child href="Bed014.D.segs.xml#id(Bed014.segment.21)"/>
      <nite:child href="Bed014.F.segs.xml#id(Bed014.segment.22)"/>
      <nite:child href="Bed014.D.segs.xml#id(Bed014.segment.23)..id(Bed014.segment.24)"/>
      <nite:child href="Bed014.F.segs.xml#id(Bed014.segment.25)"/>
      <nite:child href="Bed014.B.segs.xml#id(Bed014.segment.26)"/>
      <nite:child href="Bed014.D.segs.xml#id(Bed014.segment.27)"/>
      <nite:child href="Bed014.F.segs.xml#id(Bed014.segment.28)"/>
      <nite:child href="Bed014.D.segs.xml#id(Bed014.segment.29)..id(Bed014.segment.31)"/>
      <nite:child href="Bed014.C.segs.xml#id(Bed014.segment.32)"/>
      <nite:child href="Bed014.D.segs.xml#id(Bed014.segment.33)..id(Bed014.segment.34)"/>
      <nite:child href="Bed014.B.segs.xml#id(Bed014.segment.35)"/>
      <nite:child href="Bed014.D.segs.xml#id(Bed014.segment.36)"/>
      <nite:child href="Bed014.E.segs.xml#id(Bed014.segment.37)"/>
      <nite:child href="Bed014.B.segs.xml#id(Bed014.segment.38)..id(Bed014.segment.39)"/>
      <nite:child href="Bed014.E.segs.xml#id(Bed014.segment.40)"/>
      <nite:child href="Bed014.D.segs.xml#id(Bed014.segment.41)"/>
      <nite:child href="Bed014.B.segs.xml#id(Bed014.segment.42)..id(Bed014.segment.43)"/>
      <nite:child href="Bed014.D.segs.xml#id(Bed014.segment.44)"/>
      <nite:child href="Bed014.B.segs.xml#id(Bed014.segment.45)"/>
      <nite:child href="Bed014.D.segs.xml#id(Bed014.segment.46)"/>
      <nite:child href="Bed014.B.segs.xml#id(Bed014.segment.47)..id(Bed014.segment.48)"/>
      <nite:child href="Bed014.D.segs.xml#id(Bed014.segment.49)"/>
      <nite:child href="Bed014.B.segs.xml#id(Bed014.segment.50)"/>
      <nite:child href="Bed014.D.segs.xml#id(Bed014.segment.51)"/>
      <nite:child href="Bed014.C.segs.xml#id(Bed014.segment.52)..id(Bed014.segment.54)"/>
      <nite:child href="Bed014.B.segs.xml#id(Bed014.segment.55)"/>
      <nite:child href="Bed014.C.segs.xml#id(Bed014.segment.56)"/>
      <nite:child href="Bed014.B.segs.xml#id(Bed014.segment.57)..id(Bed014.segment.58)"/>
      <nite:child href="Bed014.D.segs.xml#id(Bed014.segment.59)"/>
      <nite:child href="Bed014.C.segs.xml#id(Bed014.segment.60)"/>
      <nite:child href="Bed014.D.segs.xml#id(Bed014.segment.61)..id(Bed014.segment.63)"/>
      <nite:child href="Bed014.C.segs.xml#id(Bed014.segment.64)..id(Bed014.segment.65)"/>
      <nite:child href="Bed014.B.segs.xml#id(Bed014.segment.66)..id(Bed014.segment.67)"/>
      <nite:child href="Bed014.C.segs.xml#id(Bed014.segment.68)"/>
      <nite:child href="Bed014.E.segs.xml#id(Bed014.segment.69)"/>
      <nite:child href="Bed014.D.segs.xml#id(Bed014.segment.70)"/>
      <nite:child href="Bed014.C.segs.xml#id(Bed014.segment.71)"/>
      <nite:child href="Bed014.D.segs.xml#id(Bed014.segment.72)"/>
      <nite:child href="Bed014.E.segs.xml#id(Bed014.segment.74)"/>
      <nite:child href="Bed014.C.segs.xml#id(Bed014.segment.73)"/>
      <nite:child href="Bed014.B.segs.xml#id(Bed014.segment.75)"/>
      <nite:child href="Bed014.D.segs.xml#id(Bed014.segment.76)"/>
      <nite:child href="Bed014.C.segs.xml#id(Bed014.segment.77)"/>
      <nite:child href="Bed014.D.segs.xml#id(Bed014.segment.78)"/>
      <nite:child href="Bed014.C.segs.xml#id(Bed014.segment.79)"/>
      <nite:child href="Bed014.B.segs.xml#id(Bed014.segment.80)"/>
      <nite:child href="Bed014.C.segs.xml#id(Bed014.segment.81)"/>
      <nite:child href="Bed014.B.segs.xml#id(Bed014.segment.82)..id(Bed014.segment.83)"/>
      <nite:child href="Bed014.C.segs.xml#id(Bed014.segment.84)"/>
      <nite:child href="Bed014.B.segs.xml#id(Bed014.segment.85)"/>
      <nite:child href="Bed014.C.segs.xml#id(Bed014.segment.86)"/>
      <nite:child href="Bed014.E.segs.xml#id(Bed014.segment.87)"/>
      <nite:child href="Bed014.B.segs.xml#id(Bed014.segment.88)..id(Bed014.segment.89)"/>
      <nite:child href="Bed014.E.segs.xml#id(Bed014.segment.90)..id(Bed014.segment.92)"/>
   </topic>
   <topic nite:id="Bed014.topic.2" description="convert XML tp E Bayes input">
      <nite:child href="Bed014.E.segs.xml#id(Bed014.segment.93)..id(Bed014.segment.94)"/>
      <nite:child href="Bed014.F.segs.xml#id(Bed014.segment.95)"/>
      <nite:child href="Bed014.E.segs.xml#id(Bed014.segment.96)"/>
      <nite:child href="Bed014.F.segs.xml#id(Bed014.segment.97)..id(Bed014.segment.98)"/>
      <nite:child href="Bed014.E.segs.xml#id(Bed014.segment.99)"/>
      <nite:child href="Bed014.F.segs.xml#id(Bed014.segment.100)"/>
      <nite:child href="Bed014.E.segs.xml#id(Bed014.segment.101)..id(Bed014.segment.105)"/>
      <nite:child href="Bed014.B.segs.xml#id(Bed014.segment.106)"/>
      <nite:child href="Bed014.D.segs.xml#id(Bed014.segment.107)"/>
      <nite:child href="Bed014.F.segs.xml#id(Bed014.segment.108)"/>
      <nite:child href="Bed014.D.segs.xml#id(Bed014.segment.109)"/>
      <nite:child href="Bed014.C.segs.xml#id(Bed014.segment.110)"/>
      <nite:child href="Bed014.E.segs.xml#id(Bed014.segment.111)"/>
      <nite:child href="Bed014.F.segs.xml#id(Bed014.segment.112)..id(Bed014.segment.114)"/>
      <nite:child href="Bed014.D.segs.xml#id(Bed014.segment.115)"/>
      <nite:child href="Bed014.F.segs.xml#id(Bed014.segment.116)..id(Bed014.segment.118)"/>
      <nite:child href="Bed014.D.segs.xml#id(Bed014.segment.119)"/>
      <nite:child href="Bed014.B.segs.xml#id(Bed014.segment.120)"/>
      <nite:child href="Bed014.F.segs.xml#id(Bed014.segment.121)"/>
      <nite:child href="Bed014.C.segs.xml#id(Bed014.segment.122)"/>
      <nite:child href="Bed014.D.segs.xml#id(Bed014.segment.123)"/>
      <nite:child href="Bed014.C.segs.xml#id(Bed014.segment.124)"/>
      <nite:child href="Bed014.F.segs.xml#id(Bed014.segment.125)"/>
      <nite:child href="Bed014.B.segs.xml#id(Bed014.segment.126)"/>
   </topic>
   <topic nite:id="Bed014.topic.3" description="generation templates">
      <nite:child href="Bed014.E.segs.xml#id(Bed014.segment.127)..id(Bed014.segment.129)"/>
      <nite:child href="Bed014.D.segs.xml#id(Bed014.segment.130)"/>
      <nite:child href="Bed014.B.segs.xml#id(Bed014.segment.131)"/>
      <nite:child href="Bed014.D.segs.xml#id(Bed014.segment.132)..id(Bed014.segment.136)"/>
   </topic>
   <topic nite:id="Bed014.topic.4" description="hire Fey to do syntax-to-prosody rules">
      <nite:child href="Bed014.C.segs.xml#id(Bed014.segment.137)..id(Bed014.segment.139)"/>
      <nite:child href="Bed014.B.segs.xml#id(Bed014.segment.140)"/>
      <nite:child href="Bed014.E.segs.xml#id(Bed014.segment.141)..id(Bed014.segment.142)"/>
      <nite:child href="Bed014.C.segs.xml#id(Bed014.segment.143)"/>
      <nite:child href="Bed014.D.segs.xml#id(Bed014.segment.144)"/>
      <nite:child href="Bed014.C.segs.xml#id(Bed014.segment.145)"/>
      <nite:child href="Bed014.D.segs.xml#id(Bed014.segment.146)"/>
      <nite:child href="Bed014.C.segs.xml#id(Bed014.segment.147)"/>
      <nite:child href="Bed014.B.segs.xml#id(Bed014.segment.148)"/>
      <nite:child href="Bed014.D.segs.xml#id(Bed014.segment.149)"/>
      <nite:child href="Bed014.E.segs.xml#id(Bed014.segment.150)"/>
      <nite:child href="Bed014.B.segs.xml#id(Bed014.segment.151)"/>
      <nite:child href="Bed014.F.segs.xml#id(Bed014.segment.152)"/>
      <nite:child href="Bed014.D.segs.xml#id(Bed014.segment.153)"/>
      <nite:child href="Bed014.E.segs.xml#id(Bed014.segment.154)"/>
      <nite:child href="Bed014.C.segs.xml#id(Bed014.segment.155)"/>
      <nite:child href="Bed014.E.segs.xml#id(Bed014.segment.156)..id(Bed014.segment.157)"/>
      <nite:child href="Bed014.B.segs.xml#id(Bed014.segment.158)"/>
      <nite:child href="Bed014.E.segs.xml#id(Bed014.segment.159)"/>
      <nite:child href="Bed014.B.segs.xml#id(Bed014.segment.160)..id(Bed014.segment.161)"/>
      <nite:child href="Bed014.E.segs.xml#id(Bed014.segment.162)"/>
      <nite:child href="Bed014.B.segs.xml#id(Bed014.segment.163)"/>
      <nite:child href="Bed014.E.segs.xml#id(Bed014.segment.164)"/>
      <nite:child href="Bed014.B.segs.xml#id(Bed014.segment.165)..id(Bed014.segment.169)"/>
      <nite:child href="Bed014.E.segs.xml#id(Bed014.segment.170)..id(Bed014.segment.171)"/>
      <nite:child href="Bed014.B.segs.xml#id(Bed014.segment.172)"/>
      <nite:child href="Bed014.E.segs.xml#id(Bed014.segment.173)"/>
      <nite:child href="Bed014.B.segs.xml#id(Bed014.segment.174)..id(Bed014.segment.175)"/>
      <nite:child href="Bed014.E.segs.xml#id(Bed014.segment.176)..id(Bed014.segment.178)"/>
      <nite:child href="Bed014.B.segs.xml#id(Bed014.segment.179)"/>
      <nite:child href="Bed014.D.segs.xml#id(Bed014.segment.180)"/>
      <nite:child href="Bed014.E.segs.xml#id(Bed014.segment.181)..id(Bed014.segment.182)"/>
      <nite:child href="Bed014.D.segs.xml#id(Bed014.segment.183)"/>
      <nite:child href="Bed014.E.segs.xml#id(Bed014.segment.184)..id(Bed014.segment.187)"/>
      <nite:child href="Bed014.B.segs.xml#id(Bed014.segment.188)"/>
      <nite:child href="Bed014.D.segs.xml#id(Bed014.segment.189)..id(Bed014.segment.191)"/>
      <nite:child href="Bed014.C.segs.xml#id(Bed014.segment.192)..id(Bed014.segment.193)"/>
      <nite:child href="Bed014.B.segs.xml#id(Bed014.segment.194)"/>
      <nite:child href="Bed014.C.segs.xml#id(Bed014.segment.195)..id(Bed014.segment.196)"/>
      <nite:child href="Bed014.B.segs.xml#id(Bed014.segment.197)"/>
      <nite:child href="Bed014.C.segs.xml#id(Bed014.segment.198)"/>
      <nite:child href="Bed014.B.segs.xml#id(Bed014.segment.199)"/>
      <nite:child href="Bed014.C.segs.xml#id(Bed014.segment.200)"/>
      <nite:child href="Bed014.B.segs.xml#id(Bed014.segment.201)"/>
      <nite:child href="Bed014.C.segs.xml#id(Bed014.segment.202)..id(Bed014.segment.204)"/>
      <nite:child href="Bed014.D.segs.xml#id(Bed014.segment.206)"/>
      <nite:child href="Bed014.C.segs.xml#id(Bed014.segment.205)"/>
      <nite:child href="Bed014.D.segs.xml#id(Bed014.segment.207)"/>
      <nite:child href="Bed014.B.segs.xml#id(Bed014.segment.208)..id(Bed014.segment.209)"/>
      <nite:child href="Bed014.A.segs.xml#id(Bed014.segment.211)"/>
   </topic>
   <topic nite:id="Bed014.topic.5" description="voice">
      <nite:child href="Bed014.D.segs.xml#id(Bed014.segment.210)"/>
      <nite:child href="Bed014.A.segs.xml#id(Bed014.segment.213)"/>
      <nite:child href="Bed014.D.segs.xml#id(Bed014.segment.214)"/>
      <nite:child href="Bed014.E.segs.xml#id(Bed014.segment.215)"/>
      <nite:child href="Bed014.B.segs.xml#id(Bed014.segment.216)..id(Bed014.segment.218)"/>
      <nite:child href="Bed014.D.segs.xml#id(Bed014.segment.219)"/>
      <nite:child href="Bed014.A.segs.xml#id(Bed014.segment.220)"/>
      <nite:child href="Bed014.B.segs.xml#id(Bed014.segment.221)"/>
      <nite:child href="Bed014.A.segs.xml#id(Bed014.segment.222)"/>
      <nite:child href="Bed014.D.segs.xml#id(Bed014.segment.223)"/>
      <nite:child href="Bed014.F.segs.xml#id(Bed014.segment.224)"/>
      <nite:child href="Bed014.B.segs.xml#id(Bed014.segment.225)"/>
      <nite:child href="Bed014.C.segs.xml#id(Bed014.segment.226)"/>
      <nite:child href="Bed014.A.segs.xml#id(Bed014.segment.227)"/>
      <nite:child href="Bed014.F.segs.xml#id(Bed014.segment.228)"/>
      <nite:child href="Bed014.A.segs.xml#id(Bed014.segment.229)"/>
      <nite:child href="Bed014.B.segs.xml#id(Bed014.segment.230)..id(Bed014.segment.231)"/>
      <nite:child href="Bed014.F.segs.xml#id(Bed014.segment.232)"/>
      <nite:child href="Bed014.E.segs.xml#id(Bed014.segment.233)"/>
      <nite:child href="Bed014.F.segs.xml#id(Bed014.segment.234)"/>
      <nite:child href="Bed014.B.segs.xml#id(Bed014.segment.235)"/>
      <nite:child href="Bed014.C.segs.xml#id(Bed014.segment.236)"/>
      <nite:child href="Bed014.D.segs.xml#id(Bed014.segment.237)"/>
      <nite:child href="Bed014.B.segs.xml#id(Bed014.segment.238)..id(Bed014.segment.239)"/>
      <nite:child href="Bed014.A.segs.xml#id(Bed014.segment.240)"/>
      <nite:child href="Bed014.E.segs.xml#id(Bed014.segment.241)"/>
      <nite:child href="Bed014.A.segs.xml#id(Bed014.segment.242)"/>
      <nite:child href="Bed014.B.segs.xml#id(Bed014.segment.243)"/>
      <nite:child href="Bed014.A.segs.xml#id(Bed014.segment.244)"/>
      <nite:child href="Bed014.F.segs.xml#id(Bed014.segment.245)"/>
      <nite:child href="Bed014.E.segs.xml#id(Bed014.segment.246)"/>
      <nite:child href="Bed014.A.segs.xml#id(Bed014.segment.248)"/>
      <nite:child href="Bed014.E.segs.xml#id(Bed014.segment.247)..id(Bed014.segment.249)"/>
      <nite:child href="Bed014.A.segs.xml#id(Bed014.segment.250)"/>
      <nite:child href="Bed014.B.segs.xml#id(Bed014.segment.252)..id(Bed014.segment.253)"/>
      <nite:child href="Bed014.A.segs.xml#id(Bed014.segment.254)"/>
      <nite:child href="Bed014.E.segs.xml#id(Bed014.segment.256)"/>
      <nite:child href="Bed014.B.segs.xml#id(Bed014.segment.257)"/>
      <nite:child href="Bed014.E.segs.xml#id(Bed014.segment.258)"/>
      <nite:child href="Bed014.B.segs.xml#id(Bed014.segment.259)"/>
      <nite:child href="Bed014.D.segs.xml#id(Bed014.segment.260)"/>
      <nite:child href="Bed014.B.segs.xml#id(Bed014.segment.261)"/>
      <nite:child href="Bed014.C.segs.xml#id(Bed014.segment.262)"/>
      <nite:child href="Bed014.D.segs.xml#id(Bed014.segment.263)"/>
      <nite:child href="Bed014.E.segs.xml#id(Bed014.segment.264)"/>
      <nite:child href="Bed014.C.segs.xml#id(Bed014.segment.265)"/>
      <nite:child href="Bed014.B.segs.xml#id(Bed014.segment.267)"/>
      <nite:child href="Bed014.E.segs.xml#id(Bed014.segment.266)"/>
      <nite:child href="Bed014.C.segs.xml#id(Bed014.segment.268)"/>
      <nite:child href="Bed014.D.segs.xml#id(Bed014.segment.269)"/>
      <nite:child href="Bed014.B.segs.xml#id(Bed014.segment.270)"/>
      <nite:child href="Bed014.D.segs.xml#id(Bed014.segment.271)"/>
      <nite:child href="Bed014.C.segs.xml#id(Bed014.segment.272)"/>
      <nite:child href="Bed014.B.segs.xml#id(Bed014.segment.273)"/>
      <nite:child href="Bed014.C.segs.xml#id(Bed014.segment.274)"/>
      <nite:child href="Bed014.D.segs.xml#id(Bed014.segment.275)"/>
      <nite:child href="Bed014.E.segs.xml#id(Bed014.segment.276)"/>
      <nite:child href="Bed014.C.segs.xml#id(Bed014.segment.277)..id(Bed014.segment.279)"/>
      <nite:child href="Bed014.B.segs.xml#id(Bed014.segment.280)"/>
   </topic>
   <topic nite:id="Bed014.topic.6" description="SmartKom system running on Linux">
      <nite:child href="Bed014.E.segs.xml#id(Bed014.segment.281)..id(Bed014.segment.283)"/>
      <nite:child href="Bed014.F.segs.xml#id(Bed014.segment.284)"/>
      <nite:child href="Bed014.E.segs.xml#id(Bed014.segment.285)"/>
      <nite:child href="Bed014.B.segs.xml#id(Bed014.segment.286)"/>
      <nite:child href="Bed014.D.segs.xml#id(Bed014.segment.287)"/>
      <nite:child href="Bed014.B.segs.xml#id(Bed014.segment.288)"/>
      <nite:child href="Bed014.E.segs.xml#id(Bed014.segment.289)"/>
      <nite:child href="Bed014.A.segs.xml#id(Bed014.segment.290)"/>
      <nite:child href="Bed014.B.segs.xml#id(Bed014.segment.291)"/>
      <nite:child href="Bed014.E.segs.xml#id(Bed014.segment.292)"/>
      <nite:child href="Bed014.B.segs.xml#id(Bed014.segment.293)"/>
      <nite:child href="Bed014.A.segs.xml#id(Bed014.segment.294)"/>
      <nite:child href="Bed014.D.segs.xml#id(Bed014.segment.295)"/>
      <nite:child href="Bed014.E.segs.xml#id(Bed014.segment.296)..id(Bed014.segment.297)"/>
      <nite:child href="Bed014.B.segs.xml#id(Bed014.segment.298)"/>
      <nite:child href="Bed014.E.segs.xml#id(Bed014.segment.299)"/>
      <nite:child href="Bed014.A.segs.xml#id(Bed014.segment.300)"/>
      <nite:child href="Bed014.E.segs.xml#id(Bed014.segment.301)"/>
      <nite:child href="Bed014.A.segs.xml#id(Bed014.segment.302)"/>
      <nite:child href="Bed014.B.segs.xml#id(Bed014.segment.303)"/>
      <nite:child href="Bed014.E.segs.xml#id(Bed014.segment.304)"/>
      <nite:child href="Bed014.A.segs.xml#id(Bed014.segment.305)"/>
      <nite:child href="Bed014.E.segs.xml#id(Bed014.segment.306)..id(Bed014.segment.307)"/>
      <nite:child href="Bed014.F.segs.xml#id(Bed014.segment.308)"/>
      <nite:child href="Bed014.D.segs.xml#id(Bed014.segment.309)"/>
      <nite:child href="Bed014.E.segs.xml#id(Bed014.segment.310)"/>
   </topic>
   <topic nite:id="Bed014.topic.7" description="'Where is X' construction">
      <nite:child href="Bed014.E.segs.xml#id(Bed014.segment.311)..id(Bed014.segment.313)"/>
      <nite:child href="Bed014.A.segs.xml#id(Bed014.segment.314)"/>
      <nite:child href="Bed014.B.segs.xml#id(Bed014.segment.315)"/>
      <nite:child href="Bed014.E.segs.xml#id(Bed014.segment.316)"/>
      <nite:child href="Bed014.A.segs.xml#id(Bed014.segment.317)..id(Bed014.segment.318)"/>
   </topic>
   <topic nite:id="Bed014.topic.8" description="conference paper">
      <nite:child href="Bed014.E.segs.xml#id(Bed014.segment.319)"/>
      <nite:child href="Bed014.C.segs.xml#id(Bed014.segment.320)"/>
      <nite:child href="Bed014.D.segs.xml#id(Bed014.segment.321)"/>
      <nite:child href="Bed014.C.segs.xml#id(Bed014.segment.322)"/>
      <nite:child href="Bed014.A.segs.xml#id(Bed014.segment.323)"/>
      <nite:child href="Bed014.D.segs.xml#id(Bed014.segment.324)"/>
      <nite:child href="Bed014.A.segs.xml#id(Bed014.segment.325)"/>
      <nite:child href="Bed014.E.segs.xml#id(Bed014.segment.326)"/>
      <nite:child href="Bed014.C.segs.xml#id(Bed014.segment.327)"/>
      <nite:child href="Bed014.A.segs.xml#id(Bed014.segment.328)"/>
      <nite:child href="Bed014.D.segs.xml#id(Bed014.segment.329)"/>
      <nite:child href="Bed014.F.segs.xml#id(Bed014.segment.330)"/>
      <nite:child href="Bed014.C.segs.xml#id(Bed014.segment.331)"/>
      <nite:child href="Bed014.D.segs.xml#id(Bed014.segment.332)"/>
      <nite:child href="Bed014.E.segs.xml#id(Bed014.segment.333)"/>
      <nite:child href="Bed014.C.segs.xml#id(Bed014.segment.334)..id(Bed014.segment.335)"/>
      <nite:child href="Bed014.D.segs.xml#id(Bed014.segment.336)"/>
      <nite:child href="Bed014.A.segs.xml#id(Bed014.segment.337)"/>
      <nite:child href="Bed014.E.segs.xml#id(Bed014.segment.338)"/>
      <nite:child href="Bed014.C.segs.xml#id(Bed014.segment.339)..id(Bed014.segment.341)"/>
      <nite:child href="Bed014.E.segs.xml#id(Bed014.segment.342)"/>
      <nite:child href="Bed014.C.segs.xml#id(Bed014.segment.343)"/>
      <nite:child href="Bed014.B.segs.xml#id(Bed014.segment.344)..id(Bed014.segment.345)"/>
      <nite:child href="Bed014.C.segs.xml#id(Bed014.segment.346)"/>
      <nite:child href="Bed014.B.segs.xml#id(Bed014.segment.347)"/>
      <nite:child href="Bed014.C.segs.xml#id(Bed014.segment.348)..id(Bed014.segment.349)"/>
      <nite:child href="Bed014.B.segs.xml#id(Bed014.segment.350)"/>
      <nite:child href="Bed014.C.segs.xml#id(Bed014.segment.351)..id(Bed014.segment.352)"/>
      <nite:child href="Bed014.A.segs.xml#id(Bed014.segment.353)"/>
      <nite:child href="Bed014.C.segs.xml#id(Bed014.segment.354)..id(Bed014.segment.355)"/>
   </topic>
   <topic nite:id="Bed014.topic.9" description="structured belief nets">
      <nite:child href="Bed014.C.segs.xml#id(Bed014.segment.356)"/>
      <nite:child href="Bed014.B.segs.xml#id(Bed014.segment.357)..id(Bed014.segment.358)"/>
      <nite:child href="Bed014.C.segs.xml#id(Bed014.segment.359)..id(Bed014.segment.362)"/>
   </topic>
   <topic nite:id="Bed014.topic.10" description="mental spaces -&gt; probabilistic relational models">
      <nite:child href="Bed014.C.segs.xml#id(Bed014.segment.363)..id(Bed014.segment.366)"/>
      <nite:child href="Bed014.B.segs.xml#id(Bed014.segment.367)"/>
      <nite:child href="Bed014.C.segs.xml#id(Bed014.segment.368)"/>
      <nite:child href="Bed014.A.segs.xml#id(Bed014.segment.369)"/>
      <nite:child href="Bed014.C.segs.xml#id(Bed014.segment.370)"/>
      <nite:child href="Bed014.B.segs.xml#id(Bed014.segment.371)"/>
      <nite:child href="Bed014.D.segs.xml#id(Bed014.segment.372)"/>
      <nite:child href="Bed014.E.segs.xml#id(Bed014.segment.373)"/>
      <nite:child href="Bed014.F.segs.xml#id(Bed014.segment.374)"/>
      <nite:child href="Bed014.C.segs.xml#id(Bed014.segment.375)..id(Bed014.segment.376)"/>
      <nite:child href="Bed014.A.segs.xml#id(Bed014.segment.377)"/>
      <nite:child href="Bed014.C.segs.xml#id(Bed014.segment.378)"/>
      <nite:child href="Bed014.B.segs.xml#id(Bed014.segment.379)"/>
      <nite:child href="Bed014.C.segs.xml#id(Bed014.segment.380)"/>
      <nite:child href="Bed014.E.segs.xml#id(Bed014.segment.381)"/>
      <nite:child href="Bed014.B.segs.xml#id(Bed014.segment.382)"/>
      <nite:child href="Bed014.C.segs.xml#id(Bed014.segment.383)"/>
      <nite:child href="Bed014.A.segs.xml#id(Bed014.segment.384)"/>
      <nite:child href="Bed014.F.segs.xml#id(Bed014.segment.385)"/>
      <nite:child href="Bed014.C.segs.xml#id(Bed014.segment.386)..id(Bed014.segment.390)"/>
      <nite:child href="Bed014.B.segs.xml#id(Bed014.segment.391)..id(Bed014.segment.393)"/>
      <nite:child href="Bed014.C.segs.xml#id(Bed014.segment.394)..id(Bed014.segment.400)"/>
      <nite:child href="Bed014.B.segs.xml#id(Bed014.segment.401)"/>
      <nite:child href="Bed014.C.segs.xml#id(Bed014.segment.402)..id(Bed014.segment.407)"/>
      <nite:child href="Bed014.B.segs.xml#id(Bed014.segment.408)"/>
      <nite:child href="Bed014.C.segs.xml#id(Bed014.segment.409)..id(Bed014.segment.413)"/>
      <nite:child href="Bed014.B.segs.xml#id(Bed014.segment.414)"/>
      <nite:child href="Bed014.C.segs.xml#id(Bed014.segment.415)..id(Bed014.segment.417)"/>
      <nite:child href="Bed014.B.segs.xml#id(Bed014.segment.418)"/>
      <nite:child href="Bed014.C.segs.xml#id(Bed014.segment.419)"/>
      <nite:child href="Bed014.B.segs.xml#id(Bed014.segment.421)"/>
      <nite:child href="Bed014.C.segs.xml#id(Bed014.segment.420)..id(Bed014.segment.422)"/>
      <nite:child href="Bed014.A.segs.xml#id(Bed014.segment.423)"/>
      <nite:child href="Bed014.B.segs.xml#id(Bed014.segment.424)"/>
      <nite:child href="Bed014.E.segs.xml#id(Bed014.segment.425)"/>
      <nite:child href="Bed014.C.segs.xml#id(Bed014.segment.426)..id(Bed014.segment.427)"/>
   </topic>
   <topic nite:id="Bed014.topic.11" description="constructions">
      <nite:child href="Bed014.A.segs.xml#id(Bed014.segment.428)..id(Bed014.segment.429)"/>
      <nite:child href="Bed014.C.segs.xml#id(Bed014.segment.430)"/>
      <nite:child href="Bed014.A.segs.xml#id(Bed014.segment.431)..id(Bed014.segment.432)"/>
      <nite:child href="Bed014.B.segs.xml#id(Bed014.segment.433)"/>
      <nite:child href="Bed014.C.segs.xml#id(Bed014.segment.434)"/>
      <nite:child href="Bed014.A.segs.xml#id(Bed014.segment.435)"/>
      <nite:child href="Bed014.C.segs.xml#id(Bed014.segment.436)"/>
      <nite:child href="Bed014.B.segs.xml#id(Bed014.segment.437)"/>
      <nite:child href="Bed014.C.segs.xml#id(Bed014.segment.438)..id(Bed014.segment.440)"/>
      <nite:child href="Bed014.D.segs.xml#id(Bed014.segment.441)"/>
      <nite:child href="Bed014.C.segs.xml#id(Bed014.segment.442)"/>
      <nite:child href="Bed014.A.segs.xml#id(Bed014.segment.443)"/>
      <nite:child href="Bed014.C.segs.xml#id(Bed014.segment.444)..id(Bed014.segment.446)"/>
      <nite:child href="Bed014.A.segs.xml#id(Bed014.segment.447)"/>
      <nite:child href="Bed014.C.segs.xml#id(Bed014.segment.448)"/>
      <nite:child href="Bed014.A.segs.xml#id(Bed014.segment.449)"/>
   </topic>
   <topic nite:id="Bed014.topic.12" description="revised formalism for next week">
      <nite:child href="Bed014.C.segs.xml#id(Bed014.segment.450)..id(Bed014.segment.452)"/>
      <nite:child href="Bed014.A.segs.xml#id(Bed014.segment.453)"/>
      <nite:child href="Bed014.C.segs.xml#id(Bed014.segment.454)"/>
      <nite:child href="Bed014.B.segs.xml#id(Bed014.segment.455)"/>
      <nite:child href="Bed014.A.segs.xml#id(Bed014.segment.456)"/>
      <nite:child href="Bed014.C.segs.xml#id(Bed014.segment.457)"/>
      <nite:child href="Bed014.F.segs.xml#id(Bed014.segment.458)"/>
      <nite:child href="Bed014.C.segs.xml#id(Bed014.segment.459)"/>
      <nite:child href="Bed014.B.segs.xml#id(Bed014.segment.460)"/>
      <nite:child href="Bed014.A.segs.xml#id(Bed014.segment.461)..id(Bed014.segment.462)"/>
      <nite:child href="Bed014.C.segs.xml#id(Bed014.segment.463)"/>
      <nite:child href="Bed014.E.segs.xml#id(Bed014.segment.464)"/>
      <nite:child href="Bed014.B.segs.xml#id(Bed014.segment.465)"/>
      <nite:child href="Bed014.E.segs.xml#id(Bed014.segment.466)"/>
      <nite:child href="Bed014.C.segs.xml#id(Bed014.segment.467)..id(Bed014.segment.469)"/>
      <nite:child href="Bed014.D.segs.xml#id(Bed014.segment.471)"/>
      <nite:child href="Bed014.A.segs.xml#id(Bed014.segment.470)"/>
      <nite:child href="Bed014.B.segs.xml#id(Bed014.segment.472)"/>
      <nite:child href="Bed014.A.segs.xml#id(Bed014.segment.473)"/>
      <nite:child href="Bed014.C.segs.xml#id(Bed014.segment.474)..id(Bed014.segment.477)"/>
      <nite:child href="Bed014.A.segs.xml#id(Bed014.segment.476)..id(Bed014.segment.479)"/>
      <nite:child href="Bed014.B.segs.xml#id(Bed014.segment.480)"/>
      <nite:child href="Bed014.A.segs.xml#id(Bed014.segment.481)"/>
      <nite:child href="Bed014.C.segs.xml#id(Bed014.segment.482)"/>
      <nite:child href="Bed014.A.segs.xml#id(Bed014.segment.483)"/>
      <nite:child href="Bed014.C.segs.xml#id(Bed014.segment.484)"/>
      <nite:child href="Bed014.A.segs.xml#id(Bed014.segment.485)..id(Bed014.segment.486)"/>
      <nite:child href="Bed014.B.segs.xml#id(Bed014.segment.487)"/>
      <nite:child href="Bed014.C.segs.xml#id(Bed014.segment.488)..id(Bed014.segment.489)"/>
      <nite:child href="Bed014.A.segs.xml#id(Bed014.segment.490)"/>
      <nite:child href="Bed014.B.segs.xml#id(Bed014.segment.491)"/>
      <nite:child href="Bed014.C.segs.xml#id(Bed014.segment.492)"/>
      <nite:child href="Bed014.B.segs.xml#id(Bed014.segment.493)..id(Bed014.segment.494)"/>
      <nite:child href="Bed014.C.segs.xml#id(Bed014.segment.495)"/>
      <nite:child href="Bed014.A.segs.xml#id(Bed014.segment.496)"/>
      <nite:child href="Bed014.B.segs.xml#id(Bed014.segment.497)..id(Bed014.segment.498)"/>
      <nite:child href="Bed014.C.segs.xml#id(Bed014.segment.499)..id(Bed014.segment.500)"/>
      <nite:child href="Bed014.A.segs.xml#id(Bed014.segment.501)"/>
      <nite:child href="Bed014.C.segs.xml#id(Bed014.segment.502)"/>
      <nite:child href="Bed014.A.segs.xml#id(Bed014.segment.503)"/>
      <nite:child href="Bed014.C.segs.xml#id(Bed014.segment.504)"/>
      <nite:child href="Bed014.B.segs.xml#id(Bed014.segment.505)"/>
      <nite:child href="Bed014.A.segs.xml#id(Bed014.segment.506)..id(Bed014.segment.507)"/>
      <nite:child href="Bed014.B.segs.xml#id(Bed014.segment.508)"/>
      <nite:child href="Bed014.A.segs.xml#id(Bed014.segment.509)..id(Bed014.segment.510)"/>
      <nite:child href="Bed014.C.segs.xml#id(Bed014.segment.511)"/>
      <nite:child href="Bed014.A.segs.xml#id(Bed014.segment.512)"/>
      <nite:child href="Bed014.C.segs.xml#id(Bed014.segment.513)..id(Bed014.segment.514)"/>
      <nite:child href="Bed014.A.segs.xml#id(Bed014.segment.515)"/>
      <nite:child href="Bed014.C.segs.xml#id(Bed014.segment.516)"/>
      <nite:child href="Bed014.A.segs.xml#id(Bed014.segment.517)"/>
      <nite:child href="Bed014.C.segs.xml#id(Bed014.segment.518)..id(Bed014.segment.519)"/>
      <nite:child href="Bed014.A.segs.xml#id(Bed014.segment.520)"/>
      <nite:child href="Bed014.B.segs.xml#id(Bed014.segment.521)"/>
      <nite:child href="Bed014.A.segs.xml#id(Bed014.segment.522)"/>
      <nite:child href="Bed014.B.segs.xml#id(Bed014.segment.523)"/>
      <nite:child href="Bed014.C.segs.xml#id(Bed014.segment.524)"/>
      <nite:child href="Bed014.A.segs.xml#id(Bed014.segment.525)"/>
      <nite:child href="Bed014.C.segs.xml#id(Bed014.segment.526)"/>
      <nite:child href="Bed014.A.segs.xml#id(Bed014.segment.527)"/>
      <nite:child href="Bed014.C.segs.xml#id(Bed014.segment.528)"/>
      <nite:child href="Bed014.E.segs.xml#id(Bed014.segment.529)"/>
   </topic>
   <topic nite:id="Bed014.topic.13" description="'Where is X' ambiguity">
      <nite:child href="Bed014.E.segs.xml#id(Bed014.segment.530)..id(Bed014.segment.531)"/>
      <nite:child href="Bed014.C.segs.xml#id(Bed014.segment.532)..id(Bed014.segment.533)"/>
      <nite:child href="Bed014.B.segs.xml#id(Bed014.segment.534)"/>
      <nite:child href="Bed014.A.segs.xml#id(Bed014.segment.535)..id(Bed014.segment.536)"/>
      <nite:child href="Bed014.E.segs.xml#id(Bed014.segment.537)"/>
      <nite:child href="Bed014.A.segs.xml#id(Bed014.segment.538)"/>
      <nite:child href="Bed014.E.segs.xml#id(Bed014.segment.539)..id(Bed014.segment.542)"/>
      <nite:child href="Bed014.A.segs.xml#id(Bed014.segment.543)"/>
      <nite:child href="Bed014.F.segs.xml#id(Bed014.segment.544)"/>
      <nite:child href="Bed014.B.segs.xml#id(Bed014.segment.545)"/>
      <nite:child href="Bed014.E.segs.xml#id(Bed014.segment.546)"/>
      <nite:child href="Bed014.A.segs.xml#id(Bed014.segment.547)"/>
      <nite:child href="Bed014.B.segs.xml#id(Bed014.segment.548)..id(Bed014.segment.549)"/>
      <nite:child href="Bed014.E.segs.xml#id(Bed014.segment.550)"/>
      <nite:child href="Bed014.B.segs.xml#id(Bed014.segment.551)"/>
      <nite:child href="Bed014.E.segs.xml#id(Bed014.segment.552)"/>
      <nite:child href="Bed014.A.segs.xml#id(Bed014.segment.553)"/>
      <nite:child href="Bed014.E.segs.xml#id(Bed014.segment.554)"/>
      <nite:child href="Bed014.A.segs.xml#id(Bed014.segment.555)"/>
      <nite:child href="Bed014.B.segs.xml#id(Bed014.segment.556)"/>
      <nite:child href="Bed014.C.segs.xml#id(Bed014.segment.557)"/>
      <nite:child href="Bed014.E.segs.xml#id(Bed014.segment.559)"/>
      <nite:child href="Bed014.A.segs.xml#id(Bed014.segment.558)"/>
      <nite:child href="Bed014.B.segs.xml#id(Bed014.segment.560)..id(Bed014.segment.561)"/>
      <nite:child href="Bed014.E.segs.xml#id(Bed014.segment.562)"/>
      <nite:child href="Bed014.A.segs.xml#id(Bed014.segment.563)"/>
      <nite:child href="Bed014.B.segs.xml#id(Bed014.segment.564)"/>
      <nite:child href="Bed014.C.segs.xml#id(Bed014.segment.565)"/>
      <nite:child href="Bed014.E.segs.xml#id(Bed014.segment.566)"/>
      <nite:child href="Bed014.C.segs.xml#id(Bed014.segment.567)"/>
      <nite:child href="Bed014.B.segs.xml#id(Bed014.segment.568)"/>
      <nite:child href="Bed014.C.segs.xml#id(Bed014.segment.569)"/>
      <nite:child href="Bed014.E.segs.xml#id(Bed014.segment.570)"/>
      <nite:child href="Bed014.B.segs.xml#id(Bed014.segment.571)"/>
      <nite:child href="Bed014.E.segs.xml#id(Bed014.segment.572)..id(Bed014.segment.573)"/>
      <nite:child href="Bed014.B.segs.xml#id(Bed014.segment.574)"/>
      <nite:child href="Bed014.E.segs.xml#id(Bed014.segment.575)"/>
      <nite:child href="Bed014.C.segs.xml#id(Bed014.segment.576)"/>
      <nite:child href="Bed014.B.segs.xml#id(Bed014.segment.577)"/>
      <nite:child href="Bed014.A.segs.xml#id(Bed014.segment.578)"/>
      <nite:child href="Bed014.B.segs.xml#id(Bed014.segment.579)..id(Bed014.segment.580)"/>
      <nite:child href="Bed014.C.segs.xml#id(Bed014.segment.581)..id(Bed014.segment.582)"/>
      <nite:child href="Bed014.A.segs.xml#id(Bed014.segment.583)"/>
      <nite:child href="Bed014.B.segs.xml#id(Bed014.segment.584)..id(Bed014.segment.585)"/>
      <nite:child href="Bed014.A.segs.xml#id(Bed014.segment.586)"/>
      <nite:child href="Bed014.B.segs.xml#id(Bed014.segment.587)"/>
      <nite:child href="Bed014.C.segs.xml#id(Bed014.segment.588)"/>
      <nite:child href="Bed014.B.segs.xml#id(Bed014.segment.589)"/>
      <nite:child href="Bed014.C.segs.xml#id(Bed014.segment.590)"/>
      <nite:child href="Bed014.B.segs.xml#id(Bed014.segment.592)"/>
      <nite:child href="Bed014.C.segs.xml#id(Bed014.segment.591)"/>
      <nite:child href="Bed014.B.segs.xml#id(Bed014.segment.593)"/>
      <nite:child href="Bed014.A.segs.xml#id(Bed014.segment.594)"/>
      <nite:child href="Bed014.C.segs.xml#id(Bed014.segment.595)"/>
      <nite:child href="Bed014.B.segs.xml#id(Bed014.segment.596)"/>
      <nite:child href="Bed014.A.segs.xml#id(Bed014.segment.597)"/>
      <nite:child href="Bed014.B.segs.xml#id(Bed014.segment.598)"/>
      <nite:child href="Bed014.A.segs.xml#id(Bed014.segment.599)"/>
      <nite:child href="Bed014.C.segs.xml#id(Bed014.segment.600)"/>
      <nite:child href="Bed014.B.segs.xml#id(Bed014.segment.601)"/>
      <nite:child href="Bed014.C.segs.xml#id(Bed014.segment.602)"/>
      <nite:child href="Bed014.E.segs.xml#id(Bed014.segment.603)"/>
      <nite:child href="Bed014.A.segs.xml#id(Bed014.segment.604)"/>
      <nite:child href="Bed014.E.segs.xml#id(Bed014.segment.605)"/>
      <nite:child href="Bed014.C.segs.xml#id(Bed014.segment.606)"/>
      <nite:child href="Bed014.A.segs.xml#id(Bed014.segment.607)"/>
      <nite:child href="Bed014.E.segs.xml#id(Bed014.segment.608)"/>
      <nite:child href="Bed014.A.segs.xml#id(Bed014.segment.609)"/>
      <nite:child href="Bed014.C.segs.xml#id(Bed014.segment.610)"/>
      <nite:child href="Bed014.B.segs.xml#id(Bed014.segment.611)..id(Bed014.segment.612)"/>
      <nite:child href="Bed014.C.segs.xml#id(Bed014.segment.613)..id(Bed014.segment.616)"/>
      <nite:child href="Bed014.B.segs.xml#id(Bed014.segment.617)"/>
      <nite:child href="Bed014.A.segs.xml#id(Bed014.segment.618)"/>
      <nite:child href="Bed014.B.segs.xml#id(Bed014.segment.619)..id(Bed014.segment.620)"/>
      <nite:child href="Bed014.A.segs.xml#id(Bed014.segment.621)"/>
      <nite:child href="Bed014.E.segs.xml#id(Bed014.segment.622)"/>
      <nite:child href="Bed014.C.segs.xml#id(Bed014.segment.623)"/>
      <nite:child href="Bed014.B.segs.xml#id(Bed014.segment.624)"/>
      <nite:child href="Bed014.C.segs.xml#id(Bed014.segment.625)"/>
      <nite:child href="Bed014.A.segs.xml#id(Bed014.segment.626)"/>
      <nite:child href="Bed014.C.segs.xml#id(Bed014.segment.627)..id(Bed014.segment.629)"/>
      <nite:child href="Bed014.A.segs.xml#id(Bed014.segment.630)"/>
   </topic>
   <topic nite:id="Bed014.topic.14" description="apply ontology to discourse history">
      <nite:child href="Bed014.E.segs.xml#id(Bed014.segment.631)..id(Bed014.segment.632)"/>
      <nite:child href="Bed014.B.segs.xml#id(Bed014.segment.633)"/>
      <nite:child href="Bed014.E.segs.xml#id(Bed014.segment.634)"/>
      <nite:child href="Bed014.B.segs.xml#id(Bed014.segment.635)"/>
      <nite:child href="Bed014.E.segs.xml#id(Bed014.segment.636)..id(Bed014.segment.638)"/>
      <nite:child href="Bed014.C.segs.xml#id(Bed014.segment.639)"/>
      <nite:child href="Bed014.E.segs.xml#id(Bed014.segment.640)..id(Bed014.segment.650)"/>
      <nite:child href="Bed014.B.segs.xml#id(Bed014.segment.651)..id(Bed014.segment.654)"/>
      <nite:child href="Bed014.E.segs.xml#id(Bed014.segment.655)..id(Bed014.segment.656)"/>
      <nite:child href="Bed014.B.segs.xml#id(Bed014.segment.657)"/>
      <nite:child href="Bed014.E.segs.xml#id(Bed014.segment.658)"/>
      <nite:child href="Bed014.B.segs.xml#id(Bed014.segment.659)..id(Bed014.segment.660)"/>
      <nite:child href="Bed014.E.segs.xml#id(Bed014.segment.661)..id(Bed014.segment.664)"/>
      <topic nite:id="Bed014.topic.15" description="discourse activates schema">
         <nite:child href="Bed014.E.segs.xml#id(Bed014.segment.665)"/>
         <nite:child href="Bed014.A.segs.xml#id(Bed014.segment.666)"/>
         <nite:child href="Bed014.B.segs.xml#id(Bed014.segment.667)"/>
         <nite:child href="Bed014.C.segs.xml#id(Bed014.segment.668)"/>
         <nite:child href="Bed014.B.segs.xml#id(Bed014.segment.669)"/>
         <nite:child href="Bed014.C.segs.xml#id(Bed014.segment.670)"/>
         <nite:child href="Bed014.B.segs.xml#id(Bed014.segment.671)"/>
         <nite:child href="Bed014.C.segs.xml#id(Bed014.segment.672)..id(Bed014.segment.673)"/>
         <nite:child href="Bed014.A.segs.xml#id(Bed014.segment.674)..id(Bed014.segment.675)"/>
         <nite:child href="Bed014.C.segs.xml#id(Bed014.segment.676)"/>
         <nite:child href="Bed014.D.segs.xml#id(Bed014.segment.677)..id(Bed014.segment.679)"/>
         <nite:child href="Bed014.C.segs.xml#id(Bed014.segment.680)..id(Bed014.segment.684)"/>
         <nite:child href="Bed014.B.segs.xml#id(Bed014.segment.685)"/>
         <nite:child href="Bed014.D.segs.xml#id(Bed014.segment.686)..id(Bed014.segment.687)"/>
         <nite:child href="Bed014.C.segs.xml#id(Bed014.segment.688)..id(Bed014.segment.690)"/>
         <nite:child href="Bed014.B.segs.xml#id(Bed014.segment.691)"/>
         <nite:child href="Bed014.C.segs.xml#id(Bed014.segment.692)..id(Bed014.segment.694)"/>
         <nite:child href="Bed014.A.segs.xml#id(Bed014.segment.695)"/>
         <nite:child href="Bed014.C.segs.xml#id(Bed014.segment.696)"/>
         <nite:child href="Bed014.A.segs.xml#id(Bed014.segment.697)"/>
         <nite:child href="Bed014.D.segs.xml#id(Bed014.segment.698)"/>
         <nite:child href="Bed014.C.segs.xml#id(Bed014.segment.699)"/>
         <nite:child href="Bed014.A.segs.xml#id(Bed014.segment.700)"/>
         <nite:child href="Bed014.C.segs.xml#id(Bed014.segment.701)"/>
      </topic>
      <topic nite:id="Bed014.topic.16" description="intervening objects">
         <nite:child href="Bed014.C.segs.xml#id(Bed014.segment.702)..id(Bed014.segment.703)"/>
         <nite:child href="Bed014.B.segs.xml#id(Bed014.segment.704)"/>
         <nite:child href="Bed014.C.segs.xml#id(Bed014.segment.706)"/>
         <nite:child href="Bed014.A.segs.xml#id(Bed014.segment.705)..id(Bed014.segment.707)"/>
         <nite:child href="Bed014.C.segs.xml#id(Bed014.segment.708)"/>
         <nite:child href="Bed014.B.segs.xml#id(Bed014.segment.709)"/>
         <nite:child href="Bed014.A.segs.xml#id(Bed014.segment.710)..id(Bed014.segment.711)"/>
         <nite:child href="Bed014.C.segs.xml#id(Bed014.segment.712)..id(Bed014.segment.714)"/>
         <nite:child href="Bed014.B.segs.xml#id(Bed014.segment.715)"/>
         <nite:child href="Bed014.C.segs.xml#id(Bed014.segment.716)..id(Bed014.segment.720)"/>
         <nite:child href="Bed014.B.segs.xml#id(Bed014.segment.721)"/>
         <nite:child href="Bed014.C.segs.xml#id(Bed014.segment.722)"/>
         <nite:child href="Bed014.D.segs.xml#id(Bed014.segment.723)"/>
         <nite:child href="Bed014.A.segs.xml#id(Bed014.segment.724)"/>
         <nite:child href="Bed014.B.segs.xml#id(Bed014.segment.725)..id(Bed014.segment.726)"/>
         <nite:child href="Bed014.C.segs.xml#id(Bed014.segment.727)..id(Bed014.segment.728)"/>
         <nite:child href="Bed014.B.segs.xml#id(Bed014.segment.729)"/>
         <nite:child href="Bed014.C.segs.xml#id(Bed014.segment.730)"/>
         <nite:child href="Bed014.B.segs.xml#id(Bed014.segment.731)"/>
         <nite:child href="Bed014.C.segs.xml#id(Bed014.segment.732)"/>
         <nite:child href="Bed014.A.segs.xml#id(Bed014.segment.733)..id(Bed014.segment.734)"/>
         <nite:child href="Bed014.C.segs.xml#id(Bed014.segment.735)"/>
         <nite:child href="Bed014.A.segs.xml#id(Bed014.segment.736)"/>
         <nite:child href="Bed014.C.segs.xml#id(Bed014.segment.737)..id(Bed014.segment.738)"/>
         <nite:child href="Bed014.A.segs.xml#id(Bed014.segment.739)..id(Bed014.segment.740)"/>
         <nite:child href="Bed014.C.segs.xml#id(Bed014.segment.741)..id(Bed014.segment.742)"/>
         <nite:child href="Bed014.B.segs.xml#id(Bed014.segment.743)"/>
         <nite:child href="Bed014.E.segs.xml#id(Bed014.segment.744)..id(Bed014.segment.746)"/>
         <nite:child href="Bed014.C.segs.xml#id(Bed014.segment.747)"/>
         <nite:child href="Bed014.E.segs.xml#id(Bed014.segment.748)"/>
         <nite:child href="Bed014.C.segs.xml#id(Bed014.segment.749)"/>
         <nite:child href="Bed014.B.segs.xml#id(Bed014.segment.750)"/>
         <nite:child href="Bed014.C.segs.xml#id(Bed014.segment.751)"/>
         <nite:child href="Bed014.A.segs.xml#id(Bed014.segment.752)"/>
         <nite:child href="Bed014.E.segs.xml#id(Bed014.segment.753)"/>
         <nite:child href="Bed014.B.segs.xml#id(Bed014.segment.754)"/>
         <nite:child href="Bed014.C.segs.xml#id(Bed014.segment.755)"/>
         <nite:child href="Bed014.E.segs.xml#id(Bed014.segment.757)"/>
         <nite:child href="Bed014.C.segs.xml#id(Bed014.segment.756)"/>
         <nite:child href="Bed014.B.segs.xml#id(Bed014.segment.758)"/>
         <nite:child href="Bed014.C.segs.xml#id(Bed014.segment.759)"/>
         <nite:child href="Bed014.A.segs.xml#id(Bed014.segment.760)"/>
         <nite:child href="Bed014.B.segs.xml#id(Bed014.segment.761)"/>
      </topic>
      <nite:child href="Bed014.E.segs.xml#id(Bed014.segment.762)..id(Bed014.segment.765)"/>
      <nite:child href="Bed014.C.segs.xml#id(Bed014.segment.766)"/>
      <nite:child href="Bed014.E.segs.xml#id(Bed014.segment.768)"/>
      <nite:child href="Bed014.C.segs.xml#id(Bed014.segment.767)..id(Bed014.segment.769)"/>
      <nite:child href="Bed014.B.segs.xml#id(Bed014.segment.771)"/>
      <nite:child href="Bed014.C.segs.xml#id(Bed014.segment.770)"/>
      <nite:child href="Bed014.B.segs.xml#id(Bed014.segment.772)"/>
      <nite:child href="Bed014.C.segs.xml#id(Bed014.segment.773)..id(Bed014.segment.774)"/>
      <nite:child href="Bed014.B.segs.xml#id(Bed014.segment.775)"/>
      <nite:child href="Bed014.C.segs.xml#id(Bed014.segment.776)"/>
      <nite:child href="Bed014.B.segs.xml#id(Bed014.segment.777)"/>
      <nite:child href="Bed014.D.segs.xml#id(Bed014.segment.778)..id(Bed014.segment.779)"/>
      <nite:child href="Bed014.C.segs.xml#id(Bed014.segment.780)..id(Bed014.segment.781)"/>
      <nite:child href="Bed014.D.segs.xml#id(Bed014.segment.782)"/>
      <topic nite:id="Bed014.topic.17" description="synonyms in constructions?">
         <nite:child href="Bed014.C.segs.xml#id(Bed014.segment.783)..id(Bed014.segment.784)"/>
         <nite:child href="Bed014.B.segs.xml#id(Bed014.segment.785)"/>
         <nite:child href="Bed014.C.segs.xml#id(Bed014.segment.786)"/>
         <nite:child href="Bed014.B.segs.xml#id(Bed014.segment.787)..id(Bed014.segment.788)"/>
         <nite:child href="Bed014.A.segs.xml#id(Bed014.segment.789)"/>
         <nite:child href="Bed014.C.segs.xml#id(Bed014.segment.790)..id(Bed014.segment.792)"/>
         <nite:child href="Bed014.B.segs.xml#id(Bed014.segment.793)"/>
         <nite:child href="Bed014.C.segs.xml#id(Bed014.segment.794)..id(Bed014.segment.795)"/>
         <nite:child href="Bed014.B.segs.xml#id(Bed014.segment.796)"/>
         <nite:child href="Bed014.C.segs.xml#id(Bed014.segment.797)"/>
         <nite:child href="Bed014.B.segs.xml#id(Bed014.segment.798)"/>
         <nite:child href="Bed014.C.segs.xml#id(Bed014.segment.799)..id(Bed014.segment.803)"/>
         <nite:child href="Bed014.B.segs.xml#id(Bed014.segment.804)"/>
         <nite:child href="Bed014.C.segs.xml#id(Bed014.segment.805)..id(Bed014.segment.806)"/>
         <nite:child href="Bed014.B.segs.xml#id(Bed014.segment.807)..id(Bed014.segment.808)"/>
         <nite:child href="Bed014.C.segs.xml#id(Bed014.segment.809)"/>
         <nite:child href="Bed014.B.segs.xml#id(Bed014.segment.811)"/>
         <nite:child href="Bed014.C.segs.xml#id(Bed014.segment.810)..id(Bed014.segment.813)"/>
         <nite:child href="Bed014.E.segs.xml#id(Bed014.segment.814)"/>
         <nite:child href="Bed014.C.segs.xml#id(Bed014.segment.815)"/>
         <nite:child href="Bed014.B.segs.xml#id(Bed014.segment.816)"/>
         <nite:child href="Bed014.E.segs.xml#id(Bed014.segment.817)..id(Bed014.segment.818)"/>
         <nite:child href="Bed014.B.segs.xml#id(Bed014.segment.819)..id(Bed014.segment.825)"/>
         <nite:child href="Bed014.D.segs.xml#id(Bed014.segment.826)"/>
         <nite:child href="Bed014.C.segs.xml#id(Bed014.segment.827)..id(Bed014.segment.831)"/>
         <nite:child href="Bed014.B.segs.xml#id(Bed014.segment.832)"/>
         <nite:child href="Bed014.C.segs.xml#id(Bed014.segment.833)..id(Bed014.segment.836)"/>
         <nite:child href="Bed014.D.segs.xml#id(Bed014.segment.837)..id(Bed014.segment.838)"/>
         <nite:child href="Bed014.C.segs.xml#id(Bed014.segment.839)..id(Bed014.segment.842)"/>
         <nite:child href="Bed014.E.segs.xml#id(Bed014.segment.843)..id(Bed014.segment.846)"/>
         <nite:child href="Bed014.B.segs.xml#id(Bed014.segment.847)"/>
         <nite:child href="Bed014.E.segs.xml#id(Bed014.segment.848)"/>
         <nite:child href="Bed014.B.segs.xml#id(Bed014.segment.849)"/>
         <nite:child href="Bed014.C.segs.xml#id(Bed014.segment.850)"/>
      </topic>
      <nite:child href="Bed014.E.segs.xml#id(Bed014.segment.851)..id(Bed014.segment.854)"/>
      <nite:child href="Bed014.B.segs.xml#id(Bed014.segment.855)"/>
      <nite:child href="Bed014.E.segs.xml#id(Bed014.segment.856)..id(Bed014.segment.857)"/>
      <nite:child href="Bed014.B.segs.xml#id(Bed014.segment.858)"/>
      <nite:child href="Bed014.E.segs.xml#id(Bed014.segment.859)..id(Bed014.segment.868)"/>
      <nite:child href="Bed014.C.segs.xml#id(Bed014.segment.869)..id(Bed014.segment.871)"/>
   </topic>
   <topic nite:id="Bed014.topic.18" description="me003's thesis">
      <nite:child href="Bed014.C.segs.xml#id(Bed014.segment.872)"/>
      <nite:child href="Bed014.E.segs.xml#id(Bed014.segment.873)"/>
      <nite:child href="Bed014.C.segs.xml#id(Bed014.segment.875)"/>
      <nite:child href="Bed014.E.segs.xml#id(Bed014.segment.874)..id(Bed014.segment.876)"/>
      <nite:child href="Bed014.C.segs.xml#id(Bed014.segment.877)..id(Bed014.segment.879)"/>
      <nite:child href="Bed014.B.segs.xml#id(Bed014.segment.880)"/>
      <nite:child href="Bed014.D.segs.xml#id(Bed014.segment.881)"/>
      <nite:child href="Bed014.E.segs.xml#id(Bed014.segment.882)"/>
      <nite:child href="Bed014.B.segs.xml#id(Bed014.segment.883)..id(Bed014.segment.884)"/>
      <nite:child href="Bed014.D.segs.xml#id(Bed014.segment.885)"/>
      <nite:child href="Bed014.B.segs.xml#id(Bed014.segment.886)"/>
      <nite:child href="Bed014.C.segs.xml#id(Bed014.segment.887)"/>
      <nite:child href="Bed014.B.segs.xml#id(Bed014.segment.888)"/>
      <nite:child href="Bed014.A.segs.xml#id(Bed014.segment.889)"/>
      <nite:child href="Bed014.C.segs.xml#id(Bed014.segment.890)"/>
      <nite:child href="Bed014.E.segs.xml#id(Bed014.segment.891)"/>
      <nite:child href="Bed014.B.segs.xml#id(Bed014.segment.892)..id(Bed014.segment.893)"/>
      <nite:child href="Bed014.E.segs.xml#id(Bed014.segment.894)"/>
      <nite:child href="Bed014.A.segs.xml#id(Bed014.segment.895)..id(Bed014.segment.896)"/>
      <nite:child href="Bed014.C.segs.xml#id(Bed014.segment.897)"/>
      <nite:child href="Bed014.B.segs.xml#id(Bed014.segment.898)"/>
      <nite:child href="Bed014.A.segs.xml#id(Bed014.segment.899)"/>
      <nite:child href="Bed014.C.segs.xml#id(Bed014.segment.900)"/>
      <nite:child href="Bed014.E.segs.xml#id(Bed014.segment.901)"/>
      <nite:child href="Bed014.C.segs.xml#id(Bed014.segment.902)"/>
      <nite:child href="Bed014.E.segs.xml#id(Bed014.segment.903)..id(Bed014.segment.904)"/>
      <nite:child href="Bed014.C.segs.xml#id(Bed014.segment.905)"/>
      <nite:child href="Bed014.B.segs.xml#id(Bed014.segment.906)"/>
      <nite:child href="Bed014.E.segs.xml#id(Bed014.segment.907)"/>
      <nite:child href="Bed014.B.segs.xml#id(Bed014.segment.908)"/>
      <nite:child href="Bed014.A.segs.xml#id(Bed014.segment.909)"/>
      <nite:child href="Bed014.E.segs.xml#id(Bed014.segment.910)..id(Bed014.segment.911)"/>
      <nite:child href="Bed014.C.segs.xml#id(Bed014.segment.912)"/>
      <topic nite:id="Bed014.topic.19" description="chitchat">
         <nite:child href="Bed014.A.segs.xml#id(Bed014.segment.918)"/>
         <nite:child href="Bed014.B.segs.xml#id(Bed014.segment.919)"/>
         <nite:child href="Bed014.C.segs.xml#id(Bed014.segment.917)"/>
         <nite:child href="Bed014.D.segs.xml#id(Bed014.segment.915)"/>
         <nite:child href="Bed014.E.segs.xml#id(Bed014.segment.916)"/>
         <nite:child href="Bed014.F.segs.xml#id(Bed014.segment.913)"/>
         <nite:child href="Bed014.C.segs.xml#id(Bed014.segment.920)..id(Bed014.segment.927)"/>
         <nite:child href="Bed014.B.segs.xml#id(Bed014.segment.928)..id(Bed014.segment.930)"/>
         <nite:child href="Bed014.C.segs.xml#id(Bed014.segment.931)..id(Bed014.segment.932)"/>
         <nite:child href="Bed014.A.segs.xml#id(Bed014.segment.933)"/>
         <nite:child href="Bed014.E.segs.xml#id(Bed014.segment.934)"/>
         <nite:child href="Bed014.B.segs.xml#id(Bed014.segment.935)..id(Bed014.segment.936)"/>
         <nite:child href="Bed014.A.segs.xml#id(Bed014.segment.937)..id(Bed014.segment.938)"/>
         <nite:child href="Bed014.C.segs.xml#id(Bed014.segment.939)"/>
         <nite:child href="Bed014.B.segs.xml#id(Bed014.segment.940)"/>
         <nite:child href="Bed014.A.segs.xml#id(Bed014.segment.941)"/>
         <nite:child href="Bed014.C.segs.xml#id(Bed014.segment.942)..id(Bed014.segment.943)"/>
         <nite:child href="Bed014.B.segs.xml#id(Bed014.segment.944)"/>
         <nite:child href="Bed014.C.segs.xml#id(Bed014.segment.945)"/>
         <nite:child href="Bed014.E.segs.xml#id(Bed014.segment.946)..id(Bed014.segment.948)"/>
         <nite:child href="Bed014.A.segs.xml#id(Bed014.segment.949)"/>
         <nite:child href="Bed014.B.segs.xml#id(Bed014.segment.950)"/>
         <nite:child href="Bed014.E.segs.xml#id(Bed014.segment.951)..id(Bed014.segment.953)"/>
         <nite:child href="Bed014.B.segs.xml#id(Bed014.segment.954)"/>
         <nite:child href="Bed014.C.segs.xml#id(Bed014.segment.955)"/>
         <nite:child href="Bed014.D.segs.xml#id(Bed014.segment.956)"/>
         <nite:child href="Bed014.A.segs.xml#id(Bed014.segment.957)"/>
         <nite:child href="Bed014.B.segs.xml#id(Bed014.segment.958)..id(Bed014.segment.959)"/>
         <nite:child href="Bed014.C.segs.xml#id(Bed014.segment.960)"/>
         <nite:child href="Bed014.A.segs.xml#id(Bed014.segment.961)"/>
         <nite:child href="Bed014.B.segs.xml#id(Bed014.segment.962)"/>
         <nite:child href="Bed014.A.segs.xml#id(Bed014.segment.963)"/>
         <nite:child href="Bed014.C.segs.xml#id(Bed014.segment.964)"/>
         <nite:child href="Bed014.A.segs.xml#id(Bed014.segment.965)"/>
         <nite:child href="Bed014.E.segs.xml#id(Bed014.segment.966)"/>
         <nite:child href="Bed014.B.segs.xml#id(Bed014.segment.967)"/>
         <nite:child href="Bed014.C.segs.xml#id(Bed014.segment.968)..id(Bed014.segment.970)"/>
         <nite:child href="Bed014.B.segs.xml#id(Bed014.segment.969)"/>
         <nite:child href="Bed014.D.segs.xml#id(Bed014.segment.971)"/>
         <nite:child href="Bed014.C.segs.xml#id(Bed014.segment.972)"/>
         <nite:child href="Bed014.A.segs.xml#id(Bed014.segment.973)"/>
         <nite:child href="Bed014.B.segs.xml#id(Bed014.segment.974)"/>
         <nite:child href="Bed014.F.segs.xml#id(Bed014.segment.975)"/>
         <nite:child href="Bed014.C.segs.xml#id(Bed014.segment.976)"/>
         <nite:child href="Bed014.D.segs.xml#id(Bed014.segment.977)"/>
         <nite:child href="Bed014.E.segs.xml#id(Bed014.segment.978)"/>
         <nite:child href="Bed014.A.segs.xml#id(Bed014.segment.979)"/>
         <nite:child href="Bed014.C.segs.xml#id(Bed014.segment.980)"/>
         <nite:child href="Bed014.B.segs.xml#id(Bed014.segment.981)"/>
         <nite:child href="Bed014.A.segs.xml#id(Bed014.segment.982)"/>
         <nite:child href="Bed014.C.segs.xml#id(Bed014.segment.983)"/>
         <nite:child href="Bed014.B.segs.xml#id(Bed014.segment.984)"/>
         <nite:child href="Bed014.E.segs.xml#id(Bed014.segment.985)"/>
         <nite:child href="Bed014.B.segs.xml#id(Bed014.segment.986)"/>
         <nite:child href="Bed014.C.segs.xml#id(Bed014.segment.987)"/>
         <nite:child href="Bed014.D.segs.xml#id(Bed014.segment.988)"/>
         <nite:child href="Bed014.C.segs.xml#id(Bed014.segment.989)"/>
         <nite:child href="Bed014.B.segs.xml#id(Bed014.segment.990)"/>
         <nite:child href="Bed014.C.segs.xml#id(Bed014.segment.992)"/>
      </topic>
      <nite:child href="Bed014.E.segs.xml#id(Bed014.segment.991)"/>
      <nite:child href="Bed014.D.segs.xml#id(Bed014.segment.993)"/>
      <nite:child href="Bed014.A.segs.xml#id(Bed014.segment.994)"/>
      <nite:child href="Bed014.C.segs.xml#id(Bed014.segment.995)"/>
      <nite:child href="Bed014.B.segs.xml#id(Bed014.segment.996)"/>
      <nite:child href="Bed014.E.segs.xml#id(Bed014.segment.997)"/>
      <nite:child href="Bed014.C.segs.xml#id(Bed014.segment.998)"/>
      <nite:child href="Bed014.E.segs.xml#id(Bed014.segment.999)"/>
      <nite:child href="Bed014.B.segs.xml#id(Bed014.segment.1,000)"/>
      <nite:child href="Bed014.A.segs.xml#id(Bed014.segment.1,001)"/>
      <nite:child href="Bed014.C.segs.xml#id(Bed014.segment.1,002)"/>
      <nite:child href="Bed014.E.segs.xml#id(Bed014.segment.1,003)"/>
      <nite:child href="Bed014.C.segs.xml#id(Bed014.segment.1,004)"/>
      <nite:child href="Bed014.B.segs.xml#id(Bed014.segment.1,005)"/>
      <nite:child href="Bed014.A.segs.xml#id(Bed014.segment.1,006)"/>
      <nite:child href="Bed014.C.segs.xml#id(Bed014.segment.1,007)"/>
      <nite:child href="Bed014.A.segs.xml#id(Bed014.segment.1,008)"/>
      <nite:child href="Bed014.E.segs.xml#id(Bed014.segment.1,009)"/>
      <nite:child href="Bed014.C.segs.xml#id(Bed014.segment.1,010)"/>
      <nite:child href="Bed014.B.segs.xml#id(Bed014.segment.1,011)"/>
      <nite:child href="Bed014.E.segs.xml#id(Bed014.segment.1,012)"/>
      <nite:child href="Bed014.A.segs.xml#id(Bed014.segment.1,014)"/>
      <nite:child href="Bed014.B.segs.xml#id(Bed014.segment.1,015)"/>
      <nite:child href="Bed014.C.segs.xml#id(Bed014.segment.1,013)"/>
      <nite:child href="Bed014.F.segs.xml#id(Bed014.segment.1,016)"/>
      <nite:child href="Bed014.C.segs.xml#id(Bed014.segment.1,017)"/>
      <nite:child href="Bed014.E.segs.xml#id(Bed014.segment.1,018)"/>
      <nite:child href="Bed014.A.segs.xml#id(Bed014.segment.1,019)"/>
      <nite:child href="Bed014.C.segs.xml#id(Bed014.segment.1,020)..id(Bed014.segment.1,021)"/>
      <nite:child href="Bed014.A.segs.xml#id(Bed014.segment.1,022)..id(Bed014.segment.1,023)"/>
      <nite:child href="Bed014.B.segs.xml#id(Bed014.segment.1,024)"/>
      <nite:child href="Bed014.C.segs.xml#id(Bed014.segment.1,025)"/>
      <nite:child href="Bed014.B.segs.xml#id(Bed014.segment.1,026)..id(Bed014.segment.1,027)"/>
      <nite:child href="Bed014.E.segs.xml#id(Bed014.segment.1,028)..id(Bed014.segment.1,029)"/>
      <nite:child href="Bed014.C.segs.xml#id(Bed014.segment.1,030)..id(Bed014.segment.1,032)"/>
      <nite:child href="Bed014.B.segs.xml#id(Bed014.segment.1,033)"/>
      <nite:child href="Bed014.A.segs.xml#id(Bed014.segment.1,034)"/>
      <nite:child href="Bed014.B.segs.xml#id(Bed014.segment.1,035)"/>
      <nite:child href="Bed014.E.segs.xml#id(Bed014.segment.1,036)..id(Bed014.segment.1,037)"/>
      <nite:child href="Bed014.C.segs.xml#id(Bed014.segment.1,038)"/>
      <nite:child href="Bed014.A.segs.xml#id(Bed014.segment.1,039)"/>
      <nite:child href="Bed014.B.segs.xml#id(Bed014.segment.1,040)"/>
      <nite:child href="Bed014.C.segs.xml#id(Bed014.segment.1,041)"/>
      <nite:child href="Bed014.B.segs.xml#id(Bed014.segment.1,042)"/>
      <nite:child href="Bed014.C.segs.xml#id(Bed014.segment.1,043)..id(Bed014.segment.1,044)"/>
      <nite:child href="Bed014.E.segs.xml#id(Bed014.segment.1,045)"/>
      <nite:child href="Bed014.A.segs.xml#id(Bed014.segment.1,046)"/>
      <nite:child href="Bed014.C.segs.xml#id(Bed014.segment.1,047)"/>
      <nite:child href="Bed014.B.segs.xml#id(Bed014.segment.1,048)..id(Bed014.segment.1,049)"/>
      <nite:child href="Bed014.E.segs.xml#id(Bed014.segment.1,050)"/>
      <nite:child href="Bed014.C.segs.xml#id(Bed014.segment.1,051)"/>
   </topic>
   <topic nite:id="Bed014.topic.20" description="planning">
      <nite:child href="Bed014.E.segs.xml#id(Bed014.segment.1,052)..id(Bed014.segment.1,053)"/>
      <nite:child href="Bed014.B.segs.xml#id(Bed014.segment.1,054)"/>
      <topic nite:id="Bed014.topic.21" description="meeting time">
         <nite:child href="Bed014.E.segs.xml#id(Bed014.segment.1,055)"/>
         <nite:child href="Bed014.B.segs.xml#id(Bed014.segment.1,056)"/>
         <nite:child href="Bed014.E.segs.xml#id(Bed014.segment.1,057)"/>
         <nite:child href="Bed014.B.segs.xml#id(Bed014.segment.1,058)..id(Bed014.segment.1,059)"/>
         <nite:child href="Bed014.E.segs.xml#id(Bed014.segment.1,060)"/>
         <nite:child href="Bed014.C.segs.xml#id(Bed014.segment.1,061)"/>
         <nite:child href="Bed014.B.segs.xml#id(Bed014.segment.1,062)"/>
         <nite:child href="Bed014.E.segs.xml#id(Bed014.segment.1,063)"/>
         <nite:child href="Bed014.C.segs.xml#id(Bed014.segment.1,064)"/>
         <nite:child href="Bed014.A.segs.xml#id(Bed014.segment.1,065)"/>
         <nite:child href="Bed014.C.segs.xml#id(Bed014.segment.1,066)"/>
         <nite:child href="Bed014.A.segs.xml#id(Bed014.segment.1,068)"/>
         <nite:child href="Bed014.B.segs.xml#id(Bed014.segment.1,067)"/>
         <nite:child href="Bed014.C.segs.xml#id(Bed014.segment.1,071)"/>
         <nite:child href="Bed014.B.segs.xml#id(Bed014.segment.1,069)"/>
         <nite:child href="Bed014.E.segs.xml#id(Bed014.segment.1,070)"/>
         <nite:child href="Bed014.C.segs.xml#id(Bed014.segment.1,072)"/>
         <nite:child href="Bed014.E.segs.xml#id(Bed014.segment.1,073)..id(Bed014.segment.1,074)"/>
         <nite:child href="Bed014.B.segs.xml#id(Bed014.segment.1,075)"/>
         <nite:child href="Bed014.C.segs.xml#id(Bed014.segment.1,076)"/>
         <nite:child href="Bed014.E.segs.xml#id(Bed014.segment.1,077)"/>
         <nite:child href="Bed014.B.segs.xml#id(Bed014.segment.1,078)"/>
         <nite:child href="Bed014.E.segs.xml#id(Bed014.segment.1,079)"/>
         <nite:child href="Bed014.C.segs.xml#id(Bed014.segment.1,080)"/>
         <nite:child href="Bed014.B.segs.xml#id(Bed014.segment.1,081)..id(Bed014.segment.1,082)"/>
         <nite:child href="Bed014.C.segs.xml#id(Bed014.segment.1,083)..id(Bed014.segment.1,085)"/>
         <nite:child href="Bed014.A.segs.xml#id(Bed014.segment.1,086)"/>
         <nite:child href="Bed014.B.segs.xml#id(Bed014.segment.1,087)"/>
         <nite:child href="Bed014.C.segs.xml#id(Bed014.segment.1,088)..id(Bed014.segment.1,089)"/>
         <nite:child href="Bed014.E.segs.xml#id(Bed014.segment.1,090)"/>
         <nite:child href="Bed014.A.segs.xml#id(Bed014.segment.1,091)"/>
         <nite:child href="Bed014.C.segs.xml#id(Bed014.segment.1,092)..id(Bed014.segment.1,093)"/>
         <nite:child href="Bed014.A.segs.xml#id(Bed014.segment.1,094)..id(Bed014.segment.1,095)"/>
         <nite:child href="Bed014.B.segs.xml#id(Bed014.segment.1,096)"/>
         <nite:child href="Bed014.E.segs.xml#id(Bed014.segment.1,097)"/>
         <nite:child href="Bed014.A.segs.xml#id(Bed014.segment.1,098)"/>
         <nite:child href="Bed014.C.segs.xml#id(Bed014.segment.1,099)"/>
         <nite:child href="Bed014.B.segs.xml#id(Bed014.segment.1,100)"/>
         <nite:child href="Bed014.E.segs.xml#id(Bed014.segment.1,101)"/>
         <nite:child href="Bed014.B.segs.xml#id(Bed014.segment.1,102)"/>
         <nite:child href="Bed014.E.segs.xml#id(Bed014.segment.1,103)"/>
         <nite:child href="Bed014.B.segs.xml#id(Bed014.segment.1,104)..id(Bed014.segment.1,105)"/>
         <nite:child href="Bed014.C.segs.xml#id(Bed014.segment.1,106)"/>
         <nite:child href="Bed014.E.segs.xml#id(Bed014.segment.1,107)"/>
         <nite:child href="Bed014.B.segs.xml#id(Bed014.segment.1,108)"/>
         <nite:child href="Bed014.E.segs.xml#id(Bed014.segment.1,109)"/>
         <nite:child href="Bed014.B.segs.xml#id(Bed014.segment.1,110)"/>
         <nite:child href="Bed014.A.segs.xml#id(Bed014.segment.1,111)"/>
         <nite:child href="Bed014.E.segs.xml#id(Bed014.segment.1,112)..id(Bed014.segment.1,114)"/>
         <nite:child href="Bed014.B.segs.xml#id(Bed014.segment.1,115)"/>
         <nite:child href="Bed014.E.segs.xml#id(Bed014.segment.1,116)"/>
         <nite:child href="Bed014.B.segs.xml#id(Bed014.segment.1,117)"/>
         <nite:child href="Bed014.E.segs.xml#id(Bed014.segment.1,118)"/>
         <nite:child href="Bed014.B.segs.xml#id(Bed014.segment.1,119)"/>
         <nite:child href="Bed014.D.segs.xml#id(Bed014.segment.1,120)"/>
         <nite:child href="Bed014.E.segs.xml#id(Bed014.segment.1,121)"/>
         <nite:child href="Bed014.B.segs.xml#id(Bed014.segment.1,122)"/>
         <nite:child href="Bed014.E.segs.xml#id(Bed014.segment.1,123)"/>
         <nite:child href="Bed014.B.segs.xml#id(Bed014.segment.1,124)"/>
         <nite:child href="Bed014.E.segs.xml#id(Bed014.segment.1,125)..id(Bed014.segment.1,126)"/>
         <nite:child href="Bed014.B.segs.xml#id(Bed014.segment.1,127)"/>
         <nite:child href="Bed014.D.segs.xml#id(Bed014.segment.1,128)"/>
         <nite:child href="Bed014.B.segs.xml#id(Bed014.segment.1,129)"/>
         <nite:child href="Bed014.E.segs.xml#id(Bed014.segment.1,130)"/>
         <nite:child href="Bed014.C.segs.xml#id(Bed014.segment.1,131)"/>
         <nite:child href="Bed014.A.segs.xml#id(Bed014.segment.1,132)"/>
         <nite:child href="Bed014.E.segs.xml#id(Bed014.segment.1,133)"/>
         <nite:child href="Bed014.C.segs.xml#id(Bed014.segment.1,136)"/>
         <nite:child href="Bed014.A.segs.xml#id(Bed014.segment.1,135)"/>
         <nite:child href="Bed014.B.segs.xml#id(Bed014.segment.1,134)"/>
         <nite:child href="Bed014.D.segs.xml#id(Bed014.segment.1,137)"/>
         <nite:child href="Bed014.A.segs.xml#id(Bed014.segment.1,138)"/>
         <nite:child href="Bed014.B.segs.xml#id(Bed014.segment.1,139)"/>
         <nite:child href="Bed014.D.segs.xml#id(Bed014.segment.1,140)"/>
         <nite:child href="Bed014.B.segs.xml#id(Bed014.segment.1,141)"/>
         <nite:child href="Bed014.E.segs.xml#id(Bed014.segment.1,142)"/>
         <nite:child href="Bed014.D.segs.xml#id(Bed014.segment.1,143)"/>
         <nite:child href="Bed014.E.segs.xml#id(Bed014.segment.1,144)"/>
         <nite:child href="Bed014.B.segs.xml#id(Bed014.segment.1,145)..id(Bed014.segment.1,146)"/>
         <nite:child href="Bed014.E.segs.xml#id(Bed014.segment.1,147)"/>
         <nite:child href="Bed014.A.segs.xml#id(Bed014.segment.1,148)"/>
         <nite:child href="Bed014.E.segs.xml#id(Bed014.segment.1,149)"/>
         <nite:child href="Bed014.D.segs.xml#id(Bed014.segment.1,150)"/>
         <nite:child href="Bed014.E.segs.xml#id(Bed014.segment.1,151)"/>
         <nite:child href="Bed014.B.segs.xml#id(Bed014.segment.1,152)"/>
         <nite:child href="Bed014.E.segs.xml#id(Bed014.segment.1,153)..id(Bed014.segment.1,154)"/>
         <nite:child href="Bed014.B.segs.xml#id(Bed014.segment.1,155)"/>
         <nite:child href="Bed014.D.segs.xml#id(Bed014.segment.1,157)"/>
         <nite:child href="Bed014.E.segs.xml#id(Bed014.segment.1,156)"/>
         <nite:child href="Bed014.F.segs.xml#id(Bed014.segment.1,158)"/>
         <nite:child href="Bed014.D.segs.xml#id(Bed014.segment.1,159)"/>
         <nite:child href="Bed014.E.segs.xml#id(Bed014.segment.1,160)"/>
         <nite:child href="Bed014.B.segs.xml#id(Bed014.segment.1,161)"/>
         <nite:child href="Bed014.A.segs.xml#id(Bed014.segment.1,162)"/>
         <nite:child href="Bed014.B.segs.xml#id(Bed014.segment.1,164)"/>
         <nite:child href="Bed014.A.segs.xml#id(Bed014.segment.1,165)"/>
         <nite:child href="Bed014.B.segs.xml#id(Bed014.segment.1,166)"/>
         <nite:child href="Bed014.A.segs.xml#id(Bed014.segment.1,167)"/>
         <nite:child href="Bed014.B.segs.xml#id(Bed014.segment.1,168)"/>
         <nite:child href="Bed014.A.segs.xml#id(Bed014.segment.1,169)"/>
         <nite:child href="Bed014.B.segs.xml#id(Bed014.segment.1,170)"/>
         <nite:child href="Bed014.E.segs.xml#id(Bed014.segment.1,171)"/>
         <nite:child href="Bed014.A.segs.xml#id(Bed014.segment.1,172)"/>
         <nite:child href="Bed014.B.segs.xml#id(Bed014.segment.1,173)"/>
         <nite:child href="Bed014.F.segs.xml#id(Bed014.segment.1,174)"/>
         <nite:child href="Bed014.D.segs.xml#id(Bed014.segment.1,175)"/>
         <nite:child href="Bed014.E.segs.xml#id(Bed014.segment.1,176)"/>
         <nite:child href="Bed014.D.segs.xml#id(Bed014.segment.1,177)"/>
         <nite:child href="Bed014.C.segs.xml#id(Bed014.segment.1,179)"/>
         <nite:child href="Bed014.E.segs.xml#id(Bed014.segment.1,178)"/>
         <nite:child href="Bed014.A.segs.xml#id(Bed014.segment.1,180)"/>
         <nite:child href="Bed014.B.segs.xml#id(Bed014.segment.1,181)"/>
         <nite:child href="Bed014.E.segs.xml#id(Bed014.segment.1,182)"/>
         <nite:child href="Bed014.C.segs.xml#id(Bed014.segment.1,183)"/>
         <nite:child href="Bed014.A.segs.xml#id(Bed014.segment.1,184)"/>
         <nite:child href="Bed014.C.segs.xml#id(Bed014.segment.1,185)"/>
         <nite:child href="Bed014.A.segs.xml#id(Bed014.segment.1,186)"/>
         <nite:child href="Bed014.C.segs.xml#id(Bed014.segment.1,187)"/>
         <nite:child href="Bed014.A.segs.xml#id(Bed014.segment.1,188)"/>
         <nite:child href="Bed014.E.segs.xml#id(Bed014.segment.1,189)"/>
         <nite:child href="Bed014.A.segs.xml#id(Bed014.segment.1,190)"/>
         <nite:child href="Bed014.B.segs.xml#id(Bed014.segment.1,191)"/>
         <nite:child href="Bed014.E.segs.xml#id(Bed014.segment.1,192)"/>
         <nite:child href="Bed014.B.segs.xml#id(Bed014.segment.1,193)"/>
         <nite:child href="Bed014.E.segs.xml#id(Bed014.segment.1,194)..id(Bed014.segment.1,195)"/>
         <nite:child href="Bed014.C.segs.xml#id(Bed014.segment.1,196)"/>
         <nite:child href="Bed014.E.segs.xml#id(Bed014.segment.1,197)"/>
         <nite:child href="Bed014.C.segs.xml#id(Bed014.segment.1,198)"/>
         <nite:child href="Bed014.B.segs.xml#id(Bed014.segment.1,199)"/>
         <nite:child href="Bed014.A.segs.xml#id(Bed014.segment.1,200)"/>
         <nite:child href="Bed014.B.segs.xml#id(Bed014.segment.1,201)"/>
         <nite:child href="Bed014.A.segs.xml#id(Bed014.segment.1,202)"/>
         <nite:child href="Bed014.B.segs.xml#id(Bed014.segment.1,203)"/>
         <nite:child href="Bed014.E.segs.xml#id(Bed014.segment.1,204)"/>
         <nite:child href="Bed014.F.segs.xml#id(Bed014.segment.1,205)"/>
         <nite:child href="Bed014.D.segs.xml#id(Bed014.segment.1,206)"/>
         <nite:child href="Bed014.B.segs.xml#id(Bed014.segment.1,207)"/>
         <nite:child href="Bed014.E.segs.xml#id(Bed014.segment.1,208)"/>
         <nite:child href="Bed014.A.segs.xml#id(Bed014.segment.1,209)"/>
         <nite:child href="Bed014.D.segs.xml#id(Bed014.segment.1,210)"/>
         <nite:child href="Bed014.E.segs.xml#id(Bed014.segment.1,211)"/>
         <nite:child href="Bed014.A.segs.xml#id(Bed014.segment.1,212)"/>
      </topic>
      <nite:child href="Bed014.B.segs.xml#id(Bed014.segment.1,213)"/>
      <topic nite:id="Bed014.topic.22" description="to do for next meeting">
         <nite:child href="Bed014.E.segs.xml#id(Bed014.segment.1,214)"/>
         <nite:child href="Bed014.F.segs.xml#id(Bed014.segment.1,215)"/>
         <nite:child href="Bed014.B.segs.xml#id(Bed014.segment.1,216)..id(Bed014.segment.1,217)"/>
         <nite:child href="Bed014.E.segs.xml#id(Bed014.segment.1,218)"/>
         <nite:child href="Bed014.B.segs.xml#id(Bed014.segment.1,219)"/>
         <nite:child href="Bed014.E.segs.xml#id(Bed014.segment.1,220)"/>
         <nite:child href="Bed014.B.segs.xml#id(Bed014.segment.1,221)"/>
         <nite:child href="Bed014.C.segs.xml#id(Bed014.segment.1,222)"/>
         <nite:child href="Bed014.B.segs.xml#id(Bed014.segment.1,223)..id(Bed014.segment.1,224)"/>
         <nite:child href="Bed014.A.segs.xml#id(Bed014.segment.1,225)"/>
         <nite:child href="Bed014.E.segs.xml#id(Bed014.segment.1,226)"/>
         <nite:child href="Bed014.B.segs.xml#id(Bed014.segment.1,227)"/>
         <nite:child href="Bed014.C.segs.xml#id(Bed014.segment.1,228)"/>
         <nite:child href="Bed014.B.segs.xml#id(Bed014.segment.1,229)"/>
         <nite:child href="Bed014.F.segs.xml#id(Bed014.segment.1,230)"/>
         <nite:child href="Bed014.A.segs.xml#id(Bed014.segment.1,231)"/>
         <nite:child href="Bed014.B.segs.xml#id(Bed014.segment.1,232)"/>
         <nite:child href="Bed014.A.segs.xml#id(Bed014.segment.1,233)..id(Bed014.segment.1,235)"/>
         <nite:child href="Bed014.B.segs.xml#id(Bed014.segment.1,236)..id(Bed014.segment.1,238)"/>
         <nite:child href="Bed014.A.segs.xml#id(Bed014.segment.1,239)"/>
         <nite:child href="Bed014.E.segs.xml#id(Bed014.segment.1,240)"/>
         <nite:child href="Bed014.B.segs.xml#id(Bed014.segment.1,241)"/>
         <nite:child href="Bed014.A.segs.xml#id(Bed014.segment.1,242)"/>
         <nite:child href="Bed014.B.segs.xml#id(Bed014.segment.1,243)..id(Bed014.segment.1,244)"/>
         <nite:child href="Bed014.A.segs.xml#id(Bed014.segment.1,245)"/>
         <nite:child href="Bed014.B.segs.xml#id(Bed014.segment.1,246)"/>
         <nite:child href="Bed014.A.segs.xml#id(Bed014.segment.1,247)"/>
         <nite:child href="Bed014.B.segs.xml#id(Bed014.segment.1,248)..id(Bed014.segment.1,250)"/>
         <nite:child href="Bed014.E.segs.xml#id(Bed014.segment.1,251)"/>
         <nite:child href="Bed014.B.segs.xml#id(Bed014.segment.1,252)"/>
         <nite:child href="Bed014.E.segs.xml#id(Bed014.segment.1,253)"/>
         <nite:child href="Bed014.A.segs.xml#id(Bed014.segment.1,254)"/>
         <nite:child href="Bed014.B.segs.xml#id(Bed014.segment.1,255)..id(Bed014.segment.1,256)"/>
         <nite:child href="Bed014.C.segs.xml#id(Bed014.segment.1,257)"/>
         <nite:child href="Bed014.A.segs.xml#id(Bed014.segment.1,258)"/>
         <nite:child href="Bed014.E.segs.xml#id(Bed014.segment.1,259)"/>
      </topic>
      <nite:child href="Bed014.B.segs.xml#id(Bed014.segment.1,260)"/>
      <nite:child href="Bed014.A.segs.xml#id(Bed014.segment.1,261)"/>
      <nite:child href="Bed014.B.segs.xml#id(Bed014.segment.1,262)"/>
      <nite:child href="Bed014.E.segs.xml#id(Bed014.segment.1,263)"/>
      <nite:child href="Bed014.D.segs.xml#id(Bed014.segment.1,264)"/>
      <nite:child href="Bed014.A.segs.xml#id(Bed014.segment.1,265)"/>
      <nite:child href="Bed014.F.segs.xml#id(Bed014.segment.1,266)"/>
      <nite:child href="Bed014.E.segs.xml#id(Bed014.segment.1,267)"/>
      <nite:child href="Bed014.B.segs.xml#id(Bed014.segment.1,269)"/>
      <nite:child href="Bed014.E.segs.xml#id(Bed014.segment.1,268)"/>
      <nite:child href="Bed014.A.segs.xml#id(Bed014.segment.1,270)"/>
      <nite:child href="Bed014.F.segs.xml#id(Bed014.segment.1,271)"/>
      <nite:child href="Bed014.B.segs.xml#id(Bed014.segment.1,272)"/>
      <nite:child href="Bed014.E.segs.xml#id(Bed014.segment.1,273)"/>
      <nite:child href="Bed014.B.segs.xml#id(Bed014.segment.1,274)"/>
      <nite:child href="Bed014.C.segs.xml#id(Bed014.segment.1,275)"/>
      <nite:child href="Bed014.A.segs.xml#id(Bed014.segment.1,276)"/>
      <nite:child href="Bed014.E.segs.xml#id(Bed014.segment.1,277)..id(Bed014.segment.1,278)"/>
      <nite:child href="Bed014.B.segs.xml#id(Bed014.segment.1,279)..id(Bed014.segment.1,280)"/>
      <nite:child href="Bed014.E.segs.xml#id(Bed014.segment.1,281)..id(Bed014.segment.1,283)"/>
      <topic nite:id="Bed014.topic.23" description="simulate questions">
         <nite:child href="Bed014.A.segs.xml#id(Bed014.segment.1,284)"/>
         <nite:child href="Bed014.E.segs.xml#id(Bed014.segment.1,285)"/>
         <nite:child href="Bed014.C.segs.xml#id(Bed014.segment.1,286)"/>
         <nite:child href="Bed014.A.segs.xml#id(Bed014.segment.1,287)"/>
         <nite:child href="Bed014.B.segs.xml#id(Bed014.segment.1,288)"/>
         <nite:child href="Bed014.C.segs.xml#id(Bed014.segment.1,289)..id(Bed014.segment.1,290)"/>
         <nite:child href="Bed014.B.segs.xml#id(Bed014.segment.1,291)"/>
         <nite:child href="Bed014.A.segs.xml#id(Bed014.segment.1,292)"/>
         <nite:child href="Bed014.C.segs.xml#id(Bed014.segment.1,293)"/>
         <nite:child href="Bed014.A.segs.xml#id(Bed014.segment.1,294)"/>
         <nite:child href="Bed014.C.segs.xml#id(Bed014.segment.1,295)"/>
         <nite:child href="Bed014.A.segs.xml#id(Bed014.segment.1,296)"/>
         <nite:child href="Bed014.B.segs.xml#id(Bed014.segment.1,297)"/>
         <nite:child href="Bed014.C.segs.xml#id(Bed014.segment.1,298)"/>
         <nite:child href="Bed014.B.segs.xml#id(Bed014.segment.1,299)"/>
         <nite:child href="Bed014.E.segs.xml#id(Bed014.segment.1,300)"/>
         <nite:child href="Bed014.A.segs.xml#id(Bed014.segment.1,301)"/>
         <nite:child href="Bed014.C.segs.xml#id(Bed014.segment.1,302)..id(Bed014.segment.1,303)"/>
         <nite:child href="Bed014.A.segs.xml#id(Bed014.segment.1,305)"/>
         <nite:child href="Bed014.C.segs.xml#id(Bed014.segment.1,304)"/>
         <nite:child href="Bed014.A.segs.xml#id(Bed014.segment.1,306)"/>
         <nite:child href="Bed014.B.segs.xml#id(Bed014.segment.1,307)"/>
         <nite:child href="Bed014.C.segs.xml#id(Bed014.segment.1,308)"/>
         <nite:child href="Bed014.E.segs.xml#id(Bed014.segment.1,309)"/>
         <nite:child href="Bed014.A.segs.xml#id(Bed014.segment.1,310)"/>
         <nite:child href="Bed014.C.segs.xml#id(Bed014.segment.1,311)..id(Bed014.segment.1,312)"/>
         <nite:child href="Bed014.A.segs.xml#id(Bed014.segment.1,313)..id(Bed014.segment.1,314)"/>
         <nite:child href="Bed014.C.segs.xml#id(Bed014.segment.1,315)..id(Bed014.segment.1,316)"/>
         <nite:child href="Bed014.B.segs.xml#id(Bed014.segment.1,317)..id(Bed014.segment.1,318)"/>
         <nite:child href="Bed014.A.segs.xml#id(Bed014.segment.1,319)"/>
         <nite:child href="Bed014.B.segs.xml#id(Bed014.segment.1,320)"/>
         <nite:child href="Bed014.C.segs.xml#id(Bed014.segment.1,321)..id(Bed014.segment.1,322)"/>
         <nite:child href="Bed014.A.segs.xml#id(Bed014.segment.1,323)"/>
      </topic>
      <nite:child href="Bed014.B.segs.xml#id(Bed014.segment.1,324)..id(Bed014.segment.1,326)"/>
      <nite:child href="Bed014.A.segs.xml#id(Bed014.segment.1,327)..id(Bed014.segment.1,328)"/>
      <nite:child href="Bed014.B.segs.xml#id(Bed014.segment.1,329)..id(Bed014.segment.1,331)"/>
      <nite:child href="Bed014.A.segs.xml#id(Bed014.segment.1,332)"/>
      <nite:child href="Bed014.B.segs.xml#id(Bed014.segment.1,333)"/>
      <nite:child href="Bed014.E.segs.xml#id(Bed014.segment.1,334)"/>
      <nite:child href="Bed014.B.segs.xml#id(Bed014.segment.1,335)"/>
      <topic nite:id="Bed014.topic.24" description="indefinite pronouns">
         <nite:child href="Bed014.A.segs.xml#id(Bed014.segment.1,336)..id(Bed014.segment.1,337)"/>
         <nite:child href="Bed014.E.segs.xml#id(Bed014.segment.1,338)"/>
         <nite:child href="Bed014.B.segs.xml#id(Bed014.segment.1,339)"/>
         <nite:child href="Bed014.A.segs.xml#id(Bed014.segment.1,340)..id(Bed014.segment.1,341)"/>
         <nite:child href="Bed014.E.segs.xml#id(Bed014.segment.1,342)"/>
         <nite:child href="Bed014.A.segs.xml#id(Bed014.segment.1,343)"/>
         <nite:child href="Bed014.E.segs.xml#id(Bed014.segment.1,344)..id(Bed014.segment.1,346)"/>
         <nite:child href="Bed014.A.segs.xml#id(Bed014.segment.1,347)"/>
         <nite:child href="Bed014.E.segs.xml#id(Bed014.segment.1,348)"/>
         <nite:child href="Bed014.A.segs.xml#id(Bed014.segment.1,349)"/>
         <nite:child href="Bed014.C.segs.xml#id(Bed014.segment.1,350)"/>
         <nite:child href="Bed014.A.segs.xml#id(Bed014.segment.1,351)..id(Bed014.segment.1,352)"/>
         <nite:child href="Bed014.B.segs.xml#id(Bed014.segment.1,353)"/>
         <nite:child href="Bed014.C.segs.xml#id(Bed014.segment.1,354)"/>
         <nite:child href="Bed014.A.segs.xml#id(Bed014.segment.1,355)"/>
         <nite:child href="Bed014.C.segs.xml#id(Bed014.segment.1,356)"/>
         <nite:child href="Bed014.A.segs.xml#id(Bed014.segment.1,357)"/>
         <nite:child href="Bed014.C.segs.xml#id(Bed014.segment.1,358)"/>
         <nite:child href="Bed014.B.segs.xml#id(Bed014.segment.1,359)..id(Bed014.segment.1,360)"/>
         <nite:child href="Bed014.A.segs.xml#id(Bed014.segment.1,361)..id(Bed014.segment.1,362)"/>
         <nite:child href="Bed014.E.segs.xml#id(Bed014.segment.1,363)"/>
         <nite:child href="Bed014.A.segs.xml#id(Bed014.segment.1,364)"/>
         <nite:child href="Bed014.B.segs.xml#id(Bed014.segment.1,365)"/>
         <nite:child href="Bed014.E.segs.xml#id(Bed014.segment.1,366)"/>
         <nite:child href="Bed014.A.segs.xml#id(Bed014.segment.1,367)"/>
         <nite:child href="Bed014.C.segs.xml#id(Bed014.segment.1,368)"/>
         <nite:child href="Bed014.A.segs.xml#id(Bed014.segment.1,369)"/>
         <nite:child href="Bed014.C.segs.xml#id(Bed014.segment.1,371)"/>
         <nite:child href="Bed014.A.segs.xml#id(Bed014.segment.1,370)"/>
         <nite:child href="Bed014.B.segs.xml#id(Bed014.segment.1,372)"/>
         <nite:child href="Bed014.A.segs.xml#id(Bed014.segment.1,373)"/>
         <nite:child href="Bed014.E.segs.xml#id(Bed014.segment.1,374)"/>
         <nite:child href="Bed014.A.segs.xml#id(Bed014.segment.1,375)..id(Bed014.segment.1,376)"/>
         <nite:child href="Bed014.C.segs.xml#id(Bed014.segment.1,377)"/>
      </topic>
      <nite:child href="Bed014.B.segs.xml#id(Bed014.segment.1,378)"/>
      <nite:child href="Bed014.A.segs.xml#id(Bed014.segment.1,379)"/>
      <nite:child href="Bed014.E.segs.xml#id(Bed014.segment.1,380)"/>
      <nite:child href="Bed014.B.segs.xml#id(Bed014.segment.1,381)"/>
      <nite:child href="Bed014.C.segs.xml#id(Bed014.segment.1,382)"/>
      <nite:child href="Bed014.A.segs.xml#id(Bed014.segment.1,383)"/>
      <nite:child href="Bed014.C.segs.xml#id(Bed014.segment.1,384)"/>
      <nite:child href="Bed014.A.segs.xml#id(Bed014.segment.1,385)"/>
      <nite:child href="Bed014.B.segs.xml#id(Bed014.segment.1,386)"/>
      <nite:child href="Bed014.E.segs.xml#id(Bed014.segment.1,387)"/>
      <nite:child href="Bed014.B.segs.xml#id(Bed014.segment.1,388)"/>
      <nite:child href="Bed014.E.segs.xml#id(Bed014.segment.1,389)..id(Bed014.segment.1,391)"/>
      <nite:child href="Bed014.A.segs.xml#id(Bed014.segment.1,392)..id(Bed014.segment.1,393)"/>
      <nite:child href="Bed014.B.segs.xml#id(Bed014.segment.1,394)..id(Bed014.segment.1,395)"/>
      <nite:child href="Bed014.A.segs.xml#id(Bed014.segment.1,396)"/>
      <nite:child href="Bed014.B.segs.xml#id(Bed014.segment.1,397)..id(Bed014.segment.1,401)"/>
      <nite:child href="Bed014.A.segs.xml#id(Bed014.segment.1,400)"/>
      <nite:child href="Bed014.B.segs.xml#id(Bed014.segment.1,402)"/>
      <nite:child href="Bed014.C.segs.xml#id(Bed014.segment.1,403)"/>
      <topic nite:id="Bed014.topic.25" description="Hans Boas's role">
         <nite:child href="Bed014.C.segs.xml#id(Bed014.segment.1,404)..id(Bed014.segment.1,405)"/>
         <nite:child href="Bed014.B.segs.xml#id(Bed014.segment.1,406)"/>
         <nite:child href="Bed014.A.segs.xml#id(Bed014.segment.1,407)"/>
         <nite:child href="Bed014.C.segs.xml#id(Bed014.segment.1,408)"/>
         <nite:child href="Bed014.B.segs.xml#id(Bed014.segment.1,409)..id(Bed014.segment.1,410)"/>
         <nite:child href="Bed014.A.segs.xml#id(Bed014.segment.1,411)"/>
         <nite:child href="Bed014.C.segs.xml#id(Bed014.segment.1,412)"/>
         <nite:child href="Bed014.B.segs.xml#id(Bed014.segment.1,413)"/>
         <nite:child href="Bed014.A.segs.xml#id(Bed014.segment.1,414)..id(Bed014.segment.1,415)"/>
         <nite:child href="Bed014.B.segs.xml#id(Bed014.segment.1,416)..id(Bed014.segment.1,417)"/>
         <topic nite:id="Bed014.topic.26" description="terminology for formal paper">
            <nite:child href="Bed014.B.segs.xml#id(Bed014.segment.1,418)"/>
            <nite:child href="Bed014.A.segs.xml#id(Bed014.segment.1,419)"/>
            <nite:child href="Bed014.C.segs.xml#id(Bed014.segment.1,420)..id(Bed014.segment.1,421)"/>
            <nite:child href="Bed014.B.segs.xml#id(Bed014.segment.1,422)"/>
            <nite:child href="Bed014.A.segs.xml#id(Bed014.segment.1,423)..id(Bed014.segment.1,424)"/>
            <nite:child href="Bed014.C.segs.xml#id(Bed014.segment.1,425)"/>
            <nite:child href="Bed014.B.segs.xml#id(Bed014.segment.1,426)"/>
            <nite:child href="Bed014.C.segs.xml#id(Bed014.segment.1,427)..id(Bed014.segment.1,428)"/>
            <nite:child href="Bed014.B.segs.xml#id(Bed014.segment.1,429)"/>
            <nite:child href="Bed014.A.segs.xml#id(Bed014.segment.1,430)"/>
            <nite:child href="Bed014.C.segs.xml#id(Bed014.segment.1,431)"/>
            <nite:child href="Bed014.B.segs.xml#id(Bed014.segment.1,432)"/>
            <nite:child href="Bed014.C.segs.xml#id(Bed014.segment.1,433)"/>
            <nite:child href="Bed014.B.segs.xml#id(Bed014.segment.1,434)"/>
            <nite:child href="Bed014.C.segs.xml#id(Bed014.segment.1,435)..id(Bed014.segment.1,437)"/>
            <nite:child href="Bed014.A.segs.xml#id(Bed014.segment.1,438)"/>
            <nite:child href="Bed014.C.segs.xml#id(Bed014.segment.1,439)"/>
            <nite:child href="Bed014.A.segs.xml#id(Bed014.segment.1,440)..id(Bed014.segment.1,441)"/>
            <nite:child href="Bed014.C.segs.xml#id(Bed014.segment.1,442)"/>
            <nite:child href="Bed014.A.segs.xml#id(Bed014.segment.1,443)..id(Bed014.segment.1,444)"/>
            <nite:child href="Bed014.C.segs.xml#id(Bed014.segment.1,445)"/>
            <nite:child href="Bed014.B.segs.xml#id(Bed014.segment.1,446)"/>
            <nite:child href="Bed014.A.segs.xml#id(Bed014.segment.1,447)"/>
            <nite:child href="Bed014.C.segs.xml#id(Bed014.segment.1,448)"/>
            <nite:child href="Bed014.A.segs.xml#id(Bed014.segment.1,449)"/>
            <nite:child href="Bed014.C.segs.xml#id(Bed014.segment.1,450)..id(Bed014.segment.1,453)"/>
            <nite:child href="Bed014.A.segs.xml#id(Bed014.segment.1,454)"/>
            <nite:child href="Bed014.B.segs.xml#id(Bed014.segment.1,455)"/>
            <nite:child href="Bed014.C.segs.xml#id(Bed014.segment.1,456)..id(Bed014.segment.1,457)"/>
            <nite:child href="Bed014.A.segs.xml#id(Bed014.segment.1,458)..id(Bed014.segment.1,459)"/>
            <nite:child href="Bed014.C.segs.xml#id(Bed014.segment.1,460)"/>
            <nite:child href="Bed014.A.segs.xml#id(Bed014.segment.1,461)"/>
            <nite:child href="Bed014.C.segs.xml#id(Bed014.segment.1,462)"/>
         </topic>
         <nite:child href="Bed014.C.segs.xml#id(Bed014.segment.1,463)..id(Bed014.segment.1,464)"/>
         <nite:child href="Bed014.A.segs.xml#id(Bed014.segment.1,465)"/>
         <nite:child href="Bed014.B.segs.xml#id(Bed014.segment.1,466)"/>
         <nite:child href="Bed014.A.segs.xml#id(Bed014.segment.1,467)"/>
         <nite:child href="Bed014.C.segs.xml#id(Bed014.segment.1,468)"/>
         <nite:child href="Bed014.A.segs.xml#id(Bed014.segment.1,469)"/>
         <nite:child href="Bed014.C.segs.xml#id(Bed014.segment.1,470)"/>
         <nite:child href="Bed014.A.segs.xml#id(Bed014.segment.1,471)"/>
         <nite:child href="Bed014.B.segs.xml#id(Bed014.segment.1,472)..id(Bed014.segment.1,473)"/>
         <nite:child href="Bed014.C.segs.xml#id(Bed014.segment.1,474)"/>
         <nite:child href="Bed014.A.segs.xml#id(Bed014.segment.1,475)"/>
         <nite:child href="Bed014.B.segs.xml#id(Bed014.segment.1,476)"/>
         <nite:child href="Bed014.C.segs.xml#id(Bed014.segment.1,477)"/>
         <nite:child href="Bed014.B.segs.xml#id(Bed014.segment.1,478)"/>
         <nite:child href="Bed014.C.segs.xml#id(Bed014.segment.1,479)"/>
         <nite:child href="Bed014.A.segs.xml#id(Bed014.segment.1,480)"/>
         <nite:child href="Bed014.B.segs.xml#id(Bed014.segment.1,481)"/>
         <nite:child href="Bed014.A.segs.xml#id(Bed014.segment.1,482)"/>
         <nite:child href="Bed014.C.segs.xml#id(Bed014.segment.1,483)"/>
         <nite:child href="Bed014.B.segs.xml#id(Bed014.segment.1,484)"/>
         <nite:child href="Bed014.C.segs.xml#id(Bed014.segment.1,485)"/>
         <nite:child href="Bed014.A.segs.xml#id(Bed014.segment.1,486)"/>
         <nite:child href="Bed014.B.segs.xml#id(Bed014.segment.1,487)..id(Bed014.segment.1,488)"/>
         <nite:child href="Bed014.A.segs.xml#id(Bed014.segment.1,490)"/>
         <nite:child href="Bed014.C.segs.xml#id(Bed014.segment.1,489)"/>
         <nite:child href="Bed014.A.segs.xml#id(Bed014.segment.1,491)"/>
         <nite:child href="Bed014.B.segs.xml#id(Bed014.segment.1,492)..id(Bed014.segment.1,493)"/>
         <nite:child href="Bed014.A.segs.xml#id(Bed014.segment.1,494)"/>
         <nite:child href="Bed014.C.segs.xml#id(Bed014.segment.1,495)"/>
         <nite:child href="Bed014.B.segs.xml#id(Bed014.segment.1,496)"/>
         <nite:child href="Bed014.A.segs.xml#id(Bed014.segment.1,497)"/>
      </topic>
      <nite:child href="Bed014.C.segs.xml#id(Bed014.segment.1,498)"/>
      <nite:child href="Bed014.B.segs.xml#id(Bed014.segment.1,499)"/>
      <nite:child href="Bed014.C.segs.xml#id(Bed014.segment.1,500)"/>
      <nite:child href="Bed014.B.segs.xml#id(Bed014.segment.1,501)"/>
      <topic nite:id="Bed014.topic.27" description="type constraints">
         <nite:child href="Bed014.B.segs.xml#id(Bed014.segment.1,502)..id(Bed014.segment.1,504)"/>
         <nite:child href="Bed014.C.segs.xml#id(Bed014.segment.1,505)"/>
         <nite:child href="Bed014.B.segs.xml#id(Bed014.segment.1,506)..id(Bed014.segment.1,507)"/>
         <nite:child href="Bed014.C.segs.xml#id(Bed014.segment.1,508)"/>
         <nite:child href="Bed014.B.segs.xml#id(Bed014.segment.1,509)"/>
         <nite:child href="Bed014.C.segs.xml#id(Bed014.segment.1,510)..id(Bed014.segment.1,511)"/>
         <nite:child href="Bed014.B.segs.xml#id(Bed014.segment.1,512)..id(Bed014.segment.1,513)"/>
         <nite:child href="Bed014.C.segs.xml#id(Bed014.segment.1,514)..id(Bed014.segment.1,515)"/>
         <nite:child href="Bed014.B.segs.xml#id(Bed014.segment.1,516)"/>
         <nite:child href="Bed014.C.segs.xml#id(Bed014.segment.1,517)..id(Bed014.segment.1,521)"/>
         <nite:child href="Bed014.B.segs.xml#id(Bed014.segment.1,522)..id(Bed014.segment.1,524)"/>
         <nite:child href="Bed014.C.segs.xml#id(Bed014.segment.1,525)"/>
         <nite:child href="Bed014.B.segs.xml#id(Bed014.segment.1,526)..id(Bed014.segment.1,527)"/>
         <nite:child href="Bed014.C.segs.xml#id(Bed014.segment.1,528)"/>
         <nite:child href="Bed014.B.segs.xml#id(Bed014.segment.1,529)"/>
         <nite:child href="Bed014.C.segs.xml#id(Bed014.segment.1,530)"/>
         <nite:child href="Bed014.B.segs.xml#id(Bed014.segment.1,531)..id(Bed014.segment.1,532)"/>
         <nite:child href="Bed014.C.segs.xml#id(Bed014.segment.1,533)"/>
         <nite:child href="Bed014.B.segs.xml#id(Bed014.segment.1,534)"/>
         <nite:child href="Bed014.C.segs.xml#id(Bed014.segment.1,535)"/>
         <nite:child href="Bed014.B.segs.xml#id(Bed014.segment.1,536)"/>
         <nite:child href="Bed014.C.segs.xml#id(Bed014.segment.1,537)"/>
         <nite:child href="Bed014.D.segs.xml#id(Bed014.segment.1,538)"/>
         <nite:child href="Bed014.C.segs.xml#id(Bed014.segment.1,539)"/>
         <nite:child href="Bed014.D.segs.xml#id(Bed014.segment.1,540)"/>
         <nite:child href="Bed014.C.segs.xml#id(Bed014.segment.1,541)"/>
      </topic>
   </topic>
   <topic nite:id="Bed014.topic.28" description="closing">
      <nite:child href="Bed014.B.segs.xml#id(Bed014.segment.1,542)..id(Bed014.segment.1,543)"/>
      <nite:child href="Bed014.A.segs.xml#id(Bed014.segment.1,544)"/>
      <nite:child href="Bed014.B.segs.xml#id(Bed014.segment.1,545)"/>
      <nite:child href="Bed014.A.segs.xml#id(Bed014.segment.1,546)"/>
      <nite:child href="Bed014.C.segs.xml#id(Bed014.segment.1,547)"/>
      <nite:child href="Bed014.A.segs.xml#id(Bed014.segment.1,548)"/>
      <nite:child href="Bed014.E.segs.xml#id(Bed014.segment.1,549)"/>
      <nite:child href="Bed014.B.segs.xml#id(Bed014.segment.1,550)"/>
      <nite:child href="Bed014.A.segs.xml#id(Bed014.segment.1,551)"/>
      <nite:child href="Bed014.D.segs.xml#id(Bed014.segment.1,552)"/>
      <nite:child href="Bed014.E.segs.xml#id(Bed014.segment.1,553)"/>
      <nite:child href="Bed014.B.segs.xml#id(Bed014.segment.1,554)"/>
      <nite:child href="Bed014.D.segs.xml#id(Bed014.segment.1,555)"/>
      <nite:child href="Bed014.B.segs.xml#id(Bed014.segment.1,556)"/>
      <nite:child href="Bed014.A.segs.xml#id(Bed014.segment.1,557)"/>
      <nite:child href="Bed014.D.segs.xml#id(Bed014.segment.1,558)"/>
      <nite:child href="Bed014.F.segs.xml#id(Bed014.segment.1,559)"/>
      <nite:child href="Bed014.B.segs.xml#id(Bed014.segment.1,560)..id(Bed014.segment.1,561)"/>
      <nite:child href="Bed014.D.segs.xml#id(Bed014.segment.1,562)"/>
      <nite:child href="Bed014.E.segs.xml#id(Bed014.segment.1,563)"/>
      <nite:child href="Bed014.D.segs.xml#id(Bed014.segment.1,564)"/>
      <nite:child href="Bed014.B.segs.xml#id(Bed014.segment.1,566)"/>
      <nite:child href="Bed014.C.segs.xml#id(Bed014.segment.1,565)"/>
      <nite:child href="Bed014.E.segs.xml#id(Bed014.segment.1,567)"/>
      <nite:child href="Bed014.D.segs.xml#id(Bed014.segment.1,568)"/>
      <nite:child href="Bed014.F.segs.xml#id(Bed014.segment.1,569)"/>
      <nite:child href="Bed014.E.segs.xml#id(Bed014.segment.1,570)"/>
      <nite:child href="Bed014.A.segs.xml#id(Bed014.segment.1,572)"/>
      <nite:child href="Bed014.F.segs.xml#id(Bed014.segment.1,573)"/>
      <nite:child href="Bed014.A.segs.xml#id(Bed014.segment.1,574)"/>
      <nite:child href="Bed014.C.segs.xml#id(Bed014.segment.1,575)"/>
      <nite:child href="Bed014.B.segs.xml#id(Bed014.segment.1,576)"/>
      <nite:child href="Bed014.C.segs.xml#id(Bed014.segment.1,577)..id(Bed014.segment.1,579)"/>
      <nite:child href="Bed014.B.segs.xml#id(Bed014.segment.1,580)"/>
      <nite:child href="Bed014.C.segs.xml#id(Bed014.segment.1,581)..id(Bed014.segment.1,583)"/>
      <nite:child href="Bed014.B.segs.xml#id(Bed014.segment.1,584)"/>
      <nite:child href="Bed014.C.segs.xml#id(Bed014.segment.1,585)..id(Bed014.segment.1,586)"/>
      <nite:child href="Bed014.B.segs.xml#id(Bed014.segment.1,587)"/>
      <nite:child href="Bed014.C.segs.xml#id(Bed014.segment.1,588)"/>
      <nite:child href="Bed014.B.segs.xml#id(Bed014.segment.1,589)"/>
      <nite:child href="Bed014.C.segs.xml#id(Bed014.segment.1,590)"/>
      <nite:child href="Bed014.B.segs.xml#id(Bed014.segment.1,591)"/>
      <nite:child href="Bed014.A.segs.xml#id(Bed014.segment.1,592)"/>
      <nite:child href="Bed014.C.segs.xml#id(Bed014.segment.1,593)"/>
      <nite:child href="Bed014.B.segs.xml#id(Bed014.segment.1,594)..id(Bed014.segment.1,595)"/>
   </topic>
</nite:root>