<?xml version="1.0" encoding="ISO-8859-1" standalone="yes"?>
<nite:root nite:id="Bed012.topic" xmlns:nite="http://nite.sourceforge.net/">
   <topic nite:id="Bed012.topic.1" description="opening">
      <nite:child href="Bed012.B.segs.xml#id(Bed012.segment.1)"/>
      <nite:child href="Bed012.A.segs.xml#id(Bed012.segment.4)"/>
      <nite:child href="Bed012.C.segs.xml#id(Bed012.segment.5)"/>
      <nite:child href="Bed012.D.segs.xml#id(Bed012.segment.2)"/>
      <nite:child href="Bed012.C.segs.xml#id(Bed012.segment.6)"/>
      <nite:child href="Bed012.B.segs.xml#id(Bed012.segment.7)"/>
      <nite:child href="Bed012.C.segs.xml#id(Bed012.segment.8)"/>
      <nite:child href="Bed012.B.segs.xml#id(Bed012.segment.9)..id(Bed012.segment.11)"/>
      <nite:child href="Bed012.D.segs.xml#id(Bed012.segment.12)"/>
      <nite:child href="Bed012.B.segs.xml#id(Bed012.segment.13)..id(Bed012.segment.14)"/>
      <nite:child href="Bed012.D.segs.xml#id(Bed012.segment.15)"/>
      <nite:child href="Bed012.C.segs.xml#id(Bed012.segment.16)"/>
      <nite:child href="Bed012.D.segs.xml#id(Bed012.segment.17)..id(Bed012.segment.19)"/>
      <nite:child href="Bed012.C.segs.xml#id(Bed012.segment.20)"/>
      <nite:child href="Bed012.B.segs.xml#id(Bed012.segment.21)"/>
      <nite:child href="Bed012.D.segs.xml#id(Bed012.segment.22)"/>
      <nite:child href="Bed012.B.segs.xml#id(Bed012.segment.23)..id(Bed012.segment.25)"/>
   </topic>
   <topic nite:id="Bed012.topic.2" description="Bayes Net">
      <topic nite:id="Bed012.topic.3" description="situations in the Bayes Net">
         <nite:child href="Bed012.B.segs.xml#id(Bed012.segment.26)..id(Bed012.segment.44)"/>
         <nite:child href="Bed012.C.segs.xml#id(Bed012.segment.45)..id(Bed012.segment.47)"/>
         <nite:child href="Bed012.B.segs.xml#id(Bed012.segment.48)"/>
         <nite:child href="Bed012.C.segs.xml#id(Bed012.segment.49)"/>
         <nite:child href="Bed012.B.segs.xml#id(Bed012.segment.50)..id(Bed012.segment.52)"/>
         <nite:child href="Bed012.C.segs.xml#id(Bed012.segment.53)"/>
         <nite:child href="Bed012.B.segs.xml#id(Bed012.segment.54)..id(Bed012.segment.56)"/>
         <nite:child href="Bed012.C.segs.xml#id(Bed012.segment.57)"/>
         <nite:child href="Bed012.B.segs.xml#id(Bed012.segment.58)"/>
         <nite:child href="Bed012.C.segs.xml#id(Bed012.segment.59)"/>
         <nite:child href="Bed012.B.segs.xml#id(Bed012.segment.60)..id(Bed012.segment.66)"/>
         <nite:child href="Bed012.C.segs.xml#id(Bed012.segment.67)"/>
         <nite:child href="Bed012.B.segs.xml#id(Bed012.segment.68)"/>
         <nite:child href="Bed012.C.segs.xml#id(Bed012.segment.69)"/>
         <nite:child href="Bed012.B.segs.xml#id(Bed012.segment.70)..id(Bed012.segment.71)"/>
         <nite:child href="Bed012.C.segs.xml#id(Bed012.segment.72)"/>
         <nite:child href="Bed012.B.segs.xml#id(Bed012.segment.73)..id(Bed012.segment.75)"/>
         <nite:child href="Bed012.C.segs.xml#id(Bed012.segment.76)..id(Bed012.segment.79)"/>
         <nite:child href="Bed012.B.segs.xml#id(Bed012.segment.80)"/>
         <nite:child href="Bed012.C.segs.xml#id(Bed012.segment.81)"/>
         <nite:child href="Bed012.B.segs.xml#id(Bed012.segment.82)"/>
         <nite:child href="Bed012.C.segs.xml#id(Bed012.segment.83)..id(Bed012.segment.84)"/>
         <nite:child href="Bed012.B.segs.xml#id(Bed012.segment.85)"/>
         <nite:child href="Bed012.C.segs.xml#id(Bed012.segment.86)..id(Bed012.segment.88)"/>
         <nite:child href="Bed012.B.segs.xml#id(Bed012.segment.89)..id(Bed012.segment.90)"/>
         <nite:child href="Bed012.C.segs.xml#id(Bed012.segment.91)"/>
         <nite:child href="Bed012.B.segs.xml#id(Bed012.segment.92)"/>
         <nite:child href="Bed012.C.segs.xml#id(Bed012.segment.93)..id(Bed012.segment.94)"/>
         <nite:child href="Bed012.B.segs.xml#id(Bed012.segment.95)"/>
         <nite:child href="Bed012.C.segs.xml#id(Bed012.segment.96)"/>
         <nite:child href="Bed012.B.segs.xml#id(Bed012.segment.97)..id(Bed012.segment.109)"/>
         <nite:child href="Bed012.C.segs.xml#id(Bed012.segment.110)"/>
         <nite:child href="Bed012.B.segs.xml#id(Bed012.segment.111)..id(Bed012.segment.113)"/>
         <nite:child href="Bed012.C.segs.xml#id(Bed012.segment.114)"/>
         <topic nite:id="Bed012.topic.4" description="Go-there example">
            <nite:child href="Bed012.B.segs.xml#id(Bed012.segment.115)..id(Bed012.segment.122)"/>
            <nite:child href="Bed012.C.segs.xml#id(Bed012.segment.123)..id(Bed012.segment.126)"/>
            <nite:child href="Bed012.B.segs.xml#id(Bed012.segment.127)..id(Bed012.segment.128)"/>
            <nite:child href="Bed012.C.segs.xml#id(Bed012.segment.129)"/>
            <nite:child href="Bed012.B.segs.xml#id(Bed012.segment.130)..id(Bed012.segment.134)"/>
            <nite:child href="Bed012.C.segs.xml#id(Bed012.segment.135)"/>
            <nite:child href="Bed012.B.segs.xml#id(Bed012.segment.136)..id(Bed012.segment.137)"/>
            <nite:child href="Bed012.C.segs.xml#id(Bed012.segment.138)"/>
            <nite:child href="Bed012.B.segs.xml#id(Bed012.segment.139)..id(Bed012.segment.147)"/>
            <nite:child href="Bed012.C.segs.xml#id(Bed012.segment.148)"/>
            <nite:child href="Bed012.B.segs.xml#id(Bed012.segment.149)..id(Bed012.segment.151)"/>
            <nite:child href="Bed012.C.segs.xml#id(Bed012.segment.152)"/>
            <nite:child href="Bed012.B.segs.xml#id(Bed012.segment.153)..id(Bed012.segment.155)"/>
            <nite:child href="Bed012.C.segs.xml#id(Bed012.segment.156)..id(Bed012.segment.157)"/>
            <nite:child href="Bed012.D.segs.xml#id(Bed012.segment.158)"/>
            <nite:child href="Bed012.C.segs.xml#id(Bed012.segment.159)"/>
            <nite:child href="Bed012.B.segs.xml#id(Bed012.segment.160)..id(Bed012.segment.161)"/>
            <nite:child href="Bed012.C.segs.xml#id(Bed012.segment.162)"/>
            <nite:child href="Bed012.B.segs.xml#id(Bed012.segment.163)..id(Bed012.segment.164)"/>
         </topic>
         <nite:child href="Bed012.B.segs.xml#id(Bed012.segment.165)..id(Bed012.segment.171)"/>
         <nite:child href="Bed012.C.segs.xml#id(Bed012.segment.172)..id(Bed012.segment.173)"/>
         <nite:child href="Bed012.D.segs.xml#id(Bed012.segment.174)"/>
         <nite:child href="Bed012.B.segs.xml#id(Bed012.segment.175)..id(Bed012.segment.176)"/>
         <nite:child href="Bed012.D.segs.xml#id(Bed012.segment.177)"/>
         <nite:child href="Bed012.B.segs.xml#id(Bed012.segment.178)"/>
         <nite:child href="Bed012.C.segs.xml#id(Bed012.segment.179)"/>
         <nite:child href="Bed012.B.segs.xml#id(Bed012.segment.180)..id(Bed012.segment.196)"/>
         <nite:child href="Bed012.C.segs.xml#id(Bed012.segment.197)"/>
         <nite:child href="Bed012.B.segs.xml#id(Bed012.segment.198)..id(Bed012.segment.202)"/>
         <nite:child href="Bed012.C.segs.xml#id(Bed012.segment.203)"/>
         <nite:child href="Bed012.B.segs.xml#id(Bed012.segment.204)..id(Bed012.segment.215)"/>
         <nite:child href="Bed012.C.segs.xml#id(Bed012.segment.216)..id(Bed012.segment.217)"/>
         <nite:child href="Bed012.B.segs.xml#id(Bed012.segment.218)..id(Bed012.segment.220)"/>
         <nite:child href="Bed012.C.segs.xml#id(Bed012.segment.221)"/>
         <nite:child href="Bed012.B.segs.xml#id(Bed012.segment.222)..id(Bed012.segment.231)"/>
      </topic>
      <topic nite:id="Bed012.topic.5" description="why not combine nodes?">
         <nite:child href="Bed012.C.segs.xml#id(Bed012.segment.232)..id(Bed012.segment.239)"/>
         <nite:child href="Bed012.B.segs.xml#id(Bed012.segment.240)..id(Bed012.segment.244)"/>
         <nite:child href="Bed012.C.segs.xml#id(Bed012.segment.245)..id(Bed012.segment.246)"/>
         <nite:child href="Bed012.B.segs.xml#id(Bed012.segment.247)..id(Bed012.segment.261)"/>
         <nite:child href="Bed012.C.segs.xml#id(Bed012.segment.262)..id(Bed012.segment.263)"/>
         <nite:child href="Bed012.B.segs.xml#id(Bed012.segment.264)"/>
         <nite:child href="Bed012.C.segs.xml#id(Bed012.segment.265)..id(Bed012.segment.268)"/>
         <nite:child href="Bed012.B.segs.xml#id(Bed012.segment.269)"/>
         <nite:child href="Bed012.C.segs.xml#id(Bed012.segment.270)..id(Bed012.segment.271)"/>
         <nite:child href="Bed012.D.segs.xml#id(Bed012.segment.272)"/>
         <nite:child href="Bed012.C.segs.xml#id(Bed012.segment.273)"/>
         <nite:child href="Bed012.B.segs.xml#id(Bed012.segment.274)"/>
         <nite:child href="Bed012.C.segs.xml#id(Bed012.segment.275)"/>
         <nite:child href="Bed012.B.segs.xml#id(Bed012.segment.276)"/>
         <nite:child href="Bed012.C.segs.xml#id(Bed012.segment.277)"/>
         <nite:child href="Bed012.B.segs.xml#id(Bed012.segment.278)"/>
         <nite:child href="Bed012.C.segs.xml#id(Bed012.segment.279)"/>
         <nite:child href="Bed012.B.segs.xml#id(Bed012.segment.280)"/>
         <nite:child href="Bed012.C.segs.xml#id(Bed012.segment.281)"/>
         <nite:child href="Bed012.B.segs.xml#id(Bed012.segment.282)..id(Bed012.segment.283)"/>
         <nite:child href="Bed012.D.segs.xml#id(Bed012.segment.284)"/>
         <nite:child href="Bed012.B.segs.xml#id(Bed012.segment.285)"/>
         <nite:child href="Bed012.C.segs.xml#id(Bed012.segment.286)"/>
         <nite:child href="Bed012.B.segs.xml#id(Bed012.segment.287)"/>
         <nite:child href="Bed012.C.segs.xml#id(Bed012.segment.288)..id(Bed012.segment.289)"/>
         <nite:child href="Bed012.B.segs.xml#id(Bed012.segment.290)..id(Bed012.segment.291)"/>
         <nite:child href="Bed012.A.segs.xml#id(Bed012.segment.293)"/>
         <nite:child href="Bed012.C.segs.xml#id(Bed012.segment.294)"/>
         <nite:child href="Bed012.B.segs.xml#id(Bed012.segment.295)"/>
         <nite:child href="Bed012.D.segs.xml#id(Bed012.segment.296)"/>
         <nite:child href="Bed012.C.segs.xml#id(Bed012.segment.297)"/>
         <nite:child href="Bed012.A.segs.xml#id(Bed012.segment.298)"/>
         <nite:child href="Bed012.D.segs.xml#id(Bed012.segment.299)"/>
         <nite:child href="Bed012.C.segs.xml#id(Bed012.segment.300)"/>
         <nite:child href="Bed012.B.segs.xml#id(Bed012.segment.302)"/>
         <nite:child href="Bed012.C.segs.xml#id(Bed012.segment.303)"/>
         <nite:child href="Bed012.B.segs.xml#id(Bed012.segment.304)..id(Bed012.segment.306)"/>
         <nite:child href="Bed012.C.segs.xml#id(Bed012.segment.307)"/>
         <nite:child href="Bed012.B.segs.xml#id(Bed012.segment.309)"/>
         <nite:child href="Bed012.C.segs.xml#id(Bed012.segment.308)"/>
         <nite:child href="Bed012.B.segs.xml#id(Bed012.segment.310)"/>
         <nite:child href="Bed012.C.segs.xml#id(Bed012.segment.311)..id(Bed012.segment.314)"/>
         <nite:child href="Bed012.D.segs.xml#id(Bed012.segment.316)"/>
         <nite:child href="Bed012.B.segs.xml#id(Bed012.segment.317)..id(Bed012.segment.319)"/>
         <nite:child href="Bed012.C.segs.xml#id(Bed012.segment.320)..id(Bed012.segment.321)"/>
         <nite:child href="Bed012.B.segs.xml#id(Bed012.segment.322)..id(Bed012.segment.323)"/>
         <nite:child href="Bed012.C.segs.xml#id(Bed012.segment.324)..id(Bed012.segment.325)"/>
         <nite:child href="Bed012.B.segs.xml#id(Bed012.segment.326)..id(Bed012.segment.327)"/>
         <nite:child href="Bed012.D.segs.xml#id(Bed012.segment.328)"/>
         <nite:child href="Bed012.C.segs.xml#id(Bed012.segment.329)"/>
         <nite:child href="Bed012.B.segs.xml#id(Bed012.segment.330)"/>
         <nite:child href="Bed012.C.segs.xml#id(Bed012.segment.331)..id(Bed012.segment.332)"/>
         <nite:child href="Bed012.B.segs.xml#id(Bed012.segment.333)"/>
      </topic>
      <topic nite:id="Bed012.topic.6" description="chitchat">
         <nite:child href="Bed012.C.segs.xml#id(Bed012.segment.334)..id(Bed012.segment.339)"/>
         <nite:child href="Bed012.A.segs.xml#id(Bed012.segment.340)"/>
         <nite:child href="Bed012.C.segs.xml#id(Bed012.segment.341)..id(Bed012.segment.342)"/>
         <nite:child href="Bed012.D.segs.xml#id(Bed012.segment.343)..id(Bed012.segment.345)"/>
         <nite:child href="Bed012.C.segs.xml#id(Bed012.segment.346)..id(Bed012.segment.347)"/>
         <nite:child href="Bed012.D.segs.xml#id(Bed012.segment.348)"/>
         <nite:child href="Bed012.C.segs.xml#id(Bed012.segment.349)"/>
         <nite:child href="Bed012.B.segs.xml#id(Bed012.segment.350)"/>
         <nite:child href="Bed012.D.segs.xml#id(Bed012.segment.351)"/>
         <nite:child href="Bed012.C.segs.xml#id(Bed012.segment.352)"/>
         <nite:child href="Bed012.D.segs.xml#id(Bed012.segment.353)"/>
         <nite:child href="Bed012.B.segs.xml#id(Bed012.segment.354)"/>
         <nite:child href="Bed012.C.segs.xml#id(Bed012.segment.355)"/>
         <nite:child href="Bed012.A.segs.xml#id(Bed012.segment.356)..id(Bed012.segment.357)"/>
         <nite:child href="Bed012.B.segs.xml#id(Bed012.segment.358)"/>
         <nite:child href="Bed012.A.segs.xml#id(Bed012.segment.359)"/>
         <nite:child href="Bed012.B.segs.xml#id(Bed012.segment.360)"/>
         <nite:child href="Bed012.C.segs.xml#id(Bed012.segment.361)..id(Bed012.segment.363)"/>
         <nite:child href="Bed012.B.segs.xml#id(Bed012.segment.362)"/>
         <nite:child href="Bed012.C.segs.xml#id(Bed012.segment.364)..id(Bed012.segment.365)"/>
         <nite:child href="Bed012.A.segs.xml#id(Bed012.segment.366)"/>
         <nite:child href="Bed012.D.segs.xml#id(Bed012.segment.367)"/>
         <nite:child href="Bed012.A.segs.xml#id(Bed012.segment.368)"/>
         <nite:child href="Bed012.B.segs.xml#id(Bed012.segment.369)"/>
         <nite:child href="Bed012.C.segs.xml#id(Bed012.segment.370)"/>
         <nite:child href="Bed012.A.segs.xml#id(Bed012.segment.371)"/>
         <nite:child href="Bed012.C.segs.xml#id(Bed012.segment.372)"/>
         <nite:child href="Bed012.A.segs.xml#id(Bed012.segment.373)"/>
         <nite:child href="Bed012.C.segs.xml#id(Bed012.segment.374)"/>
         <nite:child href="Bed012.A.segs.xml#id(Bed012.segment.375)..id(Bed012.segment.376)"/>
         <nite:child href="Bed012.C.segs.xml#id(Bed012.segment.377)"/>
         <nite:child href="Bed012.B.segs.xml#id(Bed012.segment.378)"/>
         <nite:child href="Bed012.A.segs.xml#id(Bed012.segment.379)"/>
         <nite:child href="Bed012.C.segs.xml#id(Bed012.segment.380)"/>
         <nite:child href="Bed012.A.segs.xml#id(Bed012.segment.381)"/>
      </topic>
      <topic nite:id="Bed012.topic.7" description="'Where is X?' example">
         <nite:child href="Bed012.B.segs.xml#id(Bed012.segment.382)..id(Bed012.segment.383)"/>
         <nite:child href="Bed012.C.segs.xml#id(Bed012.segment.384)"/>
         <nite:child href="Bed012.A.segs.xml#id(Bed012.segment.385)..id(Bed012.segment.386)"/>
         <nite:child href="Bed012.C.segs.xml#id(Bed012.segment.387)"/>
         <nite:child href="Bed012.B.segs.xml#id(Bed012.segment.388)"/>
         <nite:child href="Bed012.C.segs.xml#id(Bed012.segment.389)"/>
         <nite:child href="Bed012.D.segs.xml#id(Bed012.segment.390)"/>
         <nite:child href="Bed012.A.segs.xml#id(Bed012.segment.391)..id(Bed012.segment.392)"/>
         <nite:child href="Bed012.C.segs.xml#id(Bed012.segment.393)"/>
         <nite:child href="Bed012.D.segs.xml#id(Bed012.segment.394)..id(Bed012.segment.396)"/>
         <nite:child href="Bed012.B.segs.xml#id(Bed012.segment.395)"/>
         <nite:child href="Bed012.A.segs.xml#id(Bed012.segment.397)"/>
         <nite:child href="Bed012.C.segs.xml#id(Bed012.segment.398)"/>
         <topic nite:id="Bed012.topic.8" description="relevant decision nodes">
            <nite:child href="Bed012.B.segs.xml#id(Bed012.segment.399)..id(Bed012.segment.400)"/>
            <nite:child href="Bed012.A.segs.xml#id(Bed012.segment.401)"/>
            <nite:child href="Bed012.C.segs.xml#id(Bed012.segment.402)..id(Bed012.segment.403)"/>
            <nite:child href="Bed012.A.segs.xml#id(Bed012.segment.404)"/>
            <nite:child href="Bed012.C.segs.xml#id(Bed012.segment.405)..id(Bed012.segment.406)"/>
            <nite:child href="Bed012.B.segs.xml#id(Bed012.segment.407)"/>
            <nite:child href="Bed012.A.segs.xml#id(Bed012.segment.408)"/>
            <nite:child href="Bed012.B.segs.xml#id(Bed012.segment.409)..id(Bed012.segment.410)"/>
            <nite:child href="Bed012.C.segs.xml#id(Bed012.segment.411)..id(Bed012.segment.412)"/>
            <nite:child href="Bed012.D.segs.xml#id(Bed012.segment.413)"/>
            <nite:child href="Bed012.B.segs.xml#id(Bed012.segment.414)..id(Bed012.segment.417)"/>
            <nite:child href="Bed012.A.segs.xml#id(Bed012.segment.418)"/>
            <nite:child href="Bed012.B.segs.xml#id(Bed012.segment.419)"/>
            <nite:child href="Bed012.A.segs.xml#id(Bed012.segment.420)..id(Bed012.segment.421)"/>
            <nite:child href="Bed012.B.segs.xml#id(Bed012.segment.422)"/>
            <nite:child href="Bed012.A.segs.xml#id(Bed012.segment.423)"/>
            <nite:child href="Bed012.B.segs.xml#id(Bed012.segment.424)"/>
            <nite:child href="Bed012.C.segs.xml#id(Bed012.segment.425)"/>
            <nite:child href="Bed012.B.segs.xml#id(Bed012.segment.426)"/>
            <nite:child href="Bed012.A.segs.xml#id(Bed012.segment.427)"/>
            <nite:child href="Bed012.B.segs.xml#id(Bed012.segment.428)"/>
            <nite:child href="Bed012.A.segs.xml#id(Bed012.segment.429)..id(Bed012.segment.432)"/>
            <nite:child href="Bed012.B.segs.xml#id(Bed012.segment.433)..id(Bed012.segment.435)"/>
            <nite:child href="Bed012.A.segs.xml#id(Bed012.segment.436)..id(Bed012.segment.437)"/>
            <nite:child href="Bed012.C.segs.xml#id(Bed012.segment.438)"/>
            <nite:child href="Bed012.B.segs.xml#id(Bed012.segment.439)..id(Bed012.segment.440)"/>
            <nite:child href="Bed012.D.segs.xml#id(Bed012.segment.441)"/>
            <nite:child href="Bed012.B.segs.xml#id(Bed012.segment.442)"/>
            <nite:child href="Bed012.A.segs.xml#id(Bed012.segment.443)"/>
            <nite:child href="Bed012.D.segs.xml#id(Bed012.segment.444)"/>
            <nite:child href="Bed012.B.segs.xml#id(Bed012.segment.445)"/>
         </topic>
         <topic nite:id="Bed012.topic.9" description="assume evenly weighted?">
            <nite:child href="Bed012.C.segs.xml#id(Bed012.segment.446)"/>
            <nite:child href="Bed012.D.segs.xml#id(Bed012.segment.447)"/>
            <nite:child href="Bed012.C.segs.xml#id(Bed012.segment.448)..id(Bed012.segment.449)"/>
            <nite:child href="Bed012.A.segs.xml#id(Bed012.segment.450)"/>
            <nite:child href="Bed012.C.segs.xml#id(Bed012.segment.451)"/>
            <nite:child href="Bed012.A.segs.xml#id(Bed012.segment.452)..id(Bed012.segment.453)"/>
            <nite:child href="Bed012.C.segs.xml#id(Bed012.segment.454)"/>
            <nite:child href="Bed012.B.segs.xml#id(Bed012.segment.455)"/>
            <nite:child href="Bed012.C.segs.xml#id(Bed012.segment.456)"/>
            <nite:child href="Bed012.A.segs.xml#id(Bed012.segment.457)..id(Bed012.segment.458)"/>
            <nite:child href="Bed012.C.segs.xml#id(Bed012.segment.459)"/>
            <nite:child href="Bed012.A.segs.xml#id(Bed012.segment.460)..id(Bed012.segment.461)"/>
            <nite:child href="Bed012.B.segs.xml#id(Bed012.segment.462)"/>
            <nite:child href="Bed012.A.segs.xml#id(Bed012.segment.463)"/>
            <nite:child href="Bed012.C.segs.xml#id(Bed012.segment.464)"/>
            <nite:child href="Bed012.B.segs.xml#id(Bed012.segment.465)"/>
            <nite:child href="Bed012.C.segs.xml#id(Bed012.segment.466)..id(Bed012.segment.468)"/>
            <nite:child href="Bed012.A.segs.xml#id(Bed012.segment.469)"/>
            <nite:child href="Bed012.C.segs.xml#id(Bed012.segment.470)"/>
            <nite:child href="Bed012.A.segs.xml#id(Bed012.segment.471)"/>
            <nite:child href="Bed012.D.segs.xml#id(Bed012.segment.472)"/>
            <nite:child href="Bed012.C.segs.xml#id(Bed012.segment.473)"/>
            <nite:child href="Bed012.A.segs.xml#id(Bed012.segment.474)"/>
         </topic>
         <topic nite:id="Bed012.topic.10" description="only works with finite constructions?">
            <nite:child href="Bed012.C.segs.xml#id(Bed012.segment.475)..id(Bed012.segment.476)"/>
            <nite:child href="Bed012.B.segs.xml#id(Bed012.segment.477)..id(Bed012.segment.480)"/>
            <nite:child href="Bed012.A.segs.xml#id(Bed012.segment.481)"/>
            <nite:child href="Bed012.D.segs.xml#id(Bed012.segment.482)"/>
            <nite:child href="Bed012.B.segs.xml#id(Bed012.segment.483)"/>
            <nite:child href="Bed012.C.segs.xml#id(Bed012.segment.484)..id(Bed012.segment.486)"/>
            <nite:child href="Bed012.A.segs.xml#id(Bed012.segment.487)"/>
            <nite:child href="Bed012.C.segs.xml#id(Bed012.segment.488)"/>
            <nite:child href="Bed012.A.segs.xml#id(Bed012.segment.489)"/>
            <nite:child href="Bed012.D.segs.xml#id(Bed012.segment.490)"/>
            <nite:child href="Bed012.A.segs.xml#id(Bed012.segment.491)"/>
            <nite:child href="Bed012.C.segs.xml#id(Bed012.segment.492)"/>
            <nite:child href="Bed012.D.segs.xml#id(Bed012.segment.493)..id(Bed012.segment.494)"/>
            <nite:child href="Bed012.B.segs.xml#id(Bed012.segment.495)"/>
            <nite:child href="Bed012.A.segs.xml#id(Bed012.segment.496)"/>
            <nite:child href="Bed012.B.segs.xml#id(Bed012.segment.497)"/>
            <nite:child href="Bed012.C.segs.xml#id(Bed012.segment.498)"/>
            <nite:child href="Bed012.B.segs.xml#id(Bed012.segment.499)..id(Bed012.segment.507)"/>
            <nite:child href="Bed012.A.segs.xml#id(Bed012.segment.508)"/>
            <nite:child href="Bed012.B.segs.xml#id(Bed012.segment.509)"/>
            <nite:child href="Bed012.A.segs.xml#id(Bed012.segment.510)"/>
            <nite:child href="Bed012.B.segs.xml#id(Bed012.segment.511)..id(Bed012.segment.515)"/>
            <nite:child href="Bed012.C.segs.xml#id(Bed012.segment.516)..id(Bed012.segment.518)"/>
            <nite:child href="Bed012.B.segs.xml#id(Bed012.segment.519)"/>
            <nite:child href="Bed012.C.segs.xml#id(Bed012.segment.520)..id(Bed012.segment.522)"/>
            <nite:child href="Bed012.A.segs.xml#id(Bed012.segment.523)"/>
            <nite:child href="Bed012.C.segs.xml#id(Bed012.segment.524)..id(Bed012.segment.525)"/>
            <nite:child href="Bed012.B.segs.xml#id(Bed012.segment.526)"/>
            <nite:child href="Bed012.C.segs.xml#id(Bed012.segment.527)..id(Bed012.segment.528)"/>
            <nite:child href="Bed012.A.segs.xml#id(Bed012.segment.529)"/>
            <nite:child href="Bed012.C.segs.xml#id(Bed012.segment.530)"/>
            <nite:child href="Bed012.A.segs.xml#id(Bed012.segment.531)"/>
            <nite:child href="Bed012.C.segs.xml#id(Bed012.segment.532)..id(Bed012.segment.534)"/>
            <nite:child href="Bed012.A.segs.xml#id(Bed012.segment.535)"/>
            <nite:child href="Bed012.C.segs.xml#id(Bed012.segment.536)"/>
            <nite:child href="Bed012.A.segs.xml#id(Bed012.segment.537)..id(Bed012.segment.538)"/>
            <nite:child href="Bed012.C.segs.xml#id(Bed012.segment.539)"/>
         </topic>
         <nite:child href="Bed012.C.segs.xml#id(Bed012.segment.540)"/>
         <topic nite:id="Bed012.topic.11" description="posterior probabilities">
            <nite:child href="Bed012.C.segs.xml#id(Bed012.segment.541)"/>
            <nite:child href="Bed012.A.segs.xml#id(Bed012.segment.542)"/>
            <nite:child href="Bed012.C.segs.xml#id(Bed012.segment.543)..id(Bed012.segment.544)"/>
            <nite:child href="Bed012.A.segs.xml#id(Bed012.segment.545)..id(Bed012.segment.546)"/>
            <nite:child href="Bed012.B.segs.xml#id(Bed012.segment.547)"/>
            <nite:child href="Bed012.A.segs.xml#id(Bed012.segment.548)"/>
            <nite:child href="Bed012.B.segs.xml#id(Bed012.segment.549)..id(Bed012.segment.556)"/>
            <nite:child href="Bed012.C.segs.xml#id(Bed012.segment.557)"/>
            <nite:child href="Bed012.B.segs.xml#id(Bed012.segment.558)..id(Bed012.segment.560)"/>
            <nite:child href="Bed012.C.segs.xml#id(Bed012.segment.561)"/>
            <nite:child href="Bed012.A.segs.xml#id(Bed012.segment.562)"/>
            <nite:child href="Bed012.B.segs.xml#id(Bed012.segment.563)"/>
            <nite:child href="Bed012.A.segs.xml#id(Bed012.segment.564)"/>
            <nite:child href="Bed012.B.segs.xml#id(Bed012.segment.565)..id(Bed012.segment.569)"/>
            <nite:child href="Bed012.A.segs.xml#id(Bed012.segment.570)"/>
            <nite:child href="Bed012.C.segs.xml#id(Bed012.segment.571)"/>
            <nite:child href="Bed012.B.segs.xml#id(Bed012.segment.572)..id(Bed012.segment.573)"/>
            <nite:child href="Bed012.C.segs.xml#id(Bed012.segment.574)"/>
            <nite:child href="Bed012.A.segs.xml#id(Bed012.segment.575)"/>
            <nite:child href="Bed012.C.segs.xml#id(Bed012.segment.576)"/>
            <nite:child href="Bed012.B.segs.xml#id(Bed012.segment.577)"/>
            <nite:child href="Bed012.C.segs.xml#id(Bed012.segment.578)..id(Bed012.segment.579)"/>
            <nite:child href="Bed012.B.segs.xml#id(Bed012.segment.580)..id(Bed012.segment.581)"/>
            <nite:child href="Bed012.C.segs.xml#id(Bed012.segment.582)"/>
            <nite:child href="Bed012.B.segs.xml#id(Bed012.segment.583)..id(Bed012.segment.585)"/>
            <nite:child href="Bed012.C.segs.xml#id(Bed012.segment.586)"/>
            <nite:child href="Bed012.B.segs.xml#id(Bed012.segment.587)..id(Bed012.segment.588)"/>
            <nite:child href="Bed012.C.segs.xml#id(Bed012.segment.589)"/>
            <nite:child href="Bed012.B.segs.xml#id(Bed012.segment.590)"/>
            <nite:child href="Bed012.C.segs.xml#id(Bed012.segment.591)"/>
            <nite:child href="Bed012.B.segs.xml#id(Bed012.segment.592)..id(Bed012.segment.593)"/>
            <nite:child href="Bed012.C.segs.xml#id(Bed012.segment.594)"/>
            <nite:child href="Bed012.A.segs.xml#id(Bed012.segment.595)"/>
            <nite:child href="Bed012.B.segs.xml#id(Bed012.segment.596)"/>
         </topic>
         <nite:child href="Bed012.C.segs.xml#id(Bed012.segment.597)"/>
         <nite:child href="Bed012.B.segs.xml#id(Bed012.segment.598)..id(Bed012.segment.599)"/>
         <nite:child href="Bed012.A.segs.xml#id(Bed012.segment.600)"/>
         <nite:child href="Bed012.C.segs.xml#id(Bed012.segment.601)"/>
         <nite:child href="Bed012.B.segs.xml#id(Bed012.segment.602)"/>
         <nite:child href="Bed012.C.segs.xml#id(Bed012.segment.603)..id(Bed012.segment.608)"/>
         <nite:child href="Bed012.A.segs.xml#id(Bed012.segment.609)..id(Bed012.segment.610)"/>
         <nite:child href="Bed012.C.segs.xml#id(Bed012.segment.611)..id(Bed012.segment.612)"/>
         <nite:child href="Bed012.A.segs.xml#id(Bed012.segment.613)"/>
         <nite:child href="Bed012.C.segs.xml#id(Bed012.segment.614)..id(Bed012.segment.615)"/>
         <nite:child href="Bed012.A.segs.xml#id(Bed012.segment.616)..id(Bed012.segment.617)"/>
         <nite:child href="Bed012.C.segs.xml#id(Bed012.segment.618)..id(Bed012.segment.619)"/>
         <nite:child href="Bed012.A.segs.xml#id(Bed012.segment.620)"/>
         <nite:child href="Bed012.C.segs.xml#id(Bed012.segment.621)"/>
         <nite:child href="Bed012.A.segs.xml#id(Bed012.segment.622)..id(Bed012.segment.623)"/>
         <nite:child href="Bed012.B.segs.xml#id(Bed012.segment.624)"/>
         <topic nite:id="Bed012.topic.12" description="computing posterior probabilities">
            <nite:child href="Bed012.B.segs.xml#id(Bed012.segment.625)..id(Bed012.segment.637)"/>
            <nite:child href="Bed012.A.segs.xml#id(Bed012.segment.638)"/>
            <nite:child href="Bed012.B.segs.xml#id(Bed012.segment.639)..id(Bed012.segment.652)"/>
            <nite:child href="Bed012.C.segs.xml#id(Bed012.segment.653)..id(Bed012.segment.654)"/>
            <nite:child href="Bed012.B.segs.xml#id(Bed012.segment.655)..id(Bed012.segment.656)"/>
            <nite:child href="Bed012.C.segs.xml#id(Bed012.segment.657)"/>
            <nite:child href="Bed012.D.segs.xml#id(Bed012.segment.658)"/>
            <nite:child href="Bed012.B.segs.xml#id(Bed012.segment.659)"/>
            <nite:child href="Bed012.C.segs.xml#id(Bed012.segment.660)..id(Bed012.segment.663)"/>
            <nite:child href="Bed012.A.segs.xml#id(Bed012.segment.664)"/>
            <nite:child href="Bed012.B.segs.xml#id(Bed012.segment.665)"/>
            <nite:child href="Bed012.C.segs.xml#id(Bed012.segment.666)"/>
            <nite:child href="Bed012.B.segs.xml#id(Bed012.segment.667)"/>
            <nite:child href="Bed012.C.segs.xml#id(Bed012.segment.668)"/>
            <nite:child href="Bed012.B.segs.xml#id(Bed012.segment.669)..id(Bed012.segment.671)"/>
            <nite:child href="Bed012.C.segs.xml#id(Bed012.segment.672)..id(Bed012.segment.675)"/>
            <nite:child href="Bed012.A.segs.xml#id(Bed012.segment.676)"/>
            <nite:child href="Bed012.C.segs.xml#id(Bed012.segment.677)..id(Bed012.segment.678)"/>
            <nite:child href="Bed012.B.segs.xml#id(Bed012.segment.679)"/>
            <nite:child href="Bed012.A.segs.xml#id(Bed012.segment.680)..id(Bed012.segment.681)"/>
            <nite:child href="Bed012.C.segs.xml#id(Bed012.segment.682)"/>
            <nite:child href="Bed012.A.segs.xml#id(Bed012.segment.683)..id(Bed012.segment.686)"/>
            <nite:child href="Bed012.B.segs.xml#id(Bed012.segment.687)..id(Bed012.segment.688)"/>
            <nite:child href="Bed012.A.segs.xml#id(Bed012.segment.689)..id(Bed012.segment.693)"/>
            <nite:child href="Bed012.B.segs.xml#id(Bed012.segment.694)..id(Bed012.segment.695)"/>
            <nite:child href="Bed012.A.segs.xml#id(Bed012.segment.696)..id(Bed012.segment.697)"/>
            <nite:child href="Bed012.B.segs.xml#id(Bed012.segment.698)"/>
            <nite:child href="Bed012.A.segs.xml#id(Bed012.segment.699)"/>
            <nite:child href="Bed012.B.segs.xml#id(Bed012.segment.700)"/>
            <nite:child href="Bed012.A.segs.xml#id(Bed012.segment.701)"/>
            <nite:child href="Bed012.B.segs.xml#id(Bed012.segment.702)"/>
            <nite:child href="Bed012.D.segs.xml#id(Bed012.segment.703)"/>
            <nite:child href="Bed012.B.segs.xml#id(Bed012.segment.704)..id(Bed012.segment.705)"/>
            <nite:child href="Bed012.A.segs.xml#id(Bed012.segment.706)"/>
            <nite:child href="Bed012.B.segs.xml#id(Bed012.segment.707)..id(Bed012.segment.708)"/>
            <nite:child href="Bed012.A.segs.xml#id(Bed012.segment.709)"/>
            <nite:child href="Bed012.B.segs.xml#id(Bed012.segment.710)"/>
            <nite:child href="Bed012.A.segs.xml#id(Bed012.segment.711)"/>
            <nite:child href="Bed012.B.segs.xml#id(Bed012.segment.712)..id(Bed012.segment.717)"/>
            <nite:child href="Bed012.A.segs.xml#id(Bed012.segment.718)..id(Bed012.segment.719)"/>
            <nite:child href="Bed012.C.segs.xml#id(Bed012.segment.720)..id(Bed012.segment.721)"/>
            <nite:child href="Bed012.A.segs.xml#id(Bed012.segment.722)"/>
            <nite:child href="Bed012.C.segs.xml#id(Bed012.segment.723)"/>
            <nite:child href="Bed012.A.segs.xml#id(Bed012.segment.724)..id(Bed012.segment.725)"/>
            <nite:child href="Bed012.C.segs.xml#id(Bed012.segment.726)..id(Bed012.segment.728)"/>
            <nite:child href="Bed012.A.segs.xml#id(Bed012.segment.729)..id(Bed012.segment.730)"/>
         </topic>
      </topic>
      <nite:child href="Bed012.C.segs.xml#id(Bed012.segment.731)"/>
      <nite:child href="Bed012.A.segs.xml#id(Bed012.segment.732)"/>
      <nite:child href="Bed012.C.segs.xml#id(Bed012.segment.733)..id(Bed012.segment.735)"/>
      <nite:child href="Bed012.A.segs.xml#id(Bed012.segment.736)"/>
      <nite:child href="Bed012.C.segs.xml#id(Bed012.segment.737)"/>
      <nite:child href="Bed012.A.segs.xml#id(Bed012.segment.738)..id(Bed012.segment.740)"/>
      <nite:child href="Bed012.C.segs.xml#id(Bed012.segment.741)"/>
      <nite:child href="Bed012.B.segs.xml#id(Bed012.segment.742)"/>
      <nite:child href="Bed012.A.segs.xml#id(Bed012.segment.744)"/>
      <nite:child href="Bed012.C.segs.xml#id(Bed012.segment.743)"/>
      <nite:child href="Bed012.B.segs.xml#id(Bed012.segment.745)"/>
      <nite:child href="Bed012.C.segs.xml#id(Bed012.segment.746)"/>
      <nite:child href="Bed012.B.segs.xml#id(Bed012.segment.747)"/>
      <nite:child href="Bed012.A.segs.xml#id(Bed012.segment.748)"/>
      <nite:child href="Bed012.B.segs.xml#id(Bed012.segment.749)"/>
   </topic>
   <topic nite:id="Bed012.topic.13" description="planning">
      <nite:child href="Bed012.B.segs.xml#id(Bed012.segment.750)"/>
      <nite:child href="Bed012.A.segs.xml#id(Bed012.segment.751)..id(Bed012.segment.753)"/>
      <nite:child href="Bed012.C.segs.xml#id(Bed012.segment.754)"/>
      <nite:child href="Bed012.A.segs.xml#id(Bed012.segment.755)..id(Bed012.segment.758)"/>
      <nite:child href="Bed012.C.segs.xml#id(Bed012.segment.759)"/>
      <nite:child href="Bed012.A.segs.xml#id(Bed012.segment.760)..id(Bed012.segment.764)"/>
      <nite:child href="Bed012.C.segs.xml#id(Bed012.segment.765)"/>
      <nite:child href="Bed012.A.segs.xml#id(Bed012.segment.766)"/>
      <nite:child href="Bed012.B.segs.xml#id(Bed012.segment.767)..id(Bed012.segment.769)"/>
      <nite:child href="Bed012.A.segs.xml#id(Bed012.segment.770)"/>
      <nite:child href="Bed012.B.segs.xml#id(Bed012.segment.771)..id(Bed012.segment.774)"/>
      <nite:child href="Bed012.C.segs.xml#id(Bed012.segment.775)..id(Bed012.segment.776)"/>
      <nite:child href="Bed012.A.segs.xml#id(Bed012.segment.777)"/>
      <nite:child href="Bed012.D.segs.xml#id(Bed012.segment.778)"/>
      <nite:child href="Bed012.B.segs.xml#id(Bed012.segment.779)"/>
      <nite:child href="Bed012.A.segs.xml#id(Bed012.segment.780)"/>
      <nite:child href="Bed012.C.segs.xml#id(Bed012.segment.781)"/>
      <nite:child href="Bed012.A.segs.xml#id(Bed012.segment.782)"/>
      <nite:child href="Bed012.B.segs.xml#id(Bed012.segment.783)..id(Bed012.segment.785)"/>
      <topic nite:id="Bed012.topic.14" description="nodes have/missing">
         <nite:child href="Bed012.B.segs.xml#id(Bed012.segment.786)"/>
         <nite:child href="Bed012.A.segs.xml#id(Bed012.segment.787)"/>
         <nite:child href="Bed012.B.segs.xml#id(Bed012.segment.788)..id(Bed012.segment.789)"/>
         <nite:child href="Bed012.C.segs.xml#id(Bed012.segment.790)..id(Bed012.segment.791)"/>
         <nite:child href="Bed012.D.segs.xml#id(Bed012.segment.792)"/>
         <nite:child href="Bed012.B.segs.xml#id(Bed012.segment.793)"/>
         <nite:child href="Bed012.D.segs.xml#id(Bed012.segment.794)"/>
         <nite:child href="Bed012.B.segs.xml#id(Bed012.segment.795)"/>
         <nite:child href="Bed012.A.segs.xml#id(Bed012.segment.796)"/>
         <nite:child href="Bed012.B.segs.xml#id(Bed012.segment.798)"/>
         <nite:child href="Bed012.C.segs.xml#id(Bed012.segment.797)..id(Bed012.segment.801)"/>
         <nite:child href="Bed012.B.segs.xml#id(Bed012.segment.800)"/>
         <nite:child href="Bed012.C.segs.xml#id(Bed012.segment.802)..id(Bed012.segment.803)"/>
         <nite:child href="Bed012.A.segs.xml#id(Bed012.segment.804)"/>
         <nite:child href="Bed012.B.segs.xml#id(Bed012.segment.805)..id(Bed012.segment.806)"/>
         <nite:child href="Bed012.A.segs.xml#id(Bed012.segment.807)"/>
         <nite:child href="Bed012.C.segs.xml#id(Bed012.segment.808)"/>
         <nite:child href="Bed012.A.segs.xml#id(Bed012.segment.809)..id(Bed012.segment.810)"/>
         <nite:child href="Bed012.C.segs.xml#id(Bed012.segment.811)..id(Bed012.segment.812)"/>
         <nite:child href="Bed012.A.segs.xml#id(Bed012.segment.813)"/>
         <nite:child href="Bed012.C.segs.xml#id(Bed012.segment.814)"/>
         <nite:child href="Bed012.B.segs.xml#id(Bed012.segment.815)"/>
         <nite:child href="Bed012.C.segs.xml#id(Bed012.segment.816)..id(Bed012.segment.819)"/>
         <nite:child href="Bed012.A.segs.xml#id(Bed012.segment.820)"/>
         <nite:child href="Bed012.C.segs.xml#id(Bed012.segment.821)"/>
         <nite:child href="Bed012.A.segs.xml#id(Bed012.segment.822)"/>
         <nite:child href="Bed012.C.segs.xml#id(Bed012.segment.823)"/>
         <nite:child href="Bed012.D.segs.xml#id(Bed012.segment.824)"/>
         <nite:child href="Bed012.A.segs.xml#id(Bed012.segment.825)"/>
         <nite:child href="Bed012.C.segs.xml#id(Bed012.segment.826)"/>
         <nite:child href="Bed012.A.segs.xml#id(Bed012.segment.827)..id(Bed012.segment.828)"/>
         <nite:child href="Bed012.C.segs.xml#id(Bed012.segment.829)..id(Bed012.segment.830)"/>
         <nite:child href="Bed012.A.segs.xml#id(Bed012.segment.831)..id(Bed012.segment.832)"/>
         <nite:child href="Bed012.B.segs.xml#id(Bed012.segment.833)"/>
         <nite:child href="Bed012.A.segs.xml#id(Bed012.segment.834)"/>
         <nite:child href="Bed012.B.segs.xml#id(Bed012.segment.835)..id(Bed012.segment.848)"/>
      </topic>
      <nite:child href="Bed012.B.segs.xml#id(Bed012.segment.849)..id(Bed012.segment.850)"/>
      <nite:child href="Bed012.C.segs.xml#id(Bed012.segment.851)"/>
      <nite:child href="Bed012.B.segs.xml#id(Bed012.segment.852)"/>
      <nite:child href="Bed012.A.segs.xml#id(Bed012.segment.853)"/>
      <nite:child href="Bed012.B.segs.xml#id(Bed012.segment.854)"/>
      <nite:child href="Bed012.C.segs.xml#id(Bed012.segment.855)..id(Bed012.segment.856)"/>
      <nite:child href="Bed012.B.segs.xml#id(Bed012.segment.857)"/>
      <nite:child href="Bed012.A.segs.xml#id(Bed012.segment.858)"/>
      <nite:child href="Bed012.B.segs.xml#id(Bed012.segment.859)"/>
      <nite:child href="Bed012.A.segs.xml#id(Bed012.segment.860)"/>
      <nite:child href="Bed012.D.segs.xml#id(Bed012.segment.861)"/>
      <nite:child href="Bed012.C.segs.xml#id(Bed012.segment.862)"/>
      <nite:child href="Bed012.B.segs.xml#id(Bed012.segment.863)"/>
      <nite:child href="Bed012.C.segs.xml#id(Bed012.segment.864)"/>
      <nite:child href="Bed012.B.segs.xml#id(Bed012.segment.865)"/>
      <nite:child href="Bed012.C.segs.xml#id(Bed012.segment.866)"/>
      <nite:child href="Bed012.A.segs.xml#id(Bed012.segment.867)"/>
      <nite:child href="Bed012.B.segs.xml#id(Bed012.segment.868)"/>
      <nite:child href="Bed012.A.segs.xml#id(Bed012.segment.869)..id(Bed012.segment.870)"/>
      <nite:child href="Bed012.C.segs.xml#id(Bed012.segment.871)"/>
      <nite:child href="Bed012.D.segs.xml#id(Bed012.segment.872)"/>
      <nite:child href="Bed012.B.segs.xml#id(Bed012.segment.873)..id(Bed012.segment.876)"/>
      <nite:child href="Bed012.C.segs.xml#id(Bed012.segment.877)"/>
      <nite:child href="Bed012.A.segs.xml#id(Bed012.segment.878)"/>
      <nite:child href="Bed012.B.segs.xml#id(Bed012.segment.879)"/>
      <nite:child href="Bed012.A.segs.xml#id(Bed012.segment.880)..id(Bed012.segment.881)"/>
      <nite:child href="Bed012.B.segs.xml#id(Bed012.segment.882)"/>
      <nite:child href="Bed012.C.segs.xml#id(Bed012.segment.884)"/>
      <nite:child href="Bed012.A.segs.xml#id(Bed012.segment.885)"/>
      <nite:child href="Bed012.C.segs.xml#id(Bed012.segment.886)"/>
      <nite:child href="Bed012.A.segs.xml#id(Bed012.segment.887)"/>
      <nite:child href="Bed012.B.segs.xml#id(Bed012.segment.888)..id(Bed012.segment.889)"/>
      <nite:child href="Bed012.C.segs.xml#id(Bed012.segment.890)"/>
      <nite:child href="Bed012.B.segs.xml#id(Bed012.segment.891)"/>
      <nite:child href="Bed012.D.segs.xml#id(Bed012.segment.892)"/>
      <nite:child href="Bed012.A.segs.xml#id(Bed012.segment.893)"/>
      <nite:child href="Bed012.C.segs.xml#id(Bed012.segment.894)"/>
      <nite:child href="Bed012.A.segs.xml#id(Bed012.segment.896)"/>
      <nite:child href="Bed012.C.segs.xml#id(Bed012.segment.895)..id(Bed012.segment.897)"/>
      <nite:child href="Bed012.B.segs.xml#id(Bed012.segment.898)"/>
      <nite:child href="Bed012.C.segs.xml#id(Bed012.segment.899)"/>
      <nite:child href="Bed012.B.segs.xml#id(Bed012.segment.900)"/>
      <nite:child href="Bed012.C.segs.xml#id(Bed012.segment.901)"/>
      <nite:child href="Bed012.B.segs.xml#id(Bed012.segment.902)"/>
      <nite:child href="Bed012.A.segs.xml#id(Bed012.segment.903)"/>
      <nite:child href="Bed012.B.segs.xml#id(Bed012.segment.904)..id(Bed012.segment.907)"/>
      <nite:child href="Bed012.C.segs.xml#id(Bed012.segment.908)"/>
      <nite:child href="Bed012.B.segs.xml#id(Bed012.segment.909)"/>
      <topic nite:id="Bed012.topic.15" description="meeting Tuesday">
         <nite:child href="Bed012.B.segs.xml#id(Bed012.segment.910)..id(Bed012.segment.911)"/>
         <nite:child href="Bed012.D.segs.xml#id(Bed012.segment.912)"/>
         <nite:child href="Bed012.B.segs.xml#id(Bed012.segment.913)..id(Bed012.segment.914)"/>
         <nite:child href="Bed012.C.segs.xml#id(Bed012.segment.915)"/>
         <nite:child href="Bed012.B.segs.xml#id(Bed012.segment.917)..id(Bed012.segment.925)"/>
         <nite:child href="Bed012.C.segs.xml#id(Bed012.segment.926)"/>
         <nite:child href="Bed012.B.segs.xml#id(Bed012.segment.927)"/>
         <nite:child href="Bed012.C.segs.xml#id(Bed012.segment.928)"/>
         <nite:child href="Bed012.D.segs.xml#id(Bed012.segment.929)"/>
         <nite:child href="Bed012.B.segs.xml#id(Bed012.segment.930)"/>
         <nite:child href="Bed012.A.segs.xml#id(Bed012.segment.931)"/>
         <nite:child href="Bed012.D.segs.xml#id(Bed012.segment.932)"/>
         <nite:child href="Bed012.B.segs.xml#id(Bed012.segment.933)"/>
         <nite:child href="Bed012.A.segs.xml#id(Bed012.segment.934)"/>
         <nite:child href="Bed012.B.segs.xml#id(Bed012.segment.935)"/>
         <nite:child href="Bed012.C.segs.xml#id(Bed012.segment.936)"/>
         <nite:child href="Bed012.D.segs.xml#id(Bed012.segment.937)"/>
         <nite:child href="Bed012.B.segs.xml#id(Bed012.segment.938)"/>
         <nite:child href="Bed012.D.segs.xml#id(Bed012.segment.939)"/>
         <nite:child href="Bed012.B.segs.xml#id(Bed012.segment.940)..id(Bed012.segment.942)"/>
         <nite:child href="Bed012.D.segs.xml#id(Bed012.segment.943)"/>
         <nite:child href="Bed012.B.segs.xml#id(Bed012.segment.944)"/>
         <nite:child href="Bed012.D.segs.xml#id(Bed012.segment.945)"/>
         <nite:child href="Bed012.C.segs.xml#id(Bed012.segment.946)"/>
         <nite:child href="Bed012.D.segs.xml#id(Bed012.segment.947)"/>
         <nite:child href="Bed012.C.segs.xml#id(Bed012.segment.948)"/>
         <nite:child href="Bed012.A.segs.xml#id(Bed012.segment.949)"/>
         <nite:child href="Bed012.D.segs.xml#id(Bed012.segment.950)"/>
         <nite:child href="Bed012.B.segs.xml#id(Bed012.segment.951)..id(Bed012.segment.952)"/>
         <nite:child href="Bed012.D.segs.xml#id(Bed012.segment.953)"/>
         <nite:child href="Bed012.B.segs.xml#id(Bed012.segment.954)"/>
         <nite:child href="Bed012.D.segs.xml#id(Bed012.segment.955)"/>
         <nite:child href="Bed012.C.segs.xml#id(Bed012.segment.956)..id(Bed012.segment.957)"/>
         <nite:child href="Bed012.A.segs.xml#id(Bed012.segment.958)"/>
         <nite:child href="Bed012.B.segs.xml#id(Bed012.segment.959)"/>
         <nite:child href="Bed012.C.segs.xml#id(Bed012.segment.960)"/>
         <nite:child href="Bed012.B.segs.xml#id(Bed012.segment.961)"/>
         <nite:child href="Bed012.C.segs.xml#id(Bed012.segment.962)..id(Bed012.segment.963)"/>
         <nite:child href="Bed012.B.segs.xml#id(Bed012.segment.964)..id(Bed012.segment.965)"/>
         <nite:child href="Bed012.C.segs.xml#id(Bed012.segment.966)..id(Bed012.segment.967)"/>
      </topic>
      <nite:child href="Bed012.C.segs.xml#id(Bed012.segment.968)..id(Bed012.segment.969)"/>
      <nite:child href="Bed012.A.segs.xml#id(Bed012.segment.970)"/>
      <nite:child href="Bed012.B.segs.xml#id(Bed012.segment.971)..id(Bed012.segment.976)"/>
      <nite:child href="Bed012.C.segs.xml#id(Bed012.segment.977)..id(Bed012.segment.978)"/>
      <nite:child href="Bed012.B.segs.xml#id(Bed012.segment.979)"/>
      <nite:child href="Bed012.A.segs.xml#id(Bed012.segment.980)"/>
      <nite:child href="Bed012.B.segs.xml#id(Bed012.segment.981)"/>
      <nite:child href="Bed012.C.segs.xml#id(Bed012.segment.982)"/>
      <topic nite:id="Bed012.topic.16" description="dummy values">
         <nite:child href="Bed012.B.segs.xml#id(Bed012.segment.983)..id(Bed012.segment.984)"/>
         <nite:child href="Bed012.A.segs.xml#id(Bed012.segment.985)"/>
         <nite:child href="Bed012.B.segs.xml#id(Bed012.segment.986)"/>
         <nite:child href="Bed012.A.segs.xml#id(Bed012.segment.987)"/>
         <nite:child href="Bed012.B.segs.xml#id(Bed012.segment.988)..id(Bed012.segment.989)"/>
         <nite:child href="Bed012.A.segs.xml#id(Bed012.segment.990)"/>
         <nite:child href="Bed012.D.segs.xml#id(Bed012.segment.991)"/>
         <nite:child href="Bed012.A.segs.xml#id(Bed012.segment.992)"/>
         <nite:child href="Bed012.B.segs.xml#id(Bed012.segment.993)"/>
         <nite:child href="Bed012.A.segs.xml#id(Bed012.segment.994)"/>
         <nite:child href="Bed012.B.segs.xml#id(Bed012.segment.995)"/>
         <nite:child href="Bed012.A.segs.xml#id(Bed012.segment.996)"/>
         <nite:child href="Bed012.B.segs.xml#id(Bed012.segment.997)"/>
         <nite:child href="Bed012.A.segs.xml#id(Bed012.segment.998)"/>
         <nite:child href="Bed012.B.segs.xml#id(Bed012.segment.999)"/>
         <nite:child href="Bed012.A.segs.xml#id(Bed012.segment.1,000)"/>
         <nite:child href="Bed012.D.segs.xml#id(Bed012.segment.1,001)..id(Bed012.segment.1,002)"/>
         <nite:child href="Bed012.A.segs.xml#id(Bed012.segment.1,003)"/>
         <nite:child href="Bed012.B.segs.xml#id(Bed012.segment.1,004)"/>
         <nite:child href="Bed012.D.segs.xml#id(Bed012.segment.1,005)"/>
         <nite:child href="Bed012.B.segs.xml#id(Bed012.segment.1,006)..id(Bed012.segment.1,008)"/>
         <nite:child href="Bed012.D.segs.xml#id(Bed012.segment.1,009)"/>
         <nite:child href="Bed012.B.segs.xml#id(Bed012.segment.1,010)..id(Bed012.segment.1,011)"/>
         <nite:child href="Bed012.D.segs.xml#id(Bed012.segment.1,012)"/>
         <nite:child href="Bed012.A.segs.xml#id(Bed012.segment.1,013)"/>
         <nite:child href="Bed012.B.segs.xml#id(Bed012.segment.1,014)"/>
         <nite:child href="Bed012.D.segs.xml#id(Bed012.segment.1,015)"/>
         <nite:child href="Bed012.C.segs.xml#id(Bed012.segment.1,016)"/>
         <nite:child href="Bed012.B.segs.xml#id(Bed012.segment.1,017)"/>
         <nite:child href="Bed012.A.segs.xml#id(Bed012.segment.1,018)"/>
         <nite:child href="Bed012.B.segs.xml#id(Bed012.segment.1,019)..id(Bed012.segment.1,021)"/>
         <nite:child href="Bed012.C.segs.xml#id(Bed012.segment.1,022)"/>
         <nite:child href="Bed012.A.segs.xml#id(Bed012.segment.1,023)"/>
         <nite:child href="Bed012.B.segs.xml#id(Bed012.segment.1,024)"/>
         <nite:child href="Bed012.A.segs.xml#id(Bed012.segment.1,025)"/>
         <nite:child href="Bed012.D.segs.xml#id(Bed012.segment.1,026)"/>
         <nite:child href="Bed012.B.segs.xml#id(Bed012.segment.1,027)"/>
         <nite:child href="Bed012.A.segs.xml#id(Bed012.segment.1,028)"/>
      </topic>
      <topic nite:id="Bed012.topic.17" description="chitchat">
         <nite:child href="Bed012.C.segs.xml#id(Bed012.segment.1,029)"/>
         <nite:child href="Bed012.A.segs.xml#id(Bed012.segment.1,030)"/>
         <nite:child href="Bed012.C.segs.xml#id(Bed012.segment.1,031)..id(Bed012.segment.1,033)"/>
         <nite:child href="Bed012.A.segs.xml#id(Bed012.segment.1,034)"/>
         <nite:child href="Bed012.C.segs.xml#id(Bed012.segment.1,035)..id(Bed012.segment.1,038)"/>
         <nite:child href="Bed012.D.segs.xml#id(Bed012.segment.1,039)"/>
         <nite:child href="Bed012.A.segs.xml#id(Bed012.segment.1,040)..id(Bed012.segment.1,041)"/>
         <nite:child href="Bed012.C.segs.xml#id(Bed012.segment.1,042)"/>
         <nite:child href="Bed012.A.segs.xml#id(Bed012.segment.1,043)..id(Bed012.segment.1,044)"/>
         <nite:child href="Bed012.C.segs.xml#id(Bed012.segment.1,045)"/>
         <nite:child href="Bed012.D.segs.xml#id(Bed012.segment.1,046)"/>
         <nite:child href="Bed012.A.segs.xml#id(Bed012.segment.1,047)"/>
         <nite:child href="Bed012.B.segs.xml#id(Bed012.segment.1,048)"/>
         <nite:child href="Bed012.D.segs.xml#id(Bed012.segment.1,049)"/>
         <nite:child href="Bed012.A.segs.xml#id(Bed012.segment.1,050)"/>
         <nite:child href="Bed012.B.segs.xml#id(Bed012.segment.1,051)"/>
         <nite:child href="Bed012.C.segs.xml#id(Bed012.segment.1,052)"/>
         <nite:child href="Bed012.D.segs.xml#id(Bed012.segment.1,053)"/>
         <nite:child href="Bed012.C.segs.xml#id(Bed012.segment.1,054)..id(Bed012.segment.1,056)"/>
         <nite:child href="Bed012.B.segs.xml#id(Bed012.segment.1,057)"/>
         <nite:child href="Bed012.A.segs.xml#id(Bed012.segment.1,058)"/>
         <nite:child href="Bed012.D.segs.xml#id(Bed012.segment.1,059)"/>
         <nite:child href="Bed012.C.segs.xml#id(Bed012.segment.1,060)"/>
         <nite:child href="Bed012.B.segs.xml#id(Bed012.segment.1,061)"/>
         <nite:child href="Bed012.C.segs.xml#id(Bed012.segment.1,062)"/>
         <nite:child href="Bed012.D.segs.xml#id(Bed012.segment.1,063)"/>
         <nite:child href="Bed012.C.segs.xml#id(Bed012.segment.1,064)"/>
         <nite:child href="Bed012.D.segs.xml#id(Bed012.segment.1,065)"/>
         <nite:child href="Bed012.A.segs.xml#id(Bed012.segment.1,066)"/>
         <nite:child href="Bed012.C.segs.xml#id(Bed012.segment.1,067)"/>
         <nite:child href="Bed012.D.segs.xml#id(Bed012.segment.1,068)"/>
         <nite:child href="Bed012.C.segs.xml#id(Bed012.segment.1,069)"/>
         <nite:child href="Bed012.D.segs.xml#id(Bed012.segment.1,070)"/>
         <nite:child href="Bed012.C.segs.xml#id(Bed012.segment.1,071)"/>
         <nite:child href="Bed012.D.segs.xml#id(Bed012.segment.1,072)"/>
         <nite:child href="Bed012.C.segs.xml#id(Bed012.segment.1,073)"/>
         <nite:child href="Bed012.B.segs.xml#id(Bed012.segment.1,074)"/>
         <nite:child href="Bed012.C.segs.xml#id(Bed012.segment.1,075)"/>
         <nite:child href="Bed012.D.segs.xml#id(Bed012.segment.1,076)"/>
         <nite:child href="Bed012.B.segs.xml#id(Bed012.segment.1,077)"/>
         <nite:child href="Bed012.D.segs.xml#id(Bed012.segment.1,078)"/>
         <nite:child href="Bed012.C.segs.xml#id(Bed012.segment.1,079)"/>
         <nite:child href="Bed012.D.segs.xml#id(Bed012.segment.1,080)..id(Bed012.segment.1,081)"/>
         <nite:child href="Bed012.B.segs.xml#id(Bed012.segment.1,082)"/>
         <nite:child href="Bed012.C.segs.xml#id(Bed012.segment.1,084)"/>
         <nite:child href="Bed012.D.segs.xml#id(Bed012.segment.1,083)..id(Bed012.segment.1,085)"/>
         <nite:child href="Bed012.C.segs.xml#id(Bed012.segment.1,086)"/>
         <nite:child href="Bed012.D.segs.xml#id(Bed012.segment.1,087)..id(Bed012.segment.1,088)"/>
      </topic>
      <nite:child href="Bed012.A.segs.xml#id(Bed012.segment.1,089)"/>
      <nite:child href="Bed012.B.segs.xml#id(Bed012.segment.1,090)..id(Bed012.segment.1,091)"/>
      <nite:child href="Bed012.C.segs.xml#id(Bed012.segment.1,092)"/>
      <nite:child href="Bed012.B.segs.xml#id(Bed012.segment.1,094)..id(Bed012.segment.1,099)"/>
      <nite:child href="Bed012.A.segs.xml#id(Bed012.segment.1,100)"/>
      <nite:child href="Bed012.B.segs.xml#id(Bed012.segment.1,101)"/>
      <nite:child href="Bed012.A.segs.xml#id(Bed012.segment.1,102)"/>
      <nite:child href="Bed012.B.segs.xml#id(Bed012.segment.1,103)..id(Bed012.segment.1,105)"/>
   </topic>
   <topic nite:id="Bed012.topic.18" description="constructions">
      <nite:child href="Bed012.C.segs.xml#id(Bed012.segment.1,106)..id(Bed012.segment.1,108)"/>
      <nite:child href="Bed012.B.segs.xml#id(Bed012.segment.1,109)"/>
      <nite:child href="Bed012.C.segs.xml#id(Bed012.segment.1,110)"/>
      <nite:child href="Bed012.B.segs.xml#id(Bed012.segment.1,111)"/>
      <nite:child href="Bed012.C.segs.xml#id(Bed012.segment.1,112)"/>
      <nite:child href="Bed012.B.segs.xml#id(Bed012.segment.1,113)"/>
      <nite:child href="Bed012.C.segs.xml#id(Bed012.segment.1,114)..id(Bed012.segment.1,115)"/>
      <nite:child href="Bed012.B.segs.xml#id(Bed012.segment.1,116)"/>
      <nite:child href="Bed012.C.segs.xml#id(Bed012.segment.1,117)..id(Bed012.segment.1,118)"/>
      <nite:child href="Bed012.B.segs.xml#id(Bed012.segment.1,119)"/>
      <nite:child href="Bed012.D.segs.xml#id(Bed012.segment.1,120)"/>
      <nite:child href="Bed012.C.segs.xml#id(Bed012.segment.1,121)..id(Bed012.segment.1,124)"/>
      <nite:child href="Bed012.A.segs.xml#id(Bed012.segment.1,125)..id(Bed012.segment.1,128)"/>
      <nite:child href="Bed012.C.segs.xml#id(Bed012.segment.1,129)"/>
      <nite:child href="Bed012.A.segs.xml#id(Bed012.segment.1,130)"/>
      <nite:child href="Bed012.C.segs.xml#id(Bed012.segment.1,131)"/>
      <nite:child href="Bed012.A.segs.xml#id(Bed012.segment.1,132)"/>
      <nite:child href="Bed012.C.segs.xml#id(Bed012.segment.1,133)"/>
      <nite:child href="Bed012.A.segs.xml#id(Bed012.segment.1,134)"/>
      <nite:child href="Bed012.C.segs.xml#id(Bed012.segment.1,135)"/>
      <nite:child href="Bed012.A.segs.xml#id(Bed012.segment.1,136)"/>
      <nite:child href="Bed012.C.segs.xml#id(Bed012.segment.1,137)..id(Bed012.segment.1,138)"/>
      <nite:child href="Bed012.A.segs.xml#id(Bed012.segment.1,139)"/>
      <nite:child href="Bed012.B.segs.xml#id(Bed012.segment.1,140)"/>
      <nite:child href="Bed012.C.segs.xml#id(Bed012.segment.1,141)"/>
      <nite:child href="Bed012.B.segs.xml#id(Bed012.segment.1,142)"/>
      <nite:child href="Bed012.C.segs.xml#id(Bed012.segment.1,143)..id(Bed012.segment.1,146)"/>
      <nite:child href="Bed012.A.segs.xml#id(Bed012.segment.1,147)"/>
      <nite:child href="Bed012.C.segs.xml#id(Bed012.segment.1,148)"/>
      <nite:child href="Bed012.A.segs.xml#id(Bed012.segment.1,149)..id(Bed012.segment.1,151)"/>
      <nite:child href="Bed012.C.segs.xml#id(Bed012.segment.1,150)..id(Bed012.segment.1,152)"/>
      <nite:child href="Bed012.B.segs.xml#id(Bed012.segment.1,153)"/>
      <nite:child href="Bed012.A.segs.xml#id(Bed012.segment.1,154)"/>
      <nite:child href="Bed012.B.segs.xml#id(Bed012.segment.1,155)..id(Bed012.segment.1,160)"/>
      <nite:child href="Bed012.C.segs.xml#id(Bed012.segment.1,161)"/>
      <nite:child href="Bed012.B.segs.xml#id(Bed012.segment.1,162)"/>
      <nite:child href="Bed012.C.segs.xml#id(Bed012.segment.1,163)"/>
      <nite:child href="Bed012.D.segs.xml#id(Bed012.segment.1,164)"/>
      <nite:child href="Bed012.A.segs.xml#id(Bed012.segment.1,165)"/>
      <nite:child href="Bed012.B.segs.xml#id(Bed012.segment.1,166)"/>
      <nite:child href="Bed012.A.segs.xml#id(Bed012.segment.1,167)..id(Bed012.segment.1,168)"/>
      <nite:child href="Bed012.C.segs.xml#id(Bed012.segment.1,169)"/>
      <nite:child href="Bed012.A.segs.xml#id(Bed012.segment.1,170)"/>
      <nite:child href="Bed012.C.segs.xml#id(Bed012.segment.1,171)"/>
      <nite:child href="Bed012.B.segs.xml#id(Bed012.segment.1,172)"/>
      <nite:child href="Bed012.C.segs.xml#id(Bed012.segment.1,173)..id(Bed012.segment.1,174)"/>
      <nite:child href="Bed012.A.segs.xml#id(Bed012.segment.1,175)"/>
      <nite:child href="Bed012.D.segs.xml#id(Bed012.segment.1,176)"/>
      <nite:child href="Bed012.C.segs.xml#id(Bed012.segment.1,177)..id(Bed012.segment.1,178)"/>
      <nite:child href="Bed012.A.segs.xml#id(Bed012.segment.1,179)"/>
      <nite:child href="Bed012.C.segs.xml#id(Bed012.segment.1,180)"/>
      <nite:child href="Bed012.A.segs.xml#id(Bed012.segment.1,181)"/>
      <nite:child href="Bed012.D.segs.xml#id(Bed012.segment.1,182)"/>
      <nite:child href="Bed012.C.segs.xml#id(Bed012.segment.1,183)..id(Bed012.segment.1,184)"/>
      <nite:child href="Bed012.A.segs.xml#id(Bed012.segment.1,185)"/>
      <nite:child href="Bed012.C.segs.xml#id(Bed012.segment.1,186)..id(Bed012.segment.1,188)"/>
   </topic>
   <topic nite:id="Bed012.topic.19" description="closing">
      <nite:child href="Bed012.D.segs.xml#id(Bed012.segment.1,189)"/>
      <nite:child href="Bed012.A.segs.xml#id(Bed012.segment.1,190)"/>
      <nite:child href="Bed012.B.segs.xml#id(Bed012.segment.1,191)"/>
      <nite:child href="Bed012.C.segs.xml#id(Bed012.segment.1,192)..id(Bed012.segment.1,195)"/>
      <nite:child href="Bed012.B.segs.xml#id(Bed012.segment.1,196)"/>
      <nite:child href="Bed012.C.segs.xml#id(Bed012.segment.1,197)"/>
      <nite:child href="Bed012.B.segs.xml#id(Bed012.segment.1,198)"/>
      <nite:child href="Bed012.A.segs.xml#id(Bed012.segment.1,199)"/>
      <nite:child href="Bed012.B.segs.xml#id(Bed012.segment.1,200)"/>
      <nite:child href="Bed012.C.segs.xml#id(Bed012.segment.1,201)"/>
      <nite:child href="Bed012.A.segs.xml#id(Bed012.segment.1,202)"/>
      <nite:child href="Bed012.B.segs.xml#id(Bed012.segment.1,203)..id(Bed012.segment.1,204)"/>
      <nite:child href="Bed012.C.segs.xml#id(Bed012.segment.1,205)"/>
      <nite:child href="Bed012.D.segs.xml#id(Bed012.segment.1,207)"/>
      <nite:child href="Bed012.A.segs.xml#id(Bed012.segment.1,208)..id(Bed012.segment.1,209)"/>
   </topic>
</nite:root>