<?xml version="1.0" encoding="ISO-8859-1" standalone="yes"?>
<nite:root nite:id="Bmr002.topic" xmlns:nite="http://nite.sourceforge.net/">
   <topic nite:id="Bmr002.topic.1" description="opening">
      <nite:child href="Bmr002.D.segs.xml#id(Bmr002.segment.1)"/>
      <nite:child href="Bmr002.B.segs.xml#id(Bmr002.segment.2)"/>
      <nite:child href="Bmr002.C.segs.xml#id(Bmr002.segment.3)"/>
      <nite:child href="Bmr002.B.segs.xml#id(Bmr002.segment.4)..id(Bmr002.segment.9)"/>
      <nite:child href="Bmr002.A.segs.xml#id(Bmr002.segment.10)"/>
      <nite:child href="Bmr002.C.segs.xml#id(Bmr002.segment.11)..id(Bmr002.segment.12)"/>
      <nite:child href="Bmr002.B.segs.xml#id(Bmr002.segment.13)"/>
      <nite:child href="Bmr002.C.segs.xml#id(Bmr002.segment.14)"/>
      <nite:child href="Bmr002.B.segs.xml#id(Bmr002.segment.15)"/>
      <nite:child href="Bmr002.C.segs.xml#id(Bmr002.segment.16)"/>
      <nite:child href="Bmr002.B.segs.xml#id(Bmr002.segment.17)..id(Bmr002.segment.18)"/>
      <nite:child href="Bmr002.C.segs.xml#id(Bmr002.segment.19)..id(Bmr002.segment.21)"/>
      <nite:child href="Bmr002.A.segs.xml#id(Bmr002.segment.20)"/>
      <nite:child href="Bmr002.C.segs.xml#id(Bmr002.segment.22)..id(Bmr002.segment.23)"/>
      <nite:child href="Bmr002.B.segs.xml#id(Bmr002.segment.24)"/>
      <nite:child href="Bmr002.C.segs.xml#id(Bmr002.segment.25)"/>
      <nite:child href="Bmr002.B.segs.xml#id(Bmr002.segment.27)"/>
      <nite:child href="Bmr002.C.segs.xml#id(Bmr002.segment.28)..id(Bmr002.segment.29)"/>
      <nite:child href="Bmr002.A.segs.xml#id(Bmr002.segment.30)"/>
      <nite:child href="Bmr002.C.segs.xml#id(Bmr002.segment.31)"/>
      <nite:child href="Bmr002.A.segs.xml#id(Bmr002.segment.32)"/>
      <nite:child href="Bmr002.B.segs.xml#id(Bmr002.segment.33)..id(Bmr002.segment.37)"/>
      <nite:child href="Bmr002.D.segs.xml#id(Bmr002.segment.38)"/>
      <nite:child href="Bmr002.C.segs.xml#id(Bmr002.segment.39)..id(Bmr002.segment.40)"/>
      <nite:child href="Bmr002.B.segs.xml#id(Bmr002.segment.41)..id(Bmr002.segment.42)"/>
      <nite:child href="Bmr002.D.segs.xml#id(Bmr002.segment.43)"/>
      <nite:child href="Bmr002.A.segs.xml#id(Bmr002.segment.44)"/>
      <nite:child href="Bmr002.D.segs.xml#id(Bmr002.segment.45)..id(Bmr002.segment.49)"/>
      <nite:child href="Bmr002.B.segs.xml#id(Bmr002.segment.50)"/>
      <nite:child href="Bmr002.D.segs.xml#id(Bmr002.segment.51)"/>
      <nite:child href="Bmr002.C.segs.xml#id(Bmr002.segment.52)..id(Bmr002.segment.53)"/>
      <nite:child href="Bmr002.D.segs.xml#id(Bmr002.segment.54)..id(Bmr002.segment.55)"/>
      <nite:child href="Bmr002.B.segs.xml#id(Bmr002.segment.56)"/>
      <nite:child href="Bmr002.D.segs.xml#id(Bmr002.segment.57)"/>
      <nite:child href="Bmr002.B.segs.xml#id(Bmr002.segment.58)"/>
      <nite:child href="Bmr002.C.segs.xml#id(Bmr002.segment.59)"/>
      <nite:child href="Bmr002.D.segs.xml#id(Bmr002.segment.60)"/>
      <nite:child href="Bmr002.C.segs.xml#id(Bmr002.segment.61)"/>
      <nite:child href="Bmr002.B.segs.xml#id(Bmr002.segment.62)"/>
      <nite:child href="Bmr002.C.segs.xml#id(Bmr002.segment.63)"/>
      <nite:child href="Bmr002.B.segs.xml#id(Bmr002.segment.64)"/>
      <nite:child href="Bmr002.C.segs.xml#id(Bmr002.segment.65)..id(Bmr002.segment.66)"/>
      <nite:child href="Bmr002.B.segs.xml#id(Bmr002.segment.67)"/>
      <nite:child href="Bmr002.D.segs.xml#id(Bmr002.segment.68)"/>
      <nite:child href="Bmr002.C.segs.xml#id(Bmr002.segment.69)"/>
      <nite:child href="Bmr002.B.segs.xml#id(Bmr002.segment.70)..id(Bmr002.segment.71)"/>
      <nite:child href="Bmr002.D.segs.xml#id(Bmr002.segment.72)..id(Bmr002.segment.73)"/>
      <nite:child href="Bmr002.B.segs.xml#id(Bmr002.segment.74)"/>
      <nite:child href="Bmr002.A.segs.xml#id(Bmr002.segment.75)"/>
      <nite:child href="Bmr002.D.segs.xml#id(Bmr002.segment.76)"/>
      <nite:child href="Bmr002.C.segs.xml#id(Bmr002.segment.77)..id(Bmr002.segment.78)"/>
      <nite:child href="Bmr002.A.segs.xml#id(Bmr002.segment.79)..id(Bmr002.segment.80)"/>
      <nite:child href="Bmr002.B.segs.xml#id(Bmr002.segment.81)..id(Bmr002.segment.82)"/>
      <nite:child href="Bmr002.C.segs.xml#id(Bmr002.segment.83)"/>
      <nite:child href="Bmr002.D.segs.xml#id(Bmr002.segment.84)"/>
      <nite:child href="Bmr002.B.segs.xml#id(Bmr002.segment.85)"/>
      <nite:child href="Bmr002.D.segs.xml#id(Bmr002.segment.86)"/>
      <nite:child href="Bmr002.B.segs.xml#id(Bmr002.segment.87)"/>
      <nite:child href="Bmr002.D.segs.xml#id(Bmr002.segment.88)..id(Bmr002.segment.91)"/>
      <nite:child href="Bmr002.B.segs.xml#id(Bmr002.segment.90)..id(Bmr002.segment.93)"/>
      <nite:child href="Bmr002.D.segs.xml#id(Bmr002.segment.94)"/>
      <nite:child href="Bmr002.B.segs.xml#id(Bmr002.segment.95)..id(Bmr002.segment.96)"/>
      <nite:child href="Bmr002.A.segs.xml#id(Bmr002.segment.97)"/>
      <nite:child href="Bmr002.B.segs.xml#id(Bmr002.segment.98)"/>
      <nite:child href="Bmr002.A.segs.xml#id(Bmr002.segment.99)"/>
      <nite:child href="Bmr002.B.segs.xml#id(Bmr002.segment.100)"/>
      <nite:child href="Bmr002.A.segs.xml#id(Bmr002.segment.101)"/>
      <nite:child href="Bmr002.B.segs.xml#id(Bmr002.segment.102)"/>
      <nite:child href="Bmr002.C.segs.xml#id(Bmr002.segment.104)..id(Bmr002.segment.111)"/>
      <nite:child href="Bmr002.B.segs.xml#id(Bmr002.segment.112)"/>
      <nite:child href="Bmr002.D.segs.xml#id(Bmr002.segment.113)..id(Bmr002.segment.114)"/>
      <nite:child href="Bmr002.C.segs.xml#id(Bmr002.segment.115)"/>
      <nite:child href="Bmr002.A.segs.xml#id(Bmr002.segment.116)"/>
      <nite:child href="Bmr002.D.segs.xml#id(Bmr002.segment.117)..id(Bmr002.segment.119)"/>
      <nite:child href="Bmr002.C.segs.xml#id(Bmr002.segment.120)"/>
      <nite:child href="Bmr002.B.segs.xml#id(Bmr002.segment.121)"/>
      <nite:child href="Bmr002.D.segs.xml#id(Bmr002.segment.122)"/>
      <nite:child href="Bmr002.A.segs.xml#id(Bmr002.segment.123)"/>
      <nite:child href="Bmr002.B.segs.xml#id(Bmr002.segment.125)"/>
      <nite:child href="Bmr002.C.segs.xml#id(Bmr002.segment.124)"/>
      <nite:child href="Bmr002.B.segs.xml#id(Bmr002.segment.126)"/>
      <nite:child href="Bmr002.C.segs.xml#id(Bmr002.segment.127)"/>
      <nite:child href="Bmr002.B.segs.xml#id(Bmr002.segment.128)..id(Bmr002.segment.129)"/>
      <nite:child href="Bmr002.C.segs.xml#id(Bmr002.segment.130)..id(Bmr002.segment.131)"/>
      <nite:child href="Bmr002.B.segs.xml#id(Bmr002.segment.132)"/>
      <nite:child href="Bmr002.C.segs.xml#id(Bmr002.segment.133)"/>
      <nite:child href="Bmr002.A.segs.xml#id(Bmr002.segment.134)"/>
      <nite:child href="Bmr002.C.segs.xml#id(Bmr002.segment.135)..id(Bmr002.segment.138)"/>
      <nite:child href="Bmr002.B.segs.xml#id(Bmr002.segment.139)"/>
      <nite:child href="Bmr002.C.segs.xml#id(Bmr002.segment.140)..id(Bmr002.segment.141)"/>
      <nite:child href="Bmr002.B.segs.xml#id(Bmr002.segment.142)"/>
      <nite:child href="Bmr002.C.segs.xml#id(Bmr002.segment.143)"/>
      <nite:child href="Bmr002.B.segs.xml#id(Bmr002.segment.144)"/>
      <nite:child href="Bmr002.D.segs.xml#id(Bmr002.segment.146)"/>
      <nite:child href="Bmr002.A.segs.xml#id(Bmr002.segment.145)..id(Bmr002.segment.148)"/>
      <nite:child href="Bmr002.B.segs.xml#id(Bmr002.segment.149)..id(Bmr002.segment.150)"/>
      <nite:child href="Bmr002.A.segs.xml#id(Bmr002.segment.151)"/>
      <nite:child href="Bmr002.C.segs.xml#id(Bmr002.segment.152)"/>
      <nite:child href="Bmr002.A.segs.xml#id(Bmr002.segment.153)"/>
      <nite:child href="Bmr002.D.segs.xml#id(Bmr002.segment.154)"/>
      <nite:child href="Bmr002.B.segs.xml#id(Bmr002.segment.155)"/>
      <nite:child href="Bmr002.D.segs.xml#id(Bmr002.segment.156)"/>
      <nite:child href="Bmr002.C.segs.xml#id(Bmr002.segment.157)"/>
      <nite:child href="Bmr002.B.segs.xml#id(Bmr002.segment.158)"/>
      <nite:child href="Bmr002.C.segs.xml#id(Bmr002.segment.159)"/>
      <nite:child href="Bmr002.D.segs.xml#id(Bmr002.segment.160)"/>
      <nite:child href="Bmr002.C.segs.xml#id(Bmr002.segment.161)..id(Bmr002.segment.164)"/>
      <nite:child href="Bmr002.B.segs.xml#id(Bmr002.segment.165)"/>
      <nite:child href="Bmr002.C.segs.xml#id(Bmr002.segment.166)"/>
      <nite:child href="Bmr002.A.segs.xml#id(Bmr002.segment.167)"/>
      <nite:child href="Bmr002.D.segs.xml#id(Bmr002.segment.168)"/>
      <nite:child href="Bmr002.C.segs.xml#id(Bmr002.segment.169)"/>
      <nite:child href="Bmr002.A.segs.xml#id(Bmr002.segment.170)"/>
      <nite:child href="Bmr002.B.segs.xml#id(Bmr002.segment.171)"/>
      <nite:child href="Bmr002.C.segs.xml#id(Bmr002.segment.172)"/>
      <nite:child href="Bmr002.D.segs.xml#id(Bmr002.segment.173)"/>
      <nite:child href="Bmr002.C.segs.xml#id(Bmr002.segment.174)"/>
      <nite:child href="Bmr002.B.segs.xml#id(Bmr002.segment.175)"/>
      <nite:child href="Bmr002.C.segs.xml#id(Bmr002.segment.176)"/>
      <nite:child href="Bmr002.B.segs.xml#id(Bmr002.segment.177)"/>
      <nite:child href="Bmr002.C.segs.xml#id(Bmr002.segment.178)"/>
      <nite:child href="Bmr002.B.segs.xml#id(Bmr002.segment.179)"/>
      <nite:child href="Bmr002.C.segs.xml#id(Bmr002.segment.180)"/>
      <nite:child href="Bmr002.D.segs.xml#id(Bmr002.segment.181)"/>
      <nite:child href="Bmr002.A.segs.xml#id(Bmr002.segment.182)"/>
      <nite:child href="Bmr002.C.segs.xml#id(Bmr002.segment.183)"/>
      <nite:child href="Bmr002.B.segs.xml#id(Bmr002.segment.184)"/>
      <nite:child href="Bmr002.C.segs.xml#id(Bmr002.segment.185)..id(Bmr002.segment.186)"/>
      <nite:child href="Bmr002.B.segs.xml#id(Bmr002.segment.187)"/>
      <nite:child href="Bmr002.C.segs.xml#id(Bmr002.segment.188)..id(Bmr002.segment.189)"/>
      <nite:child href="Bmr002.D.segs.xml#id(Bmr002.segment.190)"/>
      <nite:child href="Bmr002.C.segs.xml#id(Bmr002.segment.191)..id(Bmr002.segment.192)"/>
      <nite:child href="Bmr002.A.segs.xml#id(Bmr002.segment.193)"/>
      <nite:child href="Bmr002.C.segs.xml#id(Bmr002.segment.194)"/>
      <nite:child href="Bmr002.B.segs.xml#id(Bmr002.segment.195)"/>
      <nite:child href="Bmr002.C.segs.xml#id(Bmr002.segment.196)"/>
      <nite:child href="Bmr002.A.segs.xml#id(Bmr002.segment.197)"/>
      <nite:child href="Bmr002.B.segs.xml#id(Bmr002.segment.198)..id(Bmr002.segment.199)"/>
      <nite:child href="Bmr002.A.segs.xml#id(Bmr002.segment.200)..id(Bmr002.segment.201)"/>
      <nite:child href="Bmr002.C.segs.xml#id(Bmr002.segment.202)"/>
      <nite:child href="Bmr002.A.segs.xml#id(Bmr002.segment.203)"/>
      <nite:child href="Bmr002.C.segs.xml#id(Bmr002.segment.204)"/>
      <nite:child href="Bmr002.B.segs.xml#id(Bmr002.segment.205)"/>
      <nite:child href="Bmr002.C.segs.xml#id(Bmr002.segment.206)"/>
      <nite:child href="Bmr002.D.segs.xml#id(Bmr002.segment.208)"/>
      <nite:child href="Bmr002.A.segs.xml#id(Bmr002.segment.207)"/>
      <nite:child href="Bmr002.D.segs.xml#id(Bmr002.segment.209)"/>
      <nite:child href="Bmr002.C.segs.xml#id(Bmr002.segment.210)"/>
      <nite:child href="Bmr002.A.segs.xml#id(Bmr002.segment.211)"/>
      <nite:child href="Bmr002.D.segs.xml#id(Bmr002.segment.212)..id(Bmr002.segment.213)"/>
      <nite:child href="Bmr002.B.segs.xml#id(Bmr002.segment.214)"/>
      <nite:child href="Bmr002.C.segs.xml#id(Bmr002.segment.215)"/>
      <nite:child href="Bmr002.D.segs.xml#id(Bmr002.segment.216)"/>
      <nite:child href="Bmr002.A.segs.xml#id(Bmr002.segment.217)..id(Bmr002.segment.219)"/>
      <nite:child href="Bmr002.C.segs.xml#id(Bmr002.segment.220)"/>
      <nite:child href="Bmr002.D.segs.xml#id(Bmr002.segment.222)"/>
      <nite:child href="Bmr002.B.segs.xml#id(Bmr002.segment.221)..id(Bmr002.segment.223)"/>
      <nite:child href="Bmr002.A.segs.xml#id(Bmr002.segment.224)"/>
      <nite:child href="Bmr002.D.segs.xml#id(Bmr002.segment.225)"/>
      <nite:child href="Bmr002.B.segs.xml#id(Bmr002.segment.226)..id(Bmr002.segment.227)"/>
      <topic nite:id="Bmr002.topic.2" description="digit task">
         <nite:child href="Bmr002.B.segs.xml#id(Bmr002.segment.228)..id(Bmr002.segment.254)"/>
         <nite:child href="Bmr002.D.segs.xml#id(Bmr002.segment.255)"/>
         <nite:child href="Bmr002.B.segs.xml#id(Bmr002.segment.256)"/>
         <nite:child href="Bmr002.D.segs.xml#id(Bmr002.segment.257)"/>
         <nite:child href="Bmr002.A.segs.xml#id(Bmr002.segment.258)"/>
         <nite:child href="Bmr002.D.segs.xml#id(Bmr002.segment.259)..id(Bmr002.segment.260)"/>
         <nite:child href="Bmr002.B.segs.xml#id(Bmr002.segment.261)"/>
         <nite:child href="Bmr002.D.segs.xml#id(Bmr002.segment.262)"/>
         <nite:child href="Bmr002.A.segs.xml#id(Bmr002.segment.263)..id(Bmr002.segment.293)"/>
         <nite:child href="Bmr002.D.segs.xml#id(Bmr002.segment.294)"/>
         <nite:child href="Bmr002.C.segs.xml#id(Bmr002.segment.295)..id(Bmr002.segment.320)"/>
         <nite:child href="Bmr002.D.segs.xml#id(Bmr002.segment.321)..id(Bmr002.segment.327)"/>
         <nite:child href="Bmr002.B.segs.xml#id(Bmr002.segment.328)..id(Bmr002.segment.329)"/>
         <nite:child href="Bmr002.D.segs.xml#id(Bmr002.segment.330)"/>
         <nite:child href="Bmr002.C.segs.xml#id(Bmr002.segment.332)"/>
         <nite:child href="Bmr002.B.segs.xml#id(Bmr002.segment.331)"/>
         <nite:child href="Bmr002.D.segs.xml#id(Bmr002.segment.333)..id(Bmr002.segment.336)"/>
         <nite:child href="Bmr002.B.segs.xml#id(Bmr002.segment.335)"/>
         <nite:child href="Bmr002.C.segs.xml#id(Bmr002.segment.337)"/>
         <nite:child href="Bmr002.D.segs.xml#id(Bmr002.segment.338)"/>
         <nite:child href="Bmr002.B.segs.xml#id(Bmr002.segment.339)"/>
         <nite:child href="Bmr002.D.segs.xml#id(Bmr002.segment.340)"/>
         <nite:child href="Bmr002.B.segs.xml#id(Bmr002.segment.341)"/>
         <nite:child href="Bmr002.C.segs.xml#id(Bmr002.segment.342)"/>
         <nite:child href="Bmr002.B.segs.xml#id(Bmr002.segment.344)"/>
         <nite:child href="Bmr002.D.segs.xml#id(Bmr002.segment.345)..id(Bmr002.segment.367)"/>
      </topic>
      <nite:child href="Bmr002.B.segs.xml#id(Bmr002.segment.369)..id(Bmr002.segment.370)"/>
      <nite:child href="Bmr002.C.segs.xml#id(Bmr002.segment.371)"/>
      <nite:child href="Bmr002.B.segs.xml#id(Bmr002.segment.372)..id(Bmr002.segment.374)"/>
      <nite:child href="Bmr002.C.segs.xml#id(Bmr002.segment.375)"/>
      <nite:child href="Bmr002.A.segs.xml#id(Bmr002.segment.373)"/>
      <nite:child href="Bmr002.C.segs.xml#id(Bmr002.segment.392)"/>
      <nite:child href="Bmr002.B.segs.xml#id(Bmr002.segment.376)"/>
      <nite:child href="Bmr002.A.segs.xml#id(Bmr002.segment.377)..id(Bmr002.segment.379)"/>
      <nite:child href="Bmr002.B.segs.xml#id(Bmr002.segment.380)"/>
      <nite:child href="Bmr002.D.segs.xml#id(Bmr002.segment.381)..id(Bmr002.segment.389)"/>
      <nite:child href="Bmr002.A.segs.xml#id(Bmr002.segment.390)"/>
      <nite:child href="Bmr002.D.segs.xml#id(Bmr002.segment.391)"/>
      <nite:child href="Bmr002.A.segs.xml#id(Bmr002.segment.393)"/>
      <nite:child href="Bmr002.C.segs.xml#id(Bmr002.segment.394)..id(Bmr002.segment.395)"/>
      <nite:child href="Bmr002.D.segs.xml#id(Bmr002.segment.396)..id(Bmr002.segment.398)"/>
      <nite:child href="Bmr002.B.segs.xml#id(Bmr002.segment.399)"/>
      <nite:child href="Bmr002.D.segs.xml#id(Bmr002.segment.400)..id(Bmr002.segment.403)"/>
      <nite:child href="Bmr002.B.segs.xml#id(Bmr002.segment.404)"/>
      <nite:child href="Bmr002.C.segs.xml#id(Bmr002.segment.405)..id(Bmr002.segment.406)"/>
      <nite:child href="Bmr002.B.segs.xml#id(Bmr002.segment.407)"/>
      <nite:child href="Bmr002.C.segs.xml#id(Bmr002.segment.408)"/>
      <nite:child href="Bmr002.D.segs.xml#id(Bmr002.segment.409)"/>
      <nite:child href="Bmr002.C.segs.xml#id(Bmr002.segment.410)"/>
      <nite:child href="Bmr002.D.segs.xml#id(Bmr002.segment.411)"/>
      <nite:child href="Bmr002.B.segs.xml#id(Bmr002.segment.412)"/>
      <nite:child href="Bmr002.C.segs.xml#id(Bmr002.segment.413)..id(Bmr002.segment.414)"/>
   </topic>
   <topic nite:id="Bmr002.topic.3" description="transcription">
      <nite:child href="Bmr002.B.segs.xml#id(Bmr002.segment.415)"/>
      <nite:child href="Bmr002.D.segs.xml#id(Bmr002.segment.416)"/>
      <nite:child href="Bmr002.C.segs.xml#id(Bmr002.segment.417)"/>
      <nite:child href="Bmr002.B.segs.xml#id(Bmr002.segment.418)"/>
      <nite:child href="Bmr002.D.segs.xml#id(Bmr002.segment.419)"/>
      <nite:child href="Bmr002.B.segs.xml#id(Bmr002.segment.420)..id(Bmr002.segment.436)"/>
      <topic nite:id="Bmr002.topic.4" description="fe008 to do transcripts">
         <nite:child href="Bmr002.A.segs.xml#id(Bmr002.segment.437)..id(Bmr002.segment.439)"/>
         <nite:child href="Bmr002.D.segs.xml#id(Bmr002.segment.440)..id(Bmr002.segment.443)"/>
         <nite:child href="Bmr002.A.segs.xml#id(Bmr002.segment.444)"/>
         <nite:child href="Bmr002.B.segs.xml#id(Bmr002.segment.445)"/>
         <nite:child href="Bmr002.D.segs.xml#id(Bmr002.segment.446)..id(Bmr002.segment.447)"/>
         <nite:child href="Bmr002.B.segs.xml#id(Bmr002.segment.448)"/>
         <nite:child href="Bmr002.D.segs.xml#id(Bmr002.segment.449)..id(Bmr002.segment.453)"/>
         <nite:child href="Bmr002.A.segs.xml#id(Bmr002.segment.454)"/>
         <nite:child href="Bmr002.D.segs.xml#id(Bmr002.segment.455)"/>
         <nite:child href="Bmr002.A.segs.xml#id(Bmr002.segment.456)"/>
         <nite:child href="Bmr002.D.segs.xml#id(Bmr002.segment.457)"/>
         <nite:child href="Bmr002.A.segs.xml#id(Bmr002.segment.458)"/>
         <nite:child href="Bmr002.D.segs.xml#id(Bmr002.segment.459)..id(Bmr002.segment.460)"/>
         <nite:child href="Bmr002.A.segs.xml#id(Bmr002.segment.461)"/>
         <nite:child href="Bmr002.D.segs.xml#id(Bmr002.segment.462)"/>
         <nite:child href="Bmr002.A.segs.xml#id(Bmr002.segment.463)..id(Bmr002.segment.464)"/>
         <nite:child href="Bmr002.B.segs.xml#id(Bmr002.segment.465)"/>
         <nite:child href="Bmr002.A.segs.xml#id(Bmr002.segment.466)"/>
         <nite:child href="Bmr002.B.segs.xml#id(Bmr002.segment.467)"/>
         <nite:child href="Bmr002.C.segs.xml#id(Bmr002.segment.468)"/>
         <nite:child href="Bmr002.A.segs.xml#id(Bmr002.segment.469)"/>
         <nite:child href="Bmr002.B.segs.xml#id(Bmr002.segment.470)"/>
         <nite:child href="Bmr002.C.segs.xml#id(Bmr002.segment.471)"/>
         <nite:child href="Bmr002.A.segs.xml#id(Bmr002.segment.472)"/>
         <nite:child href="Bmr002.C.segs.xml#id(Bmr002.segment.473)..id(Bmr002.segment.476)"/>
         <nite:child href="Bmr002.D.segs.xml#id(Bmr002.segment.477)..id(Bmr002.segment.483)"/>
         <nite:child href="Bmr002.C.segs.xml#id(Bmr002.segment.482)"/>
         <nite:child href="Bmr002.D.segs.xml#id(Bmr002.segment.484)..id(Bmr002.segment.489)"/>
         <nite:child href="Bmr002.A.segs.xml#id(Bmr002.segment.490)..id(Bmr002.segment.492)"/>
      </topic>
      <nite:child href="Bmr002.D.segs.xml#id(Bmr002.segment.493)"/>
      <nite:child href="Bmr002.A.segs.xml#id(Bmr002.segment.494)"/>
      <topic nite:id="Bmr002.topic.5" description="how">
         <nite:child href="Bmr002.C.segs.xml#id(Bmr002.segment.495)..id(Bmr002.segment.499)"/>
         <nite:child href="Bmr002.D.segs.xml#id(Bmr002.segment.500)"/>
         <nite:child href="Bmr002.C.segs.xml#id(Bmr002.segment.501)..id(Bmr002.segment.502)"/>
         <nite:child href="Bmr002.D.segs.xml#id(Bmr002.segment.503)"/>
         <nite:child href="Bmr002.C.segs.xml#id(Bmr002.segment.504)"/>
         <nite:child href="Bmr002.D.segs.xml#id(Bmr002.segment.505)..id(Bmr002.segment.508)"/>
         <nite:child href="Bmr002.C.segs.xml#id(Bmr002.segment.509)"/>
         <nite:child href="Bmr002.D.segs.xml#id(Bmr002.segment.510)..id(Bmr002.segment.513)"/>
         <nite:child href="Bmr002.C.segs.xml#id(Bmr002.segment.514)"/>
         <nite:child href="Bmr002.D.segs.xml#id(Bmr002.segment.515)..id(Bmr002.segment.516)"/>
         <nite:child href="Bmr002.B.segs.xml#id(Bmr002.segment.518)"/>
         <nite:child href="Bmr002.C.segs.xml#id(Bmr002.segment.517)"/>
         <nite:child href="Bmr002.D.segs.xml#id(Bmr002.segment.519)"/>
         <nite:child href="Bmr002.C.segs.xml#id(Bmr002.segment.520)"/>
         <nite:child href="Bmr002.D.segs.xml#id(Bmr002.segment.521)"/>
         <nite:child href="Bmr002.B.segs.xml#id(Bmr002.segment.522)"/>
         <nite:child href="Bmr002.D.segs.xml#id(Bmr002.segment.523)"/>
         <nite:child href="Bmr002.A.segs.xml#id(Bmr002.segment.524)"/>
         <nite:child href="Bmr002.C.segs.xml#id(Bmr002.segment.525)"/>
         <nite:child href="Bmr002.D.segs.xml#id(Bmr002.segment.526)"/>
         <nite:child href="Bmr002.B.segs.xml#id(Bmr002.segment.527)"/>
         <nite:child href="Bmr002.D.segs.xml#id(Bmr002.segment.528)..id(Bmr002.segment.531)"/>
         <nite:child href="Bmr002.C.segs.xml#id(Bmr002.segment.530)"/>
         <nite:child href="Bmr002.D.segs.xml#id(Bmr002.segment.532)"/>
         <nite:child href="Bmr002.C.segs.xml#id(Bmr002.segment.533)"/>
         <nite:child href="Bmr002.D.segs.xml#id(Bmr002.segment.535)"/>
         <nite:child href="Bmr002.B.segs.xml#id(Bmr002.segment.534)"/>
         <nite:child href="Bmr002.D.segs.xml#id(Bmr002.segment.536)"/>
         <nite:child href="Bmr002.B.segs.xml#id(Bmr002.segment.537)"/>
         <nite:child href="Bmr002.D.segs.xml#id(Bmr002.segment.538)..id(Bmr002.segment.539)"/>
         <nite:child href="Bmr002.B.segs.xml#id(Bmr002.segment.540)"/>
         <nite:child href="Bmr002.A.segs.xml#id(Bmr002.segment.541)"/>
         <nite:child href="Bmr002.C.segs.xml#id(Bmr002.segment.542)"/>
         <nite:child href="Bmr002.D.segs.xml#id(Bmr002.segment.543)"/>
         <nite:child href="Bmr002.C.segs.xml#id(Bmr002.segment.544)..id(Bmr002.segment.546)"/>
         <nite:child href="Bmr002.B.segs.xml#id(Bmr002.segment.547)"/>
         <nite:child href="Bmr002.D.segs.xml#id(Bmr002.segment.548)..id(Bmr002.segment.554)"/>
         <nite:child href="Bmr002.C.segs.xml#id(Bmr002.segment.555)"/>
         <nite:child href="Bmr002.D.segs.xml#id(Bmr002.segment.556)..id(Bmr002.segment.561)"/>
         <nite:child href="Bmr002.B.segs.xml#id(Bmr002.segment.563)"/>
         <nite:child href="Bmr002.D.segs.xml#id(Bmr002.segment.562)..id(Bmr002.segment.566)"/>
         <nite:child href="Bmr002.C.segs.xml#id(Bmr002.segment.567)..id(Bmr002.segment.568)"/>
         <nite:child href="Bmr002.D.segs.xml#id(Bmr002.segment.569)..id(Bmr002.segment.570)"/>
         <topic nite:id="Bmr002.topic.6" description="digitized software?">
            <nite:child href="Bmr002.D.segs.xml#id(Bmr002.segment.571)..id(Bmr002.segment.575)"/>
            <nite:child href="Bmr002.C.segs.xml#id(Bmr002.segment.576)"/>
            <nite:child href="Bmr002.D.segs.xml#id(Bmr002.segment.577)..id(Bmr002.segment.581)"/>
            <nite:child href="Bmr002.C.segs.xml#id(Bmr002.segment.582)"/>
            <nite:child href="Bmr002.D.segs.xml#id(Bmr002.segment.583)"/>
            <nite:child href="Bmr002.A.segs.xml#id(Bmr002.segment.584)"/>
         </topic>
         <topic nite:id="Bmr002.topic.7" description="transcribing machine">
            <nite:child href="Bmr002.C.segs.xml#id(Bmr002.segment.585)"/>
            <nite:child href="Bmr002.D.segs.xml#id(Bmr002.segment.586)..id(Bmr002.segment.590)"/>
            <nite:child href="Bmr002.C.segs.xml#id(Bmr002.segment.591)"/>
            <nite:child href="Bmr002.D.segs.xml#id(Bmr002.segment.592)"/>
            <nite:child href="Bmr002.C.segs.xml#id(Bmr002.segment.593)"/>
            <nite:child href="Bmr002.D.segs.xml#id(Bmr002.segment.594)..id(Bmr002.segment.599)"/>
            <nite:child href="Bmr002.B.segs.xml#id(Bmr002.segment.600)"/>
            <nite:child href="Bmr002.A.segs.xml#id(Bmr002.segment.601)"/>
            <nite:child href="Bmr002.D.segs.xml#id(Bmr002.segment.602)"/>
            <nite:child href="Bmr002.A.segs.xml#id(Bmr002.segment.603)"/>
            <nite:child href="Bmr002.C.segs.xml#id(Bmr002.segment.604)"/>
            <nite:child href="Bmr002.A.segs.xml#id(Bmr002.segment.605)"/>
            <nite:child href="Bmr002.D.segs.xml#id(Bmr002.segment.606)"/>
            <nite:child href="Bmr002.C.segs.xml#id(Bmr002.segment.607)"/>
            <nite:child href="Bmr002.D.segs.xml#id(Bmr002.segment.608)"/>
            <nite:child href="Bmr002.C.segs.xml#id(Bmr002.segment.609)"/>
         </topic>
         <nite:child href="Bmr002.D.segs.xml#id(Bmr002.segment.610)"/>
         <nite:child href="Bmr002.C.segs.xml#id(Bmr002.segment.611)"/>
         <topic nite:id="Bmr002.topic.8" description="software + foot pedals">
            <nite:child href="Bmr002.A.segs.xml#id(Bmr002.segment.612)"/>
            <nite:child href="Bmr002.C.segs.xml#id(Bmr002.segment.613)"/>
            <nite:child href="Bmr002.A.segs.xml#id(Bmr002.segment.614)"/>
            <nite:child href="Bmr002.C.segs.xml#id(Bmr002.segment.615)..id(Bmr002.segment.617)"/>
            <nite:child href="Bmr002.D.segs.xml#id(Bmr002.segment.618)..id(Bmr002.segment.619)"/>
            <nite:child href="Bmr002.C.segs.xml#id(Bmr002.segment.620)..id(Bmr002.segment.623)"/>
            <nite:child href="Bmr002.D.segs.xml#id(Bmr002.segment.624)"/>
            <nite:child href="Bmr002.C.segs.xml#id(Bmr002.segment.625)"/>
            <nite:child href="Bmr002.D.segs.xml#id(Bmr002.segment.626)"/>
            <nite:child href="Bmr002.B.segs.xml#id(Bmr002.segment.627)..id(Bmr002.segment.628)"/>
            <nite:child href="Bmr002.A.segs.xml#id(Bmr002.segment.629)..id(Bmr002.segment.630)"/>
            <nite:child href="Bmr002.C.segs.xml#id(Bmr002.segment.631)"/>
            <nite:child href="Bmr002.D.segs.xml#id(Bmr002.segment.632)"/>
            <nite:child href="Bmr002.C.segs.xml#id(Bmr002.segment.633)"/>
            <nite:child href="Bmr002.B.segs.xml#id(Bmr002.segment.634)..id(Bmr002.segment.635)"/>
            <nite:child href="Bmr002.C.segs.xml#id(Bmr002.segment.636)..id(Bmr002.segment.638)"/>
            <nite:child href="Bmr002.B.segs.xml#id(Bmr002.segment.639)..id(Bmr002.segment.640)"/>
            <nite:child href="Bmr002.D.segs.xml#id(Bmr002.segment.642)"/>
            <nite:child href="Bmr002.B.segs.xml#id(Bmr002.segment.643)"/>
            <nite:child href="Bmr002.C.segs.xml#id(Bmr002.segment.641)..id(Bmr002.segment.644)"/>
            <nite:child href="Bmr002.B.segs.xml#id(Bmr002.segment.645)..id(Bmr002.segment.646)"/>
            <nite:child href="Bmr002.C.segs.xml#id(Bmr002.segment.647)"/>
            <nite:child href="Bmr002.B.segs.xml#id(Bmr002.segment.648)..id(Bmr002.segment.649)"/>
            <nite:child href="Bmr002.A.segs.xml#id(Bmr002.segment.650)"/>
            <nite:child href="Bmr002.B.segs.xml#id(Bmr002.segment.651)"/>
            <nite:child href="Bmr002.A.segs.xml#id(Bmr002.segment.652)..id(Bmr002.segment.654)"/>
            <nite:child href="Bmr002.B.segs.xml#id(Bmr002.segment.655)..id(Bmr002.segment.656)"/>
            <nite:child href="Bmr002.C.segs.xml#id(Bmr002.segment.657)..id(Bmr002.segment.658)"/>
            <nite:child href="Bmr002.B.segs.xml#id(Bmr002.segment.659)..id(Bmr002.segment.661)"/>
            <nite:child href="Bmr002.C.segs.xml#id(Bmr002.segment.662)"/>
            <nite:child href="Bmr002.B.segs.xml#id(Bmr002.segment.663)"/>
            <nite:child href="Bmr002.C.segs.xml#id(Bmr002.segment.664)..id(Bmr002.segment.666)"/>
            <nite:child href="Bmr002.D.segs.xml#id(Bmr002.segment.667)"/>
            <nite:child href="Bmr002.B.segs.xml#id(Bmr002.segment.668)"/>
            <nite:child href="Bmr002.C.segs.xml#id(Bmr002.segment.669)"/>
            <nite:child href="Bmr002.D.segs.xml#id(Bmr002.segment.670)"/>
            <nite:child href="Bmr002.C.segs.xml#id(Bmr002.segment.671)..id(Bmr002.segment.672)"/>
            <nite:child href="Bmr002.B.segs.xml#id(Bmr002.segment.673)"/>
            <nite:child href="Bmr002.A.segs.xml#id(Bmr002.segment.674)"/>
            <nite:child href="Bmr002.D.segs.xml#id(Bmr002.segment.675)..id(Bmr002.segment.676)"/>
            <nite:child href="Bmr002.B.segs.xml#id(Bmr002.segment.677)"/>
         </topic>
      </topic>
      <nite:child href="Bmr002.D.segs.xml#id(Bmr002.segment.678)..id(Bmr002.segment.679)"/>
      <nite:child href="Bmr002.C.segs.xml#id(Bmr002.segment.680)"/>
      <nite:child href="Bmr002.D.segs.xml#id(Bmr002.segment.681)"/>
      <nite:child href="Bmr002.B.segs.xml#id(Bmr002.segment.682)"/>
      <nite:child href="Bmr002.D.segs.xml#id(Bmr002.segment.683)..id(Bmr002.segment.689)"/>
      <nite:child href="Bmr002.A.segs.xml#id(Bmr002.segment.690)"/>
      <nite:child href="Bmr002.D.segs.xml#id(Bmr002.segment.691)"/>
      <topic nite:id="Bmr002.topic.9" description="also supervise undergrads">
         <nite:child href="Bmr002.D.segs.xml#id(Bmr002.segment.692)"/>
         <nite:child href="Bmr002.B.segs.xml#id(Bmr002.segment.693)"/>
         <nite:child href="Bmr002.D.segs.xml#id(Bmr002.segment.694)..id(Bmr002.segment.699)"/>
         <nite:child href="Bmr002.B.segs.xml#id(Bmr002.segment.700)"/>
         <nite:child href="Bmr002.D.segs.xml#id(Bmr002.segment.701)"/>
         <nite:child href="Bmr002.B.segs.xml#id(Bmr002.segment.702)"/>
         <nite:child href="Bmr002.C.segs.xml#id(Bmr002.segment.703)"/>
         <nite:child href="Bmr002.B.segs.xml#id(Bmr002.segment.704)"/>
         <nite:child href="Bmr002.D.segs.xml#id(Bmr002.segment.705)"/>
         <nite:child href="Bmr002.B.segs.xml#id(Bmr002.segment.706)..id(Bmr002.segment.707)"/>
         <nite:child href="Bmr002.D.segs.xml#id(Bmr002.segment.708)"/>
         <nite:child href="Bmr002.C.segs.xml#id(Bmr002.segment.710)"/>
         <nite:child href="Bmr002.D.segs.xml#id(Bmr002.segment.709)"/>
         <nite:child href="Bmr002.B.segs.xml#id(Bmr002.segment.711)..id(Bmr002.segment.712)"/>
         <nite:child href="Bmr002.D.segs.xml#id(Bmr002.segment.713)..id(Bmr002.segment.714)"/>
         <nite:child href="Bmr002.B.segs.xml#id(Bmr002.segment.715)"/>
         <nite:child href="Bmr002.D.segs.xml#id(Bmr002.segment.716)..id(Bmr002.segment.722)"/>
         <nite:child href="Bmr002.A.segs.xml#id(Bmr002.segment.723)"/>
         <nite:child href="Bmr002.D.segs.xml#id(Bmr002.segment.724)..id(Bmr002.segment.734)"/>
         <nite:child href="Bmr002.C.segs.xml#id(Bmr002.segment.735)"/>
         <nite:child href="Bmr002.B.segs.xml#id(Bmr002.segment.736)"/>
         <nite:child href="Bmr002.D.segs.xml#id(Bmr002.segment.738)"/>
         <nite:child href="Bmr002.B.segs.xml#id(Bmr002.segment.737)..id(Bmr002.segment.739)"/>
         <nite:child href="Bmr002.D.segs.xml#id(Bmr002.segment.740)..id(Bmr002.segment.742)"/>
         <nite:child href="Bmr002.B.segs.xml#id(Bmr002.segment.741)"/>
         <nite:child href="Bmr002.A.segs.xml#id(Bmr002.segment.743)"/>
         <nite:child href="Bmr002.D.segs.xml#id(Bmr002.segment.744)"/>
         <nite:child href="Bmr002.B.segs.xml#id(Bmr002.segment.745)"/>
         <nite:child href="Bmr002.D.segs.xml#id(Bmr002.segment.746)"/>
         <nite:child href="Bmr002.B.segs.xml#id(Bmr002.segment.747)"/>
         <nite:child href="Bmr002.D.segs.xml#id(Bmr002.segment.748)..id(Bmr002.segment.751)"/>
         <nite:child href="Bmr002.C.segs.xml#id(Bmr002.segment.753)"/>
         <nite:child href="Bmr002.D.segs.xml#id(Bmr002.segment.752)..id(Bmr002.segment.754)"/>
         <nite:child href="Bmr002.B.segs.xml#id(Bmr002.segment.755)..id(Bmr002.segment.756)"/>
         <nite:child href="Bmr002.D.segs.xml#id(Bmr002.segment.757)"/>
         <nite:child href="Bmr002.B.segs.xml#id(Bmr002.segment.758)"/>
         <nite:child href="Bmr002.D.segs.xml#id(Bmr002.segment.759)"/>
         <nite:child href="Bmr002.B.segs.xml#id(Bmr002.segment.760)"/>
         <nite:child href="Bmr002.C.segs.xml#id(Bmr002.segment.761)"/>
         <nite:child href="Bmr002.D.segs.xml#id(Bmr002.segment.762)..id(Bmr002.segment.764)"/>
         <nite:child href="Bmr002.C.segs.xml#id(Bmr002.segment.765)"/>
         <nite:child href="Bmr002.D.segs.xml#id(Bmr002.segment.766)"/>
         <nite:child href="Bmr002.B.segs.xml#id(Bmr002.segment.767)"/>
         <nite:child href="Bmr002.D.segs.xml#id(Bmr002.segment.768)"/>
         <nite:child href="Bmr002.B.segs.xml#id(Bmr002.segment.769)"/>
         <nite:child href="Bmr002.D.segs.xml#id(Bmr002.segment.770)..id(Bmr002.segment.776)"/>
         <nite:child href="Bmr002.C.segs.xml#id(Bmr002.segment.777)"/>
         <nite:child href="Bmr002.D.segs.xml#id(Bmr002.segment.778)..id(Bmr002.segment.780)"/>
         <nite:child href="Bmr002.B.segs.xml#id(Bmr002.segment.781)"/>
         <nite:child href="Bmr002.C.segs.xml#id(Bmr002.segment.782)"/>
         <nite:child href="Bmr002.D.segs.xml#id(Bmr002.segment.783)..id(Bmr002.segment.784)"/>
         <nite:child href="Bmr002.C.segs.xml#id(Bmr002.segment.785)"/>
         <nite:child href="Bmr002.D.segs.xml#id(Bmr002.segment.786)"/>
         <nite:child href="Bmr002.C.segs.xml#id(Bmr002.segment.787)..id(Bmr002.segment.788)"/>
         <nite:child href="Bmr002.D.segs.xml#id(Bmr002.segment.789)"/>
      </topic>
      <nite:child href="Bmr002.C.segs.xml#id(Bmr002.segment.790)..id(Bmr002.segment.792)"/>
      <topic nite:id="Bmr002.topic.10" description="cost">
         <nite:child href="Bmr002.C.segs.xml#id(Bmr002.segment.793)..id(Bmr002.segment.797)"/>
         <nite:child href="Bmr002.D.segs.xml#id(Bmr002.segment.798)"/>
         <nite:child href="Bmr002.C.segs.xml#id(Bmr002.segment.799)"/>
         <nite:child href="Bmr002.D.segs.xml#id(Bmr002.segment.800)"/>
         <nite:child href="Bmr002.C.segs.xml#id(Bmr002.segment.801)..id(Bmr002.segment.807)"/>
         <nite:child href="Bmr002.B.segs.xml#id(Bmr002.segment.808)"/>
         <nite:child href="Bmr002.C.segs.xml#id(Bmr002.segment.809)..id(Bmr002.segment.810)"/>
         <nite:child href="Bmr002.D.segs.xml#id(Bmr002.segment.811)"/>
         <nite:child href="Bmr002.C.segs.xml#id(Bmr002.segment.812)"/>
         <nite:child href="Bmr002.D.segs.xml#id(Bmr002.segment.813)..id(Bmr002.segment.814)"/>
         <nite:child href="Bmr002.C.segs.xml#id(Bmr002.segment.815)"/>
         <nite:child href="Bmr002.D.segs.xml#id(Bmr002.segment.816)..id(Bmr002.segment.817)"/>
         <nite:child href="Bmr002.C.segs.xml#id(Bmr002.segment.818)"/>
         <nite:child href="Bmr002.D.segs.xml#id(Bmr002.segment.819)..id(Bmr002.segment.820)"/>
         <nite:child href="Bmr002.C.segs.xml#id(Bmr002.segment.821)"/>
      </topic>
      <nite:child href="Bmr002.C.segs.xml#id(Bmr002.segment.822)..id(Bmr002.segment.824)"/>
      <topic nite:id="Bmr002.topic.11" description="time alignment">
         <nite:child href="Bmr002.C.segs.xml#id(Bmr002.segment.825)..id(Bmr002.segment.833)"/>
         <nite:child href="Bmr002.D.segs.xml#id(Bmr002.segment.834)..id(Bmr002.segment.836)"/>
         <nite:child href="Bmr002.C.segs.xml#id(Bmr002.segment.837)..id(Bmr002.segment.839)"/>
         <nite:child href="Bmr002.B.segs.xml#id(Bmr002.segment.840)"/>
         <nite:child href="Bmr002.C.segs.xml#id(Bmr002.segment.841)"/>
         <nite:child href="Bmr002.B.segs.xml#id(Bmr002.segment.842)..id(Bmr002.segment.844)"/>
         <nite:child href="Bmr002.C.segs.xml#id(Bmr002.segment.845)..id(Bmr002.segment.846)"/>
         <nite:child href="Bmr002.B.segs.xml#id(Bmr002.segment.847)"/>
         <nite:child href="Bmr002.C.segs.xml#id(Bmr002.segment.848)"/>
         <nite:child href="Bmr002.B.segs.xml#id(Bmr002.segment.849)"/>
         <topic nite:id="Bmr002.topic.12" description="Switchboard">
            <nite:child href="Bmr002.A.segs.xml#id(Bmr002.segment.850)..id(Bmr002.segment.861)"/>
            <nite:child href="Bmr002.C.segs.xml#id(Bmr002.segment.862)"/>
            <nite:child href="Bmr002.A.segs.xml#id(Bmr002.segment.863)..id(Bmr002.segment.865)"/>
            <nite:child href="Bmr002.C.segs.xml#id(Bmr002.segment.866)"/>
            <nite:child href="Bmr002.A.segs.xml#id(Bmr002.segment.867)..id(Bmr002.segment.871)"/>
            <nite:child href="Bmr002.C.segs.xml#id(Bmr002.segment.872)"/>
            <nite:child href="Bmr002.A.segs.xml#id(Bmr002.segment.873)"/>
            <nite:child href="Bmr002.C.segs.xml#id(Bmr002.segment.875)"/>
            <nite:child href="Bmr002.A.segs.xml#id(Bmr002.segment.874)"/>
         </topic>
         <nite:child href="Bmr002.C.segs.xml#id(Bmr002.segment.876)..id(Bmr002.segment.885)"/>
         <nite:child href="Bmr002.A.segs.xml#id(Bmr002.segment.886)"/>
         <nite:child href="Bmr002.B.segs.xml#id(Bmr002.segment.887)"/>
         <topic nite:id="Bmr002.topic.13" description="data format">
            <nite:child href="Bmr002.B.segs.xml#id(Bmr002.segment.888)..id(Bmr002.segment.893)"/>
            <nite:child href="Bmr002.C.segs.xml#id(Bmr002.segment.894)..id(Bmr002.segment.897)"/>
            <nite:child href="Bmr002.B.segs.xml#id(Bmr002.segment.898)"/>
            <nite:child href="Bmr002.C.segs.xml#id(Bmr002.segment.899)..id(Bmr002.segment.900)"/>
            <nite:child href="Bmr002.B.segs.xml#id(Bmr002.segment.901)"/>
            <nite:child href="Bmr002.C.segs.xml#id(Bmr002.segment.902)..id(Bmr002.segment.907)"/>
            <nite:child href="Bmr002.B.segs.xml#id(Bmr002.segment.908)"/>
            <nite:child href="Bmr002.A.segs.xml#id(Bmr002.segment.909)"/>
            <nite:child href="Bmr002.B.segs.xml#id(Bmr002.segment.910)"/>
            <nite:child href="Bmr002.D.segs.xml#id(Bmr002.segment.911)"/>
            <nite:child href="Bmr002.A.segs.xml#id(Bmr002.segment.912)..id(Bmr002.segment.913)"/>
            <nite:child href="Bmr002.C.segs.xml#id(Bmr002.segment.914)..id(Bmr002.segment.921)"/>
            <nite:child href="Bmr002.D.segs.xml#id(Bmr002.segment.922)"/>
            <nite:child href="Bmr002.C.segs.xml#id(Bmr002.segment.923)..id(Bmr002.segment.924)"/>
         </topic>
      </topic>
      <nite:child href="Bmr002.B.segs.xml#id(Bmr002.segment.925)"/>
      <topic nite:id="Bmr002.topic.14" description="software tool">
         <nite:child href="Bmr002.A.segs.xml#id(Bmr002.segment.926)..id(Bmr002.segment.927)"/>
         <nite:child href="Bmr002.C.segs.xml#id(Bmr002.segment.928)"/>
         <nite:child href="Bmr002.A.segs.xml#id(Bmr002.segment.929)..id(Bmr002.segment.934)"/>
         <nite:child href="Bmr002.D.segs.xml#id(Bmr002.segment.935)"/>
         <nite:child href="Bmr002.B.segs.xml#id(Bmr002.segment.933)..id(Bmr002.segment.936)"/>
         <nite:child href="Bmr002.A.segs.xml#id(Bmr002.segment.937)"/>
         <nite:child href="Bmr002.C.segs.xml#id(Bmr002.segment.938)"/>
         <nite:child href="Bmr002.B.segs.xml#id(Bmr002.segment.939)"/>
         <nite:child href="Bmr002.D.segs.xml#id(Bmr002.segment.940)..id(Bmr002.segment.941)"/>
         <nite:child href="Bmr002.B.segs.xml#id(Bmr002.segment.942)..id(Bmr002.segment.943)"/>
         <nite:child href="Bmr002.C.segs.xml#id(Bmr002.segment.944)"/>
         <nite:child href="Bmr002.D.segs.xml#id(Bmr002.segment.945)"/>
         <nite:child href="Bmr002.C.segs.xml#id(Bmr002.segment.946)"/>
         <nite:child href="Bmr002.D.segs.xml#id(Bmr002.segment.947)"/>
         <nite:child href="Bmr002.A.segs.xml#id(Bmr002.segment.948)"/>
         <nite:child href="Bmr002.C.segs.xml#id(Bmr002.segment.949)..id(Bmr002.segment.950)"/>
         <nite:child href="Bmr002.D.segs.xml#id(Bmr002.segment.951)"/>
         <nite:child href="Bmr002.C.segs.xml#id(Bmr002.segment.952)"/>
         <nite:child href="Bmr002.D.segs.xml#id(Bmr002.segment.953)"/>
         <topic nite:id="Bmr002.topic.15" description="MATE and EAGLES">
            <nite:child href="Bmr002.D.segs.xml#id(Bmr002.segment.954)..id(Bmr002.segment.961)"/>
            <nite:child href="Bmr002.C.segs.xml#id(Bmr002.segment.962)..id(Bmr002.segment.963)"/>
            <nite:child href="Bmr002.D.segs.xml#id(Bmr002.segment.964)"/>
            <nite:child href="Bmr002.C.segs.xml#id(Bmr002.segment.965)"/>
            <nite:child href="Bmr002.D.segs.xml#id(Bmr002.segment.966)"/>
            <nite:child href="Bmr002.A.segs.xml#id(Bmr002.segment.967)"/>
            <nite:child href="Bmr002.D.segs.xml#id(Bmr002.segment.968)"/>
            <nite:child href="Bmr002.C.segs.xml#id(Bmr002.segment.969)"/>
            <nite:child href="Bmr002.A.segs.xml#id(Bmr002.segment.970)"/>
            <nite:child href="Bmr002.D.segs.xml#id(Bmr002.segment.971)..id(Bmr002.segment.972)"/>
            <nite:child href="Bmr002.B.segs.xml#id(Bmr002.segment.973)"/>
            <nite:child href="Bmr002.A.segs.xml#id(Bmr002.segment.974)"/>
            <nite:child href="Bmr002.D.segs.xml#id(Bmr002.segment.975)..id(Bmr002.segment.988)"/>
            <nite:child href="Bmr002.C.segs.xml#id(Bmr002.segment.989)"/>
            <nite:child href="Bmr002.D.segs.xml#id(Bmr002.segment.990)..id(Bmr002.segment.991)"/>
            <nite:child href="Bmr002.C.segs.xml#id(Bmr002.segment.992)"/>
            <nite:child href="Bmr002.D.segs.xml#id(Bmr002.segment.993)..id(Bmr002.segment.1,000)"/>
            <nite:child href="Bmr002.B.segs.xml#id(Bmr002.segment.1,002)"/>
            <nite:child href="Bmr002.D.segs.xml#id(Bmr002.segment.1,001)"/>
            <nite:child href="Bmr002.B.segs.xml#id(Bmr002.segment.1,003)"/>
            <nite:child href="Bmr002.D.segs.xml#id(Bmr002.segment.1,004)"/>
            <nite:child href="Bmr002.B.segs.xml#id(Bmr002.segment.1,005)..id(Bmr002.segment.1,006)"/>
            <nite:child href="Bmr002.D.segs.xml#id(Bmr002.segment.1,007)..id(Bmr002.segment.1,010)"/>
            <nite:child href="Bmr002.B.segs.xml#id(Bmr002.segment.1,011)"/>
            <nite:child href="Bmr002.D.segs.xml#id(Bmr002.segment.1,012)..id(Bmr002.segment.1,016)"/>
            <nite:child href="Bmr002.C.segs.xml#id(Bmr002.segment.1,017)"/>
            <nite:child href="Bmr002.D.segs.xml#id(Bmr002.segment.1,018)"/>
            <nite:child href="Bmr002.C.segs.xml#id(Bmr002.segment.1,019)"/>
            <nite:child href="Bmr002.D.segs.xml#id(Bmr002.segment.1,020)..id(Bmr002.segment.1,021)"/>
            <nite:child href="Bmr002.B.segs.xml#id(Bmr002.segment.1,022)..id(Bmr002.segment.1,024)"/>
         </topic>
      </topic>
      <topic nite:id="Bmr002.topic.16" description="chitchat">
         <nite:child href="Bmr002.D.segs.xml#id(Bmr002.segment.1,023)..id(Bmr002.segment.1,026)"/>
         <nite:child href="Bmr002.C.segs.xml#id(Bmr002.segment.1,027)"/>
         <nite:child href="Bmr002.B.segs.xml#id(Bmr002.segment.1,028)"/>
         <nite:child href="Bmr002.D.segs.xml#id(Bmr002.segment.1,029)"/>
         <nite:child href="Bmr002.B.segs.xml#id(Bmr002.segment.1,030)"/>
         <nite:child href="Bmr002.C.segs.xml#id(Bmr002.segment.1,031)..id(Bmr002.segment.1,032)"/>
         <nite:child href="Bmr002.D.segs.xml#id(Bmr002.segment.1,033)..id(Bmr002.segment.1,034)"/>
         <nite:child href="Bmr002.C.segs.xml#id(Bmr002.segment.1,035)"/>
         <nite:child href="Bmr002.B.segs.xml#id(Bmr002.segment.1,036)"/>
         <nite:child href="Bmr002.A.segs.xml#id(Bmr002.segment.1,037)"/>
         <nite:child href="Bmr002.D.segs.xml#id(Bmr002.segment.1,038)..id(Bmr002.segment.1,042)"/>
         <nite:child href="Bmr002.C.segs.xml#id(Bmr002.segment.1,043)"/>
         <nite:child href="Bmr002.A.segs.xml#id(Bmr002.segment.1,044)"/>
         <nite:child href="Bmr002.C.segs.xml#id(Bmr002.segment.1,045)..id(Bmr002.segment.1,046)"/>
         <nite:child href="Bmr002.D.segs.xml#id(Bmr002.segment.1,047)..id(Bmr002.segment.1,048)"/>
         <nite:child href="Bmr002.B.segs.xml#id(Bmr002.segment.1,049)"/>
         <nite:child href="Bmr002.C.segs.xml#id(Bmr002.segment.1,050)"/>
         <nite:child href="Bmr002.D.segs.xml#id(Bmr002.segment.1,051)..id(Bmr002.segment.1,052)"/>
         <nite:child href="Bmr002.C.segs.xml#id(Bmr002.segment.1,053)"/>
         <nite:child href="Bmr002.B.segs.xml#id(Bmr002.segment.1,054)"/>
         <nite:child href="Bmr002.A.segs.xml#id(Bmr002.segment.1,055)"/>
         <nite:child href="Bmr002.B.segs.xml#id(Bmr002.segment.1,057)"/>
         <nite:child href="Bmr002.C.segs.xml#id(Bmr002.segment.1,056)..id(Bmr002.segment.1,058)"/>
         <nite:child href="Bmr002.B.segs.xml#id(Bmr002.segment.1,059)"/>
         <nite:child href="Bmr002.C.segs.xml#id(Bmr002.segment.1,060)"/>
         <nite:child href="Bmr002.B.segs.xml#id(Bmr002.segment.1,061)"/>
         <nite:child href="Bmr002.C.segs.xml#id(Bmr002.segment.1,062)"/>
         <nite:child href="Bmr002.B.segs.xml#id(Bmr002.segment.1,063)..id(Bmr002.segment.1,064)"/>
      </topic>
      <nite:child href="Bmr002.C.segs.xml#id(Bmr002.segment.1,065)"/>
      <nite:child href="Bmr002.B.segs.xml#id(Bmr002.segment.1,066)"/>
      <nite:child href="Bmr002.C.segs.xml#id(Bmr002.segment.1,067)"/>
      <nite:child href="Bmr002.D.segs.xml#id(Bmr002.segment.1,068)"/>
      <nite:child href="Bmr002.C.segs.xml#id(Bmr002.segment.1,069)"/>
      <nite:child href="Bmr002.B.segs.xml#id(Bmr002.segment.1,070)"/>
      <nite:child href="Bmr002.D.segs.xml#id(Bmr002.segment.1,072)"/>
      <topic nite:id="Bmr002.topic.17" description="automated alignment">
         <nite:child href="Bmr002.A.segs.xml#id(Bmr002.segment.1,071)"/>
         <nite:child href="Bmr002.D.segs.xml#id(Bmr002.segment.1,073)"/>
         <nite:child href="Bmr002.C.segs.xml#id(Bmr002.segment.1,074)"/>
         <nite:child href="Bmr002.A.segs.xml#id(Bmr002.segment.1,075)"/>
         <nite:child href="Bmr002.C.segs.xml#id(Bmr002.segment.1,076)..id(Bmr002.segment.1,077)"/>
         <nite:child href="Bmr002.D.segs.xml#id(Bmr002.segment.1,078)"/>
         <nite:child href="Bmr002.C.segs.xml#id(Bmr002.segment.1,079)"/>
         <nite:child href="Bmr002.B.segs.xml#id(Bmr002.segment.1,080)..id(Bmr002.segment.1,082)"/>
         <nite:child href="Bmr002.A.segs.xml#id(Bmr002.segment.1,083)"/>
         <nite:child href="Bmr002.B.segs.xml#id(Bmr002.segment.1,084)"/>
         <nite:child href="Bmr002.C.segs.xml#id(Bmr002.segment.1,085)"/>
         <nite:child href="Bmr002.A.segs.xml#id(Bmr002.segment.1,086)..id(Bmr002.segment.1,088)"/>
         <nite:child href="Bmr002.D.segs.xml#id(Bmr002.segment.1,089)"/>
         <nite:child href="Bmr002.A.segs.xml#id(Bmr002.segment.1,090)"/>
         <nite:child href="Bmr002.B.segs.xml#id(Bmr002.segment.1,091)"/>
         <nite:child href="Bmr002.C.segs.xml#id(Bmr002.segment.1,093)"/>
         <nite:child href="Bmr002.A.segs.xml#id(Bmr002.segment.1,092)"/>
         <nite:child href="Bmr002.B.segs.xml#id(Bmr002.segment.1,094)..id(Bmr002.segment.1,095)"/>
      </topic>
      <topic nite:id="Bmr002.topic.18" description="data formats">
         <nite:child href="Bmr002.B.segs.xml#id(Bmr002.segment.1,096)..id(Bmr002.segment.1,104)"/>
         <nite:child href="Bmr002.C.segs.xml#id(Bmr002.segment.1,105)..id(Bmr002.segment.1,110)"/>
         <nite:child href="Bmr002.A.segs.xml#id(Bmr002.segment.1,112)"/>
         <nite:child href="Bmr002.B.segs.xml#id(Bmr002.segment.1,113)"/>
         <nite:child href="Bmr002.C.segs.xml#id(Bmr002.segment.1,111)..id(Bmr002.segment.1,117)"/>
         <nite:child href="Bmr002.B.segs.xml#id(Bmr002.segment.1,118)..id(Bmr002.segment.1,119)"/>
         <nite:child href="Bmr002.C.segs.xml#id(Bmr002.segment.1,120)"/>
         <nite:child href="Bmr002.A.segs.xml#id(Bmr002.segment.1,121)"/>
         <nite:child href="Bmr002.C.segs.xml#id(Bmr002.segment.1,122)..id(Bmr002.segment.1,123)"/>
         <nite:child href="Bmr002.A.segs.xml#id(Bmr002.segment.1,124)"/>
         <nite:child href="Bmr002.C.segs.xml#id(Bmr002.segment.1,125)"/>
         <nite:child href="Bmr002.A.segs.xml#id(Bmr002.segment.1,126)..id(Bmr002.segment.1,128)"/>
         <nite:child href="Bmr002.C.segs.xml#id(Bmr002.segment.1,129)"/>
         <nite:child href="Bmr002.A.segs.xml#id(Bmr002.segment.1,130)"/>
         <nite:child href="Bmr002.D.segs.xml#id(Bmr002.segment.1,131)"/>
         <nite:child href="Bmr002.A.segs.xml#id(Bmr002.segment.1,132)..id(Bmr002.segment.1,137)"/>
         <nite:child href="Bmr002.D.segs.xml#id(Bmr002.segment.1,138)"/>
         <nite:child href="Bmr002.C.segs.xml#id(Bmr002.segment.1,139)"/>
         <nite:child href="Bmr002.A.segs.xml#id(Bmr002.segment.1,140)"/>
         <nite:child href="Bmr002.D.segs.xml#id(Bmr002.segment.1,141)"/>
         <nite:child href="Bmr002.A.segs.xml#id(Bmr002.segment.1,142)..id(Bmr002.segment.1,146)"/>
         <nite:child href="Bmr002.C.segs.xml#id(Bmr002.segment.1,148)"/>
         <nite:child href="Bmr002.A.segs.xml#id(Bmr002.segment.1,147)..id(Bmr002.segment.1,155)"/>
         <nite:child href="Bmr002.D.segs.xml#id(Bmr002.segment.1,156)"/>
         <nite:child href="Bmr002.A.segs.xml#id(Bmr002.segment.1,157)..id(Bmr002.segment.1,159)"/>
         <nite:child href="Bmr002.C.segs.xml#id(Bmr002.segment.1,160)..id(Bmr002.segment.1,162)"/>
      </topic>
      <topic nite:id="Bmr002.topic.19" description="software tool">
         <topic nite:id="Bmr002.topic.20" description="MATE">
            <nite:child href="Bmr002.B.segs.xml#id(Bmr002.segment.1,163)"/>
            <nite:child href="Bmr002.C.segs.xml#id(Bmr002.segment.1,164)"/>
            <nite:child href="Bmr002.D.segs.xml#id(Bmr002.segment.1,165)"/>
            <nite:child href="Bmr002.A.segs.xml#id(Bmr002.segment.1,166)"/>
            <nite:child href="Bmr002.D.segs.xml#id(Bmr002.segment.1,167)"/>
            <nite:child href="Bmr002.B.segs.xml#id(Bmr002.segment.1,168)"/>
            <nite:child href="Bmr002.C.segs.xml#id(Bmr002.segment.1,169)..id(Bmr002.segment.1,170)"/>
            <nite:child href="Bmr002.D.segs.xml#id(Bmr002.segment.1,171)"/>
            <nite:child href="Bmr002.A.segs.xml#id(Bmr002.segment.1,172)"/>
            <nite:child href="Bmr002.D.segs.xml#id(Bmr002.segment.1,173)"/>
            <nite:child href="Bmr002.A.segs.xml#id(Bmr002.segment.1,174)..id(Bmr002.segment.1,175)"/>
            <nite:child href="Bmr002.C.segs.xml#id(Bmr002.segment.1,176)..id(Bmr002.segment.1,179)"/>
            <nite:child href="Bmr002.D.segs.xml#id(Bmr002.segment.1,178)..id(Bmr002.segment.1,181)"/>
            <nite:child href="Bmr002.A.segs.xml#id(Bmr002.segment.1,182)..id(Bmr002.segment.1,183)"/>
            <nite:child href="Bmr002.C.segs.xml#id(Bmr002.segment.1,184)"/>
            <nite:child href="Bmr002.A.segs.xml#id(Bmr002.segment.1,185)"/>
            <nite:child href="Bmr002.D.segs.xml#id(Bmr002.segment.1,186)"/>
            <nite:child href="Bmr002.B.segs.xml#id(Bmr002.segment.1,187)"/>
            <nite:child href="Bmr002.A.segs.xml#id(Bmr002.segment.1,188)"/>
            <nite:child href="Bmr002.D.segs.xml#id(Bmr002.segment.1,189)..id(Bmr002.segment.1,193)"/>
            <nite:child href="Bmr002.C.segs.xml#id(Bmr002.segment.1,194)"/>
            <nite:child href="Bmr002.D.segs.xml#id(Bmr002.segment.1,195)..id(Bmr002.segment.1,196)"/>
            <nite:child href="Bmr002.B.segs.xml#id(Bmr002.segment.1,197)"/>
            <nite:child href="Bmr002.C.segs.xml#id(Bmr002.segment.1,198)"/>
            <nite:child href="Bmr002.D.segs.xml#id(Bmr002.segment.1,199)..id(Bmr002.segment.1,203)"/>
            <nite:child href="Bmr002.B.segs.xml#id(Bmr002.segment.1,204)..id(Bmr002.segment.1,206)"/>
            <nite:child href="Bmr002.D.segs.xml#id(Bmr002.segment.1,205)"/>
            <nite:child href="Bmr002.B.segs.xml#id(Bmr002.segment.1,207)"/>
            <nite:child href="Bmr002.A.segs.xml#id(Bmr002.segment.1,208)..id(Bmr002.segment.1,211)"/>
            <nite:child href="Bmr002.B.segs.xml#id(Bmr002.segment.1,212)"/>
            <nite:child href="Bmr002.D.segs.xml#id(Bmr002.segment.1,213)"/>
            <nite:child href="Bmr002.A.segs.xml#id(Bmr002.segment.1,214)"/>
            <nite:child href="Bmr002.D.segs.xml#id(Bmr002.segment.1,215)..id(Bmr002.segment.1,218)"/>
            <nite:child href="Bmr002.B.segs.xml#id(Bmr002.segment.1,220)"/>
            <nite:child href="Bmr002.D.segs.xml#id(Bmr002.segment.1,219)"/>
            <nite:child href="Bmr002.A.segs.xml#id(Bmr002.segment.1,221)"/>
            <nite:child href="Bmr002.D.segs.xml#id(Bmr002.segment.1,222)"/>
            <nite:child href="Bmr002.B.segs.xml#id(Bmr002.segment.1,223)"/>
            <nite:child href="Bmr002.D.segs.xml#id(Bmr002.segment.1,224)..id(Bmr002.segment.1,227)"/>
            <nite:child href="Bmr002.B.segs.xml#id(Bmr002.segment.1,228)..id(Bmr002.segment.1,232)"/>
            <nite:child href="Bmr002.D.segs.xml#id(Bmr002.segment.1,233)..id(Bmr002.segment.1,235)"/>
            <nite:child href="Bmr002.B.segs.xml#id(Bmr002.segment.1,236)"/>
            <nite:child href="Bmr002.D.segs.xml#id(Bmr002.segment.1,237)..id(Bmr002.segment.1,241)"/>
            <nite:child href="Bmr002.B.segs.xml#id(Bmr002.segment.1,242)"/>
            <nite:child href="Bmr002.D.segs.xml#id(Bmr002.segment.1,243)..id(Bmr002.segment.1,244)"/>
            <topic nite:id="Bmr002.topic.21" description="intonation tags">
               <nite:child href="Bmr002.D.segs.xml#id(Bmr002.segment.1,245)..id(Bmr002.segment.1,251)"/>
               <nite:child href="Bmr002.C.segs.xml#id(Bmr002.segment.1,250)"/>
               <nite:child href="Bmr002.D.segs.xml#id(Bmr002.segment.1,252)..id(Bmr002.segment.1,253)"/>
               <nite:child href="Bmr002.C.segs.xml#id(Bmr002.segment.1,254)"/>
               <nite:child href="Bmr002.D.segs.xml#id(Bmr002.segment.1,255)..id(Bmr002.segment.1,258)"/>
               <nite:child href="Bmr002.C.segs.xml#id(Bmr002.segment.1,259)"/>
               <nite:child href="Bmr002.D.segs.xml#id(Bmr002.segment.1,260)"/>
               <nite:child href="Bmr002.C.segs.xml#id(Bmr002.segment.1,261)"/>
               <nite:child href="Bmr002.D.segs.xml#id(Bmr002.segment.1,262)..id(Bmr002.segment.1,265)"/>
               <nite:child href="Bmr002.C.segs.xml#id(Bmr002.segment.1,266)"/>
               <nite:child href="Bmr002.D.segs.xml#id(Bmr002.segment.1,267)..id(Bmr002.segment.1,270)"/>
               <nite:child href="Bmr002.C.segs.xml#id(Bmr002.segment.1,271)"/>
               <nite:child href="Bmr002.D.segs.xml#id(Bmr002.segment.1,272)..id(Bmr002.segment.1,274)"/>
               <nite:child href="Bmr002.C.segs.xml#id(Bmr002.segment.1,275)"/>
               <nite:child href="Bmr002.D.segs.xml#id(Bmr002.segment.1,276)"/>
            </topic>
            <nite:child href="Bmr002.D.segs.xml#id(Bmr002.segment.1,277)..id(Bmr002.segment.1,278)"/>
         </topic>
         <nite:child href="Bmr002.C.segs.xml#id(Bmr002.segment.1,279)"/>
         <nite:child href="Bmr002.A.segs.xml#id(Bmr002.segment.1,280)"/>
         <nite:child href="Bmr002.D.segs.xml#id(Bmr002.segment.1,281)"/>
         <nite:child href="Bmr002.A.segs.xml#id(Bmr002.segment.1,282)..id(Bmr002.segment.1,284)"/>
         <nite:child href="Bmr002.D.segs.xml#id(Bmr002.segment.1,285)"/>
         <nite:child href="Bmr002.A.segs.xml#id(Bmr002.segment.1,286)"/>
         <nite:child href="Bmr002.D.segs.xml#id(Bmr002.segment.1,287)..id(Bmr002.segment.1,288)"/>
         <nite:child href="Bmr002.A.segs.xml#id(Bmr002.segment.1,289)..id(Bmr002.segment.1,293)"/>
         <nite:child href="Bmr002.D.segs.xml#id(Bmr002.segment.1,294)"/>
         <nite:child href="Bmr002.A.segs.xml#id(Bmr002.segment.1,295)..id(Bmr002.segment.1,296)"/>
         <nite:child href="Bmr002.C.segs.xml#id(Bmr002.segment.1,297)"/>
         <nite:child href="Bmr002.B.segs.xml#id(Bmr002.segment.1,298)"/>
         <nite:child href="Bmr002.D.segs.xml#id(Bmr002.segment.1,299)"/>
         <nite:child href="Bmr002.B.segs.xml#id(Bmr002.segment.1,300)"/>
         <nite:child href="Bmr002.D.segs.xml#id(Bmr002.segment.1,301)"/>
         <nite:child href="Bmr002.B.segs.xml#id(Bmr002.segment.1,302)"/>
         <nite:child href="Bmr002.D.segs.xml#id(Bmr002.segment.1,303)"/>
         <nite:child href="Bmr002.B.segs.xml#id(Bmr002.segment.1,304)"/>
         <nite:child href="Bmr002.A.segs.xml#id(Bmr002.segment.1,305)"/>
         <nite:child href="Bmr002.D.segs.xml#id(Bmr002.segment.1,306)..id(Bmr002.segment.1,308)"/>
         <nite:child href="Bmr002.C.segs.xml#id(Bmr002.segment.1,309)"/>
         <topic nite:id="Bmr002.topic.22" description="&quot;Transcriber&quot; tool">
            <nite:child href="Bmr002.D.segs.xml#id(Bmr002.segment.1,310)..id(Bmr002.segment.1,317)"/>
            <nite:child href="Bmr002.B.segs.xml#id(Bmr002.segment.1,318)"/>
            <nite:child href="Bmr002.C.segs.xml#id(Bmr002.segment.1,319)"/>
            <nite:child href="Bmr002.D.segs.xml#id(Bmr002.segment.1,320)"/>
            <nite:child href="Bmr002.C.segs.xml#id(Bmr002.segment.1,321)..id(Bmr002.segment.1,322)"/>
            <nite:child href="Bmr002.D.segs.xml#id(Bmr002.segment.1,323)..id(Bmr002.segment.1,326)"/>
            <nite:child href="Bmr002.C.segs.xml#id(Bmr002.segment.1,325)"/>
            <nite:child href="Bmr002.D.segs.xml#id(Bmr002.segment.1,327)"/>
            <nite:child href="Bmr002.C.segs.xml#id(Bmr002.segment.1,328)..id(Bmr002.segment.1,329)"/>
            <nite:child href="Bmr002.D.segs.xml#id(Bmr002.segment.1,330)"/>
            <nite:child href="Bmr002.C.segs.xml#id(Bmr002.segment.1,331)"/>
            <nite:child href="Bmr002.D.segs.xml#id(Bmr002.segment.1,332)..id(Bmr002.segment.1,333)"/>
         </topic>
         <nite:child href="Bmr002.B.segs.xml#id(Bmr002.segment.1,334)"/>
         <nite:child href="Bmr002.A.segs.xml#id(Bmr002.segment.1,335)"/>
         <nite:child href="Bmr002.B.segs.xml#id(Bmr002.segment.1,336)"/>
         <nite:child href="Bmr002.D.segs.xml#id(Bmr002.segment.1,337)"/>
         <nite:child href="Bmr002.B.segs.xml#id(Bmr002.segment.1,338)"/>
         <nite:child href="Bmr002.D.segs.xml#id(Bmr002.segment.1,339)"/>
         <nite:child href="Bmr002.B.segs.xml#id(Bmr002.segment.1,340)"/>
         <nite:child href="Bmr002.D.segs.xml#id(Bmr002.segment.1,341)"/>
         <nite:child href="Bmr002.B.segs.xml#id(Bmr002.segment.1,342)"/>
         <nite:child href="Bmr002.D.segs.xml#id(Bmr002.segment.1,343)..id(Bmr002.segment.1,344)"/>
         <nite:child href="Bmr002.C.segs.xml#id(Bmr002.segment.1,345)"/>
         <nite:child href="Bmr002.D.segs.xml#id(Bmr002.segment.1,346)..id(Bmr002.segment.1,347)"/>
         <nite:child href="Bmr002.A.segs.xml#id(Bmr002.segment.1,348)"/>
         <nite:child href="Bmr002.D.segs.xml#id(Bmr002.segment.1,349)"/>
         <nite:child href="Bmr002.A.segs.xml#id(Bmr002.segment.1,350)..id(Bmr002.segment.1,351)"/>
         <nite:child href="Bmr002.D.segs.xml#id(Bmr002.segment.1,352)"/>
         <nite:child href="Bmr002.A.segs.xml#id(Bmr002.segment.1,353)..id(Bmr002.segment.1,354)"/>
         <nite:child href="Bmr002.D.segs.xml#id(Bmr002.segment.1,355)"/>
         <nite:child href="Bmr002.A.segs.xml#id(Bmr002.segment.1,356)"/>
         <nite:child href="Bmr002.B.segs.xml#id(Bmr002.segment.1,357)"/>
         <nite:child href="Bmr002.A.segs.xml#id(Bmr002.segment.1,358)"/>
         <nite:child href="Bmr002.D.segs.xml#id(Bmr002.segment.1,359)"/>
         <nite:child href="Bmr002.A.segs.xml#id(Bmr002.segment.1,360)..id(Bmr002.segment.1,361)"/>
         <nite:child href="Bmr002.B.segs.xml#id(Bmr002.segment.1,362)"/>
         <nite:child href="Bmr002.D.segs.xml#id(Bmr002.segment.1,363)"/>
         <nite:child href="Bmr002.A.segs.xml#id(Bmr002.segment.1,364)"/>
         <nite:child href="Bmr002.D.segs.xml#id(Bmr002.segment.1,365)"/>
         <nite:child href="Bmr002.C.segs.xml#id(Bmr002.segment.1,366)"/>
         <nite:child href="Bmr002.A.segs.xml#id(Bmr002.segment.1,367)"/>
         <nite:child href="Bmr002.D.segs.xml#id(Bmr002.segment.1,368)..id(Bmr002.segment.1,371)"/>
         <nite:child href="Bmr002.B.segs.xml#id(Bmr002.segment.1,372)..id(Bmr002.segment.1,375)"/>
         <nite:child href="Bmr002.D.segs.xml#id(Bmr002.segment.1,376)..id(Bmr002.segment.1,381)"/>
         <topic nite:id="Bmr002.topic.23" description="time alignment">
            <nite:child href="Bmr002.D.segs.xml#id(Bmr002.segment.1,382)..id(Bmr002.segment.1,383)"/>
            <nite:child href="Bmr002.B.segs.xml#id(Bmr002.segment.1,384)"/>
            <nite:child href="Bmr002.A.segs.xml#id(Bmr002.segment.1,385)"/>
            <nite:child href="Bmr002.C.segs.xml#id(Bmr002.segment.1,386)"/>
            <nite:child href="Bmr002.D.segs.xml#id(Bmr002.segment.1,387)"/>
            <nite:child href="Bmr002.C.segs.xml#id(Bmr002.segment.1,388)..id(Bmr002.segment.1,391)"/>
            <nite:child href="Bmr002.A.segs.xml#id(Bmr002.segment.1,392)"/>
            <nite:child href="Bmr002.C.segs.xml#id(Bmr002.segment.1,393)..id(Bmr002.segment.1,395)"/>
            <nite:child href="Bmr002.A.segs.xml#id(Bmr002.segment.1,394)"/>
            <nite:child href="Bmr002.C.segs.xml#id(Bmr002.segment.1,397)"/>
            <nite:child href="Bmr002.D.segs.xml#id(Bmr002.segment.1,396)"/>
            <nite:child href="Bmr002.C.segs.xml#id(Bmr002.segment.1,398)"/>
            <nite:child href="Bmr002.A.segs.xml#id(Bmr002.segment.1,399)"/>
            <nite:child href="Bmr002.B.segs.xml#id(Bmr002.segment.1,400)"/>
            <nite:child href="Bmr002.C.segs.xml#id(Bmr002.segment.1,401)"/>
            <nite:child href="Bmr002.D.segs.xml#id(Bmr002.segment.1,402)..id(Bmr002.segment.1,404)"/>
            <nite:child href="Bmr002.B.segs.xml#id(Bmr002.segment.1,405)"/>
            <nite:child href="Bmr002.D.segs.xml#id(Bmr002.segment.1,406)"/>
            <nite:child href="Bmr002.B.segs.xml#id(Bmr002.segment.1,407)..id(Bmr002.segment.1,408)"/>
            <nite:child href="Bmr002.D.segs.xml#id(Bmr002.segment.1,409)"/>
            <nite:child href="Bmr002.B.segs.xml#id(Bmr002.segment.1,410)"/>
            <nite:child href="Bmr002.D.segs.xml#id(Bmr002.segment.1,411)"/>
            <nite:child href="Bmr002.B.segs.xml#id(Bmr002.segment.1,412)"/>
         </topic>
         <nite:child href="Bmr002.C.segs.xml#id(Bmr002.segment.1,413)"/>
         <topic nite:id="Bmr002.topic.24" description="&quot;Snack&quot;">
            <nite:child href="Bmr002.C.segs.xml#id(Bmr002.segment.1,414)..id(Bmr002.segment.1,415)"/>
            <nite:child href="Bmr002.A.segs.xml#id(Bmr002.segment.1,416)"/>
            <nite:child href="Bmr002.C.segs.xml#id(Bmr002.segment.1,417)..id(Bmr002.segment.1,418)"/>
            <nite:child href="Bmr002.B.segs.xml#id(Bmr002.segment.1,419)"/>
            <nite:child href="Bmr002.D.segs.xml#id(Bmr002.segment.1,420)..id(Bmr002.segment.1,421)"/>
            <nite:child href="Bmr002.B.segs.xml#id(Bmr002.segment.1,422)"/>
            <nite:child href="Bmr002.C.segs.xml#id(Bmr002.segment.1,423)..id(Bmr002.segment.1,425)"/>
            <nite:child href="Bmr002.D.segs.xml#id(Bmr002.segment.1,426)..id(Bmr002.segment.1,427)"/>
            <nite:child href="Bmr002.C.segs.xml#id(Bmr002.segment.1,428)..id(Bmr002.segment.1,429)"/>
            <nite:child href="Bmr002.D.segs.xml#id(Bmr002.segment.1,430)"/>
            <nite:child href="Bmr002.B.segs.xml#id(Bmr002.segment.1,431)..id(Bmr002.segment.1,432)"/>
            <nite:child href="Bmr002.C.segs.xml#id(Bmr002.segment.1,433)"/>
            <nite:child href="Bmr002.D.segs.xml#id(Bmr002.segment.1,434)"/>
            <nite:child href="Bmr002.B.segs.xml#id(Bmr002.segment.1,435)"/>
            <nite:child href="Bmr002.D.segs.xml#id(Bmr002.segment.1,436)..id(Bmr002.segment.1,438)"/>
            <nite:child href="Bmr002.C.segs.xml#id(Bmr002.segment.1,439)"/>
            <nite:child href="Bmr002.D.segs.xml#id(Bmr002.segment.1,440)"/>
            <nite:child href="Bmr002.C.segs.xml#id(Bmr002.segment.1,441)..id(Bmr002.segment.1,444)"/>
         </topic>
         <nite:child href="Bmr002.D.segs.xml#id(Bmr002.segment.1,445)..id(Bmr002.segment.1,447)"/>
         <nite:child href="Bmr002.C.segs.xml#id(Bmr002.segment.1,448)"/>
         <topic nite:id="Bmr002.topic.25" description="&quot;Transcriber&quot;">
            <nite:child href="Bmr002.B.segs.xml#id(Bmr002.segment.1,449)"/>
            <nite:child href="Bmr002.D.segs.xml#id(Bmr002.segment.1,450)"/>
            <nite:child href="Bmr002.B.segs.xml#id(Bmr002.segment.1,451)"/>
            <nite:child href="Bmr002.C.segs.xml#id(Bmr002.segment.1,452)"/>
            <nite:child href="Bmr002.D.segs.xml#id(Bmr002.segment.1,453)..id(Bmr002.segment.1,454)"/>
            <nite:child href="Bmr002.A.segs.xml#id(Bmr002.segment.1,456)..id(Bmr002.segment.1,458)"/>
            <nite:child href="Bmr002.D.segs.xml#id(Bmr002.segment.1,459)"/>
            <nite:child href="Bmr002.A.segs.xml#id(Bmr002.segment.1,460)"/>
            <nite:child href="Bmr002.B.segs.xml#id(Bmr002.segment.1,461)"/>
            <nite:child href="Bmr002.D.segs.xml#id(Bmr002.segment.1,462)"/>
            <nite:child href="Bmr002.A.segs.xml#id(Bmr002.segment.1,463)..id(Bmr002.segment.1,467)"/>
            <nite:child href="Bmr002.B.segs.xml#id(Bmr002.segment.1,468)..id(Bmr002.segment.1,469)"/>
            <nite:child href="Bmr002.A.segs.xml#id(Bmr002.segment.1,470)..id(Bmr002.segment.1,471)"/>
            <nite:child href="Bmr002.D.segs.xml#id(Bmr002.segment.1,472)..id(Bmr002.segment.1,474)"/>
            <nite:child href="Bmr002.A.segs.xml#id(Bmr002.segment.1,475)"/>
            <nite:child href="Bmr002.D.segs.xml#id(Bmr002.segment.1,476)..id(Bmr002.segment.1,478)"/>
            <nite:child href="Bmr002.B.segs.xml#id(Bmr002.segment.1,480)"/>
            <nite:child href="Bmr002.A.segs.xml#id(Bmr002.segment.1,479)"/>
            <nite:child href="Bmr002.B.segs.xml#id(Bmr002.segment.1,481)"/>
            <nite:child href="Bmr002.A.segs.xml#id(Bmr002.segment.1,482)"/>
            <nite:child href="Bmr002.B.segs.xml#id(Bmr002.segment.1,483)"/>
            <nite:child href="Bmr002.D.segs.xml#id(Bmr002.segment.1,484)..id(Bmr002.segment.1,489)"/>
            <nite:child href="Bmr002.A.segs.xml#id(Bmr002.segment.1,490)"/>
            <nite:child href="Bmr002.D.segs.xml#id(Bmr002.segment.1,491)..id(Bmr002.segment.1,493)"/>
            <nite:child href="Bmr002.A.segs.xml#id(Bmr002.segment.1,494)"/>
            <nite:child href="Bmr002.B.segs.xml#id(Bmr002.segment.1,495)..id(Bmr002.segment.1,498)"/>
            <nite:child href="Bmr002.D.segs.xml#id(Bmr002.segment.1,497)"/>
            <nite:child href="Bmr002.B.segs.xml#id(Bmr002.segment.1,499)"/>
            <nite:child href="Bmr002.A.segs.xml#id(Bmr002.segment.1,500)"/>
            <nite:child href="Bmr002.B.segs.xml#id(Bmr002.segment.1,501)"/>
            <nite:child href="Bmr002.D.segs.xml#id(Bmr002.segment.1,502)"/>
            <nite:child href="Bmr002.B.segs.xml#id(Bmr002.segment.1,503)"/>
            <nite:child href="Bmr002.D.segs.xml#id(Bmr002.segment.1,504)..id(Bmr002.segment.1,507)"/>
            <nite:child href="Bmr002.B.segs.xml#id(Bmr002.segment.1,506)"/>
            <nite:child href="Bmr002.D.segs.xml#id(Bmr002.segment.1,508)..id(Bmr002.segment.1,510)"/>
            <nite:child href="Bmr002.B.segs.xml#id(Bmr002.segment.1,511)..id(Bmr002.segment.1,516)"/>
            <nite:child href="Bmr002.D.segs.xml#id(Bmr002.segment.1,517)"/>
            <nite:child href="Bmr002.B.segs.xml#id(Bmr002.segment.1,518)"/>
            <nite:child href="Bmr002.D.segs.xml#id(Bmr002.segment.1,519)"/>
            <nite:child href="Bmr002.B.segs.xml#id(Bmr002.segment.1,520)"/>
            <nite:child href="Bmr002.C.segs.xml#id(Bmr002.segment.1,521)"/>
            <nite:child href="Bmr002.A.segs.xml#id(Bmr002.segment.1,522)"/>
            <nite:child href="Bmr002.D.segs.xml#id(Bmr002.segment.1,523)"/>
         </topic>
         <nite:child href="Bmr002.D.segs.xml#id(Bmr002.segment.1,524)"/>
         <nite:child href="Bmr002.A.segs.xml#id(Bmr002.segment.1,525)"/>
      </topic>
      <topic nite:id="Bmr002.topic.26" description="Queries for meeting">
         <nite:child href="Bmr002.B.segs.xml#id(Bmr002.segment.1,526)..id(Bmr002.segment.1,529)"/>
         <nite:child href="Bmr002.D.segs.xml#id(Bmr002.segment.1,530)"/>
         <nite:child href="Bmr002.B.segs.xml#id(Bmr002.segment.1,531)"/>
         <nite:child href="Bmr002.D.segs.xml#id(Bmr002.segment.1,533)"/>
         <nite:child href="Bmr002.C.segs.xml#id(Bmr002.segment.1,532)"/>
         <nite:child href="Bmr002.B.segs.xml#id(Bmr002.segment.1,534)..id(Bmr002.segment.1,540)"/>
         <nite:child href="Bmr002.D.segs.xml#id(Bmr002.segment.1,541)..id(Bmr002.segment.1,543)"/>
         <nite:child href="Bmr002.B.segs.xml#id(Bmr002.segment.1,544)..id(Bmr002.segment.1,545)"/>
         <nite:child href="Bmr002.A.segs.xml#id(Bmr002.segment.1,546)"/>
         <nite:child href="Bmr002.B.segs.xml#id(Bmr002.segment.1,547)"/>
         <nite:child href="Bmr002.A.segs.xml#id(Bmr002.segment.1,548)"/>
         <nite:child href="Bmr002.B.segs.xml#id(Bmr002.segment.1,549)"/>
         <nite:child href="Bmr002.A.segs.xml#id(Bmr002.segment.1,550)..id(Bmr002.segment.1,552)"/>
         <nite:child href="Bmr002.B.segs.xml#id(Bmr002.segment.1,553)"/>
         <nite:child href="Bmr002.A.segs.xml#id(Bmr002.segment.1,554)"/>
         <nite:child href="Bmr002.B.segs.xml#id(Bmr002.segment.1,555)"/>
         <nite:child href="Bmr002.A.segs.xml#id(Bmr002.segment.1,556)"/>
         <nite:child href="Bmr002.B.segs.xml#id(Bmr002.segment.1,557)"/>
         <nite:child href="Bmr002.C.segs.xml#id(Bmr002.segment.1,558)"/>
         <nite:child href="Bmr002.B.segs.xml#id(Bmr002.segment.1,559)"/>
         <nite:child href="Bmr002.D.segs.xml#id(Bmr002.segment.1,560)..id(Bmr002.segment.1,561)"/>
         <nite:child href="Bmr002.C.segs.xml#id(Bmr002.segment.1,562)"/>
         <nite:child href="Bmr002.D.segs.xml#id(Bmr002.segment.1,563)"/>
         <nite:child href="Bmr002.A.segs.xml#id(Bmr002.segment.1,564)"/>
         <nite:child href="Bmr002.B.segs.xml#id(Bmr002.segment.1,565)..id(Bmr002.segment.1,566)"/>
         <nite:child href="Bmr002.A.segs.xml#id(Bmr002.segment.1,567)"/>
      </topic>
      <nite:child href="Bmr002.C.segs.xml#id(Bmr002.segment.1,568)"/>
      <nite:child href="Bmr002.A.segs.xml#id(Bmr002.segment.1,569)"/>
      <nite:child href="Bmr002.C.segs.xml#id(Bmr002.segment.1,570)..id(Bmr002.segment.1,571)"/>
      <nite:child href="Bmr002.D.segs.xml#id(Bmr002.segment.1,572)..id(Bmr002.segment.1,575)"/>
      <nite:child href="Bmr002.C.segs.xml#id(Bmr002.segment.1,574)..id(Bmr002.segment.1,581)"/>
      <nite:child href="Bmr002.A.segs.xml#id(Bmr002.segment.1,580)"/>
      <nite:child href="Bmr002.C.segs.xml#id(Bmr002.segment.1,582)..id(Bmr002.segment.1,583)"/>
      <nite:child href="Bmr002.D.segs.xml#id(Bmr002.segment.1,584)..id(Bmr002.segment.1,587)"/>
      <nite:child href="Bmr002.C.segs.xml#id(Bmr002.segment.1,588)"/>
      <nite:child href="Bmr002.D.segs.xml#id(Bmr002.segment.1,589)..id(Bmr002.segment.1,598)"/>
      <nite:child href="Bmr002.A.segs.xml#id(Bmr002.segment.1,599)"/>
      <nite:child href="Bmr002.D.segs.xml#id(Bmr002.segment.1,600)"/>
      <nite:child href="Bmr002.A.segs.xml#id(Bmr002.segment.1,601)"/>
      <nite:child href="Bmr002.D.segs.xml#id(Bmr002.segment.1,602)"/>
      <nite:child href="Bmr002.A.segs.xml#id(Bmr002.segment.1,603)..id(Bmr002.segment.1,605)"/>
      <nite:child href="Bmr002.D.segs.xml#id(Bmr002.segment.1,606)"/>
      <nite:child href="Bmr002.A.segs.xml#id(Bmr002.segment.1,607)"/>
      <nite:child href="Bmr002.D.segs.xml#id(Bmr002.segment.1,608)"/>
      <nite:child href="Bmr002.A.segs.xml#id(Bmr002.segment.1,609)"/>
      <nite:child href="Bmr002.D.segs.xml#id(Bmr002.segment.1,610)..id(Bmr002.segment.1,612)"/>
      <nite:child href="Bmr002.A.segs.xml#id(Bmr002.segment.1,613)"/>
      <nite:child href="Bmr002.B.segs.xml#id(Bmr002.segment.1,614)"/>
      <nite:child href="Bmr002.A.segs.xml#id(Bmr002.segment.1,615)..id(Bmr002.segment.1,616)"/>
      <nite:child href="Bmr002.B.segs.xml#id(Bmr002.segment.1,617)"/>
      <nite:child href="Bmr002.A.segs.xml#id(Bmr002.segment.1,618)..id(Bmr002.segment.1,622)"/>
      <nite:child href="Bmr002.B.segs.xml#id(Bmr002.segment.1,623)"/>
      <nite:child href="Bmr002.A.segs.xml#id(Bmr002.segment.1,624)..id(Bmr002.segment.1,628)"/>
      <nite:child href="Bmr002.B.segs.xml#id(Bmr002.segment.1,629)..id(Bmr002.segment.1,631)"/>
      <nite:child href="Bmr002.A.segs.xml#id(Bmr002.segment.1,632)"/>
      <nite:child href="Bmr002.B.segs.xml#id(Bmr002.segment.1,633)..id(Bmr002.segment.1,635)"/>
      <topic nite:id="Bmr002.topic.27" description="handling multiple channels">
         <nite:child href="Bmr002.B.segs.xml#id(Bmr002.segment.1,636)..id(Bmr002.segment.1,648)"/>
         <nite:child href="Bmr002.A.segs.xml#id(Bmr002.segment.1,649)"/>
         <nite:child href="Bmr002.C.segs.xml#id(Bmr002.segment.1,650)"/>
         <topic nite:id="Bmr002.topic.28" description="stereo pairs">
            <nite:child href="Bmr002.C.segs.xml#id(Bmr002.segment.1,651)"/>
            <nite:child href="Bmr002.B.segs.xml#id(Bmr002.segment.1,653)"/>
            <nite:child href="Bmr002.C.segs.xml#id(Bmr002.segment.1,652)..id(Bmr002.segment.1,656)"/>
            <nite:child href="Bmr002.B.segs.xml#id(Bmr002.segment.1,657)..id(Bmr002.segment.1,658)"/>
            <nite:child href="Bmr002.A.segs.xml#id(Bmr002.segment.1,659)..id(Bmr002.segment.1,661)"/>
            <nite:child href="Bmr002.C.segs.xml#id(Bmr002.segment.1,662)"/>
            <nite:child href="Bmr002.A.segs.xml#id(Bmr002.segment.1,663)"/>
            <nite:child href="Bmr002.C.segs.xml#id(Bmr002.segment.1,664)"/>
            <nite:child href="Bmr002.A.segs.xml#id(Bmr002.segment.1,666)"/>
            <nite:child href="Bmr002.B.segs.xml#id(Bmr002.segment.1,665)"/>
            <nite:child href="Bmr002.C.segs.xml#id(Bmr002.segment.1,667)"/>
            <nite:child href="Bmr002.B.segs.xml#id(Bmr002.segment.1,668)"/>
            <nite:child href="Bmr002.C.segs.xml#id(Bmr002.segment.1,669)"/>
            <nite:child href="Bmr002.B.segs.xml#id(Bmr002.segment.1,670)..id(Bmr002.segment.1,671)"/>
            <nite:child href="Bmr002.C.segs.xml#id(Bmr002.segment.1,672)"/>
            <nite:child href="Bmr002.A.segs.xml#id(Bmr002.segment.1,673)"/>
            <nite:child href="Bmr002.B.segs.xml#id(Bmr002.segment.1,674)"/>
            <nite:child href="Bmr002.C.segs.xml#id(Bmr002.segment.1,675)"/>
            <nite:child href="Bmr002.D.segs.xml#id(Bmr002.segment.1,676)"/>
            <nite:child href="Bmr002.C.segs.xml#id(Bmr002.segment.1,677)"/>
            <nite:child href="Bmr002.A.segs.xml#id(Bmr002.segment.1,678)"/>
            <nite:child href="Bmr002.C.segs.xml#id(Bmr002.segment.1,679)..id(Bmr002.segment.1,680)"/>
            <nite:child href="Bmr002.A.segs.xml#id(Bmr002.segment.1,681)"/>
            <nite:child href="Bmr002.C.segs.xml#id(Bmr002.segment.1,683)"/>
            <nite:child href="Bmr002.B.segs.xml#id(Bmr002.segment.1,682)"/>
            <nite:child href="Bmr002.A.segs.xml#id(Bmr002.segment.1,684)"/>
         </topic>
      </topic>
      <nite:child href="Bmr002.B.segs.xml#id(Bmr002.segment.1,685)"/>
      <topic nite:id="Bmr002.topic.32" description="what is goal?">
         <nite:child href="Bmr002.C.segs.xml#id(Bmr002.segment.1,686)"/>
         <nite:child href="Bmr002.B.segs.xml#id(Bmr002.segment.1,688)"/>
         <nite:child href="Bmr002.C.segs.xml#id(Bmr002.segment.1,687)..id(Bmr002.segment.1,691)"/>
         <nite:child href="Bmr002.B.segs.xml#id(Bmr002.segment.1,692)..id(Bmr002.segment.1,696)"/>
         <nite:child href="Bmr002.C.segs.xml#id(Bmr002.segment.1,697)..id(Bmr002.segment.1,698)"/>
         <nite:child href="Bmr002.B.segs.xml#id(Bmr002.segment.1,699)"/>
         <nite:child href="Bmr002.C.segs.xml#id(Bmr002.segment.1,700)"/>
         <nite:child href="Bmr002.B.segs.xml#id(Bmr002.segment.1,701)..id(Bmr002.segment.1,702)"/>
         <nite:child href="Bmr002.C.segs.xml#id(Bmr002.segment.1,703)"/>
         <nite:child href="Bmr002.B.segs.xml#id(Bmr002.segment.1,704)"/>
         <nite:child href="Bmr002.C.segs.xml#id(Bmr002.segment.1,705)"/>
         <topic nite:id="Bmr002.topic.33" description="train recognizer on far-field mikes">
            <nite:child href="Bmr002.C.segs.xml#id(Bmr002.segment.1,706)..id(Bmr002.segment.1,707)"/>
            <nite:child href="Bmr002.B.segs.xml#id(Bmr002.segment.1,708)..id(Bmr002.segment.1,709)"/>
            <nite:child href="Bmr002.C.segs.xml#id(Bmr002.segment.1,710)..id(Bmr002.segment.1,711)"/>
            <nite:child href="Bmr002.B.segs.xml#id(Bmr002.segment.1,712)..id(Bmr002.segment.1,714)"/>
            <nite:child href="Bmr002.C.segs.xml#id(Bmr002.segment.1,715)..id(Bmr002.segment.1,716)"/>
            <nite:child href="Bmr002.B.segs.xml#id(Bmr002.segment.1,717)..id(Bmr002.segment.1,719)"/>
            <nite:child href="Bmr002.C.segs.xml#id(Bmr002.segment.1,720)"/>
            <nite:child href="Bmr002.D.segs.xml#id(Bmr002.segment.1,721)"/>
            <nite:child href="Bmr002.B.segs.xml#id(Bmr002.segment.1,722)"/>
            <nite:child href="Bmr002.C.segs.xml#id(Bmr002.segment.1,724)"/>
            <nite:child href="Bmr002.D.segs.xml#id(Bmr002.segment.1,723)..id(Bmr002.segment.1,725)"/>
            <nite:child href="Bmr002.C.segs.xml#id(Bmr002.segment.1,726)..id(Bmr002.segment.1,728)"/>
            <nite:child href="Bmr002.B.segs.xml#id(Bmr002.segment.1,729)"/>
            <nite:child href="Bmr002.C.segs.xml#id(Bmr002.segment.1,730)..id(Bmr002.segment.1,732)"/>
         </topic>
         <nite:child href="Bmr002.B.segs.xml#id(Bmr002.segment.1,731)"/>
         <topic nite:id="Bmr002.topic.34" description="information retrieval">
            <nite:child href="Bmr002.B.segs.xml#id(Bmr002.segment.1,733)"/>
            <nite:child href="Bmr002.C.segs.xml#id(Bmr002.segment.1,734)..id(Bmr002.segment.1,735)"/>
            <nite:child href="Bmr002.B.segs.xml#id(Bmr002.segment.1,736)..id(Bmr002.segment.1,737)"/>
            <nite:child href="Bmr002.C.segs.xml#id(Bmr002.segment.1,738)"/>
            <nite:child href="Bmr002.B.segs.xml#id(Bmr002.segment.1,739)..id(Bmr002.segment.1,743)"/>
            <nite:child href="Bmr002.A.segs.xml#id(Bmr002.segment.1,744)"/>
            <nite:child href="Bmr002.B.segs.xml#id(Bmr002.segment.1,745)"/>
            <nite:child href="Bmr002.A.segs.xml#id(Bmr002.segment.1,746)"/>
            <nite:child href="Bmr002.C.segs.xml#id(Bmr002.segment.1,747)..id(Bmr002.segment.1,748)"/>
            <nite:child href="Bmr002.B.segs.xml#id(Bmr002.segment.1,749)..id(Bmr002.segment.1,751)"/>
            <nite:child href="Bmr002.C.segs.xml#id(Bmr002.segment.1,752)"/>
            <nite:child href="Bmr002.B.segs.xml#id(Bmr002.segment.1,753)"/>
            <nite:child href="Bmr002.C.segs.xml#id(Bmr002.segment.1,754)"/>
            <nite:child href="Bmr002.B.segs.xml#id(Bmr002.segment.1,755)"/>
         </topic>
         <nite:child href="Bmr002.A.segs.xml#id(Bmr002.segment.1,756)..id(Bmr002.segment.1,767)"/>
         <nite:child href="Bmr002.C.segs.xml#id(Bmr002.segment.1,768)"/>
         <nite:child href="Bmr002.A.segs.xml#id(Bmr002.segment.1,769)"/>
         <nite:child href="Bmr002.C.segs.xml#id(Bmr002.segment.1,770)"/>
         <nite:child href="Bmr002.A.segs.xml#id(Bmr002.segment.1,771)"/>
         <nite:child href="Bmr002.B.segs.xml#id(Bmr002.segment.1,772)"/>
         <nite:child href="Bmr002.C.segs.xml#id(Bmr002.segment.1,773)"/>
         <nite:child href="Bmr002.D.segs.xml#id(Bmr002.segment.1,774)"/>
      </topic>
      <topic nite:id="Bmr002.topic.35" description="prosody and stress">
         <nite:child href="Bmr002.D.segs.xml#id(Bmr002.segment.1,775)..id(Bmr002.segment.1,783)"/>
         <nite:child href="Bmr002.C.segs.xml#id(Bmr002.segment.1,784)"/>
         <nite:child href="Bmr002.D.segs.xml#id(Bmr002.segment.1,785)"/>
         <nite:child href="Bmr002.C.segs.xml#id(Bmr002.segment.1,786)"/>
         <nite:child href="Bmr002.D.segs.xml#id(Bmr002.segment.1,787)"/>
         <nite:child href="Bmr002.C.segs.xml#id(Bmr002.segment.1,788)..id(Bmr002.segment.1,792)"/>
         <nite:child href="Bmr002.D.segs.xml#id(Bmr002.segment.1,793)"/>
         <nite:child href="Bmr002.C.segs.xml#id(Bmr002.segment.1,794)..id(Bmr002.segment.1,795)"/>
         <nite:child href="Bmr002.D.segs.xml#id(Bmr002.segment.1,797)"/>
         <nite:child href="Bmr002.B.segs.xml#id(Bmr002.segment.1,796)"/>
         <nite:child href="Bmr002.D.segs.xml#id(Bmr002.segment.1,798)"/>
         <topic nite:id="Bmr002.topic.36" description="MARSEC project">
            <nite:child href="Bmr002.D.segs.xml#id(Bmr002.segment.1,799)..id(Bmr002.segment.1,800)"/>
            <nite:child href="Bmr002.C.segs.xml#id(Bmr002.segment.1,801)"/>
            <nite:child href="Bmr002.A.segs.xml#id(Bmr002.segment.1,802)"/>
            <nite:child href="Bmr002.D.segs.xml#id(Bmr002.segment.1,803)..id(Bmr002.segment.1,806)"/>
            <nite:child href="Bmr002.A.segs.xml#id(Bmr002.segment.1,807)"/>
            <nite:child href="Bmr002.B.segs.xml#id(Bmr002.segment.1,809)"/>
            <nite:child href="Bmr002.C.segs.xml#id(Bmr002.segment.1,808)"/>
            <nite:child href="Bmr002.D.segs.xml#id(Bmr002.segment.1,810)..id(Bmr002.segment.1,812)"/>
            <nite:child href="Bmr002.A.segs.xml#id(Bmr002.segment.1,813)"/>
            <nite:child href="Bmr002.B.segs.xml#id(Bmr002.segment.1,814)"/>
            <nite:child href="Bmr002.D.segs.xml#id(Bmr002.segment.1,815)..id(Bmr002.segment.1,817)"/>
            <nite:child href="Bmr002.B.segs.xml#id(Bmr002.segment.1,818)..id(Bmr002.segment.1,819)"/>
            <nite:child href="Bmr002.D.segs.xml#id(Bmr002.segment.1,820)..id(Bmr002.segment.1,822)"/>
            <nite:child href="Bmr002.A.segs.xml#id(Bmr002.segment.1,823)"/>
            <nite:child href="Bmr002.D.segs.xml#id(Bmr002.segment.1,824)"/>
            <nite:child href="Bmr002.C.segs.xml#id(Bmr002.segment.1,825)..id(Bmr002.segment.1,826)"/>
            <nite:child href="Bmr002.B.segs.xml#id(Bmr002.segment.1,827)"/>
            <nite:child href="Bmr002.D.segs.xml#id(Bmr002.segment.1,828)"/>
            <nite:child href="Bmr002.C.segs.xml#id(Bmr002.segment.1,829)"/>
            <nite:child href="Bmr002.A.segs.xml#id(Bmr002.segment.1,830)"/>
            <nite:child href="Bmr002.D.segs.xml#id(Bmr002.segment.1,831)..id(Bmr002.segment.1,845)"/>
            <nite:child href="Bmr002.C.segs.xml#id(Bmr002.segment.1,846)"/>
            <nite:child href="Bmr002.D.segs.xml#id(Bmr002.segment.1,847)..id(Bmr002.segment.1,851)"/>
            <nite:child href="Bmr002.C.segs.xml#id(Bmr002.segment.1,852)"/>
         </topic>
         <nite:child href="Bmr002.D.segs.xml#id(Bmr002.segment.1,853)"/>
         <topic nite:id="Bmr002.topic.37" description="do when have consumer">
            <nite:child href="Bmr002.B.segs.xml#id(Bmr002.segment.1,854)"/>
            <nite:child href="Bmr002.D.segs.xml#id(Bmr002.segment.1,855)"/>
            <nite:child href="Bmr002.B.segs.xml#id(Bmr002.segment.1,856)"/>
            <nite:child href="Bmr002.D.segs.xml#id(Bmr002.segment.1,857)"/>
            <nite:child href="Bmr002.B.segs.xml#id(Bmr002.segment.1,858)..id(Bmr002.segment.1,862)"/>
            <nite:child href="Bmr002.D.segs.xml#id(Bmr002.segment.1,861)..id(Bmr002.segment.1,863)"/>
            <nite:child href="Bmr002.B.segs.xml#id(Bmr002.segment.1,864)..id(Bmr002.segment.1,866)"/>
            <nite:child href="Bmr002.D.segs.xml#id(Bmr002.segment.1,867)"/>
            <nite:child href="Bmr002.B.segs.xml#id(Bmr002.segment.1,868)"/>
            <nite:child href="Bmr002.D.segs.xml#id(Bmr002.segment.1,869)"/>
            <nite:child href="Bmr002.B.segs.xml#id(Bmr002.segment.1,870)"/>
            <nite:child href="Bmr002.D.segs.xml#id(Bmr002.segment.1,871)..id(Bmr002.segment.1,872)"/>
            <nite:child href="Bmr002.B.segs.xml#id(Bmr002.segment.1,873)..id(Bmr002.segment.1,877)"/>
            <nite:child href="Bmr002.D.segs.xml#id(Bmr002.segment.1,878)"/>
            <nite:child href="Bmr002.B.segs.xml#id(Bmr002.segment.1,879)"/>
         </topic>
         <nite:child href="Bmr002.D.segs.xml#id(Bmr002.segment.1,880)"/>
         <topic nite:id="Bmr002.topic.38" description="as easy to do at same time">
            <nite:child href="Bmr002.D.segs.xml#id(Bmr002.segment.1,881)..id(Bmr002.segment.1,887)"/>
            <nite:child href="Bmr002.B.segs.xml#id(Bmr002.segment.1,888)"/>
            <nite:child href="Bmr002.D.segs.xml#id(Bmr002.segment.1,889)..id(Bmr002.segment.1,894)"/>
            <nite:child href="Bmr002.B.segs.xml#id(Bmr002.segment.1,893)"/>
            <nite:child href="Bmr002.C.segs.xml#id(Bmr002.segment.1,895)"/>
            <nite:child href="Bmr002.D.segs.xml#id(Bmr002.segment.1,896)..id(Bmr002.segment.1,898)"/>
            <nite:child href="Bmr002.B.segs.xml#id(Bmr002.segment.1,899)"/>
            <nite:child href="Bmr002.D.segs.xml#id(Bmr002.segment.1,900)..id(Bmr002.segment.1,907)"/>
         </topic>
         <nite:child href="Bmr002.B.segs.xml#id(Bmr002.segment.1,908)"/>
         <topic nite:id="Bmr002.topic.39" description="benefits">
            <nite:child href="Bmr002.D.segs.xml#id(Bmr002.segment.1,909)..id(Bmr002.segment.1,916)"/>
            <nite:child href="Bmr002.B.segs.xml#id(Bmr002.segment.1,917)"/>
            <nite:child href="Bmr002.D.segs.xml#id(Bmr002.segment.1,918)"/>
            <nite:child href="Bmr002.B.segs.xml#id(Bmr002.segment.1,919)"/>
            <nite:child href="Bmr002.D.segs.xml#id(Bmr002.segment.1,920)..id(Bmr002.segment.1,921)"/>
            <nite:child href="Bmr002.B.segs.xml#id(Bmr002.segment.1,922)"/>
            <nite:child href="Bmr002.D.segs.xml#id(Bmr002.segment.1,923)"/>
            <nite:child href="Bmr002.A.segs.xml#id(Bmr002.segment.1,924)"/>
            <nite:child href="Bmr002.C.segs.xml#id(Bmr002.segment.1,925)"/>
            <nite:child href="Bmr002.B.segs.xml#id(Bmr002.segment.1,926)"/>
            <nite:child href="Bmr002.D.segs.xml#id(Bmr002.segment.1,927)..id(Bmr002.segment.1,929)"/>
            <nite:child href="Bmr002.C.segs.xml#id(Bmr002.segment.1,930)"/>
            <nite:child href="Bmr002.D.segs.xml#id(Bmr002.segment.1,931)..id(Bmr002.segment.1,933)"/>
            <nite:child href="Bmr002.C.segs.xml#id(Bmr002.segment.1,932)"/>
            <nite:child href="Bmr002.D.segs.xml#id(Bmr002.segment.1,934)..id(Bmr002.segment.1,941)"/>
            <nite:child href="Bmr002.B.segs.xml#id(Bmr002.segment.1,942)"/>
            <nite:child href="Bmr002.D.segs.xml#id(Bmr002.segment.1,943)"/>
            <nite:child href="Bmr002.C.segs.xml#id(Bmr002.segment.1,944)"/>
            <nite:child href="Bmr002.D.segs.xml#id(Bmr002.segment.1,945)"/>
            <nite:child href="Bmr002.C.segs.xml#id(Bmr002.segment.1,946)"/>
            <nite:child href="Bmr002.D.segs.xml#id(Bmr002.segment.1,947)..id(Bmr002.segment.1,950)"/>
         </topic>
         <nite:child href="Bmr002.B.segs.xml#id(Bmr002.segment.1,951)"/>
         <nite:child href="Bmr002.C.segs.xml#id(Bmr002.segment.1,952)"/>
         <nite:child href="Bmr002.B.segs.xml#id(Bmr002.segment.1,953)"/>
         <nite:child href="Bmr002.C.segs.xml#id(Bmr002.segment.1,954)"/>
         <nite:child href="Bmr002.D.segs.xml#id(Bmr002.segment.1,955)..id(Bmr002.segment.1,956)"/>
         <nite:child href="Bmr002.C.segs.xml#id(Bmr002.segment.1,957)"/>
         <nite:child href="Bmr002.D.segs.xml#id(Bmr002.segment.1,958)..id(Bmr002.segment.1,960)"/>
         <nite:child href="Bmr002.C.segs.xml#id(Bmr002.segment.1,961)"/>
         <nite:child href="Bmr002.D.segs.xml#id(Bmr002.segment.1,962)"/>
         <nite:child href="Bmr002.C.segs.xml#id(Bmr002.segment.1,963)"/>
         <nite:child href="Bmr002.D.segs.xml#id(Bmr002.segment.1,964)..id(Bmr002.segment.1,965)"/>
         <nite:child href="Bmr002.C.segs.xml#id(Bmr002.segment.1,966)..id(Bmr002.segment.1,967)"/>
      </topic>
   </topic>
   <topic nite:id="Bmr002.topic.40" description="recording schedule">
      <nite:child href="Bmr002.B.segs.xml#id(Bmr002.segment.1,968)"/>
      <nite:child href="Bmr002.C.segs.xml#id(Bmr002.segment.1,969)..id(Bmr002.segment.1,972)"/>
      <nite:child href="Bmr002.B.segs.xml#id(Bmr002.segment.1,973)"/>
      <nite:child href="Bmr002.C.segs.xml#id(Bmr002.segment.1,974)..id(Bmr002.segment.1,976)"/>
      <nite:child href="Bmr002.B.segs.xml#id(Bmr002.segment.1,977)"/>
      <nite:child href="Bmr002.C.segs.xml#id(Bmr002.segment.1,978)..id(Bmr002.segment.1,982)"/>
      <nite:child href="Bmr002.B.segs.xml#id(Bmr002.segment.1,983)..id(Bmr002.segment.1,984)"/>
      <nite:child href="Bmr002.C.segs.xml#id(Bmr002.segment.1,985)"/>
      <nite:child href="Bmr002.B.segs.xml#id(Bmr002.segment.1,986)..id(Bmr002.segment.1,987)"/>
      <nite:child href="Bmr002.C.segs.xml#id(Bmr002.segment.1,988)"/>
      <nite:child href="Bmr002.B.segs.xml#id(Bmr002.segment.1,989)..id(Bmr002.segment.1,996)"/>
      <nite:child href="Bmr002.C.segs.xml#id(Bmr002.segment.1,997)"/>
      <nite:child href="Bmr002.B.segs.xml#id(Bmr002.segment.1,998)..id(Bmr002.segment.2,000)"/>
   </topic>
   <topic nite:id="Bmr002.topic.41" description="closing">
      <nite:child href="Bmr002.D.segs.xml#id(Bmr002.segment.2,002)"/>
      <nite:child href="Bmr002.C.segs.xml#id(Bmr002.segment.2,001)"/>
      <nite:child href="Bmr002.D.segs.xml#id(Bmr002.segment.2,003)"/>
      <nite:child href="Bmr002.C.segs.xml#id(Bmr002.segment.2,004)"/>
      <nite:child href="Bmr002.B.segs.xml#id(Bmr002.segment.2,005)"/>
      <nite:child href="Bmr002.D.segs.xml#id(Bmr002.segment.2,006)..id(Bmr002.segment.2,007)"/>
      <nite:child href="Bmr002.B.segs.xml#id(Bmr002.segment.2,008)..id(Bmr002.segment.2,012)"/>
      <nite:child href="Bmr002.C.segs.xml#id(Bmr002.segment.2,013)"/>
      <nite:child href="Bmr002.B.segs.xml#id(Bmr002.segment.2,014)..id(Bmr002.segment.2,015)"/>
      <nite:child href="Bmr002.D.segs.xml#id(Bmr002.segment.2,016)..id(Bmr002.segment.2,017)"/>
      <nite:child href="Bmr002.B.segs.xml#id(Bmr002.segment.2,018)"/>
      <nite:child href="Bmr002.D.segs.xml#id(Bmr002.segment.2,019)..id(Bmr002.segment.2,020)"/>
      <nite:child href="Bmr002.B.segs.xml#id(Bmr002.segment.2,021)"/>
      <nite:child href="Bmr002.D.segs.xml#id(Bmr002.segment.2,022)..id(Bmr002.segment.2,026)"/>
      <nite:child href="Bmr002.B.segs.xml#id(Bmr002.segment.2,027)..id(Bmr002.segment.2,028)"/>
      <nite:child href="Bmr002.D.segs.xml#id(Bmr002.segment.2,029)..id(Bmr002.segment.2,031)"/>
      <nite:child href="Bmr002.C.segs.xml#id(Bmr002.segment.2,032)"/>
      <nite:child href="Bmr002.D.segs.xml#id(Bmr002.segment.2,033)..id(Bmr002.segment.2,034)"/>
      <nite:child href="Bmr002.C.segs.xml#id(Bmr002.segment.2,035)"/>
      <nite:child href="Bmr002.D.segs.xml#id(Bmr002.segment.2,036)..id(Bmr002.segment.2,039)"/>
      <nite:child href="Bmr002.C.segs.xml#id(Bmr002.segment.2,040)"/>
      <nite:child href="Bmr002.D.segs.xml#id(Bmr002.segment.2,041)"/>
      <nite:child href="Bmr002.B.segs.xml#id(Bmr002.segment.2,042)"/>
      <nite:child href="Bmr002.D.segs.xml#id(Bmr002.segment.2,043)..id(Bmr002.segment.2,044)"/>
      <nite:child href="Bmr002.B.segs.xml#id(Bmr002.segment.2,045)"/>
      <nite:child href="Bmr002.D.segs.xml#id(Bmr002.segment.2,046)..id(Bmr002.segment.2,047)"/>
      <nite:child href="Bmr002.B.segs.xml#id(Bmr002.segment.2,048)"/>
      <nite:child href="Bmr002.D.segs.xml#id(Bmr002.segment.2,049)..id(Bmr002.segment.2,050)"/>
      <nite:child href="Bmr002.B.segs.xml#id(Bmr002.segment.2,051)"/>
      <nite:child href="Bmr002.D.segs.xml#id(Bmr002.segment.2,052)"/>
      <nite:child href="Bmr002.B.segs.xml#id(Bmr002.segment.2,053)"/>
      <nite:child href="Bmr002.D.segs.xml#id(Bmr002.segment.2,054)"/>
      <nite:child href="Bmr002.B.segs.xml#id(Bmr002.segment.2,055)"/>
      <nite:child href="Bmr002.D.segs.xml#id(Bmr002.segment.2,057)"/>
      <nite:child href="Bmr002.B.segs.xml#id(Bmr002.segment.2,056)"/>
      <nite:child href="Bmr002.D.segs.xml#id(Bmr002.segment.2,058)..id(Bmr002.segment.2,062)"/>
      <nite:child href="Bmr002.C.segs.xml#id(Bmr002.segment.2,063)..id(Bmr002.segment.2,065)"/>
      <nite:child href="Bmr002.D.segs.xml#id(Bmr002.segment.2,066)"/>
      <nite:child href="Bmr002.C.segs.xml#id(Bmr002.segment.2,067)"/>
      <nite:child href="Bmr002.D.segs.xml#id(Bmr002.segment.2,068)"/>
      <nite:child href="Bmr002.C.segs.xml#id(Bmr002.segment.2,069)"/>
      <nite:child href="Bmr002.A.segs.xml#id(Bmr002.segment.2,070)"/>
      <nite:child href="Bmr002.B.segs.xml#id(Bmr002.segment.2,071)"/>
      <nite:child href="Bmr002.D.segs.xml#id(Bmr002.segment.2,072)"/>
      <nite:child href="Bmr002.C.segs.xml#id(Bmr002.segment.2,073)"/>
      <nite:child href="Bmr002.D.segs.xml#id(Bmr002.segment.2,074)"/>
      <nite:child href="Bmr002.C.segs.xml#id(Bmr002.segment.2,075)..id(Bmr002.segment.2,076)"/>
      <nite:child href="Bmr002.D.segs.xml#id(Bmr002.segment.2,077)"/>
      <nite:child href="Bmr002.A.segs.xml#id(Bmr002.segment.2,078)..id(Bmr002.segment.2,079)"/>
      <nite:child href="Bmr002.B.segs.xml#id(Bmr002.segment.2,080)"/>
      <nite:child href="Bmr002.D.segs.xml#id(Bmr002.segment.2,081)"/>
      <nite:child href="Bmr002.C.segs.xml#id(Bmr002.segment.2,082)"/>
      <nite:child href="Bmr002.D.segs.xml#id(Bmr002.segment.2,083)"/>
      <nite:child href="Bmr002.C.segs.xml#id(Bmr002.segment.2,084)..id(Bmr002.segment.2,086)"/>
      <nite:child href="Bmr002.D.segs.xml#id(Bmr002.segment.2,087)..id(Bmr002.segment.2,088)"/>
      <nite:child href="Bmr002.C.segs.xml#id(Bmr002.segment.2,089)..id(Bmr002.segment.2,090)"/>
      <nite:child href="Bmr002.B.segs.xml#id(Bmr002.segment.2,091)..id(Bmr002.segment.2,092)"/>
      <nite:child href="Bmr002.C.segs.xml#id(Bmr002.segment.2,093)"/>
      <nite:child href="Bmr002.D.segs.xml#id(Bmr002.segment.2,094)..id(Bmr002.segment.2,095)"/>
      <nite:child href="Bmr002.C.segs.xml#id(Bmr002.segment.2,096)..id(Bmr002.segment.2,097)"/>
      <nite:child href="Bmr002.B.segs.xml#id(Bmr002.segment.2,098)"/>
      <nite:child href="Bmr002.A.segs.xml#id(Bmr002.segment.2,099)"/>
      <nite:child href="Bmr002.B.segs.xml#id(Bmr002.segment.2,100)"/>
      <nite:child href="Bmr002.C.segs.xml#id(Bmr002.segment.2,101)..id(Bmr002.segment.2,102)"/>
      <nite:child href="Bmr002.B.segs.xml#id(Bmr002.segment.2,103)"/>
      <nite:child href="Bmr002.A.segs.xml#id(Bmr002.segment.2,104)"/>
      <nite:child href="Bmr002.B.segs.xml#id(Bmr002.segment.2,105)"/>
      <nite:child href="Bmr002.A.segs.xml#id(Bmr002.segment.2,106)..id(Bmr002.segment.2,107)"/>
      <nite:child href="Bmr002.C.segs.xml#id(Bmr002.segment.2,108)..id(Bmr002.segment.2,110)"/>
      <nite:child href="Bmr002.D.segs.xml#id(Bmr002.segment.2,111)"/>
      <nite:child href="Bmr002.A.segs.xml#id(Bmr002.segment.2,112)"/>
      <nite:child href="Bmr002.C.segs.xml#id(Bmr002.segment.2,114)"/>
      <nite:child href="Bmr002.B.segs.xml#id(Bmr002.segment.2,113)"/>
      <nite:child href="Bmr002.D.segs.xml#id(Bmr002.segment.2,115)"/>
      <nite:child href="Bmr002.A.segs.xml#id(Bmr002.segment.2,116)"/>
      <nite:child href="Bmr002.D.segs.xml#id(Bmr002.segment.2,117)"/>
      <nite:child href="Bmr002.C.segs.xml#id(Bmr002.segment.2,118)"/>
      <nite:child href="Bmr002.B.segs.xml#id(Bmr002.segment.2,119)..id(Bmr002.segment.2,120)"/>
      <nite:child href="Bmr002.A.segs.xml#id(Bmr002.segment.2,121)"/>
      <nite:child href="Bmr002.C.segs.xml#id(Bmr002.segment.2,122)"/>
      <topic nite:id="Bmr002.topic.42" description="digit task">
         <nite:child href="Bmr002.B.segs.xml#id(Bmr002.segment.2,124)"/>
         <nite:child href="Bmr002.A.segs.xml#id(Bmr002.segment.2,125)"/>
         <nite:child href="Bmr002.B.segs.xml#id(Bmr002.segment.2,126)..id(Bmr002.segment.2,127)"/>
         <nite:child href="Bmr002.C.segs.xml#id(Bmr002.segment.2,128)"/>
         <nite:child href="Bmr002.B.segs.xml#id(Bmr002.segment.2,129)..id(Bmr002.segment.2,148)"/>
         <nite:child href="Bmr002.A.segs.xml#id(Bmr002.segment.2,149)..id(Bmr002.segment.2,171)"/>
         <nite:child href="Bmr002.D.segs.xml#id(Bmr002.segment.2,172)"/>
         <nite:child href="Bmr002.C.segs.xml#id(Bmr002.segment.2,173)..id(Bmr002.segment.2,193)"/>
         <nite:child href="Bmr002.D.segs.xml#id(Bmr002.segment.2,194)..id(Bmr002.segment.2,216)"/>
      </topic>
      <nite:child href="Bmr002.B.segs.xml#id(Bmr002.segment.2,217)"/>
      <nite:child href="Bmr002.C.segs.xml#id(Bmr002.segment.2,218)"/>
      <nite:child href="Bmr002.B.segs.xml#id(Bmr002.segment.2,219)"/>
      <nite:child href="Bmr002.A.segs.xml#id(Bmr002.segment.2,220)"/>
      <nite:child href="Bmr002.B.segs.xml#id(Bmr002.segment.2,221)"/>
      <nite:child href="Bmr002.C.segs.xml#id(Bmr002.segment.2,222)"/>
      <nite:child href="Bmr002.D.segs.xml#id(Bmr002.segment.2,223)"/>
   </topic>
</nite:root>