<?xml version="1.0" encoding="ISO-8859-1" standalone="yes"?>
<nite:root xmlns:nite="http://nite.sourceforge.net/">
<abstract nite:id="Bro007.abstract.1">
<sentence nite:id="Bro007.s.1">The ICSI Meeting Recorder Group at Berkeley are approaching an important milestone on their project.</sentence>  <sentence nite:id="Bro007.s.2">They discussed most recent results, finalized plans to continue and discussed the work required and timing needed for completion of this stage of the project.</sentence>

</abstract>
<decisions nite:id="Bro007.decisions.1">
<sentence nite:id="Bro007.s.3">Mn007 and fn002 Need to find a way of combining result figures into one easily comparable way of judging performance.</sentence>  <sentence nite:id="Bro007.s.4">They were also asked to mail round numbers detailing the size of their test-sets, so that group members can assess the seriousness of figures such as word error rates.</sentence>  <sentence nite:id="Bro007.s.5">There are now just 4 architectures that will be carried forward for testing.</sentence>  <sentence nite:id="Bro007.s.6">Though the final system is not due to be fixed, until Tuesday, writing it up must begin sooner.</sentence>  <sentence nite:id="Bro007.s.7">Anything written must go through me013 for editing.</sentence>  <sentence nite:id="Bro007.s.8">Discussion on future work once this stage is out of the way will be held at the next meeting.</sentence>

</decisions>
<problems nite:id="Bro007.problems.1">
<sentence nite:id="Bro007.s.9">While using a second silence detection system it was found that while providing some improvement, it added too great a delay on the server side of the system.</sentence>

</problems>
<progress nite:id="Bro007.progress.1">
<sentence nite:id="Bro007.s.10">The experiment team have been narrowing down their experiments, coming close to fixing their system.</sentence>  <sentence nite:id="Bro007.s.11">Partner OGI have been using a weighting scheme, but the ICSI group do not yet have all the parts to run a similar system.</sentence>  <sentence nite:id="Bro007.s.12">They have been able to come close to the OGI results, but since OGI have changed something they do differ, though for the better.</sentence>  <sentence nite:id="Bro007.s.13">So far, testing on Italian is the worst performing condition.</sentence>  <sentence nite:id="Bro007.s.14">With regards to the digits the group have been recording during meetings, the collection of data is growing, and will soon be a workable size.</sentence>

</progress>
</nite:root>