<?xml version="1.0" encoding="ISO-8859-1" standalone="yes"?>
<nite:root nite:id="Bed011.autotopic.1" xmlns:nite="http://nite.sourceforge.net/">
   <autopic nite:id="Bed011.autotopic.2" tstart="4.85" tend="139.7">
      <nite:child href="Bed011.C.aseg.xml#id(Bed011.C.asg.12514)"/>
      <nite:child href="Bed011.E.aseg.xml#id(Bed011.E.asg.13365)..id(Bed011.E.asg.13372)"/>
      <nite:child href="Bed011.D.aseg.xml#id(Bed011.D.asg.12944)"/>
      <nite:child href="Bed011.A.aseg.xml#id(Bed011.A.asg.12268)..id(Bed011.A.asg.12277)"/>
      <nite:child href="Bed011.C.aseg.xml#id(Bed011.C.asg.12515)"/>
      <nite:child href="Bed011.D.aseg.xml#id(Bed011.D.asg.12945)..id(Bed011.D.asg.12947)"/>
      <nite:child href="Bed011.B.aseg.xml#id(Bed011.B.asg.12285)..id(Bed011.B.asg.12287)"/>
      <nite:child href="Bed011.C.aseg.xml#id(Bed011.C.asg.12516)"/>
      <nite:child href="Bed011.B.aseg.xml#id(Bed011.B.asg.12288)"/>
      <nite:child href="Bed011.C.aseg.xml#id(Bed011.C.asg.12517)"/>
      <nite:child href="Bed011.B.aseg.xml#id(Bed011.B.asg.12289)"/>
      <nite:child href="Bed011.C.aseg.xml#id(Bed011.C.asg.12518)"/>
      <nite:child href="Bed011.B.aseg.xml#id(Bed011.B.asg.12290)"/>
      <nite:child href="Bed011.C.aseg.xml#id(Bed011.C.asg.12519)"/>
      <nite:child href="Bed011.E.aseg.xml#id(Bed011.E.asg.13373)"/>
      <nite:child href="Bed011.C.aseg.xml#id(Bed011.C.asg.12520)"/>
      <nite:child href="Bed011.B.aseg.xml#id(Bed011.B.asg.12291)"/>
      <nite:child href="Bed011.C.aseg.xml#id(Bed011.C.asg.12521)..id(Bed011.C.asg.12523)"/>
      <nite:child href="Bed011.D.aseg.xml#id(Bed011.D.asg.12948)"/>
   </autopic>
   <autopic nite:id="Bed011.autotopic.3" tstart="139.88" tend="3233.2">
      <nite:child href="Bed011.C.aseg.xml#id(Bed011.C.asg.12524)"/>
      <nite:child href="Bed011.D.aseg.xml#id(Bed011.D.asg.12949)"/>
      <nite:child href="Bed011.C.aseg.xml#id(Bed011.C.asg.12525)..id(Bed011.C.asg.12553)"/>
      <nite:child href="Bed011.D.aseg.xml#id(Bed011.D.asg.12950)"/>
      <nite:child href="Bed011.C.aseg.xml#id(Bed011.C.asg.12554)"/>
      <nite:child href="Bed011.D.aseg.xml#id(Bed011.D.asg.12951)..id(Bed011.D.asg.12983)"/>
      <nite:child href="Bed011.C.aseg.xml#id(Bed011.C.asg.12555)"/>
      <nite:child href="Bed011.D.aseg.xml#id(Bed011.D.asg.12984)..id(Bed011.D.asg.12998)"/>
      <nite:child href="Bed011.C.aseg.xml#id(Bed011.C.asg.12556)"/>
      <nite:child href="Bed011.D.aseg.xml#id(Bed011.D.asg.12999)"/>
      <nite:child href="Bed011.C.aseg.xml#id(Bed011.C.asg.12557)..id(Bed011.C.asg.12558)"/>
      <nite:child href="Bed011.E.aseg.xml#id(Bed011.E.asg.13374)"/>
      <nite:child href="Bed011.C.aseg.xml#id(Bed011.C.asg.12559)"/>
      <nite:child href="Bed011.A.aseg.xml#id(Bed011.A.asg.12278)..id(Bed011.A.asg.12279)"/>
      <nite:child href="Bed011.C.aseg.xml#id(Bed011.C.asg.12560)..id(Bed011.C.asg.12562)"/>
      <nite:child href="Bed011.A.aseg.xml#id(Bed011.A.asg.12280)"/>
      <nite:child href="Bed011.C.aseg.xml#id(Bed011.C.asg.12563)..id(Bed011.C.asg.12564)"/>
      <nite:child href="Bed011.D.aseg.xml#id(Bed011.D.asg.13000)..id(Bed011.D.asg.13001)"/>
      <nite:child href="Bed011.C.aseg.xml#id(Bed011.C.asg.12565)"/>
      <nite:child href="Bed011.D.aseg.xml#id(Bed011.D.asg.13002)"/>
      <nite:child href="Bed011.C.aseg.xml#id(Bed011.C.asg.12566)"/>
      <nite:child href="Bed011.D.aseg.xml#id(Bed011.D.asg.13003)"/>
      <nite:child href="Bed011.C.aseg.xml#id(Bed011.C.asg.12567)..id(Bed011.C.asg.12574)"/>
      <nite:child href="Bed011.B.aseg.xml#id(Bed011.B.asg.12292)"/>
      <nite:child href="Bed011.C.aseg.xml#id(Bed011.C.asg.12575)..id(Bed011.C.asg.12577)"/>
      <nite:child href="Bed011.A.aseg.xml#id(Bed011.A.asg.12281)"/>
      <nite:child href="Bed011.C.aseg.xml#id(Bed011.C.asg.12578)"/>
      <nite:child href="Bed011.B.aseg.xml#id(Bed011.B.asg.12293)"/>
      <nite:child href="Bed011.C.aseg.xml#id(Bed011.C.asg.12579)..id(Bed011.C.asg.12580)"/>
      <nite:child href="Bed011.E.aseg.xml#id(Bed011.E.asg.13375)"/>
      <nite:child href="Bed011.D.aseg.xml#id(Bed011.D.asg.13004)"/>
      <nite:child href="Bed011.C.aseg.xml#id(Bed011.C.asg.12581)"/>
      <nite:child href="Bed011.B.aseg.xml#id(Bed011.B.asg.12294)"/>
      <nite:child href="Bed011.C.aseg.xml#id(Bed011.C.asg.12582)..id(Bed011.C.asg.12587)"/>
      <nite:child href="Bed011.A.aseg.xml#id(Bed011.A.asg.12282)..id(Bed011.A.asg.12283)"/>
      <nite:child href="Bed011.B.aseg.xml#id(Bed011.B.asg.12295)"/>
      <nite:child href="Bed011.C.aseg.xml#id(Bed011.C.asg.12588)..id(Bed011.C.asg.12590)"/>
      <nite:child href="Bed011.E.aseg.xml#id(Bed011.E.asg.13376)"/>
      <nite:child href="Bed011.C.aseg.xml#id(Bed011.C.asg.12591)..id(Bed011.C.asg.12593)"/>
      <nite:child href="Bed011.E.aseg.xml#id(Bed011.E.asg.13377)"/>
      <nite:child href="Bed011.C.aseg.xml#id(Bed011.C.asg.12594)..id(Bed011.C.asg.12596)"/>
      <nite:child href="Bed011.D.aseg.xml#id(Bed011.D.asg.13005)"/>
      <nite:child href="Bed011.C.aseg.xml#id(Bed011.C.asg.12597)"/>
      <nite:child href="Bed011.D.aseg.xml#id(Bed011.D.asg.13006)"/>
      <nite:child href="Bed011.C.aseg.xml#id(Bed011.C.asg.12598)..id(Bed011.C.asg.12606)"/>
      <nite:child href="Bed011.B.aseg.xml#id(Bed011.B.asg.12296)"/>
      <nite:child href="Bed011.C.aseg.xml#id(Bed011.C.asg.12607)..id(Bed011.C.asg.12616)"/>
      <nite:child href="Bed011.D.aseg.xml#id(Bed011.D.asg.13007)"/>
      <nite:child href="Bed011.C.aseg.xml#id(Bed011.C.asg.12617)..id(Bed011.C.asg.12652)"/>
      <nite:child href="Bed011.D.aseg.xml#id(Bed011.D.asg.13008)..id(Bed011.D.asg.13023)"/>
      <nite:child href="Bed011.C.aseg.xml#id(Bed011.C.asg.12653)..id(Bed011.C.asg.12654)"/>
      <nite:child href="Bed011.D.aseg.xml#id(Bed011.D.asg.13024)"/>
      <nite:child href="Bed011.C.aseg.xml#id(Bed011.C.asg.12655)..id(Bed011.C.asg.12657)"/>
      <nite:child href="Bed011.D.aseg.xml#id(Bed011.D.asg.13025)..id(Bed011.D.asg.13026)"/>
      <nite:child href="Bed011.E.aseg.xml#id(Bed011.E.asg.13378)"/>
      <nite:child href="Bed011.D.aseg.xml#id(Bed011.D.asg.13027)..id(Bed011.D.asg.13047)"/>
      <nite:child href="Bed011.B.aseg.xml#id(Bed011.B.asg.12297)..id(Bed011.B.asg.12299)"/>
      <nite:child href="Bed011.D.aseg.xml#id(Bed011.D.asg.13048)..id(Bed011.D.asg.13049)"/>
      <nite:child href="Bed011.B.aseg.xml#id(Bed011.B.asg.12300)"/>
      <nite:child href="Bed011.D.aseg.xml#id(Bed011.D.asg.13050)..id(Bed011.D.asg.13053)"/>
      <nite:child href="Bed011.B.aseg.xml#id(Bed011.B.asg.12301)"/>
      <nite:child href="Bed011.D.aseg.xml#id(Bed011.D.asg.13054)"/>
      <nite:child href="Bed011.B.aseg.xml#id(Bed011.B.asg.12302)..id(Bed011.B.asg.12305)"/>
      <nite:child href="Bed011.D.aseg.xml#id(Bed011.D.asg.13055)"/>
      <nite:child href="Bed011.B.aseg.xml#id(Bed011.B.asg.12306)"/>
      <nite:child href="Bed011.D.aseg.xml#id(Bed011.D.asg.13056)"/>
      <nite:child href="Bed011.B.aseg.xml#id(Bed011.B.asg.12307)"/>
      <nite:child href="Bed011.D.aseg.xml#id(Bed011.D.asg.13057)..id(Bed011.D.asg.13059)"/>
      <nite:child href="Bed011.B.aseg.xml#id(Bed011.B.asg.12308)"/>
      <nite:child href="Bed011.D.aseg.xml#id(Bed011.D.asg.13060)..id(Bed011.D.asg.13064)"/>
      <nite:child href="Bed011.C.aseg.xml#id(Bed011.C.asg.12658)..id(Bed011.C.asg.12664)"/>
      <nite:child href="Bed011.B.aseg.xml#id(Bed011.B.asg.12309)"/>
      <nite:child href="Bed011.C.aseg.xml#id(Bed011.C.asg.12665)..id(Bed011.C.asg.12671)"/>
      <nite:child href="Bed011.D.aseg.xml#id(Bed011.D.asg.13065)"/>
      <nite:child href="Bed011.C.aseg.xml#id(Bed011.C.asg.12672)"/>
      <nite:child href="Bed011.D.aseg.xml#id(Bed011.D.asg.13066)"/>
      <nite:child href="Bed011.C.aseg.xml#id(Bed011.C.asg.12673)"/>
      <nite:child href="Bed011.D.aseg.xml#id(Bed011.D.asg.13067)"/>
      <nite:child href="Bed011.B.aseg.xml#id(Bed011.B.asg.12310)"/>
      <nite:child href="Bed011.D.aseg.xml#id(Bed011.D.asg.13068)..id(Bed011.D.asg.13072)"/>
      <nite:child href="Bed011.C.aseg.xml#id(Bed011.C.asg.12674)..id(Bed011.C.asg.12677)"/>
      <nite:child href="Bed011.D.aseg.xml#id(Bed011.D.asg.13073)"/>
      <nite:child href="Bed011.C.aseg.xml#id(Bed011.C.asg.12678)"/>
      <nite:child href="Bed011.D.aseg.xml#id(Bed011.D.asg.13074)..id(Bed011.D.asg.13076)"/>
      <nite:child href="Bed011.C.aseg.xml#id(Bed011.C.asg.12679)"/>
      <nite:child href="Bed011.F.aseg.xml#id(Bed011.F.asg.13414)..id(Bed011.F.asg.13415)"/>
      <nite:child href="Bed011.C.aseg.xml#id(Bed011.C.asg.12680)..id(Bed011.C.asg.12684)"/>
      <nite:child href="Bed011.D.aseg.xml#id(Bed011.D.asg.13077)"/>
      <nite:child href="Bed011.B.aseg.xml#id(Bed011.B.asg.12311)..id(Bed011.B.asg.12317)"/>
      <nite:child href="Bed011.C.aseg.xml#id(Bed011.C.asg.12685)..id(Bed011.C.asg.12686)"/>
      <nite:child href="Bed011.B.aseg.xml#id(Bed011.B.asg.12318)..id(Bed011.B.asg.12320)"/>
      <nite:child href="Bed011.C.aseg.xml#id(Bed011.C.asg.12687)"/>
      <nite:child href="Bed011.D.aseg.xml#id(Bed011.D.asg.13078)"/>
      <nite:child href="Bed011.B.aseg.xml#id(Bed011.B.asg.12321)"/>
      <nite:child href="Bed011.D.aseg.xml#id(Bed011.D.asg.13079)"/>
      <nite:child href="Bed011.C.aseg.xml#id(Bed011.C.asg.12688)"/>
      <nite:child href="Bed011.B.aseg.xml#id(Bed011.B.asg.12322)..id(Bed011.B.asg.12323)"/>
      <nite:child href="Bed011.E.aseg.xml#id(Bed011.E.asg.13379)"/>
      <nite:child href="Bed011.C.aseg.xml#id(Bed011.C.asg.12689)..id(Bed011.C.asg.12690)"/>
      <nite:child href="Bed011.B.aseg.xml#id(Bed011.B.asg.12324)"/>
      <nite:child href="Bed011.C.aseg.xml#id(Bed011.C.asg.12691)..id(Bed011.C.asg.12694)"/>
      <nite:child href="Bed011.B.aseg.xml#id(Bed011.B.asg.12325)..id(Bed011.B.asg.12332)"/>
      <nite:child href="Bed011.D.aseg.xml#id(Bed011.D.asg.13080)"/>
      <nite:child href="Bed011.C.aseg.xml#id(Bed011.C.asg.12695)"/>
      <nite:child href="Bed011.D.aseg.xml#id(Bed011.D.asg.13081)..id(Bed011.D.asg.13084)"/>
      <nite:child href="Bed011.B.aseg.xml#id(Bed011.B.asg.12333)"/>
      <nite:child href="Bed011.D.aseg.xml#id(Bed011.D.asg.13085)..id(Bed011.D.asg.13087)"/>
      <nite:child href="Bed011.B.aseg.xml#id(Bed011.B.asg.12334)"/>
      <nite:child href="Bed011.D.aseg.xml#id(Bed011.D.asg.13088)"/>
      <nite:child href="Bed011.B.aseg.xml#id(Bed011.B.asg.12335)"/>
      <nite:child href="Bed011.D.aseg.xml#id(Bed011.D.asg.13089)..id(Bed011.D.asg.13090)"/>
      <nite:child href="Bed011.C.aseg.xml#id(Bed011.C.asg.12696)"/>
      <nite:child href="Bed011.D.aseg.xml#id(Bed011.D.asg.13091)"/>
      <nite:child href="Bed011.C.aseg.xml#id(Bed011.C.asg.12697)"/>
      <nite:child href="Bed011.D.aseg.xml#id(Bed011.D.asg.13092)..id(Bed011.D.asg.13093)"/>
      <nite:child href="Bed011.C.aseg.xml#id(Bed011.C.asg.12698)"/>
      <nite:child href="Bed011.D.aseg.xml#id(Bed011.D.asg.13094)..id(Bed011.D.asg.13100)"/>
      <nite:child href="Bed011.E.aseg.xml#id(Bed011.E.asg.13380)..id(Bed011.E.asg.13382)"/>
      <nite:child href="Bed011.D.aseg.xml#id(Bed011.D.asg.13101)"/>
      <nite:child href="Bed011.E.aseg.xml#id(Bed011.E.asg.13383)"/>
      <nite:child href="Bed011.D.aseg.xml#id(Bed011.D.asg.13102)..id(Bed011.D.asg.13106)"/>
      <nite:child href="Bed011.C.aseg.xml#id(Bed011.C.asg.12699)"/>
      <nite:child href="Bed011.D.aseg.xml#id(Bed011.D.asg.13107)"/>
      <nite:child href="Bed011.C.aseg.xml#id(Bed011.C.asg.12700)"/>
      <nite:child href="Bed011.D.aseg.xml#id(Bed011.D.asg.13108)..id(Bed011.D.asg.13115)"/>
      <nite:child href="Bed011.C.aseg.xml#id(Bed011.C.asg.12701)..id(Bed011.C.asg.12703)"/>
      <nite:child href="Bed011.D.aseg.xml#id(Bed011.D.asg.13116)..id(Bed011.D.asg.13117)"/>
      <nite:child href="Bed011.C.aseg.xml#id(Bed011.C.asg.12704)"/>
      <nite:child href="Bed011.E.aseg.xml#id(Bed011.E.asg.13384)"/>
      <nite:child href="Bed011.C.aseg.xml#id(Bed011.C.asg.12705)"/>
      <nite:child href="Bed011.D.aseg.xml#id(Bed011.D.asg.13118)..id(Bed011.D.asg.13126)"/>
      <nite:child href="Bed011.E.aseg.xml#id(Bed011.E.asg.13385)"/>
      <nite:child href="Bed011.C.aseg.xml#id(Bed011.C.asg.12706)..id(Bed011.C.asg.12707)"/>
      <nite:child href="Bed011.D.aseg.xml#id(Bed011.D.asg.13127)"/>
      <nite:child href="Bed011.C.aseg.xml#id(Bed011.C.asg.12708)..id(Bed011.C.asg.12709)"/>
      <nite:child href="Bed011.D.aseg.xml#id(Bed011.D.asg.13128)..id(Bed011.D.asg.13129)"/>
      <nite:child href="Bed011.C.aseg.xml#id(Bed011.C.asg.12710)"/>
      <nite:child href="Bed011.D.aseg.xml#id(Bed011.D.asg.13130)"/>
      <nite:child href="Bed011.E.aseg.xml#id(Bed011.E.asg.13386)"/>
      <nite:child href="Bed011.C.aseg.xml#id(Bed011.C.asg.12711)"/>
      <nite:child href="Bed011.D.aseg.xml#id(Bed011.D.asg.13131)..id(Bed011.D.asg.13132)"/>
      <nite:child href="Bed011.B.aseg.xml#id(Bed011.B.asg.12336)"/>
      <nite:child href="Bed011.D.aseg.xml#id(Bed011.D.asg.13133)..id(Bed011.D.asg.13134)"/>
      <nite:child href="Bed011.C.aseg.xml#id(Bed011.C.asg.12712)"/>
      <nite:child href="Bed011.D.aseg.xml#id(Bed011.D.asg.13135)"/>
      <nite:child href="Bed011.C.aseg.xml#id(Bed011.C.asg.12713)"/>
      <nite:child href="Bed011.D.aseg.xml#id(Bed011.D.asg.13136)"/>
      <nite:child href="Bed011.C.aseg.xml#id(Bed011.C.asg.12714)"/>
      <nite:child href="Bed011.D.aseg.xml#id(Bed011.D.asg.13137)..id(Bed011.D.asg.13146)"/>
      <nite:child href="Bed011.C.aseg.xml#id(Bed011.C.asg.12715)"/>
      <nite:child href="Bed011.D.aseg.xml#id(Bed011.D.asg.13147)..id(Bed011.D.asg.13148)"/>
      <nite:child href="Bed011.E.aseg.xml#id(Bed011.E.asg.13387)"/>
      <nite:child href="Bed011.C.aseg.xml#id(Bed011.C.asg.12716)"/>
      <nite:child href="Bed011.D.aseg.xml#id(Bed011.D.asg.13149)"/>
      <nite:child href="Bed011.B.aseg.xml#id(Bed011.B.asg.12337)"/>
      <nite:child href="Bed011.E.aseg.xml#id(Bed011.E.asg.13388)"/>
      <nite:child href="Bed011.C.aseg.xml#id(Bed011.C.asg.12717)"/>
      <nite:child href="Bed011.D.aseg.xml#id(Bed011.D.asg.13150)"/>
      <nite:child href="Bed011.E.aseg.xml#id(Bed011.E.asg.13389)..id(Bed011.E.asg.13391)"/>
      <nite:child href="Bed011.D.aseg.xml#id(Bed011.D.asg.13151)"/>
      <nite:child href="Bed011.E.aseg.xml#id(Bed011.E.asg.13392)"/>
      <nite:child href="Bed011.B.aseg.xml#id(Bed011.B.asg.12338)"/>
      <nite:child href="Bed011.E.aseg.xml#id(Bed011.E.asg.13393)"/>
      <nite:child href="Bed011.D.aseg.xml#id(Bed011.D.asg.13152)"/>
      <nite:child href="Bed011.E.aseg.xml#id(Bed011.E.asg.13394)"/>
      <nite:child href="Bed011.D.aseg.xml#id(Bed011.D.asg.13153)"/>
      <nite:child href="Bed011.E.aseg.xml#id(Bed011.E.asg.13395)"/>
      <nite:child href="Bed011.D.aseg.xml#id(Bed011.D.asg.13154)"/>
      <nite:child href="Bed011.E.aseg.xml#id(Bed011.E.asg.13396)"/>
      <nite:child href="Bed011.D.aseg.xml#id(Bed011.D.asg.13155)"/>
      <nite:child href="Bed011.C.aseg.xml#id(Bed011.C.asg.12718)"/>
      <nite:child href="Bed011.D.aseg.xml#id(Bed011.D.asg.13156)..id(Bed011.D.asg.13157)"/>
      <nite:child href="Bed011.E.aseg.xml#id(Bed011.E.asg.13397)"/>
      <nite:child href="Bed011.C.aseg.xml#id(Bed011.C.asg.12719)..id(Bed011.C.asg.12721)"/>
      <nite:child href="Bed011.E.aseg.xml#id(Bed011.E.asg.13398)"/>
      <nite:child href="Bed011.D.aseg.xml#id(Bed011.D.asg.13158)"/>
      <nite:child href="Bed011.C.aseg.xml#id(Bed011.C.asg.12722)"/>
      <nite:child href="Bed011.E.aseg.xml#id(Bed011.E.asg.13399)"/>
      <nite:child href="Bed011.C.aseg.xml#id(Bed011.C.asg.12723)"/>
      <nite:child href="Bed011.E.aseg.xml#id(Bed011.E.asg.13400)"/>
      <nite:child href="Bed011.C.aseg.xml#id(Bed011.C.asg.12724)"/>
      <nite:child href="Bed011.E.aseg.xml#id(Bed011.E.asg.13401)"/>
      <nite:child href="Bed011.D.aseg.xml#id(Bed011.D.asg.13159)"/>
      <nite:child href="Bed011.C.aseg.xml#id(Bed011.C.asg.12725)"/>
      <nite:child href="Bed011.D.aseg.xml#id(Bed011.D.asg.13160)..id(Bed011.D.asg.13161)"/>
      <nite:child href="Bed011.C.aseg.xml#id(Bed011.C.asg.12726)"/>
      <nite:child href="Bed011.D.aseg.xml#id(Bed011.D.asg.13162)..id(Bed011.D.asg.13163)"/>
      <nite:child href="Bed011.C.aseg.xml#id(Bed011.C.asg.12727)"/>
      <nite:child href="Bed011.D.aseg.xml#id(Bed011.D.asg.13164)..id(Bed011.D.asg.13166)"/>
      <nite:child href="Bed011.C.aseg.xml#id(Bed011.C.asg.12728)"/>
      <nite:child href="Bed011.D.aseg.xml#id(Bed011.D.asg.13167)..id(Bed011.D.asg.13169)"/>
      <nite:child href="Bed011.C.aseg.xml#id(Bed011.C.asg.12729)"/>
      <nite:child href="Bed011.D.aseg.xml#id(Bed011.D.asg.13170)..id(Bed011.D.asg.13173)"/>
      <nite:child href="Bed011.B.aseg.xml#id(Bed011.B.asg.12339)"/>
      <nite:child href="Bed011.F.aseg.xml#id(Bed011.F.asg.13416)..id(Bed011.F.asg.13418)"/>
      <nite:child href="Bed011.D.aseg.xml#id(Bed011.D.asg.13174)"/>
      <nite:child href="Bed011.C.aseg.xml#id(Bed011.C.asg.12730)"/>
      <nite:child href="Bed011.F.aseg.xml#id(Bed011.F.asg.13419)"/>
      <nite:child href="Bed011.C.aseg.xml#id(Bed011.C.asg.12731)..id(Bed011.C.asg.12742)"/>
      <nite:child href="Bed011.D.aseg.xml#id(Bed011.D.asg.13175)"/>
      <nite:child href="Bed011.C.aseg.xml#id(Bed011.C.asg.12743)..id(Bed011.C.asg.12747)"/>
      <nite:child href="Bed011.E.aseg.xml#id(Bed011.E.asg.13402)"/>
      <nite:child href="Bed011.B.aseg.xml#id(Bed011.B.asg.12340)"/>
      <nite:child href="Bed011.E.aseg.xml#id(Bed011.E.asg.13403)"/>
      <nite:child href="Bed011.D.aseg.xml#id(Bed011.D.asg.13176)..id(Bed011.D.asg.13178)"/>
      <nite:child href="Bed011.E.aseg.xml#id(Bed011.E.asg.13404)..id(Bed011.E.asg.13405)"/>
      <nite:child href="Bed011.D.aseg.xml#id(Bed011.D.asg.13179)"/>
      <nite:child href="Bed011.B.aseg.xml#id(Bed011.B.asg.12341)"/>
      <nite:child href="Bed011.D.aseg.xml#id(Bed011.D.asg.13180)"/>
      <nite:child href="Bed011.B.aseg.xml#id(Bed011.B.asg.12342)..id(Bed011.B.asg.12343)"/>
      <nite:child href="Bed011.D.aseg.xml#id(Bed011.D.asg.13181)..id(Bed011.D.asg.13182)"/>
      <nite:child href="Bed011.C.aseg.xml#id(Bed011.C.asg.12748)"/>
      <nite:child href="Bed011.D.aseg.xml#id(Bed011.D.asg.13183)..id(Bed011.D.asg.13187)"/>
      <nite:child href="Bed011.C.aseg.xml#id(Bed011.C.asg.12749)"/>
      <nite:child href="Bed011.D.aseg.xml#id(Bed011.D.asg.13188)"/>
      <nite:child href="Bed011.C.aseg.xml#id(Bed011.C.asg.12750)..id(Bed011.C.asg.12751)"/>
      <nite:child href="Bed011.D.aseg.xml#id(Bed011.D.asg.13189)"/>
      <nite:child href="Bed011.B.aseg.xml#id(Bed011.B.asg.12344)"/>
      <nite:child href="Bed011.C.aseg.xml#id(Bed011.C.asg.12752)..id(Bed011.C.asg.12758)"/>
      <nite:child href="Bed011.B.aseg.xml#id(Bed011.B.asg.12345)"/>
      <nite:child href="Bed011.C.aseg.xml#id(Bed011.C.asg.12759)..id(Bed011.C.asg.12760)"/>
      <nite:child href="Bed011.B.aseg.xml#id(Bed011.B.asg.12346)..id(Bed011.B.asg.12347)"/>
      <nite:child href="Bed011.C.aseg.xml#id(Bed011.C.asg.12761)"/>
      <nite:child href="Bed011.B.aseg.xml#id(Bed011.B.asg.12348)"/>
      <nite:child href="Bed011.C.aseg.xml#id(Bed011.C.asg.12762)"/>
      <nite:child href="Bed011.B.aseg.xml#id(Bed011.B.asg.12349)"/>
      <nite:child href="Bed011.C.aseg.xml#id(Bed011.C.asg.12763)"/>
      <nite:child href="Bed011.B.aseg.xml#id(Bed011.B.asg.12350)"/>
      <nite:child href="Bed011.C.aseg.xml#id(Bed011.C.asg.12764)"/>
      <nite:child href="Bed011.B.aseg.xml#id(Bed011.B.asg.12351)..id(Bed011.B.asg.12352)"/>
      <nite:child href="Bed011.D.aseg.xml#id(Bed011.D.asg.13190)..id(Bed011.D.asg.13191)"/>
      <nite:child href="Bed011.B.aseg.xml#id(Bed011.B.asg.12353)"/>
      <nite:child href="Bed011.D.aseg.xml#id(Bed011.D.asg.13192)"/>
      <nite:child href="Bed011.B.aseg.xml#id(Bed011.B.asg.12354)..id(Bed011.B.asg.12355)"/>
      <nite:child href="Bed011.D.aseg.xml#id(Bed011.D.asg.13193)"/>
      <nite:child href="Bed011.B.aseg.xml#id(Bed011.B.asg.12356)"/>
      <nite:child href="Bed011.F.aseg.xml#id(Bed011.F.asg.13420)"/>
      <nite:child href="Bed011.D.aseg.xml#id(Bed011.D.asg.13194)"/>
      <nite:child href="Bed011.B.aseg.xml#id(Bed011.B.asg.12357)"/>
      <nite:child href="Bed011.F.aseg.xml#id(Bed011.F.asg.13421)"/>
      <nite:child href="Bed011.D.aseg.xml#id(Bed011.D.asg.13195)..id(Bed011.D.asg.13197)"/>
      <nite:child href="Bed011.B.aseg.xml#id(Bed011.B.asg.12358)..id(Bed011.B.asg.12359)"/>
      <nite:child href="Bed011.C.aseg.xml#id(Bed011.C.asg.12765)"/>
      <nite:child href="Bed011.B.aseg.xml#id(Bed011.B.asg.12360)"/>
      <nite:child href="Bed011.F.aseg.xml#id(Bed011.F.asg.13422)"/>
      <nite:child href="Bed011.D.aseg.xml#id(Bed011.D.asg.13198)"/>
      <nite:child href="Bed011.E.aseg.xml#id(Bed011.E.asg.13406)"/>
      <nite:child href="Bed011.F.aseg.xml#id(Bed011.F.asg.13423)"/>
      <nite:child href="Bed011.C.aseg.xml#id(Bed011.C.asg.12766)..id(Bed011.C.asg.12767)"/>
      <nite:child href="Bed011.B.aseg.xml#id(Bed011.B.asg.12361)"/>
      <nite:child href="Bed011.D.aseg.xml#id(Bed011.D.asg.13199)"/>
      <nite:child href="Bed011.C.aseg.xml#id(Bed011.C.asg.12768)..id(Bed011.C.asg.12769)"/>
      <nite:child href="Bed011.D.aseg.xml#id(Bed011.D.asg.13200)"/>
      <nite:child href="Bed011.B.aseg.xml#id(Bed011.B.asg.12362)"/>
      <nite:child href="Bed011.C.aseg.xml#id(Bed011.C.asg.12770)..id(Bed011.C.asg.12771)"/>
      <nite:child href="Bed011.B.aseg.xml#id(Bed011.B.asg.12363)"/>
      <nite:child href="Bed011.C.aseg.xml#id(Bed011.C.asg.12772)"/>
      <nite:child href="Bed011.D.aseg.xml#id(Bed011.D.asg.13201)"/>
      <nite:child href="Bed011.E.aseg.xml#id(Bed011.E.asg.13407)"/>
      <nite:child href="Bed011.D.aseg.xml#id(Bed011.D.asg.13202)"/>
      <nite:child href="Bed011.C.aseg.xml#id(Bed011.C.asg.12773)"/>
      <nite:child href="Bed011.F.aseg.xml#id(Bed011.F.asg.13424)"/>
      <nite:child href="Bed011.D.aseg.xml#id(Bed011.D.asg.13203)..id(Bed011.D.asg.13204)"/>
      <nite:child href="Bed011.C.aseg.xml#id(Bed011.C.asg.12774)..id(Bed011.C.asg.12776)"/>
      <nite:child href="Bed011.G.aseg.xml#id(Bed011.G.asg.13439)..id(Bed011.G.asg.13440)"/>
      <nite:child href="Bed011.C.aseg.xml#id(Bed011.C.asg.12777)"/>
      <nite:child href="Bed011.B.aseg.xml#id(Bed011.B.asg.12364)..id(Bed011.B.asg.12366)"/>
      <nite:child href="Bed011.C.aseg.xml#id(Bed011.C.asg.12778)"/>
      <nite:child href="Bed011.B.aseg.xml#id(Bed011.B.asg.12367)..id(Bed011.B.asg.12368)"/>
      <nite:child href="Bed011.C.aseg.xml#id(Bed011.C.asg.12779)..id(Bed011.C.asg.12780)"/>
      <nite:child href="Bed011.B.aseg.xml#id(Bed011.B.asg.12369)..id(Bed011.B.asg.12370)"/>
      <nite:child href="Bed011.D.aseg.xml#id(Bed011.D.asg.13205)"/>
      <nite:child href="Bed011.B.aseg.xml#id(Bed011.B.asg.12371)..id(Bed011.B.asg.12372)"/>
      <nite:child href="Bed011.C.aseg.xml#id(Bed011.C.asg.12781)"/>
      <nite:child href="Bed011.B.aseg.xml#id(Bed011.B.asg.12373)"/>
      <nite:child href="Bed011.C.aseg.xml#id(Bed011.C.asg.12782)"/>
      <nite:child href="Bed011.D.aseg.xml#id(Bed011.D.asg.13206)"/>
      <nite:child href="Bed011.C.aseg.xml#id(Bed011.C.asg.12783)"/>
      <nite:child href="Bed011.F.aseg.xml#id(Bed011.F.asg.13425)..id(Bed011.F.asg.13426)"/>
      <nite:child href="Bed011.C.aseg.xml#id(Bed011.C.asg.12784)"/>
      <nite:child href="Bed011.F.aseg.xml#id(Bed011.F.asg.13427)"/>
      <nite:child href="Bed011.C.aseg.xml#id(Bed011.C.asg.12785)"/>
      <nite:child href="Bed011.B.aseg.xml#id(Bed011.B.asg.12374)"/>
      <nite:child href="Bed011.C.aseg.xml#id(Bed011.C.asg.12786)"/>
      <nite:child href="Bed011.B.aseg.xml#id(Bed011.B.asg.12375)..id(Bed011.B.asg.12376)"/>
      <nite:child href="Bed011.D.aseg.xml#id(Bed011.D.asg.13207)"/>
      <nite:child href="Bed011.C.aseg.xml#id(Bed011.C.asg.12787)"/>
      <nite:child href="Bed011.F.aseg.xml#id(Bed011.F.asg.13428)"/>
      <nite:child href="Bed011.D.aseg.xml#id(Bed011.D.asg.13208)"/>
      <nite:child href="Bed011.B.aseg.xml#id(Bed011.B.asg.12377)..id(Bed011.B.asg.12378)"/>
      <nite:child href="Bed011.D.aseg.xml#id(Bed011.D.asg.13209)"/>
      <nite:child href="Bed011.B.aseg.xml#id(Bed011.B.asg.12379)"/>
      <nite:child href="Bed011.D.aseg.xml#id(Bed011.D.asg.13210)"/>
      <nite:child href="Bed011.B.aseg.xml#id(Bed011.B.asg.12380)"/>
      <nite:child href="Bed011.D.aseg.xml#id(Bed011.D.asg.13211)..id(Bed011.D.asg.13212)"/>
      <nite:child href="Bed011.B.aseg.xml#id(Bed011.B.asg.12381)"/>
      <nite:child href="Bed011.D.aseg.xml#id(Bed011.D.asg.13213)"/>
      <nite:child href="Bed011.C.aseg.xml#id(Bed011.C.asg.12788)"/>
      <nite:child href="Bed011.B.aseg.xml#id(Bed011.B.asg.12382)"/>
      <nite:child href="Bed011.D.aseg.xml#id(Bed011.D.asg.13214)"/>
      <nite:child href="Bed011.C.aseg.xml#id(Bed011.C.asg.12789)"/>
      <nite:child href="Bed011.B.aseg.xml#id(Bed011.B.asg.12383)"/>
      <nite:child href="Bed011.D.aseg.xml#id(Bed011.D.asg.13215)"/>
      <nite:child href="Bed011.C.aseg.xml#id(Bed011.C.asg.12790)..id(Bed011.C.asg.12791)"/>
      <nite:child href="Bed011.D.aseg.xml#id(Bed011.D.asg.13216)"/>
      <nite:child href="Bed011.G.aseg.xml#id(Bed011.G.asg.13441)"/>
      <nite:child href="Bed011.C.aseg.xml#id(Bed011.C.asg.12792)..id(Bed011.C.asg.12793)"/>
      <nite:child href="Bed011.D.aseg.xml#id(Bed011.D.asg.13217)"/>
      <nite:child href="Bed011.G.aseg.xml#id(Bed011.G.asg.13442)"/>
      <nite:child href="Bed011.D.aseg.xml#id(Bed011.D.asg.13218)"/>
      <nite:child href="Bed011.G.aseg.xml#id(Bed011.G.asg.13443)"/>
      <nite:child href="Bed011.C.aseg.xml#id(Bed011.C.asg.12794)..id(Bed011.C.asg.12796)"/>
      <nite:child href="Bed011.B.aseg.xml#id(Bed011.B.asg.12384)..id(Bed011.B.asg.12385)"/>
      <nite:child href="Bed011.D.aseg.xml#id(Bed011.D.asg.13219)"/>
      <nite:child href="Bed011.B.aseg.xml#id(Bed011.B.asg.12386)"/>
      <nite:child href="Bed011.C.aseg.xml#id(Bed011.C.asg.12797)"/>
      <nite:child href="Bed011.D.aseg.xml#id(Bed011.D.asg.13220)"/>
      <nite:child href="Bed011.B.aseg.xml#id(Bed011.B.asg.12387)"/>
      <nite:child href="Bed011.C.aseg.xml#id(Bed011.C.asg.12798)"/>
      <nite:child href="Bed011.B.aseg.xml#id(Bed011.B.asg.12388)"/>
      <nite:child href="Bed011.D.aseg.xml#id(Bed011.D.asg.13221)"/>
      <nite:child href="Bed011.A.aseg.xml#id(Bed011.A.asg.12284)"/>
      <nite:child href="Bed011.C.aseg.xml#id(Bed011.C.asg.12799)"/>
      <nite:child href="Bed011.D.aseg.xml#id(Bed011.D.asg.13222)"/>
      <nite:child href="Bed011.C.aseg.xml#id(Bed011.C.asg.12800)"/>
      <nite:child href="Bed011.E.aseg.xml#id(Bed011.E.asg.13408)"/>
      <nite:child href="Bed011.D.aseg.xml#id(Bed011.D.asg.13223)"/>
      <nite:child href="Bed011.C.aseg.xml#id(Bed011.C.asg.12801)..id(Bed011.C.asg.12803)"/>
      <nite:child href="Bed011.B.aseg.xml#id(Bed011.B.asg.12389)"/>
      <nite:child href="Bed011.D.aseg.xml#id(Bed011.D.asg.13224)"/>
      <nite:child href="Bed011.B.aseg.xml#id(Bed011.B.asg.12390)"/>
      <nite:child href="Bed011.C.aseg.xml#id(Bed011.C.asg.12804)..id(Bed011.C.asg.12805)"/>
      <nite:child href="Bed011.B.aseg.xml#id(Bed011.B.asg.12391)"/>
      <nite:child href="Bed011.C.aseg.xml#id(Bed011.C.asg.12806)..id(Bed011.C.asg.12807)"/>
      <nite:child href="Bed011.D.aseg.xml#id(Bed011.D.asg.13225)..id(Bed011.D.asg.13226)"/>
      <nite:child href="Bed011.F.aseg.xml#id(Bed011.F.asg.13429)"/>
      <nite:child href="Bed011.D.aseg.xml#id(Bed011.D.asg.13227)"/>
      <nite:child href="Bed011.C.aseg.xml#id(Bed011.C.asg.12808)"/>
      <nite:child href="Bed011.D.aseg.xml#id(Bed011.D.asg.13228)"/>
      <nite:child href="Bed011.C.aseg.xml#id(Bed011.C.asg.12809)..id(Bed011.C.asg.12811)"/>
      <nite:child href="Bed011.G.aseg.xml#id(Bed011.G.asg.13444)"/>
      <nite:child href="Bed011.C.aseg.xml#id(Bed011.C.asg.12812)"/>
      <nite:child href="Bed011.D.aseg.xml#id(Bed011.D.asg.13229)"/>
      <nite:child href="Bed011.C.aseg.xml#id(Bed011.C.asg.12813)"/>
      <nite:child href="Bed011.B.aseg.xml#id(Bed011.B.asg.12392)"/>
      <nite:child href="Bed011.C.aseg.xml#id(Bed011.C.asg.12814)..id(Bed011.C.asg.12818)"/>
      <nite:child href="Bed011.D.aseg.xml#id(Bed011.D.asg.13230)"/>
      <nite:child href="Bed011.B.aseg.xml#id(Bed011.B.asg.12393)"/>
      <nite:child href="Bed011.C.aseg.xml#id(Bed011.C.asg.12819)"/>
      <nite:child href="Bed011.B.aseg.xml#id(Bed011.B.asg.12394)..id(Bed011.B.asg.12395)"/>
      <nite:child href="Bed011.D.aseg.xml#id(Bed011.D.asg.13231)"/>
      <nite:child href="Bed011.C.aseg.xml#id(Bed011.C.asg.12820)"/>
      <nite:child href="Bed011.D.aseg.xml#id(Bed011.D.asg.13232)"/>
      <nite:child href="Bed011.B.aseg.xml#id(Bed011.B.asg.12396)"/>
      <nite:child href="Bed011.D.aseg.xml#id(Bed011.D.asg.13233)"/>
      <nite:child href="Bed011.B.aseg.xml#id(Bed011.B.asg.12397)"/>
      <nite:child href="Bed011.C.aseg.xml#id(Bed011.C.asg.12821)"/>
      <nite:child href="Bed011.D.aseg.xml#id(Bed011.D.asg.13234)"/>
      <nite:child href="Bed011.B.aseg.xml#id(Bed011.B.asg.12398)"/>
      <nite:child href="Bed011.D.aseg.xml#id(Bed011.D.asg.13235)"/>
      <nite:child href="Bed011.C.aseg.xml#id(Bed011.C.asg.12822)"/>
      <nite:child href="Bed011.B.aseg.xml#id(Bed011.B.asg.12399)"/>
      <nite:child href="Bed011.D.aseg.xml#id(Bed011.D.asg.13236)..id(Bed011.D.asg.13237)"/>
      <nite:child href="Bed011.B.aseg.xml#id(Bed011.B.asg.12400)"/>
      <nite:child href="Bed011.D.aseg.xml#id(Bed011.D.asg.13238)"/>
      <nite:child href="Bed011.C.aseg.xml#id(Bed011.C.asg.12823)..id(Bed011.C.asg.12825)"/>
      <nite:child href="Bed011.B.aseg.xml#id(Bed011.B.asg.12401)..id(Bed011.B.asg.12402)"/>
      <nite:child href="Bed011.C.aseg.xml#id(Bed011.C.asg.12826)..id(Bed011.C.asg.12831)"/>
      <nite:child href="Bed011.D.aseg.xml#id(Bed011.D.asg.13239)"/>
      <nite:child href="Bed011.C.aseg.xml#id(Bed011.C.asg.12832)..id(Bed011.C.asg.12833)"/>
      <nite:child href="Bed011.G.aseg.xml#id(Bed011.G.asg.13445)"/>
      <nite:child href="Bed011.C.aseg.xml#id(Bed011.C.asg.12834)"/>
      <nite:child href="Bed011.B.aseg.xml#id(Bed011.B.asg.12403)"/>
      <nite:child href="Bed011.F.aseg.xml#id(Bed011.F.asg.13430)..id(Bed011.F.asg.13435)"/>
      <nite:child href="Bed011.D.aseg.xml#id(Bed011.D.asg.13240)"/>
      <nite:child href="Bed011.E.aseg.xml#id(Bed011.E.asg.13409)"/>
      <nite:child href="Bed011.B.aseg.xml#id(Bed011.B.asg.12404)"/>
      <nite:child href="Bed011.D.aseg.xml#id(Bed011.D.asg.13241)"/>
      <nite:child href="Bed011.B.aseg.xml#id(Bed011.B.asg.12405)"/>
      <nite:child href="Bed011.G.aseg.xml#id(Bed011.G.asg.13446)"/>
      <nite:child href="Bed011.D.aseg.xml#id(Bed011.D.asg.13242)"/>
      <nite:child href="Bed011.F.aseg.xml#id(Bed011.F.asg.13436)"/>
      <nite:child href="Bed011.D.aseg.xml#id(Bed011.D.asg.13243)"/>
      <nite:child href="Bed011.F.aseg.xml#id(Bed011.F.asg.13437)"/>
      <nite:child href="Bed011.B.aseg.xml#id(Bed011.B.asg.12406)"/>
      <nite:child href="Bed011.D.aseg.xml#id(Bed011.D.asg.13244)..id(Bed011.D.asg.13246)"/>
      <nite:child href="Bed011.B.aseg.xml#id(Bed011.B.asg.12407)"/>
      <nite:child href="Bed011.F.aseg.xml#id(Bed011.F.asg.13438)"/>
      <nite:child href="Bed011.E.aseg.xml#id(Bed011.E.asg.13410)"/>
      <nite:child href="Bed011.C.aseg.xml#id(Bed011.C.asg.12835)..id(Bed011.C.asg.12841)"/>
      <nite:child href="Bed011.B.aseg.xml#id(Bed011.B.asg.12408)"/>
      <nite:child href="Bed011.C.aseg.xml#id(Bed011.C.asg.12842)..id(Bed011.C.asg.12844)"/>
      <nite:child href="Bed011.B.aseg.xml#id(Bed011.B.asg.12409)"/>
      <nite:child href="Bed011.C.aseg.xml#id(Bed011.C.asg.12845)"/>
      <nite:child href="Bed011.B.aseg.xml#id(Bed011.B.asg.12410)"/>
      <nite:child href="Bed011.D.aseg.xml#id(Bed011.D.asg.13247)"/>
      <nite:child href="Bed011.C.aseg.xml#id(Bed011.C.asg.12846)"/>
      <nite:child href="Bed011.B.aseg.xml#id(Bed011.B.asg.12411)"/>
      <nite:child href="Bed011.C.aseg.xml#id(Bed011.C.asg.12847)"/>
      <nite:child href="Bed011.B.aseg.xml#id(Bed011.B.asg.12412)"/>
      <nite:child href="Bed011.C.aseg.xml#id(Bed011.C.asg.12848)..id(Bed011.C.asg.12851)"/>
      <nite:child href="Bed011.B.aseg.xml#id(Bed011.B.asg.12413)..id(Bed011.B.asg.12414)"/>
      <nite:child href="Bed011.C.aseg.xml#id(Bed011.C.asg.12852)"/>
      <nite:child href="Bed011.B.aseg.xml#id(Bed011.B.asg.12415)"/>
      <nite:child href="Bed011.C.aseg.xml#id(Bed011.C.asg.12853)"/>
      <nite:child href="Bed011.B.aseg.xml#id(Bed011.B.asg.12416)..id(Bed011.B.asg.12418)"/>
      <nite:child href="Bed011.D.aseg.xml#id(Bed011.D.asg.13248)"/>
      <nite:child href="Bed011.E.aseg.xml#id(Bed011.E.asg.13411)"/>
      <nite:child href="Bed011.B.aseg.xml#id(Bed011.B.asg.12419)..id(Bed011.B.asg.12420)"/>
      <nite:child href="Bed011.D.aseg.xml#id(Bed011.D.asg.13249)"/>
      <nite:child href="Bed011.B.aseg.xml#id(Bed011.B.asg.12421)"/>
      <nite:child href="Bed011.D.aseg.xml#id(Bed011.D.asg.13250)"/>
      <nite:child href="Bed011.B.aseg.xml#id(Bed011.B.asg.12422)"/>
      <nite:child href="Bed011.D.aseg.xml#id(Bed011.D.asg.13251)"/>
      <nite:child href="Bed011.B.aseg.xml#id(Bed011.B.asg.12423)"/>
      <nite:child href="Bed011.D.aseg.xml#id(Bed011.D.asg.13252)"/>
      <nite:child href="Bed011.C.aseg.xml#id(Bed011.C.asg.12854)..id(Bed011.C.asg.12855)"/>
      <nite:child href="Bed011.B.aseg.xml#id(Bed011.B.asg.12424)"/>
      <nite:child href="Bed011.C.aseg.xml#id(Bed011.C.asg.12856)..id(Bed011.C.asg.12866)"/>
      <nite:child href="Bed011.D.aseg.xml#id(Bed011.D.asg.13253)..id(Bed011.D.asg.13254)"/>
      <nite:child href="Bed011.C.aseg.xml#id(Bed011.C.asg.12867)..id(Bed011.C.asg.12868)"/>
      <nite:child href="Bed011.D.aseg.xml#id(Bed011.D.asg.13255)..id(Bed011.D.asg.13256)"/>
      <nite:child href="Bed011.C.aseg.xml#id(Bed011.C.asg.12869)"/>
      <nite:child href="Bed011.D.aseg.xml#id(Bed011.D.asg.13257)"/>
      <nite:child href="Bed011.C.aseg.xml#id(Bed011.C.asg.12870)..id(Bed011.C.asg.12871)"/>
      <nite:child href="Bed011.D.aseg.xml#id(Bed011.D.asg.13258)..id(Bed011.D.asg.13262)"/>
      <nite:child href="Bed011.E.aseg.xml#id(Bed011.E.asg.13412)"/>
      <nite:child href="Bed011.C.aseg.xml#id(Bed011.C.asg.12872)"/>
      <nite:child href="Bed011.B.aseg.xml#id(Bed011.B.asg.12425)"/>
      <nite:child href="Bed011.D.aseg.xml#id(Bed011.D.asg.13263)..id(Bed011.D.asg.13267)"/>
      <nite:child href="Bed011.C.aseg.xml#id(Bed011.C.asg.12873)"/>
      <nite:child href="Bed011.D.aseg.xml#id(Bed011.D.asg.13268)..id(Bed011.D.asg.13269)"/>
      <nite:child href="Bed011.B.aseg.xml#id(Bed011.B.asg.12426)"/>
      <nite:child href="Bed011.D.aseg.xml#id(Bed011.D.asg.13270)..id(Bed011.D.asg.13278)"/>
      <nite:child href="Bed011.B.aseg.xml#id(Bed011.B.asg.12427)..id(Bed011.B.asg.12428)"/>
      <nite:child href="Bed011.D.aseg.xml#id(Bed011.D.asg.13279)"/>
      <nite:child href="Bed011.B.aseg.xml#id(Bed011.B.asg.12429)"/>
      <nite:child href="Bed011.D.aseg.xml#id(Bed011.D.asg.13280)"/>
      <nite:child href="Bed011.B.aseg.xml#id(Bed011.B.asg.12430)"/>
      <nite:child href="Bed011.D.aseg.xml#id(Bed011.D.asg.13281)..id(Bed011.D.asg.13282)"/>
      <nite:child href="Bed011.B.aseg.xml#id(Bed011.B.asg.12431)"/>
      <nite:child href="Bed011.D.aseg.xml#id(Bed011.D.asg.13283)"/>
      <nite:child href="Bed011.B.aseg.xml#id(Bed011.B.asg.12432)"/>
      <nite:child href="Bed011.D.aseg.xml#id(Bed011.D.asg.13284)"/>
      <nite:child href="Bed011.B.aseg.xml#id(Bed011.B.asg.12433)"/>
      <nite:child href="Bed011.D.aseg.xml#id(Bed011.D.asg.13285)"/>
      <nite:child href="Bed011.B.aseg.xml#id(Bed011.B.asg.12434)"/>
      <nite:child href="Bed011.D.aseg.xml#id(Bed011.D.asg.13286)"/>
      <nite:child href="Bed011.B.aseg.xml#id(Bed011.B.asg.12435)"/>
      <nite:child href="Bed011.D.aseg.xml#id(Bed011.D.asg.13287)"/>
      <nite:child href="Bed011.B.aseg.xml#id(Bed011.B.asg.12436)..id(Bed011.B.asg.12437)"/>
      <nite:child href="Bed011.D.aseg.xml#id(Bed011.D.asg.13288)..id(Bed011.D.asg.13289)"/>
      <nite:child href="Bed011.B.aseg.xml#id(Bed011.B.asg.12438)"/>
      <nite:child href="Bed011.D.aseg.xml#id(Bed011.D.asg.13290)..id(Bed011.D.asg.13291)"/>
      <nite:child href="Bed011.B.aseg.xml#id(Bed011.B.asg.12439)"/>
      <nite:child href="Bed011.D.aseg.xml#id(Bed011.D.asg.13292)"/>
      <nite:child href="Bed011.B.aseg.xml#id(Bed011.B.asg.12440)"/>
      <nite:child href="Bed011.D.aseg.xml#id(Bed011.D.asg.13293)"/>
      <nite:child href="Bed011.B.aseg.xml#id(Bed011.B.asg.12441)"/>
      <nite:child href="Bed011.D.aseg.xml#id(Bed011.D.asg.13294)..id(Bed011.D.asg.13295)"/>
      <nite:child href="Bed011.B.aseg.xml#id(Bed011.B.asg.12442)"/>
      <nite:child href="Bed011.D.aseg.xml#id(Bed011.D.asg.13296)"/>
      <nite:child href="Bed011.B.aseg.xml#id(Bed011.B.asg.12443)"/>
      <nite:child href="Bed011.D.aseg.xml#id(Bed011.D.asg.13297)"/>
      <nite:child href="Bed011.C.aseg.xml#id(Bed011.C.asg.12874)"/>
      <nite:child href="Bed011.B.aseg.xml#id(Bed011.B.asg.12444)"/>
      <nite:child href="Bed011.C.aseg.xml#id(Bed011.C.asg.12875)..id(Bed011.C.asg.12877)"/>
      <nite:child href="Bed011.B.aseg.xml#id(Bed011.B.asg.12445)"/>
      <nite:child href="Bed011.C.aseg.xml#id(Bed011.C.asg.12878)"/>
      <nite:child href="Bed011.B.aseg.xml#id(Bed011.B.asg.12446)"/>
      <nite:child href="Bed011.C.aseg.xml#id(Bed011.C.asg.12879)..id(Bed011.C.asg.12880)"/>
      <nite:child href="Bed011.B.aseg.xml#id(Bed011.B.asg.12447)..id(Bed011.B.asg.12448)"/>
      <nite:child href="Bed011.C.aseg.xml#id(Bed011.C.asg.12881)..id(Bed011.C.asg.12882)"/>
      <nite:child href="Bed011.B.aseg.xml#id(Bed011.B.asg.12449)..id(Bed011.B.asg.12450)"/>
      <nite:child href="Bed011.C.aseg.xml#id(Bed011.C.asg.12883)..id(Bed011.C.asg.12884)"/>
      <nite:child href="Bed011.D.aseg.xml#id(Bed011.D.asg.13298)"/>
      <nite:child href="Bed011.B.aseg.xml#id(Bed011.B.asg.12451)"/>
      <nite:child href="Bed011.C.aseg.xml#id(Bed011.C.asg.12885)..id(Bed011.C.asg.12887)"/>
      <nite:child href="Bed011.B.aseg.xml#id(Bed011.B.asg.12452)..id(Bed011.B.asg.12453)"/>
      <nite:child href="Bed011.C.aseg.xml#id(Bed011.C.asg.12888)"/>
      <nite:child href="Bed011.B.aseg.xml#id(Bed011.B.asg.12454)"/>
      <nite:child href="Bed011.C.aseg.xml#id(Bed011.C.asg.12889)..id(Bed011.C.asg.12895)"/>
      <nite:child href="Bed011.B.aseg.xml#id(Bed011.B.asg.12455)"/>
      <nite:child href="Bed011.D.aseg.xml#id(Bed011.D.asg.13299)"/>
      <nite:child href="Bed011.B.aseg.xml#id(Bed011.B.asg.12456)"/>
      <nite:child href="Bed011.D.aseg.xml#id(Bed011.D.asg.13300)"/>
      <nite:child href="Bed011.C.aseg.xml#id(Bed011.C.asg.12896)"/>
      <nite:child href="Bed011.D.aseg.xml#id(Bed011.D.asg.13301)"/>
      <nite:child href="Bed011.C.aseg.xml#id(Bed011.C.asg.12897)"/>
      <nite:child href="Bed011.B.aseg.xml#id(Bed011.B.asg.12457)"/>
      <nite:child href="Bed011.D.aseg.xml#id(Bed011.D.asg.13302)..id(Bed011.D.asg.13303)"/>
      <nite:child href="Bed011.C.aseg.xml#id(Bed011.C.asg.12898)"/>
      <nite:child href="Bed011.B.aseg.xml#id(Bed011.B.asg.12458)"/>
      <nite:child href="Bed011.D.aseg.xml#id(Bed011.D.asg.13304)"/>
      <nite:child href="Bed011.C.aseg.xml#id(Bed011.C.asg.12899)"/>
      <nite:child href="Bed011.D.aseg.xml#id(Bed011.D.asg.13305)..id(Bed011.D.asg.13306)"/>
      <nite:child href="Bed011.C.aseg.xml#id(Bed011.C.asg.12900)"/>
      <nite:child href="Bed011.D.aseg.xml#id(Bed011.D.asg.13307)"/>
      <nite:child href="Bed011.B.aseg.xml#id(Bed011.B.asg.12459)..id(Bed011.B.asg.12461)"/>
      <nite:child href="Bed011.D.aseg.xml#id(Bed011.D.asg.13308)..id(Bed011.D.asg.13309)"/>
      <nite:child href="Bed011.B.aseg.xml#id(Bed011.B.asg.12462)"/>
      <nite:child href="Bed011.D.aseg.xml#id(Bed011.D.asg.13310)"/>
      <nite:child href="Bed011.B.aseg.xml#id(Bed011.B.asg.12463)"/>
      <nite:child href="Bed011.D.aseg.xml#id(Bed011.D.asg.13311)..id(Bed011.D.asg.13312)"/>
      <nite:child href="Bed011.B.aseg.xml#id(Bed011.B.asg.12464)"/>
      <nite:child href="Bed011.D.aseg.xml#id(Bed011.D.asg.13313)"/>
      <nite:child href="Bed011.B.aseg.xml#id(Bed011.B.asg.12465)..id(Bed011.B.asg.12471)"/>
      <nite:child href="Bed011.D.aseg.xml#id(Bed011.D.asg.13314)..id(Bed011.D.asg.13315)"/>
      <nite:child href="Bed011.B.aseg.xml#id(Bed011.B.asg.12472)"/>
      <nite:child href="Bed011.D.aseg.xml#id(Bed011.D.asg.13316)"/>
      <nite:child href="Bed011.B.aseg.xml#id(Bed011.B.asg.12473)"/>
      <nite:child href="Bed011.D.aseg.xml#id(Bed011.D.asg.13317)"/>
      <nite:child href="Bed011.B.aseg.xml#id(Bed011.B.asg.12474)"/>
      <nite:child href="Bed011.D.aseg.xml#id(Bed011.D.asg.13318)..id(Bed011.D.asg.13322)"/>
      <nite:child href="Bed011.B.aseg.xml#id(Bed011.B.asg.12475)..id(Bed011.B.asg.12476)"/>
      <nite:child href="Bed011.D.aseg.xml#id(Bed011.D.asg.13323)..id(Bed011.D.asg.13324)"/>
      <nite:child href="Bed011.B.aseg.xml#id(Bed011.B.asg.12477)..id(Bed011.B.asg.12480)"/>
      <nite:child href="Bed011.D.aseg.xml#id(Bed011.D.asg.13325)"/>
      <nite:child href="Bed011.B.aseg.xml#id(Bed011.B.asg.12481)"/>
      <nite:child href="Bed011.D.aseg.xml#id(Bed011.D.asg.13326)..id(Bed011.D.asg.13328)"/>
      <nite:child href="Bed011.B.aseg.xml#id(Bed011.B.asg.12482)"/>
      <nite:child href="Bed011.D.aseg.xml#id(Bed011.D.asg.13329)..id(Bed011.D.asg.13330)"/>
      <nite:child href="Bed011.B.aseg.xml#id(Bed011.B.asg.12483)..id(Bed011.B.asg.12484)"/>
      <nite:child href="Bed011.D.aseg.xml#id(Bed011.D.asg.13331)"/>
      <nite:child href="Bed011.B.aseg.xml#id(Bed011.B.asg.12485)"/>
      <nite:child href="Bed011.D.aseg.xml#id(Bed011.D.asg.13332)"/>
      <nite:child href="Bed011.B.aseg.xml#id(Bed011.B.asg.12486)"/>
      <nite:child href="Bed011.D.aseg.xml#id(Bed011.D.asg.13333)..id(Bed011.D.asg.13335)"/>
      <nite:child href="Bed011.B.aseg.xml#id(Bed011.B.asg.12487)..id(Bed011.B.asg.12488)"/>
      <nite:child href="Bed011.D.aseg.xml#id(Bed011.D.asg.13336)..id(Bed011.D.asg.13337)"/>
      <nite:child href="Bed011.B.aseg.xml#id(Bed011.B.asg.12489)..id(Bed011.B.asg.12493)"/>
      <nite:child href="Bed011.D.aseg.xml#id(Bed011.D.asg.13338)..id(Bed011.D.asg.13339)"/>
      <nite:child href="Bed011.B.aseg.xml#id(Bed011.B.asg.12494)"/>
      <nite:child href="Bed011.D.aseg.xml#id(Bed011.D.asg.13340)"/>
      <nite:child href="Bed011.B.aseg.xml#id(Bed011.B.asg.12495)..id(Bed011.B.asg.12496)"/>
      <nite:child href="Bed011.D.aseg.xml#id(Bed011.D.asg.13341)"/>
      <nite:child href="Bed011.C.aseg.xml#id(Bed011.C.asg.12901)..id(Bed011.C.asg.12902)"/>
      <nite:child href="Bed011.B.aseg.xml#id(Bed011.B.asg.12497)"/>
      <nite:child href="Bed011.C.aseg.xml#id(Bed011.C.asg.12903)..id(Bed011.C.asg.12906)"/>
      <nite:child href="Bed011.B.aseg.xml#id(Bed011.B.asg.12498)"/>
      <nite:child href="Bed011.C.aseg.xml#id(Bed011.C.asg.12907)..id(Bed011.C.asg.12908)"/>
      <nite:child href="Bed011.B.aseg.xml#id(Bed011.B.asg.12499)"/>
      <nite:child href="Bed011.C.aseg.xml#id(Bed011.C.asg.12909)"/>
      <nite:child href="Bed011.B.aseg.xml#id(Bed011.B.asg.12500)"/>
      <nite:child href="Bed011.C.aseg.xml#id(Bed011.C.asg.12910)..id(Bed011.C.asg.12911)"/>
      <nite:child href="Bed011.B.aseg.xml#id(Bed011.B.asg.12501)"/>
      <nite:child href="Bed011.C.aseg.xml#id(Bed011.C.asg.12912)..id(Bed011.C.asg.12914)"/>
      <nite:child href="Bed011.B.aseg.xml#id(Bed011.B.asg.12502)"/>
      <nite:child href="Bed011.C.aseg.xml#id(Bed011.C.asg.12915)"/>
      <nite:child href="Bed011.B.aseg.xml#id(Bed011.B.asg.12503)"/>
      <nite:child href="Bed011.D.aseg.xml#id(Bed011.D.asg.13342)"/>
      <nite:child href="Bed011.C.aseg.xml#id(Bed011.C.asg.12916)..id(Bed011.C.asg.12917)"/>
      <nite:child href="Bed011.B.aseg.xml#id(Bed011.B.asg.12504)..id(Bed011.B.asg.12505)"/>
      <nite:child href="Bed011.C.aseg.xml#id(Bed011.C.asg.12918)"/>
      <nite:child href="Bed011.B.aseg.xml#id(Bed011.B.asg.12506)"/>
      <nite:child href="Bed011.C.aseg.xml#id(Bed011.C.asg.12919)..id(Bed011.C.asg.12920)"/>
      <nite:child href="Bed011.D.aseg.xml#id(Bed011.D.asg.13343)..id(Bed011.D.asg.13344)"/>
      <nite:child href="Bed011.B.aseg.xml#id(Bed011.B.asg.12507)"/>
      <nite:child href="Bed011.C.aseg.xml#id(Bed011.C.asg.12921)"/>
      <nite:child href="Bed011.D.aseg.xml#id(Bed011.D.asg.13345)..id(Bed011.D.asg.13347)"/>
      <nite:child href="Bed011.C.aseg.xml#id(Bed011.C.asg.12922)"/>
      <nite:child href="Bed011.D.aseg.xml#id(Bed011.D.asg.13348)"/>
      <nite:child href="Bed011.C.aseg.xml#id(Bed011.C.asg.12923)"/>
      <nite:child href="Bed011.D.aseg.xml#id(Bed011.D.asg.13349)..id(Bed011.D.asg.13350)"/>
      <nite:child href="Bed011.C.aseg.xml#id(Bed011.C.asg.12924)..id(Bed011.C.asg.12929)"/>
      <nite:child href="Bed011.D.aseg.xml#id(Bed011.D.asg.13351)"/>
      <nite:child href="Bed011.C.aseg.xml#id(Bed011.C.asg.12930)"/>
      <nite:child href="Bed011.D.aseg.xml#id(Bed011.D.asg.13352)"/>
      <nite:child href="Bed011.C.aseg.xml#id(Bed011.C.asg.12931)"/>
      <nite:child href="Bed011.D.aseg.xml#id(Bed011.D.asg.13353)"/>
      <nite:child href="Bed011.C.aseg.xml#id(Bed011.C.asg.12932)..id(Bed011.C.asg.12933)"/>
      <nite:child href="Bed011.D.aseg.xml#id(Bed011.D.asg.13354)"/>
      <nite:child href="Bed011.C.aseg.xml#id(Bed011.C.asg.12934)"/>
      <nite:child href="Bed011.D.aseg.xml#id(Bed011.D.asg.13355)"/>
      <nite:child href="Bed011.C.aseg.xml#id(Bed011.C.asg.12935)..id(Bed011.C.asg.12939)"/>
      <nite:child href="Bed011.B.aseg.xml#id(Bed011.B.asg.12508)"/>
      <nite:child href="Bed011.D.aseg.xml#id(Bed011.D.asg.13356)"/>
      <nite:child href="Bed011.C.aseg.xml#id(Bed011.C.asg.12940)..id(Bed011.C.asg.12941)"/>
      <nite:child href="Bed011.D.aseg.xml#id(Bed011.D.asg.13357)..id(Bed011.D.asg.13358)"/>
      <nite:child href="Bed011.C.aseg.xml#id(Bed011.C.asg.12942)"/>
      <nite:child href="Bed011.B.aseg.xml#id(Bed011.B.asg.12509)"/>
      <nite:child href="Bed011.C.aseg.xml#id(Bed011.C.asg.12943)"/>
      <nite:child href="Bed011.D.aseg.xml#id(Bed011.D.asg.13359)..id(Bed011.D.asg.13360)"/>
      <nite:child href="Bed011.B.aseg.xml#id(Bed011.B.asg.12510)"/>
      <nite:child href="Bed011.D.aseg.xml#id(Bed011.D.asg.13361)..id(Bed011.D.asg.13362)"/>
      <nite:child href="Bed011.B.aseg.xml#id(Bed011.B.asg.12511)"/>
      <nite:child href="Bed011.E.aseg.xml#id(Bed011.E.asg.13413)"/>
      <nite:child href="Bed011.D.aseg.xml#id(Bed011.D.asg.13363)"/>
      <nite:child href="Bed011.B.aseg.xml#id(Bed011.B.asg.12512)"/>
      <nite:child href="Bed011.D.aseg.xml#id(Bed011.D.asg.13364)"/>
   </autopic>
</nite:root>