<?xml version="1.0" encoding="ISO-8859-1" standalone="yes"?>
<nite:root nite:id="Bmr011.autotopic.1" xmlns:nite="http://nite.sourceforge.net/">
   <autopic nite:id="Bmr011.autotopic.2" tstart="0.0" tend="0.0">
      <nite:child href="Bmr011.B.aseg.xml#id(Bmr011.B.asg.41094)"/>
   </autopic>
   <autopic nite:id="Bmr011.autotopic.3" tstart="1.15" tend="4.45">
      <nite:child href="Bmr011.B.aseg.xml#id(Bmr011.B.asg.41094)..id(Bmr011.B.asg.41095)"/>
   </autopic>
   <autopic nite:id="Bmr011.autotopic.4" tstart="3.84" tend="4010.91">
      <nite:child href="Bmr011.E.aseg.xml#id(Bmr011.E.asg.41653)"/>
      <nite:child href="Bmr011.D.aseg.xml#id(Bmr011.D.asg.41539)"/>
      <nite:child href="Bmr011.B.aseg.xml#id(Bmr011.B.asg.41096)..id(Bmr011.B.asg.41097)"/>
      <nite:child href="Bmr011.D.aseg.xml#id(Bmr011.D.asg.41540)..id(Bmr011.D.asg.41541)"/>
      <nite:child href="Bmr011.A.aseg.xml#id(Bmr011.A.asg.40756)"/>
      <nite:child href="Bmr011.B.aseg.xml#id(Bmr011.B.asg.41098)..id(Bmr011.B.asg.41099)"/>
      <nite:child href="Bmr011.G.aseg.xml#id(Bmr011.G.asg.41835)"/>
      <nite:child href="Bmr011.H.aseg.xml#id(Bmr011.H.asg.42132)"/>
      <nite:child href="Bmr011.G.aseg.xml#id(Bmr011.G.asg.41836)"/>
      <nite:child href="Bmr011.H.aseg.xml#id(Bmr011.H.asg.42133)"/>
      <nite:child href="Bmr011.D.aseg.xml#id(Bmr011.D.asg.41542)"/>
      <nite:child href="Bmr011.C.aseg.xml#id(Bmr011.C.asg.41468)"/>
      <nite:child href="Bmr011.B.aseg.xml#id(Bmr011.B.asg.41100)"/>
      <nite:child href="Bmr011.F.aseg.xml#id(Bmr011.F.asg.41791)"/>
      <nite:child href="Bmr011.D.aseg.xml#id(Bmr011.D.asg.41543)"/>
      <nite:child href="Bmr011.F.aseg.xml#id(Bmr011.F.asg.41792)"/>
      <nite:child href="Bmr011.B.aseg.xml#id(Bmr011.B.asg.41101)"/>
      <nite:child href="Bmr011.D.aseg.xml#id(Bmr011.D.asg.41544)"/>
      <nite:child href="Bmr011.A.aseg.xml#id(Bmr011.A.asg.40757)..id(Bmr011.A.asg.40758)"/>
      <nite:child href="Bmr011.B.aseg.xml#id(Bmr011.B.asg.41102)"/>
      <nite:child href="Bmr011.A.aseg.xml#id(Bmr011.A.asg.40759)"/>
      <nite:child href="Bmr011.B.aseg.xml#id(Bmr011.B.asg.41103)"/>
      <nite:child href="Bmr011.G.aseg.xml#id(Bmr011.G.asg.41837)..id(Bmr011.G.asg.41838)"/>
      <nite:child href="Bmr011.E.aseg.xml#id(Bmr011.E.asg.41654)"/>
      <nite:child href="Bmr011.B.aseg.xml#id(Bmr011.B.asg.41104)"/>
      <nite:child href="Bmr011.G.aseg.xml#id(Bmr011.G.asg.41839)..id(Bmr011.G.asg.41840)"/>
      <nite:child href="Bmr011.E.aseg.xml#id(Bmr011.E.asg.41655)"/>
      <nite:child href="Bmr011.B.aseg.xml#id(Bmr011.B.asg.41105)..id(Bmr011.B.asg.41106)"/>
      <nite:child href="Bmr011.G.aseg.xml#id(Bmr011.G.asg.41841)"/>
      <nite:child href="Bmr011.B.aseg.xml#id(Bmr011.B.asg.41107)..id(Bmr011.B.asg.41108)"/>
      <nite:child href="Bmr011.G.aseg.xml#id(Bmr011.G.asg.41842)"/>
      <nite:child href="Bmr011.B.aseg.xml#id(Bmr011.B.asg.41109)..id(Bmr011.B.asg.41111)"/>
      <nite:child href="Bmr011.A.aseg.xml#id(Bmr011.A.asg.40760)"/>
      <nite:child href="Bmr011.B.aseg.xml#id(Bmr011.B.asg.41112)"/>
      <nite:child href="Bmr011.A.aseg.xml#id(Bmr011.A.asg.40761)"/>
      <nite:child href="Bmr011.E.aseg.xml#id(Bmr011.E.asg.41656)"/>
      <nite:child href="Bmr011.A.aseg.xml#id(Bmr011.A.asg.40762)"/>
      <nite:child href="Bmr011.B.aseg.xml#id(Bmr011.B.asg.41113)"/>
      <nite:child href="Bmr011.H.aseg.xml#id(Bmr011.H.asg.42134)"/>
      <nite:child href="Bmr011.B.aseg.xml#id(Bmr011.B.asg.41114)"/>
      <nite:child href="Bmr011.E.aseg.xml#id(Bmr011.E.asg.41657)"/>
      <nite:child href="Bmr011.C.aseg.xml#id(Bmr011.C.asg.41469)"/>
      <nite:child href="Bmr011.E.aseg.xml#id(Bmr011.E.asg.41658)"/>
      <nite:child href="Bmr011.B.aseg.xml#id(Bmr011.B.asg.41115)..id(Bmr011.B.asg.41116)"/>
      <nite:child href="Bmr011.G.aseg.xml#id(Bmr011.G.asg.41843)"/>
      <nite:child href="Bmr011.B.aseg.xml#id(Bmr011.B.asg.41117)"/>
      <nite:child href="Bmr011.G.aseg.xml#id(Bmr011.G.asg.41844)"/>
      <nite:child href="Bmr011.B.aseg.xml#id(Bmr011.B.asg.41118)..id(Bmr011.B.asg.41121)"/>
      <nite:child href="Bmr011.G.aseg.xml#id(Bmr011.G.asg.41845)"/>
      <nite:child href="Bmr011.B.aseg.xml#id(Bmr011.B.asg.41122)..id(Bmr011.B.asg.41124)"/>
      <nite:child href="Bmr011.A.aseg.xml#id(Bmr011.A.asg.40763)..id(Bmr011.A.asg.40769)"/>
      <nite:child href="Bmr011.H.aseg.xml#id(Bmr011.H.asg.42135)"/>
      <nite:child href="Bmr011.B.aseg.xml#id(Bmr011.B.asg.41125)"/>
      <nite:child href="Bmr011.A.aseg.xml#id(Bmr011.A.asg.40770)..id(Bmr011.A.asg.40771)"/>
      <nite:child href="Bmr011.B.aseg.xml#id(Bmr011.B.asg.41126)..id(Bmr011.B.asg.41127)"/>
      <nite:child href="Bmr011.H.aseg.xml#id(Bmr011.H.asg.42136)"/>
      <nite:child href="Bmr011.B.aseg.xml#id(Bmr011.B.asg.41128)..id(Bmr011.B.asg.41131)"/>
      <nite:child href="Bmr011.A.aseg.xml#id(Bmr011.A.asg.40772)"/>
      <nite:child href="Bmr011.H.aseg.xml#id(Bmr011.H.asg.42137)"/>
      <nite:child href="Bmr011.D.aseg.xml#id(Bmr011.D.asg.41545)..id(Bmr011.D.asg.41546)"/>
      <nite:child href="Bmr011.B.aseg.xml#id(Bmr011.B.asg.41132)"/>
      <nite:child href="Bmr011.D.aseg.xml#id(Bmr011.D.asg.41547)"/>
      <nite:child href="Bmr011.B.aseg.xml#id(Bmr011.B.asg.41133)"/>
      <nite:child href="Bmr011.H.aseg.xml#id(Bmr011.H.asg.42138)"/>
      <nite:child href="Bmr011.D.aseg.xml#id(Bmr011.D.asg.41548)"/>
      <nite:child href="Bmr011.B.aseg.xml#id(Bmr011.B.asg.41134)"/>
      <nite:child href="Bmr011.D.aseg.xml#id(Bmr011.D.asg.41549)..id(Bmr011.D.asg.41551)"/>
      <nite:child href="Bmr011.H.aseg.xml#id(Bmr011.H.asg.42139)"/>
      <nite:child href="Bmr011.D.aseg.xml#id(Bmr011.D.asg.41552)..id(Bmr011.D.asg.41553)"/>
      <nite:child href="Bmr011.B.aseg.xml#id(Bmr011.B.asg.41135)..id(Bmr011.B.asg.41136)"/>
      <nite:child href="Bmr011.A.aseg.xml#id(Bmr011.A.asg.40773)"/>
      <nite:child href="Bmr011.C.aseg.xml#id(Bmr011.C.asg.41470)"/>
      <nite:child href="Bmr011.H.aseg.xml#id(Bmr011.H.asg.42140)"/>
      <nite:child href="Bmr011.D.aseg.xml#id(Bmr011.D.asg.41554)"/>
      <nite:child href="Bmr011.A.aseg.xml#id(Bmr011.A.asg.40774)"/>
      <nite:child href="Bmr011.D.aseg.xml#id(Bmr011.D.asg.41555)..id(Bmr011.D.asg.41556)"/>
      <nite:child href="Bmr011.B.aseg.xml#id(Bmr011.B.asg.41137)"/>
      <nite:child href="Bmr011.A.aseg.xml#id(Bmr011.A.asg.40775)"/>
      <nite:child href="Bmr011.E.aseg.xml#id(Bmr011.E.asg.41659)"/>
      <nite:child href="Bmr011.D.aseg.xml#id(Bmr011.D.asg.41557)"/>
      <nite:child href="Bmr011.H.aseg.xml#id(Bmr011.H.asg.42141)"/>
      <nite:child href="Bmr011.B.aseg.xml#id(Bmr011.B.asg.41138)"/>
      <nite:child href="Bmr011.D.aseg.xml#id(Bmr011.D.asg.41558)"/>
      <nite:child href="Bmr011.B.aseg.xml#id(Bmr011.B.asg.41139)"/>
      <nite:child href="Bmr011.H.aseg.xml#id(Bmr011.H.asg.42142)..id(Bmr011.H.asg.42143)"/>
      <nite:child href="Bmr011.B.aseg.xml#id(Bmr011.B.asg.41140)"/>
      <nite:child href="Bmr011.H.aseg.xml#id(Bmr011.H.asg.42144)"/>
      <nite:child href="Bmr011.B.aseg.xml#id(Bmr011.B.asg.41141)"/>
      <nite:child href="Bmr011.E.aseg.xml#id(Bmr011.E.asg.41660)"/>
      <nite:child href="Bmr011.H.aseg.xml#id(Bmr011.H.asg.42145)"/>
      <nite:child href="Bmr011.B.aseg.xml#id(Bmr011.B.asg.41142)"/>
      <nite:child href="Bmr011.A.aseg.xml#id(Bmr011.A.asg.40776)"/>
      <nite:child href="Bmr011.B.aseg.xml#id(Bmr011.B.asg.41143)"/>
      <nite:child href="Bmr011.H.aseg.xml#id(Bmr011.H.asg.42146)"/>
      <nite:child href="Bmr011.B.aseg.xml#id(Bmr011.B.asg.41144)..id(Bmr011.B.asg.41146)"/>
      <nite:child href="Bmr011.H.aseg.xml#id(Bmr011.H.asg.42147)"/>
      <nite:child href="Bmr011.B.aseg.xml#id(Bmr011.B.asg.41147)"/>
      <nite:child href="Bmr011.H.aseg.xml#id(Bmr011.H.asg.42148)"/>
      <nite:child href="Bmr011.D.aseg.xml#id(Bmr011.D.asg.41559)"/>
      <nite:child href="Bmr011.H.aseg.xml#id(Bmr011.H.asg.42149)"/>
      <nite:child href="Bmr011.B.aseg.xml#id(Bmr011.B.asg.41148)"/>
      <nite:child href="Bmr011.H.aseg.xml#id(Bmr011.H.asg.42150)"/>
      <nite:child href="Bmr011.D.aseg.xml#id(Bmr011.D.asg.41560)"/>
      <nite:child href="Bmr011.B.aseg.xml#id(Bmr011.B.asg.41149)..id(Bmr011.B.asg.41151)"/>
      <nite:child href="Bmr011.A.aseg.xml#id(Bmr011.A.asg.40777)"/>
      <nite:child href="Bmr011.B.aseg.xml#id(Bmr011.B.asg.41152)..id(Bmr011.B.asg.41154)"/>
      <nite:child href="Bmr011.H.aseg.xml#id(Bmr011.H.asg.42151)"/>
      <nite:child href="Bmr011.D.aseg.xml#id(Bmr011.D.asg.41561)"/>
      <nite:child href="Bmr011.B.aseg.xml#id(Bmr011.B.asg.41155)"/>
      <nite:child href="Bmr011.A.aseg.xml#id(Bmr011.A.asg.40778)..id(Bmr011.A.asg.40779)"/>
      <nite:child href="Bmr011.H.aseg.xml#id(Bmr011.H.asg.42152)..id(Bmr011.H.asg.42153)"/>
      <nite:child href="Bmr011.E.aseg.xml#id(Bmr011.E.asg.41661)..id(Bmr011.E.asg.41663)"/>
      <nite:child href="Bmr011.A.aseg.xml#id(Bmr011.A.asg.40780)"/>
      <nite:child href="Bmr011.G.aseg.xml#id(Bmr011.G.asg.41846)"/>
      <nite:child href="Bmr011.H.aseg.xml#id(Bmr011.H.asg.42154)..id(Bmr011.H.asg.42155)"/>
      <nite:child href="Bmr011.G.aseg.xml#id(Bmr011.G.asg.41847)..id(Bmr011.G.asg.41849)"/>
      <nite:child href="Bmr011.A.aseg.xml#id(Bmr011.A.asg.40781)"/>
      <nite:child href="Bmr011.H.aseg.xml#id(Bmr011.H.asg.42156)"/>
      <nite:child href="Bmr011.G.aseg.xml#id(Bmr011.G.asg.41850)"/>
      <nite:child href="Bmr011.A.aseg.xml#id(Bmr011.A.asg.40782)"/>
      <nite:child href="Bmr011.B.aseg.xml#id(Bmr011.B.asg.41156)"/>
      <nite:child href="Bmr011.H.aseg.xml#id(Bmr011.H.asg.42157)"/>
      <nite:child href="Bmr011.G.aseg.xml#id(Bmr011.G.asg.41851)..id(Bmr011.G.asg.41852)"/>
      <nite:child href="Bmr011.A.aseg.xml#id(Bmr011.A.asg.40783)"/>
      <nite:child href="Bmr011.B.aseg.xml#id(Bmr011.B.asg.41157)"/>
      <nite:child href="Bmr011.G.aseg.xml#id(Bmr011.G.asg.41853)"/>
      <nite:child href="Bmr011.C.aseg.xml#id(Bmr011.C.asg.41471)"/>
      <nite:child href="Bmr011.G.aseg.xml#id(Bmr011.G.asg.41854)"/>
      <nite:child href="Bmr011.B.aseg.xml#id(Bmr011.B.asg.41158)"/>
      <nite:child href="Bmr011.H.aseg.xml#id(Bmr011.H.asg.42158)..id(Bmr011.H.asg.42159)"/>
      <nite:child href="Bmr011.A.aseg.xml#id(Bmr011.A.asg.40784)"/>
      <nite:child href="Bmr011.B.aseg.xml#id(Bmr011.B.asg.41159)"/>
      <nite:child href="Bmr011.G.aseg.xml#id(Bmr011.G.asg.41855)"/>
      <nite:child href="Bmr011.H.aseg.xml#id(Bmr011.H.asg.42160)"/>
      <nite:child href="Bmr011.B.aseg.xml#id(Bmr011.B.asg.41160)"/>
      <nite:child href="Bmr011.A.aseg.xml#id(Bmr011.A.asg.40785)"/>
      <nite:child href="Bmr011.B.aseg.xml#id(Bmr011.B.asg.41161)..id(Bmr011.B.asg.41162)"/>
      <nite:child href="Bmr011.H.aseg.xml#id(Bmr011.H.asg.42161)"/>
      <nite:child href="Bmr011.A.aseg.xml#id(Bmr011.A.asg.40786)"/>
      <nite:child href="Bmr011.B.aseg.xml#id(Bmr011.B.asg.41163)"/>
      <nite:child href="Bmr011.A.aseg.xml#id(Bmr011.A.asg.40787)"/>
      <nite:child href="Bmr011.H.aseg.xml#id(Bmr011.H.asg.42162)"/>
      <nite:child href="Bmr011.B.aseg.xml#id(Bmr011.B.asg.41164)"/>
      <nite:child href="Bmr011.H.aseg.xml#id(Bmr011.H.asg.42163)"/>
      <nite:child href="Bmr011.G.aseg.xml#id(Bmr011.G.asg.41856)"/>
      <nite:child href="Bmr011.H.aseg.xml#id(Bmr011.H.asg.42164)..id(Bmr011.H.asg.42165)"/>
      <nite:child href="Bmr011.G.aseg.xml#id(Bmr011.G.asg.41857)"/>
      <nite:child href="Bmr011.H.aseg.xml#id(Bmr011.H.asg.42166)"/>
      <nite:child href="Bmr011.G.aseg.xml#id(Bmr011.G.asg.41858)"/>
      <nite:child href="Bmr011.A.aseg.xml#id(Bmr011.A.asg.40788)"/>
      <nite:child href="Bmr011.E.aseg.xml#id(Bmr011.E.asg.41664)"/>
      <nite:child href="Bmr011.B.aseg.xml#id(Bmr011.B.asg.41165)"/>
      <nite:child href="Bmr011.H.aseg.xml#id(Bmr011.H.asg.42167)"/>
      <nite:child href="Bmr011.B.aseg.xml#id(Bmr011.B.asg.41166)"/>
      <nite:child href="Bmr011.E.aseg.xml#id(Bmr011.E.asg.41665)"/>
      <nite:child href="Bmr011.B.aseg.xml#id(Bmr011.B.asg.41167)..id(Bmr011.B.asg.41171)"/>
      <nite:child href="Bmr011.G.aseg.xml#id(Bmr011.G.asg.41859)..id(Bmr011.G.asg.41863)"/>
      <nite:child href="Bmr011.H.aseg.xml#id(Bmr011.H.asg.42168)"/>
      <nite:child href="Bmr011.G.aseg.xml#id(Bmr011.G.asg.41864)..id(Bmr011.G.asg.41867)"/>
      <nite:child href="Bmr011.H.aseg.xml#id(Bmr011.H.asg.42169)..id(Bmr011.H.asg.42170)"/>
      <nite:child href="Bmr011.G.aseg.xml#id(Bmr011.G.asg.41868)"/>
      <nite:child href="Bmr011.H.aseg.xml#id(Bmr011.H.asg.42171)"/>
      <nite:child href="Bmr011.C.aseg.xml#id(Bmr011.C.asg.41472)"/>
      <nite:child href="Bmr011.H.aseg.xml#id(Bmr011.H.asg.42172)"/>
      <nite:child href="Bmr011.G.aseg.xml#id(Bmr011.G.asg.41869)..id(Bmr011.G.asg.41878)"/>
      <nite:child href="Bmr011.C.aseg.xml#id(Bmr011.C.asg.41473)..id(Bmr011.C.asg.41475)"/>
      <nite:child href="Bmr011.G.aseg.xml#id(Bmr011.G.asg.41879)"/>
      <nite:child href="Bmr011.C.aseg.xml#id(Bmr011.C.asg.41476)..id(Bmr011.C.asg.41478)"/>
      <nite:child href="Bmr011.G.aseg.xml#id(Bmr011.G.asg.41880)"/>
      <nite:child href="Bmr011.C.aseg.xml#id(Bmr011.C.asg.41479)..id(Bmr011.C.asg.41481)"/>
      <nite:child href="Bmr011.G.aseg.xml#id(Bmr011.G.asg.41881)"/>
      <nite:child href="Bmr011.C.aseg.xml#id(Bmr011.C.asg.41482)..id(Bmr011.C.asg.41483)"/>
      <nite:child href="Bmr011.G.aseg.xml#id(Bmr011.G.asg.41882)"/>
      <nite:child href="Bmr011.B.aseg.xml#id(Bmr011.B.asg.41172)..id(Bmr011.B.asg.41175)"/>
      <nite:child href="Bmr011.G.aseg.xml#id(Bmr011.G.asg.41883)"/>
      <nite:child href="Bmr011.H.aseg.xml#id(Bmr011.H.asg.42173)"/>
      <nite:child href="Bmr011.B.aseg.xml#id(Bmr011.B.asg.41176)"/>
      <nite:child href="Bmr011.H.aseg.xml#id(Bmr011.H.asg.42174)"/>
      <nite:child href="Bmr011.B.aseg.xml#id(Bmr011.B.asg.41177)..id(Bmr011.B.asg.41179)"/>
      <nite:child href="Bmr011.E.aseg.xml#id(Bmr011.E.asg.41666)"/>
      <nite:child href="Bmr011.H.aseg.xml#id(Bmr011.H.asg.42175)"/>
      <nite:child href="Bmr011.D.aseg.xml#id(Bmr011.D.asg.41562)"/>
      <nite:child href="Bmr011.E.aseg.xml#id(Bmr011.E.asg.41667)"/>
      <nite:child href="Bmr011.B.aseg.xml#id(Bmr011.B.asg.41180)..id(Bmr011.B.asg.41188)"/>
      <nite:child href="Bmr011.D.aseg.xml#id(Bmr011.D.asg.41563)"/>
      <nite:child href="Bmr011.E.aseg.xml#id(Bmr011.E.asg.41668)..id(Bmr011.E.asg.41669)"/>
      <nite:child href="Bmr011.D.aseg.xml#id(Bmr011.D.asg.41564)"/>
      <nite:child href="Bmr011.E.aseg.xml#id(Bmr011.E.asg.41670)"/>
      <nite:child href="Bmr011.B.aseg.xml#id(Bmr011.B.asg.41189)"/>
      <nite:child href="Bmr011.D.aseg.xml#id(Bmr011.D.asg.41565)"/>
      <nite:child href="Bmr011.H.aseg.xml#id(Bmr011.H.asg.42176)"/>
      <nite:child href="Bmr011.E.aseg.xml#id(Bmr011.E.asg.41671)"/>
      <nite:child href="Bmr011.D.aseg.xml#id(Bmr011.D.asg.41566)"/>
      <nite:child href="Bmr011.E.aseg.xml#id(Bmr011.E.asg.41672)"/>
      <nite:child href="Bmr011.H.aseg.xml#id(Bmr011.H.asg.42177)"/>
      <nite:child href="Bmr011.D.aseg.xml#id(Bmr011.D.asg.41567)"/>
      <nite:child href="Bmr011.H.aseg.xml#id(Bmr011.H.asg.42178)"/>
      <nite:child href="Bmr011.E.aseg.xml#id(Bmr011.E.asg.41673)"/>
      <nite:child href="Bmr011.B.aseg.xml#id(Bmr011.B.asg.41190)"/>
      <nite:child href="Bmr011.D.aseg.xml#id(Bmr011.D.asg.41568)"/>
      <nite:child href="Bmr011.H.aseg.xml#id(Bmr011.H.asg.42179)"/>
      <nite:child href="Bmr011.B.aseg.xml#id(Bmr011.B.asg.41191)"/>
      <nite:child href="Bmr011.H.aseg.xml#id(Bmr011.H.asg.42180)"/>
      <nite:child href="Bmr011.B.aseg.xml#id(Bmr011.B.asg.41192)"/>
      <nite:child href="Bmr011.D.aseg.xml#id(Bmr011.D.asg.41569)"/>
      <nite:child href="Bmr011.B.aseg.xml#id(Bmr011.B.asg.41193)"/>
      <nite:child href="Bmr011.E.aseg.xml#id(Bmr011.E.asg.41674)"/>
      <nite:child href="Bmr011.B.aseg.xml#id(Bmr011.B.asg.41194)"/>
      <nite:child href="Bmr011.E.aseg.xml#id(Bmr011.E.asg.41675)..id(Bmr011.E.asg.41676)"/>
      <nite:child href="Bmr011.C.aseg.xml#id(Bmr011.C.asg.41484)"/>
      <nite:child href="Bmr011.E.aseg.xml#id(Bmr011.E.asg.41677)..id(Bmr011.E.asg.41679)"/>
      <nite:child href="Bmr011.D.aseg.xml#id(Bmr011.D.asg.41570)"/>
      <nite:child href="Bmr011.H.aseg.xml#id(Bmr011.H.asg.42181)"/>
      <nite:child href="Bmr011.D.aseg.xml#id(Bmr011.D.asg.41571)"/>
      <nite:child href="Bmr011.E.aseg.xml#id(Bmr011.E.asg.41680)"/>
      <nite:child href="Bmr011.D.aseg.xml#id(Bmr011.D.asg.41572)"/>
      <nite:child href="Bmr011.B.aseg.xml#id(Bmr011.B.asg.41195)"/>
      <nite:child href="Bmr011.D.aseg.xml#id(Bmr011.D.asg.41573)"/>
      <nite:child href="Bmr011.B.aseg.xml#id(Bmr011.B.asg.41196)"/>
      <nite:child href="Bmr011.D.aseg.xml#id(Bmr011.D.asg.41574)"/>
      <nite:child href="Bmr011.E.aseg.xml#id(Bmr011.E.asg.41681)"/>
      <nite:child href="Bmr011.H.aseg.xml#id(Bmr011.H.asg.42182)"/>
      <nite:child href="Bmr011.D.aseg.xml#id(Bmr011.D.asg.41575)"/>
      <nite:child href="Bmr011.C.aseg.xml#id(Bmr011.C.asg.41485)"/>
      <nite:child href="Bmr011.B.aseg.xml#id(Bmr011.B.asg.41197)"/>
      <nite:child href="Bmr011.H.aseg.xml#id(Bmr011.H.asg.42183)"/>
      <nite:child href="Bmr011.C.aseg.xml#id(Bmr011.C.asg.41486)"/>
      <nite:child href="Bmr011.A.aseg.xml#id(Bmr011.A.asg.40789)"/>
      <nite:child href="Bmr011.D.aseg.xml#id(Bmr011.D.asg.41576)"/>
      <nite:child href="Bmr011.C.aseg.xml#id(Bmr011.C.asg.41487)"/>
      <nite:child href="Bmr011.B.aseg.xml#id(Bmr011.B.asg.41198)..id(Bmr011.B.asg.41200)"/>
      <nite:child href="Bmr011.G.aseg.xml#id(Bmr011.G.asg.41884)..id(Bmr011.G.asg.41885)"/>
      <nite:child href="Bmr011.B.aseg.xml#id(Bmr011.B.asg.41201)"/>
      <nite:child href="Bmr011.G.aseg.xml#id(Bmr011.G.asg.41886)..id(Bmr011.G.asg.41887)"/>
      <nite:child href="Bmr011.H.aseg.xml#id(Bmr011.H.asg.42184)"/>
      <nite:child href="Bmr011.G.aseg.xml#id(Bmr011.G.asg.41888)"/>
      <nite:child href="Bmr011.B.aseg.xml#id(Bmr011.B.asg.41202)"/>
      <nite:child href="Bmr011.G.aseg.xml#id(Bmr011.G.asg.41889)"/>
      <nite:child href="Bmr011.B.aseg.xml#id(Bmr011.B.asg.41203)"/>
      <nite:child href="Bmr011.G.aseg.xml#id(Bmr011.G.asg.41890)..id(Bmr011.G.asg.41892)"/>
      <nite:child href="Bmr011.B.aseg.xml#id(Bmr011.B.asg.41204)"/>
      <nite:child href="Bmr011.G.aseg.xml#id(Bmr011.G.asg.41893)"/>
      <nite:child href="Bmr011.H.aseg.xml#id(Bmr011.H.asg.42185)..id(Bmr011.H.asg.42187)"/>
      <nite:child href="Bmr011.B.aseg.xml#id(Bmr011.B.asg.41205)"/>
      <nite:child href="Bmr011.H.aseg.xml#id(Bmr011.H.asg.42188)"/>
      <nite:child href="Bmr011.B.aseg.xml#id(Bmr011.B.asg.41206)"/>
      <nite:child href="Bmr011.H.aseg.xml#id(Bmr011.H.asg.42189)"/>
      <nite:child href="Bmr011.B.aseg.xml#id(Bmr011.B.asg.41207)..id(Bmr011.B.asg.41208)"/>
      <nite:child href="Bmr011.E.aseg.xml#id(Bmr011.E.asg.41682)"/>
      <nite:child href="Bmr011.H.aseg.xml#id(Bmr011.H.asg.42190)"/>
      <nite:child href="Bmr011.B.aseg.xml#id(Bmr011.B.asg.41209)"/>
      <nite:child href="Bmr011.E.aseg.xml#id(Bmr011.E.asg.41683)"/>
      <nite:child href="Bmr011.B.aseg.xml#id(Bmr011.B.asg.41210)"/>
      <nite:child href="Bmr011.H.aseg.xml#id(Bmr011.H.asg.42191)..id(Bmr011.H.asg.42193)"/>
      <nite:child href="Bmr011.B.aseg.xml#id(Bmr011.B.asg.41211)"/>
      <nite:child href="Bmr011.H.aseg.xml#id(Bmr011.H.asg.42194)..id(Bmr011.H.asg.42195)"/>
      <nite:child href="Bmr011.B.aseg.xml#id(Bmr011.B.asg.41212)"/>
      <nite:child href="Bmr011.H.aseg.xml#id(Bmr011.H.asg.42196)"/>
      <nite:child href="Bmr011.B.aseg.xml#id(Bmr011.B.asg.41213)..id(Bmr011.B.asg.41219)"/>
      <nite:child href="Bmr011.D.aseg.xml#id(Bmr011.D.asg.41577)"/>
      <nite:child href="Bmr011.B.aseg.xml#id(Bmr011.B.asg.41220)..id(Bmr011.B.asg.41223)"/>
      <nite:child href="Bmr011.E.aseg.xml#id(Bmr011.E.asg.41684)"/>
      <nite:child href="Bmr011.B.aseg.xml#id(Bmr011.B.asg.41224)"/>
      <nite:child href="Bmr011.D.aseg.xml#id(Bmr011.D.asg.41578)"/>
      <nite:child href="Bmr011.B.aseg.xml#id(Bmr011.B.asg.41225)..id(Bmr011.B.asg.41228)"/>
      <nite:child href="Bmr011.H.aseg.xml#id(Bmr011.H.asg.42197)"/>
      <nite:child href="Bmr011.E.aseg.xml#id(Bmr011.E.asg.41685)"/>
      <nite:child href="Bmr011.B.aseg.xml#id(Bmr011.B.asg.41229)..id(Bmr011.B.asg.41232)"/>
      <nite:child href="Bmr011.E.aseg.xml#id(Bmr011.E.asg.41686)"/>
      <nite:child href="Bmr011.B.aseg.xml#id(Bmr011.B.asg.41233)"/>
      <nite:child href="Bmr011.E.aseg.xml#id(Bmr011.E.asg.41687)"/>
      <nite:child href="Bmr011.B.aseg.xml#id(Bmr011.B.asg.41234)"/>
      <nite:child href="Bmr011.H.aseg.xml#id(Bmr011.H.asg.42198)"/>
      <nite:child href="Bmr011.B.aseg.xml#id(Bmr011.B.asg.41235)"/>
      <nite:child href="Bmr011.D.aseg.xml#id(Bmr011.D.asg.41579)"/>
      <nite:child href="Bmr011.A.aseg.xml#id(Bmr011.A.asg.40790)"/>
      <nite:child href="Bmr011.B.aseg.xml#id(Bmr011.B.asg.41236)..id(Bmr011.B.asg.41237)"/>
      <nite:child href="Bmr011.E.aseg.xml#id(Bmr011.E.asg.41688)"/>
      <nite:child href="Bmr011.B.aseg.xml#id(Bmr011.B.asg.41238)..id(Bmr011.B.asg.41240)"/>
      <nite:child href="Bmr011.A.aseg.xml#id(Bmr011.A.asg.40791)"/>
      <nite:child href="Bmr011.B.aseg.xml#id(Bmr011.B.asg.41241)..id(Bmr011.B.asg.41244)"/>
      <nite:child href="Bmr011.G.aseg.xml#id(Bmr011.G.asg.41894)..id(Bmr011.G.asg.41897)"/>
      <nite:child href="Bmr011.H.aseg.xml#id(Bmr011.H.asg.42199)"/>
      <nite:child href="Bmr011.G.aseg.xml#id(Bmr011.G.asg.41898)"/>
      <nite:child href="Bmr011.H.aseg.xml#id(Bmr011.H.asg.42200)"/>
      <nite:child href="Bmr011.A.aseg.xml#id(Bmr011.A.asg.40792)"/>
      <nite:child href="Bmr011.G.aseg.xml#id(Bmr011.G.asg.41899)"/>
      <nite:child href="Bmr011.B.aseg.xml#id(Bmr011.B.asg.41245)..id(Bmr011.B.asg.41246)"/>
      <nite:child href="Bmr011.H.aseg.xml#id(Bmr011.H.asg.42201)"/>
      <nite:child href="Bmr011.A.aseg.xml#id(Bmr011.A.asg.40793)"/>
      <nite:child href="Bmr011.H.aseg.xml#id(Bmr011.H.asg.42202)"/>
      <nite:child href="Bmr011.E.aseg.xml#id(Bmr011.E.asg.41689)..id(Bmr011.E.asg.41691)"/>
      <nite:child href="Bmr011.B.aseg.xml#id(Bmr011.B.asg.41247)"/>
      <nite:child href="Bmr011.H.aseg.xml#id(Bmr011.H.asg.42203)"/>
      <nite:child href="Bmr011.B.aseg.xml#id(Bmr011.B.asg.41248)"/>
      <nite:child href="Bmr011.E.aseg.xml#id(Bmr011.E.asg.41692)"/>
      <nite:child href="Bmr011.B.aseg.xml#id(Bmr011.B.asg.41249)"/>
      <nite:child href="Bmr011.E.aseg.xml#id(Bmr011.E.asg.41693)"/>
      <nite:child href="Bmr011.B.aseg.xml#id(Bmr011.B.asg.41250)"/>
      <nite:child href="Bmr011.H.aseg.xml#id(Bmr011.H.asg.42204)..id(Bmr011.H.asg.42205)"/>
      <nite:child href="Bmr011.B.aseg.xml#id(Bmr011.B.asg.41251)"/>
      <nite:child href="Bmr011.E.aseg.xml#id(Bmr011.E.asg.41694)"/>
      <nite:child href="Bmr011.B.aseg.xml#id(Bmr011.B.asg.41252)"/>
      <nite:child href="Bmr011.H.aseg.xml#id(Bmr011.H.asg.42206)"/>
      <nite:child href="Bmr011.D.aseg.xml#id(Bmr011.D.asg.41580)"/>
      <nite:child href="Bmr011.B.aseg.xml#id(Bmr011.B.asg.41253)..id(Bmr011.B.asg.41255)"/>
      <nite:child href="Bmr011.E.aseg.xml#id(Bmr011.E.asg.41695)"/>
      <nite:child href="Bmr011.B.aseg.xml#id(Bmr011.B.asg.41256)..id(Bmr011.B.asg.41257)"/>
      <nite:child href="Bmr011.E.aseg.xml#id(Bmr011.E.asg.41696)"/>
      <nite:child href="Bmr011.A.aseg.xml#id(Bmr011.A.asg.40794)"/>
      <nite:child href="Bmr011.D.aseg.xml#id(Bmr011.D.asg.41581)"/>
      <nite:child href="Bmr011.A.aseg.xml#id(Bmr011.A.asg.40795)..id(Bmr011.A.asg.40805)"/>
      <nite:child href="Bmr011.H.aseg.xml#id(Bmr011.H.asg.42207)"/>
      <nite:child href="Bmr011.A.aseg.xml#id(Bmr011.A.asg.40806)..id(Bmr011.A.asg.40807)"/>
      <nite:child href="Bmr011.H.aseg.xml#id(Bmr011.H.asg.42208)"/>
      <nite:child href="Bmr011.A.aseg.xml#id(Bmr011.A.asg.40808)..id(Bmr011.A.asg.40810)"/>
      <nite:child href="Bmr011.H.aseg.xml#id(Bmr011.H.asg.42209)"/>
      <nite:child href="Bmr011.A.aseg.xml#id(Bmr011.A.asg.40811)"/>
      <nite:child href="Bmr011.H.aseg.xml#id(Bmr011.H.asg.42210)"/>
      <nite:child href="Bmr011.B.aseg.xml#id(Bmr011.B.asg.41258)..id(Bmr011.B.asg.41262)"/>
      <nite:child href="Bmr011.A.aseg.xml#id(Bmr011.A.asg.40812)"/>
      <nite:child href="Bmr011.B.aseg.xml#id(Bmr011.B.asg.41263)..id(Bmr011.B.asg.41270)"/>
      <nite:child href="Bmr011.H.aseg.xml#id(Bmr011.H.asg.42211)"/>
      <nite:child href="Bmr011.B.aseg.xml#id(Bmr011.B.asg.41271)"/>
      <nite:child href="Bmr011.D.aseg.xml#id(Bmr011.D.asg.41582)"/>
      <nite:child href="Bmr011.H.aseg.xml#id(Bmr011.H.asg.42212)"/>
      <nite:child href="Bmr011.A.aseg.xml#id(Bmr011.A.asg.40813)"/>
      <nite:child href="Bmr011.B.aseg.xml#id(Bmr011.B.asg.41272)..id(Bmr011.B.asg.41273)"/>
      <nite:child href="Bmr011.A.aseg.xml#id(Bmr011.A.asg.40814)..id(Bmr011.A.asg.40821)"/>
      <nite:child href="Bmr011.B.aseg.xml#id(Bmr011.B.asg.41274)"/>
      <nite:child href="Bmr011.A.aseg.xml#id(Bmr011.A.asg.40822)"/>
      <nite:child href="Bmr011.H.aseg.xml#id(Bmr011.H.asg.42213)"/>
      <nite:child href="Bmr011.A.aseg.xml#id(Bmr011.A.asg.40823)..id(Bmr011.A.asg.40825)"/>
      <nite:child href="Bmr011.B.aseg.xml#id(Bmr011.B.asg.41275)"/>
      <nite:child href="Bmr011.H.aseg.xml#id(Bmr011.H.asg.42214)"/>
      <nite:child href="Bmr011.B.aseg.xml#id(Bmr011.B.asg.41276)..id(Bmr011.B.asg.41277)"/>
      <nite:child href="Bmr011.A.aseg.xml#id(Bmr011.A.asg.40826)"/>
      <nite:child href="Bmr011.B.aseg.xml#id(Bmr011.B.asg.41278)..id(Bmr011.B.asg.41280)"/>
      <nite:child href="Bmr011.A.aseg.xml#id(Bmr011.A.asg.40827)..id(Bmr011.A.asg.40828)"/>
      <nite:child href="Bmr011.B.aseg.xml#id(Bmr011.B.asg.41281)"/>
      <nite:child href="Bmr011.H.aseg.xml#id(Bmr011.H.asg.42215)"/>
      <nite:child href="Bmr011.B.aseg.xml#id(Bmr011.B.asg.41282)"/>
      <nite:child href="Bmr011.A.aseg.xml#id(Bmr011.A.asg.40829)"/>
      <nite:child href="Bmr011.B.aseg.xml#id(Bmr011.B.asg.41283)"/>
      <nite:child href="Bmr011.A.aseg.xml#id(Bmr011.A.asg.40830)"/>
      <nite:child href="Bmr011.B.aseg.xml#id(Bmr011.B.asg.41284)..id(Bmr011.B.asg.41285)"/>
      <nite:child href="Bmr011.A.aseg.xml#id(Bmr011.A.asg.40831)..id(Bmr011.A.asg.40835)"/>
      <nite:child href="Bmr011.B.aseg.xml#id(Bmr011.B.asg.41286)"/>
      <nite:child href="Bmr011.A.aseg.xml#id(Bmr011.A.asg.40836)"/>
      <nite:child href="Bmr011.B.aseg.xml#id(Bmr011.B.asg.41287)"/>
      <nite:child href="Bmr011.A.aseg.xml#id(Bmr011.A.asg.40837)..id(Bmr011.A.asg.40838)"/>
      <nite:child href="Bmr011.B.aseg.xml#id(Bmr011.B.asg.41288)"/>
      <nite:child href="Bmr011.E.aseg.xml#id(Bmr011.E.asg.41697)"/>
      <nite:child href="Bmr011.B.aseg.xml#id(Bmr011.B.asg.41289)"/>
      <nite:child href="Bmr011.E.aseg.xml#id(Bmr011.E.asg.41698)"/>
      <nite:child href="Bmr011.H.aseg.xml#id(Bmr011.H.asg.42216)..id(Bmr011.H.asg.42218)"/>
      <nite:child href="Bmr011.E.aseg.xml#id(Bmr011.E.asg.41699)..id(Bmr011.E.asg.41700)"/>
      <nite:child href="Bmr011.H.aseg.xml#id(Bmr011.H.asg.42219)"/>
      <nite:child href="Bmr011.A.aseg.xml#id(Bmr011.A.asg.40839)..id(Bmr011.A.asg.40840)"/>
      <nite:child href="Bmr011.G.aseg.xml#id(Bmr011.G.asg.41900)..id(Bmr011.G.asg.41901)"/>
      <nite:child href="Bmr011.A.aseg.xml#id(Bmr011.A.asg.40841)"/>
      <nite:child href="Bmr011.B.aseg.xml#id(Bmr011.B.asg.41290)"/>
      <nite:child href="Bmr011.G.aseg.xml#id(Bmr011.G.asg.41902)"/>
      <nite:child href="Bmr011.B.aseg.xml#id(Bmr011.B.asg.41291)..id(Bmr011.B.asg.41296)"/>
      <nite:child href="Bmr011.E.aseg.xml#id(Bmr011.E.asg.41701)"/>
      <nite:child href="Bmr011.B.aseg.xml#id(Bmr011.B.asg.41297)"/>
      <nite:child href="Bmr011.H.aseg.xml#id(Bmr011.H.asg.42220)"/>
      <nite:child href="Bmr011.B.aseg.xml#id(Bmr011.B.asg.41298)"/>
      <nite:child href="Bmr011.G.aseg.xml#id(Bmr011.G.asg.41903)"/>
      <nite:child href="Bmr011.B.aseg.xml#id(Bmr011.B.asg.41299)"/>
      <nite:child href="Bmr011.G.aseg.xml#id(Bmr011.G.asg.41904)"/>
      <nite:child href="Bmr011.H.aseg.xml#id(Bmr011.H.asg.42221)"/>
      <nite:child href="Bmr011.G.aseg.xml#id(Bmr011.G.asg.41905)"/>
      <nite:child href="Bmr011.F.aseg.xml#id(Bmr011.F.asg.41793)"/>
      <nite:child href="Bmr011.E.aseg.xml#id(Bmr011.E.asg.41702)"/>
      <nite:child href="Bmr011.G.aseg.xml#id(Bmr011.G.asg.41906)"/>
      <nite:child href="Bmr011.E.aseg.xml#id(Bmr011.E.asg.41703)"/>
      <nite:child href="Bmr011.H.aseg.xml#id(Bmr011.H.asg.42222)"/>
      <nite:child href="Bmr011.F.aseg.xml#id(Bmr011.F.asg.41794)"/>
      <nite:child href="Bmr011.G.aseg.xml#id(Bmr011.G.asg.41907)"/>
      <nite:child href="Bmr011.F.aseg.xml#id(Bmr011.F.asg.41795)"/>
      <nite:child href="Bmr011.H.aseg.xml#id(Bmr011.H.asg.42223)"/>
      <nite:child href="Bmr011.G.aseg.xml#id(Bmr011.G.asg.41908)"/>
      <nite:child href="Bmr011.B.aseg.xml#id(Bmr011.B.asg.41300)"/>
      <nite:child href="Bmr011.G.aseg.xml#id(Bmr011.G.asg.41909)"/>
      <nite:child href="Bmr011.F.aseg.xml#id(Bmr011.F.asg.41796)"/>
      <nite:child href="Bmr011.B.aseg.xml#id(Bmr011.B.asg.41301)"/>
      <nite:child href="Bmr011.G.aseg.xml#id(Bmr011.G.asg.41910)"/>
      <nite:child href="Bmr011.B.aseg.xml#id(Bmr011.B.asg.41302)"/>
      <nite:child href="Bmr011.H.aseg.xml#id(Bmr011.H.asg.42224)"/>
      <nite:child href="Bmr011.F.aseg.xml#id(Bmr011.F.asg.41797)"/>
      <nite:child href="Bmr011.A.aseg.xml#id(Bmr011.A.asg.40842)"/>
      <nite:child href="Bmr011.B.aseg.xml#id(Bmr011.B.asg.41303)"/>
      <nite:child href="Bmr011.G.aseg.xml#id(Bmr011.G.asg.41911)"/>
      <nite:child href="Bmr011.A.aseg.xml#id(Bmr011.A.asg.40843)"/>
      <nite:child href="Bmr011.F.aseg.xml#id(Bmr011.F.asg.41798)"/>
      <nite:child href="Bmr011.B.aseg.xml#id(Bmr011.B.asg.41304)"/>
      <nite:child href="Bmr011.F.aseg.xml#id(Bmr011.F.asg.41799)"/>
      <nite:child href="Bmr011.E.aseg.xml#id(Bmr011.E.asg.41704)"/>
      <nite:child href="Bmr011.B.aseg.xml#id(Bmr011.B.asg.41305)..id(Bmr011.B.asg.41307)"/>
      <nite:child href="Bmr011.G.aseg.xml#id(Bmr011.G.asg.41912)..id(Bmr011.G.asg.41918)"/>
      <nite:child href="Bmr011.E.aseg.xml#id(Bmr011.E.asg.41705)"/>
      <nite:child href="Bmr011.G.aseg.xml#id(Bmr011.G.asg.41919)"/>
      <nite:child href="Bmr011.E.aseg.xml#id(Bmr011.E.asg.41706)"/>
      <nite:child href="Bmr011.G.aseg.xml#id(Bmr011.G.asg.41920)..id(Bmr011.G.asg.41921)"/>
      <nite:child href="Bmr011.E.aseg.xml#id(Bmr011.E.asg.41707)"/>
      <nite:child href="Bmr011.G.aseg.xml#id(Bmr011.G.asg.41922)..id(Bmr011.G.asg.41925)"/>
      <nite:child href="Bmr011.E.aseg.xml#id(Bmr011.E.asg.41708)"/>
      <nite:child href="Bmr011.C.aseg.xml#id(Bmr011.C.asg.41488)"/>
      <nite:child href="Bmr011.G.aseg.xml#id(Bmr011.G.asg.41926)..id(Bmr011.G.asg.41928)"/>
      <nite:child href="Bmr011.H.aseg.xml#id(Bmr011.H.asg.42225)"/>
      <nite:child href="Bmr011.G.aseg.xml#id(Bmr011.G.asg.41929)..id(Bmr011.G.asg.41932)"/>
      <nite:child href="Bmr011.H.aseg.xml#id(Bmr011.H.asg.42226)"/>
      <nite:child href="Bmr011.G.aseg.xml#id(Bmr011.G.asg.41933)..id(Bmr011.G.asg.41937)"/>
      <nite:child href="Bmr011.H.aseg.xml#id(Bmr011.H.asg.42227)"/>
      <nite:child href="Bmr011.G.aseg.xml#id(Bmr011.G.asg.41938)..id(Bmr011.G.asg.41947)"/>
      <nite:child href="Bmr011.A.aseg.xml#id(Bmr011.A.asg.40844)"/>
      <nite:child href="Bmr011.G.aseg.xml#id(Bmr011.G.asg.41948)..id(Bmr011.G.asg.41953)"/>
      <nite:child href="Bmr011.H.aseg.xml#id(Bmr011.H.asg.42228)..id(Bmr011.H.asg.42231)"/>
      <nite:child href="Bmr011.G.aseg.xml#id(Bmr011.G.asg.41954)"/>
      <nite:child href="Bmr011.H.aseg.xml#id(Bmr011.H.asg.42232)"/>
      <nite:child href="Bmr011.A.aseg.xml#id(Bmr011.A.asg.40845)"/>
      <nite:child href="Bmr011.H.aseg.xml#id(Bmr011.H.asg.42233)..id(Bmr011.H.asg.42234)"/>
      <nite:child href="Bmr011.E.aseg.xml#id(Bmr011.E.asg.41709)"/>
      <nite:child href="Bmr011.G.aseg.xml#id(Bmr011.G.asg.41955)..id(Bmr011.G.asg.41956)"/>
      <nite:child href="Bmr011.H.aseg.xml#id(Bmr011.H.asg.42235)"/>
      <nite:child href="Bmr011.E.aseg.xml#id(Bmr011.E.asg.41710)"/>
      <nite:child href="Bmr011.G.aseg.xml#id(Bmr011.G.asg.41957)..id(Bmr011.G.asg.41958)"/>
      <nite:child href="Bmr011.A.aseg.xml#id(Bmr011.A.asg.40846)"/>
      <nite:child href="Bmr011.G.aseg.xml#id(Bmr011.G.asg.41959)..id(Bmr011.G.asg.41960)"/>
      <nite:child href="Bmr011.H.aseg.xml#id(Bmr011.H.asg.42236)"/>
      <nite:child href="Bmr011.G.aseg.xml#id(Bmr011.G.asg.41961)..id(Bmr011.G.asg.41969)"/>
      <nite:child href="Bmr011.A.aseg.xml#id(Bmr011.A.asg.40847)"/>
      <nite:child href="Bmr011.E.aseg.xml#id(Bmr011.E.asg.41711)"/>
      <nite:child href="Bmr011.G.aseg.xml#id(Bmr011.G.asg.41970)"/>
      <nite:child href="Bmr011.E.aseg.xml#id(Bmr011.E.asg.41712)"/>
      <nite:child href="Bmr011.G.aseg.xml#id(Bmr011.G.asg.41971)..id(Bmr011.G.asg.41973)"/>
      <nite:child href="Bmr011.E.aseg.xml#id(Bmr011.E.asg.41713)..id(Bmr011.E.asg.41714)"/>
      <nite:child href="Bmr011.G.aseg.xml#id(Bmr011.G.asg.41974)"/>
      <nite:child href="Bmr011.E.aseg.xml#id(Bmr011.E.asg.41715)"/>
      <nite:child href="Bmr011.H.aseg.xml#id(Bmr011.H.asg.42237)..id(Bmr011.H.asg.42238)"/>
      <nite:child href="Bmr011.G.aseg.xml#id(Bmr011.G.asg.41975)"/>
      <nite:child href="Bmr011.H.aseg.xml#id(Bmr011.H.asg.42239)"/>
      <nite:child href="Bmr011.E.aseg.xml#id(Bmr011.E.asg.41716)..id(Bmr011.E.asg.41717)"/>
      <nite:child href="Bmr011.H.aseg.xml#id(Bmr011.H.asg.42240)"/>
      <nite:child href="Bmr011.E.aseg.xml#id(Bmr011.E.asg.41718)..id(Bmr011.E.asg.41719)"/>
      <nite:child href="Bmr011.H.aseg.xml#id(Bmr011.H.asg.42241)"/>
      <nite:child href="Bmr011.E.aseg.xml#id(Bmr011.E.asg.41720)"/>
      <nite:child href="Bmr011.G.aseg.xml#id(Bmr011.G.asg.41976)"/>
      <nite:child href="Bmr011.E.aseg.xml#id(Bmr011.E.asg.41721)"/>
      <nite:child href="Bmr011.G.aseg.xml#id(Bmr011.G.asg.41977)"/>
      <nite:child href="Bmr011.H.aseg.xml#id(Bmr011.H.asg.42242)"/>
      <nite:child href="Bmr011.E.aseg.xml#id(Bmr011.E.asg.41722)"/>
      <nite:child href="Bmr011.G.aseg.xml#id(Bmr011.G.asg.41978)..id(Bmr011.G.asg.41982)"/>
      <nite:child href="Bmr011.H.aseg.xml#id(Bmr011.H.asg.42243)"/>
      <nite:child href="Bmr011.G.aseg.xml#id(Bmr011.G.asg.41983)"/>
      <nite:child href="Bmr011.E.aseg.xml#id(Bmr011.E.asg.41723)"/>
      <nite:child href="Bmr011.G.aseg.xml#id(Bmr011.G.asg.41984)..id(Bmr011.G.asg.41985)"/>
      <nite:child href="Bmr011.E.aseg.xml#id(Bmr011.E.asg.41724)"/>
      <nite:child href="Bmr011.H.aseg.xml#id(Bmr011.H.asg.42244)"/>
      <nite:child href="Bmr011.E.aseg.xml#id(Bmr011.E.asg.41725)"/>
      <nite:child href="Bmr011.B.aseg.xml#id(Bmr011.B.asg.41308)"/>
      <nite:child href="Bmr011.H.aseg.xml#id(Bmr011.H.asg.42245)"/>
      <nite:child href="Bmr011.G.aseg.xml#id(Bmr011.G.asg.41986)..id(Bmr011.G.asg.41987)"/>
      <nite:child href="Bmr011.E.aseg.xml#id(Bmr011.E.asg.41726)"/>
      <nite:child href="Bmr011.C.aseg.xml#id(Bmr011.C.asg.41489)"/>
      <nite:child href="Bmr011.G.aseg.xml#id(Bmr011.G.asg.41988)"/>
      <nite:child href="Bmr011.A.aseg.xml#id(Bmr011.A.asg.40848)"/>
      <nite:child href="Bmr011.E.aseg.xml#id(Bmr011.E.asg.41727)"/>
      <nite:child href="Bmr011.H.aseg.xml#id(Bmr011.H.asg.42246)"/>
      <nite:child href="Bmr011.C.aseg.xml#id(Bmr011.C.asg.41490)"/>
      <nite:child href="Bmr011.D.aseg.xml#id(Bmr011.D.asg.41583)"/>
      <nite:child href="Bmr011.B.aseg.xml#id(Bmr011.B.asg.41309)"/>
      <nite:child href="Bmr011.G.aseg.xml#id(Bmr011.G.asg.41989)"/>
      <nite:child href="Bmr011.H.aseg.xml#id(Bmr011.H.asg.42247)"/>
      <nite:child href="Bmr011.G.aseg.xml#id(Bmr011.G.asg.41990)..id(Bmr011.G.asg.41991)"/>
      <nite:child href="Bmr011.A.aseg.xml#id(Bmr011.A.asg.40849)..id(Bmr011.A.asg.40850)"/>
      <nite:child href="Bmr011.C.aseg.xml#id(Bmr011.C.asg.41491)"/>
      <nite:child href="Bmr011.A.aseg.xml#id(Bmr011.A.asg.40851)"/>
      <nite:child href="Bmr011.H.aseg.xml#id(Bmr011.H.asg.42248)"/>
      <nite:child href="Bmr011.G.aseg.xml#id(Bmr011.G.asg.41992)"/>
      <nite:child href="Bmr011.A.aseg.xml#id(Bmr011.A.asg.40852)"/>
      <nite:child href="Bmr011.E.aseg.xml#id(Bmr011.E.asg.41728)"/>
      <nite:child href="Bmr011.C.aseg.xml#id(Bmr011.C.asg.41492)"/>
      <nite:child href="Bmr011.G.aseg.xml#id(Bmr011.G.asg.41993)"/>
      <nite:child href="Bmr011.A.aseg.xml#id(Bmr011.A.asg.40853)"/>
      <nite:child href="Bmr011.D.aseg.xml#id(Bmr011.D.asg.41584)"/>
      <nite:child href="Bmr011.H.aseg.xml#id(Bmr011.H.asg.42249)"/>
      <nite:child href="Bmr011.G.aseg.xml#id(Bmr011.G.asg.41994)..id(Bmr011.G.asg.41995)"/>
      <nite:child href="Bmr011.H.aseg.xml#id(Bmr011.H.asg.42250)..id(Bmr011.H.asg.42251)"/>
      <nite:child href="Bmr011.G.aseg.xml#id(Bmr011.G.asg.41996)"/>
      <nite:child href="Bmr011.A.aseg.xml#id(Bmr011.A.asg.40854)"/>
      <nite:child href="Bmr011.E.aseg.xml#id(Bmr011.E.asg.41729)"/>
      <nite:child href="Bmr011.G.aseg.xml#id(Bmr011.G.asg.41997)"/>
      <nite:child href="Bmr011.H.aseg.xml#id(Bmr011.H.asg.42252)..id(Bmr011.H.asg.42253)"/>
      <nite:child href="Bmr011.C.aseg.xml#id(Bmr011.C.asg.41493)"/>
      <nite:child href="Bmr011.G.aseg.xml#id(Bmr011.G.asg.41998)"/>
      <nite:child href="Bmr011.H.aseg.xml#id(Bmr011.H.asg.42254)"/>
      <nite:child href="Bmr011.B.aseg.xml#id(Bmr011.B.asg.41310)"/>
      <nite:child href="Bmr011.H.aseg.xml#id(Bmr011.H.asg.42255)"/>
      <nite:child href="Bmr011.A.aseg.xml#id(Bmr011.A.asg.40855)..id(Bmr011.A.asg.40856)"/>
      <nite:child href="Bmr011.G.aseg.xml#id(Bmr011.G.asg.41999)"/>
      <nite:child href="Bmr011.A.aseg.xml#id(Bmr011.A.asg.40857)"/>
      <nite:child href="Bmr011.G.aseg.xml#id(Bmr011.G.asg.42000)..id(Bmr011.G.asg.42003)"/>
      <nite:child href="Bmr011.H.aseg.xml#id(Bmr011.H.asg.42256)"/>
      <nite:child href="Bmr011.E.aseg.xml#id(Bmr011.E.asg.41730)"/>
      <nite:child href="Bmr011.H.aseg.xml#id(Bmr011.H.asg.42257)"/>
      <nite:child href="Bmr011.C.aseg.xml#id(Bmr011.C.asg.41494)"/>
      <nite:child href="Bmr011.G.aseg.xml#id(Bmr011.G.asg.42004)"/>
      <nite:child href="Bmr011.D.aseg.xml#id(Bmr011.D.asg.41585)"/>
      <nite:child href="Bmr011.E.aseg.xml#id(Bmr011.E.asg.41731)..id(Bmr011.E.asg.41733)"/>
      <nite:child href="Bmr011.B.aseg.xml#id(Bmr011.B.asg.41311)"/>
      <nite:child href="Bmr011.D.aseg.xml#id(Bmr011.D.asg.41586)"/>
      <nite:child href="Bmr011.C.aseg.xml#id(Bmr011.C.asg.41495)"/>
      <nite:child href="Bmr011.B.aseg.xml#id(Bmr011.B.asg.41312)..id(Bmr011.B.asg.41313)"/>
      <nite:child href="Bmr011.E.aseg.xml#id(Bmr011.E.asg.41734)"/>
      <nite:child href="Bmr011.B.aseg.xml#id(Bmr011.B.asg.41314)"/>
      <nite:child href="Bmr011.E.aseg.xml#id(Bmr011.E.asg.41735)"/>
      <nite:child href="Bmr011.B.aseg.xml#id(Bmr011.B.asg.41315)"/>
      <nite:child href="Bmr011.E.aseg.xml#id(Bmr011.E.asg.41736)"/>
      <nite:child href="Bmr011.B.aseg.xml#id(Bmr011.B.asg.41316)"/>
      <nite:child href="Bmr011.E.aseg.xml#id(Bmr011.E.asg.41737)"/>
      <nite:child href="Bmr011.A.aseg.xml#id(Bmr011.A.asg.40858)"/>
      <nite:child href="Bmr011.H.aseg.xml#id(Bmr011.H.asg.42258)"/>
      <nite:child href="Bmr011.A.aseg.xml#id(Bmr011.A.asg.40859)"/>
      <nite:child href="Bmr011.B.aseg.xml#id(Bmr011.B.asg.41317)"/>
      <nite:child href="Bmr011.A.aseg.xml#id(Bmr011.A.asg.40860)"/>
      <nite:child href="Bmr011.B.aseg.xml#id(Bmr011.B.asg.41318)..id(Bmr011.B.asg.41319)"/>
      <nite:child href="Bmr011.E.aseg.xml#id(Bmr011.E.asg.41738)"/>
      <nite:child href="Bmr011.B.aseg.xml#id(Bmr011.B.asg.41320)"/>
      <nite:child href="Bmr011.G.aseg.xml#id(Bmr011.G.asg.42005)..id(Bmr011.G.asg.42006)"/>
      <nite:child href="Bmr011.H.aseg.xml#id(Bmr011.H.asg.42259)"/>
      <nite:child href="Bmr011.B.aseg.xml#id(Bmr011.B.asg.41321)..id(Bmr011.B.asg.41322)"/>
      <nite:child href="Bmr011.H.aseg.xml#id(Bmr011.H.asg.42260)..id(Bmr011.H.asg.42261)"/>
      <nite:child href="Bmr011.A.aseg.xml#id(Bmr011.A.asg.40861)"/>
      <nite:child href="Bmr011.H.aseg.xml#id(Bmr011.H.asg.42262)"/>
      <nite:child href="Bmr011.A.aseg.xml#id(Bmr011.A.asg.40862)..id(Bmr011.A.asg.40873)"/>
      <nite:child href="Bmr011.C.aseg.xml#id(Bmr011.C.asg.41496)..id(Bmr011.C.asg.41497)"/>
      <nite:child href="Bmr011.A.aseg.xml#id(Bmr011.A.asg.40874)..id(Bmr011.A.asg.40875)"/>
      <nite:child href="Bmr011.F.aseg.xml#id(Bmr011.F.asg.41800)"/>
      <nite:child href="Bmr011.H.aseg.xml#id(Bmr011.H.asg.42263)"/>
      <nite:child href="Bmr011.A.aseg.xml#id(Bmr011.A.asg.40876)"/>
      <nite:child href="Bmr011.C.aseg.xml#id(Bmr011.C.asg.41498)"/>
      <nite:child href="Bmr011.A.aseg.xml#id(Bmr011.A.asg.40877)"/>
      <nite:child href="Bmr011.C.aseg.xml#id(Bmr011.C.asg.41499)"/>
      <nite:child href="Bmr011.A.aseg.xml#id(Bmr011.A.asg.40878)..id(Bmr011.A.asg.40881)"/>
      <nite:child href="Bmr011.H.aseg.xml#id(Bmr011.H.asg.42264)"/>
      <nite:child href="Bmr011.A.aseg.xml#id(Bmr011.A.asg.40882)..id(Bmr011.A.asg.40884)"/>
      <nite:child href="Bmr011.H.aseg.xml#id(Bmr011.H.asg.42265)"/>
      <nite:child href="Bmr011.A.aseg.xml#id(Bmr011.A.asg.40885)..id(Bmr011.A.asg.40887)"/>
      <nite:child href="Bmr011.H.aseg.xml#id(Bmr011.H.asg.42266)"/>
      <nite:child href="Bmr011.E.aseg.xml#id(Bmr011.E.asg.41739)"/>
      <nite:child href="Bmr011.A.aseg.xml#id(Bmr011.A.asg.40888)"/>
      <nite:child href="Bmr011.H.aseg.xml#id(Bmr011.H.asg.42267)"/>
      <nite:child href="Bmr011.A.aseg.xml#id(Bmr011.A.asg.40889)..id(Bmr011.A.asg.40890)"/>
      <nite:child href="Bmr011.G.aseg.xml#id(Bmr011.G.asg.42007)"/>
      <nite:child href="Bmr011.A.aseg.xml#id(Bmr011.A.asg.40891)"/>
      <nite:child href="Bmr011.H.aseg.xml#id(Bmr011.H.asg.42268)"/>
      <nite:child href="Bmr011.A.aseg.xml#id(Bmr011.A.asg.40892)"/>
      <nite:child href="Bmr011.G.aseg.xml#id(Bmr011.G.asg.42008)"/>
      <nite:child href="Bmr011.A.aseg.xml#id(Bmr011.A.asg.40893)..id(Bmr011.A.asg.40895)"/>
      <nite:child href="Bmr011.H.aseg.xml#id(Bmr011.H.asg.42269)"/>
      <nite:child href="Bmr011.E.aseg.xml#id(Bmr011.E.asg.41740)..id(Bmr011.E.asg.41741)"/>
      <nite:child href="Bmr011.A.aseg.xml#id(Bmr011.A.asg.40896)"/>
      <nite:child href="Bmr011.H.aseg.xml#id(Bmr011.H.asg.42270)"/>
      <nite:child href="Bmr011.A.aseg.xml#id(Bmr011.A.asg.40897)"/>
      <nite:child href="Bmr011.H.aseg.xml#id(Bmr011.H.asg.42271)"/>
      <nite:child href="Bmr011.A.aseg.xml#id(Bmr011.A.asg.40898)"/>
      <nite:child href="Bmr011.G.aseg.xml#id(Bmr011.G.asg.42009)"/>
      <nite:child href="Bmr011.H.aseg.xml#id(Bmr011.H.asg.42272)"/>
      <nite:child href="Bmr011.B.aseg.xml#id(Bmr011.B.asg.41323)"/>
      <nite:child href="Bmr011.H.aseg.xml#id(Bmr011.H.asg.42273)"/>
      <nite:child href="Bmr011.B.aseg.xml#id(Bmr011.B.asg.41324)"/>
      <nite:child href="Bmr011.A.aseg.xml#id(Bmr011.A.asg.40899)"/>
      <nite:child href="Bmr011.G.aseg.xml#id(Bmr011.G.asg.42010)"/>
      <nite:child href="Bmr011.B.aseg.xml#id(Bmr011.B.asg.41325)"/>
      <nite:child href="Bmr011.A.aseg.xml#id(Bmr011.A.asg.40900)"/>
      <nite:child href="Bmr011.G.aseg.xml#id(Bmr011.G.asg.42011)"/>
      <nite:child href="Bmr011.A.aseg.xml#id(Bmr011.A.asg.40901)"/>
      <nite:child href="Bmr011.G.aseg.xml#id(Bmr011.G.asg.42012)"/>
      <nite:child href="Bmr011.A.aseg.xml#id(Bmr011.A.asg.40902)..id(Bmr011.A.asg.40903)"/>
      <nite:child href="Bmr011.G.aseg.xml#id(Bmr011.G.asg.42013)..id(Bmr011.G.asg.42015)"/>
      <nite:child href="Bmr011.A.aseg.xml#id(Bmr011.A.asg.40904)"/>
      <nite:child href="Bmr011.C.aseg.xml#id(Bmr011.C.asg.41500)"/>
      <nite:child href="Bmr011.G.aseg.xml#id(Bmr011.G.asg.42016)"/>
      <nite:child href="Bmr011.C.aseg.xml#id(Bmr011.C.asg.41501)"/>
      <nite:child href="Bmr011.H.aseg.xml#id(Bmr011.H.asg.42274)..id(Bmr011.H.asg.42275)"/>
      <nite:child href="Bmr011.G.aseg.xml#id(Bmr011.G.asg.42017)"/>
      <nite:child href="Bmr011.C.aseg.xml#id(Bmr011.C.asg.41502)..id(Bmr011.C.asg.41503)"/>
      <nite:child href="Bmr011.A.aseg.xml#id(Bmr011.A.asg.40905)"/>
      <nite:child href="Bmr011.G.aseg.xml#id(Bmr011.G.asg.42018)"/>
      <nite:child href="Bmr011.A.aseg.xml#id(Bmr011.A.asg.40906)..id(Bmr011.A.asg.40909)"/>
      <nite:child href="Bmr011.G.aseg.xml#id(Bmr011.G.asg.42019)..id(Bmr011.G.asg.42020)"/>
      <nite:child href="Bmr011.A.aseg.xml#id(Bmr011.A.asg.40910)"/>
      <nite:child href="Bmr011.C.aseg.xml#id(Bmr011.C.asg.41504)"/>
      <nite:child href="Bmr011.G.aseg.xml#id(Bmr011.G.asg.42021)..id(Bmr011.G.asg.42022)"/>
      <nite:child href="Bmr011.A.aseg.xml#id(Bmr011.A.asg.40911)"/>
      <nite:child href="Bmr011.G.aseg.xml#id(Bmr011.G.asg.42023)"/>
      <nite:child href="Bmr011.A.aseg.xml#id(Bmr011.A.asg.40912)"/>
      <nite:child href="Bmr011.B.aseg.xml#id(Bmr011.B.asg.41326)..id(Bmr011.B.asg.41336)"/>
      <nite:child href="Bmr011.H.aseg.xml#id(Bmr011.H.asg.42276)"/>
      <nite:child href="Bmr011.G.aseg.xml#id(Bmr011.G.asg.42024)..id(Bmr011.G.asg.42028)"/>
      <nite:child href="Bmr011.B.aseg.xml#id(Bmr011.B.asg.41337)"/>
      <nite:child href="Bmr011.A.aseg.xml#id(Bmr011.A.asg.40913)"/>
      <nite:child href="Bmr011.G.aseg.xml#id(Bmr011.G.asg.42029)"/>
      <nite:child href="Bmr011.B.aseg.xml#id(Bmr011.B.asg.41338)"/>
      <nite:child href="Bmr011.G.aseg.xml#id(Bmr011.G.asg.42030)"/>
      <nite:child href="Bmr011.B.aseg.xml#id(Bmr011.B.asg.41339)"/>
      <nite:child href="Bmr011.G.aseg.xml#id(Bmr011.G.asg.42031)"/>
      <nite:child href="Bmr011.B.aseg.xml#id(Bmr011.B.asg.41340)..id(Bmr011.B.asg.41343)"/>
      <nite:child href="Bmr011.G.aseg.xml#id(Bmr011.G.asg.42032)"/>
      <nite:child href="Bmr011.B.aseg.xml#id(Bmr011.B.asg.41344)"/>
      <nite:child href="Bmr011.H.aseg.xml#id(Bmr011.H.asg.42277)"/>
      <nite:child href="Bmr011.B.aseg.xml#id(Bmr011.B.asg.41345)..id(Bmr011.B.asg.41346)"/>
      <nite:child href="Bmr011.E.aseg.xml#id(Bmr011.E.asg.41742)"/>
      <nite:child href="Bmr011.B.aseg.xml#id(Bmr011.B.asg.41347)"/>
      <nite:child href="Bmr011.G.aseg.xml#id(Bmr011.G.asg.42033)..id(Bmr011.G.asg.42034)"/>
      <nite:child href="Bmr011.H.aseg.xml#id(Bmr011.H.asg.42278)"/>
      <nite:child href="Bmr011.A.aseg.xml#id(Bmr011.A.asg.40914)"/>
      <nite:child href="Bmr011.B.aseg.xml#id(Bmr011.B.asg.41348)"/>
      <nite:child href="Bmr011.G.aseg.xml#id(Bmr011.G.asg.42035)"/>
      <nite:child href="Bmr011.C.aseg.xml#id(Bmr011.C.asg.41505)"/>
      <nite:child href="Bmr011.B.aseg.xml#id(Bmr011.B.asg.41349)"/>
      <nite:child href="Bmr011.G.aseg.xml#id(Bmr011.G.asg.42036)"/>
      <nite:child href="Bmr011.B.aseg.xml#id(Bmr011.B.asg.41350)"/>
      <nite:child href="Bmr011.G.aseg.xml#id(Bmr011.G.asg.42037)"/>
      <nite:child href="Bmr011.H.aseg.xml#id(Bmr011.H.asg.42279)"/>
      <nite:child href="Bmr011.B.aseg.xml#id(Bmr011.B.asg.41351)"/>
      <nite:child href="Bmr011.A.aseg.xml#id(Bmr011.A.asg.40915)"/>
      <nite:child href="Bmr011.E.aseg.xml#id(Bmr011.E.asg.41743)"/>
      <nite:child href="Bmr011.B.aseg.xml#id(Bmr011.B.asg.41352)"/>
      <nite:child href="Bmr011.H.aseg.xml#id(Bmr011.H.asg.42280)"/>
      <nite:child href="Bmr011.B.aseg.xml#id(Bmr011.B.asg.41353)"/>
      <nite:child href="Bmr011.E.aseg.xml#id(Bmr011.E.asg.41744)"/>
      <nite:child href="Bmr011.A.aseg.xml#id(Bmr011.A.asg.40916)"/>
      <nite:child href="Bmr011.B.aseg.xml#id(Bmr011.B.asg.41354)"/>
      <nite:child href="Bmr011.E.aseg.xml#id(Bmr011.E.asg.41745)"/>
      <nite:child href="Bmr011.B.aseg.xml#id(Bmr011.B.asg.41355)..id(Bmr011.B.asg.41356)"/>
      <nite:child href="Bmr011.G.aseg.xml#id(Bmr011.G.asg.42038)"/>
      <nite:child href="Bmr011.E.aseg.xml#id(Bmr011.E.asg.41746)"/>
      <nite:child href="Bmr011.B.aseg.xml#id(Bmr011.B.asg.41357)"/>
      <nite:child href="Bmr011.G.aseg.xml#id(Bmr011.G.asg.42039)"/>
      <nite:child href="Bmr011.B.aseg.xml#id(Bmr011.B.asg.41358)..id(Bmr011.B.asg.41361)"/>
      <nite:child href="Bmr011.E.aseg.xml#id(Bmr011.E.asg.41747)"/>
      <nite:child href="Bmr011.A.aseg.xml#id(Bmr011.A.asg.40917)"/>
      <nite:child href="Bmr011.B.aseg.xml#id(Bmr011.B.asg.41362)"/>
      <nite:child href="Bmr011.A.aseg.xml#id(Bmr011.A.asg.40918)"/>
      <nite:child href="Bmr011.B.aseg.xml#id(Bmr011.B.asg.41363)"/>
      <nite:child href="Bmr011.H.aseg.xml#id(Bmr011.H.asg.42281)"/>
      <nite:child href="Bmr011.A.aseg.xml#id(Bmr011.A.asg.40919)..id(Bmr011.A.asg.40920)"/>
      <nite:child href="Bmr011.G.aseg.xml#id(Bmr011.G.asg.42040)"/>
      <nite:child href="Bmr011.A.aseg.xml#id(Bmr011.A.asg.40921)..id(Bmr011.A.asg.40923)"/>
      <nite:child href="Bmr011.B.aseg.xml#id(Bmr011.B.asg.41364)..id(Bmr011.B.asg.41366)"/>
      <nite:child href="Bmr011.E.aseg.xml#id(Bmr011.E.asg.41748)"/>
      <nite:child href="Bmr011.A.aseg.xml#id(Bmr011.A.asg.40924)"/>
      <nite:child href="Bmr011.B.aseg.xml#id(Bmr011.B.asg.41367)"/>
      <nite:child href="Bmr011.A.aseg.xml#id(Bmr011.A.asg.40925)"/>
      <nite:child href="Bmr011.D.aseg.xml#id(Bmr011.D.asg.41587)"/>
      <nite:child href="Bmr011.A.aseg.xml#id(Bmr011.A.asg.40926)"/>
      <nite:child href="Bmr011.D.aseg.xml#id(Bmr011.D.asg.41588)"/>
      <nite:child href="Bmr011.B.aseg.xml#id(Bmr011.B.asg.41368)..id(Bmr011.B.asg.41371)"/>
      <nite:child href="Bmr011.A.aseg.xml#id(Bmr011.A.asg.40927)"/>
      <nite:child href="Bmr011.B.aseg.xml#id(Bmr011.B.asg.41372)..id(Bmr011.B.asg.41373)"/>
      <nite:child href="Bmr011.H.aseg.xml#id(Bmr011.H.asg.42282)"/>
      <nite:child href="Bmr011.G.aseg.xml#id(Bmr011.G.asg.42041)"/>
      <nite:child href="Bmr011.A.aseg.xml#id(Bmr011.A.asg.40928)..id(Bmr011.A.asg.40929)"/>
      <nite:child href="Bmr011.B.aseg.xml#id(Bmr011.B.asg.41374)"/>
      <nite:child href="Bmr011.G.aseg.xml#id(Bmr011.G.asg.42042)"/>
      <nite:child href="Bmr011.B.aseg.xml#id(Bmr011.B.asg.41375)"/>
      <nite:child href="Bmr011.H.aseg.xml#id(Bmr011.H.asg.42283)"/>
      <nite:child href="Bmr011.A.aseg.xml#id(Bmr011.A.asg.40930)..id(Bmr011.A.asg.40931)"/>
      <nite:child href="Bmr011.G.aseg.xml#id(Bmr011.G.asg.42043)"/>
      <nite:child href="Bmr011.A.aseg.xml#id(Bmr011.A.asg.40932)"/>
      <nite:child href="Bmr011.B.aseg.xml#id(Bmr011.B.asg.41376)"/>
      <nite:child href="Bmr011.A.aseg.xml#id(Bmr011.A.asg.40933)..id(Bmr011.A.asg.40934)"/>
      <nite:child href="Bmr011.B.aseg.xml#id(Bmr011.B.asg.41377)"/>
      <nite:child href="Bmr011.A.aseg.xml#id(Bmr011.A.asg.40935)"/>
      <nite:child href="Bmr011.G.aseg.xml#id(Bmr011.G.asg.42044)"/>
      <nite:child href="Bmr011.A.aseg.xml#id(Bmr011.A.asg.40936)"/>
      <nite:child href="Bmr011.G.aseg.xml#id(Bmr011.G.asg.42045)"/>
      <nite:child href="Bmr011.B.aseg.xml#id(Bmr011.B.asg.41378)"/>
      <nite:child href="Bmr011.A.aseg.xml#id(Bmr011.A.asg.40937)"/>
      <nite:child href="Bmr011.G.aseg.xml#id(Bmr011.G.asg.42046)"/>
      <nite:child href="Bmr011.A.aseg.xml#id(Bmr011.A.asg.40938)"/>
      <nite:child href="Bmr011.D.aseg.xml#id(Bmr011.D.asg.41589)"/>
      <nite:child href="Bmr011.A.aseg.xml#id(Bmr011.A.asg.40939)"/>
      <nite:child href="Bmr011.E.aseg.xml#id(Bmr011.E.asg.41749)"/>
      <nite:child href="Bmr011.A.aseg.xml#id(Bmr011.A.asg.40940)..id(Bmr011.A.asg.40941)"/>
      <nite:child href="Bmr011.B.aseg.xml#id(Bmr011.B.asg.41379)"/>
      <nite:child href="Bmr011.E.aseg.xml#id(Bmr011.E.asg.41750)"/>
      <nite:child href="Bmr011.A.aseg.xml#id(Bmr011.A.asg.40942)..id(Bmr011.A.asg.40945)"/>
      <nite:child href="Bmr011.B.aseg.xml#id(Bmr011.B.asg.41380)"/>
      <nite:child href="Bmr011.A.aseg.xml#id(Bmr011.A.asg.40946)"/>
      <nite:child href="Bmr011.H.aseg.xml#id(Bmr011.H.asg.42284)"/>
      <nite:child href="Bmr011.B.aseg.xml#id(Bmr011.B.asg.41381)"/>
      <nite:child href="Bmr011.A.aseg.xml#id(Bmr011.A.asg.40947)"/>
      <nite:child href="Bmr011.H.aseg.xml#id(Bmr011.H.asg.42285)..id(Bmr011.H.asg.42287)"/>
      <nite:child href="Bmr011.G.aseg.xml#id(Bmr011.G.asg.42047)"/>
      <nite:child href="Bmr011.D.aseg.xml#id(Bmr011.D.asg.41590)"/>
      <nite:child href="Bmr011.G.aseg.xml#id(Bmr011.G.asg.42048)"/>
      <nite:child href="Bmr011.D.aseg.xml#id(Bmr011.D.asg.41591)"/>
      <nite:child href="Bmr011.A.aseg.xml#id(Bmr011.A.asg.40948)"/>
      <nite:child href="Bmr011.H.aseg.xml#id(Bmr011.H.asg.42288)"/>
      <nite:child href="Bmr011.A.aseg.xml#id(Bmr011.A.asg.40949)"/>
      <nite:child href="Bmr011.G.aseg.xml#id(Bmr011.G.asg.42049)"/>
      <nite:child href="Bmr011.A.aseg.xml#id(Bmr011.A.asg.40950)"/>
      <nite:child href="Bmr011.B.aseg.xml#id(Bmr011.B.asg.41382)"/>
      <nite:child href="Bmr011.H.aseg.xml#id(Bmr011.H.asg.42289)"/>
      <nite:child href="Bmr011.G.aseg.xml#id(Bmr011.G.asg.42050)"/>
      <nite:child href="Bmr011.E.aseg.xml#id(Bmr011.E.asg.41751)"/>
      <nite:child href="Bmr011.A.aseg.xml#id(Bmr011.A.asg.40951)..id(Bmr011.A.asg.40955)"/>
      <nite:child href="Bmr011.H.aseg.xml#id(Bmr011.H.asg.42290)"/>
      <nite:child href="Bmr011.G.aseg.xml#id(Bmr011.G.asg.42051)"/>
      <nite:child href="Bmr011.H.aseg.xml#id(Bmr011.H.asg.42291)"/>
      <nite:child href="Bmr011.A.aseg.xml#id(Bmr011.A.asg.40956)"/>
      <nite:child href="Bmr011.H.aseg.xml#id(Bmr011.H.asg.42292)"/>
      <nite:child href="Bmr011.A.aseg.xml#id(Bmr011.A.asg.40957)..id(Bmr011.A.asg.40958)"/>
      <nite:child href="Bmr011.H.aseg.xml#id(Bmr011.H.asg.42293)"/>
      <nite:child href="Bmr011.G.aseg.xml#id(Bmr011.G.asg.42052)"/>
      <nite:child href="Bmr011.A.aseg.xml#id(Bmr011.A.asg.40959)"/>
      <nite:child href="Bmr011.B.aseg.xml#id(Bmr011.B.asg.41383)"/>
      <nite:child href="Bmr011.A.aseg.xml#id(Bmr011.A.asg.40960)..id(Bmr011.A.asg.40961)"/>
      <nite:child href="Bmr011.H.aseg.xml#id(Bmr011.H.asg.42294)"/>
      <nite:child href="Bmr011.D.aseg.xml#id(Bmr011.D.asg.41592)"/>
      <nite:child href="Bmr011.A.aseg.xml#id(Bmr011.A.asg.40962)..id(Bmr011.A.asg.40964)"/>
      <nite:child href="Bmr011.H.aseg.xml#id(Bmr011.H.asg.42295)"/>
      <nite:child href="Bmr011.A.aseg.xml#id(Bmr011.A.asg.40965)..id(Bmr011.A.asg.40972)"/>
      <nite:child href="Bmr011.G.aseg.xml#id(Bmr011.G.asg.42053)"/>
      <nite:child href="Bmr011.A.aseg.xml#id(Bmr011.A.asg.40973)..id(Bmr011.A.asg.40974)"/>
      <nite:child href="Bmr011.G.aseg.xml#id(Bmr011.G.asg.42054)"/>
      <nite:child href="Bmr011.A.aseg.xml#id(Bmr011.A.asg.40975)..id(Bmr011.A.asg.40976)"/>
      <nite:child href="Bmr011.G.aseg.xml#id(Bmr011.G.asg.42055)"/>
      <nite:child href="Bmr011.A.aseg.xml#id(Bmr011.A.asg.40977)..id(Bmr011.A.asg.40979)"/>
      <nite:child href="Bmr011.G.aseg.xml#id(Bmr011.G.asg.42056)"/>
      <nite:child href="Bmr011.A.aseg.xml#id(Bmr011.A.asg.40980)"/>
      <nite:child href="Bmr011.B.aseg.xml#id(Bmr011.B.asg.41384)"/>
      <nite:child href="Bmr011.A.aseg.xml#id(Bmr011.A.asg.40981)"/>
      <nite:child href="Bmr011.G.aseg.xml#id(Bmr011.G.asg.42057)..id(Bmr011.G.asg.42058)"/>
      <nite:child href="Bmr011.B.aseg.xml#id(Bmr011.B.asg.41385)"/>
      <nite:child href="Bmr011.A.aseg.xml#id(Bmr011.A.asg.40982)"/>
      <nite:child href="Bmr011.B.aseg.xml#id(Bmr011.B.asg.41386)"/>
      <nite:child href="Bmr011.G.aseg.xml#id(Bmr011.G.asg.42059)"/>
      <nite:child href="Bmr011.B.aseg.xml#id(Bmr011.B.asg.41387)"/>
      <nite:child href="Bmr011.A.aseg.xml#id(Bmr011.A.asg.40983)"/>
      <nite:child href="Bmr011.B.aseg.xml#id(Bmr011.B.asg.41388)..id(Bmr011.B.asg.41389)"/>
      <nite:child href="Bmr011.H.aseg.xml#id(Bmr011.H.asg.42296)"/>
      <nite:child href="Bmr011.B.aseg.xml#id(Bmr011.B.asg.41390)"/>
      <nite:child href="Bmr011.A.aseg.xml#id(Bmr011.A.asg.40984)"/>
      <nite:child href="Bmr011.E.aseg.xml#id(Bmr011.E.asg.41752)..id(Bmr011.E.asg.41753)"/>
      <nite:child href="Bmr011.G.aseg.xml#id(Bmr011.G.asg.42060)"/>
      <nite:child href="Bmr011.A.aseg.xml#id(Bmr011.A.asg.40985)"/>
      <nite:child href="Bmr011.B.aseg.xml#id(Bmr011.B.asg.41391)"/>
      <nite:child href="Bmr011.A.aseg.xml#id(Bmr011.A.asg.40986)"/>
      <nite:child href="Bmr011.G.aseg.xml#id(Bmr011.G.asg.42061)"/>
      <nite:child href="Bmr011.E.aseg.xml#id(Bmr011.E.asg.41754)"/>
      <nite:child href="Bmr011.A.aseg.xml#id(Bmr011.A.asg.40987)"/>
      <nite:child href="Bmr011.B.aseg.xml#id(Bmr011.B.asg.41392)"/>
      <nite:child href="Bmr011.A.aseg.xml#id(Bmr011.A.asg.40988)"/>
      <nite:child href="Bmr011.H.aseg.xml#id(Bmr011.H.asg.42297)"/>
      <nite:child href="Bmr011.B.aseg.xml#id(Bmr011.B.asg.41393)"/>
      <nite:child href="Bmr011.H.aseg.xml#id(Bmr011.H.asg.42298)"/>
      <nite:child href="Bmr011.B.aseg.xml#id(Bmr011.B.asg.41394)"/>
      <nite:child href="Bmr011.G.aseg.xml#id(Bmr011.G.asg.42062)"/>
      <nite:child href="Bmr011.H.aseg.xml#id(Bmr011.H.asg.42299)"/>
      <nite:child href="Bmr011.B.aseg.xml#id(Bmr011.B.asg.41395)"/>
      <nite:child href="Bmr011.H.aseg.xml#id(Bmr011.H.asg.42300)..id(Bmr011.H.asg.42301)"/>
      <nite:child href="Bmr011.B.aseg.xml#id(Bmr011.B.asg.41396)"/>
      <nite:child href="Bmr011.H.aseg.xml#id(Bmr011.H.asg.42302)"/>
      <nite:child href="Bmr011.A.aseg.xml#id(Bmr011.A.asg.40989)"/>
      <nite:child href="Bmr011.H.aseg.xml#id(Bmr011.H.asg.42303)"/>
      <nite:child href="Bmr011.G.aseg.xml#id(Bmr011.G.asg.42063)"/>
      <nite:child href="Bmr011.H.aseg.xml#id(Bmr011.H.asg.42304)"/>
      <nite:child href="Bmr011.B.aseg.xml#id(Bmr011.B.asg.41397)"/>
      <nite:child href="Bmr011.G.aseg.xml#id(Bmr011.G.asg.42064)"/>
      <nite:child href="Bmr011.A.aseg.xml#id(Bmr011.A.asg.40990)..id(Bmr011.A.asg.40992)"/>
      <nite:child href="Bmr011.H.aseg.xml#id(Bmr011.H.asg.42305)"/>
      <nite:child href="Bmr011.A.aseg.xml#id(Bmr011.A.asg.40993)"/>
      <nite:child href="Bmr011.F.aseg.xml#id(Bmr011.F.asg.41801)"/>
      <nite:child href="Bmr011.C.aseg.xml#id(Bmr011.C.asg.41506)"/>
      <nite:child href="Bmr011.B.aseg.xml#id(Bmr011.B.asg.41398)"/>
      <nite:child href="Bmr011.D.aseg.xml#id(Bmr011.D.asg.41593)"/>
      <nite:child href="Bmr011.A.aseg.xml#id(Bmr011.A.asg.40994)"/>
      <nite:child href="Bmr011.H.aseg.xml#id(Bmr011.H.asg.42306)"/>
      <nite:child href="Bmr011.F.aseg.xml#id(Bmr011.F.asg.41802)"/>
      <nite:child href="Bmr011.G.aseg.xml#id(Bmr011.G.asg.42065)"/>
      <nite:child href="Bmr011.C.aseg.xml#id(Bmr011.C.asg.41507)"/>
      <nite:child href="Bmr011.D.aseg.xml#id(Bmr011.D.asg.41594)"/>
      <nite:child href="Bmr011.G.aseg.xml#id(Bmr011.G.asg.42066)"/>
      <nite:child href="Bmr011.B.aseg.xml#id(Bmr011.B.asg.41399)"/>
      <nite:child href="Bmr011.D.aseg.xml#id(Bmr011.D.asg.41595)"/>
      <nite:child href="Bmr011.A.aseg.xml#id(Bmr011.A.asg.40995)"/>
      <nite:child href="Bmr011.H.aseg.xml#id(Bmr011.H.asg.42307)"/>
      <nite:child href="Bmr011.G.aseg.xml#id(Bmr011.G.asg.42067)"/>
      <nite:child href="Bmr011.C.aseg.xml#id(Bmr011.C.asg.41508)..id(Bmr011.C.asg.41509)"/>
      <nite:child href="Bmr011.D.aseg.xml#id(Bmr011.D.asg.41596)"/>
      <nite:child href="Bmr011.G.aseg.xml#id(Bmr011.G.asg.42068)"/>
      <nite:child href="Bmr011.A.aseg.xml#id(Bmr011.A.asg.40996)..id(Bmr011.A.asg.40997)"/>
      <nite:child href="Bmr011.G.aseg.xml#id(Bmr011.G.asg.42069)"/>
      <nite:child href="Bmr011.A.aseg.xml#id(Bmr011.A.asg.40998)"/>
      <nite:child href="Bmr011.H.aseg.xml#id(Bmr011.H.asg.42308)"/>
      <nite:child href="Bmr011.B.aseg.xml#id(Bmr011.B.asg.41400)"/>
      <nite:child href="Bmr011.G.aseg.xml#id(Bmr011.G.asg.42070)"/>
      <nite:child href="Bmr011.H.aseg.xml#id(Bmr011.H.asg.42309)"/>
      <nite:child href="Bmr011.B.aseg.xml#id(Bmr011.B.asg.41401)..id(Bmr011.B.asg.41402)"/>
      <nite:child href="Bmr011.G.aseg.xml#id(Bmr011.G.asg.42071)..id(Bmr011.G.asg.42072)"/>
      <nite:child href="Bmr011.A.aseg.xml#id(Bmr011.A.asg.40999)"/>
      <nite:child href="Bmr011.G.aseg.xml#id(Bmr011.G.asg.42073)..id(Bmr011.G.asg.42074)"/>
      <nite:child href="Bmr011.B.aseg.xml#id(Bmr011.B.asg.41403)"/>
      <nite:child href="Bmr011.G.aseg.xml#id(Bmr011.G.asg.42075)..id(Bmr011.G.asg.42076)"/>
      <nite:child href="Bmr011.E.aseg.xml#id(Bmr011.E.asg.41755)"/>
      <nite:child href="Bmr011.B.aseg.xml#id(Bmr011.B.asg.41404)"/>
      <nite:child href="Bmr011.H.aseg.xml#id(Bmr011.H.asg.42310)"/>
      <nite:child href="Bmr011.C.aseg.xml#id(Bmr011.C.asg.41510)"/>
      <nite:child href="Bmr011.G.aseg.xml#id(Bmr011.G.asg.42077)"/>
      <nite:child href="Bmr011.H.aseg.xml#id(Bmr011.H.asg.42311)"/>
      <nite:child href="Bmr011.G.aseg.xml#id(Bmr011.G.asg.42078)..id(Bmr011.G.asg.42079)"/>
      <nite:child href="Bmr011.E.aseg.xml#id(Bmr011.E.asg.41756)"/>
      <nite:child href="Bmr011.G.aseg.xml#id(Bmr011.G.asg.42080)"/>
      <nite:child href="Bmr011.H.aseg.xml#id(Bmr011.H.asg.42312)"/>
      <nite:child href="Bmr011.B.aseg.xml#id(Bmr011.B.asg.41405)"/>
      <nite:child href="Bmr011.G.aseg.xml#id(Bmr011.G.asg.42081)"/>
      <nite:child href="Bmr011.C.aseg.xml#id(Bmr011.C.asg.41511)"/>
      <nite:child href="Bmr011.B.aseg.xml#id(Bmr011.B.asg.41406)"/>
      <nite:child href="Bmr011.G.aseg.xml#id(Bmr011.G.asg.42082)"/>
      <nite:child href="Bmr011.H.aseg.xml#id(Bmr011.H.asg.42313)"/>
      <nite:child href="Bmr011.G.aseg.xml#id(Bmr011.G.asg.42083)"/>
      <nite:child href="Bmr011.B.aseg.xml#id(Bmr011.B.asg.41407)"/>
      <nite:child href="Bmr011.C.aseg.xml#id(Bmr011.C.asg.41512)"/>
      <nite:child href="Bmr011.G.aseg.xml#id(Bmr011.G.asg.42084)"/>
      <nite:child href="Bmr011.H.aseg.xml#id(Bmr011.H.asg.42314)"/>
      <nite:child href="Bmr011.E.aseg.xml#id(Bmr011.E.asg.41757)"/>
      <nite:child href="Bmr011.B.aseg.xml#id(Bmr011.B.asg.41408)"/>
      <nite:child href="Bmr011.A.aseg.xml#id(Bmr011.A.asg.41000)"/>
      <nite:child href="Bmr011.D.aseg.xml#id(Bmr011.D.asg.41597)"/>
      <nite:child href="Bmr011.A.aseg.xml#id(Bmr011.A.asg.41001)"/>
      <nite:child href="Bmr011.B.aseg.xml#id(Bmr011.B.asg.41409)..id(Bmr011.B.asg.41412)"/>
      <nite:child href="Bmr011.G.aseg.xml#id(Bmr011.G.asg.42085)"/>
      <nite:child href="Bmr011.B.aseg.xml#id(Bmr011.B.asg.41413)"/>
      <nite:child href="Bmr011.G.aseg.xml#id(Bmr011.G.asg.42086)"/>
      <nite:child href="Bmr011.B.aseg.xml#id(Bmr011.B.asg.41414)"/>
      <nite:child href="Bmr011.C.aseg.xml#id(Bmr011.C.asg.41513)"/>
      <nite:child href="Bmr011.B.aseg.xml#id(Bmr011.B.asg.41415)"/>
      <nite:child href="Bmr011.H.aseg.xml#id(Bmr011.H.asg.42315)"/>
      <nite:child href="Bmr011.G.aseg.xml#id(Bmr011.G.asg.42087)..id(Bmr011.G.asg.42088)"/>
      <nite:child href="Bmr011.H.aseg.xml#id(Bmr011.H.asg.42316)"/>
      <nite:child href="Bmr011.B.aseg.xml#id(Bmr011.B.asg.41416)"/>
      <nite:child href="Bmr011.A.aseg.xml#id(Bmr011.A.asg.41002)"/>
      <nite:child href="Bmr011.B.aseg.xml#id(Bmr011.B.asg.41417)"/>
      <nite:child href="Bmr011.D.aseg.xml#id(Bmr011.D.asg.41598)"/>
      <nite:child href="Bmr011.H.aseg.xml#id(Bmr011.H.asg.42317)"/>
      <nite:child href="Bmr011.B.aseg.xml#id(Bmr011.B.asg.41418)..id(Bmr011.B.asg.41419)"/>
      <nite:child href="Bmr011.D.aseg.xml#id(Bmr011.D.asg.41599)"/>
      <nite:child href="Bmr011.B.aseg.xml#id(Bmr011.B.asg.41420)"/>
      <nite:child href="Bmr011.F.aseg.xml#id(Bmr011.F.asg.41803)"/>
      <nite:child href="Bmr011.H.aseg.xml#id(Bmr011.H.asg.42318)"/>
      <nite:child href="Bmr011.C.aseg.xml#id(Bmr011.C.asg.41514)"/>
      <nite:child href="Bmr011.D.aseg.xml#id(Bmr011.D.asg.41600)..id(Bmr011.D.asg.41601)"/>
      <nite:child href="Bmr011.A.aseg.xml#id(Bmr011.A.asg.41003)..id(Bmr011.A.asg.41004)"/>
      <nite:child href="Bmr011.G.aseg.xml#id(Bmr011.G.asg.42089)"/>
      <nite:child href="Bmr011.A.aseg.xml#id(Bmr011.A.asg.41005)"/>
      <nite:child href="Bmr011.H.aseg.xml#id(Bmr011.H.asg.42319)"/>
      <nite:child href="Bmr011.F.aseg.xml#id(Bmr011.F.asg.41804)"/>
      <nite:child href="Bmr011.D.aseg.xml#id(Bmr011.D.asg.41602)"/>
      <nite:child href="Bmr011.E.aseg.xml#id(Bmr011.E.asg.41758)"/>
      <nite:child href="Bmr011.A.aseg.xml#id(Bmr011.A.asg.41006)"/>
      <nite:child href="Bmr011.D.aseg.xml#id(Bmr011.D.asg.41603)"/>
      <nite:child href="Bmr011.F.aseg.xml#id(Bmr011.F.asg.41805)"/>
      <nite:child href="Bmr011.H.aseg.xml#id(Bmr011.H.asg.42320)"/>
      <nite:child href="Bmr011.D.aseg.xml#id(Bmr011.D.asg.41604)"/>
      <nite:child href="Bmr011.G.aseg.xml#id(Bmr011.G.asg.42090)..id(Bmr011.G.asg.42091)"/>
      <nite:child href="Bmr011.H.aseg.xml#id(Bmr011.H.asg.42321)"/>
      <nite:child href="Bmr011.A.aseg.xml#id(Bmr011.A.asg.41007)"/>
      <nite:child href="Bmr011.H.aseg.xml#id(Bmr011.H.asg.42322)"/>
      <nite:child href="Bmr011.B.aseg.xml#id(Bmr011.B.asg.41421)"/>
      <nite:child href="Bmr011.A.aseg.xml#id(Bmr011.A.asg.41008)"/>
      <nite:child href="Bmr011.D.aseg.xml#id(Bmr011.D.asg.41605)"/>
      <nite:child href="Bmr011.B.aseg.xml#id(Bmr011.B.asg.41422)"/>
      <nite:child href="Bmr011.A.aseg.xml#id(Bmr011.A.asg.41009)"/>
      <nite:child href="Bmr011.H.aseg.xml#id(Bmr011.H.asg.42323)"/>
      <nite:child href="Bmr011.D.aseg.xml#id(Bmr011.D.asg.41606)"/>
      <nite:child href="Bmr011.F.aseg.xml#id(Bmr011.F.asg.41806)"/>
      <nite:child href="Bmr011.A.aseg.xml#id(Bmr011.A.asg.41010)"/>
      <nite:child href="Bmr011.B.aseg.xml#id(Bmr011.B.asg.41423)"/>
      <nite:child href="Bmr011.A.aseg.xml#id(Bmr011.A.asg.41011)"/>
      <nite:child href="Bmr011.H.aseg.xml#id(Bmr011.H.asg.42324)..id(Bmr011.H.asg.42325)"/>
      <nite:child href="Bmr011.A.aseg.xml#id(Bmr011.A.asg.41012)..id(Bmr011.A.asg.41013)"/>
      <nite:child href="Bmr011.H.aseg.xml#id(Bmr011.H.asg.42326)..id(Bmr011.H.asg.42327)"/>
      <nite:child href="Bmr011.D.aseg.xml#id(Bmr011.D.asg.41607)"/>
      <nite:child href="Bmr011.F.aseg.xml#id(Bmr011.F.asg.41807)"/>
      <nite:child href="Bmr011.A.aseg.xml#id(Bmr011.A.asg.41014)"/>
      <nite:child href="Bmr011.B.aseg.xml#id(Bmr011.B.asg.41424)"/>
      <nite:child href="Bmr011.H.aseg.xml#id(Bmr011.H.asg.42328)"/>
      <nite:child href="Bmr011.B.aseg.xml#id(Bmr011.B.asg.41425)"/>
      <nite:child href="Bmr011.F.aseg.xml#id(Bmr011.F.asg.41808)..id(Bmr011.F.asg.41809)"/>
      <nite:child href="Bmr011.B.aseg.xml#id(Bmr011.B.asg.41426)"/>
      <nite:child href="Bmr011.H.aseg.xml#id(Bmr011.H.asg.42329)"/>
      <nite:child href="Bmr011.F.aseg.xml#id(Bmr011.F.asg.41810)"/>
      <nite:child href="Bmr011.A.aseg.xml#id(Bmr011.A.asg.41015)"/>
      <nite:child href="Bmr011.F.aseg.xml#id(Bmr011.F.asg.41811)"/>
      <nite:child href="Bmr011.B.aseg.xml#id(Bmr011.B.asg.41427)"/>
      <nite:child href="Bmr011.H.aseg.xml#id(Bmr011.H.asg.42330)"/>
      <nite:child href="Bmr011.F.aseg.xml#id(Bmr011.F.asg.41812)"/>
      <nite:child href="Bmr011.A.aseg.xml#id(Bmr011.A.asg.41016)"/>
      <nite:child href="Bmr011.D.aseg.xml#id(Bmr011.D.asg.41608)"/>
      <nite:child href="Bmr011.H.aseg.xml#id(Bmr011.H.asg.42331)"/>
      <nite:child href="Bmr011.D.aseg.xml#id(Bmr011.D.asg.41609)"/>
      <nite:child href="Bmr011.B.aseg.xml#id(Bmr011.B.asg.41428)"/>
      <nite:child href="Bmr011.H.aseg.xml#id(Bmr011.H.asg.42332)"/>
      <nite:child href="Bmr011.G.aseg.xml#id(Bmr011.G.asg.42092)"/>
      <nite:child href="Bmr011.H.aseg.xml#id(Bmr011.H.asg.42333)"/>
      <nite:child href="Bmr011.F.aseg.xml#id(Bmr011.F.asg.41813)"/>
      <nite:child href="Bmr011.H.aseg.xml#id(Bmr011.H.asg.42334)"/>
      <nite:child href="Bmr011.B.aseg.xml#id(Bmr011.B.asg.41429)"/>
      <nite:child href="Bmr011.G.aseg.xml#id(Bmr011.G.asg.42093)"/>
      <nite:child href="Bmr011.H.aseg.xml#id(Bmr011.H.asg.42335)..id(Bmr011.H.asg.42336)"/>
      <nite:child href="Bmr011.G.aseg.xml#id(Bmr011.G.asg.42094)"/>
      <nite:child href="Bmr011.A.aseg.xml#id(Bmr011.A.asg.41017)"/>
      <nite:child href="Bmr011.B.aseg.xml#id(Bmr011.B.asg.41430)"/>
      <nite:child href="Bmr011.A.aseg.xml#id(Bmr011.A.asg.41018)..id(Bmr011.A.asg.41022)"/>
      <nite:child href="Bmr011.C.aseg.xml#id(Bmr011.C.asg.41515)"/>
      <nite:child href="Bmr011.H.aseg.xml#id(Bmr011.H.asg.42337)"/>
      <nite:child href="Bmr011.B.aseg.xml#id(Bmr011.B.asg.41431)"/>
      <nite:child href="Bmr011.A.aseg.xml#id(Bmr011.A.asg.41023)"/>
      <nite:child href="Bmr011.C.aseg.xml#id(Bmr011.C.asg.41516)"/>
      <nite:child href="Bmr011.D.aseg.xml#id(Bmr011.D.asg.41610)"/>
      <nite:child href="Bmr011.A.aseg.xml#id(Bmr011.A.asg.41024)..id(Bmr011.A.asg.41025)"/>
      <nite:child href="Bmr011.B.aseg.xml#id(Bmr011.B.asg.41432)"/>
      <nite:child href="Bmr011.H.aseg.xml#id(Bmr011.H.asg.42338)..id(Bmr011.H.asg.42339)"/>
      <nite:child href="Bmr011.B.aseg.xml#id(Bmr011.B.asg.41433)..id(Bmr011.B.asg.41435)"/>
      <nite:child href="Bmr011.A.aseg.xml#id(Bmr011.A.asg.41026)"/>
      <nite:child href="Bmr011.B.aseg.xml#id(Bmr011.B.asg.41436)"/>
      <nite:child href="Bmr011.H.aseg.xml#id(Bmr011.H.asg.42340)"/>
      <nite:child href="Bmr011.B.aseg.xml#id(Bmr011.B.asg.41437)..id(Bmr011.B.asg.41439)"/>
      <nite:child href="Bmr011.A.aseg.xml#id(Bmr011.A.asg.41027)"/>
      <nite:child href="Bmr011.B.aseg.xml#id(Bmr011.B.asg.41440)"/>
      <nite:child href="Bmr011.H.aseg.xml#id(Bmr011.H.asg.42341)"/>
      <nite:child href="Bmr011.C.aseg.xml#id(Bmr011.C.asg.41517)"/>
      <nite:child href="Bmr011.A.aseg.xml#id(Bmr011.A.asg.41028)"/>
      <nite:child href="Bmr011.H.aseg.xml#id(Bmr011.H.asg.42342)..id(Bmr011.H.asg.42343)"/>
      <nite:child href="Bmr011.B.aseg.xml#id(Bmr011.B.asg.41441)"/>
      <nite:child href="Bmr011.H.aseg.xml#id(Bmr011.H.asg.42344)"/>
      <nite:child href="Bmr011.A.aseg.xml#id(Bmr011.A.asg.41029)"/>
      <nite:child href="Bmr011.H.aseg.xml#id(Bmr011.H.asg.42345)"/>
      <nite:child href="Bmr011.A.aseg.xml#id(Bmr011.A.asg.41030)..id(Bmr011.A.asg.41032)"/>
      <nite:child href="Bmr011.H.aseg.xml#id(Bmr011.H.asg.42346)"/>
      <nite:child href="Bmr011.E.aseg.xml#id(Bmr011.E.asg.41759)..id(Bmr011.E.asg.41760)"/>
      <nite:child href="Bmr011.A.aseg.xml#id(Bmr011.A.asg.41033)"/>
      <nite:child href="Bmr011.E.aseg.xml#id(Bmr011.E.asg.41761)"/>
      <nite:child href="Bmr011.A.aseg.xml#id(Bmr011.A.asg.41034)..id(Bmr011.A.asg.41035)"/>
      <nite:child href="Bmr011.E.aseg.xml#id(Bmr011.E.asg.41762)"/>
      <nite:child href="Bmr011.A.aseg.xml#id(Bmr011.A.asg.41036)..id(Bmr011.A.asg.41038)"/>
      <nite:child href="Bmr011.G.aseg.xml#id(Bmr011.G.asg.42095)"/>
      <nite:child href="Bmr011.D.aseg.xml#id(Bmr011.D.asg.41611)"/>
      <nite:child href="Bmr011.A.aseg.xml#id(Bmr011.A.asg.41039)"/>
      <nite:child href="Bmr011.D.aseg.xml#id(Bmr011.D.asg.41612)"/>
      <nite:child href="Bmr011.G.aseg.xml#id(Bmr011.G.asg.42096)"/>
      <nite:child href="Bmr011.D.aseg.xml#id(Bmr011.D.asg.41613)..id(Bmr011.D.asg.41619)"/>
      <nite:child href="Bmr011.G.aseg.xml#id(Bmr011.G.asg.42097)"/>
      <nite:child href="Bmr011.D.aseg.xml#id(Bmr011.D.asg.41620)..id(Bmr011.D.asg.41622)"/>
      <nite:child href="Bmr011.G.aseg.xml#id(Bmr011.G.asg.42098)"/>
      <nite:child href="Bmr011.D.aseg.xml#id(Bmr011.D.asg.41623)..id(Bmr011.D.asg.41624)"/>
      <nite:child href="Bmr011.G.aseg.xml#id(Bmr011.G.asg.42099)"/>
      <nite:child href="Bmr011.D.aseg.xml#id(Bmr011.D.asg.41625)..id(Bmr011.D.asg.41626)"/>
      <nite:child href="Bmr011.G.aseg.xml#id(Bmr011.G.asg.42100)"/>
      <nite:child href="Bmr011.D.aseg.xml#id(Bmr011.D.asg.41627)"/>
      <nite:child href="Bmr011.G.aseg.xml#id(Bmr011.G.asg.42101)"/>
      <nite:child href="Bmr011.D.aseg.xml#id(Bmr011.D.asg.41628)"/>
      <nite:child href="Bmr011.A.aseg.xml#id(Bmr011.A.asg.41040)"/>
      <nite:child href="Bmr011.G.aseg.xml#id(Bmr011.G.asg.42102)..id(Bmr011.G.asg.42103)"/>
      <nite:child href="Bmr011.D.aseg.xml#id(Bmr011.D.asg.41629)"/>
      <nite:child href="Bmr011.A.aseg.xml#id(Bmr011.A.asg.41041)"/>
      <nite:child href="Bmr011.G.aseg.xml#id(Bmr011.G.asg.42104)"/>
      <nite:child href="Bmr011.A.aseg.xml#id(Bmr011.A.asg.41042)..id(Bmr011.A.asg.41043)"/>
      <nite:child href="Bmr011.G.aseg.xml#id(Bmr011.G.asg.42105)"/>
      <nite:child href="Bmr011.A.aseg.xml#id(Bmr011.A.asg.41044)..id(Bmr011.A.asg.41045)"/>
      <nite:child href="Bmr011.G.aseg.xml#id(Bmr011.G.asg.42106)"/>
      <nite:child href="Bmr011.A.aseg.xml#id(Bmr011.A.asg.41046)..id(Bmr011.A.asg.41047)"/>
      <nite:child href="Bmr011.G.aseg.xml#id(Bmr011.G.asg.42107)"/>
      <nite:child href="Bmr011.A.aseg.xml#id(Bmr011.A.asg.41048)"/>
      <nite:child href="Bmr011.G.aseg.xml#id(Bmr011.G.asg.42108)"/>
      <nite:child href="Bmr011.A.aseg.xml#id(Bmr011.A.asg.41049)..id(Bmr011.A.asg.41056)"/>
      <nite:child href="Bmr011.E.aseg.xml#id(Bmr011.E.asg.41763)"/>
      <nite:child href="Bmr011.G.aseg.xml#id(Bmr011.G.asg.42109)"/>
      <nite:child href="Bmr011.E.aseg.xml#id(Bmr011.E.asg.41764)"/>
      <nite:child href="Bmr011.A.aseg.xml#id(Bmr011.A.asg.41057)..id(Bmr011.A.asg.41061)"/>
      <nite:child href="Bmr011.E.aseg.xml#id(Bmr011.E.asg.41765)"/>
      <nite:child href="Bmr011.A.aseg.xml#id(Bmr011.A.asg.41062)..id(Bmr011.A.asg.41063)"/>
      <nite:child href="Bmr011.E.aseg.xml#id(Bmr011.E.asg.41766)..id(Bmr011.E.asg.41767)"/>
      <nite:child href="Bmr011.A.aseg.xml#id(Bmr011.A.asg.41064)"/>
      <nite:child href="Bmr011.E.aseg.xml#id(Bmr011.E.asg.41768)..id(Bmr011.E.asg.41769)"/>
      <nite:child href="Bmr011.A.aseg.xml#id(Bmr011.A.asg.41065)..id(Bmr011.A.asg.41067)"/>
      <nite:child href="Bmr011.D.aseg.xml#id(Bmr011.D.asg.41630)"/>
      <nite:child href="Bmr011.A.aseg.xml#id(Bmr011.A.asg.41068)..id(Bmr011.A.asg.41071)"/>
      <nite:child href="Bmr011.D.aseg.xml#id(Bmr011.D.asg.41631)"/>
      <nite:child href="Bmr011.A.aseg.xml#id(Bmr011.A.asg.41072)"/>
      <nite:child href="Bmr011.B.aseg.xml#id(Bmr011.B.asg.41442)..id(Bmr011.B.asg.41443)"/>
      <nite:child href="Bmr011.G.aseg.xml#id(Bmr011.G.asg.42110)"/>
      <nite:child href="Bmr011.B.aseg.xml#id(Bmr011.B.asg.41444)..id(Bmr011.B.asg.41466)"/>
      <nite:child href="Bmr011.H.aseg.xml#id(Bmr011.H.asg.42347)..id(Bmr011.H.asg.42367)"/>
      <nite:child href="Bmr011.E.aseg.xml#id(Bmr011.E.asg.41770)..id(Bmr011.E.asg.41790)"/>
      <nite:child href="Bmr011.C.aseg.xml#id(Bmr011.C.asg.41518)..id(Bmr011.C.asg.41538)"/>
      <nite:child href="Bmr011.F.aseg.xml#id(Bmr011.F.asg.41814)..id(Bmr011.F.asg.41834)"/>
      <nite:child href="Bmr011.A.aseg.xml#id(Bmr011.A.asg.41073)..id(Bmr011.A.asg.41093)"/>
      <nite:child href="Bmr011.D.aseg.xml#id(Bmr011.D.asg.41632)..id(Bmr011.D.asg.41652)"/>
      <nite:child href="Bmr011.G.aseg.xml#id(Bmr011.G.asg.42111)..id(Bmr011.G.asg.42131)"/>
   </autopic>
</nite:root>