<?xml version="1.0" encoding="ISO-8859-1" standalone="yes"?>
<nite:root nite:id="Bmr024.autotopic.1" xmlns:nite="http://nite.sourceforge.net/">
   <autopic nite:id="Bmr024.autotopic.2" tstart="0.0" tend="3033.4">
      <nite:child href="Bmr024.H.aseg.xml#id(Bmr024.H.asg.59509)..id(Bmr024.H.asg.59510)"/>
      <nite:child href="Bmr024.F.aseg.xml#id(Bmr024.F.asg.58958)"/>
      <nite:child href="Bmr024.H.aseg.xml#id(Bmr024.H.asg.59511)"/>
      <nite:child href="Bmr024.F.aseg.xml#id(Bmr024.F.asg.58959)..id(Bmr024.F.asg.58961)"/>
      <nite:child href="Bmr024.D.aseg.xml#id(Bmr024.D.asg.58366)..id(Bmr024.D.asg.58378)"/>
      <nite:child href="Bmr024.F.aseg.xml#id(Bmr024.F.asg.58962)"/>
      <nite:child href="Bmr024.D.aseg.xml#id(Bmr024.D.asg.58379)"/>
      <nite:child href="Bmr024.F.aseg.xml#id(Bmr024.F.asg.58963)"/>
      <nite:child href="Bmr024.D.aseg.xml#id(Bmr024.D.asg.58380)..id(Bmr024.D.asg.58381)"/>
      <nite:child href="Bmr024.F.aseg.xml#id(Bmr024.F.asg.58964)"/>
      <nite:child href="Bmr024.D.aseg.xml#id(Bmr024.D.asg.58382)..id(Bmr024.D.asg.58384)"/>
      <nite:child href="Bmr024.F.aseg.xml#id(Bmr024.F.asg.58965)..id(Bmr024.F.asg.58966)"/>
      <nite:child href="Bmr024.E.aseg.xml#id(Bmr024.E.asg.58852)..id(Bmr024.E.asg.58853)"/>
      <nite:child href="Bmr024.D.aseg.xml#id(Bmr024.D.asg.58385)"/>
      <nite:child href="Bmr024.E.aseg.xml#id(Bmr024.E.asg.58854)"/>
      <nite:child href="Bmr024.F.aseg.xml#id(Bmr024.F.asg.58967)"/>
      <nite:child href="Bmr024.E.aseg.xml#id(Bmr024.E.asg.58855)"/>
      <nite:child href="Bmr024.D.aseg.xml#id(Bmr024.D.asg.58386)"/>
      <nite:child href="Bmr024.E.aseg.xml#id(Bmr024.E.asg.58856)"/>
      <nite:child href="Bmr024.D.aseg.xml#id(Bmr024.D.asg.58387)..id(Bmr024.D.asg.58389)"/>
      <nite:child href="Bmr024.F.aseg.xml#id(Bmr024.F.asg.58968)"/>
      <nite:child href="Bmr024.D.aseg.xml#id(Bmr024.D.asg.58390)..id(Bmr024.D.asg.58391)"/>
      <nite:child href="Bmr024.A.aseg.xml#id(Bmr024.A.asg.58011)..id(Bmr024.A.asg.58012)"/>
      <nite:child href="Bmr024.D.aseg.xml#id(Bmr024.D.asg.58392)"/>
      <nite:child href="Bmr024.F.aseg.xml#id(Bmr024.F.asg.58969)..id(Bmr024.F.asg.58975)"/>
      <nite:child href="Bmr024.D.aseg.xml#id(Bmr024.D.asg.58393)"/>
      <nite:child href="Bmr024.F.aseg.xml#id(Bmr024.F.asg.58976)"/>
      <nite:child href="Bmr024.D.aseg.xml#id(Bmr024.D.asg.58394)..id(Bmr024.D.asg.58397)"/>
      <nite:child href="Bmr024.E.aseg.xml#id(Bmr024.E.asg.58857)"/>
      <nite:child href="Bmr024.D.aseg.xml#id(Bmr024.D.asg.58398)"/>
      <nite:child href="Bmr024.E.aseg.xml#id(Bmr024.E.asg.58858)"/>
      <nite:child href="Bmr024.D.aseg.xml#id(Bmr024.D.asg.58399)"/>
      <nite:child href="Bmr024.E.aseg.xml#id(Bmr024.E.asg.58859)..id(Bmr024.E.asg.58860)"/>
      <nite:child href="Bmr024.D.aseg.xml#id(Bmr024.D.asg.58400)..id(Bmr024.D.asg.58402)"/>
      <nite:child href="Bmr024.F.aseg.xml#id(Bmr024.F.asg.58977)..id(Bmr024.F.asg.58978)"/>
      <nite:child href="Bmr024.D.aseg.xml#id(Bmr024.D.asg.58403)..id(Bmr024.D.asg.58409)"/>
      <nite:child href="Bmr024.F.aseg.xml#id(Bmr024.F.asg.58979)..id(Bmr024.F.asg.58982)"/>
      <nite:child href="Bmr024.B.aseg.xml#id(Bmr024.B.asg.58177)..id(Bmr024.B.asg.58182)"/>
      <nite:child href="Bmr024.A.aseg.xml#id(Bmr024.A.asg.58013)..id(Bmr024.A.asg.58014)"/>
      <nite:child href="Bmr024.B.aseg.xml#id(Bmr024.B.asg.58183)"/>
      <nite:child href="Bmr024.A.aseg.xml#id(Bmr024.A.asg.58015)"/>
      <nite:child href="Bmr024.F.aseg.xml#id(Bmr024.F.asg.58983)"/>
      <nite:child href="Bmr024.B.aseg.xml#id(Bmr024.B.asg.58184)"/>
      <nite:child href="Bmr024.F.aseg.xml#id(Bmr024.F.asg.58984)"/>
      <nite:child href="Bmr024.A.aseg.xml#id(Bmr024.A.asg.58016)"/>
      <nite:child href="Bmr024.F.aseg.xml#id(Bmr024.F.asg.58985)..id(Bmr024.F.asg.58986)"/>
      <nite:child href="Bmr024.A.aseg.xml#id(Bmr024.A.asg.58017)"/>
      <nite:child href="Bmr024.F.aseg.xml#id(Bmr024.F.asg.58987)..id(Bmr024.F.asg.58988)"/>
      <nite:child href="Bmr024.A.aseg.xml#id(Bmr024.A.asg.58018)"/>
      <nite:child href="Bmr024.F.aseg.xml#id(Bmr024.F.asg.58989)"/>
      <nite:child href="Bmr024.B.aseg.xml#id(Bmr024.B.asg.58185)"/>
      <nite:child href="Bmr024.A.aseg.xml#id(Bmr024.A.asg.58019)"/>
      <nite:child href="Bmr024.F.aseg.xml#id(Bmr024.F.asg.58990)..id(Bmr024.F.asg.58992)"/>
      <nite:child href="Bmr024.B.aseg.xml#id(Bmr024.B.asg.58186)"/>
      <nite:child href="Bmr024.F.aseg.xml#id(Bmr024.F.asg.58993)..id(Bmr024.F.asg.59000)"/>
      <nite:child href="Bmr024.D.aseg.xml#id(Bmr024.D.asg.58410)"/>
      <nite:child href="Bmr024.A.aseg.xml#id(Bmr024.A.asg.58020)"/>
      <nite:child href="Bmr024.F.aseg.xml#id(Bmr024.F.asg.59001)"/>
      <nite:child href="Bmr024.A.aseg.xml#id(Bmr024.A.asg.58021)"/>
      <nite:child href="Bmr024.D.aseg.xml#id(Bmr024.D.asg.58411)..id(Bmr024.D.asg.58414)"/>
      <nite:child href="Bmr024.F.aseg.xml#id(Bmr024.F.asg.59002)..id(Bmr024.F.asg.59010)"/>
      <nite:child href="Bmr024.E.aseg.xml#id(Bmr024.E.asg.58861)..id(Bmr024.E.asg.58862)"/>
      <nite:child href="Bmr024.F.aseg.xml#id(Bmr024.F.asg.59011)..id(Bmr024.F.asg.59012)"/>
      <nite:child href="Bmr024.B.aseg.xml#id(Bmr024.B.asg.58187)"/>
      <nite:child href="Bmr024.E.aseg.xml#id(Bmr024.E.asg.58863)"/>
      <nite:child href="Bmr024.B.aseg.xml#id(Bmr024.B.asg.58188)"/>
      <nite:child href="Bmr024.F.aseg.xml#id(Bmr024.F.asg.59013)"/>
      <nite:child href="Bmr024.B.aseg.xml#id(Bmr024.B.asg.58189)..id(Bmr024.B.asg.58190)"/>
      <nite:child href="Bmr024.F.aseg.xml#id(Bmr024.F.asg.59014)..id(Bmr024.F.asg.59015)"/>
      <nite:child href="Bmr024.D.aseg.xml#id(Bmr024.D.asg.58415)"/>
      <nite:child href="Bmr024.F.aseg.xml#id(Bmr024.F.asg.59016)..id(Bmr024.F.asg.59019)"/>
      <nite:child href="Bmr024.B.aseg.xml#id(Bmr024.B.asg.58191)..id(Bmr024.B.asg.58196)"/>
      <nite:child href="Bmr024.F.aseg.xml#id(Bmr024.F.asg.59020)"/>
      <nite:child href="Bmr024.B.aseg.xml#id(Bmr024.B.asg.58197)..id(Bmr024.B.asg.58200)"/>
      <nite:child href="Bmr024.F.aseg.xml#id(Bmr024.F.asg.59021)..id(Bmr024.F.asg.59025)"/>
      <nite:child href="Bmr024.B.aseg.xml#id(Bmr024.B.asg.58201)"/>
      <nite:child href="Bmr024.F.aseg.xml#id(Bmr024.F.asg.59026)"/>
      <nite:child href="Bmr024.B.aseg.xml#id(Bmr024.B.asg.58202)"/>
      <nite:child href="Bmr024.F.aseg.xml#id(Bmr024.F.asg.59027)"/>
      <nite:child href="Bmr024.B.aseg.xml#id(Bmr024.B.asg.58203)"/>
      <nite:child href="Bmr024.F.aseg.xml#id(Bmr024.F.asg.59028)"/>
      <nite:child href="Bmr024.B.aseg.xml#id(Bmr024.B.asg.58204)..id(Bmr024.B.asg.58209)"/>
      <nite:child href="Bmr024.E.aseg.xml#id(Bmr024.E.asg.58864)"/>
      <nite:child href="Bmr024.B.aseg.xml#id(Bmr024.B.asg.58210)"/>
      <nite:child href="Bmr024.E.aseg.xml#id(Bmr024.E.asg.58865)"/>
      <nite:child href="Bmr024.B.aseg.xml#id(Bmr024.B.asg.58211)..id(Bmr024.B.asg.58213)"/>
      <nite:child href="Bmr024.E.aseg.xml#id(Bmr024.E.asg.58866)..id(Bmr024.E.asg.58867)"/>
      <nite:child href="Bmr024.B.aseg.xml#id(Bmr024.B.asg.58214)"/>
      <nite:child href="Bmr024.F.aseg.xml#id(Bmr024.F.asg.59029)"/>
      <nite:child href="Bmr024.B.aseg.xml#id(Bmr024.B.asg.58215)..id(Bmr024.B.asg.58219)"/>
      <nite:child href="Bmr024.E.aseg.xml#id(Bmr024.E.asg.58868)"/>
      <nite:child href="Bmr024.B.aseg.xml#id(Bmr024.B.asg.58220)"/>
      <nite:child href="Bmr024.F.aseg.xml#id(Bmr024.F.asg.59030)..id(Bmr024.F.asg.59032)"/>
      <nite:child href="Bmr024.B.aseg.xml#id(Bmr024.B.asg.58221)"/>
      <nite:child href="Bmr024.A.aseg.xml#id(Bmr024.A.asg.58022)"/>
      <nite:child href="Bmr024.B.aseg.xml#id(Bmr024.B.asg.58222)..id(Bmr024.B.asg.58225)"/>
      <nite:child href="Bmr024.E.aseg.xml#id(Bmr024.E.asg.58869)"/>
      <nite:child href="Bmr024.F.aseg.xml#id(Bmr024.F.asg.59033)"/>
      <nite:child href="Bmr024.B.aseg.xml#id(Bmr024.B.asg.58226)"/>
      <nite:child href="Bmr024.E.aseg.xml#id(Bmr024.E.asg.58870)"/>
      <nite:child href="Bmr024.A.aseg.xml#id(Bmr024.A.asg.58023)..id(Bmr024.A.asg.58024)"/>
      <nite:child href="Bmr024.E.aseg.xml#id(Bmr024.E.asg.58871)"/>
      <nite:child href="Bmr024.B.aseg.xml#id(Bmr024.B.asg.58227)"/>
      <nite:child href="Bmr024.A.aseg.xml#id(Bmr024.A.asg.58025)"/>
      <nite:child href="Bmr024.F.aseg.xml#id(Bmr024.F.asg.59034)"/>
      <nite:child href="Bmr024.B.aseg.xml#id(Bmr024.B.asg.58228)"/>
      <nite:child href="Bmr024.E.aseg.xml#id(Bmr024.E.asg.58872)"/>
      <nite:child href="Bmr024.B.aseg.xml#id(Bmr024.B.asg.58229)..id(Bmr024.B.asg.58230)"/>
      <nite:child href="Bmr024.A.aseg.xml#id(Bmr024.A.asg.58026)"/>
      <nite:child href="Bmr024.F.aseg.xml#id(Bmr024.F.asg.59035)"/>
      <nite:child href="Bmr024.A.aseg.xml#id(Bmr024.A.asg.58027)..id(Bmr024.A.asg.58028)"/>
      <nite:child href="Bmr024.F.aseg.xml#id(Bmr024.F.asg.59036)..id(Bmr024.F.asg.59037)"/>
      <nite:child href="Bmr024.B.aseg.xml#id(Bmr024.B.asg.58231)"/>
      <nite:child href="Bmr024.E.aseg.xml#id(Bmr024.E.asg.58873)"/>
      <nite:child href="Bmr024.F.aseg.xml#id(Bmr024.F.asg.59038)"/>
      <nite:child href="Bmr024.E.aseg.xml#id(Bmr024.E.asg.58874)"/>
      <nite:child href="Bmr024.F.aseg.xml#id(Bmr024.F.asg.59039)"/>
      <nite:child href="Bmr024.E.aseg.xml#id(Bmr024.E.asg.58875)"/>
      <nite:child href="Bmr024.F.aseg.xml#id(Bmr024.F.asg.59040)"/>
      <nite:child href="Bmr024.A.aseg.xml#id(Bmr024.A.asg.58029)..id(Bmr024.A.asg.58031)"/>
      <nite:child href="Bmr024.F.aseg.xml#id(Bmr024.F.asg.59041)"/>
      <nite:child href="Bmr024.B.aseg.xml#id(Bmr024.B.asg.58232)..id(Bmr024.B.asg.58233)"/>
      <nite:child href="Bmr024.F.aseg.xml#id(Bmr024.F.asg.59042)..id(Bmr024.F.asg.59046)"/>
      <nite:child href="Bmr024.B.aseg.xml#id(Bmr024.B.asg.58234)"/>
      <nite:child href="Bmr024.A.aseg.xml#id(Bmr024.A.asg.58032)..id(Bmr024.A.asg.58034)"/>
      <nite:child href="Bmr024.F.aseg.xml#id(Bmr024.F.asg.59047)..id(Bmr024.F.asg.59050)"/>
      <nite:child href="Bmr024.D.aseg.xml#id(Bmr024.D.asg.58416)..id(Bmr024.D.asg.58417)"/>
      <nite:child href="Bmr024.F.aseg.xml#id(Bmr024.F.asg.59051)"/>
      <nite:child href="Bmr024.D.aseg.xml#id(Bmr024.D.asg.58418)"/>
      <nite:child href="Bmr024.F.aseg.xml#id(Bmr024.F.asg.59052)"/>
      <nite:child href="Bmr024.D.aseg.xml#id(Bmr024.D.asg.58419)"/>
      <nite:child href="Bmr024.F.aseg.xml#id(Bmr024.F.asg.59053)"/>
      <nite:child href="Bmr024.B.aseg.xml#id(Bmr024.B.asg.58235)..id(Bmr024.B.asg.58238)"/>
      <nite:child href="Bmr024.F.aseg.xml#id(Bmr024.F.asg.59054)"/>
      <nite:child href="Bmr024.B.aseg.xml#id(Bmr024.B.asg.58239)"/>
      <nite:child href="Bmr024.A.aseg.xml#id(Bmr024.A.asg.58035)"/>
      <nite:child href="Bmr024.B.aseg.xml#id(Bmr024.B.asg.58240)..id(Bmr024.B.asg.58243)"/>
      <nite:child href="Bmr024.F.aseg.xml#id(Bmr024.F.asg.59055)..id(Bmr024.F.asg.59057)"/>
      <nite:child href="Bmr024.D.aseg.xml#id(Bmr024.D.asg.58420)..id(Bmr024.D.asg.58421)"/>
      <nite:child href="Bmr024.A.aseg.xml#id(Bmr024.A.asg.58036)..id(Bmr024.A.asg.58037)"/>
      <nite:child href="Bmr024.F.aseg.xml#id(Bmr024.F.asg.59058)"/>
      <nite:child href="Bmr024.A.aseg.xml#id(Bmr024.A.asg.58038)..id(Bmr024.A.asg.58047)"/>
      <nite:child href="Bmr024.D.aseg.xml#id(Bmr024.D.asg.58422)"/>
      <nite:child href="Bmr024.A.aseg.xml#id(Bmr024.A.asg.58048)..id(Bmr024.A.asg.58051)"/>
      <nite:child href="Bmr024.D.aseg.xml#id(Bmr024.D.asg.58423)"/>
      <nite:child href="Bmr024.A.aseg.xml#id(Bmr024.A.asg.58052)..id(Bmr024.A.asg.58066)"/>
      <nite:child href="Bmr024.D.aseg.xml#id(Bmr024.D.asg.58424)..id(Bmr024.D.asg.58430)"/>
      <nite:child href="Bmr024.A.aseg.xml#id(Bmr024.A.asg.58067)"/>
      <nite:child href="Bmr024.D.aseg.xml#id(Bmr024.D.asg.58431)"/>
      <nite:child href="Bmr024.A.aseg.xml#id(Bmr024.A.asg.58068)..id(Bmr024.A.asg.58069)"/>
      <nite:child href="Bmr024.D.aseg.xml#id(Bmr024.D.asg.58432)"/>
      <nite:child href="Bmr024.A.aseg.xml#id(Bmr024.A.asg.58070)..id(Bmr024.A.asg.58071)"/>
      <nite:child href="Bmr024.D.aseg.xml#id(Bmr024.D.asg.58433)"/>
      <nite:child href="Bmr024.A.aseg.xml#id(Bmr024.A.asg.58072)..id(Bmr024.A.asg.58074)"/>
      <nite:child href="Bmr024.F.aseg.xml#id(Bmr024.F.asg.59059)..id(Bmr024.F.asg.59060)"/>
      <nite:child href="Bmr024.D.aseg.xml#id(Bmr024.D.asg.58434)..id(Bmr024.D.asg.58435)"/>
      <nite:child href="Bmr024.A.aseg.xml#id(Bmr024.A.asg.58075)"/>
      <nite:child href="Bmr024.D.aseg.xml#id(Bmr024.D.asg.58436)"/>
      <nite:child href="Bmr024.A.aseg.xml#id(Bmr024.A.asg.58076)"/>
      <nite:child href="Bmr024.D.aseg.xml#id(Bmr024.D.asg.58437)"/>
      <nite:child href="Bmr024.A.aseg.xml#id(Bmr024.A.asg.58077)"/>
      <nite:child href="Bmr024.D.aseg.xml#id(Bmr024.D.asg.58438)..id(Bmr024.D.asg.58439)"/>
      <nite:child href="Bmr024.A.aseg.xml#id(Bmr024.A.asg.58078)"/>
      <nite:child href="Bmr024.D.aseg.xml#id(Bmr024.D.asg.58440)..id(Bmr024.D.asg.58441)"/>
      <nite:child href="Bmr024.A.aseg.xml#id(Bmr024.A.asg.58079)"/>
      <nite:child href="Bmr024.D.aseg.xml#id(Bmr024.D.asg.58442)"/>
      <nite:child href="Bmr024.F.aseg.xml#id(Bmr024.F.asg.59061)"/>
      <nite:child href="Bmr024.D.aseg.xml#id(Bmr024.D.asg.58443)..id(Bmr024.D.asg.58444)"/>
      <nite:child href="Bmr024.F.aseg.xml#id(Bmr024.F.asg.59062)"/>
      <nite:child href="Bmr024.A.aseg.xml#id(Bmr024.A.asg.58080)..id(Bmr024.A.asg.58107)"/>
      <nite:child href="Bmr024.F.aseg.xml#id(Bmr024.F.asg.59063)"/>
      <nite:child href="Bmr024.A.aseg.xml#id(Bmr024.A.asg.58108)..id(Bmr024.A.asg.58109)"/>
      <nite:child href="Bmr024.F.aseg.xml#id(Bmr024.F.asg.59064)"/>
      <nite:child href="Bmr024.A.aseg.xml#id(Bmr024.A.asg.58110)"/>
      <nite:child href="Bmr024.E.aseg.xml#id(Bmr024.E.asg.58876)"/>
      <nite:child href="Bmr024.A.aseg.xml#id(Bmr024.A.asg.58111)..id(Bmr024.A.asg.58112)"/>
      <nite:child href="Bmr024.F.aseg.xml#id(Bmr024.F.asg.59065)"/>
      <nite:child href="Bmr024.A.aseg.xml#id(Bmr024.A.asg.58113)..id(Bmr024.A.asg.58117)"/>
      <nite:child href="Bmr024.D.aseg.xml#id(Bmr024.D.asg.58445)"/>
      <nite:child href="Bmr024.A.aseg.xml#id(Bmr024.A.asg.58118)..id(Bmr024.A.asg.58123)"/>
      <nite:child href="Bmr024.D.aseg.xml#id(Bmr024.D.asg.58446)"/>
      <nite:child href="Bmr024.A.aseg.xml#id(Bmr024.A.asg.58124)"/>
      <nite:child href="Bmr024.B.aseg.xml#id(Bmr024.B.asg.58244)..id(Bmr024.B.asg.58245)"/>
      <nite:child href="Bmr024.A.aseg.xml#id(Bmr024.A.asg.58125)..id(Bmr024.A.asg.58126)"/>
      <nite:child href="Bmr024.B.aseg.xml#id(Bmr024.B.asg.58246)"/>
      <nite:child href="Bmr024.A.aseg.xml#id(Bmr024.A.asg.58127)..id(Bmr024.A.asg.58130)"/>
      <nite:child href="Bmr024.D.aseg.xml#id(Bmr024.D.asg.58447)..id(Bmr024.D.asg.58450)"/>
      <nite:child href="Bmr024.F.aseg.xml#id(Bmr024.F.asg.59066)..id(Bmr024.F.asg.59081)"/>
      <nite:child href="Bmr024.D.aseg.xml#id(Bmr024.D.asg.58451)"/>
      <nite:child href="Bmr024.F.aseg.xml#id(Bmr024.F.asg.59082)"/>
      <nite:child href="Bmr024.D.aseg.xml#id(Bmr024.D.asg.58452)"/>
      <nite:child href="Bmr024.F.aseg.xml#id(Bmr024.F.asg.59083)..id(Bmr024.F.asg.59086)"/>
      <nite:child href="Bmr024.D.aseg.xml#id(Bmr024.D.asg.58453)"/>
      <nite:child href="Bmr024.B.aseg.xml#id(Bmr024.B.asg.58247)"/>
      <nite:child href="Bmr024.D.aseg.xml#id(Bmr024.D.asg.58454)"/>
      <nite:child href="Bmr024.B.aseg.xml#id(Bmr024.B.asg.58248)"/>
      <nite:child href="Bmr024.D.aseg.xml#id(Bmr024.D.asg.58455)..id(Bmr024.D.asg.58464)"/>
      <nite:child href="Bmr024.F.aseg.xml#id(Bmr024.F.asg.59087)"/>
      <nite:child href="Bmr024.D.aseg.xml#id(Bmr024.D.asg.58465)..id(Bmr024.D.asg.58475)"/>
      <nite:child href="Bmr024.F.aseg.xml#id(Bmr024.F.asg.59088)"/>
      <nite:child href="Bmr024.D.aseg.xml#id(Bmr024.D.asg.58476)..id(Bmr024.D.asg.58478)"/>
      <nite:child href="Bmr024.F.aseg.xml#id(Bmr024.F.asg.59089)..id(Bmr024.F.asg.59091)"/>
      <nite:child href="Bmr024.D.aseg.xml#id(Bmr024.D.asg.58479)"/>
      <nite:child href="Bmr024.F.aseg.xml#id(Bmr024.F.asg.59092)"/>
      <nite:child href="Bmr024.B.aseg.xml#id(Bmr024.B.asg.58249)"/>
      <nite:child href="Bmr024.F.aseg.xml#id(Bmr024.F.asg.59093)"/>
      <nite:child href="Bmr024.D.aseg.xml#id(Bmr024.D.asg.58480)..id(Bmr024.D.asg.58481)"/>
      <nite:child href="Bmr024.F.aseg.xml#id(Bmr024.F.asg.59094)..id(Bmr024.F.asg.59100)"/>
      <nite:child href="Bmr024.D.aseg.xml#id(Bmr024.D.asg.58482)"/>
      <nite:child href="Bmr024.F.aseg.xml#id(Bmr024.F.asg.59101)..id(Bmr024.F.asg.59102)"/>
      <nite:child href="Bmr024.D.aseg.xml#id(Bmr024.D.asg.58483)..id(Bmr024.D.asg.58486)"/>
      <nite:child href="Bmr024.F.aseg.xml#id(Bmr024.F.asg.59103)..id(Bmr024.F.asg.59104)"/>
      <nite:child href="Bmr024.D.aseg.xml#id(Bmr024.D.asg.58487)"/>
      <nite:child href="Bmr024.B.aseg.xml#id(Bmr024.B.asg.58250)"/>
      <nite:child href="Bmr024.E.aseg.xml#id(Bmr024.E.asg.58877)"/>
      <nite:child href="Bmr024.A.aseg.xml#id(Bmr024.A.asg.58131)..id(Bmr024.A.asg.58133)"/>
      <nite:child href="Bmr024.B.aseg.xml#id(Bmr024.B.asg.58251)"/>
      <nite:child href="Bmr024.F.aseg.xml#id(Bmr024.F.asg.59105)"/>
      <nite:child href="Bmr024.A.aseg.xml#id(Bmr024.A.asg.58134)..id(Bmr024.A.asg.58136)"/>
      <nite:child href="Bmr024.F.aseg.xml#id(Bmr024.F.asg.59106)..id(Bmr024.F.asg.59107)"/>
      <nite:child href="Bmr024.D.aseg.xml#id(Bmr024.D.asg.58488)"/>
      <nite:child href="Bmr024.F.aseg.xml#id(Bmr024.F.asg.59108)..id(Bmr024.F.asg.59113)"/>
      <nite:child href="Bmr024.D.aseg.xml#id(Bmr024.D.asg.58489)..id(Bmr024.D.asg.58493)"/>
      <nite:child href="Bmr024.F.aseg.xml#id(Bmr024.F.asg.59114)"/>
      <nite:child href="Bmr024.D.aseg.xml#id(Bmr024.D.asg.58494)..id(Bmr024.D.asg.58496)"/>
      <nite:child href="Bmr024.F.aseg.xml#id(Bmr024.F.asg.59115)..id(Bmr024.F.asg.59117)"/>
      <nite:child href="Bmr024.D.aseg.xml#id(Bmr024.D.asg.58497)..id(Bmr024.D.asg.58498)"/>
      <nite:child href="Bmr024.F.aseg.xml#id(Bmr024.F.asg.59118)"/>
      <nite:child href="Bmr024.D.aseg.xml#id(Bmr024.D.asg.58499)"/>
      <nite:child href="Bmr024.I.aseg.xml#id(Bmr024.I.asg.59533)"/>
      <nite:child href="Bmr024.D.aseg.xml#id(Bmr024.D.asg.58500)"/>
      <nite:child href="Bmr024.F.aseg.xml#id(Bmr024.F.asg.59119)..id(Bmr024.F.asg.59120)"/>
      <nite:child href="Bmr024.D.aseg.xml#id(Bmr024.D.asg.58501)..id(Bmr024.D.asg.58504)"/>
      <nite:child href="Bmr024.I.aseg.xml#id(Bmr024.I.asg.59534)"/>
      <nite:child href="Bmr024.D.aseg.xml#id(Bmr024.D.asg.58505)"/>
      <nite:child href="Bmr024.I.aseg.xml#id(Bmr024.I.asg.59535)"/>
      <nite:child href="Bmr024.D.aseg.xml#id(Bmr024.D.asg.58506)"/>
      <nite:child href="Bmr024.I.aseg.xml#id(Bmr024.I.asg.59536)..id(Bmr024.I.asg.59537)"/>
      <nite:child href="Bmr024.D.aseg.xml#id(Bmr024.D.asg.58507)..id(Bmr024.D.asg.58512)"/>
      <nite:child href="Bmr024.I.aseg.xml#id(Bmr024.I.asg.59538)..id(Bmr024.I.asg.59539)"/>
      <nite:child href="Bmr024.F.aseg.xml#id(Bmr024.F.asg.59121)"/>
      <nite:child href="Bmr024.I.aseg.xml#id(Bmr024.I.asg.59540)..id(Bmr024.I.asg.59549)"/>
      <nite:child href="Bmr024.E.aseg.xml#id(Bmr024.E.asg.58878)"/>
      <nite:child href="Bmr024.I.aseg.xml#id(Bmr024.I.asg.59550)..id(Bmr024.I.asg.59564)"/>
      <nite:child href="Bmr024.E.aseg.xml#id(Bmr024.E.asg.58879)..id(Bmr024.E.asg.58881)"/>
      <nite:child href="Bmr024.I.aseg.xml#id(Bmr024.I.asg.59565)"/>
      <nite:child href="Bmr024.E.aseg.xml#id(Bmr024.E.asg.58882)"/>
      <nite:child href="Bmr024.I.aseg.xml#id(Bmr024.I.asg.59566)"/>
      <nite:child href="Bmr024.E.aseg.xml#id(Bmr024.E.asg.58883)"/>
      <nite:child href="Bmr024.I.aseg.xml#id(Bmr024.I.asg.59567)..id(Bmr024.I.asg.59568)"/>
      <nite:child href="Bmr024.F.aseg.xml#id(Bmr024.F.asg.59122)"/>
      <nite:child href="Bmr024.G.aseg.xml#id(Bmr024.G.asg.59431)"/>
      <nite:child href="Bmr024.F.aseg.xml#id(Bmr024.F.asg.59123)"/>
      <nite:child href="Bmr024.I.aseg.xml#id(Bmr024.I.asg.59569)..id(Bmr024.I.asg.59573)"/>
      <nite:child href="Bmr024.E.aseg.xml#id(Bmr024.E.asg.58884)"/>
      <nite:child href="Bmr024.I.aseg.xml#id(Bmr024.I.asg.59574)..id(Bmr024.I.asg.59584)"/>
      <nite:child href="Bmr024.B.aseg.xml#id(Bmr024.B.asg.58252)"/>
      <nite:child href="Bmr024.I.aseg.xml#id(Bmr024.I.asg.59585)"/>
      <nite:child href="Bmr024.B.aseg.xml#id(Bmr024.B.asg.58253)"/>
      <nite:child href="Bmr024.E.aseg.xml#id(Bmr024.E.asg.58885)"/>
      <nite:child href="Bmr024.I.aseg.xml#id(Bmr024.I.asg.59586)..id(Bmr024.I.asg.59593)"/>
      <nite:child href="Bmr024.E.aseg.xml#id(Bmr024.E.asg.58886)"/>
      <nite:child href="Bmr024.I.aseg.xml#id(Bmr024.I.asg.59594)..id(Bmr024.I.asg.59596)"/>
      <nite:child href="Bmr024.G.aseg.xml#id(Bmr024.G.asg.59432)"/>
      <nite:child href="Bmr024.I.aseg.xml#id(Bmr024.I.asg.59597)"/>
      <nite:child href="Bmr024.E.aseg.xml#id(Bmr024.E.asg.58887)"/>
      <nite:child href="Bmr024.I.aseg.xml#id(Bmr024.I.asg.59598)..id(Bmr024.I.asg.59599)"/>
      <nite:child href="Bmr024.E.aseg.xml#id(Bmr024.E.asg.58888)"/>
      <nite:child href="Bmr024.I.aseg.xml#id(Bmr024.I.asg.59600)..id(Bmr024.I.asg.59608)"/>
      <nite:child href="Bmr024.E.aseg.xml#id(Bmr024.E.asg.58889)"/>
      <nite:child href="Bmr024.I.aseg.xml#id(Bmr024.I.asg.59609)..id(Bmr024.I.asg.59615)"/>
      <nite:child href="Bmr024.E.aseg.xml#id(Bmr024.E.asg.58890)"/>
      <nite:child href="Bmr024.I.aseg.xml#id(Bmr024.I.asg.59616)"/>
      <nite:child href="Bmr024.E.aseg.xml#id(Bmr024.E.asg.58891)"/>
      <nite:child href="Bmr024.I.aseg.xml#id(Bmr024.I.asg.59617)"/>
      <nite:child href="Bmr024.B.aseg.xml#id(Bmr024.B.asg.58254)"/>
      <nite:child href="Bmr024.I.aseg.xml#id(Bmr024.I.asg.59618)"/>
      <nite:child href="Bmr024.E.aseg.xml#id(Bmr024.E.asg.58892)..id(Bmr024.E.asg.58895)"/>
      <nite:child href="Bmr024.I.aseg.xml#id(Bmr024.I.asg.59619)"/>
      <nite:child href="Bmr024.E.aseg.xml#id(Bmr024.E.asg.58896)..id(Bmr024.E.asg.58897)"/>
      <nite:child href="Bmr024.I.aseg.xml#id(Bmr024.I.asg.59620)"/>
      <nite:child href="Bmr024.E.aseg.xml#id(Bmr024.E.asg.58898)"/>
      <nite:child href="Bmr024.I.aseg.xml#id(Bmr024.I.asg.59621)"/>
      <nite:child href="Bmr024.B.aseg.xml#id(Bmr024.B.asg.58255)"/>
      <nite:child href="Bmr024.E.aseg.xml#id(Bmr024.E.asg.58899)"/>
      <nite:child href="Bmr024.I.aseg.xml#id(Bmr024.I.asg.59622)..id(Bmr024.I.asg.59623)"/>
      <nite:child href="Bmr024.G.aseg.xml#id(Bmr024.G.asg.59433)"/>
      <nite:child href="Bmr024.I.aseg.xml#id(Bmr024.I.asg.59624)"/>
      <nite:child href="Bmr024.E.aseg.xml#id(Bmr024.E.asg.58900)..id(Bmr024.E.asg.58901)"/>
      <nite:child href="Bmr024.I.aseg.xml#id(Bmr024.I.asg.59625)"/>
      <nite:child href="Bmr024.E.aseg.xml#id(Bmr024.E.asg.58902)"/>
      <nite:child href="Bmr024.I.aseg.xml#id(Bmr024.I.asg.59626)"/>
      <nite:child href="Bmr024.D.aseg.xml#id(Bmr024.D.asg.58513)"/>
      <nite:child href="Bmr024.G.aseg.xml#id(Bmr024.G.asg.59434)..id(Bmr024.G.asg.59439)"/>
      <nite:child href="Bmr024.E.aseg.xml#id(Bmr024.E.asg.58903)"/>
      <nite:child href="Bmr024.G.aseg.xml#id(Bmr024.G.asg.59440)..id(Bmr024.G.asg.59441)"/>
      <nite:child href="Bmr024.E.aseg.xml#id(Bmr024.E.asg.58904)"/>
      <nite:child href="Bmr024.G.aseg.xml#id(Bmr024.G.asg.59442)"/>
      <nite:child href="Bmr024.E.aseg.xml#id(Bmr024.E.asg.58905)"/>
      <nite:child href="Bmr024.G.aseg.xml#id(Bmr024.G.asg.59443)"/>
      <nite:child href="Bmr024.E.aseg.xml#id(Bmr024.E.asg.58906)"/>
      <nite:child href="Bmr024.G.aseg.xml#id(Bmr024.G.asg.59444)..id(Bmr024.G.asg.59445)"/>
      <nite:child href="Bmr024.E.aseg.xml#id(Bmr024.E.asg.58907)"/>
      <nite:child href="Bmr024.G.aseg.xml#id(Bmr024.G.asg.59446)"/>
      <nite:child href="Bmr024.E.aseg.xml#id(Bmr024.E.asg.58908)..id(Bmr024.E.asg.58909)"/>
      <nite:child href="Bmr024.G.aseg.xml#id(Bmr024.G.asg.59447)"/>
      <nite:child href="Bmr024.E.aseg.xml#id(Bmr024.E.asg.58910)..id(Bmr024.E.asg.58911)"/>
      <nite:child href="Bmr024.D.aseg.xml#id(Bmr024.D.asg.58514)..id(Bmr024.D.asg.58516)"/>
      <nite:child href="Bmr024.F.aseg.xml#id(Bmr024.F.asg.59124)..id(Bmr024.F.asg.59126)"/>
      <nite:child href="Bmr024.I.aseg.xml#id(Bmr024.I.asg.59627)"/>
      <nite:child href="Bmr024.F.aseg.xml#id(Bmr024.F.asg.59127)"/>
      <nite:child href="Bmr024.I.aseg.xml#id(Bmr024.I.asg.59628)"/>
      <nite:child href="Bmr024.F.aseg.xml#id(Bmr024.F.asg.59128)..id(Bmr024.F.asg.59135)"/>
      <nite:child href="Bmr024.E.aseg.xml#id(Bmr024.E.asg.58912)"/>
      <nite:child href="Bmr024.F.aseg.xml#id(Bmr024.F.asg.59136)..id(Bmr024.F.asg.59146)"/>
      <nite:child href="Bmr024.D.aseg.xml#id(Bmr024.D.asg.58517)"/>
      <nite:child href="Bmr024.E.aseg.xml#id(Bmr024.E.asg.58913)"/>
      <nite:child href="Bmr024.D.aseg.xml#id(Bmr024.D.asg.58518)..id(Bmr024.D.asg.58524)"/>
      <nite:child href="Bmr024.I.aseg.xml#id(Bmr024.I.asg.59629)..id(Bmr024.I.asg.59630)"/>
      <nite:child href="Bmr024.F.aseg.xml#id(Bmr024.F.asg.59147)"/>
      <nite:child href="Bmr024.I.aseg.xml#id(Bmr024.I.asg.59631)..id(Bmr024.I.asg.59633)"/>
      <nite:child href="Bmr024.D.aseg.xml#id(Bmr024.D.asg.58525)"/>
      <nite:child href="Bmr024.I.aseg.xml#id(Bmr024.I.asg.59634)..id(Bmr024.I.asg.59637)"/>
      <nite:child href="Bmr024.E.aseg.xml#id(Bmr024.E.asg.58914)"/>
      <nite:child href="Bmr024.I.aseg.xml#id(Bmr024.I.asg.59638)"/>
      <nite:child href="Bmr024.E.aseg.xml#id(Bmr024.E.asg.58915)"/>
      <nite:child href="Bmr024.D.aseg.xml#id(Bmr024.D.asg.58526)"/>
      <nite:child href="Bmr024.F.aseg.xml#id(Bmr024.F.asg.59148)"/>
      <nite:child href="Bmr024.I.aseg.xml#id(Bmr024.I.asg.59639)..id(Bmr024.I.asg.59641)"/>
      <nite:child href="Bmr024.D.aseg.xml#id(Bmr024.D.asg.58527)..id(Bmr024.D.asg.58528)"/>
      <nite:child href="Bmr024.A.aseg.xml#id(Bmr024.A.asg.58137)"/>
      <nite:child href="Bmr024.I.aseg.xml#id(Bmr024.I.asg.59642)"/>
      <nite:child href="Bmr024.F.aseg.xml#id(Bmr024.F.asg.59149)"/>
      <nite:child href="Bmr024.I.aseg.xml#id(Bmr024.I.asg.59643)"/>
      <nite:child href="Bmr024.A.aseg.xml#id(Bmr024.A.asg.58138)"/>
      <nite:child href="Bmr024.F.aseg.xml#id(Bmr024.F.asg.59150)..id(Bmr024.F.asg.59151)"/>
      <nite:child href="Bmr024.B.aseg.xml#id(Bmr024.B.asg.58256)..id(Bmr024.B.asg.58258)"/>
      <nite:child href="Bmr024.I.aseg.xml#id(Bmr024.I.asg.59644)..id(Bmr024.I.asg.59646)"/>
      <nite:child href="Bmr024.F.aseg.xml#id(Bmr024.F.asg.59152)..id(Bmr024.F.asg.59153)"/>
      <nite:child href="Bmr024.G.aseg.xml#id(Bmr024.G.asg.59448)"/>
      <nite:child href="Bmr024.F.aseg.xml#id(Bmr024.F.asg.59154)"/>
      <nite:child href="Bmr024.E.aseg.xml#id(Bmr024.E.asg.58916)"/>
      <nite:child href="Bmr024.I.aseg.xml#id(Bmr024.I.asg.59647)"/>
      <nite:child href="Bmr024.G.aseg.xml#id(Bmr024.G.asg.59449)"/>
      <nite:child href="Bmr024.E.aseg.xml#id(Bmr024.E.asg.58917)"/>
      <nite:child href="Bmr024.G.aseg.xml#id(Bmr024.G.asg.59450)"/>
      <nite:child href="Bmr024.I.aseg.xml#id(Bmr024.I.asg.59648)"/>
      <nite:child href="Bmr024.E.aseg.xml#id(Bmr024.E.asg.58918)"/>
      <nite:child href="Bmr024.F.aseg.xml#id(Bmr024.F.asg.59155)"/>
      <nite:child href="Bmr024.G.aseg.xml#id(Bmr024.G.asg.59451)"/>
      <nite:child href="Bmr024.E.aseg.xml#id(Bmr024.E.asg.58919)"/>
      <nite:child href="Bmr024.G.aseg.xml#id(Bmr024.G.asg.59452)"/>
      <nite:child href="Bmr024.D.aseg.xml#id(Bmr024.D.asg.58529)"/>
      <nite:child href="Bmr024.E.aseg.xml#id(Bmr024.E.asg.58920)"/>
      <nite:child href="Bmr024.I.aseg.xml#id(Bmr024.I.asg.59649)"/>
      <nite:child href="Bmr024.G.aseg.xml#id(Bmr024.G.asg.59453)"/>
      <nite:child href="Bmr024.E.aseg.xml#id(Bmr024.E.asg.58921)..id(Bmr024.E.asg.58922)"/>
      <nite:child href="Bmr024.F.aseg.xml#id(Bmr024.F.asg.59156)..id(Bmr024.F.asg.59157)"/>
      <nite:child href="Bmr024.D.aseg.xml#id(Bmr024.D.asg.58530)"/>
      <nite:child href="Bmr024.G.aseg.xml#id(Bmr024.G.asg.59454)"/>
      <nite:child href="Bmr024.F.aseg.xml#id(Bmr024.F.asg.59158)"/>
      <nite:child href="Bmr024.I.aseg.xml#id(Bmr024.I.asg.59650)"/>
      <nite:child href="Bmr024.G.aseg.xml#id(Bmr024.G.asg.59455)"/>
      <nite:child href="Bmr024.F.aseg.xml#id(Bmr024.F.asg.59159)..id(Bmr024.F.asg.59160)"/>
      <nite:child href="Bmr024.D.aseg.xml#id(Bmr024.D.asg.58531)"/>
      <nite:child href="Bmr024.I.aseg.xml#id(Bmr024.I.asg.59651)"/>
      <nite:child href="Bmr024.D.aseg.xml#id(Bmr024.D.asg.58532)"/>
      <nite:child href="Bmr024.I.aseg.xml#id(Bmr024.I.asg.59652)"/>
      <nite:child href="Bmr024.E.aseg.xml#id(Bmr024.E.asg.58923)"/>
      <nite:child href="Bmr024.D.aseg.xml#id(Bmr024.D.asg.58533)..id(Bmr024.D.asg.58534)"/>
      <nite:child href="Bmr024.I.aseg.xml#id(Bmr024.I.asg.59653)"/>
      <nite:child href="Bmr024.E.aseg.xml#id(Bmr024.E.asg.58924)"/>
      <nite:child href="Bmr024.D.aseg.xml#id(Bmr024.D.asg.58535)"/>
      <nite:child href="Bmr024.I.aseg.xml#id(Bmr024.I.asg.59654)..id(Bmr024.I.asg.59655)"/>
      <nite:child href="Bmr024.D.aseg.xml#id(Bmr024.D.asg.58536)"/>
      <nite:child href="Bmr024.B.aseg.xml#id(Bmr024.B.asg.58259)"/>
      <nite:child href="Bmr024.G.aseg.xml#id(Bmr024.G.asg.59456)"/>
      <nite:child href="Bmr024.D.aseg.xml#id(Bmr024.D.asg.58537)"/>
      <nite:child href="Bmr024.E.aseg.xml#id(Bmr024.E.asg.58925)"/>
      <nite:child href="Bmr024.F.aseg.xml#id(Bmr024.F.asg.59161)"/>
      <nite:child href="Bmr024.D.aseg.xml#id(Bmr024.D.asg.58538)"/>
      <nite:child href="Bmr024.E.aseg.xml#id(Bmr024.E.asg.58926)"/>
      <nite:child href="Bmr024.F.aseg.xml#id(Bmr024.F.asg.59162)"/>
      <nite:child href="Bmr024.I.aseg.xml#id(Bmr024.I.asg.59656)"/>
      <nite:child href="Bmr024.E.aseg.xml#id(Bmr024.E.asg.58927)"/>
      <nite:child href="Bmr024.D.aseg.xml#id(Bmr024.D.asg.58539)"/>
      <nite:child href="Bmr024.E.aseg.xml#id(Bmr024.E.asg.58928)"/>
      <nite:child href="Bmr024.D.aseg.xml#id(Bmr024.D.asg.58540)"/>
      <nite:child href="Bmr024.E.aseg.xml#id(Bmr024.E.asg.58929)"/>
      <nite:child href="Bmr024.I.aseg.xml#id(Bmr024.I.asg.59657)"/>
      <nite:child href="Bmr024.E.aseg.xml#id(Bmr024.E.asg.58930)..id(Bmr024.E.asg.58931)"/>
      <nite:child href="Bmr024.I.aseg.xml#id(Bmr024.I.asg.59658)"/>
      <nite:child href="Bmr024.D.aseg.xml#id(Bmr024.D.asg.58541)"/>
      <nite:child href="Bmr024.E.aseg.xml#id(Bmr024.E.asg.58932)"/>
      <nite:child href="Bmr024.I.aseg.xml#id(Bmr024.I.asg.59659)"/>
      <nite:child href="Bmr024.E.aseg.xml#id(Bmr024.E.asg.58933)"/>
      <nite:child href="Bmr024.D.aseg.xml#id(Bmr024.D.asg.58542)"/>
      <nite:child href="Bmr024.I.aseg.xml#id(Bmr024.I.asg.59660)"/>
      <nite:child href="Bmr024.D.aseg.xml#id(Bmr024.D.asg.58543)..id(Bmr024.D.asg.58545)"/>
      <nite:child href="Bmr024.I.aseg.xml#id(Bmr024.I.asg.59661)"/>
      <nite:child href="Bmr024.F.aseg.xml#id(Bmr024.F.asg.59163)"/>
      <nite:child href="Bmr024.D.aseg.xml#id(Bmr024.D.asg.58546)..id(Bmr024.D.asg.58547)"/>
      <nite:child href="Bmr024.F.aseg.xml#id(Bmr024.F.asg.59164)"/>
      <nite:child href="Bmr024.D.aseg.xml#id(Bmr024.D.asg.58548)..id(Bmr024.D.asg.58552)"/>
      <nite:child href="Bmr024.I.aseg.xml#id(Bmr024.I.asg.59662)"/>
      <nite:child href="Bmr024.D.aseg.xml#id(Bmr024.D.asg.58553)..id(Bmr024.D.asg.58555)"/>
      <nite:child href="Bmr024.I.aseg.xml#id(Bmr024.I.asg.59663)"/>
      <nite:child href="Bmr024.F.aseg.xml#id(Bmr024.F.asg.59165)..id(Bmr024.F.asg.59171)"/>
      <nite:child href="Bmr024.D.aseg.xml#id(Bmr024.D.asg.58556)"/>
      <nite:child href="Bmr024.F.aseg.xml#id(Bmr024.F.asg.59172)..id(Bmr024.F.asg.59173)"/>
      <nite:child href="Bmr024.D.aseg.xml#id(Bmr024.D.asg.58557)"/>
      <nite:child href="Bmr024.F.aseg.xml#id(Bmr024.F.asg.59174)"/>
      <nite:child href="Bmr024.D.aseg.xml#id(Bmr024.D.asg.58558)"/>
      <nite:child href="Bmr024.E.aseg.xml#id(Bmr024.E.asg.58934)"/>
      <nite:child href="Bmr024.G.aseg.xml#id(Bmr024.G.asg.59457)"/>
      <nite:child href="Bmr024.A.aseg.xml#id(Bmr024.A.asg.58139)"/>
      <nite:child href="Bmr024.D.aseg.xml#id(Bmr024.D.asg.58559)"/>
      <nite:child href="Bmr024.G.aseg.xml#id(Bmr024.G.asg.59458)"/>
      <nite:child href="Bmr024.F.aseg.xml#id(Bmr024.F.asg.59175)"/>
      <nite:child href="Bmr024.G.aseg.xml#id(Bmr024.G.asg.59459)"/>
      <nite:child href="Bmr024.D.aseg.xml#id(Bmr024.D.asg.58560)"/>
      <nite:child href="Bmr024.F.aseg.xml#id(Bmr024.F.asg.59176)"/>
      <nite:child href="Bmr024.A.aseg.xml#id(Bmr024.A.asg.58140)"/>
      <nite:child href="Bmr024.G.aseg.xml#id(Bmr024.G.asg.59460)"/>
      <nite:child href="Bmr024.F.aseg.xml#id(Bmr024.F.asg.59177)"/>
      <nite:child href="Bmr024.G.aseg.xml#id(Bmr024.G.asg.59461)"/>
      <nite:child href="Bmr024.F.aseg.xml#id(Bmr024.F.asg.59178)"/>
      <nite:child href="Bmr024.A.aseg.xml#id(Bmr024.A.asg.58141)"/>
      <nite:child href="Bmr024.D.aseg.xml#id(Bmr024.D.asg.58561)"/>
      <nite:child href="Bmr024.F.aseg.xml#id(Bmr024.F.asg.59179)..id(Bmr024.F.asg.59182)"/>
      <nite:child href="Bmr024.I.aseg.xml#id(Bmr024.I.asg.59664)"/>
      <nite:child href="Bmr024.E.aseg.xml#id(Bmr024.E.asg.58935)"/>
      <nite:child href="Bmr024.I.aseg.xml#id(Bmr024.I.asg.59665)"/>
      <nite:child href="Bmr024.F.aseg.xml#id(Bmr024.F.asg.59183)"/>
      <nite:child href="Bmr024.I.aseg.xml#id(Bmr024.I.asg.59666)"/>
      <nite:child href="Bmr024.A.aseg.xml#id(Bmr024.A.asg.58142)"/>
      <nite:child href="Bmr024.I.aseg.xml#id(Bmr024.I.asg.59667)..id(Bmr024.I.asg.59669)"/>
      <nite:child href="Bmr024.D.aseg.xml#id(Bmr024.D.asg.58562)"/>
      <nite:child href="Bmr024.I.aseg.xml#id(Bmr024.I.asg.59670)"/>
      <nite:child href="Bmr024.F.aseg.xml#id(Bmr024.F.asg.59184)"/>
      <nite:child href="Bmr024.A.aseg.xml#id(Bmr024.A.asg.58143)..id(Bmr024.A.asg.58146)"/>
      <nite:child href="Bmr024.D.aseg.xml#id(Bmr024.D.asg.58563)"/>
      <nite:child href="Bmr024.A.aseg.xml#id(Bmr024.A.asg.58147)"/>
      <nite:child href="Bmr024.D.aseg.xml#id(Bmr024.D.asg.58564)..id(Bmr024.D.asg.58566)"/>
      <nite:child href="Bmr024.A.aseg.xml#id(Bmr024.A.asg.58148)"/>
      <nite:child href="Bmr024.D.aseg.xml#id(Bmr024.D.asg.58567)..id(Bmr024.D.asg.58568)"/>
      <nite:child href="Bmr024.F.aseg.xml#id(Bmr024.F.asg.59185)"/>
      <nite:child href="Bmr024.D.aseg.xml#id(Bmr024.D.asg.58569)"/>
      <nite:child href="Bmr024.F.aseg.xml#id(Bmr024.F.asg.59186)"/>
      <nite:child href="Bmr024.A.aseg.xml#id(Bmr024.A.asg.58149)"/>
      <nite:child href="Bmr024.E.aseg.xml#id(Bmr024.E.asg.58936)"/>
      <nite:child href="Bmr024.D.aseg.xml#id(Bmr024.D.asg.58570)..id(Bmr024.D.asg.58574)"/>
      <nite:child href="Bmr024.I.aseg.xml#id(Bmr024.I.asg.59671)"/>
      <nite:child href="Bmr024.F.aseg.xml#id(Bmr024.F.asg.59187)..id(Bmr024.F.asg.59188)"/>
      <nite:child href="Bmr024.I.aseg.xml#id(Bmr024.I.asg.59672)"/>
      <nite:child href="Bmr024.F.aseg.xml#id(Bmr024.F.asg.59189)"/>
      <nite:child href="Bmr024.I.aseg.xml#id(Bmr024.I.asg.59673)"/>
      <nite:child href="Bmr024.F.aseg.xml#id(Bmr024.F.asg.59190)"/>
      <nite:child href="Bmr024.D.aseg.xml#id(Bmr024.D.asg.58575)..id(Bmr024.D.asg.58577)"/>
      <nite:child href="Bmr024.F.aseg.xml#id(Bmr024.F.asg.59191)..id(Bmr024.F.asg.59193)"/>
      <nite:child href="Bmr024.D.aseg.xml#id(Bmr024.D.asg.58578)"/>
      <nite:child href="Bmr024.G.aseg.xml#id(Bmr024.G.asg.59462)..id(Bmr024.G.asg.59463)"/>
      <nite:child href="Bmr024.F.aseg.xml#id(Bmr024.F.asg.59194)"/>
      <nite:child href="Bmr024.G.aseg.xml#id(Bmr024.G.asg.59464)"/>
      <nite:child href="Bmr024.D.aseg.xml#id(Bmr024.D.asg.58579)"/>
      <nite:child href="Bmr024.G.aseg.xml#id(Bmr024.G.asg.59465)..id(Bmr024.G.asg.59467)"/>
      <nite:child href="Bmr024.F.aseg.xml#id(Bmr024.F.asg.59195)"/>
      <nite:child href="Bmr024.I.aseg.xml#id(Bmr024.I.asg.59674)"/>
      <nite:child href="Bmr024.F.aseg.xml#id(Bmr024.F.asg.59196)..id(Bmr024.F.asg.59197)"/>
      <nite:child href="Bmr024.D.aseg.xml#id(Bmr024.D.asg.58580)"/>
      <nite:child href="Bmr024.F.aseg.xml#id(Bmr024.F.asg.59198)..id(Bmr024.F.asg.59199)"/>
      <nite:child href="Bmr024.D.aseg.xml#id(Bmr024.D.asg.58581)..id(Bmr024.D.asg.58582)"/>
      <nite:child href="Bmr024.F.aseg.xml#id(Bmr024.F.asg.59200)"/>
      <nite:child href="Bmr024.D.aseg.xml#id(Bmr024.D.asg.58583)"/>
      <nite:child href="Bmr024.F.aseg.xml#id(Bmr024.F.asg.59201)"/>
      <nite:child href="Bmr024.D.aseg.xml#id(Bmr024.D.asg.58584)..id(Bmr024.D.asg.58586)"/>
      <nite:child href="Bmr024.B.aseg.xml#id(Bmr024.B.asg.58260)..id(Bmr024.B.asg.58264)"/>
      <nite:child href="Bmr024.E.aseg.xml#id(Bmr024.E.asg.58937)"/>
      <nite:child href="Bmr024.B.aseg.xml#id(Bmr024.B.asg.58265)..id(Bmr024.B.asg.58266)"/>
      <nite:child href="Bmr024.E.aseg.xml#id(Bmr024.E.asg.58938)"/>
      <nite:child href="Bmr024.D.aseg.xml#id(Bmr024.D.asg.58587)"/>
      <nite:child href="Bmr024.F.aseg.xml#id(Bmr024.F.asg.59202)"/>
      <nite:child href="Bmr024.I.aseg.xml#id(Bmr024.I.asg.59675)"/>
      <nite:child href="Bmr024.F.aseg.xml#id(Bmr024.F.asg.59203)..id(Bmr024.F.asg.59204)"/>
      <nite:child href="Bmr024.E.aseg.xml#id(Bmr024.E.asg.58939)"/>
      <nite:child href="Bmr024.I.aseg.xml#id(Bmr024.I.asg.59676)"/>
      <nite:child href="Bmr024.D.aseg.xml#id(Bmr024.D.asg.58588)"/>
      <nite:child href="Bmr024.F.aseg.xml#id(Bmr024.F.asg.59205)"/>
      <nite:child href="Bmr024.D.aseg.xml#id(Bmr024.D.asg.58589)..id(Bmr024.D.asg.58597)"/>
      <nite:child href="Bmr024.E.aseg.xml#id(Bmr024.E.asg.58940)"/>
      <nite:child href="Bmr024.I.aseg.xml#id(Bmr024.I.asg.59677)"/>
      <nite:child href="Bmr024.E.aseg.xml#id(Bmr024.E.asg.58941)"/>
      <nite:child href="Bmr024.F.aseg.xml#id(Bmr024.F.asg.59206)"/>
      <nite:child href="Bmr024.D.aseg.xml#id(Bmr024.D.asg.58598)"/>
      <nite:child href="Bmr024.I.aseg.xml#id(Bmr024.I.asg.59678)"/>
      <nite:child href="Bmr024.F.aseg.xml#id(Bmr024.F.asg.59207)"/>
      <nite:child href="Bmr024.B.aseg.xml#id(Bmr024.B.asg.58267)"/>
      <nite:child href="Bmr024.D.aseg.xml#id(Bmr024.D.asg.58599)"/>
      <nite:child href="Bmr024.I.aseg.xml#id(Bmr024.I.asg.59679)"/>
      <nite:child href="Bmr024.E.aseg.xml#id(Bmr024.E.asg.58942)"/>
      <nite:child href="Bmr024.B.aseg.xml#id(Bmr024.B.asg.58268)"/>
      <nite:child href="Bmr024.D.aseg.xml#id(Bmr024.D.asg.58600)"/>
      <nite:child href="Bmr024.B.aseg.xml#id(Bmr024.B.asg.58269)"/>
      <nite:child href="Bmr024.I.aseg.xml#id(Bmr024.I.asg.59680)"/>
      <nite:child href="Bmr024.D.aseg.xml#id(Bmr024.D.asg.58601)"/>
      <nite:child href="Bmr024.F.aseg.xml#id(Bmr024.F.asg.59208)"/>
      <nite:child href="Bmr024.A.aseg.xml#id(Bmr024.A.asg.58150)"/>
      <nite:child href="Bmr024.D.aseg.xml#id(Bmr024.D.asg.58602)"/>
      <nite:child href="Bmr024.I.aseg.xml#id(Bmr024.I.asg.59681)"/>
      <nite:child href="Bmr024.F.aseg.xml#id(Bmr024.F.asg.59209)"/>
      <nite:child href="Bmr024.I.aseg.xml#id(Bmr024.I.asg.59682)"/>
      <nite:child href="Bmr024.D.aseg.xml#id(Bmr024.D.asg.58603)"/>
      <nite:child href="Bmr024.F.aseg.xml#id(Bmr024.F.asg.59210)..id(Bmr024.F.asg.59212)"/>
      <nite:child href="Bmr024.I.aseg.xml#id(Bmr024.I.asg.59683)..id(Bmr024.I.asg.59684)"/>
      <nite:child href="Bmr024.B.aseg.xml#id(Bmr024.B.asg.58270)"/>
      <nite:child href="Bmr024.I.aseg.xml#id(Bmr024.I.asg.59685)"/>
      <nite:child href="Bmr024.F.aseg.xml#id(Bmr024.F.asg.59213)..id(Bmr024.F.asg.59214)"/>
      <nite:child href="Bmr024.B.aseg.xml#id(Bmr024.B.asg.58271)"/>
      <nite:child href="Bmr024.F.aseg.xml#id(Bmr024.F.asg.59215)..id(Bmr024.F.asg.59218)"/>
      <nite:child href="Bmr024.B.aseg.xml#id(Bmr024.B.asg.58272)..id(Bmr024.B.asg.58274)"/>
      <nite:child href="Bmr024.F.aseg.xml#id(Bmr024.F.asg.59219)"/>
      <nite:child href="Bmr024.B.aseg.xml#id(Bmr024.B.asg.58275)..id(Bmr024.B.asg.58276)"/>
      <nite:child href="Bmr024.F.aseg.xml#id(Bmr024.F.asg.59220)..id(Bmr024.F.asg.59221)"/>
      <nite:child href="Bmr024.B.aseg.xml#id(Bmr024.B.asg.58277)"/>
      <nite:child href="Bmr024.E.aseg.xml#id(Bmr024.E.asg.58943)"/>
      <nite:child href="Bmr024.F.aseg.xml#id(Bmr024.F.asg.59222)"/>
      <nite:child href="Bmr024.B.aseg.xml#id(Bmr024.B.asg.58278)"/>
      <nite:child href="Bmr024.F.aseg.xml#id(Bmr024.F.asg.59223)..id(Bmr024.F.asg.59225)"/>
      <nite:child href="Bmr024.B.aseg.xml#id(Bmr024.B.asg.58279)"/>
      <nite:child href="Bmr024.F.aseg.xml#id(Bmr024.F.asg.59226)..id(Bmr024.F.asg.59227)"/>
      <nite:child href="Bmr024.D.aseg.xml#id(Bmr024.D.asg.58604)..id(Bmr024.D.asg.58605)"/>
      <nite:child href="Bmr024.I.aseg.xml#id(Bmr024.I.asg.59686)..id(Bmr024.I.asg.59692)"/>
      <nite:child href="Bmr024.F.aseg.xml#id(Bmr024.F.asg.59228)"/>
      <nite:child href="Bmr024.D.aseg.xml#id(Bmr024.D.asg.58606)"/>
      <nite:child href="Bmr024.F.aseg.xml#id(Bmr024.F.asg.59229)"/>
      <nite:child href="Bmr024.I.aseg.xml#id(Bmr024.I.asg.59693)"/>
      <nite:child href="Bmr024.F.aseg.xml#id(Bmr024.F.asg.59230)"/>
      <nite:child href="Bmr024.D.aseg.xml#id(Bmr024.D.asg.58607)"/>
      <nite:child href="Bmr024.I.aseg.xml#id(Bmr024.I.asg.59694)"/>
      <nite:child href="Bmr024.D.aseg.xml#id(Bmr024.D.asg.58608)..id(Bmr024.D.asg.58611)"/>
      <nite:child href="Bmr024.I.aseg.xml#id(Bmr024.I.asg.59695)"/>
      <nite:child href="Bmr024.D.aseg.xml#id(Bmr024.D.asg.58612)..id(Bmr024.D.asg.58615)"/>
      <nite:child href="Bmr024.F.aseg.xml#id(Bmr024.F.asg.59231)"/>
      <nite:child href="Bmr024.D.aseg.xml#id(Bmr024.D.asg.58616)"/>
      <nite:child href="Bmr024.I.aseg.xml#id(Bmr024.I.asg.59696)"/>
      <nite:child href="Bmr024.F.aseg.xml#id(Bmr024.F.asg.59232)"/>
      <nite:child href="Bmr024.I.aseg.xml#id(Bmr024.I.asg.59697)..id(Bmr024.I.asg.59702)"/>
      <nite:child href="Bmr024.F.aseg.xml#id(Bmr024.F.asg.59233)"/>
      <nite:child href="Bmr024.I.aseg.xml#id(Bmr024.I.asg.59703)..id(Bmr024.I.asg.59704)"/>
      <nite:child href="Bmr024.F.aseg.xml#id(Bmr024.F.asg.59234)"/>
      <nite:child href="Bmr024.I.aseg.xml#id(Bmr024.I.asg.59705)..id(Bmr024.I.asg.59707)"/>
      <nite:child href="Bmr024.F.aseg.xml#id(Bmr024.F.asg.59235)..id(Bmr024.F.asg.59237)"/>
      <nite:child href="Bmr024.D.aseg.xml#id(Bmr024.D.asg.58617)"/>
      <nite:child href="Bmr024.B.aseg.xml#id(Bmr024.B.asg.58280)..id(Bmr024.B.asg.58287)"/>
      <nite:child href="Bmr024.F.aseg.xml#id(Bmr024.F.asg.59238)"/>
      <nite:child href="Bmr024.I.aseg.xml#id(Bmr024.I.asg.59708)..id(Bmr024.I.asg.59711)"/>
      <nite:child href="Bmr024.F.aseg.xml#id(Bmr024.F.asg.59239)..id(Bmr024.F.asg.59240)"/>
      <nite:child href="Bmr024.I.aseg.xml#id(Bmr024.I.asg.59712)"/>
      <nite:child href="Bmr024.F.aseg.xml#id(Bmr024.F.asg.59241)"/>
      <nite:child href="Bmr024.I.aseg.xml#id(Bmr024.I.asg.59713)"/>
      <nite:child href="Bmr024.F.aseg.xml#id(Bmr024.F.asg.59242)"/>
      <nite:child href="Bmr024.I.aseg.xml#id(Bmr024.I.asg.59714)"/>
      <nite:child href="Bmr024.F.aseg.xml#id(Bmr024.F.asg.59243)..id(Bmr024.F.asg.59244)"/>
      <nite:child href="Bmr024.I.aseg.xml#id(Bmr024.I.asg.59715)"/>
      <nite:child href="Bmr024.F.aseg.xml#id(Bmr024.F.asg.59245)..id(Bmr024.F.asg.59246)"/>
      <nite:child href="Bmr024.I.aseg.xml#id(Bmr024.I.asg.59716)"/>
      <nite:child href="Bmr024.F.aseg.xml#id(Bmr024.F.asg.59247)..id(Bmr024.F.asg.59250)"/>
      <nite:child href="Bmr024.I.aseg.xml#id(Bmr024.I.asg.59717)"/>
      <nite:child href="Bmr024.B.aseg.xml#id(Bmr024.B.asg.58288)"/>
      <nite:child href="Bmr024.F.aseg.xml#id(Bmr024.F.asg.59251)"/>
      <nite:child href="Bmr024.A.aseg.xml#id(Bmr024.A.asg.58151)"/>
      <nite:child href="Bmr024.D.aseg.xml#id(Bmr024.D.asg.58618)"/>
      <nite:child href="Bmr024.F.aseg.xml#id(Bmr024.F.asg.59252)"/>
      <nite:child href="Bmr024.D.aseg.xml#id(Bmr024.D.asg.58619)"/>
      <nite:child href="Bmr024.A.aseg.xml#id(Bmr024.A.asg.58152)"/>
      <nite:child href="Bmr024.I.aseg.xml#id(Bmr024.I.asg.59718)..id(Bmr024.I.asg.59721)"/>
      <nite:child href="Bmr024.E.aseg.xml#id(Bmr024.E.asg.58944)"/>
      <nite:child href="Bmr024.I.aseg.xml#id(Bmr024.I.asg.59722)"/>
      <nite:child href="Bmr024.D.aseg.xml#id(Bmr024.D.asg.58620)"/>
      <nite:child href="Bmr024.F.aseg.xml#id(Bmr024.F.asg.59253)..id(Bmr024.F.asg.59254)"/>
      <nite:child href="Bmr024.D.aseg.xml#id(Bmr024.D.asg.58621)"/>
      <nite:child href="Bmr024.F.aseg.xml#id(Bmr024.F.asg.59255)"/>
      <nite:child href="Bmr024.G.aseg.xml#id(Bmr024.G.asg.59468)"/>
      <nite:child href="Bmr024.F.aseg.xml#id(Bmr024.F.asg.59256)"/>
      <nite:child href="Bmr024.G.aseg.xml#id(Bmr024.G.asg.59469)"/>
      <nite:child href="Bmr024.F.aseg.xml#id(Bmr024.F.asg.59257)..id(Bmr024.F.asg.59258)"/>
      <nite:child href="Bmr024.I.aseg.xml#id(Bmr024.I.asg.59723)"/>
      <nite:child href="Bmr024.G.aseg.xml#id(Bmr024.G.asg.59470)"/>
      <nite:child href="Bmr024.F.aseg.xml#id(Bmr024.F.asg.59259)"/>
      <nite:child href="Bmr024.D.aseg.xml#id(Bmr024.D.asg.58622)"/>
      <nite:child href="Bmr024.G.aseg.xml#id(Bmr024.G.asg.59471)"/>
      <nite:child href="Bmr024.I.aseg.xml#id(Bmr024.I.asg.59724)"/>
      <nite:child href="Bmr024.E.aseg.xml#id(Bmr024.E.asg.58945)"/>
      <nite:child href="Bmr024.F.aseg.xml#id(Bmr024.F.asg.59260)..id(Bmr024.F.asg.59261)"/>
      <nite:child href="Bmr024.H.aseg.xml#id(Bmr024.H.asg.59512)"/>
      <nite:child href="Bmr024.D.aseg.xml#id(Bmr024.D.asg.58623)"/>
      <nite:child href="Bmr024.G.aseg.xml#id(Bmr024.G.asg.59472)"/>
      <nite:child href="Bmr024.H.aseg.xml#id(Bmr024.H.asg.59513)"/>
      <nite:child href="Bmr024.F.aseg.xml#id(Bmr024.F.asg.59262)"/>
      <nite:child href="Bmr024.D.aseg.xml#id(Bmr024.D.asg.58624)"/>
      <nite:child href="Bmr024.F.aseg.xml#id(Bmr024.F.asg.59263)..id(Bmr024.F.asg.59265)"/>
      <nite:child href="Bmr024.G.aseg.xml#id(Bmr024.G.asg.59473)"/>
      <nite:child href="Bmr024.F.aseg.xml#id(Bmr024.F.asg.59266)..id(Bmr024.F.asg.59270)"/>
      <nite:child href="Bmr024.I.aseg.xml#id(Bmr024.I.asg.59725)"/>
      <nite:child href="Bmr024.F.aseg.xml#id(Bmr024.F.asg.59271)"/>
      <nite:child href="Bmr024.I.aseg.xml#id(Bmr024.I.asg.59726)"/>
      <nite:child href="Bmr024.F.aseg.xml#id(Bmr024.F.asg.59272)..id(Bmr024.F.asg.59274)"/>
      <nite:child href="Bmr024.I.aseg.xml#id(Bmr024.I.asg.59727)..id(Bmr024.I.asg.59732)"/>
      <nite:child href="Bmr024.F.aseg.xml#id(Bmr024.F.asg.59275)"/>
      <nite:child href="Bmr024.I.aseg.xml#id(Bmr024.I.asg.59733)"/>
      <nite:child href="Bmr024.F.aseg.xml#id(Bmr024.F.asg.59276)"/>
      <nite:child href="Bmr024.I.aseg.xml#id(Bmr024.I.asg.59734)"/>
      <nite:child href="Bmr024.F.aseg.xml#id(Bmr024.F.asg.59277)"/>
      <nite:child href="Bmr024.I.aseg.xml#id(Bmr024.I.asg.59735)"/>
      <nite:child href="Bmr024.F.aseg.xml#id(Bmr024.F.asg.59278)"/>
      <nite:child href="Bmr024.I.aseg.xml#id(Bmr024.I.asg.59736)"/>
      <nite:child href="Bmr024.F.aseg.xml#id(Bmr024.F.asg.59279)"/>
      <nite:child href="Bmr024.I.aseg.xml#id(Bmr024.I.asg.59737)..id(Bmr024.I.asg.59743)"/>
      <nite:child href="Bmr024.H.aseg.xml#id(Bmr024.H.asg.59514)..id(Bmr024.H.asg.59515)"/>
      <nite:child href="Bmr024.I.aseg.xml#id(Bmr024.I.asg.59744)"/>
      <nite:child href="Bmr024.H.aseg.xml#id(Bmr024.H.asg.59516)"/>
      <nite:child href="Bmr024.I.aseg.xml#id(Bmr024.I.asg.59745)"/>
      <nite:child href="Bmr024.F.aseg.xml#id(Bmr024.F.asg.59280)..id(Bmr024.F.asg.59281)"/>
      <nite:child href="Bmr024.I.aseg.xml#id(Bmr024.I.asg.59746)"/>
      <nite:child href="Bmr024.H.aseg.xml#id(Bmr024.H.asg.59517)"/>
      <nite:child href="Bmr024.F.aseg.xml#id(Bmr024.F.asg.59282)..id(Bmr024.F.asg.59283)"/>
      <nite:child href="Bmr024.B.aseg.xml#id(Bmr024.B.asg.58289)"/>
      <nite:child href="Bmr024.G.aseg.xml#id(Bmr024.G.asg.59474)"/>
      <nite:child href="Bmr024.H.aseg.xml#id(Bmr024.H.asg.59518)"/>
      <nite:child href="Bmr024.I.aseg.xml#id(Bmr024.I.asg.59747)"/>
      <nite:child href="Bmr024.G.aseg.xml#id(Bmr024.G.asg.59475)"/>
      <nite:child href="Bmr024.B.aseg.xml#id(Bmr024.B.asg.58290)..id(Bmr024.B.asg.58291)"/>
      <nite:child href="Bmr024.G.aseg.xml#id(Bmr024.G.asg.59476)"/>
      <nite:child href="Bmr024.E.aseg.xml#id(Bmr024.E.asg.58946)"/>
      <nite:child href="Bmr024.F.aseg.xml#id(Bmr024.F.asg.59284)"/>
      <nite:child href="Bmr024.D.aseg.xml#id(Bmr024.D.asg.58625)"/>
      <nite:child href="Bmr024.I.aseg.xml#id(Bmr024.I.asg.59748)"/>
      <nite:child href="Bmr024.F.aseg.xml#id(Bmr024.F.asg.59285)..id(Bmr024.F.asg.59286)"/>
      <nite:child href="Bmr024.E.aseg.xml#id(Bmr024.E.asg.58947)"/>
      <nite:child href="Bmr024.G.aseg.xml#id(Bmr024.G.asg.59477)"/>
      <nite:child href="Bmr024.B.aseg.xml#id(Bmr024.B.asg.58292)"/>
      <nite:child href="Bmr024.F.aseg.xml#id(Bmr024.F.asg.59287)..id(Bmr024.F.asg.59288)"/>
      <nite:child href="Bmr024.H.aseg.xml#id(Bmr024.H.asg.59519)"/>
      <nite:child href="Bmr024.D.aseg.xml#id(Bmr024.D.asg.58626)"/>
      <nite:child href="Bmr024.F.aseg.xml#id(Bmr024.F.asg.59289)"/>
      <nite:child href="Bmr024.I.aseg.xml#id(Bmr024.I.asg.59749)"/>
      <nite:child href="Bmr024.D.aseg.xml#id(Bmr024.D.asg.58627)"/>
      <nite:child href="Bmr024.I.aseg.xml#id(Bmr024.I.asg.59750)..id(Bmr024.I.asg.59752)"/>
      <nite:child href="Bmr024.F.aseg.xml#id(Bmr024.F.asg.59290)"/>
      <nite:child href="Bmr024.I.aseg.xml#id(Bmr024.I.asg.59753)"/>
      <nite:child href="Bmr024.F.aseg.xml#id(Bmr024.F.asg.59291)..id(Bmr024.F.asg.59293)"/>
      <nite:child href="Bmr024.I.aseg.xml#id(Bmr024.I.asg.59754)"/>
      <nite:child href="Bmr024.F.aseg.xml#id(Bmr024.F.asg.59294)..id(Bmr024.F.asg.59296)"/>
      <nite:child href="Bmr024.I.aseg.xml#id(Bmr024.I.asg.59755)"/>
      <nite:child href="Bmr024.F.aseg.xml#id(Bmr024.F.asg.59297)"/>
      <nite:child href="Bmr024.G.aseg.xml#id(Bmr024.G.asg.59478)"/>
      <nite:child href="Bmr024.F.aseg.xml#id(Bmr024.F.asg.59298)..id(Bmr024.F.asg.59300)"/>
      <nite:child href="Bmr024.I.aseg.xml#id(Bmr024.I.asg.59756)"/>
      <nite:child href="Bmr024.F.aseg.xml#id(Bmr024.F.asg.59301)"/>
      <nite:child href="Bmr024.D.aseg.xml#id(Bmr024.D.asg.58628)"/>
      <nite:child href="Bmr024.F.aseg.xml#id(Bmr024.F.asg.59302)"/>
      <nite:child href="Bmr024.D.aseg.xml#id(Bmr024.D.asg.58629)..id(Bmr024.D.asg.58630)"/>
      <nite:child href="Bmr024.I.aseg.xml#id(Bmr024.I.asg.59757)"/>
      <nite:child href="Bmr024.F.aseg.xml#id(Bmr024.F.asg.59303)"/>
      <nite:child href="Bmr024.D.aseg.xml#id(Bmr024.D.asg.58631)"/>
      <nite:child href="Bmr024.I.aseg.xml#id(Bmr024.I.asg.59758)..id(Bmr024.I.asg.59762)"/>
      <nite:child href="Bmr024.F.aseg.xml#id(Bmr024.F.asg.59304)..id(Bmr024.F.asg.59306)"/>
      <nite:child href="Bmr024.I.aseg.xml#id(Bmr024.I.asg.59763)..id(Bmr024.I.asg.59770)"/>
      <nite:child href="Bmr024.F.aseg.xml#id(Bmr024.F.asg.59307)"/>
      <nite:child href="Bmr024.I.aseg.xml#id(Bmr024.I.asg.59771)..id(Bmr024.I.asg.59772)"/>
      <nite:child href="Bmr024.F.aseg.xml#id(Bmr024.F.asg.59308)"/>
      <nite:child href="Bmr024.D.aseg.xml#id(Bmr024.D.asg.58632)"/>
      <nite:child href="Bmr024.I.aseg.xml#id(Bmr024.I.asg.59773)"/>
      <nite:child href="Bmr024.F.aseg.xml#id(Bmr024.F.asg.59309)"/>
      <nite:child href="Bmr024.D.aseg.xml#id(Bmr024.D.asg.58633)..id(Bmr024.D.asg.58634)"/>
      <nite:child href="Bmr024.F.aseg.xml#id(Bmr024.F.asg.59310)"/>
      <nite:child href="Bmr024.I.aseg.xml#id(Bmr024.I.asg.59774)"/>
      <nite:child href="Bmr024.D.aseg.xml#id(Bmr024.D.asg.58635)"/>
      <nite:child href="Bmr024.G.aseg.xml#id(Bmr024.G.asg.59479)"/>
      <nite:child href="Bmr024.D.aseg.xml#id(Bmr024.D.asg.58636)..id(Bmr024.D.asg.58638)"/>
      <nite:child href="Bmr024.A.aseg.xml#id(Bmr024.A.asg.58153)"/>
      <nite:child href="Bmr024.D.aseg.xml#id(Bmr024.D.asg.58639)"/>
      <nite:child href="Bmr024.B.aseg.xml#id(Bmr024.B.asg.58293)"/>
      <nite:child href="Bmr024.D.aseg.xml#id(Bmr024.D.asg.58640)"/>
      <nite:child href="Bmr024.F.aseg.xml#id(Bmr024.F.asg.59311)"/>
      <nite:child href="Bmr024.D.aseg.xml#id(Bmr024.D.asg.58641)"/>
      <nite:child href="Bmr024.F.aseg.xml#id(Bmr024.F.asg.59312)"/>
      <nite:child href="Bmr024.I.aseg.xml#id(Bmr024.I.asg.59775)"/>
      <nite:child href="Bmr024.F.aseg.xml#id(Bmr024.F.asg.59313)"/>
      <nite:child href="Bmr024.I.aseg.xml#id(Bmr024.I.asg.59776)..id(Bmr024.I.asg.59777)"/>
      <nite:child href="Bmr024.F.aseg.xml#id(Bmr024.F.asg.59314)..id(Bmr024.F.asg.59315)"/>
      <nite:child href="Bmr024.D.aseg.xml#id(Bmr024.D.asg.58642)"/>
      <nite:child href="Bmr024.F.aseg.xml#id(Bmr024.F.asg.59316)"/>
      <nite:child href="Bmr024.I.aseg.xml#id(Bmr024.I.asg.59778)"/>
      <nite:child href="Bmr024.D.aseg.xml#id(Bmr024.D.asg.58643)"/>
      <nite:child href="Bmr024.I.aseg.xml#id(Bmr024.I.asg.59779)"/>
      <nite:child href="Bmr024.D.aseg.xml#id(Bmr024.D.asg.58644)"/>
      <nite:child href="Bmr024.I.aseg.xml#id(Bmr024.I.asg.59780)"/>
      <nite:child href="Bmr024.D.aseg.xml#id(Bmr024.D.asg.58645)"/>
      <nite:child href="Bmr024.F.aseg.xml#id(Bmr024.F.asg.59317)"/>
      <nite:child href="Bmr024.I.aseg.xml#id(Bmr024.I.asg.59781)"/>
      <nite:child href="Bmr024.D.aseg.xml#id(Bmr024.D.asg.58646)"/>
      <nite:child href="Bmr024.I.aseg.xml#id(Bmr024.I.asg.59782)"/>
      <nite:child href="Bmr024.D.aseg.xml#id(Bmr024.D.asg.58647)..id(Bmr024.D.asg.58648)"/>
      <nite:child href="Bmr024.G.aseg.xml#id(Bmr024.G.asg.59480)..id(Bmr024.G.asg.59481)"/>
      <nite:child href="Bmr024.F.aseg.xml#id(Bmr024.F.asg.59318)..id(Bmr024.F.asg.59321)"/>
      <nite:child href="Bmr024.B.aseg.xml#id(Bmr024.B.asg.58294)"/>
      <nite:child href="Bmr024.F.aseg.xml#id(Bmr024.F.asg.59322)..id(Bmr024.F.asg.59324)"/>
      <nite:child href="Bmr024.B.aseg.xml#id(Bmr024.B.asg.58295)"/>
      <nite:child href="Bmr024.G.aseg.xml#id(Bmr024.G.asg.59482)"/>
      <nite:child href="Bmr024.F.aseg.xml#id(Bmr024.F.asg.59325)"/>
      <nite:child href="Bmr024.G.aseg.xml#id(Bmr024.G.asg.59483)"/>
      <nite:child href="Bmr024.F.aseg.xml#id(Bmr024.F.asg.59326)"/>
      <nite:child href="Bmr024.G.aseg.xml#id(Bmr024.G.asg.59484)..id(Bmr024.G.asg.59486)"/>
      <nite:child href="Bmr024.F.aseg.xml#id(Bmr024.F.asg.59327)"/>
      <nite:child href="Bmr024.G.aseg.xml#id(Bmr024.G.asg.59487)"/>
      <nite:child href="Bmr024.F.aseg.xml#id(Bmr024.F.asg.59328)"/>
      <nite:child href="Bmr024.G.aseg.xml#id(Bmr024.G.asg.59488)..id(Bmr024.G.asg.59489)"/>
      <nite:child href="Bmr024.I.aseg.xml#id(Bmr024.I.asg.59783)..id(Bmr024.I.asg.59784)"/>
      <nite:child href="Bmr024.G.aseg.xml#id(Bmr024.G.asg.59490)"/>
      <nite:child href="Bmr024.F.aseg.xml#id(Bmr024.F.asg.59329)"/>
      <nite:child href="Bmr024.I.aseg.xml#id(Bmr024.I.asg.59785)"/>
      <nite:child href="Bmr024.F.aseg.xml#id(Bmr024.F.asg.59330)"/>
      <nite:child href="Bmr024.B.aseg.xml#id(Bmr024.B.asg.58296)"/>
      <nite:child href="Bmr024.I.aseg.xml#id(Bmr024.I.asg.59786)"/>
      <nite:child href="Bmr024.F.aseg.xml#id(Bmr024.F.asg.59331)"/>
      <nite:child href="Bmr024.I.aseg.xml#id(Bmr024.I.asg.59787)"/>
      <nite:child href="Bmr024.F.aseg.xml#id(Bmr024.F.asg.59332)"/>
      <nite:child href="Bmr024.I.aseg.xml#id(Bmr024.I.asg.59788)..id(Bmr024.I.asg.59791)"/>
      <nite:child href="Bmr024.F.aseg.xml#id(Bmr024.F.asg.59333)..id(Bmr024.F.asg.59336)"/>
      <nite:child href="Bmr024.D.aseg.xml#id(Bmr024.D.asg.58649)..id(Bmr024.D.asg.58650)"/>
      <nite:child href="Bmr024.F.aseg.xml#id(Bmr024.F.asg.59337)"/>
      <nite:child href="Bmr024.I.aseg.xml#id(Bmr024.I.asg.59792)..id(Bmr024.I.asg.59794)"/>
      <nite:child href="Bmr024.D.aseg.xml#id(Bmr024.D.asg.58651)"/>
      <nite:child href="Bmr024.G.aseg.xml#id(Bmr024.G.asg.59491)..id(Bmr024.G.asg.59493)"/>
      <nite:child href="Bmr024.F.aseg.xml#id(Bmr024.F.asg.59338)"/>
      <nite:child href="Bmr024.G.aseg.xml#id(Bmr024.G.asg.59494)"/>
      <nite:child href="Bmr024.F.aseg.xml#id(Bmr024.F.asg.59339)"/>
      <nite:child href="Bmr024.D.aseg.xml#id(Bmr024.D.asg.58652)"/>
      <nite:child href="Bmr024.F.aseg.xml#id(Bmr024.F.asg.59340)..id(Bmr024.F.asg.59343)"/>
      <nite:child href="Bmr024.G.aseg.xml#id(Bmr024.G.asg.59495)"/>
      <nite:child href="Bmr024.F.aseg.xml#id(Bmr024.F.asg.59344)"/>
      <nite:child href="Bmr024.A.aseg.xml#id(Bmr024.A.asg.58154)"/>
      <nite:child href="Bmr024.F.aseg.xml#id(Bmr024.F.asg.59345)"/>
      <nite:child href="Bmr024.A.aseg.xml#id(Bmr024.A.asg.58155)"/>
      <nite:child href="Bmr024.D.aseg.xml#id(Bmr024.D.asg.58653)"/>
      <nite:child href="Bmr024.A.aseg.xml#id(Bmr024.A.asg.58156)"/>
      <nite:child href="Bmr024.F.aseg.xml#id(Bmr024.F.asg.59346)"/>
      <nite:child href="Bmr024.A.aseg.xml#id(Bmr024.A.asg.58157)"/>
      <nite:child href="Bmr024.I.aseg.xml#id(Bmr024.I.asg.59795)..id(Bmr024.I.asg.59796)"/>
      <nite:child href="Bmr024.F.aseg.xml#id(Bmr024.F.asg.59347)"/>
      <nite:child href="Bmr024.A.aseg.xml#id(Bmr024.A.asg.58158)..id(Bmr024.A.asg.58159)"/>
      <nite:child href="Bmr024.I.aseg.xml#id(Bmr024.I.asg.59797)"/>
      <nite:child href="Bmr024.A.aseg.xml#id(Bmr024.A.asg.58160)"/>
      <nite:child href="Bmr024.F.aseg.xml#id(Bmr024.F.asg.59348)"/>
      <nite:child href="Bmr024.A.aseg.xml#id(Bmr024.A.asg.58161)"/>
      <nite:child href="Bmr024.F.aseg.xml#id(Bmr024.F.asg.59349)"/>
      <nite:child href="Bmr024.I.aseg.xml#id(Bmr024.I.asg.59798)..id(Bmr024.I.asg.59799)"/>
      <nite:child href="Bmr024.F.aseg.xml#id(Bmr024.F.asg.59350)..id(Bmr024.F.asg.59351)"/>
      <nite:child href="Bmr024.I.aseg.xml#id(Bmr024.I.asg.59800)"/>
      <nite:child href="Bmr024.A.aseg.xml#id(Bmr024.A.asg.58162)"/>
      <nite:child href="Bmr024.F.aseg.xml#id(Bmr024.F.asg.59352)"/>
      <nite:child href="Bmr024.I.aseg.xml#id(Bmr024.I.asg.59801)"/>
      <nite:child href="Bmr024.F.aseg.xml#id(Bmr024.F.asg.59353)"/>
      <nite:child href="Bmr024.I.aseg.xml#id(Bmr024.I.asg.59802)"/>
      <nite:child href="Bmr024.F.aseg.xml#id(Bmr024.F.asg.59354)..id(Bmr024.F.asg.59356)"/>
      <nite:child href="Bmr024.B.aseg.xml#id(Bmr024.B.asg.58297)"/>
      <nite:child href="Bmr024.F.aseg.xml#id(Bmr024.F.asg.59357)"/>
      <nite:child href="Bmr024.D.aseg.xml#id(Bmr024.D.asg.58654)..id(Bmr024.D.asg.58659)"/>
      <nite:child href="Bmr024.I.aseg.xml#id(Bmr024.I.asg.59803)"/>
      <nite:child href="Bmr024.F.aseg.xml#id(Bmr024.F.asg.59358)"/>
      <nite:child href="Bmr024.I.aseg.xml#id(Bmr024.I.asg.59804)"/>
      <nite:child href="Bmr024.D.aseg.xml#id(Bmr024.D.asg.58660)"/>
      <nite:child href="Bmr024.I.aseg.xml#id(Bmr024.I.asg.59805)..id(Bmr024.I.asg.59809)"/>
      <nite:child href="Bmr024.B.aseg.xml#id(Bmr024.B.asg.58298)..id(Bmr024.B.asg.58300)"/>
      <nite:child href="Bmr024.F.aseg.xml#id(Bmr024.F.asg.59359)"/>
      <nite:child href="Bmr024.I.aseg.xml#id(Bmr024.I.asg.59810)"/>
      <nite:child href="Bmr024.H.aseg.xml#id(Bmr024.H.asg.59520)"/>
      <nite:child href="Bmr024.G.aseg.xml#id(Bmr024.G.asg.59496)"/>
      <nite:child href="Bmr024.B.aseg.xml#id(Bmr024.B.asg.58301)..id(Bmr024.B.asg.58303)"/>
      <nite:child href="Bmr024.I.aseg.xml#id(Bmr024.I.asg.59811)"/>
      <nite:child href="Bmr024.B.aseg.xml#id(Bmr024.B.asg.58304)"/>
      <nite:child href="Bmr024.F.aseg.xml#id(Bmr024.F.asg.59360)"/>
      <nite:child href="Bmr024.I.aseg.xml#id(Bmr024.I.asg.59812)"/>
      <nite:child href="Bmr024.B.aseg.xml#id(Bmr024.B.asg.58305)"/>
      <nite:child href="Bmr024.I.aseg.xml#id(Bmr024.I.asg.59813)"/>
      <nite:child href="Bmr024.D.aseg.xml#id(Bmr024.D.asg.58661)..id(Bmr024.D.asg.58662)"/>
      <nite:child href="Bmr024.B.aseg.xml#id(Bmr024.B.asg.58306)"/>
      <nite:child href="Bmr024.I.aseg.xml#id(Bmr024.I.asg.59814)..id(Bmr024.I.asg.59815)"/>
      <nite:child href="Bmr024.D.aseg.xml#id(Bmr024.D.asg.58663)"/>
      <nite:child href="Bmr024.I.aseg.xml#id(Bmr024.I.asg.59816)"/>
      <nite:child href="Bmr024.D.aseg.xml#id(Bmr024.D.asg.58664)"/>
      <nite:child href="Bmr024.I.aseg.xml#id(Bmr024.I.asg.59817)"/>
      <nite:child href="Bmr024.G.aseg.xml#id(Bmr024.G.asg.59497)"/>
      <nite:child href="Bmr024.I.aseg.xml#id(Bmr024.I.asg.59818)..id(Bmr024.I.asg.59820)"/>
      <nite:child href="Bmr024.F.aseg.xml#id(Bmr024.F.asg.59361)"/>
      <nite:child href="Bmr024.I.aseg.xml#id(Bmr024.I.asg.59821)..id(Bmr024.I.asg.59822)"/>
      <nite:child href="Bmr024.G.aseg.xml#id(Bmr024.G.asg.59498)"/>
      <nite:child href="Bmr024.D.aseg.xml#id(Bmr024.D.asg.58665)"/>
      <nite:child href="Bmr024.I.aseg.xml#id(Bmr024.I.asg.59823)..id(Bmr024.I.asg.59840)"/>
      <nite:child href="Bmr024.D.aseg.xml#id(Bmr024.D.asg.58666)"/>
      <nite:child href="Bmr024.I.aseg.xml#id(Bmr024.I.asg.59841)"/>
      <nite:child href="Bmr024.D.aseg.xml#id(Bmr024.D.asg.58667)"/>
      <nite:child href="Bmr024.I.aseg.xml#id(Bmr024.I.asg.59842)"/>
      <nite:child href="Bmr024.G.aseg.xml#id(Bmr024.G.asg.59499)"/>
      <nite:child href="Bmr024.I.aseg.xml#id(Bmr024.I.asg.59843)..id(Bmr024.I.asg.59844)"/>
      <nite:child href="Bmr024.G.aseg.xml#id(Bmr024.G.asg.59500)..id(Bmr024.G.asg.59501)"/>
      <nite:child href="Bmr024.I.aseg.xml#id(Bmr024.I.asg.59845)"/>
      <nite:child href="Bmr024.G.aseg.xml#id(Bmr024.G.asg.59502)"/>
      <nite:child href="Bmr024.D.aseg.xml#id(Bmr024.D.asg.58668)"/>
      <nite:child href="Bmr024.F.aseg.xml#id(Bmr024.F.asg.59362)"/>
      <nite:child href="Bmr024.B.aseg.xml#id(Bmr024.B.asg.58307)"/>
      <nite:child href="Bmr024.I.aseg.xml#id(Bmr024.I.asg.59846)"/>
      <nite:child href="Bmr024.F.aseg.xml#id(Bmr024.F.asg.59363)"/>
      <nite:child href="Bmr024.I.aseg.xml#id(Bmr024.I.asg.59847)..id(Bmr024.I.asg.59856)"/>
      <nite:child href="Bmr024.D.aseg.xml#id(Bmr024.D.asg.58669)"/>
      <nite:child href="Bmr024.I.aseg.xml#id(Bmr024.I.asg.59857)..id(Bmr024.I.asg.59858)"/>
      <nite:child href="Bmr024.D.aseg.xml#id(Bmr024.D.asg.58670)"/>
      <nite:child href="Bmr024.I.aseg.xml#id(Bmr024.I.asg.59859)"/>
      <nite:child href="Bmr024.D.aseg.xml#id(Bmr024.D.asg.58671)..id(Bmr024.D.asg.58677)"/>
      <nite:child href="Bmr024.I.aseg.xml#id(Bmr024.I.asg.59860)..id(Bmr024.I.asg.59861)"/>
      <nite:child href="Bmr024.D.aseg.xml#id(Bmr024.D.asg.58678)..id(Bmr024.D.asg.58679)"/>
      <nite:child href="Bmr024.I.aseg.xml#id(Bmr024.I.asg.59862)..id(Bmr024.I.asg.59873)"/>
      <nite:child href="Bmr024.D.aseg.xml#id(Bmr024.D.asg.58680)"/>
      <nite:child href="Bmr024.I.aseg.xml#id(Bmr024.I.asg.59874)..id(Bmr024.I.asg.59881)"/>
      <nite:child href="Bmr024.D.aseg.xml#id(Bmr024.D.asg.58681)"/>
      <nite:child href="Bmr024.I.aseg.xml#id(Bmr024.I.asg.59882)..id(Bmr024.I.asg.59891)"/>
      <nite:child href="Bmr024.D.aseg.xml#id(Bmr024.D.asg.58682)"/>
      <nite:child href="Bmr024.I.aseg.xml#id(Bmr024.I.asg.59892)..id(Bmr024.I.asg.59894)"/>
      <nite:child href="Bmr024.D.aseg.xml#id(Bmr024.D.asg.58683)"/>
      <nite:child href="Bmr024.I.aseg.xml#id(Bmr024.I.asg.59895)..id(Bmr024.I.asg.59907)"/>
      <nite:child href="Bmr024.D.aseg.xml#id(Bmr024.D.asg.58684)"/>
      <nite:child href="Bmr024.I.aseg.xml#id(Bmr024.I.asg.59908)..id(Bmr024.I.asg.59911)"/>
      <nite:child href="Bmr024.F.aseg.xml#id(Bmr024.F.asg.59364)"/>
      <nite:child href="Bmr024.I.aseg.xml#id(Bmr024.I.asg.59912)..id(Bmr024.I.asg.59915)"/>
      <nite:child href="Bmr024.D.aseg.xml#id(Bmr024.D.asg.58685)"/>
      <nite:child href="Bmr024.I.aseg.xml#id(Bmr024.I.asg.59916)..id(Bmr024.I.asg.59917)"/>
      <nite:child href="Bmr024.D.aseg.xml#id(Bmr024.D.asg.58686)"/>
      <nite:child href="Bmr024.F.aseg.xml#id(Bmr024.F.asg.59365)"/>
      <nite:child href="Bmr024.I.aseg.xml#id(Bmr024.I.asg.59918)"/>
      <nite:child href="Bmr024.F.aseg.xml#id(Bmr024.F.asg.59366)"/>
      <nite:child href="Bmr024.I.aseg.xml#id(Bmr024.I.asg.59919)..id(Bmr024.I.asg.59923)"/>
      <nite:child href="Bmr024.G.aseg.xml#id(Bmr024.G.asg.59503)..id(Bmr024.G.asg.59504)"/>
      <nite:child href="Bmr024.F.aseg.xml#id(Bmr024.F.asg.59367)"/>
      <nite:child href="Bmr024.I.aseg.xml#id(Bmr024.I.asg.59924)..id(Bmr024.I.asg.59930)"/>
      <nite:child href="Bmr024.G.aseg.xml#id(Bmr024.G.asg.59505)"/>
      <nite:child href="Bmr024.F.aseg.xml#id(Bmr024.F.asg.59368)"/>
      <nite:child href="Bmr024.G.aseg.xml#id(Bmr024.G.asg.59506)"/>
      <nite:child href="Bmr024.D.aseg.xml#id(Bmr024.D.asg.58687)..id(Bmr024.D.asg.58688)"/>
      <nite:child href="Bmr024.G.aseg.xml#id(Bmr024.G.asg.59507)"/>
      <nite:child href="Bmr024.D.aseg.xml#id(Bmr024.D.asg.58689)"/>
      <nite:child href="Bmr024.I.aseg.xml#id(Bmr024.I.asg.59931)"/>
      <nite:child href="Bmr024.D.aseg.xml#id(Bmr024.D.asg.58690)..id(Bmr024.D.asg.58691)"/>
      <nite:child href="Bmr024.I.aseg.xml#id(Bmr024.I.asg.59932)"/>
      <nite:child href="Bmr024.D.aseg.xml#id(Bmr024.D.asg.58692)..id(Bmr024.D.asg.58693)"/>
      <nite:child href="Bmr024.I.aseg.xml#id(Bmr024.I.asg.59933)..id(Bmr024.I.asg.59936)"/>
      <nite:child href="Bmr024.F.aseg.xml#id(Bmr024.F.asg.59369)"/>
      <nite:child href="Bmr024.I.aseg.xml#id(Bmr024.I.asg.59937)..id(Bmr024.I.asg.59945)"/>
      <nite:child href="Bmr024.D.aseg.xml#id(Bmr024.D.asg.58694)"/>
      <nite:child href="Bmr024.I.aseg.xml#id(Bmr024.I.asg.59946)..id(Bmr024.I.asg.59947)"/>
      <nite:child href="Bmr024.D.aseg.xml#id(Bmr024.D.asg.58695)"/>
      <nite:child href="Bmr024.I.aseg.xml#id(Bmr024.I.asg.59948)"/>
      <nite:child href="Bmr024.F.aseg.xml#id(Bmr024.F.asg.59370)"/>
      <nite:child href="Bmr024.D.aseg.xml#id(Bmr024.D.asg.58696)"/>
      <nite:child href="Bmr024.I.aseg.xml#id(Bmr024.I.asg.59949)"/>
      <nite:child href="Bmr024.D.aseg.xml#id(Bmr024.D.asg.58697)"/>
      <nite:child href="Bmr024.I.aseg.xml#id(Bmr024.I.asg.59950)"/>
      <nite:child href="Bmr024.D.aseg.xml#id(Bmr024.D.asg.58698)..id(Bmr024.D.asg.58699)"/>
      <nite:child href="Bmr024.I.aseg.xml#id(Bmr024.I.asg.59951)"/>
      <nite:child href="Bmr024.D.aseg.xml#id(Bmr024.D.asg.58700)"/>
      <nite:child href="Bmr024.F.aseg.xml#id(Bmr024.F.asg.59371)"/>
      <nite:child href="Bmr024.I.aseg.xml#id(Bmr024.I.asg.59952)"/>
      <nite:child href="Bmr024.D.aseg.xml#id(Bmr024.D.asg.58701)"/>
      <nite:child href="Bmr024.F.aseg.xml#id(Bmr024.F.asg.59372)"/>
      <nite:child href="Bmr024.D.aseg.xml#id(Bmr024.D.asg.58702)..id(Bmr024.D.asg.58704)"/>
      <nite:child href="Bmr024.I.aseg.xml#id(Bmr024.I.asg.59953)"/>
      <nite:child href="Bmr024.D.aseg.xml#id(Bmr024.D.asg.58705)"/>
      <nite:child href="Bmr024.I.aseg.xml#id(Bmr024.I.asg.59954)..id(Bmr024.I.asg.59955)"/>
      <nite:child href="Bmr024.D.aseg.xml#id(Bmr024.D.asg.58706)..id(Bmr024.D.asg.58707)"/>
      <nite:child href="Bmr024.I.aseg.xml#id(Bmr024.I.asg.59956)"/>
      <nite:child href="Bmr024.D.aseg.xml#id(Bmr024.D.asg.58708)"/>
      <nite:child href="Bmr024.I.aseg.xml#id(Bmr024.I.asg.59957)"/>
      <nite:child href="Bmr024.D.aseg.xml#id(Bmr024.D.asg.58709)"/>
      <nite:child href="Bmr024.B.aseg.xml#id(Bmr024.B.asg.58308)"/>
      <nite:child href="Bmr024.D.aseg.xml#id(Bmr024.D.asg.58710)"/>
      <nite:child href="Bmr024.G.aseg.xml#id(Bmr024.G.asg.59508)"/>
      <nite:child href="Bmr024.D.aseg.xml#id(Bmr024.D.asg.58711)"/>
      <nite:child href="Bmr024.B.aseg.xml#id(Bmr024.B.asg.58309)"/>
      <nite:child href="Bmr024.I.aseg.xml#id(Bmr024.I.asg.59958)..id(Bmr024.I.asg.59959)"/>
      <nite:child href="Bmr024.B.aseg.xml#id(Bmr024.B.asg.58310)"/>
      <nite:child href="Bmr024.I.aseg.xml#id(Bmr024.I.asg.59960)"/>
      <nite:child href="Bmr024.B.aseg.xml#id(Bmr024.B.asg.58311)"/>
      <nite:child href="Bmr024.I.aseg.xml#id(Bmr024.I.asg.59961)..id(Bmr024.I.asg.59966)"/>
      <nite:child href="Bmr024.B.aseg.xml#id(Bmr024.B.asg.58312)..id(Bmr024.B.asg.58313)"/>
      <nite:child href="Bmr024.D.aseg.xml#id(Bmr024.D.asg.58712)"/>
      <nite:child href="Bmr024.B.aseg.xml#id(Bmr024.B.asg.58314)"/>
      <nite:child href="Bmr024.I.aseg.xml#id(Bmr024.I.asg.59967)..id(Bmr024.I.asg.59968)"/>
      <nite:child href="Bmr024.B.aseg.xml#id(Bmr024.B.asg.58315)..id(Bmr024.B.asg.58318)"/>
      <nite:child href="Bmr024.I.aseg.xml#id(Bmr024.I.asg.59969)..id(Bmr024.I.asg.59973)"/>
      <nite:child href="Bmr024.D.aseg.xml#id(Bmr024.D.asg.58713)"/>
      <nite:child href="Bmr024.B.aseg.xml#id(Bmr024.B.asg.58319)"/>
      <nite:child href="Bmr024.D.aseg.xml#id(Bmr024.D.asg.58714)..id(Bmr024.D.asg.58716)"/>
      <nite:child href="Bmr024.I.aseg.xml#id(Bmr024.I.asg.59974)..id(Bmr024.I.asg.59975)"/>
      <nite:child href="Bmr024.D.aseg.xml#id(Bmr024.D.asg.58717)..id(Bmr024.D.asg.58719)"/>
      <nite:child href="Bmr024.I.aseg.xml#id(Bmr024.I.asg.59976)..id(Bmr024.I.asg.59977)"/>
      <nite:child href="Bmr024.D.aseg.xml#id(Bmr024.D.asg.58720)"/>
      <nite:child href="Bmr024.I.aseg.xml#id(Bmr024.I.asg.59978)..id(Bmr024.I.asg.59980)"/>
      <nite:child href="Bmr024.F.aseg.xml#id(Bmr024.F.asg.59373)"/>
      <nite:child href="Bmr024.I.aseg.xml#id(Bmr024.I.asg.59981)..id(Bmr024.I.asg.59983)"/>
      <nite:child href="Bmr024.F.aseg.xml#id(Bmr024.F.asg.59374)"/>
      <nite:child href="Bmr024.I.aseg.xml#id(Bmr024.I.asg.59984)"/>
      <nite:child href="Bmr024.D.aseg.xml#id(Bmr024.D.asg.58721)"/>
      <nite:child href="Bmr024.I.aseg.xml#id(Bmr024.I.asg.59985)..id(Bmr024.I.asg.59986)"/>
      <nite:child href="Bmr024.D.aseg.xml#id(Bmr024.D.asg.58722)"/>
      <nite:child href="Bmr024.I.aseg.xml#id(Bmr024.I.asg.59987)..id(Bmr024.I.asg.59988)"/>
      <nite:child href="Bmr024.F.aseg.xml#id(Bmr024.F.asg.59375)"/>
      <nite:child href="Bmr024.I.aseg.xml#id(Bmr024.I.asg.59989)..id(Bmr024.I.asg.59996)"/>
      <nite:child href="Bmr024.F.aseg.xml#id(Bmr024.F.asg.59376)"/>
      <nite:child href="Bmr024.I.aseg.xml#id(Bmr024.I.asg.59997)"/>
      <nite:child href="Bmr024.D.aseg.xml#id(Bmr024.D.asg.58723)..id(Bmr024.D.asg.58724)"/>
      <nite:child href="Bmr024.F.aseg.xml#id(Bmr024.F.asg.59377)"/>
      <nite:child href="Bmr024.I.aseg.xml#id(Bmr024.I.asg.59998)"/>
      <nite:child href="Bmr024.F.aseg.xml#id(Bmr024.F.asg.59378)..id(Bmr024.F.asg.59379)"/>
      <nite:child href="Bmr024.D.aseg.xml#id(Bmr024.D.asg.58725)"/>
      <nite:child href="Bmr024.I.aseg.xml#id(Bmr024.I.asg.59999)"/>
      <nite:child href="Bmr024.D.aseg.xml#id(Bmr024.D.asg.58726)"/>
      <nite:child href="Bmr024.I.aseg.xml#id(Bmr024.I.asg.60000)"/>
      <nite:child href="Bmr024.F.aseg.xml#id(Bmr024.F.asg.59380)"/>
      <nite:child href="Bmr024.D.aseg.xml#id(Bmr024.D.asg.58727)..id(Bmr024.D.asg.58731)"/>
      <nite:child href="Bmr024.I.aseg.xml#id(Bmr024.I.asg.60001)"/>
      <nite:child href="Bmr024.D.aseg.xml#id(Bmr024.D.asg.58732)..id(Bmr024.D.asg.58735)"/>
      <nite:child href="Bmr024.I.aseg.xml#id(Bmr024.I.asg.60002)"/>
      <nite:child href="Bmr024.D.aseg.xml#id(Bmr024.D.asg.58736)..id(Bmr024.D.asg.58738)"/>
      <nite:child href="Bmr024.I.aseg.xml#id(Bmr024.I.asg.60003)"/>
      <nite:child href="Bmr024.D.aseg.xml#id(Bmr024.D.asg.58739)..id(Bmr024.D.asg.58741)"/>
      <nite:child href="Bmr024.I.aseg.xml#id(Bmr024.I.asg.60004)..id(Bmr024.I.asg.60012)"/>
      <nite:child href="Bmr024.D.aseg.xml#id(Bmr024.D.asg.58742)"/>
      <nite:child href="Bmr024.I.aseg.xml#id(Bmr024.I.asg.60013)"/>
      <nite:child href="Bmr024.D.aseg.xml#id(Bmr024.D.asg.58743)"/>
      <nite:child href="Bmr024.I.aseg.xml#id(Bmr024.I.asg.60014)..id(Bmr024.I.asg.60016)"/>
      <nite:child href="Bmr024.D.aseg.xml#id(Bmr024.D.asg.58744)"/>
      <nite:child href="Bmr024.I.aseg.xml#id(Bmr024.I.asg.60017)..id(Bmr024.I.asg.60021)"/>
      <nite:child href="Bmr024.D.aseg.xml#id(Bmr024.D.asg.58745)"/>
      <nite:child href="Bmr024.I.aseg.xml#id(Bmr024.I.asg.60022)"/>
      <nite:child href="Bmr024.D.aseg.xml#id(Bmr024.D.asg.58746)..id(Bmr024.D.asg.58748)"/>
      <nite:child href="Bmr024.I.aseg.xml#id(Bmr024.I.asg.60023)..id(Bmr024.I.asg.60050)"/>
      <nite:child href="Bmr024.D.aseg.xml#id(Bmr024.D.asg.58749)"/>
      <nite:child href="Bmr024.I.aseg.xml#id(Bmr024.I.asg.60051)..id(Bmr024.I.asg.60057)"/>
      <nite:child href="Bmr024.D.aseg.xml#id(Bmr024.D.asg.58750)"/>
      <nite:child href="Bmr024.I.aseg.xml#id(Bmr024.I.asg.60058)..id(Bmr024.I.asg.60059)"/>
      <nite:child href="Bmr024.D.aseg.xml#id(Bmr024.D.asg.58751)..id(Bmr024.D.asg.58752)"/>
      <nite:child href="Bmr024.I.aseg.xml#id(Bmr024.I.asg.60060)"/>
      <nite:child href="Bmr024.D.aseg.xml#id(Bmr024.D.asg.58753)"/>
      <nite:child href="Bmr024.I.aseg.xml#id(Bmr024.I.asg.60061)"/>
      <nite:child href="Bmr024.D.aseg.xml#id(Bmr024.D.asg.58754)"/>
      <nite:child href="Bmr024.I.aseg.xml#id(Bmr024.I.asg.60062)..id(Bmr024.I.asg.60063)"/>
      <nite:child href="Bmr024.D.aseg.xml#id(Bmr024.D.asg.58755)"/>
      <nite:child href="Bmr024.I.aseg.xml#id(Bmr024.I.asg.60064)"/>
      <nite:child href="Bmr024.D.aseg.xml#id(Bmr024.D.asg.58756)"/>
      <nite:child href="Bmr024.I.aseg.xml#id(Bmr024.I.asg.60065)"/>
      <nite:child href="Bmr024.D.aseg.xml#id(Bmr024.D.asg.58757)..id(Bmr024.D.asg.58758)"/>
      <nite:child href="Bmr024.I.aseg.xml#id(Bmr024.I.asg.60066)..id(Bmr024.I.asg.60074)"/>
      <nite:child href="Bmr024.D.aseg.xml#id(Bmr024.D.asg.58759)"/>
      <nite:child href="Bmr024.I.aseg.xml#id(Bmr024.I.asg.60075)"/>
      <nite:child href="Bmr024.D.aseg.xml#id(Bmr024.D.asg.58760)..id(Bmr024.D.asg.58761)"/>
      <nite:child href="Bmr024.I.aseg.xml#id(Bmr024.I.asg.60076)..id(Bmr024.I.asg.60078)"/>
      <nite:child href="Bmr024.D.aseg.xml#id(Bmr024.D.asg.58762)"/>
      <nite:child href="Bmr024.I.aseg.xml#id(Bmr024.I.asg.60079)..id(Bmr024.I.asg.60080)"/>
      <nite:child href="Bmr024.D.aseg.xml#id(Bmr024.D.asg.58763)"/>
      <nite:child href="Bmr024.I.aseg.xml#id(Bmr024.I.asg.60081)..id(Bmr024.I.asg.60082)"/>
      <nite:child href="Bmr024.D.aseg.xml#id(Bmr024.D.asg.58764)..id(Bmr024.D.asg.58765)"/>
      <nite:child href="Bmr024.I.aseg.xml#id(Bmr024.I.asg.60083)"/>
      <nite:child href="Bmr024.D.aseg.xml#id(Bmr024.D.asg.58766)"/>
      <nite:child href="Bmr024.I.aseg.xml#id(Bmr024.I.asg.60084)"/>
      <nite:child href="Bmr024.D.aseg.xml#id(Bmr024.D.asg.58767)"/>
      <nite:child href="Bmr024.I.aseg.xml#id(Bmr024.I.asg.60085)"/>
      <nite:child href="Bmr024.D.aseg.xml#id(Bmr024.D.asg.58768)..id(Bmr024.D.asg.58769)"/>
      <nite:child href="Bmr024.I.aseg.xml#id(Bmr024.I.asg.60086)"/>
      <nite:child href="Bmr024.D.aseg.xml#id(Bmr024.D.asg.58770)..id(Bmr024.D.asg.58772)"/>
      <nite:child href="Bmr024.I.aseg.xml#id(Bmr024.I.asg.60087)"/>
      <nite:child href="Bmr024.D.aseg.xml#id(Bmr024.D.asg.58773)"/>
      <nite:child href="Bmr024.I.aseg.xml#id(Bmr024.I.asg.60088)"/>
      <nite:child href="Bmr024.D.aseg.xml#id(Bmr024.D.asg.58774)"/>
      <nite:child href="Bmr024.I.aseg.xml#id(Bmr024.I.asg.60089)..id(Bmr024.I.asg.60094)"/>
      <nite:child href="Bmr024.D.aseg.xml#id(Bmr024.D.asg.58775)"/>
      <nite:child href="Bmr024.I.aseg.xml#id(Bmr024.I.asg.60095)"/>
      <nite:child href="Bmr024.D.aseg.xml#id(Bmr024.D.asg.58776)..id(Bmr024.D.asg.58779)"/>
      <nite:child href="Bmr024.I.aseg.xml#id(Bmr024.I.asg.60096)"/>
      <nite:child href="Bmr024.D.aseg.xml#id(Bmr024.D.asg.58780)"/>
      <nite:child href="Bmr024.I.aseg.xml#id(Bmr024.I.asg.60097)"/>
      <nite:child href="Bmr024.H.aseg.xml#id(Bmr024.H.asg.59521)"/>
      <nite:child href="Bmr024.D.aseg.xml#id(Bmr024.D.asg.58781)"/>
      <nite:child href="Bmr024.I.aseg.xml#id(Bmr024.I.asg.60098)"/>
      <nite:child href="Bmr024.D.aseg.xml#id(Bmr024.D.asg.58782)"/>
      <nite:child href="Bmr024.F.aseg.xml#id(Bmr024.F.asg.59381)..id(Bmr024.F.asg.59385)"/>
      <nite:child href="Bmr024.I.aseg.xml#id(Bmr024.I.asg.60099)"/>
      <nite:child href="Bmr024.F.aseg.xml#id(Bmr024.F.asg.59386)"/>
      <nite:child href="Bmr024.I.aseg.xml#id(Bmr024.I.asg.60100)..id(Bmr024.I.asg.60101)"/>
      <nite:child href="Bmr024.F.aseg.xml#id(Bmr024.F.asg.59387)..id(Bmr024.F.asg.59388)"/>
      <nite:child href="Bmr024.I.aseg.xml#id(Bmr024.I.asg.60102)"/>
      <nite:child href="Bmr024.F.aseg.xml#id(Bmr024.F.asg.59389)..id(Bmr024.F.asg.59393)"/>
      <nite:child href="Bmr024.I.aseg.xml#id(Bmr024.I.asg.60103)"/>
      <nite:child href="Bmr024.F.aseg.xml#id(Bmr024.F.asg.59394)"/>
      <nite:child href="Bmr024.I.aseg.xml#id(Bmr024.I.asg.60104)"/>
      <nite:child href="Bmr024.D.aseg.xml#id(Bmr024.D.asg.58783)"/>
      <nite:child href="Bmr024.F.aseg.xml#id(Bmr024.F.asg.59395)"/>
      <nite:child href="Bmr024.I.aseg.xml#id(Bmr024.I.asg.60105)"/>
      <nite:child href="Bmr024.F.aseg.xml#id(Bmr024.F.asg.59396)"/>
      <nite:child href="Bmr024.I.aseg.xml#id(Bmr024.I.asg.60106)"/>
      <nite:child href="Bmr024.F.aseg.xml#id(Bmr024.F.asg.59397)"/>
      <nite:child href="Bmr024.I.aseg.xml#id(Bmr024.I.asg.60107)..id(Bmr024.I.asg.60108)"/>
      <nite:child href="Bmr024.D.aseg.xml#id(Bmr024.D.asg.58784)"/>
      <nite:child href="Bmr024.F.aseg.xml#id(Bmr024.F.asg.59398)"/>
      <nite:child href="Bmr024.D.aseg.xml#id(Bmr024.D.asg.58785)"/>
      <nite:child href="Bmr024.I.aseg.xml#id(Bmr024.I.asg.60109)"/>
      <nite:child href="Bmr024.D.aseg.xml#id(Bmr024.D.asg.58786)"/>
      <nite:child href="Bmr024.H.aseg.xml#id(Bmr024.H.asg.59522)"/>
      <nite:child href="Bmr024.I.aseg.xml#id(Bmr024.I.asg.60110)"/>
      <nite:child href="Bmr024.F.aseg.xml#id(Bmr024.F.asg.59399)..id(Bmr024.F.asg.59400)"/>
      <nite:child href="Bmr024.I.aseg.xml#id(Bmr024.I.asg.60111)"/>
      <nite:child href="Bmr024.F.aseg.xml#id(Bmr024.F.asg.59401)..id(Bmr024.F.asg.59403)"/>
      <nite:child href="Bmr024.D.aseg.xml#id(Bmr024.D.asg.58787)"/>
      <nite:child href="Bmr024.I.aseg.xml#id(Bmr024.I.asg.60112)"/>
      <nite:child href="Bmr024.D.aseg.xml#id(Bmr024.D.asg.58788)..id(Bmr024.D.asg.58789)"/>
      <nite:child href="Bmr024.I.aseg.xml#id(Bmr024.I.asg.60113)"/>
      <nite:child href="Bmr024.D.aseg.xml#id(Bmr024.D.asg.58790)..id(Bmr024.D.asg.58791)"/>
      <nite:child href="Bmr024.I.aseg.xml#id(Bmr024.I.asg.60114)"/>
      <nite:child href="Bmr024.D.aseg.xml#id(Bmr024.D.asg.58792)"/>
      <nite:child href="Bmr024.I.aseg.xml#id(Bmr024.I.asg.60115)"/>
      <nite:child href="Bmr024.D.aseg.xml#id(Bmr024.D.asg.58793)"/>
      <nite:child href="Bmr024.I.aseg.xml#id(Bmr024.I.asg.60116)"/>
      <nite:child href="Bmr024.D.aseg.xml#id(Bmr024.D.asg.58794)..id(Bmr024.D.asg.58800)"/>
      <nite:child href="Bmr024.F.aseg.xml#id(Bmr024.F.asg.59404)"/>
      <nite:child href="Bmr024.D.aseg.xml#id(Bmr024.D.asg.58801)"/>
      <nite:child href="Bmr024.F.aseg.xml#id(Bmr024.F.asg.59405)"/>
      <nite:child href="Bmr024.D.aseg.xml#id(Bmr024.D.asg.58802)"/>
      <nite:child href="Bmr024.A.aseg.xml#id(Bmr024.A.asg.58163)"/>
      <nite:child href="Bmr024.D.aseg.xml#id(Bmr024.D.asg.58803)"/>
      <nite:child href="Bmr024.A.aseg.xml#id(Bmr024.A.asg.58164)"/>
      <nite:child href="Bmr024.D.aseg.xml#id(Bmr024.D.asg.58804)..id(Bmr024.D.asg.58814)"/>
      <nite:child href="Bmr024.F.aseg.xml#id(Bmr024.F.asg.59406)"/>
      <nite:child href="Bmr024.D.aseg.xml#id(Bmr024.D.asg.58815)..id(Bmr024.D.asg.58817)"/>
      <nite:child href="Bmr024.F.aseg.xml#id(Bmr024.F.asg.59407)"/>
      <nite:child href="Bmr024.D.aseg.xml#id(Bmr024.D.asg.58818)..id(Bmr024.D.asg.58822)"/>
      <nite:child href="Bmr024.F.aseg.xml#id(Bmr024.F.asg.59408)"/>
      <nite:child href="Bmr024.A.aseg.xml#id(Bmr024.A.asg.58165)"/>
      <nite:child href="Bmr024.D.aseg.xml#id(Bmr024.D.asg.58823)"/>
      <nite:child href="Bmr024.F.aseg.xml#id(Bmr024.F.asg.59409)"/>
      <nite:child href="Bmr024.D.aseg.xml#id(Bmr024.D.asg.58824)"/>
      <nite:child href="Bmr024.E.aseg.xml#id(Bmr024.E.asg.58948)"/>
      <nite:child href="Bmr024.F.aseg.xml#id(Bmr024.F.asg.59410)..id(Bmr024.F.asg.59411)"/>
      <nite:child href="Bmr024.H.aseg.xml#id(Bmr024.H.asg.59523)"/>
      <nite:child href="Bmr024.D.aseg.xml#id(Bmr024.D.asg.58825)..id(Bmr024.D.asg.58827)"/>
      <nite:child href="Bmr024.F.aseg.xml#id(Bmr024.F.asg.59412)"/>
      <nite:child href="Bmr024.D.aseg.xml#id(Bmr024.D.asg.58828)"/>
   </autopic>
   <autopic nite:id="Bmr024.autotopic.3" tstart="3033.9" tend="3034.51">
      <nite:child href="Bmr024.C.aseg.xml#id(Bmr024.C.asg.58341)"/>
   </autopic>
   <autopic nite:id="Bmr024.autotopic.4" tstart="3034.71" tend="3074.65">
      <nite:child href="Bmr024.F.aseg.xml#id(Bmr024.F.asg.59413)..id(Bmr024.F.asg.59414)"/>
      <nite:child href="Bmr024.C.aseg.xml#id(Bmr024.C.asg.58342)"/>
      <nite:child href="Bmr024.F.aseg.xml#id(Bmr024.F.asg.59415)..id(Bmr024.F.asg.59416)"/>
      <nite:child href="Bmr024.C.aseg.xml#id(Bmr024.C.asg.58343)"/>
      <nite:child href="Bmr024.F.aseg.xml#id(Bmr024.F.asg.59417)..id(Bmr024.F.asg.59418)"/>
      <nite:child href="Bmr024.C.aseg.xml#id(Bmr024.C.asg.58344)"/>
      <nite:child href="Bmr024.F.aseg.xml#id(Bmr024.F.asg.59419)..id(Bmr024.F.asg.59421)"/>
      <nite:child href="Bmr024.A.aseg.xml#id(Bmr024.A.asg.58166)"/>
      <nite:child href="Bmr024.H.aseg.xml#id(Bmr024.H.asg.59524)"/>
      <nite:child href="Bmr024.B.aseg.xml#id(Bmr024.B.asg.58320)"/>
      <nite:child href="Bmr024.E.aseg.xml#id(Bmr024.E.asg.58949)"/>
      <nite:child href="Bmr024.D.aseg.xml#id(Bmr024.D.asg.58829)"/>
      <nite:child href="Bmr024.C.aseg.xml#id(Bmr024.C.asg.58345)"/>
      <nite:child href="Bmr024.F.aseg.xml#id(Bmr024.F.asg.59422)"/>
      <nite:child href="Bmr024.A.aseg.xml#id(Bmr024.A.asg.58167)"/>
      <nite:child href="Bmr024.E.aseg.xml#id(Bmr024.E.asg.58950)"/>
      <nite:child href="Bmr024.H.aseg.xml#id(Bmr024.H.asg.59525)"/>
      <nite:child href="Bmr024.B.aseg.xml#id(Bmr024.B.asg.58321)"/>
      <nite:child href="Bmr024.D.aseg.xml#id(Bmr024.D.asg.58830)"/>
      <nite:child href="Bmr024.B.aseg.xml#id(Bmr024.B.asg.58322)"/>
      <nite:child href="Bmr024.F.aseg.xml#id(Bmr024.F.asg.59423)"/>
      <nite:child href="Bmr024.E.aseg.xml#id(Bmr024.E.asg.58951)"/>
      <nite:child href="Bmr024.D.aseg.xml#id(Bmr024.D.asg.58831)"/>
      <nite:child href="Bmr024.B.aseg.xml#id(Bmr024.B.asg.58323)"/>
      <nite:child href="Bmr024.D.aseg.xml#id(Bmr024.D.asg.58832)"/>
      <nite:child href="Bmr024.B.aseg.xml#id(Bmr024.B.asg.58324)"/>
      <nite:child href="Bmr024.H.aseg.xml#id(Bmr024.H.asg.59526)"/>
      <nite:child href="Bmr024.C.aseg.xml#id(Bmr024.C.asg.58346)"/>
      <nite:child href="Bmr024.D.aseg.xml#id(Bmr024.D.asg.58833)"/>
      <nite:child href="Bmr024.C.aseg.xml#id(Bmr024.C.asg.58347)"/>
      <nite:child href="Bmr024.F.aseg.xml#id(Bmr024.F.asg.59424)"/>
      <nite:child href="Bmr024.A.aseg.xml#id(Bmr024.A.asg.58168)"/>
      <nite:child href="Bmr024.B.aseg.xml#id(Bmr024.B.asg.58325)..id(Bmr024.B.asg.58326)"/>
      <nite:child href="Bmr024.C.aseg.xml#id(Bmr024.C.asg.58348)"/>
      <nite:child href="Bmr024.D.aseg.xml#id(Bmr024.D.asg.58834)"/>
      <nite:child href="Bmr024.A.aseg.xml#id(Bmr024.A.asg.58169)"/>
      <nite:child href="Bmr024.B.aseg.xml#id(Bmr024.B.asg.58327)"/>
      <nite:child href="Bmr024.E.aseg.xml#id(Bmr024.E.asg.58952)"/>
      <nite:child href="Bmr024.H.aseg.xml#id(Bmr024.H.asg.59527)"/>
      <nite:child href="Bmr024.F.aseg.xml#id(Bmr024.F.asg.59425)"/>
      <nite:child href="Bmr024.B.aseg.xml#id(Bmr024.B.asg.58328)"/>
      <nite:child href="Bmr024.C.aseg.xml#id(Bmr024.C.asg.58349)"/>
      <nite:child href="Bmr024.D.aseg.xml#id(Bmr024.D.asg.58835)"/>
      <nite:child href="Bmr024.B.aseg.xml#id(Bmr024.B.asg.58329)"/>
      <nite:child href="Bmr024.D.aseg.xml#id(Bmr024.D.asg.58836)"/>
      <nite:child href="Bmr024.A.aseg.xml#id(Bmr024.A.asg.58170)"/>
      <nite:child href="Bmr024.H.aseg.xml#id(Bmr024.H.asg.59528)"/>
   </autopic>
   <autopic nite:id="Bmr024.autotopic.5" tstart="3071.63" tend="3072.88">
      <nite:child href="Bmr024.B.aseg.xml#id(Bmr024.B.asg.58330)"/>
   </autopic>
   <autopic nite:id="Bmr024.autotopic.6" tstart="3071.72" tend="3074.91">
      <nite:child href="Bmr024.F.aseg.xml#id(Bmr024.F.asg.59426)"/>
   </autopic>
   <autopic nite:id="Bmr024.autotopic.7" tstart="3072.22" tend="3073.34">
      <nite:child href="Bmr024.D.aseg.xml#id(Bmr024.D.asg.58837)"/>
   </autopic>
   <autopic nite:id="Bmr024.autotopic.8" tstart="3072.41" tend="3077.07">
      <nite:child href="Bmr024.E.aseg.xml#id(Bmr024.E.asg.58953)"/>
   </autopic>
   <autopic nite:id="Bmr024.autotopic.9" tstart="3072.99" tend="3074.91">
      <nite:child href="Bmr024.B.aseg.xml#id(Bmr024.B.asg.58331)..id(Bmr024.B.asg.58332)"/>
   </autopic>
   <autopic nite:id="Bmr024.autotopic.10" tstart="3073.85" tend="3075.33">
      <nite:child href="Bmr024.D.aseg.xml#id(Bmr024.D.asg.58838)"/>
   </autopic>
   <autopic nite:id="Bmr024.autotopic.11" tstart="3074.57" tend="3077.26">
      <nite:child href="Bmr024.A.aseg.xml#id(Bmr024.A.asg.58171)"/>
   </autopic>
   <autopic nite:id="Bmr024.autotopic.12" tstart="3075.3" tend="3079.97">
      <nite:child href="Bmr024.F.aseg.xml#id(Bmr024.F.asg.59427)"/>
   </autopic>
   <autopic nite:id="Bmr024.autotopic.13" tstart="3075.47" tend="3077.59">
      <nite:child href="Bmr024.B.aseg.xml#id(Bmr024.B.asg.58333)"/>
   </autopic>
   <autopic nite:id="Bmr024.autotopic.14" tstart="3075.48" tend="3079.33">
      <nite:child href="Bmr024.H.aseg.xml#id(Bmr024.H.asg.59529)"/>
   </autopic>
   <autopic nite:id="Bmr024.autotopic.15" tstart="3075.51" tend="3075.95">
      <nite:child href="Bmr024.D.aseg.xml#id(Bmr024.D.asg.58839)"/>
   </autopic>
   <autopic nite:id="Bmr024.autotopic.16" tstart="3075.57" tend="3076.12">
      <nite:child href="Bmr024.C.aseg.xml#id(Bmr024.C.asg.58351)"/>
   </autopic>
   <autopic nite:id="Bmr024.autotopic.17" tstart="3076.46" tend="3077.34">
      <nite:child href="Bmr024.D.aseg.xml#id(Bmr024.D.asg.58840)"/>
   </autopic>
   <autopic nite:id="Bmr024.autotopic.18" tstart="3076.78" tend="3077.36">
      <nite:child href="Bmr024.C.aseg.xml#id(Bmr024.C.asg.58352)"/>
   </autopic>
   <autopic nite:id="Bmr024.autotopic.19" tstart="3077.57" tend="3080.69">
      <nite:child href="Bmr024.E.aseg.xml#id(Bmr024.E.asg.58954)"/>
   </autopic>
   <autopic nite:id="Bmr024.autotopic.20" tstart="3077.61" tend="3078.57">
      <nite:child href="Bmr024.D.aseg.xml#id(Bmr024.D.asg.58841)"/>
   </autopic>
   <autopic nite:id="Bmr024.autotopic.21" tstart="3077.9" tend="3078.98">
      <nite:child href="Bmr024.C.aseg.xml#id(Bmr024.C.asg.58353)"/>
   </autopic>
   <autopic nite:id="Bmr024.autotopic.22" tstart="3077.97" tend="3081.68">
      <nite:child href="Bmr024.A.aseg.xml#id(Bmr024.A.asg.58172)"/>
   </autopic>
   <autopic nite:id="Bmr024.autotopic.23" tstart="3078.17" tend="3079.12">
      <nite:child href="Bmr024.B.aseg.xml#id(Bmr024.B.asg.58334)"/>
   </autopic>
   <autopic nite:id="Bmr024.autotopic.24" tstart="3079.06" tend="3079.88">
      <nite:child href="Bmr024.D.aseg.xml#id(Bmr024.D.asg.58842)"/>
   </autopic>
   <autopic nite:id="Bmr024.autotopic.25" tstart="3079.59" tend="3081.85">
      <nite:child href="Bmr024.B.aseg.xml#id(Bmr024.B.asg.58335)"/>
   </autopic>
   <autopic nite:id="Bmr024.autotopic.26" tstart="3079.66" tend="3083.57">
      <nite:child href="Bmr024.H.aseg.xml#id(Bmr024.H.asg.59530)"/>
   </autopic>
   <autopic nite:id="Bmr024.autotopic.27" tstart="3079.83" tend="3082.91">
      <nite:child href="Bmr024.C.aseg.xml#id(Bmr024.C.asg.58354)"/>
   </autopic>
   <autopic nite:id="Bmr024.autotopic.28" tstart="3080.37" tend="3081.44">
      <nite:child href="Bmr024.D.aseg.xml#id(Bmr024.D.asg.58843)"/>
   </autopic>
   <autopic nite:id="Bmr024.autotopic.29" tstart="3080.98" tend="3084.45">
      <nite:child href="Bmr024.F.aseg.xml#id(Bmr024.F.asg.59428)"/>
   </autopic>
   <autopic nite:id="Bmr024.autotopic.30" tstart="3081.35" tend="3085.91">
      <nite:child href="Bmr024.E.aseg.xml#id(Bmr024.E.asg.58955)"/>
   </autopic>
   <autopic nite:id="Bmr024.autotopic.31" tstart="3081.82" tend="3083.82">
      <nite:child href="Bmr024.D.aseg.xml#id(Bmr024.D.asg.58844)"/>
   </autopic>
   <autopic nite:id="Bmr024.autotopic.32" tstart="3082.16" tend="3085.53">
      <nite:child href="Bmr024.A.aseg.xml#id(Bmr024.A.asg.58173)"/>
   </autopic>
   <autopic nite:id="Bmr024.autotopic.33" tstart="3082.64" tend="3105.57">
      <nite:child href="Bmr024.B.aseg.xml#id(Bmr024.B.asg.58336)"/>
      <nite:child href="Bmr024.C.aseg.xml#id(Bmr024.C.asg.58355)"/>
      <nite:child href="Bmr024.H.aseg.xml#id(Bmr024.H.asg.59531)"/>
      <nite:child href="Bmr024.D.aseg.xml#id(Bmr024.D.asg.58845)"/>
      <nite:child href="Bmr024.F.aseg.xml#id(Bmr024.F.asg.59429)"/>
      <nite:child href="Bmr024.D.aseg.xml#id(Bmr024.D.asg.58846)"/>
      <nite:child href="Bmr024.A.aseg.xml#id(Bmr024.A.asg.58174)"/>
      <nite:child href="Bmr024.C.aseg.xml#id(Bmr024.C.asg.58356)"/>
      <nite:child href="Bmr024.B.aseg.xml#id(Bmr024.B.asg.58337)"/>
      <nite:child href="Bmr024.D.aseg.xml#id(Bmr024.D.asg.58847)"/>
      <nite:child href="Bmr024.E.aseg.xml#id(Bmr024.E.asg.58956)"/>
      <nite:child href="Bmr024.B.aseg.xml#id(Bmr024.B.asg.58338)"/>
      <nite:child href="Bmr024.H.aseg.xml#id(Bmr024.H.asg.59532)"/>
      <nite:child href="Bmr024.C.aseg.xml#id(Bmr024.C.asg.58357)"/>
      <nite:child href="Bmr024.D.aseg.xml#id(Bmr024.D.asg.58848)"/>
      <nite:child href="Bmr024.B.aseg.xml#id(Bmr024.B.asg.58339)..id(Bmr024.B.asg.58340)"/>
      <nite:child href="Bmr024.A.aseg.xml#id(Bmr024.A.asg.58175)"/>
      <nite:child href="Bmr024.C.aseg.xml#id(Bmr024.C.asg.58358)"/>
      <nite:child href="Bmr024.D.aseg.xml#id(Bmr024.D.asg.58849)"/>
      <nite:child href="Bmr024.C.aseg.xml#id(Bmr024.C.asg.58359)"/>
      <nite:child href="Bmr024.D.aseg.xml#id(Bmr024.D.asg.58850)"/>
      <nite:child href="Bmr024.E.aseg.xml#id(Bmr024.E.asg.58957)"/>
      <nite:child href="Bmr024.A.aseg.xml#id(Bmr024.A.asg.58176)"/>
      <nite:child href="Bmr024.C.aseg.xml#id(Bmr024.C.asg.58360)..id(Bmr024.C.asg.58365)"/>
      <nite:child href="Bmr024.D.aseg.xml#id(Bmr024.D.asg.58851)"/>
   </autopic>
</nite:root>