<?xml version="1.0" encoding="ISO-8859-1" standalone="yes"?>
<nite:root nite:id="Bmr027.autotopic.1" xmlns:nite="http://nite.sourceforge.net/">
   <autopic nite:id="Bmr027.autotopic.2" tstart="0.24" tend="2929.64">
      <nite:child href="Bmr027.F.aseg.xml#id(Bmr027.F.asg.63013)"/>
      <nite:child href="Bmr027.C.aseg.xml#id(Bmr027.C.asg.62731)"/>
      <nite:child href="Bmr027.F.aseg.xml#id(Bmr027.F.asg.63014)"/>
      <nite:child href="Bmr027.E.aseg.xml#id(Bmr027.E.asg.62864)"/>
      <nite:child href="Bmr027.A.aseg.xml#id(Bmr027.A.asg.62217)"/>
      <nite:child href="Bmr027.C.aseg.xml#id(Bmr027.C.asg.62732)"/>
      <nite:child href="Bmr027.F.aseg.xml#id(Bmr027.F.asg.63015)"/>
      <nite:child href="Bmr027.C.aseg.xml#id(Bmr027.C.asg.62733)"/>
      <nite:child href="Bmr027.G.aseg.xml#id(Bmr027.G.asg.63312)"/>
      <nite:child href="Bmr027.B.aseg.xml#id(Bmr027.B.asg.62458)"/>
      <nite:child href="Bmr027.A.aseg.xml#id(Bmr027.A.asg.62218)"/>
      <nite:child href="Bmr027.D.aseg.xml#id(Bmr027.D.asg.62799)"/>
      <nite:child href="Bmr027.C.aseg.xml#id(Bmr027.C.asg.62734)"/>
      <nite:child href="Bmr027.F.aseg.xml#id(Bmr027.F.asg.63016)"/>
      <nite:child href="Bmr027.B.aseg.xml#id(Bmr027.B.asg.62459)"/>
      <nite:child href="Bmr027.F.aseg.xml#id(Bmr027.F.asg.63017)"/>
      <nite:child href="Bmr027.B.aseg.xml#id(Bmr027.B.asg.62460)"/>
      <nite:child href="Bmr027.F.aseg.xml#id(Bmr027.F.asg.63018)..id(Bmr027.F.asg.63019)"/>
      <nite:child href="Bmr027.B.aseg.xml#id(Bmr027.B.asg.62461)"/>
      <nite:child href="Bmr027.F.aseg.xml#id(Bmr027.F.asg.63020)"/>
      <nite:child href="Bmr027.B.aseg.xml#id(Bmr027.B.asg.62462)"/>
      <nite:child href="Bmr027.F.aseg.xml#id(Bmr027.F.asg.63021)..id(Bmr027.F.asg.63022)"/>
      <nite:child href="Bmr027.B.aseg.xml#id(Bmr027.B.asg.62463)..id(Bmr027.B.asg.62465)"/>
      <nite:child href="Bmr027.F.aseg.xml#id(Bmr027.F.asg.63023)"/>
      <nite:child href="Bmr027.B.aseg.xml#id(Bmr027.B.asg.62466)"/>
      <nite:child href="Bmr027.F.aseg.xml#id(Bmr027.F.asg.63024)..id(Bmr027.F.asg.63026)"/>
      <nite:child href="Bmr027.B.aseg.xml#id(Bmr027.B.asg.62467)"/>
      <nite:child href="Bmr027.C.aseg.xml#id(Bmr027.C.asg.62735)"/>
      <nite:child href="Bmr027.F.aseg.xml#id(Bmr027.F.asg.63027)"/>
      <nite:child href="Bmr027.B.aseg.xml#id(Bmr027.B.asg.62468)"/>
      <nite:child href="Bmr027.F.aseg.xml#id(Bmr027.F.asg.63028)"/>
      <nite:child href="Bmr027.B.aseg.xml#id(Bmr027.B.asg.62469)"/>
      <nite:child href="Bmr027.F.aseg.xml#id(Bmr027.F.asg.63029)..id(Bmr027.F.asg.63032)"/>
      <nite:child href="Bmr027.B.aseg.xml#id(Bmr027.B.asg.62470)"/>
      <nite:child href="Bmr027.F.aseg.xml#id(Bmr027.F.asg.63033)"/>
      <nite:child href="Bmr027.B.aseg.xml#id(Bmr027.B.asg.62471)"/>
      <nite:child href="Bmr027.F.aseg.xml#id(Bmr027.F.asg.63034)"/>
      <nite:child href="Bmr027.B.aseg.xml#id(Bmr027.B.asg.62472)"/>
      <nite:child href="Bmr027.F.aseg.xml#id(Bmr027.F.asg.63035)..id(Bmr027.F.asg.63036)"/>
      <nite:child href="Bmr027.B.aseg.xml#id(Bmr027.B.asg.62473)"/>
      <nite:child href="Bmr027.F.aseg.xml#id(Bmr027.F.asg.63037)..id(Bmr027.F.asg.63038)"/>
      <nite:child href="Bmr027.B.aseg.xml#id(Bmr027.B.asg.62474)"/>
      <nite:child href="Bmr027.F.aseg.xml#id(Bmr027.F.asg.63039)"/>
      <nite:child href="Bmr027.B.aseg.xml#id(Bmr027.B.asg.62475)..id(Bmr027.B.asg.62476)"/>
      <nite:child href="Bmr027.F.aseg.xml#id(Bmr027.F.asg.63040)"/>
      <nite:child href="Bmr027.B.aseg.xml#id(Bmr027.B.asg.62477)..id(Bmr027.B.asg.62479)"/>
      <nite:child href="Bmr027.F.aseg.xml#id(Bmr027.F.asg.63041)"/>
      <nite:child href="Bmr027.B.aseg.xml#id(Bmr027.B.asg.62480)"/>
      <nite:child href="Bmr027.A.aseg.xml#id(Bmr027.A.asg.62219)..id(Bmr027.A.asg.62220)"/>
      <nite:child href="Bmr027.F.aseg.xml#id(Bmr027.F.asg.63042)"/>
      <nite:child href="Bmr027.A.aseg.xml#id(Bmr027.A.asg.62221)"/>
      <nite:child href="Bmr027.F.aseg.xml#id(Bmr027.F.asg.63043)"/>
      <nite:child href="Bmr027.A.aseg.xml#id(Bmr027.A.asg.62222)"/>
      <nite:child href="Bmr027.B.aseg.xml#id(Bmr027.B.asg.62481)"/>
      <nite:child href="Bmr027.F.aseg.xml#id(Bmr027.F.asg.63044)"/>
      <nite:child href="Bmr027.B.aseg.xml#id(Bmr027.B.asg.62482)"/>
      <nite:child href="Bmr027.A.aseg.xml#id(Bmr027.A.asg.62223)"/>
      <nite:child href="Bmr027.B.aseg.xml#id(Bmr027.B.asg.62483)"/>
      <nite:child href="Bmr027.A.aseg.xml#id(Bmr027.A.asg.62224)"/>
      <nite:child href="Bmr027.B.aseg.xml#id(Bmr027.B.asg.62484)"/>
      <nite:child href="Bmr027.A.aseg.xml#id(Bmr027.A.asg.62225)"/>
      <nite:child href="Bmr027.B.aseg.xml#id(Bmr027.B.asg.62485)..id(Bmr027.B.asg.62487)"/>
      <nite:child href="Bmr027.A.aseg.xml#id(Bmr027.A.asg.62226)"/>
      <nite:child href="Bmr027.B.aseg.xml#id(Bmr027.B.asg.62488)"/>
      <nite:child href="Bmr027.A.aseg.xml#id(Bmr027.A.asg.62227)"/>
      <nite:child href="Bmr027.B.aseg.xml#id(Bmr027.B.asg.62489)..id(Bmr027.B.asg.62491)"/>
      <nite:child href="Bmr027.F.aseg.xml#id(Bmr027.F.asg.63045)..id(Bmr027.F.asg.63046)"/>
      <nite:child href="Bmr027.H.aseg.xml#id(Bmr027.H.asg.63323)"/>
      <nite:child href="Bmr027.B.aseg.xml#id(Bmr027.B.asg.62492)..id(Bmr027.B.asg.62493)"/>
      <nite:child href="Bmr027.F.aseg.xml#id(Bmr027.F.asg.63047)..id(Bmr027.F.asg.63048)"/>
      <nite:child href="Bmr027.C.aseg.xml#id(Bmr027.C.asg.62736)"/>
      <nite:child href="Bmr027.A.aseg.xml#id(Bmr027.A.asg.62228)"/>
      <nite:child href="Bmr027.F.aseg.xml#id(Bmr027.F.asg.63049)"/>
      <nite:child href="Bmr027.C.aseg.xml#id(Bmr027.C.asg.62737)"/>
      <nite:child href="Bmr027.F.aseg.xml#id(Bmr027.F.asg.63050)"/>
      <nite:child href="Bmr027.C.aseg.xml#id(Bmr027.C.asg.62738)"/>
      <nite:child href="Bmr027.F.aseg.xml#id(Bmr027.F.asg.63051)..id(Bmr027.F.asg.63052)"/>
      <nite:child href="Bmr027.B.aseg.xml#id(Bmr027.B.asg.62494)..id(Bmr027.B.asg.62495)"/>
      <nite:child href="Bmr027.F.aseg.xml#id(Bmr027.F.asg.63053)..id(Bmr027.F.asg.63054)"/>
      <nite:child href="Bmr027.A.aseg.xml#id(Bmr027.A.asg.62229)"/>
      <nite:child href="Bmr027.B.aseg.xml#id(Bmr027.B.asg.62496)"/>
      <nite:child href="Bmr027.A.aseg.xml#id(Bmr027.A.asg.62230)..id(Bmr027.A.asg.62231)"/>
      <nite:child href="Bmr027.F.aseg.xml#id(Bmr027.F.asg.63055)"/>
      <nite:child href="Bmr027.A.aseg.xml#id(Bmr027.A.asg.62232)"/>
      <nite:child href="Bmr027.F.aseg.xml#id(Bmr027.F.asg.63056)..id(Bmr027.F.asg.63057)"/>
      <nite:child href="Bmr027.A.aseg.xml#id(Bmr027.A.asg.62233)"/>
      <nite:child href="Bmr027.F.aseg.xml#id(Bmr027.F.asg.63058)"/>
      <nite:child href="Bmr027.A.aseg.xml#id(Bmr027.A.asg.62234)"/>
      <nite:child href="Bmr027.F.aseg.xml#id(Bmr027.F.asg.63059)"/>
      <nite:child href="Bmr027.A.aseg.xml#id(Bmr027.A.asg.62235)..id(Bmr027.A.asg.62237)"/>
      <nite:child href="Bmr027.F.aseg.xml#id(Bmr027.F.asg.63060)"/>
      <nite:child href="Bmr027.A.aseg.xml#id(Bmr027.A.asg.62238)..id(Bmr027.A.asg.62239)"/>
      <nite:child href="Bmr027.F.aseg.xml#id(Bmr027.F.asg.63061)"/>
      <nite:child href="Bmr027.A.aseg.xml#id(Bmr027.A.asg.62240)..id(Bmr027.A.asg.62241)"/>
      <nite:child href="Bmr027.C.aseg.xml#id(Bmr027.C.asg.62739)"/>
      <nite:child href="Bmr027.A.aseg.xml#id(Bmr027.A.asg.62242)"/>
      <nite:child href="Bmr027.H.aseg.xml#id(Bmr027.H.asg.63324)..id(Bmr027.H.asg.63325)"/>
      <nite:child href="Bmr027.B.aseg.xml#id(Bmr027.B.asg.62497)"/>
      <nite:child href="Bmr027.A.aseg.xml#id(Bmr027.A.asg.62243)"/>
      <nite:child href="Bmr027.E.aseg.xml#id(Bmr027.E.asg.62865)"/>
      <nite:child href="Bmr027.F.aseg.xml#id(Bmr027.F.asg.63062)"/>
      <nite:child href="Bmr027.C.aseg.xml#id(Bmr027.C.asg.62740)"/>
      <nite:child href="Bmr027.H.aseg.xml#id(Bmr027.H.asg.63326)"/>
      <nite:child href="Bmr027.E.aseg.xml#id(Bmr027.E.asg.62866)"/>
      <nite:child href="Bmr027.A.aseg.xml#id(Bmr027.A.asg.62244)"/>
      <nite:child href="Bmr027.B.aseg.xml#id(Bmr027.B.asg.62498)"/>
      <nite:child href="Bmr027.C.aseg.xml#id(Bmr027.C.asg.62741)"/>
      <nite:child href="Bmr027.A.aseg.xml#id(Bmr027.A.asg.62245)"/>
      <nite:child href="Bmr027.E.aseg.xml#id(Bmr027.E.asg.62867)"/>
      <nite:child href="Bmr027.F.aseg.xml#id(Bmr027.F.asg.63063)"/>
      <nite:child href="Bmr027.H.aseg.xml#id(Bmr027.H.asg.63327)"/>
      <nite:child href="Bmr027.C.aseg.xml#id(Bmr027.C.asg.62742)"/>
      <nite:child href="Bmr027.A.aseg.xml#id(Bmr027.A.asg.62246)"/>
      <nite:child href="Bmr027.B.aseg.xml#id(Bmr027.B.asg.62499)..id(Bmr027.B.asg.62500)"/>
      <nite:child href="Bmr027.C.aseg.xml#id(Bmr027.C.asg.62743)"/>
      <nite:child href="Bmr027.A.aseg.xml#id(Bmr027.A.asg.62247)..id(Bmr027.A.asg.62249)"/>
      <nite:child href="Bmr027.B.aseg.xml#id(Bmr027.B.asg.62501)"/>
      <nite:child href="Bmr027.A.aseg.xml#id(Bmr027.A.asg.62250)"/>
      <nite:child href="Bmr027.F.aseg.xml#id(Bmr027.F.asg.63064)"/>
      <nite:child href="Bmr027.A.aseg.xml#id(Bmr027.A.asg.62251)..id(Bmr027.A.asg.62253)"/>
      <nite:child href="Bmr027.B.aseg.xml#id(Bmr027.B.asg.62502)"/>
      <nite:child href="Bmr027.F.aseg.xml#id(Bmr027.F.asg.63065)"/>
      <nite:child href="Bmr027.B.aseg.xml#id(Bmr027.B.asg.62503)"/>
      <nite:child href="Bmr027.F.aseg.xml#id(Bmr027.F.asg.63066)"/>
      <nite:child href="Bmr027.C.aseg.xml#id(Bmr027.C.asg.62744)"/>
      <nite:child href="Bmr027.A.aseg.xml#id(Bmr027.A.asg.62254)"/>
      <nite:child href="Bmr027.F.aseg.xml#id(Bmr027.F.asg.63067)..id(Bmr027.F.asg.63068)"/>
      <nite:child href="Bmr027.A.aseg.xml#id(Bmr027.A.asg.62255)"/>
      <nite:child href="Bmr027.F.aseg.xml#id(Bmr027.F.asg.63069)"/>
      <nite:child href="Bmr027.A.aseg.xml#id(Bmr027.A.asg.62256)"/>
      <nite:child href="Bmr027.F.aseg.xml#id(Bmr027.F.asg.63070)..id(Bmr027.F.asg.63071)"/>
      <nite:child href="Bmr027.A.aseg.xml#id(Bmr027.A.asg.62257)..id(Bmr027.A.asg.62258)"/>
      <nite:child href="Bmr027.B.aseg.xml#id(Bmr027.B.asg.62504)..id(Bmr027.B.asg.62507)"/>
      <nite:child href="Bmr027.A.aseg.xml#id(Bmr027.A.asg.62259)"/>
      <nite:child href="Bmr027.B.aseg.xml#id(Bmr027.B.asg.62508)..id(Bmr027.B.asg.62513)"/>
      <nite:child href="Bmr027.F.aseg.xml#id(Bmr027.F.asg.63072)"/>
      <nite:child href="Bmr027.B.aseg.xml#id(Bmr027.B.asg.62514)"/>
      <nite:child href="Bmr027.F.aseg.xml#id(Bmr027.F.asg.63073)"/>
      <nite:child href="Bmr027.B.aseg.xml#id(Bmr027.B.asg.62515)..id(Bmr027.B.asg.62517)"/>
      <nite:child href="Bmr027.A.aseg.xml#id(Bmr027.A.asg.62260)..id(Bmr027.A.asg.62261)"/>
      <nite:child href="Bmr027.B.aseg.xml#id(Bmr027.B.asg.62518)"/>
      <nite:child href="Bmr027.F.aseg.xml#id(Bmr027.F.asg.63074)"/>
      <nite:child href="Bmr027.A.aseg.xml#id(Bmr027.A.asg.62262)..id(Bmr027.A.asg.62266)"/>
      <nite:child href="Bmr027.B.aseg.xml#id(Bmr027.B.asg.62519)"/>
      <nite:child href="Bmr027.F.aseg.xml#id(Bmr027.F.asg.63075)"/>
      <nite:child href="Bmr027.B.aseg.xml#id(Bmr027.B.asg.62520)"/>
      <nite:child href="Bmr027.F.aseg.xml#id(Bmr027.F.asg.63076)"/>
      <nite:child href="Bmr027.B.aseg.xml#id(Bmr027.B.asg.62521)..id(Bmr027.B.asg.62522)"/>
      <nite:child href="Bmr027.F.aseg.xml#id(Bmr027.F.asg.63077)"/>
      <nite:child href="Bmr027.B.aseg.xml#id(Bmr027.B.asg.62523)"/>
      <nite:child href="Bmr027.A.aseg.xml#id(Bmr027.A.asg.62267)..id(Bmr027.A.asg.62268)"/>
      <nite:child href="Bmr027.B.aseg.xml#id(Bmr027.B.asg.62524)..id(Bmr027.B.asg.62525)"/>
      <nite:child href="Bmr027.A.aseg.xml#id(Bmr027.A.asg.62269)"/>
      <nite:child href="Bmr027.B.aseg.xml#id(Bmr027.B.asg.62526)"/>
      <nite:child href="Bmr027.H.aseg.xml#id(Bmr027.H.asg.63328)"/>
      <nite:child href="Bmr027.F.aseg.xml#id(Bmr027.F.asg.63078)"/>
      <nite:child href="Bmr027.H.aseg.xml#id(Bmr027.H.asg.63329)"/>
      <nite:child href="Bmr027.F.aseg.xml#id(Bmr027.F.asg.63079)..id(Bmr027.F.asg.63080)"/>
      <nite:child href="Bmr027.H.aseg.xml#id(Bmr027.H.asg.63330)..id(Bmr027.H.asg.63339)"/>
      <nite:child href="Bmr027.A.aseg.xml#id(Bmr027.A.asg.62270)"/>
      <nite:child href="Bmr027.H.aseg.xml#id(Bmr027.H.asg.63340)"/>
      <nite:child href="Bmr027.E.aseg.xml#id(Bmr027.E.asg.62868)"/>
      <nite:child href="Bmr027.H.aseg.xml#id(Bmr027.H.asg.63341)..id(Bmr027.H.asg.63344)"/>
      <nite:child href="Bmr027.F.aseg.xml#id(Bmr027.F.asg.63081)"/>
      <nite:child href="Bmr027.H.aseg.xml#id(Bmr027.H.asg.63345)"/>
      <nite:child href="Bmr027.A.aseg.xml#id(Bmr027.A.asg.62271)"/>
      <nite:child href="Bmr027.E.aseg.xml#id(Bmr027.E.asg.62869)"/>
      <nite:child href="Bmr027.F.aseg.xml#id(Bmr027.F.asg.63082)"/>
      <nite:child href="Bmr027.H.aseg.xml#id(Bmr027.H.asg.63346)..id(Bmr027.H.asg.63348)"/>
      <nite:child href="Bmr027.F.aseg.xml#id(Bmr027.F.asg.63083)"/>
      <nite:child href="Bmr027.A.aseg.xml#id(Bmr027.A.asg.62272)..id(Bmr027.A.asg.62273)"/>
      <nite:child href="Bmr027.H.aseg.xml#id(Bmr027.H.asg.63349)..id(Bmr027.H.asg.63352)"/>
      <nite:child href="Bmr027.A.aseg.xml#id(Bmr027.A.asg.62274)"/>
      <nite:child href="Bmr027.H.aseg.xml#id(Bmr027.H.asg.63353)"/>
      <nite:child href="Bmr027.A.aseg.xml#id(Bmr027.A.asg.62275)"/>
      <nite:child href="Bmr027.H.aseg.xml#id(Bmr027.H.asg.63354)..id(Bmr027.H.asg.63355)"/>
      <nite:child href="Bmr027.A.aseg.xml#id(Bmr027.A.asg.62276)"/>
      <nite:child href="Bmr027.H.aseg.xml#id(Bmr027.H.asg.63356)..id(Bmr027.H.asg.63357)"/>
      <nite:child href="Bmr027.F.aseg.xml#id(Bmr027.F.asg.63084)"/>
      <nite:child href="Bmr027.A.aseg.xml#id(Bmr027.A.asg.62277)"/>
      <nite:child href="Bmr027.E.aseg.xml#id(Bmr027.E.asg.62870)"/>
      <nite:child href="Bmr027.H.aseg.xml#id(Bmr027.H.asg.63358)"/>
      <nite:child href="Bmr027.E.aseg.xml#id(Bmr027.E.asg.62871)..id(Bmr027.E.asg.62873)"/>
      <nite:child href="Bmr027.F.aseg.xml#id(Bmr027.F.asg.63085)"/>
      <nite:child href="Bmr027.E.aseg.xml#id(Bmr027.E.asg.62874)..id(Bmr027.E.asg.62876)"/>
      <nite:child href="Bmr027.F.aseg.xml#id(Bmr027.F.asg.63086)"/>
      <nite:child href="Bmr027.E.aseg.xml#id(Bmr027.E.asg.62877)"/>
      <nite:child href="Bmr027.F.aseg.xml#id(Bmr027.F.asg.63087)..id(Bmr027.F.asg.63088)"/>
      <nite:child href="Bmr027.A.aseg.xml#id(Bmr027.A.asg.62278)..id(Bmr027.A.asg.62279)"/>
      <nite:child href="Bmr027.E.aseg.xml#id(Bmr027.E.asg.62878)..id(Bmr027.E.asg.62879)"/>
      <nite:child href="Bmr027.H.aseg.xml#id(Bmr027.H.asg.63359)..id(Bmr027.H.asg.63363)"/>
      <nite:child href="Bmr027.E.aseg.xml#id(Bmr027.E.asg.62880)..id(Bmr027.E.asg.62881)"/>
      <nite:child href="Bmr027.B.aseg.xml#id(Bmr027.B.asg.62527)"/>
      <nite:child href="Bmr027.E.aseg.xml#id(Bmr027.E.asg.62882)"/>
      <nite:child href="Bmr027.F.aseg.xml#id(Bmr027.F.asg.63089)..id(Bmr027.F.asg.63092)"/>
      <nite:child href="Bmr027.E.aseg.xml#id(Bmr027.E.asg.62883)"/>
      <nite:child href="Bmr027.H.aseg.xml#id(Bmr027.H.asg.63364)"/>
      <nite:child href="Bmr027.E.aseg.xml#id(Bmr027.E.asg.62884)"/>
      <nite:child href="Bmr027.F.aseg.xml#id(Bmr027.F.asg.63093)"/>
      <nite:child href="Bmr027.H.aseg.xml#id(Bmr027.H.asg.63365)"/>
      <nite:child href="Bmr027.E.aseg.xml#id(Bmr027.E.asg.62885)"/>
      <nite:child href="Bmr027.F.aseg.xml#id(Bmr027.F.asg.63094)..id(Bmr027.F.asg.63095)"/>
      <nite:child href="Bmr027.H.aseg.xml#id(Bmr027.H.asg.63366)"/>
      <nite:child href="Bmr027.F.aseg.xml#id(Bmr027.F.asg.63096)"/>
      <nite:child href="Bmr027.H.aseg.xml#id(Bmr027.H.asg.63367)"/>
      <nite:child href="Bmr027.A.aseg.xml#id(Bmr027.A.asg.62280)"/>
      <nite:child href="Bmr027.H.aseg.xml#id(Bmr027.H.asg.63368)"/>
      <nite:child href="Bmr027.A.aseg.xml#id(Bmr027.A.asg.62281)..id(Bmr027.A.asg.62282)"/>
      <nite:child href="Bmr027.H.aseg.xml#id(Bmr027.H.asg.63369)..id(Bmr027.H.asg.63371)"/>
      <nite:child href="Bmr027.A.aseg.xml#id(Bmr027.A.asg.62283)..id(Bmr027.A.asg.62284)"/>
      <nite:child href="Bmr027.F.aseg.xml#id(Bmr027.F.asg.63097)"/>
      <nite:child href="Bmr027.A.aseg.xml#id(Bmr027.A.asg.62285)..id(Bmr027.A.asg.62287)"/>
      <nite:child href="Bmr027.F.aseg.xml#id(Bmr027.F.asg.63098)"/>
      <nite:child href="Bmr027.B.aseg.xml#id(Bmr027.B.asg.62528)"/>
      <nite:child href="Bmr027.A.aseg.xml#id(Bmr027.A.asg.62288)"/>
      <nite:child href="Bmr027.E.aseg.xml#id(Bmr027.E.asg.62886)"/>
      <nite:child href="Bmr027.A.aseg.xml#id(Bmr027.A.asg.62289)"/>
      <nite:child href="Bmr027.E.aseg.xml#id(Bmr027.E.asg.62887)..id(Bmr027.E.asg.62888)"/>
      <nite:child href="Bmr027.A.aseg.xml#id(Bmr027.A.asg.62290)"/>
      <nite:child href="Bmr027.E.aseg.xml#id(Bmr027.E.asg.62889)"/>
      <nite:child href="Bmr027.F.aseg.xml#id(Bmr027.F.asg.63099)"/>
      <nite:child href="Bmr027.A.aseg.xml#id(Bmr027.A.asg.62291)"/>
      <nite:child href="Bmr027.F.aseg.xml#id(Bmr027.F.asg.63100)..id(Bmr027.F.asg.63101)"/>
      <nite:child href="Bmr027.A.aseg.xml#id(Bmr027.A.asg.62292)"/>
      <nite:child href="Bmr027.F.aseg.xml#id(Bmr027.F.asg.63102)..id(Bmr027.F.asg.63103)"/>
      <nite:child href="Bmr027.D.aseg.xml#id(Bmr027.D.asg.62800)"/>
      <nite:child href="Bmr027.A.aseg.xml#id(Bmr027.A.asg.62293)"/>
      <nite:child href="Bmr027.H.aseg.xml#id(Bmr027.H.asg.63372)"/>
      <nite:child href="Bmr027.F.aseg.xml#id(Bmr027.F.asg.63104)"/>
      <nite:child href="Bmr027.D.aseg.xml#id(Bmr027.D.asg.62801)"/>
      <nite:child href="Bmr027.A.aseg.xml#id(Bmr027.A.asg.62294)..id(Bmr027.A.asg.62296)"/>
      <nite:child href="Bmr027.B.aseg.xml#id(Bmr027.B.asg.62529)"/>
      <nite:child href="Bmr027.A.aseg.xml#id(Bmr027.A.asg.62297)"/>
      <nite:child href="Bmr027.B.aseg.xml#id(Bmr027.B.asg.62530)..id(Bmr027.B.asg.62532)"/>
      <nite:child href="Bmr027.A.aseg.xml#id(Bmr027.A.asg.62298)"/>
      <nite:child href="Bmr027.F.aseg.xml#id(Bmr027.F.asg.63105)"/>
      <nite:child href="Bmr027.B.aseg.xml#id(Bmr027.B.asg.62533)"/>
      <nite:child href="Bmr027.F.aseg.xml#id(Bmr027.F.asg.63106)..id(Bmr027.F.asg.63107)"/>
      <nite:child href="Bmr027.A.aseg.xml#id(Bmr027.A.asg.62299)"/>
      <nite:child href="Bmr027.F.aseg.xml#id(Bmr027.F.asg.63108)"/>
      <nite:child href="Bmr027.B.aseg.xml#id(Bmr027.B.asg.62534)"/>
      <nite:child href="Bmr027.F.aseg.xml#id(Bmr027.F.asg.63109)"/>
      <nite:child href="Bmr027.E.aseg.xml#id(Bmr027.E.asg.62890)"/>
      <nite:child href="Bmr027.A.aseg.xml#id(Bmr027.A.asg.62300)"/>
      <nite:child href="Bmr027.B.aseg.xml#id(Bmr027.B.asg.62535)"/>
      <nite:child href="Bmr027.E.aseg.xml#id(Bmr027.E.asg.62891)..id(Bmr027.E.asg.62892)"/>
      <nite:child href="Bmr027.B.aseg.xml#id(Bmr027.B.asg.62536)"/>
      <nite:child href="Bmr027.H.aseg.xml#id(Bmr027.H.asg.63373)"/>
      <nite:child href="Bmr027.B.aseg.xml#id(Bmr027.B.asg.62537)"/>
      <nite:child href="Bmr027.H.aseg.xml#id(Bmr027.H.asg.63374)"/>
      <nite:child href="Bmr027.F.aseg.xml#id(Bmr027.F.asg.63110)"/>
      <nite:child href="Bmr027.H.aseg.xml#id(Bmr027.H.asg.63375)..id(Bmr027.H.asg.63378)"/>
      <nite:child href="Bmr027.D.aseg.xml#id(Bmr027.D.asg.62802)"/>
      <nite:child href="Bmr027.H.aseg.xml#id(Bmr027.H.asg.63379)..id(Bmr027.H.asg.63380)"/>
      <nite:child href="Bmr027.E.aseg.xml#id(Bmr027.E.asg.62893)"/>
      <nite:child href="Bmr027.A.aseg.xml#id(Bmr027.A.asg.62301)"/>
      <nite:child href="Bmr027.H.aseg.xml#id(Bmr027.H.asg.63381)"/>
      <nite:child href="Bmr027.F.aseg.xml#id(Bmr027.F.asg.63111)"/>
      <nite:child href="Bmr027.B.aseg.xml#id(Bmr027.B.asg.62538)"/>
      <nite:child href="Bmr027.H.aseg.xml#id(Bmr027.H.asg.63382)"/>
      <nite:child href="Bmr027.F.aseg.xml#id(Bmr027.F.asg.63112)"/>
      <nite:child href="Bmr027.A.aseg.xml#id(Bmr027.A.asg.62302)"/>
      <nite:child href="Bmr027.H.aseg.xml#id(Bmr027.H.asg.63383)..id(Bmr027.H.asg.63384)"/>
      <nite:child href="Bmr027.F.aseg.xml#id(Bmr027.F.asg.63113)"/>
      <nite:child href="Bmr027.H.aseg.xml#id(Bmr027.H.asg.63385)..id(Bmr027.H.asg.63386)"/>
      <nite:child href="Bmr027.B.aseg.xml#id(Bmr027.B.asg.62539)"/>
      <nite:child href="Bmr027.H.aseg.xml#id(Bmr027.H.asg.63387)..id(Bmr027.H.asg.63388)"/>
      <nite:child href="Bmr027.F.aseg.xml#id(Bmr027.F.asg.63114)"/>
      <nite:child href="Bmr027.H.aseg.xml#id(Bmr027.H.asg.63389)"/>
      <nite:child href="Bmr027.A.aseg.xml#id(Bmr027.A.asg.62303)"/>
      <nite:child href="Bmr027.F.aseg.xml#id(Bmr027.F.asg.63115)"/>
      <nite:child href="Bmr027.H.aseg.xml#id(Bmr027.H.asg.63390)"/>
      <nite:child href="Bmr027.B.aseg.xml#id(Bmr027.B.asg.62540)"/>
      <nite:child href="Bmr027.F.aseg.xml#id(Bmr027.F.asg.63116)"/>
      <nite:child href="Bmr027.A.aseg.xml#id(Bmr027.A.asg.62304)"/>
      <nite:child href="Bmr027.F.aseg.xml#id(Bmr027.F.asg.63117)"/>
      <nite:child href="Bmr027.A.aseg.xml#id(Bmr027.A.asg.62305)..id(Bmr027.A.asg.62306)"/>
      <nite:child href="Bmr027.B.aseg.xml#id(Bmr027.B.asg.62541)"/>
      <nite:child href="Bmr027.F.aseg.xml#id(Bmr027.F.asg.63118)"/>
      <nite:child href="Bmr027.B.aseg.xml#id(Bmr027.B.asg.62542)..id(Bmr027.B.asg.62544)"/>
      <nite:child href="Bmr027.F.aseg.xml#id(Bmr027.F.asg.63119)"/>
      <nite:child href="Bmr027.A.aseg.xml#id(Bmr027.A.asg.62307)"/>
      <nite:child href="Bmr027.B.aseg.xml#id(Bmr027.B.asg.62545)..id(Bmr027.B.asg.62548)"/>
      <nite:child href="Bmr027.F.aseg.xml#id(Bmr027.F.asg.63120)"/>
      <nite:child href="Bmr027.B.aseg.xml#id(Bmr027.B.asg.62549)..id(Bmr027.B.asg.62553)"/>
      <nite:child href="Bmr027.F.aseg.xml#id(Bmr027.F.asg.63121)"/>
      <nite:child href="Bmr027.B.aseg.xml#id(Bmr027.B.asg.62554)..id(Bmr027.B.asg.62555)"/>
      <nite:child href="Bmr027.E.aseg.xml#id(Bmr027.E.asg.62894)..id(Bmr027.E.asg.62895)"/>
      <nite:child href="Bmr027.B.aseg.xml#id(Bmr027.B.asg.62556)"/>
      <nite:child href="Bmr027.E.aseg.xml#id(Bmr027.E.asg.62896)..id(Bmr027.E.asg.62899)"/>
      <nite:child href="Bmr027.A.aseg.xml#id(Bmr027.A.asg.62308)"/>
      <nite:child href="Bmr027.E.aseg.xml#id(Bmr027.E.asg.62900)..id(Bmr027.E.asg.62901)"/>
      <nite:child href="Bmr027.A.aseg.xml#id(Bmr027.A.asg.62309)..id(Bmr027.A.asg.62311)"/>
      <nite:child href="Bmr027.B.aseg.xml#id(Bmr027.B.asg.62557)"/>
      <nite:child href="Bmr027.F.aseg.xml#id(Bmr027.F.asg.63122)..id(Bmr027.F.asg.63123)"/>
      <nite:child href="Bmr027.B.aseg.xml#id(Bmr027.B.asg.62558)..id(Bmr027.B.asg.62560)"/>
      <nite:child href="Bmr027.A.aseg.xml#id(Bmr027.A.asg.62312)"/>
      <nite:child href="Bmr027.B.aseg.xml#id(Bmr027.B.asg.62561)..id(Bmr027.B.asg.62562)"/>
      <nite:child href="Bmr027.F.aseg.xml#id(Bmr027.F.asg.63124)..id(Bmr027.F.asg.63125)"/>
      <nite:child href="Bmr027.B.aseg.xml#id(Bmr027.B.asg.62563)"/>
      <nite:child href="Bmr027.F.aseg.xml#id(Bmr027.F.asg.63126)"/>
      <nite:child href="Bmr027.B.aseg.xml#id(Bmr027.B.asg.62564)"/>
      <nite:child href="Bmr027.F.aseg.xml#id(Bmr027.F.asg.63127)"/>
      <nite:child href="Bmr027.B.aseg.xml#id(Bmr027.B.asg.62565)"/>
      <nite:child href="Bmr027.C.aseg.xml#id(Bmr027.C.asg.62745)..id(Bmr027.C.asg.62746)"/>
      <nite:child href="Bmr027.F.aseg.xml#id(Bmr027.F.asg.63128)"/>
      <nite:child href="Bmr027.C.aseg.xml#id(Bmr027.C.asg.62747)..id(Bmr027.C.asg.62748)"/>
      <nite:child href="Bmr027.F.aseg.xml#id(Bmr027.F.asg.63129)"/>
      <nite:child href="Bmr027.C.aseg.xml#id(Bmr027.C.asg.62749)"/>
      <nite:child href="Bmr027.F.aseg.xml#id(Bmr027.F.asg.63130)"/>
      <nite:child href="Bmr027.C.aseg.xml#id(Bmr027.C.asg.62750)"/>
      <nite:child href="Bmr027.A.aseg.xml#id(Bmr027.A.asg.62313)"/>
      <nite:child href="Bmr027.F.aseg.xml#id(Bmr027.F.asg.63131)..id(Bmr027.F.asg.63132)"/>
      <nite:child href="Bmr027.A.aseg.xml#id(Bmr027.A.asg.62314)"/>
      <nite:child href="Bmr027.F.aseg.xml#id(Bmr027.F.asg.63133)"/>
      <nite:child href="Bmr027.B.aseg.xml#id(Bmr027.B.asg.62566)..id(Bmr027.B.asg.62568)"/>
      <nite:child href="Bmr027.F.aseg.xml#id(Bmr027.F.asg.63134)..id(Bmr027.F.asg.63135)"/>
      <nite:child href="Bmr027.B.aseg.xml#id(Bmr027.B.asg.62569)"/>
      <nite:child href="Bmr027.A.aseg.xml#id(Bmr027.A.asg.62315)"/>
      <nite:child href="Bmr027.B.aseg.xml#id(Bmr027.B.asg.62570)"/>
      <nite:child href="Bmr027.F.aseg.xml#id(Bmr027.F.asg.63136)..id(Bmr027.F.asg.63137)"/>
      <nite:child href="Bmr027.B.aseg.xml#id(Bmr027.B.asg.62571)"/>
      <nite:child href="Bmr027.F.aseg.xml#id(Bmr027.F.asg.63138)"/>
      <nite:child href="Bmr027.A.aseg.xml#id(Bmr027.A.asg.62316)"/>
      <nite:child href="Bmr027.B.aseg.xml#id(Bmr027.B.asg.62572)"/>
      <nite:child href="Bmr027.F.aseg.xml#id(Bmr027.F.asg.63139)..id(Bmr027.F.asg.63140)"/>
      <nite:child href="Bmr027.A.aseg.xml#id(Bmr027.A.asg.62317)"/>
      <nite:child href="Bmr027.F.aseg.xml#id(Bmr027.F.asg.63141)"/>
      <nite:child href="Bmr027.B.aseg.xml#id(Bmr027.B.asg.62573)"/>
      <nite:child href="Bmr027.A.aseg.xml#id(Bmr027.A.asg.62318)"/>
      <nite:child href="Bmr027.F.aseg.xml#id(Bmr027.F.asg.63142)..id(Bmr027.F.asg.63143)"/>
      <nite:child href="Bmr027.B.aseg.xml#id(Bmr027.B.asg.62574)..id(Bmr027.B.asg.62576)"/>
      <nite:child href="Bmr027.F.aseg.xml#id(Bmr027.F.asg.63144)..id(Bmr027.F.asg.63145)"/>
      <nite:child href="Bmr027.B.aseg.xml#id(Bmr027.B.asg.62577)"/>
      <nite:child href="Bmr027.F.aseg.xml#id(Bmr027.F.asg.63146)..id(Bmr027.F.asg.63147)"/>
      <nite:child href="Bmr027.B.aseg.xml#id(Bmr027.B.asg.62578)"/>
      <nite:child href="Bmr027.F.aseg.xml#id(Bmr027.F.asg.63148)..id(Bmr027.F.asg.63149)"/>
      <nite:child href="Bmr027.B.aseg.xml#id(Bmr027.B.asg.62579)"/>
      <nite:child href="Bmr027.E.aseg.xml#id(Bmr027.E.asg.62902)"/>
      <nite:child href="Bmr027.C.aseg.xml#id(Bmr027.C.asg.62751)"/>
      <nite:child href="Bmr027.F.aseg.xml#id(Bmr027.F.asg.63150)"/>
      <nite:child href="Bmr027.E.aseg.xml#id(Bmr027.E.asg.62903)"/>
      <nite:child href="Bmr027.B.aseg.xml#id(Bmr027.B.asg.62580)"/>
      <nite:child href="Bmr027.A.aseg.xml#id(Bmr027.A.asg.62319)"/>
      <nite:child href="Bmr027.F.aseg.xml#id(Bmr027.F.asg.63151)"/>
      <nite:child href="Bmr027.A.aseg.xml#id(Bmr027.A.asg.62320)"/>
      <nite:child href="Bmr027.F.aseg.xml#id(Bmr027.F.asg.63152)"/>
      <nite:child href="Bmr027.A.aseg.xml#id(Bmr027.A.asg.62321)"/>
      <nite:child href="Bmr027.B.aseg.xml#id(Bmr027.B.asg.62581)"/>
      <nite:child href="Bmr027.F.aseg.xml#id(Bmr027.F.asg.63153)"/>
      <nite:child href="Bmr027.A.aseg.xml#id(Bmr027.A.asg.62322)"/>
      <nite:child href="Bmr027.F.aseg.xml#id(Bmr027.F.asg.63154)"/>
      <nite:child href="Bmr027.B.aseg.xml#id(Bmr027.B.asg.62582)..id(Bmr027.B.asg.62583)"/>
      <nite:child href="Bmr027.F.aseg.xml#id(Bmr027.F.asg.63155)"/>
      <nite:child href="Bmr027.B.aseg.xml#id(Bmr027.B.asg.62584)"/>
      <nite:child href="Bmr027.A.aseg.xml#id(Bmr027.A.asg.62323)..id(Bmr027.A.asg.62326)"/>
      <nite:child href="Bmr027.B.aseg.xml#id(Bmr027.B.asg.62585)..id(Bmr027.B.asg.62587)"/>
      <nite:child href="Bmr027.F.aseg.xml#id(Bmr027.F.asg.63156)"/>
      <nite:child href="Bmr027.B.aseg.xml#id(Bmr027.B.asg.62588)"/>
      <nite:child href="Bmr027.A.aseg.xml#id(Bmr027.A.asg.62327)"/>
      <nite:child href="Bmr027.E.aseg.xml#id(Bmr027.E.asg.62904)..id(Bmr027.E.asg.62908)"/>
      <nite:child href="Bmr027.C.aseg.xml#id(Bmr027.C.asg.62752)"/>
      <nite:child href="Bmr027.E.aseg.xml#id(Bmr027.E.asg.62909)"/>
      <nite:child href="Bmr027.C.aseg.xml#id(Bmr027.C.asg.62753)"/>
      <nite:child href="Bmr027.E.aseg.xml#id(Bmr027.E.asg.62910)"/>
      <nite:child href="Bmr027.C.aseg.xml#id(Bmr027.C.asg.62754)"/>
      <nite:child href="Bmr027.E.aseg.xml#id(Bmr027.E.asg.62911)"/>
      <nite:child href="Bmr027.B.aseg.xml#id(Bmr027.B.asg.62589)"/>
      <nite:child href="Bmr027.C.aseg.xml#id(Bmr027.C.asg.62755)..id(Bmr027.C.asg.62757)"/>
      <nite:child href="Bmr027.B.aseg.xml#id(Bmr027.B.asg.62590)..id(Bmr027.B.asg.62591)"/>
      <nite:child href="Bmr027.E.aseg.xml#id(Bmr027.E.asg.62912)"/>
      <nite:child href="Bmr027.B.aseg.xml#id(Bmr027.B.asg.62592)..id(Bmr027.B.asg.62594)"/>
      <nite:child href="Bmr027.F.aseg.xml#id(Bmr027.F.asg.63157)"/>
      <nite:child href="Bmr027.B.aseg.xml#id(Bmr027.B.asg.62595)..id(Bmr027.B.asg.62597)"/>
      <nite:child href="Bmr027.F.aseg.xml#id(Bmr027.F.asg.63158)..id(Bmr027.F.asg.63159)"/>
      <nite:child href="Bmr027.B.aseg.xml#id(Bmr027.B.asg.62598)..id(Bmr027.B.asg.62600)"/>
      <nite:child href="Bmr027.F.aseg.xml#id(Bmr027.F.asg.63160)"/>
      <nite:child href="Bmr027.B.aseg.xml#id(Bmr027.B.asg.62601)"/>
      <nite:child href="Bmr027.A.aseg.xml#id(Bmr027.A.asg.62328)"/>
      <nite:child href="Bmr027.F.aseg.xml#id(Bmr027.F.asg.63161)"/>
      <nite:child href="Bmr027.A.aseg.xml#id(Bmr027.A.asg.62329)..id(Bmr027.A.asg.62330)"/>
      <nite:child href="Bmr027.F.aseg.xml#id(Bmr027.F.asg.63162)..id(Bmr027.F.asg.63163)"/>
      <nite:child href="Bmr027.H.aseg.xml#id(Bmr027.H.asg.63391)"/>
      <nite:child href="Bmr027.C.aseg.xml#id(Bmr027.C.asg.62758)"/>
      <nite:child href="Bmr027.D.aseg.xml#id(Bmr027.D.asg.62803)"/>
      <nite:child href="Bmr027.F.aseg.xml#id(Bmr027.F.asg.63164)"/>
      <nite:child href="Bmr027.E.aseg.xml#id(Bmr027.E.asg.62913)"/>
      <nite:child href="Bmr027.D.aseg.xml#id(Bmr027.D.asg.62804)"/>
      <nite:child href="Bmr027.E.aseg.xml#id(Bmr027.E.asg.62914)"/>
      <nite:child href="Bmr027.C.aseg.xml#id(Bmr027.C.asg.62759)"/>
      <nite:child href="Bmr027.D.aseg.xml#id(Bmr027.D.asg.62805)"/>
      <nite:child href="Bmr027.G.aseg.xml#id(Bmr027.G.asg.63313)"/>
      <nite:child href="Bmr027.F.aseg.xml#id(Bmr027.F.asg.63165)"/>
      <nite:child href="Bmr027.E.aseg.xml#id(Bmr027.E.asg.62915)"/>
      <nite:child href="Bmr027.A.aseg.xml#id(Bmr027.A.asg.62331)"/>
      <nite:child href="Bmr027.F.aseg.xml#id(Bmr027.F.asg.63166)"/>
      <nite:child href="Bmr027.E.aseg.xml#id(Bmr027.E.asg.62916)..id(Bmr027.E.asg.62917)"/>
      <nite:child href="Bmr027.A.aseg.xml#id(Bmr027.A.asg.62332)"/>
      <nite:child href="Bmr027.F.aseg.xml#id(Bmr027.F.asg.63167)..id(Bmr027.F.asg.63168)"/>
      <nite:child href="Bmr027.B.aseg.xml#id(Bmr027.B.asg.62602)"/>
      <nite:child href="Bmr027.F.aseg.xml#id(Bmr027.F.asg.63169)..id(Bmr027.F.asg.63172)"/>
      <nite:child href="Bmr027.B.aseg.xml#id(Bmr027.B.asg.62603)..id(Bmr027.B.asg.62604)"/>
      <nite:child href="Bmr027.F.aseg.xml#id(Bmr027.F.asg.63173)"/>
      <nite:child href="Bmr027.B.aseg.xml#id(Bmr027.B.asg.62605)..id(Bmr027.B.asg.62607)"/>
      <nite:child href="Bmr027.F.aseg.xml#id(Bmr027.F.asg.63174)"/>
      <nite:child href="Bmr027.A.aseg.xml#id(Bmr027.A.asg.62333)..id(Bmr027.A.asg.62334)"/>
      <nite:child href="Bmr027.E.aseg.xml#id(Bmr027.E.asg.62918)"/>
      <nite:child href="Bmr027.C.aseg.xml#id(Bmr027.C.asg.62760)"/>
      <nite:child href="Bmr027.F.aseg.xml#id(Bmr027.F.asg.63175)"/>
      <nite:child href="Bmr027.A.aseg.xml#id(Bmr027.A.asg.62335)"/>
      <nite:child href="Bmr027.C.aseg.xml#id(Bmr027.C.asg.62761)"/>
      <nite:child href="Bmr027.B.aseg.xml#id(Bmr027.B.asg.62608)"/>
      <nite:child href="Bmr027.D.aseg.xml#id(Bmr027.D.asg.62806)"/>
      <nite:child href="Bmr027.H.aseg.xml#id(Bmr027.H.asg.63392)"/>
      <nite:child href="Bmr027.A.aseg.xml#id(Bmr027.A.asg.62336)"/>
      <nite:child href="Bmr027.E.aseg.xml#id(Bmr027.E.asg.62919)"/>
      <nite:child href="Bmr027.F.aseg.xml#id(Bmr027.F.asg.63176)"/>
      <nite:child href="Bmr027.D.aseg.xml#id(Bmr027.D.asg.62807)"/>
      <nite:child href="Bmr027.E.aseg.xml#id(Bmr027.E.asg.62920)"/>
      <nite:child href="Bmr027.B.aseg.xml#id(Bmr027.B.asg.62609)"/>
      <nite:child href="Bmr027.D.aseg.xml#id(Bmr027.D.asg.62808)"/>
      <nite:child href="Bmr027.A.aseg.xml#id(Bmr027.A.asg.62337)"/>
      <nite:child href="Bmr027.D.aseg.xml#id(Bmr027.D.asg.62809)"/>
      <nite:child href="Bmr027.B.aseg.xml#id(Bmr027.B.asg.62610)"/>
      <nite:child href="Bmr027.C.aseg.xml#id(Bmr027.C.asg.62762)..id(Bmr027.C.asg.62763)"/>
      <nite:child href="Bmr027.E.aseg.xml#id(Bmr027.E.asg.62921)"/>
      <nite:child href="Bmr027.H.aseg.xml#id(Bmr027.H.asg.63393)"/>
      <nite:child href="Bmr027.D.aseg.xml#id(Bmr027.D.asg.62810)..id(Bmr027.D.asg.62811)"/>
      <nite:child href="Bmr027.F.aseg.xml#id(Bmr027.F.asg.63177)..id(Bmr027.F.asg.63179)"/>
      <nite:child href="Bmr027.H.aseg.xml#id(Bmr027.H.asg.63394)"/>
      <nite:child href="Bmr027.F.aseg.xml#id(Bmr027.F.asg.63180)"/>
      <nite:child href="Bmr027.H.aseg.xml#id(Bmr027.H.asg.63395)"/>
      <nite:child href="Bmr027.E.aseg.xml#id(Bmr027.E.asg.62922)"/>
      <nite:child href="Bmr027.B.aseg.xml#id(Bmr027.B.asg.62611)"/>
      <nite:child href="Bmr027.E.aseg.xml#id(Bmr027.E.asg.62923)"/>
      <nite:child href="Bmr027.C.aseg.xml#id(Bmr027.C.asg.62764)"/>
      <nite:child href="Bmr027.F.aseg.xml#id(Bmr027.F.asg.63181)..id(Bmr027.F.asg.63182)"/>
      <nite:child href="Bmr027.B.aseg.xml#id(Bmr027.B.asg.62612)"/>
      <nite:child href="Bmr027.F.aseg.xml#id(Bmr027.F.asg.63183)"/>
      <nite:child href="Bmr027.B.aseg.xml#id(Bmr027.B.asg.62613)"/>
      <nite:child href="Bmr027.A.aseg.xml#id(Bmr027.A.asg.62338)"/>
      <nite:child href="Bmr027.E.aseg.xml#id(Bmr027.E.asg.62924)"/>
      <nite:child href="Bmr027.F.aseg.xml#id(Bmr027.F.asg.63184)"/>
      <nite:child href="Bmr027.E.aseg.xml#id(Bmr027.E.asg.62925)"/>
      <nite:child href="Bmr027.B.aseg.xml#id(Bmr027.B.asg.62614)"/>
      <nite:child href="Bmr027.A.aseg.xml#id(Bmr027.A.asg.62339)"/>
      <nite:child href="Bmr027.B.aseg.xml#id(Bmr027.B.asg.62615)"/>
      <nite:child href="Bmr027.F.aseg.xml#id(Bmr027.F.asg.63185)"/>
      <nite:child href="Bmr027.B.aseg.xml#id(Bmr027.B.asg.62616)"/>
      <nite:child href="Bmr027.F.aseg.xml#id(Bmr027.F.asg.63186)..id(Bmr027.F.asg.63187)"/>
      <nite:child href="Bmr027.B.aseg.xml#id(Bmr027.B.asg.62617)"/>
      <nite:child href="Bmr027.F.aseg.xml#id(Bmr027.F.asg.63188)"/>
      <nite:child href="Bmr027.C.aseg.xml#id(Bmr027.C.asg.62765)"/>
      <nite:child href="Bmr027.B.aseg.xml#id(Bmr027.B.asg.62618)"/>
      <nite:child href="Bmr027.F.aseg.xml#id(Bmr027.F.asg.63189)..id(Bmr027.F.asg.63190)"/>
      <nite:child href="Bmr027.C.aseg.xml#id(Bmr027.C.asg.62766)"/>
      <nite:child href="Bmr027.F.aseg.xml#id(Bmr027.F.asg.63191)..id(Bmr027.F.asg.63192)"/>
      <nite:child href="Bmr027.A.aseg.xml#id(Bmr027.A.asg.62340)"/>
      <nite:child href="Bmr027.F.aseg.xml#id(Bmr027.F.asg.63193)"/>
      <nite:child href="Bmr027.H.aseg.xml#id(Bmr027.H.asg.63396)"/>
      <nite:child href="Bmr027.A.aseg.xml#id(Bmr027.A.asg.62341)"/>
      <nite:child href="Bmr027.E.aseg.xml#id(Bmr027.E.asg.62926)"/>
      <nite:child href="Bmr027.A.aseg.xml#id(Bmr027.A.asg.62342)..id(Bmr027.A.asg.62343)"/>
      <nite:child href="Bmr027.F.aseg.xml#id(Bmr027.F.asg.63194)"/>
      <nite:child href="Bmr027.A.aseg.xml#id(Bmr027.A.asg.62344)..id(Bmr027.A.asg.62345)"/>
      <nite:child href="Bmr027.B.aseg.xml#id(Bmr027.B.asg.62619)"/>
      <nite:child href="Bmr027.H.aseg.xml#id(Bmr027.H.asg.63397)"/>
      <nite:child href="Bmr027.A.aseg.xml#id(Bmr027.A.asg.62346)"/>
      <nite:child href="Bmr027.H.aseg.xml#id(Bmr027.H.asg.63398)..id(Bmr027.H.asg.63399)"/>
      <nite:child href="Bmr027.D.aseg.xml#id(Bmr027.D.asg.62812)"/>
      <nite:child href="Bmr027.A.aseg.xml#id(Bmr027.A.asg.62347)"/>
      <nite:child href="Bmr027.H.aseg.xml#id(Bmr027.H.asg.63400)"/>
      <nite:child href="Bmr027.F.aseg.xml#id(Bmr027.F.asg.63195)..id(Bmr027.F.asg.63196)"/>
      <nite:child href="Bmr027.D.aseg.xml#id(Bmr027.D.asg.62813)"/>
      <nite:child href="Bmr027.A.aseg.xml#id(Bmr027.A.asg.62348)"/>
      <nite:child href="Bmr027.H.aseg.xml#id(Bmr027.H.asg.63401)..id(Bmr027.H.asg.63402)"/>
      <nite:child href="Bmr027.A.aseg.xml#id(Bmr027.A.asg.62349)"/>
      <nite:child href="Bmr027.F.aseg.xml#id(Bmr027.F.asg.63197)"/>
      <nite:child href="Bmr027.H.aseg.xml#id(Bmr027.H.asg.63403)"/>
      <nite:child href="Bmr027.F.aseg.xml#id(Bmr027.F.asg.63198)"/>
      <nite:child href="Bmr027.H.aseg.xml#id(Bmr027.H.asg.63404)..id(Bmr027.H.asg.63405)"/>
      <nite:child href="Bmr027.F.aseg.xml#id(Bmr027.F.asg.63199)"/>
      <nite:child href="Bmr027.H.aseg.xml#id(Bmr027.H.asg.63406)"/>
      <nite:child href="Bmr027.F.aseg.xml#id(Bmr027.F.asg.63200)"/>
      <nite:child href="Bmr027.E.aseg.xml#id(Bmr027.E.asg.62927)"/>
      <nite:child href="Bmr027.B.aseg.xml#id(Bmr027.B.asg.62620)..id(Bmr027.B.asg.62621)"/>
      <nite:child href="Bmr027.H.aseg.xml#id(Bmr027.H.asg.63407)..id(Bmr027.H.asg.63408)"/>
      <nite:child href="Bmr027.B.aseg.xml#id(Bmr027.B.asg.62622)..id(Bmr027.B.asg.62623)"/>
      <nite:child href="Bmr027.H.aseg.xml#id(Bmr027.H.asg.63409)"/>
      <nite:child href="Bmr027.B.aseg.xml#id(Bmr027.B.asg.62624)..id(Bmr027.B.asg.62625)"/>
      <nite:child href="Bmr027.E.aseg.xml#id(Bmr027.E.asg.62928)"/>
      <nite:child href="Bmr027.F.aseg.xml#id(Bmr027.F.asg.63201)"/>
      <nite:child href="Bmr027.A.aseg.xml#id(Bmr027.A.asg.62350)"/>
      <nite:child href="Bmr027.F.aseg.xml#id(Bmr027.F.asg.63202)"/>
      <nite:child href="Bmr027.B.aseg.xml#id(Bmr027.B.asg.62626)"/>
      <nite:child href="Bmr027.H.aseg.xml#id(Bmr027.H.asg.63410)"/>
      <nite:child href="Bmr027.B.aseg.xml#id(Bmr027.B.asg.62627)"/>
      <nite:child href="Bmr027.H.aseg.xml#id(Bmr027.H.asg.63411)"/>
      <nite:child href="Bmr027.A.aseg.xml#id(Bmr027.A.asg.62351)"/>
      <nite:child href="Bmr027.F.aseg.xml#id(Bmr027.F.asg.63203)"/>
      <nite:child href="Bmr027.H.aseg.xml#id(Bmr027.H.asg.63412)"/>
      <nite:child href="Bmr027.E.aseg.xml#id(Bmr027.E.asg.62929)..id(Bmr027.E.asg.62930)"/>
      <nite:child href="Bmr027.H.aseg.xml#id(Bmr027.H.asg.63413)"/>
      <nite:child href="Bmr027.B.aseg.xml#id(Bmr027.B.asg.62628)"/>
      <nite:child href="Bmr027.F.aseg.xml#id(Bmr027.F.asg.63204)"/>
      <nite:child href="Bmr027.H.aseg.xml#id(Bmr027.H.asg.63414)"/>
      <nite:child href="Bmr027.A.aseg.xml#id(Bmr027.A.asg.62352)"/>
      <nite:child href="Bmr027.H.aseg.xml#id(Bmr027.H.asg.63415)..id(Bmr027.H.asg.63416)"/>
      <nite:child href="Bmr027.D.aseg.xml#id(Bmr027.D.asg.62814)"/>
      <nite:child href="Bmr027.B.aseg.xml#id(Bmr027.B.asg.62629)"/>
      <nite:child href="Bmr027.E.aseg.xml#id(Bmr027.E.asg.62931)"/>
      <nite:child href="Bmr027.F.aseg.xml#id(Bmr027.F.asg.63205)"/>
      <nite:child href="Bmr027.D.aseg.xml#id(Bmr027.D.asg.62815)"/>
      <nite:child href="Bmr027.H.aseg.xml#id(Bmr027.H.asg.63417)"/>
      <nite:child href="Bmr027.E.aseg.xml#id(Bmr027.E.asg.62932)"/>
      <nite:child href="Bmr027.A.aseg.xml#id(Bmr027.A.asg.62353)"/>
      <nite:child href="Bmr027.E.aseg.xml#id(Bmr027.E.asg.62933)..id(Bmr027.E.asg.62935)"/>
      <nite:child href="Bmr027.F.aseg.xml#id(Bmr027.F.asg.63206)"/>
      <nite:child href="Bmr027.E.aseg.xml#id(Bmr027.E.asg.62936)..id(Bmr027.E.asg.62938)"/>
      <nite:child href="Bmr027.F.aseg.xml#id(Bmr027.F.asg.63207)"/>
      <nite:child href="Bmr027.E.aseg.xml#id(Bmr027.E.asg.62939)"/>
      <nite:child href="Bmr027.F.aseg.xml#id(Bmr027.F.asg.63208)"/>
      <nite:child href="Bmr027.A.aseg.xml#id(Bmr027.A.asg.62354)..id(Bmr027.A.asg.62358)"/>
      <nite:child href="Bmr027.B.aseg.xml#id(Bmr027.B.asg.62630)"/>
      <nite:child href="Bmr027.A.aseg.xml#id(Bmr027.A.asg.62359)..id(Bmr027.A.asg.62362)"/>
      <nite:child href="Bmr027.E.aseg.xml#id(Bmr027.E.asg.62940)"/>
      <nite:child href="Bmr027.A.aseg.xml#id(Bmr027.A.asg.62363)"/>
      <nite:child href="Bmr027.B.aseg.xml#id(Bmr027.B.asg.62631)..id(Bmr027.B.asg.62632)"/>
      <nite:child href="Bmr027.C.aseg.xml#id(Bmr027.C.asg.62767)..id(Bmr027.C.asg.62770)"/>
      <nite:child href="Bmr027.F.aseg.xml#id(Bmr027.F.asg.63209)"/>
      <nite:child href="Bmr027.C.aseg.xml#id(Bmr027.C.asg.62771)"/>
      <nite:child href="Bmr027.A.aseg.xml#id(Bmr027.A.asg.62364)..id(Bmr027.A.asg.62365)"/>
      <nite:child href="Bmr027.C.aseg.xml#id(Bmr027.C.asg.62772)"/>
      <nite:child href="Bmr027.F.aseg.xml#id(Bmr027.F.asg.63210)"/>
      <nite:child href="Bmr027.C.aseg.xml#id(Bmr027.C.asg.62773)"/>
      <nite:child href="Bmr027.F.aseg.xml#id(Bmr027.F.asg.63211)"/>
      <nite:child href="Bmr027.A.aseg.xml#id(Bmr027.A.asg.62366)"/>
      <nite:child href="Bmr027.B.aseg.xml#id(Bmr027.B.asg.62633)"/>
      <nite:child href="Bmr027.A.aseg.xml#id(Bmr027.A.asg.62367)..id(Bmr027.A.asg.62368)"/>
      <nite:child href="Bmr027.F.aseg.xml#id(Bmr027.F.asg.63212)"/>
      <nite:child href="Bmr027.B.aseg.xml#id(Bmr027.B.asg.62634)"/>
      <nite:child href="Bmr027.A.aseg.xml#id(Bmr027.A.asg.62369)"/>
      <nite:child href="Bmr027.F.aseg.xml#id(Bmr027.F.asg.63213)"/>
      <nite:child href="Bmr027.A.aseg.xml#id(Bmr027.A.asg.62370)..id(Bmr027.A.asg.62371)"/>
      <nite:child href="Bmr027.F.aseg.xml#id(Bmr027.F.asg.63214)"/>
      <nite:child href="Bmr027.A.aseg.xml#id(Bmr027.A.asg.62372)..id(Bmr027.A.asg.62373)"/>
      <nite:child href="Bmr027.F.aseg.xml#id(Bmr027.F.asg.63215)"/>
      <nite:child href="Bmr027.A.aseg.xml#id(Bmr027.A.asg.62374)..id(Bmr027.A.asg.62379)"/>
      <nite:child href="Bmr027.C.aseg.xml#id(Bmr027.C.asg.62774)..id(Bmr027.C.asg.62779)"/>
      <nite:child href="Bmr027.E.aseg.xml#id(Bmr027.E.asg.62941)"/>
      <nite:child href="Bmr027.C.aseg.xml#id(Bmr027.C.asg.62780)"/>
      <nite:child href="Bmr027.E.aseg.xml#id(Bmr027.E.asg.62942)..id(Bmr027.E.asg.62945)"/>
      <nite:child href="Bmr027.F.aseg.xml#id(Bmr027.F.asg.63216)"/>
      <nite:child href="Bmr027.C.aseg.xml#id(Bmr027.C.asg.62781)"/>
      <nite:child href="Bmr027.F.aseg.xml#id(Bmr027.F.asg.63217)"/>
      <nite:child href="Bmr027.H.aseg.xml#id(Bmr027.H.asg.63418)"/>
      <nite:child href="Bmr027.C.aseg.xml#id(Bmr027.C.asg.62782)"/>
      <nite:child href="Bmr027.E.aseg.xml#id(Bmr027.E.asg.62946)"/>
      <nite:child href="Bmr027.H.aseg.xml#id(Bmr027.H.asg.63419)..id(Bmr027.H.asg.63421)"/>
      <nite:child href="Bmr027.A.aseg.xml#id(Bmr027.A.asg.62380)"/>
      <nite:child href="Bmr027.B.aseg.xml#id(Bmr027.B.asg.62635)"/>
      <nite:child href="Bmr027.A.aseg.xml#id(Bmr027.A.asg.62381)..id(Bmr027.A.asg.62387)"/>
      <nite:child href="Bmr027.H.aseg.xml#id(Bmr027.H.asg.63422)"/>
      <nite:child href="Bmr027.A.aseg.xml#id(Bmr027.A.asg.62388)..id(Bmr027.A.asg.62389)"/>
      <nite:child href="Bmr027.F.aseg.xml#id(Bmr027.F.asg.63218)"/>
      <nite:child href="Bmr027.H.aseg.xml#id(Bmr027.H.asg.63423)"/>
      <nite:child href="Bmr027.A.aseg.xml#id(Bmr027.A.asg.62390)"/>
      <nite:child href="Bmr027.H.aseg.xml#id(Bmr027.H.asg.63424)..id(Bmr027.H.asg.63425)"/>
      <nite:child href="Bmr027.A.aseg.xml#id(Bmr027.A.asg.62391)..id(Bmr027.A.asg.62393)"/>
      <nite:child href="Bmr027.F.aseg.xml#id(Bmr027.F.asg.63219)"/>
      <nite:child href="Bmr027.D.aseg.xml#id(Bmr027.D.asg.62816)"/>
      <nite:child href="Bmr027.A.aseg.xml#id(Bmr027.A.asg.62394)"/>
      <nite:child href="Bmr027.F.aseg.xml#id(Bmr027.F.asg.63220)"/>
      <nite:child href="Bmr027.A.aseg.xml#id(Bmr027.A.asg.62395)"/>
      <nite:child href="Bmr027.D.aseg.xml#id(Bmr027.D.asg.62817)"/>
      <nite:child href="Bmr027.F.aseg.xml#id(Bmr027.F.asg.63221)"/>
      <nite:child href="Bmr027.A.aseg.xml#id(Bmr027.A.asg.62396)"/>
      <nite:child href="Bmr027.F.aseg.xml#id(Bmr027.F.asg.63222)"/>
      <nite:child href="Bmr027.D.aseg.xml#id(Bmr027.D.asg.62818)..id(Bmr027.D.asg.62819)"/>
      <nite:child href="Bmr027.A.aseg.xml#id(Bmr027.A.asg.62397)"/>
      <nite:child href="Bmr027.D.aseg.xml#id(Bmr027.D.asg.62820)"/>
      <nite:child href="Bmr027.A.aseg.xml#id(Bmr027.A.asg.62398)..id(Bmr027.A.asg.62402)"/>
      <nite:child href="Bmr027.H.aseg.xml#id(Bmr027.H.asg.63426)"/>
      <nite:child href="Bmr027.F.aseg.xml#id(Bmr027.F.asg.63223)"/>
      <nite:child href="Bmr027.H.aseg.xml#id(Bmr027.H.asg.63427)"/>
      <nite:child href="Bmr027.A.aseg.xml#id(Bmr027.A.asg.62403)..id(Bmr027.A.asg.62404)"/>
      <nite:child href="Bmr027.H.aseg.xml#id(Bmr027.H.asg.63428)"/>
      <nite:child href="Bmr027.A.aseg.xml#id(Bmr027.A.asg.62405)"/>
      <nite:child href="Bmr027.H.aseg.xml#id(Bmr027.H.asg.63429)..id(Bmr027.H.asg.63430)"/>
      <nite:child href="Bmr027.A.aseg.xml#id(Bmr027.A.asg.62406)..id(Bmr027.A.asg.62416)"/>
      <nite:child href="Bmr027.H.aseg.xml#id(Bmr027.H.asg.63431)"/>
      <nite:child href="Bmr027.A.aseg.xml#id(Bmr027.A.asg.62417)..id(Bmr027.A.asg.62419)"/>
      <nite:child href="Bmr027.H.aseg.xml#id(Bmr027.H.asg.63432)"/>
      <nite:child href="Bmr027.F.aseg.xml#id(Bmr027.F.asg.63224)"/>
      <nite:child href="Bmr027.D.aseg.xml#id(Bmr027.D.asg.62821)"/>
      <nite:child href="Bmr027.A.aseg.xml#id(Bmr027.A.asg.62420)"/>
      <nite:child href="Bmr027.F.aseg.xml#id(Bmr027.F.asg.63225)"/>
      <nite:child href="Bmr027.A.aseg.xml#id(Bmr027.A.asg.62421)"/>
      <nite:child href="Bmr027.H.aseg.xml#id(Bmr027.H.asg.63433)"/>
      <nite:child href="Bmr027.A.aseg.xml#id(Bmr027.A.asg.62422)"/>
      <nite:child href="Bmr027.H.aseg.xml#id(Bmr027.H.asg.63434)..id(Bmr027.H.asg.63436)"/>
      <nite:child href="Bmr027.B.aseg.xml#id(Bmr027.B.asg.62636)"/>
      <nite:child href="Bmr027.F.aseg.xml#id(Bmr027.F.asg.63226)"/>
      <nite:child href="Bmr027.H.aseg.xml#id(Bmr027.H.asg.63437)"/>
      <nite:child href="Bmr027.A.aseg.xml#id(Bmr027.A.asg.62423)"/>
      <nite:child href="Bmr027.B.aseg.xml#id(Bmr027.B.asg.62637)"/>
      <nite:child href="Bmr027.A.aseg.xml#id(Bmr027.A.asg.62424)"/>
      <nite:child href="Bmr027.F.aseg.xml#id(Bmr027.F.asg.63227)"/>
      <nite:child href="Bmr027.B.aseg.xml#id(Bmr027.B.asg.62638)..id(Bmr027.B.asg.62639)"/>
      <nite:child href="Bmr027.A.aseg.xml#id(Bmr027.A.asg.62425)"/>
      <nite:child href="Bmr027.F.aseg.xml#id(Bmr027.F.asg.63228)"/>
      <nite:child href="Bmr027.A.aseg.xml#id(Bmr027.A.asg.62426)"/>
      <nite:child href="Bmr027.F.aseg.xml#id(Bmr027.F.asg.63229)"/>
      <nite:child href="Bmr027.B.aseg.xml#id(Bmr027.B.asg.62640)..id(Bmr027.B.asg.62642)"/>
      <nite:child href="Bmr027.A.aseg.xml#id(Bmr027.A.asg.62427)"/>
      <nite:child href="Bmr027.H.aseg.xml#id(Bmr027.H.asg.63438)"/>
      <nite:child href="Bmr027.A.aseg.xml#id(Bmr027.A.asg.62428)..id(Bmr027.A.asg.62429)"/>
      <nite:child href="Bmr027.F.aseg.xml#id(Bmr027.F.asg.63230)"/>
      <nite:child href="Bmr027.A.aseg.xml#id(Bmr027.A.asg.62430)"/>
      <nite:child href="Bmr027.F.aseg.xml#id(Bmr027.F.asg.63231)"/>
      <nite:child href="Bmr027.A.aseg.xml#id(Bmr027.A.asg.62431)"/>
      <nite:child href="Bmr027.H.aseg.xml#id(Bmr027.H.asg.63439)"/>
      <nite:child href="Bmr027.F.aseg.xml#id(Bmr027.F.asg.63232)"/>
      <nite:child href="Bmr027.A.aseg.xml#id(Bmr027.A.asg.62432)"/>
      <nite:child href="Bmr027.B.aseg.xml#id(Bmr027.B.asg.62643)"/>
      <nite:child href="Bmr027.F.aseg.xml#id(Bmr027.F.asg.63233)"/>
      <nite:child href="Bmr027.H.aseg.xml#id(Bmr027.H.asg.63440)..id(Bmr027.H.asg.63441)"/>
      <nite:child href="Bmr027.F.aseg.xml#id(Bmr027.F.asg.63234)"/>
      <nite:child href="Bmr027.H.aseg.xml#id(Bmr027.H.asg.63442)"/>
      <nite:child href="Bmr027.E.aseg.xml#id(Bmr027.E.asg.62947)"/>
      <nite:child href="Bmr027.H.aseg.xml#id(Bmr027.H.asg.63443)..id(Bmr027.H.asg.63446)"/>
      <nite:child href="Bmr027.A.aseg.xml#id(Bmr027.A.asg.62433)"/>
      <nite:child href="Bmr027.H.aseg.xml#id(Bmr027.H.asg.63447)"/>
      <nite:child href="Bmr027.A.aseg.xml#id(Bmr027.A.asg.62434)"/>
      <nite:child href="Bmr027.B.aseg.xml#id(Bmr027.B.asg.62644)"/>
      <nite:child href="Bmr027.H.aseg.xml#id(Bmr027.H.asg.63448)"/>
      <nite:child href="Bmr027.F.aseg.xml#id(Bmr027.F.asg.63235)"/>
      <nite:child href="Bmr027.H.aseg.xml#id(Bmr027.H.asg.63449)"/>
      <nite:child href="Bmr027.B.aseg.xml#id(Bmr027.B.asg.62645)"/>
      <nite:child href="Bmr027.H.aseg.xml#id(Bmr027.H.asg.63450)"/>
      <nite:child href="Bmr027.B.aseg.xml#id(Bmr027.B.asg.62646)"/>
      <nite:child href="Bmr027.D.aseg.xml#id(Bmr027.D.asg.62822)"/>
      <nite:child href="Bmr027.A.aseg.xml#id(Bmr027.A.asg.62435)"/>
      <nite:child href="Bmr027.E.aseg.xml#id(Bmr027.E.asg.62948)..id(Bmr027.E.asg.62949)"/>
      <nite:child href="Bmr027.D.aseg.xml#id(Bmr027.D.asg.62823)"/>
      <nite:child href="Bmr027.E.aseg.xml#id(Bmr027.E.asg.62950)"/>
      <nite:child href="Bmr027.H.aseg.xml#id(Bmr027.H.asg.63451)"/>
      <nite:child href="Bmr027.B.aseg.xml#id(Bmr027.B.asg.62647)"/>
      <nite:child href="Bmr027.E.aseg.xml#id(Bmr027.E.asg.62951)"/>
      <nite:child href="Bmr027.B.aseg.xml#id(Bmr027.B.asg.62648)"/>
      <nite:child href="Bmr027.H.aseg.xml#id(Bmr027.H.asg.63452)"/>
      <nite:child href="Bmr027.A.aseg.xml#id(Bmr027.A.asg.62436)"/>
      <nite:child href="Bmr027.E.aseg.xml#id(Bmr027.E.asg.62952)"/>
      <nite:child href="Bmr027.A.aseg.xml#id(Bmr027.A.asg.62437)"/>
      <nite:child href="Bmr027.B.aseg.xml#id(Bmr027.B.asg.62649)"/>
      <nite:child href="Bmr027.H.aseg.xml#id(Bmr027.H.asg.63453)"/>
      <nite:child href="Bmr027.E.aseg.xml#id(Bmr027.E.asg.62953)"/>
      <nite:child href="Bmr027.F.aseg.xml#id(Bmr027.F.asg.63236)"/>
      <nite:child href="Bmr027.B.aseg.xml#id(Bmr027.B.asg.62650)"/>
      <nite:child href="Bmr027.A.aseg.xml#id(Bmr027.A.asg.62438)"/>
      <nite:child href="Bmr027.F.aseg.xml#id(Bmr027.F.asg.63237)"/>
      <nite:child href="Bmr027.D.aseg.xml#id(Bmr027.D.asg.62824)..id(Bmr027.D.asg.62825)"/>
      <nite:child href="Bmr027.B.aseg.xml#id(Bmr027.B.asg.62651)"/>
      <nite:child href="Bmr027.A.aseg.xml#id(Bmr027.A.asg.62439)"/>
      <nite:child href="Bmr027.B.aseg.xml#id(Bmr027.B.asg.62652)"/>
      <nite:child href="Bmr027.F.aseg.xml#id(Bmr027.F.asg.63238)..id(Bmr027.F.asg.63239)"/>
      <nite:child href="Bmr027.D.aseg.xml#id(Bmr027.D.asg.62826)..id(Bmr027.D.asg.62827)"/>
      <nite:child href="Bmr027.B.aseg.xml#id(Bmr027.B.asg.62653)"/>
      <nite:child href="Bmr027.D.aseg.xml#id(Bmr027.D.asg.62828)"/>
      <nite:child href="Bmr027.F.aseg.xml#id(Bmr027.F.asg.63240)"/>
      <nite:child href="Bmr027.H.aseg.xml#id(Bmr027.H.asg.63454)"/>
      <nite:child href="Bmr027.E.aseg.xml#id(Bmr027.E.asg.62954)"/>
      <nite:child href="Bmr027.B.aseg.xml#id(Bmr027.B.asg.62654)"/>
      <nite:child href="Bmr027.E.aseg.xml#id(Bmr027.E.asg.62955)"/>
      <nite:child href="Bmr027.B.aseg.xml#id(Bmr027.B.asg.62655)..id(Bmr027.B.asg.62656)"/>
      <nite:child href="Bmr027.D.aseg.xml#id(Bmr027.D.asg.62829)"/>
      <nite:child href="Bmr027.B.aseg.xml#id(Bmr027.B.asg.62657)"/>
      <nite:child href="Bmr027.E.aseg.xml#id(Bmr027.E.asg.62956)"/>
      <nite:child href="Bmr027.F.aseg.xml#id(Bmr027.F.asg.63241)"/>
      <nite:child href="Bmr027.D.aseg.xml#id(Bmr027.D.asg.62830)"/>
      <nite:child href="Bmr027.F.aseg.xml#id(Bmr027.F.asg.63242)"/>
      <nite:child href="Bmr027.B.aseg.xml#id(Bmr027.B.asg.62658)"/>
      <nite:child href="Bmr027.D.aseg.xml#id(Bmr027.D.asg.62831)..id(Bmr027.D.asg.62832)"/>
      <nite:child href="Bmr027.F.aseg.xml#id(Bmr027.F.asg.63243)"/>
      <nite:child href="Bmr027.E.aseg.xml#id(Bmr027.E.asg.62957)"/>
      <nite:child href="Bmr027.D.aseg.xml#id(Bmr027.D.asg.62833)..id(Bmr027.D.asg.62837)"/>
      <nite:child href="Bmr027.B.aseg.xml#id(Bmr027.B.asg.62659)"/>
      <nite:child href="Bmr027.E.aseg.xml#id(Bmr027.E.asg.62958)"/>
      <nite:child href="Bmr027.D.aseg.xml#id(Bmr027.D.asg.62838)"/>
      <nite:child href="Bmr027.B.aseg.xml#id(Bmr027.B.asg.62660)"/>
      <nite:child href="Bmr027.E.aseg.xml#id(Bmr027.E.asg.62959)"/>
      <nite:child href="Bmr027.D.aseg.xml#id(Bmr027.D.asg.62839)"/>
      <nite:child href="Bmr027.B.aseg.xml#id(Bmr027.B.asg.62661)"/>
      <nite:child href="Bmr027.E.aseg.xml#id(Bmr027.E.asg.62960)"/>
      <nite:child href="Bmr027.C.aseg.xml#id(Bmr027.C.asg.62783)"/>
      <nite:child href="Bmr027.D.aseg.xml#id(Bmr027.D.asg.62840)"/>
      <nite:child href="Bmr027.F.aseg.xml#id(Bmr027.F.asg.63244)"/>
      <nite:child href="Bmr027.D.aseg.xml#id(Bmr027.D.asg.62841)..id(Bmr027.D.asg.62842)"/>
      <nite:child href="Bmr027.H.aseg.xml#id(Bmr027.H.asg.63455)"/>
      <nite:child href="Bmr027.D.aseg.xml#id(Bmr027.D.asg.62843)..id(Bmr027.D.asg.62844)"/>
      <nite:child href="Bmr027.F.aseg.xml#id(Bmr027.F.asg.63245)"/>
      <nite:child href="Bmr027.H.aseg.xml#id(Bmr027.H.asg.63456)"/>
      <nite:child href="Bmr027.C.aseg.xml#id(Bmr027.C.asg.62784)"/>
      <nite:child href="Bmr027.F.aseg.xml#id(Bmr027.F.asg.63246)"/>
      <nite:child href="Bmr027.B.aseg.xml#id(Bmr027.B.asg.62662)"/>
      <nite:child href="Bmr027.D.aseg.xml#id(Bmr027.D.asg.62845)"/>
      <nite:child href="Bmr027.H.aseg.xml#id(Bmr027.H.asg.63457)"/>
      <nite:child href="Bmr027.F.aseg.xml#id(Bmr027.F.asg.63247)..id(Bmr027.F.asg.63248)"/>
      <nite:child href="Bmr027.E.aseg.xml#id(Bmr027.E.asg.62961)..id(Bmr027.E.asg.62962)"/>
      <nite:child href="Bmr027.C.aseg.xml#id(Bmr027.C.asg.62785)"/>
      <nite:child href="Bmr027.E.aseg.xml#id(Bmr027.E.asg.62963)"/>
      <nite:child href="Bmr027.F.aseg.xml#id(Bmr027.F.asg.63249)"/>
      <nite:child href="Bmr027.D.aseg.xml#id(Bmr027.D.asg.62846)..id(Bmr027.D.asg.62847)"/>
      <nite:child href="Bmr027.F.aseg.xml#id(Bmr027.F.asg.63250)"/>
      <nite:child href="Bmr027.E.aseg.xml#id(Bmr027.E.asg.62964)"/>
      <nite:child href="Bmr027.D.aseg.xml#id(Bmr027.D.asg.62848)"/>
      <nite:child href="Bmr027.F.aseg.xml#id(Bmr027.F.asg.63251)"/>
      <nite:child href="Bmr027.C.aseg.xml#id(Bmr027.C.asg.62786)"/>
      <nite:child href="Bmr027.D.aseg.xml#id(Bmr027.D.asg.62849)"/>
      <nite:child href="Bmr027.B.aseg.xml#id(Bmr027.B.asg.62663)"/>
      <nite:child href="Bmr027.D.aseg.xml#id(Bmr027.D.asg.62850)"/>
      <nite:child href="Bmr027.H.aseg.xml#id(Bmr027.H.asg.63458)"/>
      <nite:child href="Bmr027.B.aseg.xml#id(Bmr027.B.asg.62664)..id(Bmr027.B.asg.62665)"/>
      <nite:child href="Bmr027.D.aseg.xml#id(Bmr027.D.asg.62851)"/>
      <nite:child href="Bmr027.E.aseg.xml#id(Bmr027.E.asg.62965)"/>
      <nite:child href="Bmr027.D.aseg.xml#id(Bmr027.D.asg.62852)"/>
      <nite:child href="Bmr027.F.aseg.xml#id(Bmr027.F.asg.63252)"/>
      <nite:child href="Bmr027.E.aseg.xml#id(Bmr027.E.asg.62966)"/>
      <nite:child href="Bmr027.B.aseg.xml#id(Bmr027.B.asg.62666)"/>
      <nite:child href="Bmr027.F.aseg.xml#id(Bmr027.F.asg.63253)"/>
      <nite:child href="Bmr027.B.aseg.xml#id(Bmr027.B.asg.62667)..id(Bmr027.B.asg.62668)"/>
      <nite:child href="Bmr027.F.aseg.xml#id(Bmr027.F.asg.63254)"/>
      <nite:child href="Bmr027.B.aseg.xml#id(Bmr027.B.asg.62669)..id(Bmr027.B.asg.62674)"/>
      <nite:child href="Bmr027.C.aseg.xml#id(Bmr027.C.asg.62787)"/>
      <nite:child href="Bmr027.B.aseg.xml#id(Bmr027.B.asg.62675)"/>
      <nite:child href="Bmr027.F.aseg.xml#id(Bmr027.F.asg.63255)..id(Bmr027.F.asg.63256)"/>
      <nite:child href="Bmr027.B.aseg.xml#id(Bmr027.B.asg.62676)..id(Bmr027.B.asg.62679)"/>
      <nite:child href="Bmr027.H.aseg.xml#id(Bmr027.H.asg.63459)"/>
      <nite:child href="Bmr027.B.aseg.xml#id(Bmr027.B.asg.62680)"/>
      <nite:child href="Bmr027.F.aseg.xml#id(Bmr027.F.asg.63257)"/>
      <nite:child href="Bmr027.B.aseg.xml#id(Bmr027.B.asg.62681)..id(Bmr027.B.asg.62692)"/>
      <nite:child href="Bmr027.H.aseg.xml#id(Bmr027.H.asg.63460)"/>
      <nite:child href="Bmr027.B.aseg.xml#id(Bmr027.B.asg.62693)..id(Bmr027.B.asg.62695)"/>
      <nite:child href="Bmr027.F.aseg.xml#id(Bmr027.F.asg.63258)..id(Bmr027.F.asg.63259)"/>
      <nite:child href="Bmr027.B.aseg.xml#id(Bmr027.B.asg.62696)..id(Bmr027.B.asg.62697)"/>
      <nite:child href="Bmr027.F.aseg.xml#id(Bmr027.F.asg.63260)"/>
      <nite:child href="Bmr027.D.aseg.xml#id(Bmr027.D.asg.62853)"/>
      <nite:child href="Bmr027.F.aseg.xml#id(Bmr027.F.asg.63261)"/>
      <nite:child href="Bmr027.D.aseg.xml#id(Bmr027.D.asg.62854)"/>
      <nite:child href="Bmr027.F.aseg.xml#id(Bmr027.F.asg.63262)..id(Bmr027.F.asg.63263)"/>
      <nite:child href="Bmr027.B.aseg.xml#id(Bmr027.B.asg.62698)..id(Bmr027.B.asg.62700)"/>
      <nite:child href="Bmr027.F.aseg.xml#id(Bmr027.F.asg.63264)"/>
      <nite:child href="Bmr027.B.aseg.xml#id(Bmr027.B.asg.62701)"/>
      <nite:child href="Bmr027.F.aseg.xml#id(Bmr027.F.asg.63265)..id(Bmr027.F.asg.63266)"/>
      <nite:child href="Bmr027.E.aseg.xml#id(Bmr027.E.asg.62967)"/>
      <nite:child href="Bmr027.F.aseg.xml#id(Bmr027.F.asg.63267)"/>
      <nite:child href="Bmr027.E.aseg.xml#id(Bmr027.E.asg.62968)"/>
      <nite:child href="Bmr027.F.aseg.xml#id(Bmr027.F.asg.63268)"/>
      <nite:child href="Bmr027.E.aseg.xml#id(Bmr027.E.asg.62969)"/>
      <nite:child href="Bmr027.F.aseg.xml#id(Bmr027.F.asg.63269)"/>
      <nite:child href="Bmr027.E.aseg.xml#id(Bmr027.E.asg.62970)"/>
      <nite:child href="Bmr027.B.aseg.xml#id(Bmr027.B.asg.62702)..id(Bmr027.B.asg.62703)"/>
      <nite:child href="Bmr027.F.aseg.xml#id(Bmr027.F.asg.63270)"/>
      <nite:child href="Bmr027.B.aseg.xml#id(Bmr027.B.asg.62704)"/>
      <nite:child href="Bmr027.E.aseg.xml#id(Bmr027.E.asg.62971)"/>
      <nite:child href="Bmr027.B.aseg.xml#id(Bmr027.B.asg.62705)"/>
      <nite:child href="Bmr027.F.aseg.xml#id(Bmr027.F.asg.63271)..id(Bmr027.F.asg.63272)"/>
      <nite:child href="Bmr027.B.aseg.xml#id(Bmr027.B.asg.62706)"/>
      <nite:child href="Bmr027.E.aseg.xml#id(Bmr027.E.asg.62972)"/>
      <nite:child href="Bmr027.F.aseg.xml#id(Bmr027.F.asg.63273)"/>
      <nite:child href="Bmr027.C.aseg.xml#id(Bmr027.C.asg.62788)"/>
      <nite:child href="Bmr027.B.aseg.xml#id(Bmr027.B.asg.62707)"/>
      <nite:child href="Bmr027.H.aseg.xml#id(Bmr027.H.asg.63461)"/>
      <nite:child href="Bmr027.E.aseg.xml#id(Bmr027.E.asg.62973)"/>
      <nite:child href="Bmr027.A.aseg.xml#id(Bmr027.A.asg.62440)"/>
      <nite:child href="Bmr027.H.aseg.xml#id(Bmr027.H.asg.63462)..id(Bmr027.H.asg.63463)"/>
      <nite:child href="Bmr027.F.aseg.xml#id(Bmr027.F.asg.63274)"/>
      <nite:child href="Bmr027.H.aseg.xml#id(Bmr027.H.asg.63464)..id(Bmr027.H.asg.63465)"/>
      <nite:child href="Bmr027.E.aseg.xml#id(Bmr027.E.asg.62974)"/>
      <nite:child href="Bmr027.F.aseg.xml#id(Bmr027.F.asg.63275)"/>
      <nite:child href="Bmr027.E.aseg.xml#id(Bmr027.E.asg.62975)"/>
      <nite:child href="Bmr027.H.aseg.xml#id(Bmr027.H.asg.63466)"/>
      <nite:child href="Bmr027.E.aseg.xml#id(Bmr027.E.asg.62976)"/>
      <nite:child href="Bmr027.H.aseg.xml#id(Bmr027.H.asg.63467)"/>
      <nite:child href="Bmr027.F.aseg.xml#id(Bmr027.F.asg.63276)"/>
      <nite:child href="Bmr027.E.aseg.xml#id(Bmr027.E.asg.62977)"/>
      <nite:child href="Bmr027.F.aseg.xml#id(Bmr027.F.asg.63277)"/>
      <nite:child href="Bmr027.B.aseg.xml#id(Bmr027.B.asg.62708)"/>
      <nite:child href="Bmr027.F.aseg.xml#id(Bmr027.F.asg.63278)"/>
      <nite:child href="Bmr027.H.aseg.xml#id(Bmr027.H.asg.63468)"/>
      <nite:child href="Bmr027.F.aseg.xml#id(Bmr027.F.asg.63279)"/>
      <nite:child href="Bmr027.H.aseg.xml#id(Bmr027.H.asg.63469)"/>
      <nite:child href="Bmr027.E.aseg.xml#id(Bmr027.E.asg.62978)..id(Bmr027.E.asg.62979)"/>
      <nite:child href="Bmr027.A.aseg.xml#id(Bmr027.A.asg.62441)"/>
      <nite:child href="Bmr027.B.aseg.xml#id(Bmr027.B.asg.62709)"/>
      <nite:child href="Bmr027.F.aseg.xml#id(Bmr027.F.asg.63280)"/>
      <nite:child href="Bmr027.C.aseg.xml#id(Bmr027.C.asg.62789)"/>
      <nite:child href="Bmr027.E.aseg.xml#id(Bmr027.E.asg.62980)"/>
      <nite:child href="Bmr027.B.aseg.xml#id(Bmr027.B.asg.62710)"/>
      <nite:child href="Bmr027.F.aseg.xml#id(Bmr027.F.asg.63281)"/>
      <nite:child href="Bmr027.B.aseg.xml#id(Bmr027.B.asg.62711)"/>
      <nite:child href="Bmr027.A.aseg.xml#id(Bmr027.A.asg.62442)"/>
      <nite:child href="Bmr027.B.aseg.xml#id(Bmr027.B.asg.62712)..id(Bmr027.B.asg.62713)"/>
      <nite:child href="Bmr027.H.aseg.xml#id(Bmr027.H.asg.63470)"/>
      <nite:child href="Bmr027.F.aseg.xml#id(Bmr027.F.asg.63282)..id(Bmr027.F.asg.63283)"/>
      <nite:child href="Bmr027.H.aseg.xml#id(Bmr027.H.asg.63471)"/>
      <nite:child href="Bmr027.A.aseg.xml#id(Bmr027.A.asg.62443)"/>
      <nite:child href="Bmr027.E.aseg.xml#id(Bmr027.E.asg.62981)"/>
      <nite:child href="Bmr027.H.aseg.xml#id(Bmr027.H.asg.63472)..id(Bmr027.H.asg.63476)"/>
      <nite:child href="Bmr027.F.aseg.xml#id(Bmr027.F.asg.63284)"/>
      <nite:child href="Bmr027.H.aseg.xml#id(Bmr027.H.asg.63477)"/>
      <nite:child href="Bmr027.E.aseg.xml#id(Bmr027.E.asg.62982)..id(Bmr027.E.asg.62985)"/>
      <nite:child href="Bmr027.H.aseg.xml#id(Bmr027.H.asg.63478)"/>
      <nite:child href="Bmr027.F.aseg.xml#id(Bmr027.F.asg.63285)"/>
      <nite:child href="Bmr027.E.aseg.xml#id(Bmr027.E.asg.62986)"/>
      <nite:child href="Bmr027.F.aseg.xml#id(Bmr027.F.asg.63286)"/>
      <nite:child href="Bmr027.E.aseg.xml#id(Bmr027.E.asg.62987)..id(Bmr027.E.asg.62988)"/>
      <nite:child href="Bmr027.F.aseg.xml#id(Bmr027.F.asg.63287)"/>
      <nite:child href="Bmr027.A.aseg.xml#id(Bmr027.A.asg.62444)"/>
      <nite:child href="Bmr027.E.aseg.xml#id(Bmr027.E.asg.62989)..id(Bmr027.E.asg.62993)"/>
      <nite:child href="Bmr027.F.aseg.xml#id(Bmr027.F.asg.63288)"/>
      <nite:child href="Bmr027.E.aseg.xml#id(Bmr027.E.asg.62994)"/>
      <nite:child href="Bmr027.F.aseg.xml#id(Bmr027.F.asg.63289)"/>
      <nite:child href="Bmr027.E.aseg.xml#id(Bmr027.E.asg.62995)..id(Bmr027.E.asg.62996)"/>
      <nite:child href="Bmr027.A.aseg.xml#id(Bmr027.A.asg.62445)"/>
      <nite:child href="Bmr027.E.aseg.xml#id(Bmr027.E.asg.62997)"/>
      <nite:child href="Bmr027.H.aseg.xml#id(Bmr027.H.asg.63479)"/>
      <nite:child href="Bmr027.E.aseg.xml#id(Bmr027.E.asg.62998)..id(Bmr027.E.asg.62999)"/>
      <nite:child href="Bmr027.F.aseg.xml#id(Bmr027.F.asg.63290)"/>
      <nite:child href="Bmr027.A.aseg.xml#id(Bmr027.A.asg.62446)"/>
      <nite:child href="Bmr027.E.aseg.xml#id(Bmr027.E.asg.63000)..id(Bmr027.E.asg.63001)"/>
      <nite:child href="Bmr027.B.aseg.xml#id(Bmr027.B.asg.62714)"/>
      <nite:child href="Bmr027.E.aseg.xml#id(Bmr027.E.asg.63002)"/>
      <nite:child href="Bmr027.H.aseg.xml#id(Bmr027.H.asg.63480)"/>
      <nite:child href="Bmr027.B.aseg.xml#id(Bmr027.B.asg.62715)"/>
      <nite:child href="Bmr027.F.aseg.xml#id(Bmr027.F.asg.63291)..id(Bmr027.F.asg.63292)"/>
      <nite:child href="Bmr027.B.aseg.xml#id(Bmr027.B.asg.62716)..id(Bmr027.B.asg.62717)"/>
      <nite:child href="Bmr027.F.aseg.xml#id(Bmr027.F.asg.63293)"/>
      <nite:child href="Bmr027.E.aseg.xml#id(Bmr027.E.asg.63003)"/>
      <nite:child href="Bmr027.F.aseg.xml#id(Bmr027.F.asg.63294)"/>
      <nite:child href="Bmr027.B.aseg.xml#id(Bmr027.B.asg.62718)"/>
      <nite:child href="Bmr027.F.aseg.xml#id(Bmr027.F.asg.63295)"/>
      <nite:child href="Bmr027.B.aseg.xml#id(Bmr027.B.asg.62719)"/>
      <nite:child href="Bmr027.F.aseg.xml#id(Bmr027.F.asg.63296)"/>
      <nite:child href="Bmr027.B.aseg.xml#id(Bmr027.B.asg.62720)"/>
      <nite:child href="Bmr027.F.aseg.xml#id(Bmr027.F.asg.63297)..id(Bmr027.F.asg.63307)"/>
      <nite:child href="Bmr027.H.aseg.xml#id(Bmr027.H.asg.63481)"/>
      <nite:child href="Bmr027.F.aseg.xml#id(Bmr027.F.asg.63308)"/>
      <nite:child href="Bmr027.H.aseg.xml#id(Bmr027.H.asg.63482)..id(Bmr027.H.asg.63490)"/>
      <nite:child href="Bmr027.D.aseg.xml#id(Bmr027.D.asg.62855)..id(Bmr027.D.asg.62863)"/>
      <nite:child href="Bmr027.G.aseg.xml#id(Bmr027.G.asg.63314)..id(Bmr027.G.asg.63317)"/>
      <nite:child href="Bmr027.F.aseg.xml#id(Bmr027.F.asg.63309)"/>
      <nite:child href="Bmr027.G.aseg.xml#id(Bmr027.G.asg.63318)..id(Bmr027.G.asg.63322)"/>
      <nite:child href="Bmr027.E.aseg.xml#id(Bmr027.E.asg.63004)..id(Bmr027.E.asg.63012)"/>
      <nite:child href="Bmr027.C.aseg.xml#id(Bmr027.C.asg.62790)..id(Bmr027.C.asg.62798)"/>
      <nite:child href="Bmr027.B.aseg.xml#id(Bmr027.B.asg.62721)..id(Bmr027.B.asg.62729)"/>
      <nite:child href="Bmr027.A.aseg.xml#id(Bmr027.A.asg.62447)"/>
      <nite:child href="Bmr027.F.aseg.xml#id(Bmr027.F.asg.63310)"/>
      <nite:child href="Bmr027.A.aseg.xml#id(Bmr027.A.asg.62448)..id(Bmr027.A.asg.62456)"/>
      <nite:child href="Bmr027.F.aseg.xml#id(Bmr027.F.asg.63311)"/>
      <nite:child href="Bmr027.B.aseg.xml#id(Bmr027.B.asg.62730)"/>
   </autopic>
</nite:root>