<?xml version="1.0" encoding="ISO-8859-1" standalone="yes"?>
<nite:root nite:id="Bro015.autotopic.1" xmlns:nite="http://nite.sourceforge.net/">
   <autopic nite:id="Bro015.autotopic.2" tstart="1.24" tend="80.92">
      <nite:child href="Bro015.A.aseg.xml#id(Bro015.A.asg.88267)"/>
      <nite:child href="Bro015.D.aseg.xml#id(Bro015.D.asg.88408)..id(Bro015.D.asg.88419)"/>
      <nite:child href="Bro015.C.aseg.xml#id(Bro015.C.asg.88324)"/>
      <nite:child href="Bro015.F.aseg.xml#id(Bro015.F.asg.88507)"/>
      <nite:child href="Bro015.D.aseg.xml#id(Bro015.D.asg.88420)"/>
      <nite:child href="Bro015.F.aseg.xml#id(Bro015.F.asg.88508)..id(Bro015.F.asg.88509)"/>
      <nite:child href="Bro015.D.aseg.xml#id(Bro015.D.asg.88421)"/>
      <nite:child href="Bro015.F.aseg.xml#id(Bro015.F.asg.88510)"/>
      <nite:child href="Bro015.C.aseg.xml#id(Bro015.C.asg.88325)"/>
      <nite:child href="Bro015.D.aseg.xml#id(Bro015.D.asg.88422)"/>
   </autopic>
   <autopic nite:id="Bro015.autotopic.3" tstart="91.77" tend="474.84">
      <nite:child href="Bro015.D.aseg.xml#id(Bro015.D.asg.88423)"/>
      <nite:child href="Bro015.C.aseg.xml#id(Bro015.C.asg.88327)..id(Bro015.C.asg.88332)"/>
      <nite:child href="Bro015.D.aseg.xml#id(Bro015.D.asg.88424)"/>
      <nite:child href="Bro015.C.aseg.xml#id(Bro015.C.asg.88333)"/>
      <nite:child href="Bro015.D.aseg.xml#id(Bro015.D.asg.88425)"/>
      <nite:child href="Bro015.C.aseg.xml#id(Bro015.C.asg.88334)..id(Bro015.C.asg.88335)"/>
      <nite:child href="Bro015.D.aseg.xml#id(Bro015.D.asg.88426)"/>
      <nite:child href="Bro015.C.aseg.xml#id(Bro015.C.asg.88336)"/>
      <nite:child href="Bro015.D.aseg.xml#id(Bro015.D.asg.88427)..id(Bro015.D.asg.88428)"/>
      <nite:child href="Bro015.C.aseg.xml#id(Bro015.C.asg.88337)"/>
      <nite:child href="Bro015.D.aseg.xml#id(Bro015.D.asg.88429)"/>
      <nite:child href="Bro015.C.aseg.xml#id(Bro015.C.asg.88338)"/>
      <nite:child href="Bro015.A.aseg.xml#id(Bro015.A.asg.88268)"/>
      <nite:child href="Bro015.C.aseg.xml#id(Bro015.C.asg.88339)"/>
      <nite:child href="Bro015.D.aseg.xml#id(Bro015.D.asg.88430)"/>
      <nite:child href="Bro015.C.aseg.xml#id(Bro015.C.asg.88340)"/>
      <nite:child href="Bro015.D.aseg.xml#id(Bro015.D.asg.88431)..id(Bro015.D.asg.88432)"/>
      <nite:child href="Bro015.C.aseg.xml#id(Bro015.C.asg.88341)..id(Bro015.C.asg.88348)"/>
      <nite:child href="Bro015.D.aseg.xml#id(Bro015.D.asg.88433)"/>
      <nite:child href="Bro015.C.aseg.xml#id(Bro015.C.asg.88349)"/>
      <nite:child href="Bro015.D.aseg.xml#id(Bro015.D.asg.88434)..id(Bro015.D.asg.88435)"/>
      <nite:child href="Bro015.C.aseg.xml#id(Bro015.C.asg.88350)..id(Bro015.C.asg.88358)"/>
      <nite:child href="Bro015.D.aseg.xml#id(Bro015.D.asg.88436)..id(Bro015.D.asg.88437)"/>
      <nite:child href="Bro015.C.aseg.xml#id(Bro015.C.asg.88359)..id(Bro015.C.asg.88361)"/>
      <nite:child href="Bro015.D.aseg.xml#id(Bro015.D.asg.88438)"/>
      <nite:child href="Bro015.A.aseg.xml#id(Bro015.A.asg.88269)..id(Bro015.A.asg.88270)"/>
      <nite:child href="Bro015.E.aseg.xml#id(Bro015.E.asg.88489)..id(Bro015.E.asg.88490)"/>
      <nite:child href="Bro015.A.aseg.xml#id(Bro015.A.asg.88271)"/>
      <nite:child href="Bro015.E.aseg.xml#id(Bro015.E.asg.88491)"/>
      <nite:child href="Bro015.A.aseg.xml#id(Bro015.A.asg.88272)"/>
      <nite:child href="Bro015.D.aseg.xml#id(Bro015.D.asg.88439)..id(Bro015.D.asg.88441)"/>
      <nite:child href="Bro015.C.aseg.xml#id(Bro015.C.asg.88362)"/>
      <nite:child href="Bro015.D.aseg.xml#id(Bro015.D.asg.88442)"/>
      <nite:child href="Bro015.C.aseg.xml#id(Bro015.C.asg.88363)"/>
      <nite:child href="Bro015.D.aseg.xml#id(Bro015.D.asg.88443)..id(Bro015.D.asg.88444)"/>
      <nite:child href="Bro015.C.aseg.xml#id(Bro015.C.asg.88364)..id(Bro015.C.asg.88365)"/>
      <nite:child href="Bro015.D.aseg.xml#id(Bro015.D.asg.88445)"/>
      <nite:child href="Bro015.C.aseg.xml#id(Bro015.C.asg.88366)"/>
      <nite:child href="Bro015.D.aseg.xml#id(Bro015.D.asg.88446)"/>
      <nite:child href="Bro015.C.aseg.xml#id(Bro015.C.asg.88367)"/>
      <nite:child href="Bro015.D.aseg.xml#id(Bro015.D.asg.88447)"/>
      <nite:child href="Bro015.C.aseg.xml#id(Bro015.C.asg.88368)..id(Bro015.C.asg.88369)"/>
      <nite:child href="Bro015.D.aseg.xml#id(Bro015.D.asg.88448)"/>
      <nite:child href="Bro015.C.aseg.xml#id(Bro015.C.asg.88370)"/>
      <nite:child href="Bro015.D.aseg.xml#id(Bro015.D.asg.88449)"/>
      <nite:child href="Bro015.C.aseg.xml#id(Bro015.C.asg.88371)"/>
      <nite:child href="Bro015.D.aseg.xml#id(Bro015.D.asg.88450)"/>
      <nite:child href="Bro015.C.aseg.xml#id(Bro015.C.asg.88372)..id(Bro015.C.asg.88377)"/>
      <nite:child href="Bro015.D.aseg.xml#id(Bro015.D.asg.88451)..id(Bro015.D.asg.88453)"/>
      <nite:child href="Bro015.C.aseg.xml#id(Bro015.C.asg.88378)"/>
      <nite:child href="Bro015.D.aseg.xml#id(Bro015.D.asg.88454)"/>
      <nite:child href="Bro015.C.aseg.xml#id(Bro015.C.asg.88379)..id(Bro015.C.asg.88382)"/>
      <nite:child href="Bro015.D.aseg.xml#id(Bro015.D.asg.88455)..id(Bro015.D.asg.88458)"/>
      <nite:child href="Bro015.A.aseg.xml#id(Bro015.A.asg.88273)"/>
      <nite:child href="Bro015.D.aseg.xml#id(Bro015.D.asg.88459)"/>
      <nite:child href="Bro015.A.aseg.xml#id(Bro015.A.asg.88274)..id(Bro015.A.asg.88275)"/>
      <nite:child href="Bro015.D.aseg.xml#id(Bro015.D.asg.88460)..id(Bro015.D.asg.88462)"/>
      <nite:child href="Bro015.A.aseg.xml#id(Bro015.A.asg.88276)"/>
      <nite:child href="Bro015.D.aseg.xml#id(Bro015.D.asg.88463)..id(Bro015.D.asg.88465)"/>
      <nite:child href="Bro015.F.aseg.xml#id(Bro015.F.asg.88511)..id(Bro015.F.asg.88512)"/>
      <nite:child href="Bro015.D.aseg.xml#id(Bro015.D.asg.88466)..id(Bro015.D.asg.88467)"/>
   </autopic>
   <autopic nite:id="Bro015.autotopic.4" tstart="472.44" tend="713.95">
      <nite:child href="Bro015.F.aseg.xml#id(Bro015.F.asg.88513)"/>
      <nite:child href="Bro015.B.aseg.xml#id(Bro015.B.asg.88305)..id(Bro015.B.asg.88312)"/>
      <nite:child href="Bro015.D.aseg.xml#id(Bro015.D.asg.88468)"/>
      <nite:child href="Bro015.A.aseg.xml#id(Bro015.A.asg.88277)..id(Bro015.A.asg.88278)"/>
      <nite:child href="Bro015.D.aseg.xml#id(Bro015.D.asg.88469)"/>
      <nite:child href="Bro015.A.aseg.xml#id(Bro015.A.asg.88279)"/>
      <nite:child href="Bro015.D.aseg.xml#id(Bro015.D.asg.88470)"/>
      <nite:child href="Bro015.A.aseg.xml#id(Bro015.A.asg.88280)"/>
      <nite:child href="Bro015.C.aseg.xml#id(Bro015.C.asg.88383)..id(Bro015.C.asg.88384)"/>
      <nite:child href="Bro015.E.aseg.xml#id(Bro015.E.asg.88492)"/>
      <nite:child href="Bro015.C.aseg.xml#id(Bro015.C.asg.88385)"/>
      <nite:child href="Bro015.D.aseg.xml#id(Bro015.D.asg.88471)"/>
      <nite:child href="Bro015.C.aseg.xml#id(Bro015.C.asg.88386)"/>
      <nite:child href="Bro015.A.aseg.xml#id(Bro015.A.asg.88281)..id(Bro015.A.asg.88287)"/>
      <nite:child href="Bro015.C.aseg.xml#id(Bro015.C.asg.88387)"/>
      <nite:child href="Bro015.D.aseg.xml#id(Bro015.D.asg.88472)"/>
      <nite:child href="Bro015.C.aseg.xml#id(Bro015.C.asg.88388)..id(Bro015.C.asg.88389)"/>
      <nite:child href="Bro015.A.aseg.xml#id(Bro015.A.asg.88288)"/>
      <nite:child href="Bro015.C.aseg.xml#id(Bro015.C.asg.88390)"/>
      <nite:child href="Bro015.A.aseg.xml#id(Bro015.A.asg.88289)..id(Bro015.A.asg.88291)"/>
      <nite:child href="Bro015.C.aseg.xml#id(Bro015.C.asg.88391)..id(Bro015.C.asg.88394)"/>
      <nite:child href="Bro015.A.aseg.xml#id(Bro015.A.asg.88292)..id(Bro015.A.asg.88295)"/>
      <nite:child href="Bro015.D.aseg.xml#id(Bro015.D.asg.88473)..id(Bro015.D.asg.88474)"/>
   </autopic>
   <autopic nite:id="Bro015.autotopic.5" tstart="715.53" tend="1012.33">
      <nite:child href="Bro015.D.aseg.xml#id(Bro015.D.asg.88475)..id(Bro015.D.asg.88487)"/>
      <nite:child href="Bro015.F.aseg.xml#id(Bro015.F.asg.88514)..id(Bro015.F.asg.88522)"/>
      <nite:child href="Bro015.A.aseg.xml#id(Bro015.A.asg.88296)..id(Bro015.A.asg.88302)"/>
      <nite:child href="Bro015.C.aseg.xml#id(Bro015.C.asg.88395)"/>
      <nite:child href="Bro015.A.aseg.xml#id(Bro015.A.asg.88303)..id(Bro015.A.asg.88304)"/>
      <nite:child href="Bro015.E.aseg.xml#id(Bro015.E.asg.88493)"/>
      <nite:child href="Bro015.C.aseg.xml#id(Bro015.C.asg.88396)"/>
      <nite:child href="Bro015.B.aseg.xml#id(Bro015.B.asg.88313)"/>
      <nite:child href="Bro015.E.aseg.xml#id(Bro015.E.asg.88494)"/>
      <nite:child href="Bro015.B.aseg.xml#id(Bro015.B.asg.88314)"/>
      <nite:child href="Bro015.C.aseg.xml#id(Bro015.C.asg.88397)"/>
      <nite:child href="Bro015.E.aseg.xml#id(Bro015.E.asg.88495)"/>
      <nite:child href="Bro015.C.aseg.xml#id(Bro015.C.asg.88398)"/>
      <nite:child href="Bro015.B.aseg.xml#id(Bro015.B.asg.88315)..id(Bro015.B.asg.88323)"/>
      <nite:child href="Bro015.C.aseg.xml#id(Bro015.C.asg.88399)..id(Bro015.C.asg.88407)"/>
      <nite:child href="Bro015.E.aseg.xml#id(Bro015.E.asg.88496)..id(Bro015.E.asg.88506)"/>
   </autopic>
</nite:root>