<?xml version="1.0" encoding="ISO-8859-1" standalone="yes"?>
<nite:root nite:id="Bro004.autotopic.1" xmlns:nite="http://nite.sourceforge.net/">
   <autopic nite:id="Bro004.autotopic.2" tstart="0.41" tend="69.25">
      <nite:child href="Bro004.B.aseg.xml#id(Bro004.B.asg.78159)"/>
      <nite:child href="Bro004.C.aseg.xml#id(Bro004.C.asg.79036)"/>
      <nite:child href="Bro004.A.aseg.xml#id(Bro004.A.asg.78014)"/>
      <nite:child href="Bro004.B.aseg.xml#id(Bro004.B.asg.78160)"/>
      <nite:child href="Bro004.E.aseg.xml#id(Bro004.E.asg.79588)"/>
      <nite:child href="Bro004.C.aseg.xml#id(Bro004.C.asg.79037)"/>
      <nite:child href="Bro004.F.aseg.xml#id(Bro004.F.asg.79678)"/>
      <nite:child href="Bro004.B.aseg.xml#id(Bro004.B.asg.78161)"/>
      <nite:child href="Bro004.A.aseg.xml#id(Bro004.A.asg.78015)"/>
      <nite:child href="Bro004.C.aseg.xml#id(Bro004.C.asg.79038)"/>
      <nite:child href="Bro004.E.aseg.xml#id(Bro004.E.asg.79589)"/>
      <nite:child href="Bro004.F.aseg.xml#id(Bro004.F.asg.79679)"/>
      <nite:child href="Bro004.C.aseg.xml#id(Bro004.C.asg.79039)"/>
      <nite:child href="Bro004.B.aseg.xml#id(Bro004.B.asg.78162)"/>
      <nite:child href="Bro004.F.aseg.xml#id(Bro004.F.asg.79680)"/>
      <nite:child href="Bro004.C.aseg.xml#id(Bro004.C.asg.79040)"/>
      <nite:child href="Bro004.B.aseg.xml#id(Bro004.B.asg.78163)..id(Bro004.B.asg.78167)"/>
      <nite:child href="Bro004.D.aseg.xml#id(Bro004.D.asg.79091)"/>
      <nite:child href="Bro004.E.aseg.xml#id(Bro004.E.asg.79590)"/>
      <nite:child href="Bro004.C.aseg.xml#id(Bro004.C.asg.79041)"/>
      <nite:child href="Bro004.E.aseg.xml#id(Bro004.E.asg.79591)"/>
      <nite:child href="Bro004.C.aseg.xml#id(Bro004.C.asg.79042)"/>
      <nite:child href="Bro004.B.aseg.xml#id(Bro004.B.asg.78168)..id(Bro004.B.asg.78169)"/>
      <nite:child href="Bro004.E.aseg.xml#id(Bro004.E.asg.79592)"/>
      <nite:child href="Bro004.A.aseg.xml#id(Bro004.A.asg.78016)"/>
      <nite:child href="Bro004.D.aseg.xml#id(Bro004.D.asg.79092)"/>
      <nite:child href="Bro004.F.aseg.xml#id(Bro004.F.asg.79681)"/>
      <nite:child href="Bro004.B.aseg.xml#id(Bro004.B.asg.78170)"/>
      <nite:child href="Bro004.E.aseg.xml#id(Bro004.E.asg.79593)"/>
      <nite:child href="Bro004.B.aseg.xml#id(Bro004.B.asg.78171)"/>
      <nite:child href="Bro004.A.aseg.xml#id(Bro004.A.asg.78017)"/>
      <nite:child href="Bro004.B.aseg.xml#id(Bro004.B.asg.78172)"/>
      <nite:child href="Bro004.E.aseg.xml#id(Bro004.E.asg.79594)"/>
      <nite:child href="Bro004.B.aseg.xml#id(Bro004.B.asg.78173)"/>
      <nite:child href="Bro004.E.aseg.xml#id(Bro004.E.asg.79595)..id(Bro004.E.asg.79596)"/>
      <nite:child href="Bro004.B.aseg.xml#id(Bro004.B.asg.78174)..id(Bro004.B.asg.78175)"/>
   </autopic>
   <autopic nite:id="Bro004.autotopic.3" tstart="70.37" tend="3524.74">
      <nite:child href="Bro004.C.aseg.xml#id(Bro004.C.asg.79044)"/>
      <nite:child href="Bro004.B.aseg.xml#id(Bro004.B.asg.78176)"/>
      <nite:child href="Bro004.E.aseg.xml#id(Bro004.E.asg.79597)"/>
      <nite:child href="Bro004.B.aseg.xml#id(Bro004.B.asg.78177)..id(Bro004.B.asg.78182)"/>
      <nite:child href="Bro004.D.aseg.xml#id(Bro004.D.asg.79093)..id(Bro004.D.asg.79094)"/>
      <nite:child href="Bro004.B.aseg.xml#id(Bro004.B.asg.78183)"/>
      <nite:child href="Bro004.E.aseg.xml#id(Bro004.E.asg.79598)"/>
      <nite:child href="Bro004.B.aseg.xml#id(Bro004.B.asg.78184)"/>
      <nite:child href="Bro004.D.aseg.xml#id(Bro004.D.asg.79095)..id(Bro004.D.asg.79097)"/>
      <nite:child href="Bro004.C.aseg.xml#id(Bro004.C.asg.79045)"/>
      <nite:child href="Bro004.B.aseg.xml#id(Bro004.B.asg.78185)..id(Bro004.B.asg.78186)"/>
      <nite:child href="Bro004.C.aseg.xml#id(Bro004.C.asg.79046)"/>
      <nite:child href="Bro004.A.aseg.xml#id(Bro004.A.asg.78018)"/>
      <nite:child href="Bro004.C.aseg.xml#id(Bro004.C.asg.79047)"/>
      <nite:child href="Bro004.B.aseg.xml#id(Bro004.B.asg.78187)..id(Bro004.B.asg.78189)"/>
      <nite:child href="Bro004.F.aseg.xml#id(Bro004.F.asg.79682)"/>
      <nite:child href="Bro004.C.aseg.xml#id(Bro004.C.asg.79048)"/>
      <nite:child href="Bro004.B.aseg.xml#id(Bro004.B.asg.78190)..id(Bro004.B.asg.78193)"/>
      <nite:child href="Bro004.F.aseg.xml#id(Bro004.F.asg.79683)"/>
      <nite:child href="Bro004.B.aseg.xml#id(Bro004.B.asg.78194)"/>
      <nite:child href="Bro004.C.aseg.xml#id(Bro004.C.asg.79049)"/>
      <nite:child href="Bro004.F.aseg.xml#id(Bro004.F.asg.79684)"/>
      <nite:child href="Bro004.B.aseg.xml#id(Bro004.B.asg.78195)..id(Bro004.B.asg.78199)"/>
      <nite:child href="Bro004.D.aseg.xml#id(Bro004.D.asg.79098)"/>
      <nite:child href="Bro004.B.aseg.xml#id(Bro004.B.asg.78200)"/>
      <nite:child href="Bro004.A.aseg.xml#id(Bro004.A.asg.78019)"/>
      <nite:child href="Bro004.D.aseg.xml#id(Bro004.D.asg.79099)"/>
      <nite:child href="Bro004.A.aseg.xml#id(Bro004.A.asg.78020)"/>
      <nite:child href="Bro004.D.aseg.xml#id(Bro004.D.asg.79100)..id(Bro004.D.asg.79103)"/>
      <nite:child href="Bro004.A.aseg.xml#id(Bro004.A.asg.78021)..id(Bro004.A.asg.78022)"/>
      <nite:child href="Bro004.D.aseg.xml#id(Bro004.D.asg.79104)..id(Bro004.D.asg.79105)"/>
      <nite:child href="Bro004.B.aseg.xml#id(Bro004.B.asg.78201)"/>
      <nite:child href="Bro004.A.aseg.xml#id(Bro004.A.asg.78023)"/>
      <nite:child href="Bro004.B.aseg.xml#id(Bro004.B.asg.78202)..id(Bro004.B.asg.78209)"/>
      <nite:child href="Bro004.D.aseg.xml#id(Bro004.D.asg.79106)"/>
      <nite:child href="Bro004.B.aseg.xml#id(Bro004.B.asg.78210)..id(Bro004.B.asg.78214)"/>
      <nite:child href="Bro004.D.aseg.xml#id(Bro004.D.asg.79107)"/>
      <nite:child href="Bro004.B.aseg.xml#id(Bro004.B.asg.78215)..id(Bro004.B.asg.78219)"/>
      <nite:child href="Bro004.D.aseg.xml#id(Bro004.D.asg.79108)"/>
      <nite:child href="Bro004.B.aseg.xml#id(Bro004.B.asg.78220)..id(Bro004.B.asg.78221)"/>
      <nite:child href="Bro004.D.aseg.xml#id(Bro004.D.asg.79109)..id(Bro004.D.asg.79110)"/>
      <nite:child href="Bro004.B.aseg.xml#id(Bro004.B.asg.78222)..id(Bro004.B.asg.78223)"/>
      <nite:child href="Bro004.D.aseg.xml#id(Bro004.D.asg.79111)..id(Bro004.D.asg.79116)"/>
      <nite:child href="Bro004.B.aseg.xml#id(Bro004.B.asg.78224)"/>
      <nite:child href="Bro004.D.aseg.xml#id(Bro004.D.asg.79117)..id(Bro004.D.asg.79120)"/>
      <nite:child href="Bro004.B.aseg.xml#id(Bro004.B.asg.78225)..id(Bro004.B.asg.78227)"/>
      <nite:child href="Bro004.D.aseg.xml#id(Bro004.D.asg.79121)"/>
      <nite:child href="Bro004.B.aseg.xml#id(Bro004.B.asg.78228)"/>
      <nite:child href="Bro004.D.aseg.xml#id(Bro004.D.asg.79122)..id(Bro004.D.asg.79123)"/>
      <nite:child href="Bro004.A.aseg.xml#id(Bro004.A.asg.78024)"/>
      <nite:child href="Bro004.D.aseg.xml#id(Bro004.D.asg.79124)"/>
      <nite:child href="Bro004.B.aseg.xml#id(Bro004.B.asg.78229)"/>
      <nite:child href="Bro004.A.aseg.xml#id(Bro004.A.asg.78025)..id(Bro004.A.asg.78027)"/>
      <nite:child href="Bro004.D.aseg.xml#id(Bro004.D.asg.79125)..id(Bro004.D.asg.79126)"/>
      <nite:child href="Bro004.B.aseg.xml#id(Bro004.B.asg.78230)"/>
      <nite:child href="Bro004.D.aseg.xml#id(Bro004.D.asg.79127)"/>
      <nite:child href="Bro004.B.aseg.xml#id(Bro004.B.asg.78231)"/>
      <nite:child href="Bro004.D.aseg.xml#id(Bro004.D.asg.79128)..id(Bro004.D.asg.79129)"/>
      <nite:child href="Bro004.B.aseg.xml#id(Bro004.B.asg.78232)"/>
      <nite:child href="Bro004.D.aseg.xml#id(Bro004.D.asg.79130)"/>
      <nite:child href="Bro004.B.aseg.xml#id(Bro004.B.asg.78233)"/>
      <nite:child href="Bro004.D.aseg.xml#id(Bro004.D.asg.79131)..id(Bro004.D.asg.79132)"/>
      <nite:child href="Bro004.B.aseg.xml#id(Bro004.B.asg.78234)"/>
      <nite:child href="Bro004.D.aseg.xml#id(Bro004.D.asg.79133)"/>
      <nite:child href="Bro004.B.aseg.xml#id(Bro004.B.asg.78235)"/>
      <nite:child href="Bro004.D.aseg.xml#id(Bro004.D.asg.79134)"/>
      <nite:child href="Bro004.A.aseg.xml#id(Bro004.A.asg.78028)"/>
      <nite:child href="Bro004.D.aseg.xml#id(Bro004.D.asg.79135)"/>
      <nite:child href="Bro004.A.aseg.xml#id(Bro004.A.asg.78029)..id(Bro004.A.asg.78030)"/>
      <nite:child href="Bro004.D.aseg.xml#id(Bro004.D.asg.79136)..id(Bro004.D.asg.79137)"/>
      <nite:child href="Bro004.A.aseg.xml#id(Bro004.A.asg.78031)"/>
      <nite:child href="Bro004.D.aseg.xml#id(Bro004.D.asg.79138)"/>
      <nite:child href="Bro004.A.aseg.xml#id(Bro004.A.asg.78032)"/>
      <nite:child href="Bro004.D.aseg.xml#id(Bro004.D.asg.79139)"/>
      <nite:child href="Bro004.A.aseg.xml#id(Bro004.A.asg.78033)"/>
      <nite:child href="Bro004.D.aseg.xml#id(Bro004.D.asg.79140)..id(Bro004.D.asg.79143)"/>
      <nite:child href="Bro004.B.aseg.xml#id(Bro004.B.asg.78236)..id(Bro004.B.asg.78242)"/>
      <nite:child href="Bro004.D.aseg.xml#id(Bro004.D.asg.79144)"/>
      <nite:child href="Bro004.B.aseg.xml#id(Bro004.B.asg.78243)"/>
      <nite:child href="Bro004.D.aseg.xml#id(Bro004.D.asg.79145)..id(Bro004.D.asg.79149)"/>
      <nite:child href="Bro004.B.aseg.xml#id(Bro004.B.asg.78244)"/>
      <nite:child href="Bro004.D.aseg.xml#id(Bro004.D.asg.79150)..id(Bro004.D.asg.79151)"/>
      <nite:child href="Bro004.B.aseg.xml#id(Bro004.B.asg.78245)..id(Bro004.B.asg.78246)"/>
      <nite:child href="Bro004.D.aseg.xml#id(Bro004.D.asg.79152)"/>
      <nite:child href="Bro004.B.aseg.xml#id(Bro004.B.asg.78247)"/>
      <nite:child href="Bro004.D.aseg.xml#id(Bro004.D.asg.79153)"/>
      <nite:child href="Bro004.B.aseg.xml#id(Bro004.B.asg.78248)..id(Bro004.B.asg.78249)"/>
      <nite:child href="Bro004.D.aseg.xml#id(Bro004.D.asg.79154)..id(Bro004.D.asg.79155)"/>
      <nite:child href="Bro004.B.aseg.xml#id(Bro004.B.asg.78250)..id(Bro004.B.asg.78252)"/>
      <nite:child href="Bro004.D.aseg.xml#id(Bro004.D.asg.79156)"/>
      <nite:child href="Bro004.B.aseg.xml#id(Bro004.B.asg.78253)..id(Bro004.B.asg.78254)"/>
      <nite:child href="Bro004.D.aseg.xml#id(Bro004.D.asg.79157)"/>
      <nite:child href="Bro004.B.aseg.xml#id(Bro004.B.asg.78255)..id(Bro004.B.asg.78257)"/>
      <nite:child href="Bro004.D.aseg.xml#id(Bro004.D.asg.79158)"/>
      <nite:child href="Bro004.B.aseg.xml#id(Bro004.B.asg.78258)..id(Bro004.B.asg.78259)"/>
      <nite:child href="Bro004.D.aseg.xml#id(Bro004.D.asg.79159)"/>
      <nite:child href="Bro004.B.aseg.xml#id(Bro004.B.asg.78260)"/>
      <nite:child href="Bro004.D.aseg.xml#id(Bro004.D.asg.79160)"/>
      <nite:child href="Bro004.B.aseg.xml#id(Bro004.B.asg.78261)"/>
      <nite:child href="Bro004.D.aseg.xml#id(Bro004.D.asg.79161)"/>
      <nite:child href="Bro004.B.aseg.xml#id(Bro004.B.asg.78262)..id(Bro004.B.asg.78266)"/>
      <nite:child href="Bro004.D.aseg.xml#id(Bro004.D.asg.79162)"/>
      <nite:child href="Bro004.B.aseg.xml#id(Bro004.B.asg.78267)"/>
      <nite:child href="Bro004.D.aseg.xml#id(Bro004.D.asg.79163)"/>
      <nite:child href="Bro004.A.aseg.xml#id(Bro004.A.asg.78034)"/>
      <nite:child href="Bro004.D.aseg.xml#id(Bro004.D.asg.79164)"/>
      <nite:child href="Bro004.A.aseg.xml#id(Bro004.A.asg.78035)"/>
      <nite:child href="Bro004.D.aseg.xml#id(Bro004.D.asg.79165)"/>
      <nite:child href="Bro004.B.aseg.xml#id(Bro004.B.asg.78268)..id(Bro004.B.asg.78270)"/>
      <nite:child href="Bro004.D.aseg.xml#id(Bro004.D.asg.79166)"/>
      <nite:child href="Bro004.B.aseg.xml#id(Bro004.B.asg.78271)"/>
      <nite:child href="Bro004.D.aseg.xml#id(Bro004.D.asg.79167)..id(Bro004.D.asg.79168)"/>
      <nite:child href="Bro004.B.aseg.xml#id(Bro004.B.asg.78272)..id(Bro004.B.asg.78274)"/>
      <nite:child href="Bro004.D.aseg.xml#id(Bro004.D.asg.79169)"/>
      <nite:child href="Bro004.B.aseg.xml#id(Bro004.B.asg.78275)..id(Bro004.B.asg.78280)"/>
      <nite:child href="Bro004.A.aseg.xml#id(Bro004.A.asg.78036)"/>
      <nite:child href="Bro004.B.aseg.xml#id(Bro004.B.asg.78281)"/>
      <nite:child href="Bro004.D.aseg.xml#id(Bro004.D.asg.79170)"/>
      <nite:child href="Bro004.B.aseg.xml#id(Bro004.B.asg.78282)..id(Bro004.B.asg.78285)"/>
      <nite:child href="Bro004.A.aseg.xml#id(Bro004.A.asg.78037)"/>
      <nite:child href="Bro004.D.aseg.xml#id(Bro004.D.asg.79171)..id(Bro004.D.asg.79172)"/>
      <nite:child href="Bro004.B.aseg.xml#id(Bro004.B.asg.78286)"/>
      <nite:child href="Bro004.D.aseg.xml#id(Bro004.D.asg.79173)"/>
      <nite:child href="Bro004.B.aseg.xml#id(Bro004.B.asg.78287)..id(Bro004.B.asg.78288)"/>
      <nite:child href="Bro004.D.aseg.xml#id(Bro004.D.asg.79174)"/>
      <nite:child href="Bro004.F.aseg.xml#id(Bro004.F.asg.79685)"/>
      <nite:child href="Bro004.D.aseg.xml#id(Bro004.D.asg.79175)"/>
      <nite:child href="Bro004.B.aseg.xml#id(Bro004.B.asg.78289)"/>
      <nite:child href="Bro004.D.aseg.xml#id(Bro004.D.asg.79176)"/>
      <nite:child href="Bro004.F.aseg.xml#id(Bro004.F.asg.79686)"/>
      <nite:child href="Bro004.D.aseg.xml#id(Bro004.D.asg.79177)..id(Bro004.D.asg.79181)"/>
      <nite:child href="Bro004.B.aseg.xml#id(Bro004.B.asg.78290)..id(Bro004.B.asg.78291)"/>
      <nite:child href="Bro004.D.aseg.xml#id(Bro004.D.asg.79182)..id(Bro004.D.asg.79184)"/>
      <nite:child href="Bro004.B.aseg.xml#id(Bro004.B.asg.78292)"/>
      <nite:child href="Bro004.F.aseg.xml#id(Bro004.F.asg.79687)"/>
      <nite:child href="Bro004.D.aseg.xml#id(Bro004.D.asg.79185)"/>
      <nite:child href="Bro004.B.aseg.xml#id(Bro004.B.asg.78293)"/>
      <nite:child href="Bro004.F.aseg.xml#id(Bro004.F.asg.79688)"/>
      <nite:child href="Bro004.D.aseg.xml#id(Bro004.D.asg.79186)"/>
      <nite:child href="Bro004.B.aseg.xml#id(Bro004.B.asg.78294)"/>
      <nite:child href="Bro004.D.aseg.xml#id(Bro004.D.asg.79187)"/>
      <nite:child href="Bro004.F.aseg.xml#id(Bro004.F.asg.79689)"/>
      <nite:child href="Bro004.B.aseg.xml#id(Bro004.B.asg.78295)"/>
      <nite:child href="Bro004.F.aseg.xml#id(Bro004.F.asg.79690)"/>
      <nite:child href="Bro004.B.aseg.xml#id(Bro004.B.asg.78296)..id(Bro004.B.asg.78299)"/>
      <nite:child href="Bro004.D.aseg.xml#id(Bro004.D.asg.79188)"/>
      <nite:child href="Bro004.B.aseg.xml#id(Bro004.B.asg.78300)..id(Bro004.B.asg.78305)"/>
      <nite:child href="Bro004.D.aseg.xml#id(Bro004.D.asg.79189)"/>
      <nite:child href="Bro004.B.aseg.xml#id(Bro004.B.asg.78306)..id(Bro004.B.asg.78317)"/>
      <nite:child href="Bro004.D.aseg.xml#id(Bro004.D.asg.79190)"/>
      <nite:child href="Bro004.B.aseg.xml#id(Bro004.B.asg.78318)..id(Bro004.B.asg.78335)"/>
      <nite:child href="Bro004.D.aseg.xml#id(Bro004.D.asg.79191)..id(Bro004.D.asg.79192)"/>
      <nite:child href="Bro004.B.aseg.xml#id(Bro004.B.asg.78336)"/>
      <nite:child href="Bro004.D.aseg.xml#id(Bro004.D.asg.79193)"/>
      <nite:child href="Bro004.B.aseg.xml#id(Bro004.B.asg.78337)"/>
      <nite:child href="Bro004.D.aseg.xml#id(Bro004.D.asg.79194)..id(Bro004.D.asg.79203)"/>
      <nite:child href="Bro004.B.aseg.xml#id(Bro004.B.asg.78338)..id(Bro004.B.asg.78340)"/>
      <nite:child href="Bro004.D.aseg.xml#id(Bro004.D.asg.79204)"/>
      <nite:child href="Bro004.B.aseg.xml#id(Bro004.B.asg.78341)"/>
      <nite:child href="Bro004.D.aseg.xml#id(Bro004.D.asg.79205)"/>
      <nite:child href="Bro004.B.aseg.xml#id(Bro004.B.asg.78342)"/>
      <nite:child href="Bro004.F.aseg.xml#id(Bro004.F.asg.79691)"/>
      <nite:child href="Bro004.A.aseg.xml#id(Bro004.A.asg.78038)"/>
      <nite:child href="Bro004.B.aseg.xml#id(Bro004.B.asg.78343)"/>
      <nite:child href="Bro004.A.aseg.xml#id(Bro004.A.asg.78039)"/>
      <nite:child href="Bro004.B.aseg.xml#id(Bro004.B.asg.78344)..id(Bro004.B.asg.78346)"/>
      <nite:child href="Bro004.A.aseg.xml#id(Bro004.A.asg.78040)..id(Bro004.A.asg.78041)"/>
      <nite:child href="Bro004.B.aseg.xml#id(Bro004.B.asg.78347)..id(Bro004.B.asg.78348)"/>
      <nite:child href="Bro004.A.aseg.xml#id(Bro004.A.asg.78042)"/>
      <nite:child href="Bro004.F.aseg.xml#id(Bro004.F.asg.79692)"/>
      <nite:child href="Bro004.B.aseg.xml#id(Bro004.B.asg.78349)"/>
      <nite:child href="Bro004.F.aseg.xml#id(Bro004.F.asg.79693)"/>
      <nite:child href="Bro004.B.aseg.xml#id(Bro004.B.asg.78350)..id(Bro004.B.asg.78351)"/>
      <nite:child href="Bro004.F.aseg.xml#id(Bro004.F.asg.79694)"/>
      <nite:child href="Bro004.B.aseg.xml#id(Bro004.B.asg.78352)..id(Bro004.B.asg.78357)"/>
      <nite:child href="Bro004.A.aseg.xml#id(Bro004.A.asg.78043)"/>
      <nite:child href="Bro004.B.aseg.xml#id(Bro004.B.asg.78358)"/>
      <nite:child href="Bro004.A.aseg.xml#id(Bro004.A.asg.78044)"/>
      <nite:child href="Bro004.F.aseg.xml#id(Bro004.F.asg.79695)..id(Bro004.F.asg.79697)"/>
      <nite:child href="Bro004.A.aseg.xml#id(Bro004.A.asg.78045)"/>
      <nite:child href="Bro004.F.aseg.xml#id(Bro004.F.asg.79698)"/>
      <nite:child href="Bro004.A.aseg.xml#id(Bro004.A.asg.78046)..id(Bro004.A.asg.78050)"/>
      <nite:child href="Bro004.B.aseg.xml#id(Bro004.B.asg.78359)..id(Bro004.B.asg.78360)"/>
      <nite:child href="Bro004.A.aseg.xml#id(Bro004.A.asg.78051)"/>
      <nite:child href="Bro004.B.aseg.xml#id(Bro004.B.asg.78361)"/>
      <nite:child href="Bro004.A.aseg.xml#id(Bro004.A.asg.78052)"/>
      <nite:child href="Bro004.B.aseg.xml#id(Bro004.B.asg.78362)..id(Bro004.B.asg.78364)"/>
      <nite:child href="Bro004.A.aseg.xml#id(Bro004.A.asg.78053)"/>
      <nite:child href="Bro004.B.aseg.xml#id(Bro004.B.asg.78365)..id(Bro004.B.asg.78373)"/>
      <nite:child href="Bro004.E.aseg.xml#id(Bro004.E.asg.79599)"/>
      <nite:child href="Bro004.B.aseg.xml#id(Bro004.B.asg.78374)..id(Bro004.B.asg.78376)"/>
      <nite:child href="Bro004.A.aseg.xml#id(Bro004.A.asg.78054)"/>
      <nite:child href="Bro004.B.aseg.xml#id(Bro004.B.asg.78377)..id(Bro004.B.asg.78381)"/>
      <nite:child href="Bro004.F.aseg.xml#id(Bro004.F.asg.79699)"/>
      <nite:child href="Bro004.D.aseg.xml#id(Bro004.D.asg.79206)"/>
      <nite:child href="Bro004.B.aseg.xml#id(Bro004.B.asg.78382)"/>
      <nite:child href="Bro004.D.aseg.xml#id(Bro004.D.asg.79207)"/>
      <nite:child href="Bro004.B.aseg.xml#id(Bro004.B.asg.78383)"/>
      <nite:child href="Bro004.E.aseg.xml#id(Bro004.E.asg.79600)"/>
      <nite:child href="Bro004.D.aseg.xml#id(Bro004.D.asg.79208)..id(Bro004.D.asg.79209)"/>
      <nite:child href="Bro004.B.aseg.xml#id(Bro004.B.asg.78384)"/>
      <nite:child href="Bro004.D.aseg.xml#id(Bro004.D.asg.79210)"/>
      <nite:child href="Bro004.B.aseg.xml#id(Bro004.B.asg.78385)"/>
      <nite:child href="Bro004.D.aseg.xml#id(Bro004.D.asg.79211)..id(Bro004.D.asg.79214)"/>
      <nite:child href="Bro004.E.aseg.xml#id(Bro004.E.asg.79601)"/>
      <nite:child href="Bro004.D.aseg.xml#id(Bro004.D.asg.79215)"/>
      <nite:child href="Bro004.A.aseg.xml#id(Bro004.A.asg.78055)"/>
      <nite:child href="Bro004.D.aseg.xml#id(Bro004.D.asg.79216)..id(Bro004.D.asg.79220)"/>
      <nite:child href="Bro004.A.aseg.xml#id(Bro004.A.asg.78056)"/>
      <nite:child href="Bro004.D.aseg.xml#id(Bro004.D.asg.79221)"/>
      <nite:child href="Bro004.B.aseg.xml#id(Bro004.B.asg.78386)..id(Bro004.B.asg.78387)"/>
      <nite:child href="Bro004.D.aseg.xml#id(Bro004.D.asg.79222)..id(Bro004.D.asg.79223)"/>
      <nite:child href="Bro004.B.aseg.xml#id(Bro004.B.asg.78388)..id(Bro004.B.asg.78389)"/>
      <nite:child href="Bro004.C.aseg.xml#id(Bro004.C.asg.79050)..id(Bro004.C.asg.79051)"/>
      <nite:child href="Bro004.B.aseg.xml#id(Bro004.B.asg.78390)"/>
      <nite:child href="Bro004.D.aseg.xml#id(Bro004.D.asg.79224)"/>
      <nite:child href="Bro004.B.aseg.xml#id(Bro004.B.asg.78391)"/>
      <nite:child href="Bro004.F.aseg.xml#id(Bro004.F.asg.79700)"/>
      <nite:child href="Bro004.D.aseg.xml#id(Bro004.D.asg.79225)"/>
      <nite:child href="Bro004.C.aseg.xml#id(Bro004.C.asg.79052)"/>
      <nite:child href="Bro004.F.aseg.xml#id(Bro004.F.asg.79701)..id(Bro004.F.asg.79702)"/>
      <nite:child href="Bro004.D.aseg.xml#id(Bro004.D.asg.79226)"/>
      <nite:child href="Bro004.F.aseg.xml#id(Bro004.F.asg.79703)"/>
      <nite:child href="Bro004.B.aseg.xml#id(Bro004.B.asg.78392)"/>
      <nite:child href="Bro004.D.aseg.xml#id(Bro004.D.asg.79227)..id(Bro004.D.asg.79230)"/>
      <nite:child href="Bro004.A.aseg.xml#id(Bro004.A.asg.78057)"/>
      <nite:child href="Bro004.D.aseg.xml#id(Bro004.D.asg.79231)..id(Bro004.D.asg.79233)"/>
      <nite:child href="Bro004.A.aseg.xml#id(Bro004.A.asg.78058)"/>
      <nite:child href="Bro004.D.aseg.xml#id(Bro004.D.asg.79234)..id(Bro004.D.asg.79236)"/>
      <nite:child href="Bro004.B.aseg.xml#id(Bro004.B.asg.78393)"/>
      <nite:child href="Bro004.D.aseg.xml#id(Bro004.D.asg.79237)..id(Bro004.D.asg.79239)"/>
      <nite:child href="Bro004.B.aseg.xml#id(Bro004.B.asg.78394)..id(Bro004.B.asg.78398)"/>
      <nite:child href="Bro004.D.aseg.xml#id(Bro004.D.asg.79240)..id(Bro004.D.asg.79242)"/>
      <nite:child href="Bro004.A.aseg.xml#id(Bro004.A.asg.78059)"/>
      <nite:child href="Bro004.D.aseg.xml#id(Bro004.D.asg.79243)"/>
      <nite:child href="Bro004.A.aseg.xml#id(Bro004.A.asg.78060)"/>
      <nite:child href="Bro004.D.aseg.xml#id(Bro004.D.asg.79244)..id(Bro004.D.asg.79245)"/>
      <nite:child href="Bro004.A.aseg.xml#id(Bro004.A.asg.78061)"/>
      <nite:child href="Bro004.D.aseg.xml#id(Bro004.D.asg.79246)"/>
      <nite:child href="Bro004.A.aseg.xml#id(Bro004.A.asg.78062)"/>
      <nite:child href="Bro004.B.aseg.xml#id(Bro004.B.asg.78399)"/>
      <nite:child href="Bro004.D.aseg.xml#id(Bro004.D.asg.79247)"/>
      <nite:child href="Bro004.E.aseg.xml#id(Bro004.E.asg.79602)"/>
      <nite:child href="Bro004.D.aseg.xml#id(Bro004.D.asg.79248)"/>
      <nite:child href="Bro004.A.aseg.xml#id(Bro004.A.asg.78063)"/>
      <nite:child href="Bro004.D.aseg.xml#id(Bro004.D.asg.79249)..id(Bro004.D.asg.79251)"/>
      <nite:child href="Bro004.A.aseg.xml#id(Bro004.A.asg.78064)"/>
      <nite:child href="Bro004.B.aseg.xml#id(Bro004.B.asg.78400)"/>
      <nite:child href="Bro004.D.aseg.xml#id(Bro004.D.asg.79252)"/>
      <nite:child href="Bro004.B.aseg.xml#id(Bro004.B.asg.78401)..id(Bro004.B.asg.78406)"/>
      <nite:child href="Bro004.D.aseg.xml#id(Bro004.D.asg.79253)"/>
      <nite:child href="Bro004.B.aseg.xml#id(Bro004.B.asg.78407)..id(Bro004.B.asg.78408)"/>
      <nite:child href="Bro004.D.aseg.xml#id(Bro004.D.asg.79254)..id(Bro004.D.asg.79263)"/>
      <nite:child href="Bro004.B.aseg.xml#id(Bro004.B.asg.78409)..id(Bro004.B.asg.78411)"/>
      <nite:child href="Bro004.A.aseg.xml#id(Bro004.A.asg.78065)"/>
      <nite:child href="Bro004.D.aseg.xml#id(Bro004.D.asg.79264)"/>
      <nite:child href="Bro004.B.aseg.xml#id(Bro004.B.asg.78412)"/>
      <nite:child href="Bro004.D.aseg.xml#id(Bro004.D.asg.79265)"/>
      <nite:child href="Bro004.B.aseg.xml#id(Bro004.B.asg.78413)..id(Bro004.B.asg.78422)"/>
      <nite:child href="Bro004.D.aseg.xml#id(Bro004.D.asg.79266)"/>
      <nite:child href="Bro004.B.aseg.xml#id(Bro004.B.asg.78423)..id(Bro004.B.asg.78430)"/>
      <nite:child href="Bro004.D.aseg.xml#id(Bro004.D.asg.79267)"/>
      <nite:child href="Bro004.B.aseg.xml#id(Bro004.B.asg.78431)..id(Bro004.B.asg.78435)"/>
      <nite:child href="Bro004.D.aseg.xml#id(Bro004.D.asg.79268)"/>
      <nite:child href="Bro004.B.aseg.xml#id(Bro004.B.asg.78436)"/>
      <nite:child href="Bro004.D.aseg.xml#id(Bro004.D.asg.79269)"/>
      <nite:child href="Bro004.B.aseg.xml#id(Bro004.B.asg.78437)..id(Bro004.B.asg.78440)"/>
      <nite:child href="Bro004.D.aseg.xml#id(Bro004.D.asg.79270)"/>
      <nite:child href="Bro004.B.aseg.xml#id(Bro004.B.asg.78441)..id(Bro004.B.asg.78442)"/>
      <nite:child href="Bro004.D.aseg.xml#id(Bro004.D.asg.79271)..id(Bro004.D.asg.79272)"/>
      <nite:child href="Bro004.F.aseg.xml#id(Bro004.F.asg.79704)"/>
      <nite:child href="Bro004.B.aseg.xml#id(Bro004.B.asg.78443)..id(Bro004.B.asg.78451)"/>
      <nite:child href="Bro004.D.aseg.xml#id(Bro004.D.asg.79273)"/>
      <nite:child href="Bro004.B.aseg.xml#id(Bro004.B.asg.78452)..id(Bro004.B.asg.78454)"/>
      <nite:child href="Bro004.D.aseg.xml#id(Bro004.D.asg.79274)..id(Bro004.D.asg.79275)"/>
      <nite:child href="Bro004.B.aseg.xml#id(Bro004.B.asg.78455)"/>
      <nite:child href="Bro004.D.aseg.xml#id(Bro004.D.asg.79276)..id(Bro004.D.asg.79283)"/>
      <nite:child href="Bro004.B.aseg.xml#id(Bro004.B.asg.78456)"/>
      <nite:child href="Bro004.D.aseg.xml#id(Bro004.D.asg.79284)"/>
      <nite:child href="Bro004.B.aseg.xml#id(Bro004.B.asg.78457)..id(Bro004.B.asg.78462)"/>
      <nite:child href="Bro004.D.aseg.xml#id(Bro004.D.asg.79285)"/>
      <nite:child href="Bro004.B.aseg.xml#id(Bro004.B.asg.78463)"/>
      <nite:child href="Bro004.D.aseg.xml#id(Bro004.D.asg.79286)"/>
      <nite:child href="Bro004.B.aseg.xml#id(Bro004.B.asg.78464)"/>
      <nite:child href="Bro004.D.aseg.xml#id(Bro004.D.asg.79287)..id(Bro004.D.asg.79289)"/>
      <nite:child href="Bro004.E.aseg.xml#id(Bro004.E.asg.79603)"/>
      <nite:child href="Bro004.D.aseg.xml#id(Bro004.D.asg.79290)"/>
      <nite:child href="Bro004.B.aseg.xml#id(Bro004.B.asg.78465)"/>
      <nite:child href="Bro004.D.aseg.xml#id(Bro004.D.asg.79291)..id(Bro004.D.asg.79293)"/>
      <nite:child href="Bro004.B.aseg.xml#id(Bro004.B.asg.78466)..id(Bro004.B.asg.78469)"/>
      <nite:child href="Bro004.E.aseg.xml#id(Bro004.E.asg.79604)"/>
      <nite:child href="Bro004.D.aseg.xml#id(Bro004.D.asg.79294)"/>
      <nite:child href="Bro004.A.aseg.xml#id(Bro004.A.asg.78066)..id(Bro004.A.asg.78072)"/>
      <nite:child href="Bro004.D.aseg.xml#id(Bro004.D.asg.79295)"/>
      <nite:child href="Bro004.A.aseg.xml#id(Bro004.A.asg.78073)"/>
      <nite:child href="Bro004.D.aseg.xml#id(Bro004.D.asg.79296)"/>
      <nite:child href="Bro004.A.aseg.xml#id(Bro004.A.asg.78074)"/>
      <nite:child href="Bro004.D.aseg.xml#id(Bro004.D.asg.79297)..id(Bro004.D.asg.79298)"/>
      <nite:child href="Bro004.A.aseg.xml#id(Bro004.A.asg.78075)..id(Bro004.A.asg.78077)"/>
      <nite:child href="Bro004.C.aseg.xml#id(Bro004.C.asg.79053)..id(Bro004.C.asg.79055)"/>
      <nite:child href="Bro004.D.aseg.xml#id(Bro004.D.asg.79299)"/>
      <nite:child href="Bro004.A.aseg.xml#id(Bro004.A.asg.78078)"/>
      <nite:child href="Bro004.D.aseg.xml#id(Bro004.D.asg.79300)"/>
      <nite:child href="Bro004.A.aseg.xml#id(Bro004.A.asg.78079)"/>
      <nite:child href="Bro004.C.aseg.xml#id(Bro004.C.asg.79056)"/>
      <nite:child href="Bro004.D.aseg.xml#id(Bro004.D.asg.79301)"/>
      <nite:child href="Bro004.A.aseg.xml#id(Bro004.A.asg.78080)..id(Bro004.A.asg.78084)"/>
      <nite:child href="Bro004.D.aseg.xml#id(Bro004.D.asg.79302)..id(Bro004.D.asg.79303)"/>
      <nite:child href="Bro004.A.aseg.xml#id(Bro004.A.asg.78085)"/>
      <nite:child href="Bro004.D.aseg.xml#id(Bro004.D.asg.79304)"/>
      <nite:child href="Bro004.A.aseg.xml#id(Bro004.A.asg.78086)"/>
      <nite:child href="Bro004.D.aseg.xml#id(Bro004.D.asg.79305)"/>
      <nite:child href="Bro004.A.aseg.xml#id(Bro004.A.asg.78087)"/>
      <nite:child href="Bro004.D.aseg.xml#id(Bro004.D.asg.79306)"/>
      <nite:child href="Bro004.A.aseg.xml#id(Bro004.A.asg.78088)..id(Bro004.A.asg.78089)"/>
      <nite:child href="Bro004.D.aseg.xml#id(Bro004.D.asg.79307)"/>
      <nite:child href="Bro004.B.aseg.xml#id(Bro004.B.asg.78470)..id(Bro004.B.asg.78476)"/>
      <nite:child href="Bro004.D.aseg.xml#id(Bro004.D.asg.79308)"/>
      <nite:child href="Bro004.B.aseg.xml#id(Bro004.B.asg.78477)..id(Bro004.B.asg.78478)"/>
      <nite:child href="Bro004.D.aseg.xml#id(Bro004.D.asg.79309)..id(Bro004.D.asg.79324)"/>
      <nite:child href="Bro004.B.aseg.xml#id(Bro004.B.asg.78479)"/>
      <nite:child href="Bro004.D.aseg.xml#id(Bro004.D.asg.79325)..id(Bro004.D.asg.79328)"/>
      <nite:child href="Bro004.A.aseg.xml#id(Bro004.A.asg.78090)"/>
      <nite:child href="Bro004.E.aseg.xml#id(Bro004.E.asg.79605)"/>
      <nite:child href="Bro004.B.aseg.xml#id(Bro004.B.asg.78480)"/>
      <nite:child href="Bro004.D.aseg.xml#id(Bro004.D.asg.79329)"/>
      <nite:child href="Bro004.B.aseg.xml#id(Bro004.B.asg.78481)"/>
      <nite:child href="Bro004.A.aseg.xml#id(Bro004.A.asg.78091)"/>
      <nite:child href="Bro004.D.aseg.xml#id(Bro004.D.asg.79330)"/>
      <nite:child href="Bro004.B.aseg.xml#id(Bro004.B.asg.78482)"/>
      <nite:child href="Bro004.D.aseg.xml#id(Bro004.D.asg.79331)..id(Bro004.D.asg.79333)"/>
      <nite:child href="Bro004.B.aseg.xml#id(Bro004.B.asg.78483)"/>
      <nite:child href="Bro004.D.aseg.xml#id(Bro004.D.asg.79334)"/>
      <nite:child href="Bro004.B.aseg.xml#id(Bro004.B.asg.78484)"/>
      <nite:child href="Bro004.D.aseg.xml#id(Bro004.D.asg.79335)..id(Bro004.D.asg.79339)"/>
      <nite:child href="Bro004.E.aseg.xml#id(Bro004.E.asg.79606)"/>
      <nite:child href="Bro004.D.aseg.xml#id(Bro004.D.asg.79340)"/>
      <nite:child href="Bro004.B.aseg.xml#id(Bro004.B.asg.78485)"/>
      <nite:child href="Bro004.D.aseg.xml#id(Bro004.D.asg.79341)..id(Bro004.D.asg.79347)"/>
      <nite:child href="Bro004.B.aseg.xml#id(Bro004.B.asg.78486)"/>
      <nite:child href="Bro004.D.aseg.xml#id(Bro004.D.asg.79348)"/>
      <nite:child href="Bro004.B.aseg.xml#id(Bro004.B.asg.78487)"/>
      <nite:child href="Bro004.D.aseg.xml#id(Bro004.D.asg.79349)..id(Bro004.D.asg.79352)"/>
      <nite:child href="Bro004.B.aseg.xml#id(Bro004.B.asg.78488)"/>
      <nite:child href="Bro004.D.aseg.xml#id(Bro004.D.asg.79353)..id(Bro004.D.asg.79355)"/>
      <nite:child href="Bro004.B.aseg.xml#id(Bro004.B.asg.78489)"/>
      <nite:child href="Bro004.D.aseg.xml#id(Bro004.D.asg.79356)..id(Bro004.D.asg.79364)"/>
      <nite:child href="Bro004.B.aseg.xml#id(Bro004.B.asg.78490)"/>
      <nite:child href="Bro004.D.aseg.xml#id(Bro004.D.asg.79365)..id(Bro004.D.asg.79370)"/>
      <nite:child href="Bro004.C.aseg.xml#id(Bro004.C.asg.79057)"/>
      <nite:child href="Bro004.B.aseg.xml#id(Bro004.B.asg.78491)"/>
      <nite:child href="Bro004.D.aseg.xml#id(Bro004.D.asg.79371)..id(Bro004.D.asg.79375)"/>
      <nite:child href="Bro004.B.aseg.xml#id(Bro004.B.asg.78492)"/>
      <nite:child href="Bro004.D.aseg.xml#id(Bro004.D.asg.79376)"/>
      <nite:child href="Bro004.B.aseg.xml#id(Bro004.B.asg.78493)"/>
      <nite:child href="Bro004.D.aseg.xml#id(Bro004.D.asg.79377)..id(Bro004.D.asg.79380)"/>
      <nite:child href="Bro004.B.aseg.xml#id(Bro004.B.asg.78494)"/>
      <nite:child href="Bro004.D.aseg.xml#id(Bro004.D.asg.79381)..id(Bro004.D.asg.79382)"/>
      <nite:child href="Bro004.B.aseg.xml#id(Bro004.B.asg.78495)..id(Bro004.B.asg.78496)"/>
      <nite:child href="Bro004.D.aseg.xml#id(Bro004.D.asg.79383)"/>
      <nite:child href="Bro004.B.aseg.xml#id(Bro004.B.asg.78497)..id(Bro004.B.asg.78499)"/>
      <nite:child href="Bro004.D.aseg.xml#id(Bro004.D.asg.79384)"/>
      <nite:child href="Bro004.B.aseg.xml#id(Bro004.B.asg.78500)..id(Bro004.B.asg.78501)"/>
      <nite:child href="Bro004.D.aseg.xml#id(Bro004.D.asg.79385)"/>
      <nite:child href="Bro004.B.aseg.xml#id(Bro004.B.asg.78502)"/>
      <nite:child href="Bro004.D.aseg.xml#id(Bro004.D.asg.79386)..id(Bro004.D.asg.79395)"/>
      <nite:child href="Bro004.B.aseg.xml#id(Bro004.B.asg.78503)"/>
      <nite:child href="Bro004.D.aseg.xml#id(Bro004.D.asg.79396)..id(Bro004.D.asg.79397)"/>
      <nite:child href="Bro004.B.aseg.xml#id(Bro004.B.asg.78504)"/>
      <nite:child href="Bro004.D.aseg.xml#id(Bro004.D.asg.79398)..id(Bro004.D.asg.79403)"/>
      <nite:child href="Bro004.B.aseg.xml#id(Bro004.B.asg.78505)"/>
      <nite:child href="Bro004.D.aseg.xml#id(Bro004.D.asg.79404)..id(Bro004.D.asg.79411)"/>
      <nite:child href="Bro004.B.aseg.xml#id(Bro004.B.asg.78506)"/>
      <nite:child href="Bro004.D.aseg.xml#id(Bro004.D.asg.79412)..id(Bro004.D.asg.79418)"/>
      <nite:child href="Bro004.B.aseg.xml#id(Bro004.B.asg.78507)..id(Bro004.B.asg.78511)"/>
      <nite:child href="Bro004.D.aseg.xml#id(Bro004.D.asg.79419)"/>
      <nite:child href="Bro004.B.aseg.xml#id(Bro004.B.asg.78512)..id(Bro004.B.asg.78515)"/>
      <nite:child href="Bro004.D.aseg.xml#id(Bro004.D.asg.79420)"/>
      <nite:child href="Bro004.B.aseg.xml#id(Bro004.B.asg.78516)"/>
      <nite:child href="Bro004.D.aseg.xml#id(Bro004.D.asg.79421)"/>
      <nite:child href="Bro004.B.aseg.xml#id(Bro004.B.asg.78517)..id(Bro004.B.asg.78526)"/>
      <nite:child href="Bro004.D.aseg.xml#id(Bro004.D.asg.79422)"/>
      <nite:child href="Bro004.B.aseg.xml#id(Bro004.B.asg.78527)..id(Bro004.B.asg.78535)"/>
      <nite:child href="Bro004.D.aseg.xml#id(Bro004.D.asg.79423)"/>
      <nite:child href="Bro004.B.aseg.xml#id(Bro004.B.asg.78536)..id(Bro004.B.asg.78551)"/>
      <nite:child href="Bro004.D.aseg.xml#id(Bro004.D.asg.79424)..id(Bro004.D.asg.79428)"/>
      <nite:child href="Bro004.B.aseg.xml#id(Bro004.B.asg.78552)"/>
      <nite:child href="Bro004.D.aseg.xml#id(Bro004.D.asg.79429)..id(Bro004.D.asg.79431)"/>
      <nite:child href="Bro004.B.aseg.xml#id(Bro004.B.asg.78553)..id(Bro004.B.asg.78554)"/>
      <nite:child href="Bro004.D.aseg.xml#id(Bro004.D.asg.79432)..id(Bro004.D.asg.79433)"/>
      <nite:child href="Bro004.B.aseg.xml#id(Bro004.B.asg.78555)..id(Bro004.B.asg.78559)"/>
      <nite:child href="Bro004.D.aseg.xml#id(Bro004.D.asg.79434)..id(Bro004.D.asg.79438)"/>
      <nite:child href="Bro004.B.aseg.xml#id(Bro004.B.asg.78560)..id(Bro004.B.asg.78562)"/>
      <nite:child href="Bro004.D.aseg.xml#id(Bro004.D.asg.79439)"/>
      <nite:child href="Bro004.B.aseg.xml#id(Bro004.B.asg.78563)..id(Bro004.B.asg.78566)"/>
      <nite:child href="Bro004.D.aseg.xml#id(Bro004.D.asg.79440)"/>
      <nite:child href="Bro004.B.aseg.xml#id(Bro004.B.asg.78567)..id(Bro004.B.asg.78568)"/>
      <nite:child href="Bro004.D.aseg.xml#id(Bro004.D.asg.79441)"/>
      <nite:child href="Bro004.B.aseg.xml#id(Bro004.B.asg.78569)..id(Bro004.B.asg.78570)"/>
      <nite:child href="Bro004.D.aseg.xml#id(Bro004.D.asg.79442)"/>
      <nite:child href="Bro004.B.aseg.xml#id(Bro004.B.asg.78571)..id(Bro004.B.asg.78573)"/>
      <nite:child href="Bro004.D.aseg.xml#id(Bro004.D.asg.79443)..id(Bro004.D.asg.79444)"/>
      <nite:child href="Bro004.B.aseg.xml#id(Bro004.B.asg.78574)"/>
      <nite:child href="Bro004.D.aseg.xml#id(Bro004.D.asg.79445)"/>
      <nite:child href="Bro004.B.aseg.xml#id(Bro004.B.asg.78575)"/>
      <nite:child href="Bro004.D.aseg.xml#id(Bro004.D.asg.79446)..id(Bro004.D.asg.79449)"/>
      <nite:child href="Bro004.B.aseg.xml#id(Bro004.B.asg.78576)"/>
      <nite:child href="Bro004.D.aseg.xml#id(Bro004.D.asg.79450)"/>
      <nite:child href="Bro004.B.aseg.xml#id(Bro004.B.asg.78577)"/>
      <nite:child href="Bro004.D.aseg.xml#id(Bro004.D.asg.79451)"/>
      <nite:child href="Bro004.B.aseg.xml#id(Bro004.B.asg.78578)"/>
      <nite:child href="Bro004.D.aseg.xml#id(Bro004.D.asg.79452)"/>
      <nite:child href="Bro004.B.aseg.xml#id(Bro004.B.asg.78579)"/>
      <nite:child href="Bro004.D.aseg.xml#id(Bro004.D.asg.79453)..id(Bro004.D.asg.79454)"/>
      <nite:child href="Bro004.B.aseg.xml#id(Bro004.B.asg.78580)..id(Bro004.B.asg.78582)"/>
      <nite:child href="Bro004.D.aseg.xml#id(Bro004.D.asg.79455)"/>
      <nite:child href="Bro004.B.aseg.xml#id(Bro004.B.asg.78583)..id(Bro004.B.asg.78586)"/>
      <nite:child href="Bro004.D.aseg.xml#id(Bro004.D.asg.79456)"/>
      <nite:child href="Bro004.B.aseg.xml#id(Bro004.B.asg.78587)..id(Bro004.B.asg.78594)"/>
      <nite:child href="Bro004.D.aseg.xml#id(Bro004.D.asg.79457)"/>
      <nite:child href="Bro004.B.aseg.xml#id(Bro004.B.asg.78595)..id(Bro004.B.asg.78598)"/>
      <nite:child href="Bro004.D.aseg.xml#id(Bro004.D.asg.79458)"/>
      <nite:child href="Bro004.B.aseg.xml#id(Bro004.B.asg.78599)..id(Bro004.B.asg.78601)"/>
      <nite:child href="Bro004.D.aseg.xml#id(Bro004.D.asg.79459)"/>
      <nite:child href="Bro004.E.aseg.xml#id(Bro004.E.asg.79607)..id(Bro004.E.asg.79608)"/>
      <nite:child href="Bro004.B.aseg.xml#id(Bro004.B.asg.78602)"/>
      <nite:child href="Bro004.E.aseg.xml#id(Bro004.E.asg.79609)"/>
      <nite:child href="Bro004.B.aseg.xml#id(Bro004.B.asg.78603)"/>
      <nite:child href="Bro004.E.aseg.xml#id(Bro004.E.asg.79610)"/>
      <nite:child href="Bro004.B.aseg.xml#id(Bro004.B.asg.78604)"/>
      <nite:child href="Bro004.E.aseg.xml#id(Bro004.E.asg.79611)"/>
      <nite:child href="Bro004.D.aseg.xml#id(Bro004.D.asg.79460)"/>
      <nite:child href="Bro004.B.aseg.xml#id(Bro004.B.asg.78605)..id(Bro004.B.asg.78606)"/>
      <nite:child href="Bro004.E.aseg.xml#id(Bro004.E.asg.79612)"/>
      <nite:child href="Bro004.B.aseg.xml#id(Bro004.B.asg.78607)"/>
      <nite:child href="Bro004.E.aseg.xml#id(Bro004.E.asg.79613)"/>
      <nite:child href="Bro004.B.aseg.xml#id(Bro004.B.asg.78608)"/>
      <nite:child href="Bro004.E.aseg.xml#id(Bro004.E.asg.79614)"/>
      <nite:child href="Bro004.B.aseg.xml#id(Bro004.B.asg.78609)"/>
      <nite:child href="Bro004.E.aseg.xml#id(Bro004.E.asg.79615)"/>
      <nite:child href="Bro004.D.aseg.xml#id(Bro004.D.asg.79461)"/>
      <nite:child href="Bro004.B.aseg.xml#id(Bro004.B.asg.78610)"/>
      <nite:child href="Bro004.D.aseg.xml#id(Bro004.D.asg.79462)..id(Bro004.D.asg.79463)"/>
      <nite:child href="Bro004.E.aseg.xml#id(Bro004.E.asg.79616)"/>
      <nite:child href="Bro004.D.aseg.xml#id(Bro004.D.asg.79464)..id(Bro004.D.asg.79466)"/>
      <nite:child href="Bro004.E.aseg.xml#id(Bro004.E.asg.79617)"/>
      <nite:child href="Bro004.D.aseg.xml#id(Bro004.D.asg.79467)..id(Bro004.D.asg.79482)"/>
      <nite:child href="Bro004.F.aseg.xml#id(Bro004.F.asg.79705)"/>
      <nite:child href="Bro004.D.aseg.xml#id(Bro004.D.asg.79483)..id(Bro004.D.asg.79485)"/>
      <nite:child href="Bro004.B.aseg.xml#id(Bro004.B.asg.78611)"/>
      <nite:child href="Bro004.D.aseg.xml#id(Bro004.D.asg.79486)"/>
      <nite:child href="Bro004.B.aseg.xml#id(Bro004.B.asg.78612)..id(Bro004.B.asg.78614)"/>
      <nite:child href="Bro004.D.aseg.xml#id(Bro004.D.asg.79487)"/>
      <nite:child href="Bro004.B.aseg.xml#id(Bro004.B.asg.78615)"/>
      <nite:child href="Bro004.D.aseg.xml#id(Bro004.D.asg.79488)"/>
      <nite:child href="Bro004.E.aseg.xml#id(Bro004.E.asg.79618)"/>
      <nite:child href="Bro004.D.aseg.xml#id(Bro004.D.asg.79489)"/>
      <nite:child href="Bro004.E.aseg.xml#id(Bro004.E.asg.79619)"/>
      <nite:child href="Bro004.B.aseg.xml#id(Bro004.B.asg.78616)..id(Bro004.B.asg.78617)"/>
      <nite:child href="Bro004.D.aseg.xml#id(Bro004.D.asg.79490)..id(Bro004.D.asg.79491)"/>
      <nite:child href="Bro004.B.aseg.xml#id(Bro004.B.asg.78618)..id(Bro004.B.asg.78622)"/>
      <nite:child href="Bro004.D.aseg.xml#id(Bro004.D.asg.79492)"/>
      <nite:child href="Bro004.A.aseg.xml#id(Bro004.A.asg.78092)"/>
      <nite:child href="Bro004.D.aseg.xml#id(Bro004.D.asg.79493)"/>
      <nite:child href="Bro004.B.aseg.xml#id(Bro004.B.asg.78623)"/>
      <nite:child href="Bro004.F.aseg.xml#id(Bro004.F.asg.79706)"/>
      <nite:child href="Bro004.E.aseg.xml#id(Bro004.E.asg.79620)"/>
      <nite:child href="Bro004.D.aseg.xml#id(Bro004.D.asg.79494)..id(Bro004.D.asg.79495)"/>
      <nite:child href="Bro004.B.aseg.xml#id(Bro004.B.asg.78624)..id(Bro004.B.asg.78625)"/>
      <nite:child href="Bro004.D.aseg.xml#id(Bro004.D.asg.79496)"/>
      <nite:child href="Bro004.B.aseg.xml#id(Bro004.B.asg.78626)"/>
      <nite:child href="Bro004.D.aseg.xml#id(Bro004.D.asg.79497)"/>
      <nite:child href="Bro004.F.aseg.xml#id(Bro004.F.asg.79707)"/>
      <nite:child href="Bro004.D.aseg.xml#id(Bro004.D.asg.79498)"/>
      <nite:child href="Bro004.E.aseg.xml#id(Bro004.E.asg.79621)"/>
      <nite:child href="Bro004.D.aseg.xml#id(Bro004.D.asg.79499)..id(Bro004.D.asg.79501)"/>
      <nite:child href="Bro004.B.aseg.xml#id(Bro004.B.asg.78627)"/>
      <nite:child href="Bro004.D.aseg.xml#id(Bro004.D.asg.79502)..id(Bro004.D.asg.79505)"/>
      <nite:child href="Bro004.B.aseg.xml#id(Bro004.B.asg.78628)..id(Bro004.B.asg.78629)"/>
      <nite:child href="Bro004.D.aseg.xml#id(Bro004.D.asg.79506)..id(Bro004.D.asg.79514)"/>
      <nite:child href="Bro004.B.aseg.xml#id(Bro004.B.asg.78630)..id(Bro004.B.asg.78633)"/>
      <nite:child href="Bro004.D.aseg.xml#id(Bro004.D.asg.79515)"/>
      <nite:child href="Bro004.B.aseg.xml#id(Bro004.B.asg.78634)"/>
      <nite:child href="Bro004.D.aseg.xml#id(Bro004.D.asg.79516)"/>
      <nite:child href="Bro004.B.aseg.xml#id(Bro004.B.asg.78635)"/>
      <nite:child href="Bro004.D.aseg.xml#id(Bro004.D.asg.79517)"/>
      <nite:child href="Bro004.B.aseg.xml#id(Bro004.B.asg.78636)..id(Bro004.B.asg.78637)"/>
      <nite:child href="Bro004.D.aseg.xml#id(Bro004.D.asg.79518)"/>
      <nite:child href="Bro004.E.aseg.xml#id(Bro004.E.asg.79622)"/>
      <nite:child href="Bro004.B.aseg.xml#id(Bro004.B.asg.78638)"/>
      <nite:child href="Bro004.D.aseg.xml#id(Bro004.D.asg.79519)"/>
      <nite:child href="Bro004.E.aseg.xml#id(Bro004.E.asg.79623)..id(Bro004.E.asg.79625)"/>
      <nite:child href="Bro004.D.aseg.xml#id(Bro004.D.asg.79520)"/>
      <nite:child href="Bro004.B.aseg.xml#id(Bro004.B.asg.78639)..id(Bro004.B.asg.78640)"/>
      <nite:child href="Bro004.E.aseg.xml#id(Bro004.E.asg.79626)"/>
      <nite:child href="Bro004.B.aseg.xml#id(Bro004.B.asg.78641)"/>
      <nite:child href="Bro004.D.aseg.xml#id(Bro004.D.asg.79521)"/>
      <nite:child href="Bro004.B.aseg.xml#id(Bro004.B.asg.78642)..id(Bro004.B.asg.78643)"/>
      <nite:child href="Bro004.E.aseg.xml#id(Bro004.E.asg.79627)"/>
      <nite:child href="Bro004.B.aseg.xml#id(Bro004.B.asg.78644)..id(Bro004.B.asg.78647)"/>
      <nite:child href="Bro004.D.aseg.xml#id(Bro004.D.asg.79522)"/>
      <nite:child href="Bro004.B.aseg.xml#id(Bro004.B.asg.78648)..id(Bro004.B.asg.78649)"/>
      <nite:child href="Bro004.D.aseg.xml#id(Bro004.D.asg.79523)"/>
      <nite:child href="Bro004.B.aseg.xml#id(Bro004.B.asg.78650)..id(Bro004.B.asg.78651)"/>
      <nite:child href="Bro004.D.aseg.xml#id(Bro004.D.asg.79524)"/>
      <nite:child href="Bro004.B.aseg.xml#id(Bro004.B.asg.78652)..id(Bro004.B.asg.78655)"/>
      <nite:child href="Bro004.D.aseg.xml#id(Bro004.D.asg.79525)"/>
      <nite:child href="Bro004.B.aseg.xml#id(Bro004.B.asg.78656)..id(Bro004.B.asg.78660)"/>
      <nite:child href="Bro004.D.aseg.xml#id(Bro004.D.asg.79526)"/>
      <nite:child href="Bro004.B.aseg.xml#id(Bro004.B.asg.78661)..id(Bro004.B.asg.78666)"/>
      <nite:child href="Bro004.E.aseg.xml#id(Bro004.E.asg.79628)"/>
      <nite:child href="Bro004.D.aseg.xml#id(Bro004.D.asg.79527)..id(Bro004.D.asg.79528)"/>
      <nite:child href="Bro004.G.aseg.xml#id(Bro004.G.asg.79734)"/>
      <nite:child href="Bro004.B.aseg.xml#id(Bro004.B.asg.78667)"/>
      <nite:child href="Bro004.E.aseg.xml#id(Bro004.E.asg.79629)"/>
      <nite:child href="Bro004.B.aseg.xml#id(Bro004.B.asg.78668)..id(Bro004.B.asg.78680)"/>
      <nite:child href="Bro004.D.aseg.xml#id(Bro004.D.asg.79529)"/>
      <nite:child href="Bro004.B.aseg.xml#id(Bro004.B.asg.78681)..id(Bro004.B.asg.78687)"/>
      <nite:child href="Bro004.D.aseg.xml#id(Bro004.D.asg.79530)"/>
      <nite:child href="Bro004.B.aseg.xml#id(Bro004.B.asg.78688)..id(Bro004.B.asg.78690)"/>
      <nite:child href="Bro004.D.aseg.xml#id(Bro004.D.asg.79531)"/>
      <nite:child href="Bro004.B.aseg.xml#id(Bro004.B.asg.78691)..id(Bro004.B.asg.78693)"/>
      <nite:child href="Bro004.D.aseg.xml#id(Bro004.D.asg.79532)"/>
      <nite:child href="Bro004.B.aseg.xml#id(Bro004.B.asg.78694)..id(Bro004.B.asg.78695)"/>
      <nite:child href="Bro004.E.aseg.xml#id(Bro004.E.asg.79630)..id(Bro004.E.asg.79631)"/>
      <nite:child href="Bro004.D.aseg.xml#id(Bro004.D.asg.79533)"/>
      <nite:child href="Bro004.B.aseg.xml#id(Bro004.B.asg.78696)"/>
      <nite:child href="Bro004.E.aseg.xml#id(Bro004.E.asg.79632)..id(Bro004.E.asg.79636)"/>
      <nite:child href="Bro004.B.aseg.xml#id(Bro004.B.asg.78697)"/>
      <nite:child href="Bro004.E.aseg.xml#id(Bro004.E.asg.79637)..id(Bro004.E.asg.79638)"/>
      <nite:child href="Bro004.B.aseg.xml#id(Bro004.B.asg.78698)"/>
      <nite:child href="Bro004.E.aseg.xml#id(Bro004.E.asg.79639)..id(Bro004.E.asg.79643)"/>
      <nite:child href="Bro004.B.aseg.xml#id(Bro004.B.asg.78699)..id(Bro004.B.asg.78707)"/>
      <nite:child href="Bro004.E.aseg.xml#id(Bro004.E.asg.79644)..id(Bro004.E.asg.79645)"/>
      <nite:child href="Bro004.D.aseg.xml#id(Bro004.D.asg.79534)"/>
      <nite:child href="Bro004.E.aseg.xml#id(Bro004.E.asg.79646)"/>
      <nite:child href="Bro004.B.aseg.xml#id(Bro004.B.asg.78708)..id(Bro004.B.asg.78715)"/>
      <nite:child href="Bro004.D.aseg.xml#id(Bro004.D.asg.79535)..id(Bro004.D.asg.79536)"/>
      <nite:child href="Bro004.E.aseg.xml#id(Bro004.E.asg.79647)"/>
      <nite:child href="Bro004.B.aseg.xml#id(Bro004.B.asg.78716)"/>
      <nite:child href="Bro004.E.aseg.xml#id(Bro004.E.asg.79648)"/>
      <nite:child href="Bro004.D.aseg.xml#id(Bro004.D.asg.79537)"/>
      <nite:child href="Bro004.C.aseg.xml#id(Bro004.C.asg.79058)"/>
      <nite:child href="Bro004.E.aseg.xml#id(Bro004.E.asg.79649)"/>
      <nite:child href="Bro004.C.aseg.xml#id(Bro004.C.asg.79059)"/>
      <nite:child href="Bro004.B.aseg.xml#id(Bro004.B.asg.78717)"/>
      <nite:child href="Bro004.C.aseg.xml#id(Bro004.C.asg.79060)"/>
      <nite:child href="Bro004.B.aseg.xml#id(Bro004.B.asg.78718)..id(Bro004.B.asg.78719)"/>
      <nite:child href="Bro004.C.aseg.xml#id(Bro004.C.asg.79061)"/>
      <nite:child href="Bro004.B.aseg.xml#id(Bro004.B.asg.78720)..id(Bro004.B.asg.78721)"/>
      <nite:child href="Bro004.C.aseg.xml#id(Bro004.C.asg.79062)"/>
      <nite:child href="Bro004.E.aseg.xml#id(Bro004.E.asg.79650)"/>
      <nite:child href="Bro004.C.aseg.xml#id(Bro004.C.asg.79063)"/>
      <nite:child href="Bro004.B.aseg.xml#id(Bro004.B.asg.78722)"/>
      <nite:child href="Bro004.C.aseg.xml#id(Bro004.C.asg.79064)"/>
      <nite:child href="Bro004.B.aseg.xml#id(Bro004.B.asg.78723)"/>
      <nite:child href="Bro004.E.aseg.xml#id(Bro004.E.asg.79651)"/>
      <nite:child href="Bro004.B.aseg.xml#id(Bro004.B.asg.78724)"/>
      <nite:child href="Bro004.D.aseg.xml#id(Bro004.D.asg.79538)"/>
      <nite:child href="Bro004.B.aseg.xml#id(Bro004.B.asg.78725)"/>
      <nite:child href="Bro004.D.aseg.xml#id(Bro004.D.asg.79539)"/>
      <nite:child href="Bro004.E.aseg.xml#id(Bro004.E.asg.79652)..id(Bro004.E.asg.79653)"/>
      <nite:child href="Bro004.B.aseg.xml#id(Bro004.B.asg.78726)..id(Bro004.B.asg.78727)"/>
      <nite:child href="Bro004.D.aseg.xml#id(Bro004.D.asg.79540)..id(Bro004.D.asg.79541)"/>
      <nite:child href="Bro004.B.aseg.xml#id(Bro004.B.asg.78728)"/>
      <nite:child href="Bro004.A.aseg.xml#id(Bro004.A.asg.78093)..id(Bro004.A.asg.78094)"/>
      <nite:child href="Bro004.B.aseg.xml#id(Bro004.B.asg.78729)"/>
      <nite:child href="Bro004.D.aseg.xml#id(Bro004.D.asg.79542)"/>
      <nite:child href="Bro004.B.aseg.xml#id(Bro004.B.asg.78730)..id(Bro004.B.asg.78732)"/>
      <nite:child href="Bro004.A.aseg.xml#id(Bro004.A.asg.78095)"/>
      <nite:child href="Bro004.B.aseg.xml#id(Bro004.B.asg.78733)..id(Bro004.B.asg.78734)"/>
      <nite:child href="Bro004.A.aseg.xml#id(Bro004.A.asg.78096)"/>
      <nite:child href="Bro004.B.aseg.xml#id(Bro004.B.asg.78735)..id(Bro004.B.asg.78737)"/>
      <nite:child href="Bro004.A.aseg.xml#id(Bro004.A.asg.78097)"/>
      <nite:child href="Bro004.B.aseg.xml#id(Bro004.B.asg.78738)..id(Bro004.B.asg.78740)"/>
      <nite:child href="Bro004.C.aseg.xml#id(Bro004.C.asg.79065)"/>
      <nite:child href="Bro004.B.aseg.xml#id(Bro004.B.asg.78741)..id(Bro004.B.asg.78742)"/>
      <nite:child href="Bro004.A.aseg.xml#id(Bro004.A.asg.78098)..id(Bro004.A.asg.78100)"/>
      <nite:child href="Bro004.B.aseg.xml#id(Bro004.B.asg.78743)..id(Bro004.B.asg.78744)"/>
      <nite:child href="Bro004.A.aseg.xml#id(Bro004.A.asg.78101)"/>
      <nite:child href="Bro004.B.aseg.xml#id(Bro004.B.asg.78745)..id(Bro004.B.asg.78748)"/>
      <nite:child href="Bro004.A.aseg.xml#id(Bro004.A.asg.78102)"/>
      <nite:child href="Bro004.B.aseg.xml#id(Bro004.B.asg.78749)..id(Bro004.B.asg.78750)"/>
      <nite:child href="Bro004.D.aseg.xml#id(Bro004.D.asg.79543)"/>
      <nite:child href="Bro004.B.aseg.xml#id(Bro004.B.asg.78751)..id(Bro004.B.asg.78752)"/>
      <nite:child href="Bro004.D.aseg.xml#id(Bro004.D.asg.79544)"/>
      <nite:child href="Bro004.A.aseg.xml#id(Bro004.A.asg.78103)..id(Bro004.A.asg.78104)"/>
      <nite:child href="Bro004.C.aseg.xml#id(Bro004.C.asg.79066)"/>
      <nite:child href="Bro004.D.aseg.xml#id(Bro004.D.asg.79545)..id(Bro004.D.asg.79546)"/>
      <nite:child href="Bro004.B.aseg.xml#id(Bro004.B.asg.78753)..id(Bro004.B.asg.78754)"/>
      <nite:child href="Bro004.D.aseg.xml#id(Bro004.D.asg.79547)"/>
      <nite:child href="Bro004.A.aseg.xml#id(Bro004.A.asg.78105)"/>
      <nite:child href="Bro004.B.aseg.xml#id(Bro004.B.asg.78755)..id(Bro004.B.asg.78757)"/>
      <nite:child href="Bro004.A.aseg.xml#id(Bro004.A.asg.78106)..id(Bro004.A.asg.78107)"/>
      <nite:child href="Bro004.B.aseg.xml#id(Bro004.B.asg.78758)..id(Bro004.B.asg.78761)"/>
      <nite:child href="Bro004.A.aseg.xml#id(Bro004.A.asg.78108)..id(Bro004.A.asg.78110)"/>
      <nite:child href="Bro004.B.aseg.xml#id(Bro004.B.asg.78762)..id(Bro004.B.asg.78766)"/>
      <nite:child href="Bro004.A.aseg.xml#id(Bro004.A.asg.78111)"/>
      <nite:child href="Bro004.B.aseg.xml#id(Bro004.B.asg.78767)"/>
      <nite:child href="Bro004.A.aseg.xml#id(Bro004.A.asg.78112)"/>
      <nite:child href="Bro004.B.aseg.xml#id(Bro004.B.asg.78768)..id(Bro004.B.asg.78769)"/>
      <nite:child href="Bro004.A.aseg.xml#id(Bro004.A.asg.78113)"/>
      <nite:child href="Bro004.B.aseg.xml#id(Bro004.B.asg.78770)..id(Bro004.B.asg.78773)"/>
      <nite:child href="Bro004.C.aseg.xml#id(Bro004.C.asg.79067)"/>
      <nite:child href="Bro004.B.aseg.xml#id(Bro004.B.asg.78774)"/>
      <nite:child href="Bro004.E.aseg.xml#id(Bro004.E.asg.79654)"/>
      <nite:child href="Bro004.B.aseg.xml#id(Bro004.B.asg.78775)"/>
      <nite:child href="Bro004.C.aseg.xml#id(Bro004.C.asg.79068)"/>
      <nite:child href="Bro004.B.aseg.xml#id(Bro004.B.asg.78776)..id(Bro004.B.asg.78781)"/>
      <nite:child href="Bro004.A.aseg.xml#id(Bro004.A.asg.78114)"/>
      <nite:child href="Bro004.B.aseg.xml#id(Bro004.B.asg.78782)..id(Bro004.B.asg.78820)"/>
      <nite:child href="Bro004.A.aseg.xml#id(Bro004.A.asg.78115)"/>
      <nite:child href="Bro004.B.aseg.xml#id(Bro004.B.asg.78821)..id(Bro004.B.asg.78826)"/>
      <nite:child href="Bro004.A.aseg.xml#id(Bro004.A.asg.78116)"/>
      <nite:child href="Bro004.B.aseg.xml#id(Bro004.B.asg.78827)..id(Bro004.B.asg.78828)"/>
      <nite:child href="Bro004.A.aseg.xml#id(Bro004.A.asg.78117)"/>
      <nite:child href="Bro004.B.aseg.xml#id(Bro004.B.asg.78829)..id(Bro004.B.asg.78830)"/>
      <nite:child href="Bro004.A.aseg.xml#id(Bro004.A.asg.78118)"/>
      <nite:child href="Bro004.B.aseg.xml#id(Bro004.B.asg.78831)..id(Bro004.B.asg.78833)"/>
      <nite:child href="Bro004.A.aseg.xml#id(Bro004.A.asg.78119)"/>
      <nite:child href="Bro004.B.aseg.xml#id(Bro004.B.asg.78834)"/>
      <nite:child href="Bro004.A.aseg.xml#id(Bro004.A.asg.78120)"/>
      <nite:child href="Bro004.B.aseg.xml#id(Bro004.B.asg.78835)..id(Bro004.B.asg.78836)"/>
      <nite:child href="Bro004.A.aseg.xml#id(Bro004.A.asg.78121)"/>
      <nite:child href="Bro004.B.aseg.xml#id(Bro004.B.asg.78837)"/>
      <nite:child href="Bro004.A.aseg.xml#id(Bro004.A.asg.78122)..id(Bro004.A.asg.78123)"/>
      <nite:child href="Bro004.B.aseg.xml#id(Bro004.B.asg.78838)"/>
      <nite:child href="Bro004.A.aseg.xml#id(Bro004.A.asg.78124)"/>
      <nite:child href="Bro004.B.aseg.xml#id(Bro004.B.asg.78839)"/>
      <nite:child href="Bro004.A.aseg.xml#id(Bro004.A.asg.78125)"/>
      <nite:child href="Bro004.B.aseg.xml#id(Bro004.B.asg.78840)..id(Bro004.B.asg.78841)"/>
      <nite:child href="Bro004.A.aseg.xml#id(Bro004.A.asg.78126)"/>
      <nite:child href="Bro004.B.aseg.xml#id(Bro004.B.asg.78842)"/>
      <nite:child href="Bro004.A.aseg.xml#id(Bro004.A.asg.78127)"/>
      <nite:child href="Bro004.B.aseg.xml#id(Bro004.B.asg.78843)"/>
      <nite:child href="Bro004.A.aseg.xml#id(Bro004.A.asg.78128)"/>
      <nite:child href="Bro004.B.aseg.xml#id(Bro004.B.asg.78844)"/>
      <nite:child href="Bro004.A.aseg.xml#id(Bro004.A.asg.78129)"/>
      <nite:child href="Bro004.B.aseg.xml#id(Bro004.B.asg.78845)"/>
      <nite:child href="Bro004.A.aseg.xml#id(Bro004.A.asg.78130)..id(Bro004.A.asg.78131)"/>
      <nite:child href="Bro004.B.aseg.xml#id(Bro004.B.asg.78846)..id(Bro004.B.asg.78876)"/>
      <nite:child href="Bro004.D.aseg.xml#id(Bro004.D.asg.79548)"/>
      <nite:child href="Bro004.B.aseg.xml#id(Bro004.B.asg.78877)..id(Bro004.B.asg.78880)"/>
      <nite:child href="Bro004.D.aseg.xml#id(Bro004.D.asg.79549)"/>
      <nite:child href="Bro004.B.aseg.xml#id(Bro004.B.asg.78881)..id(Bro004.B.asg.78884)"/>
      <nite:child href="Bro004.D.aseg.xml#id(Bro004.D.asg.79550)"/>
      <nite:child href="Bro004.B.aseg.xml#id(Bro004.B.asg.78885)..id(Bro004.B.asg.78886)"/>
      <nite:child href="Bro004.D.aseg.xml#id(Bro004.D.asg.79551)..id(Bro004.D.asg.79552)"/>
      <nite:child href="Bro004.B.aseg.xml#id(Bro004.B.asg.78887)..id(Bro004.B.asg.78888)"/>
      <nite:child href="Bro004.D.aseg.xml#id(Bro004.D.asg.79553)"/>
      <nite:child href="Bro004.B.aseg.xml#id(Bro004.B.asg.78889)"/>
      <nite:child href="Bro004.D.aseg.xml#id(Bro004.D.asg.79554)"/>
      <nite:child href="Bro004.E.aseg.xml#id(Bro004.E.asg.79655)"/>
      <nite:child href="Bro004.F.aseg.xml#id(Bro004.F.asg.79708)"/>
      <nite:child href="Bro004.B.aseg.xml#id(Bro004.B.asg.78890)..id(Bro004.B.asg.78892)"/>
      <nite:child href="Bro004.E.aseg.xml#id(Bro004.E.asg.79656)"/>
      <nite:child href="Bro004.B.aseg.xml#id(Bro004.B.asg.78893)..id(Bro004.B.asg.78894)"/>
      <nite:child href="Bro004.D.aseg.xml#id(Bro004.D.asg.79555)"/>
      <nite:child href="Bro004.B.aseg.xml#id(Bro004.B.asg.78895)"/>
      <nite:child href="Bro004.C.aseg.xml#id(Bro004.C.asg.79069)"/>
      <nite:child href="Bro004.B.aseg.xml#id(Bro004.B.asg.78896)..id(Bro004.B.asg.78897)"/>
      <nite:child href="Bro004.D.aseg.xml#id(Bro004.D.asg.79556)"/>
      <nite:child href="Bro004.B.aseg.xml#id(Bro004.B.asg.78898)"/>
      <nite:child href="Bro004.G.aseg.xml#id(Bro004.G.asg.79735)"/>
      <nite:child href="Bro004.B.aseg.xml#id(Bro004.B.asg.78899)"/>
      <nite:child href="Bro004.G.aseg.xml#id(Bro004.G.asg.79736)"/>
      <nite:child href="Bro004.B.aseg.xml#id(Bro004.B.asg.78900)..id(Bro004.B.asg.78915)"/>
      <nite:child href="Bro004.G.aseg.xml#id(Bro004.G.asg.79737)"/>
      <nite:child href="Bro004.B.aseg.xml#id(Bro004.B.asg.78916)"/>
      <nite:child href="Bro004.G.aseg.xml#id(Bro004.G.asg.79738)..id(Bro004.G.asg.79739)"/>
      <nite:child href="Bro004.B.aseg.xml#id(Bro004.B.asg.78917)"/>
   </autopic>
   <autopic nite:id="Bro004.autotopic.4" tstart="3524.7" tend="4117.76">
      <nite:child href="Bro004.G.aseg.xml#id(Bro004.G.asg.79740)..id(Bro004.G.asg.79741)"/>
      <nite:child href="Bro004.B.aseg.xml#id(Bro004.B.asg.78918)..id(Bro004.B.asg.78933)"/>
      <nite:child href="Bro004.G.aseg.xml#id(Bro004.G.asg.79742)"/>
      <nite:child href="Bro004.B.aseg.xml#id(Bro004.B.asg.78934)..id(Bro004.B.asg.78940)"/>
      <nite:child href="Bro004.D.aseg.xml#id(Bro004.D.asg.79557)..id(Bro004.D.asg.79558)"/>
      <nite:child href="Bro004.B.aseg.xml#id(Bro004.B.asg.78941)..id(Bro004.B.asg.78943)"/>
      <nite:child href="Bro004.D.aseg.xml#id(Bro004.D.asg.79559)"/>
      <nite:child href="Bro004.B.aseg.xml#id(Bro004.B.asg.78944)"/>
      <nite:child href="Bro004.G.aseg.xml#id(Bro004.G.asg.79743)..id(Bro004.G.asg.79744)"/>
      <nite:child href="Bro004.B.aseg.xml#id(Bro004.B.asg.78945)..id(Bro004.B.asg.78959)"/>
      <nite:child href="Bro004.D.aseg.xml#id(Bro004.D.asg.79560)"/>
      <nite:child href="Bro004.B.aseg.xml#id(Bro004.B.asg.78960)"/>
      <nite:child href="Bro004.D.aseg.xml#id(Bro004.D.asg.79561)..id(Bro004.D.asg.79562)"/>
      <nite:child href="Bro004.B.aseg.xml#id(Bro004.B.asg.78961)"/>
      <nite:child href="Bro004.D.aseg.xml#id(Bro004.D.asg.79563)"/>
      <nite:child href="Bro004.B.aseg.xml#id(Bro004.B.asg.78962)..id(Bro004.B.asg.78965)"/>
      <nite:child href="Bro004.D.aseg.xml#id(Bro004.D.asg.79564)"/>
      <nite:child href="Bro004.B.aseg.xml#id(Bro004.B.asg.78966)..id(Bro004.B.asg.78978)"/>
      <nite:child href="Bro004.A.aseg.xml#id(Bro004.A.asg.78132)"/>
      <nite:child href="Bro004.B.aseg.xml#id(Bro004.B.asg.78979)"/>
      <nite:child href="Bro004.A.aseg.xml#id(Bro004.A.asg.78133)..id(Bro004.A.asg.78134)"/>
      <nite:child href="Bro004.B.aseg.xml#id(Bro004.B.asg.78980)"/>
      <nite:child href="Bro004.A.aseg.xml#id(Bro004.A.asg.78135)..id(Bro004.A.asg.78136)"/>
      <nite:child href="Bro004.B.aseg.xml#id(Bro004.B.asg.78981)"/>
      <nite:child href="Bro004.D.aseg.xml#id(Bro004.D.asg.79565)"/>
      <nite:child href="Bro004.A.aseg.xml#id(Bro004.A.asg.78137)"/>
      <nite:child href="Bro004.D.aseg.xml#id(Bro004.D.asg.79566)"/>
      <nite:child href="Bro004.B.aseg.xml#id(Bro004.B.asg.78982)..id(Bro004.B.asg.78993)"/>
      <nite:child href="Bro004.G.aseg.xml#id(Bro004.G.asg.79745)"/>
      <nite:child href="Bro004.B.aseg.xml#id(Bro004.B.asg.78994)..id(Bro004.B.asg.79025)"/>
      <nite:child href="Bro004.E.aseg.xml#id(Bro004.E.asg.79657)..id(Bro004.E.asg.79677)"/>
      <nite:child href="Bro004.A.aseg.xml#id(Bro004.A.asg.78138)..id(Bro004.A.asg.78158)"/>
      <nite:child href="Bro004.C.aseg.xml#id(Bro004.C.asg.79070)..id(Bro004.C.asg.79090)"/>
      <nite:child href="Bro004.F.aseg.xml#id(Bro004.F.asg.79709)..id(Bro004.F.asg.79728)"/>
      <nite:child href="Bro004.D.aseg.xml#id(Bro004.D.asg.79567)..id(Bro004.D.asg.79587)"/>
      <nite:child href="Bro004.G.aseg.xml#id(Bro004.G.asg.79746)..id(Bro004.G.asg.79766)"/>
      <nite:child href="Bro004.B.aseg.xml#id(Bro004.B.asg.79026)"/>
      <nite:child href="Bro004.F.aseg.xml#id(Bro004.F.asg.79729)"/>
   </autopic>
   <autopic nite:id="Bro004.autotopic.5" tstart="4112.82" tend="4145.93">
      <nite:child href="Bro004.B.aseg.xml#id(Bro004.B.asg.79027)..id(Bro004.B.asg.79030)"/>
      <nite:child href="Bro004.F.aseg.xml#id(Bro004.F.asg.79730)..id(Bro004.F.asg.79733)"/>
      <nite:child href="Bro004.B.aseg.xml#id(Bro004.B.asg.79031)..id(Bro004.B.asg.79034)"/>
   </autopic>
</nite:root>