<?xml version="1.0" encoding="ISO-8859-1" standalone="yes"?>
<nite:root nite:id="Bed002.topic" xmlns:nite="http://nite.sourceforge.net/">
   <topic nite:id="Bed002.topic.1" description="Meeting set-up">
      <nite:child href="Bed002.E.segs.xml#id(Bed002.segment.1)"/>
      <nite:child href="Bed002.A.segs.xml#id(Bed002.segment.2)..id(Bed002.segment.4)"/>
      <nite:child href="Bed002.E.segs.xml#id(Bed002.segment.5)"/>
      <nite:child href="Bed002.A.segs.xml#id(Bed002.segment.6)"/>
      <nite:child href="Bed002.C.segs.xml#id(Bed002.segment.7)"/>
      <nite:child href="Bed002.E.segs.xml#id(Bed002.segment.9)"/>
      <nite:child href="Bed002.A.segs.xml#id(Bed002.segment.10)"/>
      <nite:child href="Bed002.B.segs.xml#id(Bed002.segment.11)..id(Bed002.segment.12)"/>
      <nite:child href="Bed002.E.segs.xml#id(Bed002.segment.14)"/>
      <nite:child href="Bed002.A.segs.xml#id(Bed002.segment.13)"/>
      <nite:child href="Bed002.E.segs.xml#id(Bed002.segment.15)"/>
      <nite:child href="Bed002.A.segs.xml#id(Bed002.segment.16)"/>
      <nite:child href="Bed002.E.segs.xml#id(Bed002.segment.17)"/>
      <nite:child href="Bed002.A.segs.xml#id(Bed002.segment.18)"/>
      <nite:child href="Bed002.E.segs.xml#id(Bed002.segment.19)"/>
      <nite:child href="Bed002.A.segs.xml#id(Bed002.segment.20)"/>
      <nite:child href="Bed002.E.segs.xml#id(Bed002.segment.21)"/>
      <nite:child href="Bed002.A.segs.xml#id(Bed002.segment.22)"/>
      <nite:child href="Bed002.E.segs.xml#id(Bed002.segment.23)"/>
      <nite:child href="Bed002.A.segs.xml#id(Bed002.segment.24)"/>
      <nite:child href="Bed002.C.segs.xml#id(Bed002.segment.25)..id(Bed002.segment.28)"/>
      <nite:child href="Bed002.B.segs.xml#id(Bed002.segment.29)"/>
      <nite:child href="Bed002.C.segs.xml#id(Bed002.segment.30)"/>
      <nite:child href="Bed002.A.segs.xml#id(Bed002.segment.31)..id(Bed002.segment.32)"/>
      <nite:child href="Bed002.C.segs.xml#id(Bed002.segment.33)"/>
      <nite:child href="Bed002.A.segs.xml#id(Bed002.segment.34)..id(Bed002.segment.40)"/>
      <nite:child href="Bed002.C.segs.xml#id(Bed002.segment.41)"/>
      <nite:child href="Bed002.A.segs.xml#id(Bed002.segment.42)..id(Bed002.segment.43)"/>
      <topic nite:id="Bed002.topic.21" description="Digit task">
         <nite:child href="Bed002.A.segs.xml#id(Bed002.segment.44)..id(Bed002.segment.66)"/>
         <nite:child href="Bed002.B.segs.xml#id(Bed002.segment.67)"/>
         <nite:child href="Bed002.C.segs.xml#id(Bed002.segment.68)"/>
         <nite:child href="Bed002.B.segs.xml#id(Bed002.segment.69)..id(Bed002.segment.89)"/>
         <nite:child href="Bed002.C.segs.xml#id(Bed002.segment.90)..id(Bed002.segment.94)"/>
         <nite:child href="Bed002.F.segs.xml#id(Bed002.segment.95)"/>
         <nite:child href="Bed002.C.segs.xml#id(Bed002.segment.96)..id(Bed002.segment.111)"/>
         <nite:child href="Bed002.E.segs.xml#id(Bed002.segment.112)..id(Bed002.segment.132)"/>
         <nite:child href="Bed002.F.segs.xml#id(Bed002.segment.133)..id(Bed002.segment.153)"/>
      </topic>
      <nite:child href="Bed002.A.segs.xml#id(Bed002.segment.154)..id(Bed002.segment.158)"/>
      <nite:child href="Bed002.F.segs.xml#id(Bed002.segment.159)"/>
      <nite:child href="Bed002.A.segs.xml#id(Bed002.segment.160)..id(Bed002.segment.169)"/>
      <nite:child href="Bed002.F.segs.xml#id(Bed002.segment.170)"/>
      <nite:child href="Bed002.A.segs.xml#id(Bed002.segment.171)..id(Bed002.segment.185)"/>
      <nite:child href="Bed002.C.segs.xml#id(Bed002.segment.186)..id(Bed002.segment.188)"/>
      <nite:child href="Bed002.E.segs.xml#id(Bed002.segment.187)"/>
      <nite:child href="Bed002.C.segs.xml#id(Bed002.segment.189)"/>
      <nite:child href="Bed002.B.segs.xml#id(Bed002.segment.190)"/>
      <nite:child href="Bed002.E.segs.xml#id(Bed002.segment.191)"/>
      <nite:child href="Bed002.C.segs.xml#id(Bed002.segment.192)"/>
      <nite:child href="Bed002.E.segs.xml#id(Bed002.segment.193)"/>
      <nite:child href="Bed002.C.segs.xml#id(Bed002.segment.194)..id(Bed002.segment.195)"/>
      <nite:child href="Bed002.A.segs.xml#id(Bed002.segment.196)"/>
      <nite:child href="Bed002.C.segs.xml#id(Bed002.segment.197)"/>
      <nite:child href="Bed002.A.segs.xml#id(Bed002.segment.198)"/>
      <nite:child href="Bed002.C.segs.xml#id(Bed002.segment.199)"/>
      <nite:child href="Bed002.A.segs.xml#id(Bed002.segment.200)"/>
      <nite:child href="Bed002.C.segs.xml#id(Bed002.segment.201)..id(Bed002.segment.204)"/>
      <nite:child href="Bed002.A.segs.xml#id(Bed002.segment.205)"/>
      <nite:child href="Bed002.C.segs.xml#id(Bed002.segment.206)..id(Bed002.segment.207)"/>
      <nite:child href="Bed002.A.segs.xml#id(Bed002.segment.208)"/>
      <nite:child href="Bed002.C.segs.xml#id(Bed002.segment.209)..id(Bed002.segment.210)"/>
      <nite:child href="Bed002.A.segs.xml#id(Bed002.segment.211)..id(Bed002.segment.212)"/>
      <nite:child href="Bed002.C.segs.xml#id(Bed002.segment.213)..id(Bed002.segment.214)"/>
      <nite:child href="Bed002.A.segs.xml#id(Bed002.segment.215)..id(Bed002.segment.216)"/>
      <nite:child href="Bed002.C.segs.xml#id(Bed002.segment.217)"/>
      <nite:child href="Bed002.B.segs.xml#id(Bed002.segment.218)"/>
      <nite:child href="Bed002.E.segs.xml#id(Bed002.segment.219)"/>
      <nite:child href="Bed002.A.segs.xml#id(Bed002.segment.220)"/>
      <nite:child href="Bed002.B.segs.xml#id(Bed002.segment.222)"/>
      <nite:child href="Bed002.C.segs.xml#id(Bed002.segment.221)"/>
      <nite:child href="Bed002.F.segs.xml#id(Bed002.segment.223)"/>
      <nite:child href="Bed002.C.segs.xml#id(Bed002.segment.224)"/>
      <nite:child href="Bed002.A.segs.xml#id(Bed002.segment.225)..id(Bed002.segment.227)"/>
      <nite:child href="Bed002.C.segs.xml#id(Bed002.segment.226)"/>
      <nite:child href="Bed002.B.segs.xml#id(Bed002.segment.228)"/>
      <nite:child href="Bed002.C.segs.xml#id(Bed002.segment.229)"/>
      <nite:child href="Bed002.A.segs.xml#id(Bed002.segment.230)"/>
      <nite:child href="Bed002.B.segs.xml#id(Bed002.segment.231)"/>
      <nite:child href="Bed002.A.segs.xml#id(Bed002.segment.232)"/>
      <nite:child href="Bed002.C.segs.xml#id(Bed002.segment.233)..id(Bed002.segment.235)"/>
      <nite:child href="Bed002.A.segs.xml#id(Bed002.segment.236)..id(Bed002.segment.277)"/>
      <nite:child href="Bed002.C.segs.xml#id(Bed002.segment.278)"/>
      <nite:child href="Bed002.A.segs.xml#id(Bed002.segment.279)"/>
      <nite:child href="Bed002.C.segs.xml#id(Bed002.segment.280)"/>
      <nite:child href="Bed002.A.segs.xml#id(Bed002.segment.281)..id(Bed002.segment.283)"/>
      <nite:child href="Bed002.B.segs.xml#id(Bed002.segment.285)"/>
      <nite:child href="Bed002.A.segs.xml#id(Bed002.segment.286)..id(Bed002.segment.288)"/>
      <nite:child href="Bed002.C.segs.xml#id(Bed002.segment.289)"/>
      <nite:child href="Bed002.A.segs.xml#id(Bed002.segment.290)..id(Bed002.segment.292)"/>
      <nite:child href="Bed002.C.segs.xml#id(Bed002.segment.293)"/>
      <nite:child href="Bed002.A.segs.xml#id(Bed002.segment.294)..id(Bed002.segment.295)"/>
      <nite:child href="Bed002.B.segs.xml#id(Bed002.segment.296)..id(Bed002.segment.297)"/>
      <nite:child href="Bed002.C.segs.xml#id(Bed002.segment.298)"/>
      <nite:child href="Bed002.B.segs.xml#id(Bed002.segment.299)..id(Bed002.segment.300)"/>
      <nite:child href="Bed002.C.segs.xml#id(Bed002.segment.301)"/>
      <nite:child href="Bed002.B.segs.xml#id(Bed002.segment.302)"/>
      <nite:child href="Bed002.C.segs.xml#id(Bed002.segment.303)"/>
      <nite:child href="Bed002.B.segs.xml#id(Bed002.segment.304)"/>
      <nite:child href="Bed002.C.segs.xml#id(Bed002.segment.305)..id(Bed002.segment.306)"/>
      <nite:child href="Bed002.E.segs.xml#id(Bed002.segment.307)"/>
      <nite:child href="Bed002.F.segs.xml#id(Bed002.segment.308)"/>
      <nite:child href="Bed002.B.segs.xml#id(Bed002.segment.309)"/>
      <nite:child href="Bed002.E.segs.xml#id(Bed002.segment.310)"/>
      <nite:child href="Bed002.C.segs.xml#id(Bed002.segment.311)..id(Bed002.segment.313)"/>
      <nite:child href="Bed002.B.segs.xml#id(Bed002.segment.314)"/>
      <nite:child href="Bed002.C.segs.xml#id(Bed002.segment.315)"/>
      <nite:child href="Bed002.E.segs.xml#id(Bed002.segment.316)"/>
      <nite:child href="Bed002.C.segs.xml#id(Bed002.segment.317)..id(Bed002.segment.319)"/>
      <nite:child href="Bed002.E.segs.xml#id(Bed002.segment.320)"/>
      <nite:child href="Bed002.C.segs.xml#id(Bed002.segment.321)"/>
      <nite:child href="Bed002.E.segs.xml#id(Bed002.segment.322)"/>
   </topic>
   <topic nite:id="Bed002.topic.22" description="Project overview">
      <topic nite:id="Bed002.topic.11" description="Navigation system description">
         <nite:child href="Bed002.B.segs.xml#id(Bed002.segment.323)"/>
         <nite:child href="Bed002.C.segs.xml#id(Bed002.segment.324)"/>
         <nite:child href="Bed002.B.segs.xml#id(Bed002.segment.325)..id(Bed002.segment.340)"/>
         <nite:child href="Bed002.C.segs.xml#id(Bed002.segment.341)"/>
         <nite:child href="Bed002.B.segs.xml#id(Bed002.segment.342)..id(Bed002.segment.345)"/>
         <nite:child href="Bed002.C.segs.xml#id(Bed002.segment.346)"/>
         <nite:child href="Bed002.B.segs.xml#id(Bed002.segment.347)..id(Bed002.segment.355)"/>
         <nite:child href="Bed002.E.segs.xml#id(Bed002.segment.356)"/>
         <nite:child href="Bed002.B.segs.xml#id(Bed002.segment.357)..id(Bed002.segment.371)"/>
         <nite:child href="Bed002.E.segs.xml#id(Bed002.segment.372)"/>
         <nite:child href="Bed002.B.segs.xml#id(Bed002.segment.373)"/>
         <nite:child href="Bed002.E.segs.xml#id(Bed002.segment.374)"/>
         <nite:child href="Bed002.B.segs.xml#id(Bed002.segment.375)..id(Bed002.segment.404)"/>
      </topic>
      <topic nite:id="Bed002.topic.2" description="Meeting set-up">
         <nite:child href="Bed002.C.segs.xml#id(Bed002.segment.405)"/>
         <nite:child href="Bed002.D.segs.xml#id(Bed002.segment.406)"/>
         <nite:child href="Bed002.B.segs.xml#id(Bed002.segment.407)"/>
         <nite:child href="Bed002.D.segs.xml#id(Bed002.segment.408)"/>
         <nite:child href="Bed002.C.segs.xml#id(Bed002.segment.409)"/>
         <nite:child href="Bed002.B.segs.xml#id(Bed002.segment.410)"/>
         <nite:child href="Bed002.D.segs.xml#id(Bed002.segment.411)"/>
         <nite:child href="Bed002.E.segs.xml#id(Bed002.segment.412)"/>
         <nite:child href="Bed002.C.segs.xml#id(Bed002.segment.413)"/>
         <nite:child href="Bed002.D.segs.xml#id(Bed002.segment.414)..id(Bed002.segment.416)"/>
         <nite:child href="Bed002.B.segs.xml#id(Bed002.segment.417)"/>
         <nite:child href="Bed002.D.segs.xml#id(Bed002.segment.418)"/>
         <nite:child href="Bed002.B.segs.xml#id(Bed002.segment.419)"/>
         <nite:child href="Bed002.D.segs.xml#id(Bed002.segment.420)..id(Bed002.segment.421)"/>
         <nite:child href="Bed002.B.segs.xml#id(Bed002.segment.422)"/>
         <nite:child href="Bed002.D.segs.xml#id(Bed002.segment.423)"/>
         <nite:child href="Bed002.B.segs.xml#id(Bed002.segment.424)"/>
         <nite:child href="Bed002.C.segs.xml#id(Bed002.segment.425)"/>
         <nite:child href="Bed002.E.segs.xml#id(Bed002.segment.426)"/>
         <nite:child href="Bed002.B.segs.xml#id(Bed002.segment.427)"/>
         <nite:child href="Bed002.C.segs.xml#id(Bed002.segment.428)"/>
         <nite:child href="Bed002.D.segs.xml#id(Bed002.segment.429)"/>
      </topic>
      <topic nite:id="Bed002.topic.15" description="Navigation system description">
         <nite:child href="Bed002.B.segs.xml#id(Bed002.segment.430)..id(Bed002.segment.456)"/>
         <nite:child href="Bed002.C.segs.xml#id(Bed002.segment.457)"/>
         <nite:child href="Bed002.B.segs.xml#id(Bed002.segment.458)..id(Bed002.segment.461)"/>
         <nite:child href="Bed002.C.segs.xml#id(Bed002.segment.462)"/>
         <nite:child href="Bed002.B.segs.xml#id(Bed002.segment.463)..id(Bed002.segment.464)"/>
         <nite:child href="Bed002.C.segs.xml#id(Bed002.segment.466)"/>
         <nite:child href="Bed002.B.segs.xml#id(Bed002.segment.465)..id(Bed002.segment.470)"/>
         <nite:child href="Bed002.C.segs.xml#id(Bed002.segment.471)"/>
         <nite:child href="Bed002.B.segs.xml#id(Bed002.segment.472)..id(Bed002.segment.473)"/>
         <nite:child href="Bed002.D.segs.xml#id(Bed002.segment.474)"/>
         <nite:child href="Bed002.B.segs.xml#id(Bed002.segment.475)..id(Bed002.segment.492)"/>
      </topic>
      <topic nite:id="Bed002.topic.16" description="Navigation system specifications">
         <nite:child href="Bed002.F.segs.xml#id(Bed002.segment.493)"/>
         <nite:child href="Bed002.C.segs.xml#id(Bed002.segment.494)"/>
         <nite:child href="Bed002.F.segs.xml#id(Bed002.segment.495)"/>
         <nite:child href="Bed002.B.segs.xml#id(Bed002.segment.496)"/>
         <nite:child href="Bed002.C.segs.xml#id(Bed002.segment.497)"/>
         <nite:child href="Bed002.E.segs.xml#id(Bed002.segment.498)..id(Bed002.segment.499)"/>
         <nite:child href="Bed002.C.segs.xml#id(Bed002.segment.500)..id(Bed002.segment.509)"/>
         <nite:child href="Bed002.F.segs.xml#id(Bed002.segment.510)"/>
         <nite:child href="Bed002.C.segs.xml#id(Bed002.segment.511)..id(Bed002.segment.515)"/>
         <nite:child href="Bed002.D.segs.xml#id(Bed002.segment.516)"/>
         <nite:child href="Bed002.C.segs.xml#id(Bed002.segment.517)..id(Bed002.segment.525)"/>
         <nite:child href="Bed002.B.segs.xml#id(Bed002.segment.526)"/>
         <nite:child href="Bed002.C.segs.xml#id(Bed002.segment.527)..id(Bed002.segment.528)"/>
         <nite:child href="Bed002.B.segs.xml#id(Bed002.segment.529)"/>
         <nite:child href="Bed002.C.segs.xml#id(Bed002.segment.530)..id(Bed002.segment.534)"/>
         <nite:child href="Bed002.B.segs.xml#id(Bed002.segment.535)"/>
         <nite:child href="Bed002.C.segs.xml#id(Bed002.segment.536)"/>
         <nite:child href="Bed002.B.segs.xml#id(Bed002.segment.537)"/>
         <nite:child href="Bed002.C.segs.xml#id(Bed002.segment.538)"/>
         <nite:child href="Bed002.E.segs.xml#id(Bed002.segment.539)"/>
         <nite:child href="Bed002.B.segs.xml#id(Bed002.segment.540)"/>
         <nite:child href="Bed002.C.segs.xml#id(Bed002.segment.541)..id(Bed002.segment.568)"/>
         <nite:child href="Bed002.B.segs.xml#id(Bed002.segment.569)"/>
         <nite:child href="Bed002.C.segs.xml#id(Bed002.segment.570)..id(Bed002.segment.572)"/>
         <nite:child href="Bed002.B.segs.xml#id(Bed002.segment.573)"/>
         <nite:child href="Bed002.C.segs.xml#id(Bed002.segment.574)..id(Bed002.segment.575)"/>
         <nite:child href="Bed002.B.segs.xml#id(Bed002.segment.576)"/>
         <nite:child href="Bed002.C.segs.xml#id(Bed002.segment.577)..id(Bed002.segment.582)"/>
         <nite:child href="Bed002.E.segs.xml#id(Bed002.segment.583)"/>
         <nite:child href="Bed002.C.segs.xml#id(Bed002.segment.584)..id(Bed002.segment.588)"/>
         <nite:child href="Bed002.B.segs.xml#id(Bed002.segment.589)"/>
         <nite:child href="Bed002.C.segs.xml#id(Bed002.segment.590)..id(Bed002.segment.592)"/>
         <nite:child href="Bed002.B.segs.xml#id(Bed002.segment.593)"/>
         <nite:child href="Bed002.C.segs.xml#id(Bed002.segment.594)..id(Bed002.segment.596)"/>
         <nite:child href="Bed002.B.segs.xml#id(Bed002.segment.597)"/>
         <nite:child href="Bed002.C.segs.xml#id(Bed002.segment.598)"/>
         <nite:child href="Bed002.B.segs.xml#id(Bed002.segment.599)..id(Bed002.segment.604)"/>
         <nite:child href="Bed002.C.segs.xml#id(Bed002.segment.605)..id(Bed002.segment.613)"/>
         <nite:child href="Bed002.F.segs.xml#id(Bed002.segment.614)"/>
         <nite:child href="Bed002.C.segs.xml#id(Bed002.segment.615)..id(Bed002.segment.617)"/>
         <nite:child href="Bed002.F.segs.xml#id(Bed002.segment.618)"/>
         <nite:child href="Bed002.C.segs.xml#id(Bed002.segment.619)"/>
         <nite:child href="Bed002.E.segs.xml#id(Bed002.segment.620)"/>
         <nite:child href="Bed002.C.segs.xml#id(Bed002.segment.622)"/>
         <nite:child href="Bed002.E.segs.xml#id(Bed002.segment.621)"/>
         <nite:child href="Bed002.C.segs.xml#id(Bed002.segment.623)"/>
         <nite:child href="Bed002.E.segs.xml#id(Bed002.segment.624)"/>
         <nite:child href="Bed002.C.segs.xml#id(Bed002.segment.625)..id(Bed002.segment.626)"/>
         <nite:child href="Bed002.B.segs.xml#id(Bed002.segment.627)"/>
         <nite:child href="Bed002.C.segs.xml#id(Bed002.segment.628)..id(Bed002.segment.629)"/>
         <nite:child href="Bed002.B.segs.xml#id(Bed002.segment.630)"/>
         <nite:child href="Bed002.C.segs.xml#id(Bed002.segment.631)..id(Bed002.segment.632)"/>
         <nite:child href="Bed002.B.segs.xml#id(Bed002.segment.633)"/>
         <nite:child href="Bed002.C.segs.xml#id(Bed002.segment.634)"/>
         <nite:child href="Bed002.B.segs.xml#id(Bed002.segment.635)"/>
         <nite:child href="Bed002.C.segs.xml#id(Bed002.segment.636)..id(Bed002.segment.640)"/>
         <nite:child href="Bed002.B.segs.xml#id(Bed002.segment.641)"/>
         <nite:child href="Bed002.C.segs.xml#id(Bed002.segment.642)"/>
         <nite:child href="Bed002.B.segs.xml#id(Bed002.segment.643)..id(Bed002.segment.644)"/>
         <nite:child href="Bed002.C.segs.xml#id(Bed002.segment.645)"/>
         <nite:child href="Bed002.B.segs.xml#id(Bed002.segment.646)..id(Bed002.segment.647)"/>
         <nite:child href="Bed002.C.segs.xml#id(Bed002.segment.648)"/>
         <nite:child href="Bed002.E.segs.xml#id(Bed002.segment.649)..id(Bed002.segment.652)"/>
         <nite:child href="Bed002.C.segs.xml#id(Bed002.segment.653)"/>
         <nite:child href="Bed002.E.segs.xml#id(Bed002.segment.654)..id(Bed002.segment.658)"/>
         <nite:child href="Bed002.B.segs.xml#id(Bed002.segment.659)..id(Bed002.segment.663)"/>
         <nite:child href="Bed002.E.segs.xml#id(Bed002.segment.664)"/>
         <nite:child href="Bed002.B.segs.xml#id(Bed002.segment.665)..id(Bed002.segment.669)"/>
         <nite:child href="Bed002.E.segs.xml#id(Bed002.segment.670)"/>
         <nite:child href="Bed002.B.segs.xml#id(Bed002.segment.671)..id(Bed002.segment.678)"/>
         <nite:child href="Bed002.D.segs.xml#id(Bed002.segment.679)"/>
         <nite:child href="Bed002.B.segs.xml#id(Bed002.segment.680)"/>
         <nite:child href="Bed002.E.segs.xml#id(Bed002.segment.682)"/>
         <nite:child href="Bed002.C.segs.xml#id(Bed002.segment.681)"/>
         <nite:child href="Bed002.E.segs.xml#id(Bed002.segment.683)"/>
         <nite:child href="Bed002.B.segs.xml#id(Bed002.segment.684)..id(Bed002.segment.686)"/>
         <nite:child href="Bed002.D.segs.xml#id(Bed002.segment.687)..id(Bed002.segment.691)"/>
         <nite:child href="Bed002.B.segs.xml#id(Bed002.segment.692)..id(Bed002.segment.693)"/>
         <nite:child href="Bed002.D.segs.xml#id(Bed002.segment.694)"/>
         <nite:child href="Bed002.B.segs.xml#id(Bed002.segment.695)"/>
         <nite:child href="Bed002.C.segs.xml#id(Bed002.segment.696)"/>
         <nite:child href="Bed002.D.segs.xml#id(Bed002.segment.697)"/>
         <nite:child href="Bed002.C.segs.xml#id(Bed002.segment.698)"/>
         <nite:child href="Bed002.D.segs.xml#id(Bed002.segment.699)"/>
         <nite:child href="Bed002.B.segs.xml#id(Bed002.segment.701)"/>
         <nite:child href="Bed002.D.segs.xml#id(Bed002.segment.700)..id(Bed002.segment.703)"/>
         <nite:child href="Bed002.B.segs.xml#id(Bed002.segment.704)"/>
         <nite:child href="Bed002.D.segs.xml#id(Bed002.segment.705)"/>
         <nite:child href="Bed002.B.segs.xml#id(Bed002.segment.706)..id(Bed002.segment.707)"/>
         <nite:child href="Bed002.D.segs.xml#id(Bed002.segment.708)"/>
         <nite:child href="Bed002.E.segs.xml#id(Bed002.segment.709)"/>
         <nite:child href="Bed002.C.segs.xml#id(Bed002.segment.710)..id(Bed002.segment.712)"/>
         <nite:child href="Bed002.B.segs.xml#id(Bed002.segment.713)..id(Bed002.segment.717)"/>
         <nite:child href="Bed002.D.segs.xml#id(Bed002.segment.718)"/>
         <nite:child href="Bed002.B.segs.xml#id(Bed002.segment.719)"/>
         <nite:child href="Bed002.D.segs.xml#id(Bed002.segment.720)"/>
         <nite:child href="Bed002.C.segs.xml#id(Bed002.segment.721)..id(Bed002.segment.725)"/>
         <nite:child href="Bed002.B.segs.xml#id(Bed002.segment.726)..id(Bed002.segment.729)"/>
         <nite:child href="Bed002.C.segs.xml#id(Bed002.segment.730)..id(Bed002.segment.732)"/>
         <nite:child href="Bed002.B.segs.xml#id(Bed002.segment.731)"/>
         <nite:child href="Bed002.C.segs.xml#id(Bed002.segment.733)"/>
         <nite:child href="Bed002.B.segs.xml#id(Bed002.segment.734)"/>
         <nite:child href="Bed002.C.segs.xml#id(Bed002.segment.735)"/>
         <nite:child href="Bed002.B.segs.xml#id(Bed002.segment.736)"/>
         <nite:child href="Bed002.C.segs.xml#id(Bed002.segment.737)..id(Bed002.segment.739)"/>
         <nite:child href="Bed002.F.segs.xml#id(Bed002.segment.740)"/>
         <nite:child href="Bed002.C.segs.xml#id(Bed002.segment.741)..id(Bed002.segment.763)"/>
         <nite:child href="Bed002.B.segs.xml#id(Bed002.segment.764)"/>
         <nite:child href="Bed002.C.segs.xml#id(Bed002.segment.765)"/>
         <nite:child href="Bed002.D.segs.xml#id(Bed002.segment.766)"/>
         <nite:child href="Bed002.E.segs.xml#id(Bed002.segment.767)"/>
         <nite:child href="Bed002.B.segs.xml#id(Bed002.segment.768)"/>
         <nite:child href="Bed002.C.segs.xml#id(Bed002.segment.769)..id(Bed002.segment.776)"/>
         <nite:child href="Bed002.B.segs.xml#id(Bed002.segment.779)..id(Bed002.segment.780)"/>
         <nite:child href="Bed002.C.segs.xml#id(Bed002.segment.781)"/>
         <nite:child href="Bed002.B.segs.xml#id(Bed002.segment.782)"/>
         <nite:child href="Bed002.C.segs.xml#id(Bed002.segment.783)"/>
         <nite:child href="Bed002.F.segs.xml#id(Bed002.segment.784)"/>
      </topic>
      <topic nite:id="Bed002.topic.8" description="Data collection">
         <nite:child href="Bed002.D.segs.xml#id(Bed002.segment.785)..id(Bed002.segment.792)"/>
         <nite:child href="Bed002.C.segs.xml#id(Bed002.segment.793)"/>
         <nite:child href="Bed002.D.segs.xml#id(Bed002.segment.794)"/>
         <nite:child href="Bed002.C.segs.xml#id(Bed002.segment.795)"/>
         <nite:child href="Bed002.D.segs.xml#id(Bed002.segment.796)"/>
         <nite:child href="Bed002.C.segs.xml#id(Bed002.segment.797)..id(Bed002.segment.798)"/>
         <nite:child href="Bed002.D.segs.xml#id(Bed002.segment.799)..id(Bed002.segment.801)"/>
         <nite:child href="Bed002.C.segs.xml#id(Bed002.segment.802)..id(Bed002.segment.804)"/>
         <nite:child href="Bed002.D.segs.xml#id(Bed002.segment.803)"/>
         <nite:child href="Bed002.B.segs.xml#id(Bed002.segment.806)"/>
         <nite:child href="Bed002.D.segs.xml#id(Bed002.segment.805)"/>
         <nite:child href="Bed002.C.segs.xml#id(Bed002.segment.807)..id(Bed002.segment.808)"/>
         <nite:child href="Bed002.D.segs.xml#id(Bed002.segment.809)"/>
         <nite:child href="Bed002.B.segs.xml#id(Bed002.segment.810)"/>
         <nite:child href="Bed002.D.segs.xml#id(Bed002.segment.811)"/>
         <nite:child href="Bed002.B.segs.xml#id(Bed002.segment.812)"/>
         <nite:child href="Bed002.D.segs.xml#id(Bed002.segment.813)"/>
         <nite:child href="Bed002.B.segs.xml#id(Bed002.segment.814)"/>
         <nite:child href="Bed002.D.segs.xml#id(Bed002.segment.815)"/>
         <nite:child href="Bed002.B.segs.xml#id(Bed002.segment.816)"/>
         <nite:child href="Bed002.D.segs.xml#id(Bed002.segment.817)"/>
         <nite:child href="Bed002.B.segs.xml#id(Bed002.segment.818)"/>
         <nite:child href="Bed002.D.segs.xml#id(Bed002.segment.819)"/>
         <nite:child href="Bed002.B.segs.xml#id(Bed002.segment.820)"/>
         <nite:child href="Bed002.C.segs.xml#id(Bed002.segment.821)"/>
         <nite:child href="Bed002.B.segs.xml#id(Bed002.segment.822)..id(Bed002.segment.824)"/>
         <nite:child href="Bed002.D.segs.xml#id(Bed002.segment.823)"/>
         <nite:child href="Bed002.B.segs.xml#id(Bed002.segment.825)..id(Bed002.segment.826)"/>
         <nite:child href="Bed002.C.segs.xml#id(Bed002.segment.827)"/>
         <nite:child href="Bed002.B.segs.xml#id(Bed002.segment.828)..id(Bed002.segment.829)"/>
         <nite:child href="Bed002.D.segs.xml#id(Bed002.segment.830)"/>
         <nite:child href="Bed002.B.segs.xml#id(Bed002.segment.831)"/>
         <nite:child href="Bed002.D.segs.xml#id(Bed002.segment.832)..id(Bed002.segment.833)"/>
         <nite:child href="Bed002.B.segs.xml#id(Bed002.segment.834)"/>
         <nite:child href="Bed002.D.segs.xml#id(Bed002.segment.835)"/>
         <nite:child href="Bed002.B.segs.xml#id(Bed002.segment.836)"/>
         <nite:child href="Bed002.D.segs.xml#id(Bed002.segment.837)"/>
         <nite:child href="Bed002.B.segs.xml#id(Bed002.segment.838)"/>
         <nite:child href="Bed002.C.segs.xml#id(Bed002.segment.839)"/>
         <nite:child href="Bed002.D.segs.xml#id(Bed002.segment.840)..id(Bed002.segment.842)"/>
         <nite:child href="Bed002.B.segs.xml#id(Bed002.segment.843)..id(Bed002.segment.844)"/>
         <nite:child href="Bed002.D.segs.xml#id(Bed002.segment.845)..id(Bed002.segment.846)"/>
         <nite:child href="Bed002.E.segs.xml#id(Bed002.segment.847)"/>
         <nite:child href="Bed002.D.segs.xml#id(Bed002.segment.848)..id(Bed002.segment.849)"/>
         <nite:child href="Bed002.C.segs.xml#id(Bed002.segment.850)"/>
         <nite:child href="Bed002.D.segs.xml#id(Bed002.segment.851)"/>
         <nite:child href="Bed002.C.segs.xml#id(Bed002.segment.852)"/>
         <nite:child href="Bed002.B.segs.xml#id(Bed002.segment.853)"/>
         <nite:child href="Bed002.C.segs.xml#id(Bed002.segment.854)"/>
         <nite:child href="Bed002.D.segs.xml#id(Bed002.segment.855)"/>
         <nite:child href="Bed002.C.segs.xml#id(Bed002.segment.856)..id(Bed002.segment.866)"/>
         <nite:child href="Bed002.E.segs.xml#id(Bed002.segment.867)"/>
         <nite:child href="Bed002.C.segs.xml#id(Bed002.segment.868)..id(Bed002.segment.869)"/>
         <nite:child href="Bed002.E.segs.xml#id(Bed002.segment.870)"/>
         <nite:child href="Bed002.C.segs.xml#id(Bed002.segment.871)"/>
         <nite:child href="Bed002.E.segs.xml#id(Bed002.segment.872)"/>
         <nite:child href="Bed002.C.segs.xml#id(Bed002.segment.873)..id(Bed002.segment.875)"/>
         <nite:child href="Bed002.D.segs.xml#id(Bed002.segment.876)..id(Bed002.segment.880)"/>
         <nite:child href="Bed002.E.segs.xml#id(Bed002.segment.881)"/>
         <nite:child href="Bed002.B.segs.xml#id(Bed002.segment.882)"/>
         <nite:child href="Bed002.D.segs.xml#id(Bed002.segment.883)..id(Bed002.segment.884)"/>
         <nite:child href="Bed002.B.segs.xml#id(Bed002.segment.885)..id(Bed002.segment.886)"/>
         <nite:child href="Bed002.E.segs.xml#id(Bed002.segment.887)"/>
         <nite:child href="Bed002.B.segs.xml#id(Bed002.segment.888)"/>
         <nite:child href="Bed002.C.segs.xml#id(Bed002.segment.889)"/>
         <nite:child href="Bed002.D.segs.xml#id(Bed002.segment.890)..id(Bed002.segment.895)"/>
         <nite:child href="Bed002.B.segs.xml#id(Bed002.segment.896)"/>
         <nite:child href="Bed002.D.segs.xml#id(Bed002.segment.897)..id(Bed002.segment.899)"/>
         <nite:child href="Bed002.B.segs.xml#id(Bed002.segment.900)..id(Bed002.segment.903)"/>
         <nite:child href="Bed002.D.segs.xml#id(Bed002.segment.904)"/>
         <nite:child href="Bed002.B.segs.xml#id(Bed002.segment.905)"/>
         <nite:child href="Bed002.D.segs.xml#id(Bed002.segment.906)"/>
         <nite:child href="Bed002.B.segs.xml#id(Bed002.segment.907)..id(Bed002.segment.908)"/>
         <nite:child href="Bed002.D.segs.xml#id(Bed002.segment.909)"/>
         <nite:child href="Bed002.B.segs.xml#id(Bed002.segment.910)..id(Bed002.segment.912)"/>
         <nite:child href="Bed002.D.segs.xml#id(Bed002.segment.913)"/>
         <nite:child href="Bed002.B.segs.xml#id(Bed002.segment.914)..id(Bed002.segment.915)"/>
         <nite:child href="Bed002.D.segs.xml#id(Bed002.segment.916)"/>
         <nite:child href="Bed002.B.segs.xml#id(Bed002.segment.917)"/>
         <nite:child href="Bed002.D.segs.xml#id(Bed002.segment.918)"/>
         <nite:child href="Bed002.B.segs.xml#id(Bed002.segment.919)"/>
         <nite:child href="Bed002.D.segs.xml#id(Bed002.segment.920)"/>
         <nite:child href="Bed002.B.segs.xml#id(Bed002.segment.921)..id(Bed002.segment.925)"/>
         <nite:child href="Bed002.D.segs.xml#id(Bed002.segment.926)..id(Bed002.segment.927)"/>
         <nite:child href="Bed002.B.segs.xml#id(Bed002.segment.928)..id(Bed002.segment.929)"/>
         <nite:child href="Bed002.E.segs.xml#id(Bed002.segment.930)..id(Bed002.segment.931)"/>
         <nite:child href="Bed002.B.segs.xml#id(Bed002.segment.932)..id(Bed002.segment.941)"/>
         <nite:child href="Bed002.E.segs.xml#id(Bed002.segment.942)"/>
         <nite:child href="Bed002.B.segs.xml#id(Bed002.segment.943)..id(Bed002.segment.951)"/>
         <nite:child href="Bed002.E.segs.xml#id(Bed002.segment.952)"/>
         <nite:child href="Bed002.B.segs.xml#id(Bed002.segment.953)..id(Bed002.segment.954)"/>
         <nite:child href="Bed002.D.segs.xml#id(Bed002.segment.955)"/>
         <nite:child href="Bed002.B.segs.xml#id(Bed002.segment.956)"/>
         <nite:child href="Bed002.D.segs.xml#id(Bed002.segment.957)"/>
         <nite:child href="Bed002.B.segs.xml#id(Bed002.segment.958)..id(Bed002.segment.959)"/>
         <nite:child href="Bed002.D.segs.xml#id(Bed002.segment.960)"/>
         <nite:child href="Bed002.E.segs.xml#id(Bed002.segment.961)"/>
         <nite:child href="Bed002.B.segs.xml#id(Bed002.segment.962)..id(Bed002.segment.966)"/>
         <nite:child href="Bed002.E.segs.xml#id(Bed002.segment.967)"/>
         <nite:child href="Bed002.B.segs.xml#id(Bed002.segment.968)..id(Bed002.segment.971)"/>
         <nite:child href="Bed002.E.segs.xml#id(Bed002.segment.972)"/>
         <nite:child href="Bed002.B.segs.xml#id(Bed002.segment.973)"/>
         <nite:child href="Bed002.E.segs.xml#id(Bed002.segment.974)"/>
         <nite:child href="Bed002.B.segs.xml#id(Bed002.segment.975)"/>
         <nite:child href="Bed002.E.segs.xml#id(Bed002.segment.976)"/>
         <nite:child href="Bed002.B.segs.xml#id(Bed002.segment.977)..id(Bed002.segment.978)"/>
         <nite:child href="Bed002.D.segs.xml#id(Bed002.segment.979)"/>
         <nite:child href="Bed002.E.segs.xml#id(Bed002.segment.980)"/>
         <nite:child href="Bed002.B.segs.xml#id(Bed002.segment.981)..id(Bed002.segment.982)"/>
         <nite:child href="Bed002.E.segs.xml#id(Bed002.segment.983)"/>
         <nite:child href="Bed002.B.segs.xml#id(Bed002.segment.984)"/>
         <nite:child href="Bed002.E.segs.xml#id(Bed002.segment.985)"/>
         <nite:child href="Bed002.B.segs.xml#id(Bed002.segment.986)..id(Bed002.segment.987)"/>
         <nite:child href="Bed002.E.segs.xml#id(Bed002.segment.988)..id(Bed002.segment.989)"/>
         <nite:child href="Bed002.B.segs.xml#id(Bed002.segment.990)"/>
         <nite:child href="Bed002.D.segs.xml#id(Bed002.segment.991)..id(Bed002.segment.992)"/>
         <nite:child href="Bed002.B.segs.xml#id(Bed002.segment.993)..id(Bed002.segment.995)"/>
         <nite:child href="Bed002.D.segs.xml#id(Bed002.segment.996)"/>
         <nite:child href="Bed002.B.segs.xml#id(Bed002.segment.997)..id(Bed002.segment.998)"/>
         <nite:child href="Bed002.D.segs.xml#id(Bed002.segment.999)"/>
         <nite:child href="Bed002.E.segs.xml#id(Bed002.segment.1,000)"/>
         <nite:child href="Bed002.B.segs.xml#id(Bed002.segment.1,001)..id(Bed002.segment.1,002)"/>
         <nite:child href="Bed002.D.segs.xml#id(Bed002.segment.1,003)"/>
         <nite:child href="Bed002.B.segs.xml#id(Bed002.segment.1,004)"/>
         <nite:child href="Bed002.D.segs.xml#id(Bed002.segment.1,005)"/>
         <nite:child href="Bed002.B.segs.xml#id(Bed002.segment.1,006)..id(Bed002.segment.1,007)"/>
         <nite:child href="Bed002.D.segs.xml#id(Bed002.segment.1,008)"/>
         <nite:child href="Bed002.B.segs.xml#id(Bed002.segment.1,009)..id(Bed002.segment.1,011)"/>
         <nite:child href="Bed002.E.segs.xml#id(Bed002.segment.1,012)"/>
         <nite:child href="Bed002.B.segs.xml#id(Bed002.segment.1,013)..id(Bed002.segment.1,014)"/>
         <nite:child href="Bed002.D.segs.xml#id(Bed002.segment.1,015)"/>
         <nite:child href="Bed002.B.segs.xml#id(Bed002.segment.1,016)"/>
         <nite:child href="Bed002.D.segs.xml#id(Bed002.segment.1,017)"/>
         <nite:child href="Bed002.B.segs.xml#id(Bed002.segment.1,018)..id(Bed002.segment.1,019)"/>
         <nite:child href="Bed002.D.segs.xml#id(Bed002.segment.1,020)"/>
         <nite:child href="Bed002.B.segs.xml#id(Bed002.segment.1,021)"/>
         <nite:child href="Bed002.D.segs.xml#id(Bed002.segment.1,022)..id(Bed002.segment.1,028)"/>
         <nite:child href="Bed002.B.segs.xml#id(Bed002.segment.1,029)"/>
         <nite:child href="Bed002.D.segs.xml#id(Bed002.segment.1,030)"/>
         <nite:child href="Bed002.B.segs.xml#id(Bed002.segment.1,031)"/>
         <nite:child href="Bed002.D.segs.xml#id(Bed002.segment.1,032)..id(Bed002.segment.1,033)"/>
         <nite:child href="Bed002.B.segs.xml#id(Bed002.segment.1,034)..id(Bed002.segment.1,037)"/>
         <nite:child href="Bed002.D.segs.xml#id(Bed002.segment.1,038)..id(Bed002.segment.1,039)"/>
         <nite:child href="Bed002.B.segs.xml#id(Bed002.segment.1,040)..id(Bed002.segment.1,043)"/>
         <nite:child href="Bed002.D.segs.xml#id(Bed002.segment.1,044)..id(Bed002.segment.1,047)"/>
         <nite:child href="Bed002.B.segs.xml#id(Bed002.segment.1,048)"/>
         <nite:child href="Bed002.D.segs.xml#id(Bed002.segment.1,049)"/>
         <nite:child href="Bed002.B.segs.xml#id(Bed002.segment.1,050)"/>
         <topic nite:id="Bed002.topic.14" description="Student data coder">
            <nite:child href="Bed002.C.segs.xml#id(Bed002.segment.1,051)..id(Bed002.segment.1,053)"/>
            <nite:child href="Bed002.D.segs.xml#id(Bed002.segment.1,054)"/>
            <nite:child href="Bed002.C.segs.xml#id(Bed002.segment.1,055)..id(Bed002.segment.1,058)"/>
            <nite:child href="Bed002.D.segs.xml#id(Bed002.segment.1,059)"/>
            <nite:child href="Bed002.C.segs.xml#id(Bed002.segment.1,060)..id(Bed002.segment.1,061)"/>
            <nite:child href="Bed002.D.segs.xml#id(Bed002.segment.1,062)..id(Bed002.segment.1,063)"/>
            <nite:child href="Bed002.C.segs.xml#id(Bed002.segment.1,064)..id(Bed002.segment.1,065)"/>
            <nite:child href="Bed002.D.segs.xml#id(Bed002.segment.1,066)"/>
            <nite:child href="Bed002.C.segs.xml#id(Bed002.segment.1,067)"/>
            <nite:child href="Bed002.D.segs.xml#id(Bed002.segment.1,068)"/>
            <nite:child href="Bed002.C.segs.xml#id(Bed002.segment.1,069)..id(Bed002.segment.1,074)"/>
            <nite:child href="Bed002.D.segs.xml#id(Bed002.segment.1,075)"/>
            <nite:child href="Bed002.C.segs.xml#id(Bed002.segment.1,076)..id(Bed002.segment.1,078)"/>
            <nite:child href="Bed002.D.segs.xml#id(Bed002.segment.1,079)"/>
            <nite:child href="Bed002.C.segs.xml#id(Bed002.segment.1,080)"/>
            <nite:child href="Bed002.D.segs.xml#id(Bed002.segment.1,081)"/>
            <nite:child href="Bed002.C.segs.xml#id(Bed002.segment.1,082)..id(Bed002.segment.1,083)"/>
         </topic>
         <nite:child href="Bed002.D.segs.xml#id(Bed002.segment.1,084)..id(Bed002.segment.1,092)"/>
         <nite:child href="Bed002.E.segs.xml#id(Bed002.segment.1,093)..id(Bed002.segment.1,095)"/>
         <nite:child href="Bed002.D.segs.xml#id(Bed002.segment.1,096)"/>
         <nite:child href="Bed002.E.segs.xml#id(Bed002.segment.1,097)"/>
         <nite:child href="Bed002.D.segs.xml#id(Bed002.segment.1,098)"/>
         <nite:child href="Bed002.B.segs.xml#id(Bed002.segment.1,099)"/>
         <nite:child href="Bed002.D.segs.xml#id(Bed002.segment.1,100)..id(Bed002.segment.1,101)"/>
         <nite:child href="Bed002.E.segs.xml#id(Bed002.segment.1,102)"/>
         <nite:child href="Bed002.C.segs.xml#id(Bed002.segment.1,103)"/>
         <nite:child href="Bed002.D.segs.xml#id(Bed002.segment.1,104)..id(Bed002.segment.1,105)"/>
      </topic>
   </topic>
   <topic nite:id="Bed002.topic.20" description="Proposed work for project">
      <topic nite:id="Bed002.topic.18" description="Navigation system specifications">
         <nite:child href="Bed002.C.segs.xml#id(Bed002.segment.1,106)"/>
         <nite:child href="Bed002.D.segs.xml#id(Bed002.segment.1,107)"/>
         <nite:child href="Bed002.C.segs.xml#id(Bed002.segment.1,108)..id(Bed002.segment.1,121)"/>
         <nite:child href="Bed002.D.segs.xml#id(Bed002.segment.1,122)"/>
         <nite:child href="Bed002.B.segs.xml#id(Bed002.segment.1,123)"/>
         <nite:child href="Bed002.C.segs.xml#id(Bed002.segment.1,124)"/>
         <nite:child href="Bed002.D.segs.xml#id(Bed002.segment.1,125)"/>
         <nite:child href="Bed002.E.segs.xml#id(Bed002.segment.1,126)"/>
         <nite:child href="Bed002.C.segs.xml#id(Bed002.segment.1,127)"/>
         <nite:child href="Bed002.D.segs.xml#id(Bed002.segment.1,128)"/>
         <nite:child href="Bed002.C.segs.xml#id(Bed002.segment.1,129)"/>
         <nite:child href="Bed002.D.segs.xml#id(Bed002.segment.1,130)"/>
         <nite:child href="Bed002.C.segs.xml#id(Bed002.segment.1,131)..id(Bed002.segment.1,134)"/>
         <nite:child href="Bed002.D.segs.xml#id(Bed002.segment.1,135)"/>
         <nite:child href="Bed002.C.segs.xml#id(Bed002.segment.1,136)"/>
         <nite:child href="Bed002.D.segs.xml#id(Bed002.segment.1,137)"/>
         <nite:child href="Bed002.C.segs.xml#id(Bed002.segment.1,138)..id(Bed002.segment.1,139)"/>
         <nite:child href="Bed002.D.segs.xml#id(Bed002.segment.1,140)"/>
         <nite:child href="Bed002.C.segs.xml#id(Bed002.segment.1,141)"/>
         <nite:child href="Bed002.D.segs.xml#id(Bed002.segment.1,142)"/>
         <nite:child href="Bed002.C.segs.xml#id(Bed002.segment.1,143)"/>
         <nite:child href="Bed002.D.segs.xml#id(Bed002.segment.1,144)"/>
         <nite:child href="Bed002.C.segs.xml#id(Bed002.segment.1,145)"/>
         <nite:child href="Bed002.D.segs.xml#id(Bed002.segment.1,146)"/>
         <nite:child href="Bed002.E.segs.xml#id(Bed002.segment.1,147)"/>
         <nite:child href="Bed002.D.segs.xml#id(Bed002.segment.1,148)"/>
         <nite:child href="Bed002.B.segs.xml#id(Bed002.segment.1,149)"/>
         <nite:child href="Bed002.D.segs.xml#id(Bed002.segment.1,150)"/>
         <nite:child href="Bed002.B.segs.xml#id(Bed002.segment.1,151)"/>
         <nite:child href="Bed002.D.segs.xml#id(Bed002.segment.1,152)"/>
         <nite:child href="Bed002.E.segs.xml#id(Bed002.segment.1,153)"/>
         <nite:child href="Bed002.C.segs.xml#id(Bed002.segment.1,154)"/>
         <nite:child href="Bed002.E.segs.xml#id(Bed002.segment.1,155)"/>
         <nite:child href="Bed002.B.segs.xml#id(Bed002.segment.1,156)"/>
         <nite:child href="Bed002.C.segs.xml#id(Bed002.segment.1,157)"/>
         <nite:child href="Bed002.E.segs.xml#id(Bed002.segment.1,158)"/>
         <nite:child href="Bed002.F.segs.xml#id(Bed002.segment.1,159)"/>
         <nite:child href="Bed002.D.segs.xml#id(Bed002.segment.1,160)"/>
         <nite:child href="Bed002.F.segs.xml#id(Bed002.segment.1,161)"/>
         <nite:child href="Bed002.C.segs.xml#id(Bed002.segment.1,162)"/>
         <nite:child href="Bed002.F.segs.xml#id(Bed002.segment.1,163)"/>
         <nite:child href="Bed002.C.segs.xml#id(Bed002.segment.1,164)"/>
         <nite:child href="Bed002.F.segs.xml#id(Bed002.segment.1,165)"/>
         <nite:child href="Bed002.C.segs.xml#id(Bed002.segment.1,166)"/>
         <nite:child href="Bed002.F.segs.xml#id(Bed002.segment.1,167)"/>
         <nite:child href="Bed002.C.segs.xml#id(Bed002.segment.1,168)..id(Bed002.segment.1,169)"/>
         <nite:child href="Bed002.E.segs.xml#id(Bed002.segment.1,170)"/>
         <nite:child href="Bed002.C.segs.xml#id(Bed002.segment.1,171)"/>
         <nite:child href="Bed002.E.segs.xml#id(Bed002.segment.1,172)"/>
         <nite:child href="Bed002.C.segs.xml#id(Bed002.segment.1,173)..id(Bed002.segment.1,174)"/>
         <nite:child href="Bed002.E.segs.xml#id(Bed002.segment.1,175)"/>
         <nite:child href="Bed002.C.segs.xml#id(Bed002.segment.1,176)"/>
         <nite:child href="Bed002.E.segs.xml#id(Bed002.segment.1,177)"/>
         <nite:child href="Bed002.C.segs.xml#id(Bed002.segment.1,178)..id(Bed002.segment.1,180)"/>
         <nite:child href="Bed002.E.segs.xml#id(Bed002.segment.1,181)"/>
         <nite:child href="Bed002.C.segs.xml#id(Bed002.segment.1,182)..id(Bed002.segment.1,183)"/>
         <nite:child href="Bed002.F.segs.xml#id(Bed002.segment.1,184)"/>
         <nite:child href="Bed002.C.segs.xml#id(Bed002.segment.1,185)..id(Bed002.segment.1,186)"/>
         <nite:child href="Bed002.F.segs.xml#id(Bed002.segment.1,187)"/>
         <nite:child href="Bed002.C.segs.xml#id(Bed002.segment.1,188)"/>
      </topic>
      <topic nite:id="Bed002.topic.7" description="Belief nets">
         <nite:child href="Bed002.F.segs.xml#id(Bed002.segment.1,189)"/>
         <nite:child href="Bed002.C.segs.xml#id(Bed002.segment.1,190)..id(Bed002.segment.1,191)"/>
         <nite:child href="Bed002.F.segs.xml#id(Bed002.segment.1,192)..id(Bed002.segment.1,193)"/>
         <nite:child href="Bed002.C.segs.xml#id(Bed002.segment.1,194)"/>
         <nite:child href="Bed002.E.segs.xml#id(Bed002.segment.1,195)"/>
         <nite:child href="Bed002.C.segs.xml#id(Bed002.segment.1,196)..id(Bed002.segment.1,222)"/>
         <nite:child href="Bed002.B.segs.xml#id(Bed002.segment.1,223)"/>
         <nite:child href="Bed002.C.segs.xml#id(Bed002.segment.1,224)..id(Bed002.segment.1,229)"/>
         <nite:child href="Bed002.E.segs.xml#id(Bed002.segment.1,230)"/>
         <nite:child href="Bed002.C.segs.xml#id(Bed002.segment.1,231)..id(Bed002.segment.1,235)"/>
         <nite:child href="Bed002.E.segs.xml#id(Bed002.segment.1,236)"/>
         <nite:child href="Bed002.B.segs.xml#id(Bed002.segment.1,237)..id(Bed002.segment.1,246)"/>
         <nite:child href="Bed002.C.segs.xml#id(Bed002.segment.1,247)..id(Bed002.segment.1,250)"/>
         <nite:child href="Bed002.E.segs.xml#id(Bed002.segment.1,251)"/>
         <nite:child href="Bed002.B.segs.xml#id(Bed002.segment.1,252)"/>
         <nite:child href="Bed002.C.segs.xml#id(Bed002.segment.1,253)..id(Bed002.segment.1,256)"/>
         <nite:child href="Bed002.F.segs.xml#id(Bed002.segment.1,257)"/>
         <nite:child href="Bed002.C.segs.xml#id(Bed002.segment.1,258)"/>
         <nite:child href="Bed002.B.segs.xml#id(Bed002.segment.1,259)"/>
         <nite:child href="Bed002.C.segs.xml#id(Bed002.segment.1,260)..id(Bed002.segment.1,262)"/>
         <nite:child href="Bed002.D.segs.xml#id(Bed002.segment.1,263)..id(Bed002.segment.1,264)"/>
         <nite:child href="Bed002.C.segs.xml#id(Bed002.segment.1,265)..id(Bed002.segment.1,267)"/>
         <nite:child href="Bed002.D.segs.xml#id(Bed002.segment.1,266)"/>
         <nite:child href="Bed002.F.segs.xml#id(Bed002.segment.1,268)"/>
         <nite:child href="Bed002.C.segs.xml#id(Bed002.segment.1,269)..id(Bed002.segment.1,270)"/>
         <nite:child href="Bed002.E.segs.xml#id(Bed002.segment.1,272)"/>
         <nite:child href="Bed002.B.segs.xml#id(Bed002.segment.1,271)"/>
         <nite:child href="Bed002.F.segs.xml#id(Bed002.segment.1,273)"/>
         <nite:child href="Bed002.C.segs.xml#id(Bed002.segment.1,274)"/>
      </topic>
      <topic nite:id="Bed002.topic.19" description="System module compatibility">
         <nite:child href="Bed002.B.segs.xml#id(Bed002.segment.1,275)"/>
         <nite:child href="Bed002.C.segs.xml#id(Bed002.segment.1,276)"/>
         <nite:child href="Bed002.B.segs.xml#id(Bed002.segment.1,277)..id(Bed002.segment.1,280)"/>
         <nite:child href="Bed002.C.segs.xml#id(Bed002.segment.1,281)..id(Bed002.segment.1,282)"/>
         <nite:child href="Bed002.B.segs.xml#id(Bed002.segment.1,283)"/>
         <nite:child href="Bed002.C.segs.xml#id(Bed002.segment.1,284)..id(Bed002.segment.1,287)"/>
         <nite:child href="Bed002.B.segs.xml#id(Bed002.segment.1,288)"/>
         <nite:child href="Bed002.C.segs.xml#id(Bed002.segment.1,289)..id(Bed002.segment.1,299)"/>
         <nite:child href="Bed002.E.segs.xml#id(Bed002.segment.1,300)"/>
         <nite:child href="Bed002.C.segs.xml#id(Bed002.segment.1,301)..id(Bed002.segment.1,304)"/>
         <nite:child href="Bed002.B.segs.xml#id(Bed002.segment.1,305)..id(Bed002.segment.1,308)"/>
         <nite:child href="Bed002.C.segs.xml#id(Bed002.segment.1,309)..id(Bed002.segment.1,312)"/>
         <nite:child href="Bed002.B.segs.xml#id(Bed002.segment.1,311)"/>
         <nite:child href="Bed002.C.segs.xml#id(Bed002.segment.1,313)..id(Bed002.segment.1,317)"/>
         <nite:child href="Bed002.E.segs.xml#id(Bed002.segment.1,318)"/>
         <nite:child href="Bed002.C.segs.xml#id(Bed002.segment.1,319)"/>
         <nite:child href="Bed002.E.segs.xml#id(Bed002.segment.1,320)"/>
         <nite:child href="Bed002.C.segs.xml#id(Bed002.segment.1,321)"/>
         <nite:child href="Bed002.F.segs.xml#id(Bed002.segment.1,322)"/>
         <nite:child href="Bed002.B.segs.xml#id(Bed002.segment.1,324)"/>
         <nite:child href="Bed002.C.segs.xml#id(Bed002.segment.1,323)"/>
         <nite:child href="Bed002.B.segs.xml#id(Bed002.segment.1,325)"/>
         <nite:child href="Bed002.E.segs.xml#id(Bed002.segment.1,326)"/>
         <nite:child href="Bed002.B.segs.xml#id(Bed002.segment.1,327)"/>
         <nite:child href="Bed002.C.segs.xml#id(Bed002.segment.1,328)..id(Bed002.segment.1,330)"/>
         <nite:child href="Bed002.B.segs.xml#id(Bed002.segment.1,331)..id(Bed002.segment.1,332)"/>
         <nite:child href="Bed002.C.segs.xml#id(Bed002.segment.1,333)"/>
         <nite:child href="Bed002.B.segs.xml#id(Bed002.segment.1,334)..id(Bed002.segment.1,339)"/>
         <nite:child href="Bed002.F.segs.xml#id(Bed002.segment.1,340)"/>
         <nite:child href="Bed002.B.segs.xml#id(Bed002.segment.1,341)..id(Bed002.segment.1,342)"/>
         <nite:child href="Bed002.E.segs.xml#id(Bed002.segment.1,343)"/>
         <nite:child href="Bed002.B.segs.xml#id(Bed002.segment.1,344)..id(Bed002.segment.1,346)"/>
         <nite:child href="Bed002.F.segs.xml#id(Bed002.segment.1,347)"/>
         <nite:child href="Bed002.B.segs.xml#id(Bed002.segment.1,348)"/>
         <nite:child href="Bed002.C.segs.xml#id(Bed002.segment.1,349)"/>
         <nite:child href="Bed002.E.segs.xml#id(Bed002.segment.1,350)"/>
         <nite:child href="Bed002.C.segs.xml#id(Bed002.segment.1,351)"/>
         <nite:child href="Bed002.B.segs.xml#id(Bed002.segment.1,352)"/>
         <nite:child href="Bed002.C.segs.xml#id(Bed002.segment.1,353)"/>
         <nite:child href="Bed002.B.segs.xml#id(Bed002.segment.1,354)..id(Bed002.segment.1,355)"/>
         <nite:child href="Bed002.C.segs.xml#id(Bed002.segment.1,356)..id(Bed002.segment.1,360)"/>
         <nite:child href="Bed002.F.segs.xml#id(Bed002.segment.1,361)"/>
         <nite:child href="Bed002.C.segs.xml#id(Bed002.segment.1,362)..id(Bed002.segment.1,364)"/>
         <nite:child href="Bed002.B.segs.xml#id(Bed002.segment.1,365)"/>
      </topic>
      <topic nite:id="Bed002.topic.6" description="Timeframe planning">
         <nite:child href="Bed002.E.segs.xml#id(Bed002.segment.1,366)..id(Bed002.segment.1,367)"/>
         <nite:child href="Bed002.B.segs.xml#id(Bed002.segment.1,368)"/>
         <nite:child href="Bed002.C.segs.xml#id(Bed002.segment.1,369)"/>
         <nite:child href="Bed002.B.segs.xml#id(Bed002.segment.1,370)"/>
         <nite:child href="Bed002.C.segs.xml#id(Bed002.segment.1,371)..id(Bed002.segment.1,372)"/>
         <nite:child href="Bed002.D.segs.xml#id(Bed002.segment.1,373)"/>
         <nite:child href="Bed002.C.segs.xml#id(Bed002.segment.1,374)"/>
         <nite:child href="Bed002.D.segs.xml#id(Bed002.segment.1,375)"/>
         <nite:child href="Bed002.B.segs.xml#id(Bed002.segment.1,376)"/>
         <nite:child href="Bed002.F.segs.xml#id(Bed002.segment.1,377)"/>
         <nite:child href="Bed002.C.segs.xml#id(Bed002.segment.1,378)..id(Bed002.segment.1,386)"/>
         <nite:child href="Bed002.B.segs.xml#id(Bed002.segment.1,387)..id(Bed002.segment.1,388)"/>
         <nite:child href="Bed002.D.segs.xml#id(Bed002.segment.1,389)"/>
         <nite:child href="Bed002.E.segs.xml#id(Bed002.segment.1,390)"/>
         <nite:child href="Bed002.C.segs.xml#id(Bed002.segment.1,391)"/>
         <nite:child href="Bed002.E.segs.xml#id(Bed002.segment.1,392)"/>
         <nite:child href="Bed002.B.segs.xml#id(Bed002.segment.1,393)"/>
         <nite:child href="Bed002.C.segs.xml#id(Bed002.segment.1,394)..id(Bed002.segment.1,395)"/>
         <nite:child href="Bed002.B.segs.xml#id(Bed002.segment.1,396)"/>
         <nite:child href="Bed002.C.segs.xml#id(Bed002.segment.1,397)"/>
         <nite:child href="Bed002.F.segs.xml#id(Bed002.segment.1,398)"/>
         <nite:child href="Bed002.B.segs.xml#id(Bed002.segment.1,399)..id(Bed002.segment.1,400)"/>
         <nite:child href="Bed002.F.segs.xml#id(Bed002.segment.1,401)"/>
         <nite:child href="Bed002.B.segs.xml#id(Bed002.segment.1,402)..id(Bed002.segment.1,403)"/>
      </topic>
      <topic nite:id="Bed002.topic.4" description="Belief nets">
         <nite:child href="Bed002.C.segs.xml#id(Bed002.segment.1,404)..id(Bed002.segment.1,409)"/>
         <nite:child href="Bed002.E.segs.xml#id(Bed002.segment.1,410)"/>
         <nite:child href="Bed002.C.segs.xml#id(Bed002.segment.1,411)"/>
         <nite:child href="Bed002.F.segs.xml#id(Bed002.segment.1,412)"/>
         <nite:child href="Bed002.E.segs.xml#id(Bed002.segment.1,413)"/>
         <nite:child href="Bed002.C.segs.xml#id(Bed002.segment.1,414)..id(Bed002.segment.1,415)"/>
         <nite:child href="Bed002.E.segs.xml#id(Bed002.segment.1,416)"/>
         <nite:child href="Bed002.B.segs.xml#id(Bed002.segment.1,417)"/>
         <nite:child href="Bed002.C.segs.xml#id(Bed002.segment.1,418)"/>
         <nite:child href="Bed002.E.segs.xml#id(Bed002.segment.1,419)"/>
         <nite:child href="Bed002.C.segs.xml#id(Bed002.segment.1,420)"/>
         <nite:child href="Bed002.E.segs.xml#id(Bed002.segment.1,421)..id(Bed002.segment.1,422)"/>
         <nite:child href="Bed002.C.segs.xml#id(Bed002.segment.1,423)"/>
         <nite:child href="Bed002.B.segs.xml#id(Bed002.segment.1,424)"/>
         <nite:child href="Bed002.C.segs.xml#id(Bed002.segment.1,425)..id(Bed002.segment.1,426)"/>
         <nite:child href="Bed002.E.segs.xml#id(Bed002.segment.1,427)..id(Bed002.segment.1,428)"/>
         <nite:child href="Bed002.C.segs.xml#id(Bed002.segment.1,429)..id(Bed002.segment.1,431)"/>
         <nite:child href="Bed002.E.segs.xml#id(Bed002.segment.1,432)"/>
         <nite:child href="Bed002.C.segs.xml#id(Bed002.segment.1,433)..id(Bed002.segment.1,435)"/>
         <nite:child href="Bed002.E.segs.xml#id(Bed002.segment.1,436)"/>
         <nite:child href="Bed002.F.segs.xml#id(Bed002.segment.1,437)..id(Bed002.segment.1,439)"/>
         <nite:child href="Bed002.C.segs.xml#id(Bed002.segment.1,440)"/>
         <nite:child href="Bed002.E.segs.xml#id(Bed002.segment.1,441)..id(Bed002.segment.1,442)"/>
         <nite:child href="Bed002.B.segs.xml#id(Bed002.segment.1,443)"/>
         <topic nite:id="Bed002.topic.5" description="Data file transfer">
            <nite:child href="Bed002.B.segs.xml#id(Bed002.segment.1,444)..id(Bed002.segment.1,445)"/>
            <nite:child href="Bed002.E.segs.xml#id(Bed002.segment.1,446)..id(Bed002.segment.1,447)"/>
            <nite:child href="Bed002.B.segs.xml#id(Bed002.segment.1,448)..id(Bed002.segment.1,451)"/>
            <nite:child href="Bed002.E.segs.xml#id(Bed002.segment.1,452)"/>
            <nite:child href="Bed002.B.segs.xml#id(Bed002.segment.1,453)"/>
            <nite:child href="Bed002.D.segs.xml#id(Bed002.segment.1,454)..id(Bed002.segment.1,455)"/>
            <nite:child href="Bed002.F.segs.xml#id(Bed002.segment.1,456)"/>
            <nite:child href="Bed002.C.segs.xml#id(Bed002.segment.1,457)"/>
            <nite:child href="Bed002.D.segs.xml#id(Bed002.segment.1,458)"/>
            <nite:child href="Bed002.B.segs.xml#id(Bed002.segment.1,459)..id(Bed002.segment.1,465)"/>
            <nite:child href="Bed002.C.segs.xml#id(Bed002.segment.1,466)"/>
            <nite:child href="Bed002.B.segs.xml#id(Bed002.segment.1,467)"/>
            <nite:child href="Bed002.C.segs.xml#id(Bed002.segment.1,468)"/>
         </topic>
         <nite:child href="Bed002.C.segs.xml#id(Bed002.segment.1,469)..id(Bed002.segment.1,474)"/>
         <nite:child href="Bed002.E.segs.xml#id(Bed002.segment.1,475)..id(Bed002.segment.1,476)"/>
         <nite:child href="Bed002.C.segs.xml#id(Bed002.segment.1,477)..id(Bed002.segment.1,479)"/>
         <nite:child href="Bed002.E.segs.xml#id(Bed002.segment.1,480)"/>
         <nite:child href="Bed002.C.segs.xml#id(Bed002.segment.1,481)..id(Bed002.segment.1,485)"/>
         <nite:child href="Bed002.B.segs.xml#id(Bed002.segment.1,486)"/>
         <nite:child href="Bed002.E.segs.xml#id(Bed002.segment.1,487)"/>
         <nite:child href="Bed002.B.segs.xml#id(Bed002.segment.1,488)..id(Bed002.segment.1,490)"/>
         <nite:child href="Bed002.D.segs.xml#id(Bed002.segment.1,491)"/>
         <nite:child href="Bed002.F.segs.xml#id(Bed002.segment.1,492)"/>
         <nite:child href="Bed002.E.segs.xml#id(Bed002.segment.1,493)"/>
         <nite:child href="Bed002.B.segs.xml#id(Bed002.segment.1,494)..id(Bed002.segment.1,498)"/>
         <nite:child href="Bed002.E.segs.xml#id(Bed002.segment.1,499)"/>
         <nite:child href="Bed002.B.segs.xml#id(Bed002.segment.1,500)..id(Bed002.segment.1,512)"/>
         <nite:child href="Bed002.F.segs.xml#id(Bed002.segment.1,513)"/>
         <nite:child href="Bed002.D.segs.xml#id(Bed002.segment.1,514)"/>
         <nite:child href="Bed002.F.segs.xml#id(Bed002.segment.1,515)"/>
         <nite:child href="Bed002.B.segs.xml#id(Bed002.segment.1,516)..id(Bed002.segment.1,520)"/>
         <nite:child href="Bed002.D.segs.xml#id(Bed002.segment.1,521)..id(Bed002.segment.1,522)"/>
         <nite:child href="Bed002.B.segs.xml#id(Bed002.segment.1,523)..id(Bed002.segment.1,526)"/>
         <nite:child href="Bed002.D.segs.xml#id(Bed002.segment.1,527)..id(Bed002.segment.1,528)"/>
         <nite:child href="Bed002.B.segs.xml#id(Bed002.segment.1,529)..id(Bed002.segment.1,534)"/>
         <nite:child href="Bed002.C.segs.xml#id(Bed002.segment.1,535)"/>
         <nite:child href="Bed002.B.segs.xml#id(Bed002.segment.1,536)"/>
         <nite:child href="Bed002.D.segs.xml#id(Bed002.segment.1,537)"/>
         <nite:child href="Bed002.B.segs.xml#id(Bed002.segment.1,538)..id(Bed002.segment.1,539)"/>
         <nite:child href="Bed002.E.segs.xml#id(Bed002.segment.1,540)"/>
         <nite:child href="Bed002.F.segs.xml#id(Bed002.segment.1,541)"/>
         <nite:child href="Bed002.D.segs.xml#id(Bed002.segment.1,542)"/>
         <nite:child href="Bed002.C.segs.xml#id(Bed002.segment.1,544)"/>
         <nite:child href="Bed002.E.segs.xml#id(Bed002.segment.1,545)"/>
         <nite:child href="Bed002.B.segs.xml#id(Bed002.segment.1,546)"/>
         <nite:child href="Bed002.C.segs.xml#id(Bed002.segment.1,547)..id(Bed002.segment.1,548)"/>
         <nite:child href="Bed002.F.segs.xml#id(Bed002.segment.1,549)"/>
      </topic>
   </topic>
   <topic nite:id="Bed002.topic.3" description="chitchat">
      <nite:child href="Bed002.E.segs.xml#id(Bed002.segment.1,550)"/>
      <nite:child href="Bed002.D.segs.xml#id(Bed002.segment.1,551)"/>
      <nite:child href="Bed002.B.segs.xml#id(Bed002.segment.1,552)"/>
      <nite:child href="Bed002.E.segs.xml#id(Bed002.segment.1,553)"/>
      <nite:child href="Bed002.D.segs.xml#id(Bed002.segment.1,554)"/>
      <nite:child href="Bed002.E.segs.xml#id(Bed002.segment.1,555)"/>
      <nite:child href="Bed002.B.segs.xml#id(Bed002.segment.1,556)"/>
      <nite:child href="Bed002.D.segs.xml#id(Bed002.segment.1,557)..id(Bed002.segment.1,560)"/>
      <nite:child href="Bed002.C.segs.xml#id(Bed002.segment.1,561)"/>
      <nite:child href="Bed002.D.segs.xml#id(Bed002.segment.1,562)..id(Bed002.segment.1,563)"/>
      <nite:child href="Bed002.B.segs.xml#id(Bed002.segment.1,564)..id(Bed002.segment.1,565)"/>
      <nite:child href="Bed002.D.segs.xml#id(Bed002.segment.1,566)..id(Bed002.segment.1,567)"/>
      <nite:child href="Bed002.B.segs.xml#id(Bed002.segment.1,568)..id(Bed002.segment.1,569)"/>
      <nite:child href="Bed002.D.segs.xml#id(Bed002.segment.1,570)"/>
      <nite:child href="Bed002.F.segs.xml#id(Bed002.segment.1,571)"/>
      <nite:child href="Bed002.D.segs.xml#id(Bed002.segment.1,572)"/>
      <nite:child href="Bed002.B.segs.xml#id(Bed002.segment.1,573)"/>
      <nite:child href="Bed002.D.segs.xml#id(Bed002.segment.1,574)"/>
      <nite:child href="Bed002.E.segs.xml#id(Bed002.segment.1,575)"/>
      <nite:child href="Bed002.F.segs.xml#id(Bed002.segment.1,576)"/>
      <nite:child href="Bed002.B.segs.xml#id(Bed002.segment.1,577)"/>
      <nite:child href="Bed002.F.segs.xml#id(Bed002.segment.1,578)"/>
      <nite:child href="Bed002.B.segs.xml#id(Bed002.segment.1,579)"/>
      <nite:child href="Bed002.C.segs.xml#id(Bed002.segment.1,580)"/>
      <nite:child href="Bed002.E.segs.xml#id(Bed002.segment.1,581)"/>
      <nite:child href="Bed002.B.segs.xml#id(Bed002.segment.1,582)"/>
      <nite:child href="Bed002.C.segs.xml#id(Bed002.segment.1,583)..id(Bed002.segment.1,584)"/>
      <nite:child href="Bed002.E.segs.xml#id(Bed002.segment.1,585)"/>
      <nite:child href="Bed002.C.segs.xml#id(Bed002.segment.1,586)"/>
      <nite:child href="Bed002.B.segs.xml#id(Bed002.segment.1,587)"/>
      <nite:child href="Bed002.C.segs.xml#id(Bed002.segment.1,588)"/>
      <nite:child href="Bed002.B.segs.xml#id(Bed002.segment.1,589)"/>
      <nite:child href="Bed002.C.segs.xml#id(Bed002.segment.1,591)"/>
      <nite:child href="Bed002.E.segs.xml#id(Bed002.segment.1,590)"/>
      <nite:child href="Bed002.B.segs.xml#id(Bed002.segment.1,592)"/>
      <nite:child href="Bed002.E.segs.xml#id(Bed002.segment.1,593)"/>
      <nite:child href="Bed002.B.segs.xml#id(Bed002.segment.1,594)"/>
      <nite:child href="Bed002.E.segs.xml#id(Bed002.segment.1,595)"/>
      <nite:child href="Bed002.F.segs.xml#id(Bed002.segment.1,596)"/>
      <nite:child href="Bed002.E.segs.xml#id(Bed002.segment.1,597)"/>
      <nite:child href="Bed002.B.segs.xml#id(Bed002.segment.1,598)"/>
      <nite:child href="Bed002.D.segs.xml#id(Bed002.segment.1,599)..id(Bed002.segment.1,600)"/>
      <nite:child href="Bed002.E.segs.xml#id(Bed002.segment.1,601)"/>
      <nite:child href="Bed002.B.segs.xml#id(Bed002.segment.1,602)"/>
   </topic>
</nite:root>