<?xml version="1.0" encoding="ISO-8859-1" standalone="yes"?>
<nite:root nite:id="Bed005.topic" xmlns:nite="http://nite.sourceforge.net/">
   <topic nite:id="Bed005.topic.1" description="Preliminaries">
      <nite:child href="Bed005.A.segs.xml#id(Bed005.segment.1)"/>
      <nite:child href="Bed005.C.segs.xml#id(Bed005.segment.2)"/>
      <nite:child href="Bed005.E.segs.xml#id(Bed005.segment.3)"/>
      <nite:child href="Bed005.C.segs.xml#id(Bed005.segment.4)"/>
      <nite:child href="Bed005.A.segs.xml#id(Bed005.segment.5)"/>
      <nite:child href="Bed005.C.segs.xml#id(Bed005.segment.6)..id(Bed005.segment.8)"/>
      <nite:child href="Bed005.A.segs.xml#id(Bed005.segment.7)"/>
      <topic nite:id="Bed005.topic.5" description="Digit task">
         <nite:child href="Bed005.A.segs.xml#id(Bed005.segment.10)"/>
         <nite:child href="Bed005.E.segs.xml#id(Bed005.segment.11)"/>
         <nite:child href="Bed005.C.segs.xml#id(Bed005.segment.12)"/>
         <nite:child href="Bed005.A.segs.xml#id(Bed005.segment.13)"/>
         <nite:child href="Bed005.E.segs.xml#id(Bed005.segment.14)"/>
         <nite:child href="Bed005.A.segs.xml#id(Bed005.segment.15)..id(Bed005.segment.16)"/>
         <nite:child href="Bed005.C.segs.xml#id(Bed005.segment.17)..id(Bed005.segment.18)"/>
         <nite:child href="Bed005.A.segs.xml#id(Bed005.segment.19)"/>
         <nite:child href="Bed005.C.segs.xml#id(Bed005.segment.20)"/>
         <nite:child href="Bed005.A.segs.xml#id(Bed005.segment.21)"/>
         <nite:child href="Bed005.E.segs.xml#id(Bed005.segment.22)..id(Bed005.segment.23)"/>
         <nite:child href="Bed005.A.segs.xml#id(Bed005.segment.24)..id(Bed005.segment.25)"/>
      </topic>
      <nite:child href="Bed005.B.segs.xml#id(Bed005.segment.26)"/>
      <nite:child href="Bed005.A.segs.xml#id(Bed005.segment.27)"/>
      <nite:child href="Bed005.F.segs.xml#id(Bed005.segment.28)"/>
      <topic nite:id="Bed005.topic.6" description="Digit task">
         <nite:child href="Bed005.F.segs.xml#id(Bed005.segment.29)..id(Bed005.segment.30)"/>
         <nite:child href="Bed005.C.segs.xml#id(Bed005.segment.31)..id(Bed005.segment.32)"/>
         <nite:child href="Bed005.F.segs.xml#id(Bed005.segment.33)"/>
         <nite:child href="Bed005.E.segs.xml#id(Bed005.segment.34)"/>
         <nite:child href="Bed005.F.segs.xml#id(Bed005.segment.35)..id(Bed005.segment.36)"/>
         <nite:child href="Bed005.C.segs.xml#id(Bed005.segment.37)"/>
         <nite:child href="Bed005.F.segs.xml#id(Bed005.segment.38)"/>
         <nite:child href="Bed005.E.segs.xml#id(Bed005.segment.39)..id(Bed005.segment.40)"/>
         <nite:child href="Bed005.F.segs.xml#id(Bed005.segment.41)"/>
         <nite:child href="Bed005.E.segs.xml#id(Bed005.segment.42)"/>
         <nite:child href="Bed005.F.segs.xml#id(Bed005.segment.43)"/>
      </topic>
      <nite:child href="Bed005.B.segs.xml#id(Bed005.segment.45)"/>
      <nite:child href="Bed005.A.segs.xml#id(Bed005.segment.46)"/>
      <nite:child href="Bed005.E.segs.xml#id(Bed005.segment.47)"/>
      <nite:child href="Bed005.B.segs.xml#id(Bed005.segment.48)"/>
      <nite:child href="Bed005.F.segs.xml#id(Bed005.segment.49)"/>
      <nite:child href="Bed005.C.segs.xml#id(Bed005.segment.50)..id(Bed005.segment.51)"/>
      <nite:child href="Bed005.D.segs.xml#id(Bed005.segment.52)"/>
      <nite:child href="Bed005.B.segs.xml#id(Bed005.segment.53)"/>
      <topic nite:id="Bed005.topic.7" description="Data collection">
         <nite:child href="Bed005.B.segs.xml#id(Bed005.segment.54)..id(Bed005.segment.55)"/>
         <nite:child href="Bed005.F.segs.xml#id(Bed005.segment.56)"/>
         <nite:child href="Bed005.C.segs.xml#id(Bed005.segment.57)"/>
         <nite:child href="Bed005.B.segs.xml#id(Bed005.segment.58)"/>
         <nite:child href="Bed005.F.segs.xml#id(Bed005.segment.59)"/>
         <nite:child href="Bed005.B.segs.xml#id(Bed005.segment.60)..id(Bed005.segment.64)"/>
         <nite:child href="Bed005.E.segs.xml#id(Bed005.segment.65)"/>
         <nite:child href="Bed005.B.segs.xml#id(Bed005.segment.66)..id(Bed005.segment.67)"/>
         <nite:child href="Bed005.E.segs.xml#id(Bed005.segment.68)"/>
         <nite:child href="Bed005.B.segs.xml#id(Bed005.segment.69)..id(Bed005.segment.70)"/>
         <nite:child href="Bed005.C.segs.xml#id(Bed005.segment.71)"/>
         <nite:child href="Bed005.B.segs.xml#id(Bed005.segment.72)..id(Bed005.segment.73)"/>
         <nite:child href="Bed005.E.segs.xml#id(Bed005.segment.74)"/>
         <nite:child href="Bed005.B.segs.xml#id(Bed005.segment.75)..id(Bed005.segment.77)"/>
         <nite:child href="Bed005.D.segs.xml#id(Bed005.segment.78)"/>
         <nite:child href="Bed005.E.segs.xml#id(Bed005.segment.79)"/>
         <nite:child href="Bed005.B.segs.xml#id(Bed005.segment.80)..id(Bed005.segment.83)"/>
         <nite:child href="Bed005.C.segs.xml#id(Bed005.segment.84)..id(Bed005.segment.85)"/>
         <nite:child href="Bed005.B.segs.xml#id(Bed005.segment.86)..id(Bed005.segment.87)"/>
         <nite:child href="Bed005.C.segs.xml#id(Bed005.segment.88)"/>
         <nite:child href="Bed005.B.segs.xml#id(Bed005.segment.90)..id(Bed005.segment.91)"/>
         <nite:child href="Bed005.C.segs.xml#id(Bed005.segment.92)..id(Bed005.segment.99)"/>
         <nite:child href="Bed005.B.segs.xml#id(Bed005.segment.100)"/>
         <nite:child href="Bed005.C.segs.xml#id(Bed005.segment.101)..id(Bed005.segment.103)"/>
         <nite:child href="Bed005.B.segs.xml#id(Bed005.segment.104)"/>
         <nite:child href="Bed005.E.segs.xml#id(Bed005.segment.105)"/>
         <nite:child href="Bed005.C.segs.xml#id(Bed005.segment.106)..id(Bed005.segment.108)"/>
         <nite:child href="Bed005.B.segs.xml#id(Bed005.segment.109)"/>
         <nite:child href="Bed005.C.segs.xml#id(Bed005.segment.110)..id(Bed005.segment.111)"/>
         <nite:child href="Bed005.B.segs.xml#id(Bed005.segment.112)..id(Bed005.segment.113)"/>
         <nite:child href="Bed005.C.segs.xml#id(Bed005.segment.114)"/>
         <nite:child href="Bed005.B.segs.xml#id(Bed005.segment.115)"/>
         <nite:child href="Bed005.C.segs.xml#id(Bed005.segment.116)"/>
         <nite:child href="Bed005.B.segs.xml#id(Bed005.segment.117)..id(Bed005.segment.118)"/>
         <nite:child href="Bed005.C.segs.xml#id(Bed005.segment.119)"/>
         <nite:child href="Bed005.B.segs.xml#id(Bed005.segment.120)..id(Bed005.segment.126)"/>
         <nite:child href="Bed005.C.segs.xml#id(Bed005.segment.127)"/>
         <nite:child href="Bed005.B.segs.xml#id(Bed005.segment.128)..id(Bed005.segment.130)"/>
         <nite:child href="Bed005.C.segs.xml#id(Bed005.segment.131)"/>
         <nite:child href="Bed005.B.segs.xml#id(Bed005.segment.132)"/>
         <nite:child href="Bed005.C.segs.xml#id(Bed005.segment.133)"/>
         <nite:child href="Bed005.B.segs.xml#id(Bed005.segment.134)..id(Bed005.segment.139)"/>
         <nite:child href="Bed005.C.segs.xml#id(Bed005.segment.140)"/>
         <nite:child href="Bed005.B.segs.xml#id(Bed005.segment.141)..id(Bed005.segment.142)"/>
         <nite:child href="Bed005.C.segs.xml#id(Bed005.segment.143)..id(Bed005.segment.152)"/>
      </topic>
   </topic>
   <topic nite:id="Bed005.topic.8" description="Parsing and implimentation">
      <topic nite:id="Bed005.topic.12" description="Parsing and example sentences">
         <nite:child href="Bed005.C.segs.xml#id(Bed005.segment.153)"/>
         <nite:child href="Bed005.B.segs.xml#id(Bed005.segment.154)"/>
         <nite:child href="Bed005.C.segs.xml#id(Bed005.segment.155)"/>
         <nite:child href="Bed005.E.segs.xml#id(Bed005.segment.156)"/>
         <nite:child href="Bed005.C.segs.xml#id(Bed005.segment.157)..id(Bed005.segment.160)"/>
         <nite:child href="Bed005.E.segs.xml#id(Bed005.segment.161)"/>
         <nite:child href="Bed005.D.segs.xml#id(Bed005.segment.162)"/>
         <nite:child href="Bed005.C.segs.xml#id(Bed005.segment.163)..id(Bed005.segment.164)"/>
         <nite:child href="Bed005.D.segs.xml#id(Bed005.segment.165)"/>
         <nite:child href="Bed005.C.segs.xml#id(Bed005.segment.166)"/>
         <nite:child href="Bed005.E.segs.xml#id(Bed005.segment.167)"/>
         <nite:child href="Bed005.B.segs.xml#id(Bed005.segment.168)"/>
         <nite:child href="Bed005.D.segs.xml#id(Bed005.segment.169)"/>
         <nite:child href="Bed005.C.segs.xml#id(Bed005.segment.170)"/>
         <nite:child href="Bed005.A.segs.xml#id(Bed005.segment.171)"/>
         <nite:child href="Bed005.F.segs.xml#id(Bed005.segment.172)"/>
         <nite:child href="Bed005.C.segs.xml#id(Bed005.segment.173)"/>
         <nite:child href="Bed005.B.segs.xml#id(Bed005.segment.174)"/>
         <nite:child href="Bed005.D.segs.xml#id(Bed005.segment.175)"/>
         <nite:child href="Bed005.B.segs.xml#id(Bed005.segment.176)"/>
         <nite:child href="Bed005.E.segs.xml#id(Bed005.segment.177)"/>
         <nite:child href="Bed005.C.segs.xml#id(Bed005.segment.178)"/>
         <nite:child href="Bed005.E.segs.xml#id(Bed005.segment.179)"/>
         <nite:child href="Bed005.C.segs.xml#id(Bed005.segment.180)"/>
         <nite:child href="Bed005.D.segs.xml#id(Bed005.segment.181)"/>
         <nite:child href="Bed005.E.segs.xml#id(Bed005.segment.182)"/>
         <nite:child href="Bed005.B.segs.xml#id(Bed005.segment.183)"/>
         <nite:child href="Bed005.C.segs.xml#id(Bed005.segment.184)..id(Bed005.segment.185)"/>
         <nite:child href="Bed005.B.segs.xml#id(Bed005.segment.186)"/>
         <nite:child href="Bed005.E.segs.xml#id(Bed005.segment.187)"/>
         <nite:child href="Bed005.C.segs.xml#id(Bed005.segment.188)..id(Bed005.segment.190)"/>
         <nite:child href="Bed005.E.segs.xml#id(Bed005.segment.189)..id(Bed005.segment.191)"/>
         <nite:child href="Bed005.C.segs.xml#id(Bed005.segment.192)..id(Bed005.segment.193)"/>
         <nite:child href="Bed005.E.segs.xml#id(Bed005.segment.194)"/>
         <nite:child href="Bed005.C.segs.xml#id(Bed005.segment.195)"/>
         <nite:child href="Bed005.D.segs.xml#id(Bed005.segment.196)"/>
         <nite:child href="Bed005.A.segs.xml#id(Bed005.segment.197)"/>
         <nite:child href="Bed005.C.segs.xml#id(Bed005.segment.198)"/>
         <nite:child href="Bed005.E.segs.xml#id(Bed005.segment.199)"/>
         <nite:child href="Bed005.C.segs.xml#id(Bed005.segment.200)"/>
         <nite:child href="Bed005.E.segs.xml#id(Bed005.segment.201)"/>
         <nite:child href="Bed005.D.segs.xml#id(Bed005.segment.202)"/>
         <nite:child href="Bed005.C.segs.xml#id(Bed005.segment.203)"/>
         <nite:child href="Bed005.E.segs.xml#id(Bed005.segment.204)"/>
         <nite:child href="Bed005.C.segs.xml#id(Bed005.segment.205)"/>
         <nite:child href="Bed005.E.segs.xml#id(Bed005.segment.206)"/>
         <nite:child href="Bed005.C.segs.xml#id(Bed005.segment.207)..id(Bed005.segment.208)"/>
         <nite:child href="Bed005.E.segs.xml#id(Bed005.segment.209)"/>
         <nite:child href="Bed005.C.segs.xml#id(Bed005.segment.210)"/>
         <nite:child href="Bed005.E.segs.xml#id(Bed005.segment.211)"/>
         <nite:child href="Bed005.C.segs.xml#id(Bed005.segment.212)"/>
         <nite:child href="Bed005.B.segs.xml#id(Bed005.segment.213)"/>
         <nite:child href="Bed005.E.segs.xml#id(Bed005.segment.214)"/>
         <nite:child href="Bed005.C.segs.xml#id(Bed005.segment.216)"/>
         <nite:child href="Bed005.E.segs.xml#id(Bed005.segment.215)"/>
         <nite:child href="Bed005.C.segs.xml#id(Bed005.segment.217)"/>
         <nite:child href="Bed005.E.segs.xml#id(Bed005.segment.218)"/>
         <nite:child href="Bed005.C.segs.xml#id(Bed005.segment.219)..id(Bed005.segment.222)"/>
         <nite:child href="Bed005.B.segs.xml#id(Bed005.segment.223)"/>
         <nite:child href="Bed005.E.segs.xml#id(Bed005.segment.224)"/>
         <nite:child href="Bed005.C.segs.xml#id(Bed005.segment.225)..id(Bed005.segment.226)"/>
         <nite:child href="Bed005.B.segs.xml#id(Bed005.segment.227)"/>
         <nite:child href="Bed005.C.segs.xml#id(Bed005.segment.228)"/>
         <nite:child href="Bed005.D.segs.xml#id(Bed005.segment.229)"/>
         <nite:child href="Bed005.E.segs.xml#id(Bed005.segment.230)"/>
         <nite:child href="Bed005.C.segs.xml#id(Bed005.segment.231)..id(Bed005.segment.232)"/>
         <nite:child href="Bed005.E.segs.xml#id(Bed005.segment.233)"/>
         <nite:child href="Bed005.C.segs.xml#id(Bed005.segment.234)"/>
         <nite:child href="Bed005.B.segs.xml#id(Bed005.segment.235)"/>
         <nite:child href="Bed005.C.segs.xml#id(Bed005.segment.236)"/>
         <nite:child href="Bed005.B.segs.xml#id(Bed005.segment.237)..id(Bed005.segment.240)"/>
         <nite:child href="Bed005.D.segs.xml#id(Bed005.segment.241)"/>
         <nite:child href="Bed005.B.segs.xml#id(Bed005.segment.242)"/>
         <nite:child href="Bed005.D.segs.xml#id(Bed005.segment.243)"/>
         <nite:child href="Bed005.C.segs.xml#id(Bed005.segment.244)"/>
         <nite:child href="Bed005.B.segs.xml#id(Bed005.segment.245)"/>
         <nite:child href="Bed005.C.segs.xml#id(Bed005.segment.247)"/>
         <nite:child href="Bed005.B.segs.xml#id(Bed005.segment.246)"/>
         <nite:child href="Bed005.C.segs.xml#id(Bed005.segment.248)"/>
         <nite:child href="Bed005.D.segs.xml#id(Bed005.segment.249)"/>
         <nite:child href="Bed005.B.segs.xml#id(Bed005.segment.250)"/>
         <nite:child href="Bed005.E.segs.xml#id(Bed005.segment.251)"/>
         <nite:child href="Bed005.B.segs.xml#id(Bed005.segment.252)"/>
         <nite:child href="Bed005.C.segs.xml#id(Bed005.segment.253)"/>
         <nite:child href="Bed005.F.segs.xml#id(Bed005.segment.254)"/>
         <nite:child href="Bed005.B.segs.xml#id(Bed005.segment.255)"/>
         <nite:child href="Bed005.C.segs.xml#id(Bed005.segment.256)"/>
         <nite:child href="Bed005.E.segs.xml#id(Bed005.segment.257)"/>
         <nite:child href="Bed005.C.segs.xml#id(Bed005.segment.258)"/>
         <nite:child href="Bed005.D.segs.xml#id(Bed005.segment.259)"/>
         <nite:child href="Bed005.C.segs.xml#id(Bed005.segment.260)"/>
         <nite:child href="Bed005.D.segs.xml#id(Bed005.segment.261)"/>
         <nite:child href="Bed005.C.segs.xml#id(Bed005.segment.262)"/>
         <nite:child href="Bed005.E.segs.xml#id(Bed005.segment.263)..id(Bed005.segment.264)"/>
         <nite:child href="Bed005.D.segs.xml#id(Bed005.segment.265)"/>
         <nite:child href="Bed005.F.segs.xml#id(Bed005.segment.266)"/>
         <nite:child href="Bed005.E.segs.xml#id(Bed005.segment.267)"/>
         <nite:child href="Bed005.D.segs.xml#id(Bed005.segment.268)"/>
         <nite:child href="Bed005.C.segs.xml#id(Bed005.segment.269)"/>
         <nite:child href="Bed005.D.segs.xml#id(Bed005.segment.270)"/>
         <nite:child href="Bed005.B.segs.xml#id(Bed005.segment.271)"/>
         <nite:child href="Bed005.A.segs.xml#id(Bed005.segment.272)"/>
         <nite:child href="Bed005.B.segs.xml#id(Bed005.segment.273)"/>
         <nite:child href="Bed005.C.segs.xml#id(Bed005.segment.274)..id(Bed005.segment.275)"/>
         <nite:child href="Bed005.B.segs.xml#id(Bed005.segment.276)"/>
         <nite:child href="Bed005.C.segs.xml#id(Bed005.segment.277)..id(Bed005.segment.285)"/>
         <nite:child href="Bed005.D.segs.xml#id(Bed005.segment.286)"/>
         <nite:child href="Bed005.C.segs.xml#id(Bed005.segment.287)..id(Bed005.segment.288)"/>
         <nite:child href="Bed005.B.segs.xml#id(Bed005.segment.290)"/>
         <nite:child href="Bed005.E.segs.xml#id(Bed005.segment.289)"/>
         <nite:child href="Bed005.C.segs.xml#id(Bed005.segment.291)..id(Bed005.segment.293)"/>
         <nite:child href="Bed005.D.segs.xml#id(Bed005.segment.294)..id(Bed005.segment.298)"/>
         <nite:child href="Bed005.C.segs.xml#id(Bed005.segment.299)"/>
         <nite:child href="Bed005.E.segs.xml#id(Bed005.segment.300)"/>
         <nite:child href="Bed005.B.segs.xml#id(Bed005.segment.301)"/>
         <nite:child href="Bed005.C.segs.xml#id(Bed005.segment.302)..id(Bed005.segment.303)"/>
         <nite:child href="Bed005.D.segs.xml#id(Bed005.segment.304)"/>
         <nite:child href="Bed005.C.segs.xml#id(Bed005.segment.305)..id(Bed005.segment.310)"/>
         <nite:child href="Bed005.E.segs.xml#id(Bed005.segment.311)..id(Bed005.segment.312)"/>
         <nite:child href="Bed005.B.segs.xml#id(Bed005.segment.313)"/>
         <nite:child href="Bed005.D.segs.xml#id(Bed005.segment.314)"/>
         <nite:child href="Bed005.B.segs.xml#id(Bed005.segment.315)"/>
         <nite:child href="Bed005.D.segs.xml#id(Bed005.segment.316)"/>
         <nite:child href="Bed005.A.segs.xml#id(Bed005.segment.317)"/>
         <nite:child href="Bed005.C.segs.xml#id(Bed005.segment.318)"/>
         <nite:child href="Bed005.E.segs.xml#id(Bed005.segment.319)"/>
         <nite:child href="Bed005.B.segs.xml#id(Bed005.segment.320)"/>
         <nite:child href="Bed005.D.segs.xml#id(Bed005.segment.321)..id(Bed005.segment.322)"/>
         <nite:child href="Bed005.F.segs.xml#id(Bed005.segment.323)"/>
         <nite:child href="Bed005.C.segs.xml#id(Bed005.segment.324)"/>
         <nite:child href="Bed005.D.segs.xml#id(Bed005.segment.325)"/>
         <nite:child href="Bed005.C.segs.xml#id(Bed005.segment.326)"/>
         <nite:child href="Bed005.B.segs.xml#id(Bed005.segment.327)"/>
         <nite:child href="Bed005.C.segs.xml#id(Bed005.segment.328)"/>
         <nite:child href="Bed005.B.segs.xml#id(Bed005.segment.329)"/>
         <nite:child href="Bed005.C.segs.xml#id(Bed005.segment.330)..id(Bed005.segment.331)"/>
         <nite:child href="Bed005.B.segs.xml#id(Bed005.segment.332)"/>
         <nite:child href="Bed005.E.segs.xml#id(Bed005.segment.333)"/>
         <nite:child href="Bed005.B.segs.xml#id(Bed005.segment.334)"/>
         <nite:child href="Bed005.C.segs.xml#id(Bed005.segment.335)"/>
         <nite:child href="Bed005.B.segs.xml#id(Bed005.segment.336)"/>
         <nite:child href="Bed005.C.segs.xml#id(Bed005.segment.337)"/>
         <nite:child href="Bed005.B.segs.xml#id(Bed005.segment.338)..id(Bed005.segment.339)"/>
         <nite:child href="Bed005.C.segs.xml#id(Bed005.segment.340)..id(Bed005.segment.341)"/>
         <nite:child href="Bed005.D.segs.xml#id(Bed005.segment.342)"/>
         <nite:child href="Bed005.C.segs.xml#id(Bed005.segment.343)..id(Bed005.segment.344)"/>
         <nite:child href="Bed005.D.segs.xml#id(Bed005.segment.345)..id(Bed005.segment.347)"/>
         <nite:child href="Bed005.C.segs.xml#id(Bed005.segment.348)"/>
         <nite:child href="Bed005.D.segs.xml#id(Bed005.segment.349)"/>
         <nite:child href="Bed005.C.segs.xml#id(Bed005.segment.350)"/>
         <nite:child href="Bed005.D.segs.xml#id(Bed005.segment.351)"/>
         <nite:child href="Bed005.C.segs.xml#id(Bed005.segment.352)..id(Bed005.segment.354)"/>
         <nite:child href="Bed005.D.segs.xml#id(Bed005.segment.355)"/>
         <nite:child href="Bed005.B.segs.xml#id(Bed005.segment.356)"/>
         <nite:child href="Bed005.D.segs.xml#id(Bed005.segment.357)..id(Bed005.segment.360)"/>
         <nite:child href="Bed005.C.segs.xml#id(Bed005.segment.361)"/>
         <nite:child href="Bed005.D.segs.xml#id(Bed005.segment.362)"/>
         <nite:child href="Bed005.C.segs.xml#id(Bed005.segment.363)..id(Bed005.segment.364)"/>
         <nite:child href="Bed005.E.segs.xml#id(Bed005.segment.365)"/>
         <nite:child href="Bed005.D.segs.xml#id(Bed005.segment.366)"/>
         <nite:child href="Bed005.C.segs.xml#id(Bed005.segment.367)..id(Bed005.segment.368)"/>
         <nite:child href="Bed005.D.segs.xml#id(Bed005.segment.369)"/>
         <nite:child href="Bed005.F.segs.xml#id(Bed005.segment.370)"/>
         <nite:child href="Bed005.E.segs.xml#id(Bed005.segment.371)"/>
         <nite:child href="Bed005.D.segs.xml#id(Bed005.segment.372)"/>
         <nite:child href="Bed005.C.segs.xml#id(Bed005.segment.373)"/>
         <nite:child href="Bed005.E.segs.xml#id(Bed005.segment.374)"/>
         <nite:child href="Bed005.B.segs.xml#id(Bed005.segment.375)"/>
         <nite:child href="Bed005.D.segs.xml#id(Bed005.segment.376)"/>
         <nite:child href="Bed005.C.segs.xml#id(Bed005.segment.377)"/>
         <nite:child href="Bed005.D.segs.xml#id(Bed005.segment.378)"/>
         <nite:child href="Bed005.E.segs.xml#id(Bed005.segment.379)"/>
         <nite:child href="Bed005.C.segs.xml#id(Bed005.segment.380)"/>
         <nite:child href="Bed005.D.segs.xml#id(Bed005.segment.381)"/>
         <nite:child href="Bed005.C.segs.xml#id(Bed005.segment.382)"/>
         <nite:child href="Bed005.F.segs.xml#id(Bed005.segment.383)"/>
         <nite:child href="Bed005.C.segs.xml#id(Bed005.segment.384)"/>
         <nite:child href="Bed005.E.segs.xml#id(Bed005.segment.385)..id(Bed005.segment.386)"/>
         <nite:child href="Bed005.F.segs.xml#id(Bed005.segment.387)"/>
         <nite:child href="Bed005.C.segs.xml#id(Bed005.segment.388)"/>
         <nite:child href="Bed005.B.segs.xml#id(Bed005.segment.389)"/>
         <nite:child href="Bed005.C.segs.xml#id(Bed005.segment.390)"/>
         <nite:child href="Bed005.E.segs.xml#id(Bed005.segment.391)"/>
         <nite:child href="Bed005.F.segs.xml#id(Bed005.segment.392)"/>
         <nite:child href="Bed005.C.segs.xml#id(Bed005.segment.393)..id(Bed005.segment.395)"/>
         <nite:child href="Bed005.D.segs.xml#id(Bed005.segment.396)"/>
         <nite:child href="Bed005.C.segs.xml#id(Bed005.segment.397)..id(Bed005.segment.400)"/>
         <nite:child href="Bed005.B.segs.xml#id(Bed005.segment.401)"/>
         <nite:child href="Bed005.D.segs.xml#id(Bed005.segment.402)..id(Bed005.segment.403)"/>
         <nite:child href="Bed005.C.segs.xml#id(Bed005.segment.404)"/>
      </topic>
      <topic nite:id="Bed005.topic.10" description="Parsing system implimentation">
         <nite:child href="Bed005.C.segs.xml#id(Bed005.segment.405)..id(Bed005.segment.407)"/>
         <nite:child href="Bed005.B.segs.xml#id(Bed005.segment.408)..id(Bed005.segment.411)"/>
         <nite:child href="Bed005.C.segs.xml#id(Bed005.segment.412)"/>
         <nite:child href="Bed005.B.segs.xml#id(Bed005.segment.413)"/>
         <nite:child href="Bed005.C.segs.xml#id(Bed005.segment.414)..id(Bed005.segment.416)"/>
         <nite:child href="Bed005.D.segs.xml#id(Bed005.segment.417)"/>
         <nite:child href="Bed005.C.segs.xml#id(Bed005.segment.418)"/>
         <nite:child href="Bed005.D.segs.xml#id(Bed005.segment.419)..id(Bed005.segment.420)"/>
         <nite:child href="Bed005.C.segs.xml#id(Bed005.segment.421)..id(Bed005.segment.433)"/>
         <nite:child href="Bed005.D.segs.xml#id(Bed005.segment.434)"/>
         <nite:child href="Bed005.C.segs.xml#id(Bed005.segment.435)..id(Bed005.segment.436)"/>
         <nite:child href="Bed005.D.segs.xml#id(Bed005.segment.437)"/>
         <nite:child href="Bed005.C.segs.xml#id(Bed005.segment.438)..id(Bed005.segment.442)"/>
         <nite:child href="Bed005.D.segs.xml#id(Bed005.segment.443)"/>
         <nite:child href="Bed005.A.segs.xml#id(Bed005.segment.444)"/>
         <nite:child href="Bed005.D.segs.xml#id(Bed005.segment.445)..id(Bed005.segment.446)"/>
         <nite:child href="Bed005.C.segs.xml#id(Bed005.segment.447)..id(Bed005.segment.451)"/>
         <nite:child href="Bed005.D.segs.xml#id(Bed005.segment.452)"/>
         <nite:child href="Bed005.C.segs.xml#id(Bed005.segment.453)..id(Bed005.segment.454)"/>
         <nite:child href="Bed005.D.segs.xml#id(Bed005.segment.455)"/>
         <nite:child href="Bed005.C.segs.xml#id(Bed005.segment.456)..id(Bed005.segment.458)"/>
         <nite:child href="Bed005.A.segs.xml#id(Bed005.segment.459)"/>
         <nite:child href="Bed005.C.segs.xml#id(Bed005.segment.460)..id(Bed005.segment.462)"/>
         <nite:child href="Bed005.A.segs.xml#id(Bed005.segment.464)"/>
         <nite:child href="Bed005.D.segs.xml#id(Bed005.segment.465)..id(Bed005.segment.466)"/>
         <nite:child href="Bed005.C.segs.xml#id(Bed005.segment.467)"/>
         <nite:child href="Bed005.D.segs.xml#id(Bed005.segment.468)..id(Bed005.segment.469)"/>
         <nite:child href="Bed005.C.segs.xml#id(Bed005.segment.470)"/>
         <nite:child href="Bed005.D.segs.xml#id(Bed005.segment.471)"/>
         <nite:child href="Bed005.C.segs.xml#id(Bed005.segment.472)..id(Bed005.segment.474)"/>
         <nite:child href="Bed005.B.segs.xml#id(Bed005.segment.475)"/>
         <nite:child href="Bed005.C.segs.xml#id(Bed005.segment.476)..id(Bed005.segment.478)"/>
         <nite:child href="Bed005.A.segs.xml#id(Bed005.segment.479)..id(Bed005.segment.480)"/>
         <nite:child href="Bed005.C.segs.xml#id(Bed005.segment.482)"/>
         <nite:child href="Bed005.D.segs.xml#id(Bed005.segment.481)..id(Bed005.segment.483)"/>
         <nite:child href="Bed005.B.segs.xml#id(Bed005.segment.484)"/>
         <nite:child href="Bed005.D.segs.xml#id(Bed005.segment.485)"/>
         <nite:child href="Bed005.B.segs.xml#id(Bed005.segment.486)"/>
         <nite:child href="Bed005.C.segs.xml#id(Bed005.segment.487)"/>
         <nite:child href="Bed005.B.segs.xml#id(Bed005.segment.488)"/>
         <nite:child href="Bed005.D.segs.xml#id(Bed005.segment.489)"/>
         <nite:child href="Bed005.B.segs.xml#id(Bed005.segment.490)"/>
         <nite:child href="Bed005.C.segs.xml#id(Bed005.segment.491)..id(Bed005.segment.492)"/>
         <nite:child href="Bed005.B.segs.xml#id(Bed005.segment.493)"/>
         <nite:child href="Bed005.C.segs.xml#id(Bed005.segment.494)..id(Bed005.segment.495)"/>
         <nite:child href="Bed005.D.segs.xml#id(Bed005.segment.496)"/>
         <nite:child href="Bed005.B.segs.xml#id(Bed005.segment.497)"/>
         <nite:child href="Bed005.C.segs.xml#id(Bed005.segment.498)..id(Bed005.segment.502)"/>
         <nite:child href="Bed005.D.segs.xml#id(Bed005.segment.501)"/>
         <nite:child href="Bed005.B.segs.xml#id(Bed005.segment.503)"/>
         <nite:child href="Bed005.C.segs.xml#id(Bed005.segment.504)..id(Bed005.segment.505)"/>
         <nite:child href="Bed005.B.segs.xml#id(Bed005.segment.506)..id(Bed005.segment.507)"/>
         <nite:child href="Bed005.C.segs.xml#id(Bed005.segment.508)"/>
         <nite:child href="Bed005.B.segs.xml#id(Bed005.segment.509)..id(Bed005.segment.510)"/>
         <nite:child href="Bed005.C.segs.xml#id(Bed005.segment.511)"/>
         <nite:child href="Bed005.B.segs.xml#id(Bed005.segment.512)"/>
         <nite:child href="Bed005.D.segs.xml#id(Bed005.segment.513)"/>
         <nite:child href="Bed005.C.segs.xml#id(Bed005.segment.515)"/>
         <nite:child href="Bed005.B.segs.xml#id(Bed005.segment.514)..id(Bed005.segment.516)"/>
         <nite:child href="Bed005.C.segs.xml#id(Bed005.segment.517)..id(Bed005.segment.518)"/>
         <nite:child href="Bed005.D.segs.xml#id(Bed005.segment.520)"/>
         <nite:child href="Bed005.C.segs.xml#id(Bed005.segment.519)..id(Bed005.segment.521)"/>
         <nite:child href="Bed005.B.segs.xml#id(Bed005.segment.522)..id(Bed005.segment.523)"/>
         <nite:child href="Bed005.C.segs.xml#id(Bed005.segment.524)..id(Bed005.segment.529)"/>
         <nite:child href="Bed005.D.segs.xml#id(Bed005.segment.530)"/>
         <nite:child href="Bed005.C.segs.xml#id(Bed005.segment.532)"/>
         <nite:child href="Bed005.B.segs.xml#id(Bed005.segment.531)"/>
         <nite:child href="Bed005.D.segs.xml#id(Bed005.segment.533)"/>
         <nite:child href="Bed005.B.segs.xml#id(Bed005.segment.534)"/>
         <nite:child href="Bed005.D.segs.xml#id(Bed005.segment.535)..id(Bed005.segment.536)"/>
         <nite:child href="Bed005.C.segs.xml#id(Bed005.segment.537)"/>
         <nite:child href="Bed005.D.segs.xml#id(Bed005.segment.538)"/>
         <nite:child href="Bed005.B.segs.xml#id(Bed005.segment.539)..id(Bed005.segment.541)"/>
         <nite:child href="Bed005.D.segs.xml#id(Bed005.segment.540)"/>
         <nite:child href="Bed005.B.segs.xml#id(Bed005.segment.542)"/>
         <nite:child href="Bed005.C.segs.xml#id(Bed005.segment.543)"/>
         <nite:child href="Bed005.A.segs.xml#id(Bed005.segment.544)"/>
         <nite:child href="Bed005.D.segs.xml#id(Bed005.segment.545)"/>
         <nite:child href="Bed005.E.segs.xml#id(Bed005.segment.546)"/>
         <nite:child href="Bed005.D.segs.xml#id(Bed005.segment.547)"/>
         <nite:child href="Bed005.C.segs.xml#id(Bed005.segment.548)"/>
         <nite:child href="Bed005.A.segs.xml#id(Bed005.segment.549)"/>
         <nite:child href="Bed005.E.segs.xml#id(Bed005.segment.550)"/>
         <nite:child href="Bed005.D.segs.xml#id(Bed005.segment.551)"/>
         <nite:child href="Bed005.B.segs.xml#id(Bed005.segment.552)"/>
         <nite:child href="Bed005.C.segs.xml#id(Bed005.segment.553)"/>
         <nite:child href="Bed005.E.segs.xml#id(Bed005.segment.554)"/>
         <nite:child href="Bed005.B.segs.xml#id(Bed005.segment.555)"/>
         <nite:child href="Bed005.C.segs.xml#id(Bed005.segment.556)"/>
         <nite:child href="Bed005.A.segs.xml#id(Bed005.segment.557)"/>
         <nite:child href="Bed005.D.segs.xml#id(Bed005.segment.558)"/>
         <nite:child href="Bed005.B.segs.xml#id(Bed005.segment.559)"/>
         <nite:child href="Bed005.C.segs.xml#id(Bed005.segment.560)..id(Bed005.segment.561)"/>
         <nite:child href="Bed005.D.segs.xml#id(Bed005.segment.562)"/>
         <nite:child href="Bed005.C.segs.xml#id(Bed005.segment.563)"/>
         <nite:child href="Bed005.A.segs.xml#id(Bed005.segment.564)"/>
         <nite:child href="Bed005.C.segs.xml#id(Bed005.segment.565)"/>
         <nite:child href="Bed005.D.segs.xml#id(Bed005.segment.566)"/>
         <nite:child href="Bed005.E.segs.xml#id(Bed005.segment.567)"/>
         <nite:child href="Bed005.C.segs.xml#id(Bed005.segment.568)..id(Bed005.segment.571)"/>
         <nite:child href="Bed005.D.segs.xml#id(Bed005.segment.572)"/>
         <nite:child href="Bed005.C.segs.xml#id(Bed005.segment.573)"/>
         <nite:child href="Bed005.E.segs.xml#id(Bed005.segment.574)"/>
         <nite:child href="Bed005.C.segs.xml#id(Bed005.segment.575)"/>
         <nite:child href="Bed005.B.segs.xml#id(Bed005.segment.576)"/>
         <nite:child href="Bed005.C.segs.xml#id(Bed005.segment.577)..id(Bed005.segment.580)"/>
         <nite:child href="Bed005.A.segs.xml#id(Bed005.segment.581)"/>
         <nite:child href="Bed005.C.segs.xml#id(Bed005.segment.582)..id(Bed005.segment.583)"/>
         <nite:child href="Bed005.B.segs.xml#id(Bed005.segment.584)"/>
         <nite:child href="Bed005.E.segs.xml#id(Bed005.segment.585)"/>
         <nite:child href="Bed005.B.segs.xml#id(Bed005.segment.586)"/>
         <nite:child href="Bed005.E.segs.xml#id(Bed005.segment.587)"/>
         <nite:child href="Bed005.C.segs.xml#id(Bed005.segment.588)"/>
         <nite:child href="Bed005.E.segs.xml#id(Bed005.segment.589)"/>
         <nite:child href="Bed005.C.segs.xml#id(Bed005.segment.590)"/>
         <nite:child href="Bed005.E.segs.xml#id(Bed005.segment.591)"/>
         <nite:child href="Bed005.A.segs.xml#id(Bed005.segment.592)"/>
         <nite:child href="Bed005.B.segs.xml#id(Bed005.segment.594)"/>
         <nite:child href="Bed005.A.segs.xml#id(Bed005.segment.595)"/>
         <nite:child href="Bed005.E.segs.xml#id(Bed005.segment.596)"/>
         <nite:child href="Bed005.B.segs.xml#id(Bed005.segment.597)"/>
         <nite:child href="Bed005.A.segs.xml#id(Bed005.segment.598)"/>
         <nite:child href="Bed005.C.segs.xml#id(Bed005.segment.599)"/>
         <nite:child href="Bed005.E.segs.xml#id(Bed005.segment.600)"/>
         <nite:child href="Bed005.B.segs.xml#id(Bed005.segment.601)..id(Bed005.segment.604)"/>
         <nite:child href="Bed005.E.segs.xml#id(Bed005.segment.605)"/>
         <nite:child href="Bed005.B.segs.xml#id(Bed005.segment.606)..id(Bed005.segment.607)"/>
         <nite:child href="Bed005.E.segs.xml#id(Bed005.segment.608)"/>
         <nite:child href="Bed005.B.segs.xml#id(Bed005.segment.609)..id(Bed005.segment.612)"/>
         <nite:child href="Bed005.C.segs.xml#id(Bed005.segment.613)"/>
         <nite:child href="Bed005.B.segs.xml#id(Bed005.segment.614)"/>
         <nite:child href="Bed005.E.segs.xml#id(Bed005.segment.615)"/>
         <nite:child href="Bed005.C.segs.xml#id(Bed005.segment.616)"/>
         <nite:child href="Bed005.B.segs.xml#id(Bed005.segment.617)"/>
         <nite:child href="Bed005.B.segs.xml#id(Bed005.B.segs.1)"/>
      </topic>
      <topic nite:id="Bed005.topic.11" description="Routes and navigation system">
         <nite:child href="Bed005.B.segs.xml#id(Bed005.B.segs.2)"/>
         <nite:child href="Bed005.B.segs.xml#id(Bed005.segment.619)..id(Bed005.segment.620)"/>
         <nite:child href="Bed005.C.segs.xml#id(Bed005.segment.621)..id(Bed005.segment.630)"/>
         <nite:child href="Bed005.B.segs.xml#id(Bed005.segment.631)"/>
         <nite:child href="Bed005.C.segs.xml#id(Bed005.segment.632)"/>
         <nite:child href="Bed005.E.segs.xml#id(Bed005.segment.633)"/>
         <nite:child href="Bed005.C.segs.xml#id(Bed005.segment.634)..id(Bed005.segment.647)"/>
         <nite:child href="Bed005.E.segs.xml#id(Bed005.segment.648)"/>
         <nite:child href="Bed005.C.segs.xml#id(Bed005.segment.649)"/>
         <nite:child href="Bed005.E.segs.xml#id(Bed005.segment.650)"/>
         <nite:child href="Bed005.C.segs.xml#id(Bed005.segment.651)"/>
         <nite:child href="Bed005.E.segs.xml#id(Bed005.segment.652)"/>
         <nite:child href="Bed005.C.segs.xml#id(Bed005.segment.653)..id(Bed005.segment.654)"/>
         <nite:child href="Bed005.B.segs.xml#id(Bed005.segment.655)..id(Bed005.segment.656)"/>
         <nite:child href="Bed005.A.segs.xml#id(Bed005.segment.657)"/>
         <nite:child href="Bed005.C.segs.xml#id(Bed005.segment.658)"/>
         <nite:child href="Bed005.D.segs.xml#id(Bed005.segment.659)"/>
         <nite:child href="Bed005.B.segs.xml#id(Bed005.segment.660)..id(Bed005.segment.661)"/>
         <nite:child href="Bed005.C.segs.xml#id(Bed005.segment.662)..id(Bed005.segment.663)"/>
         <nite:child href="Bed005.B.segs.xml#id(Bed005.segment.664)..id(Bed005.segment.665)"/>
         <nite:child href="Bed005.C.segs.xml#id(Bed005.segment.666)"/>
         <nite:child href="Bed005.B.segs.xml#id(Bed005.segment.667)"/>
         <nite:child href="Bed005.C.segs.xml#id(Bed005.segment.668)"/>
         <nite:child href="Bed005.B.segs.xml#id(Bed005.segment.669)"/>
         <nite:child href="Bed005.C.segs.xml#id(Bed005.segment.670)..id(Bed005.segment.672)"/>
         <nite:child href="Bed005.D.segs.xml#id(Bed005.segment.673)"/>
         <nite:child href="Bed005.C.segs.xml#id(Bed005.segment.674)..id(Bed005.segment.675)"/>
         <nite:child href="Bed005.D.segs.xml#id(Bed005.segment.676)"/>
         <nite:child href="Bed005.C.segs.xml#id(Bed005.segment.677)..id(Bed005.segment.679)"/>
         <nite:child href="Bed005.E.segs.xml#id(Bed005.segment.680)"/>
         <nite:child href="Bed005.C.segs.xml#id(Bed005.segment.681)..id(Bed005.segment.685)"/>
         <nite:child href="Bed005.E.segs.xml#id(Bed005.segment.686)..id(Bed005.segment.687)"/>
         <nite:child href="Bed005.C.segs.xml#id(Bed005.segment.688)..id(Bed005.segment.689)"/>
         <nite:child href="Bed005.E.segs.xml#id(Bed005.segment.690)"/>
         <nite:child href="Bed005.C.segs.xml#id(Bed005.segment.691)..id(Bed005.segment.695)"/>
         <nite:child href="Bed005.D.segs.xml#id(Bed005.segment.696)"/>
         <nite:child href="Bed005.C.segs.xml#id(Bed005.segment.697)"/>
         <nite:child href="Bed005.E.segs.xml#id(Bed005.segment.698)"/>
         <nite:child href="Bed005.C.segs.xml#id(Bed005.segment.699)"/>
         <nite:child href="Bed005.B.segs.xml#id(Bed005.segment.700)"/>
         <nite:child href="Bed005.E.segs.xml#id(Bed005.segment.701)"/>
         <nite:child href="Bed005.C.segs.xml#id(Bed005.segment.702)..id(Bed005.segment.703)"/>
         <nite:child href="Bed005.E.segs.xml#id(Bed005.segment.704)"/>
         <nite:child href="Bed005.C.segs.xml#id(Bed005.segment.705)"/>
         <nite:child href="Bed005.B.segs.xml#id(Bed005.segment.706)..id(Bed005.segment.714)"/>
         <nite:child href="Bed005.C.segs.xml#id(Bed005.segment.715)"/>
         <nite:child href="Bed005.B.segs.xml#id(Bed005.segment.716)"/>
         <nite:child href="Bed005.C.segs.xml#id(Bed005.segment.717)"/>
         <nite:child href="Bed005.B.segs.xml#id(Bed005.segment.718)..id(Bed005.segment.719)"/>
         <nite:child href="Bed005.D.segs.xml#id(Bed005.segment.720)"/>
         <nite:child href="Bed005.B.segs.xml#id(Bed005.segment.721)..id(Bed005.segment.722)"/>
         <nite:child href="Bed005.E.segs.xml#id(Bed005.segment.723)"/>
         <nite:child href="Bed005.B.segs.xml#id(Bed005.segment.724)..id(Bed005.segment.728)"/>
         <nite:child href="Bed005.C.segs.xml#id(Bed005.segment.729)"/>
         <nite:child href="Bed005.B.segs.xml#id(Bed005.segment.730)..id(Bed005.segment.731)"/>
         <nite:child href="Bed005.C.segs.xml#id(Bed005.segment.732)..id(Bed005.segment.734)"/>
         <nite:child href="Bed005.B.segs.xml#id(Bed005.segment.735)"/>
         <nite:child href="Bed005.C.segs.xml#id(Bed005.segment.736)..id(Bed005.segment.738)"/>
         <nite:child href="Bed005.B.segs.xml#id(Bed005.segment.739)..id(Bed005.segment.740)"/>
         <nite:child href="Bed005.C.segs.xml#id(Bed005.segment.741)..id(Bed005.segment.742)"/>
         <nite:child href="Bed005.B.segs.xml#id(Bed005.segment.743)..id(Bed005.segment.746)"/>
         <nite:child href="Bed005.C.segs.xml#id(Bed005.segment.747)"/>
         <nite:child href="Bed005.B.segs.xml#id(Bed005.segment.748)"/>
         <nite:child href="Bed005.C.segs.xml#id(Bed005.segment.749)"/>
         <nite:child href="Bed005.B.segs.xml#id(Bed005.segment.750)..id(Bed005.segment.752)"/>
         <nite:child href="Bed005.C.segs.xml#id(Bed005.segment.753)"/>
         <nite:child href="Bed005.B.segs.xml#id(Bed005.segment.754)..id(Bed005.segment.756)"/>
         <nite:child href="Bed005.D.segs.xml#id(Bed005.segment.757)"/>
         <nite:child href="Bed005.E.segs.xml#id(Bed005.segment.758)"/>
         <nite:child href="Bed005.B.segs.xml#id(Bed005.segment.759)"/>
         <nite:child href="Bed005.A.segs.xml#id(Bed005.segment.760)"/>
         <nite:child href="Bed005.B.segs.xml#id(Bed005.segment.761)"/>
         <nite:child href="Bed005.A.segs.xml#id(Bed005.segment.762)"/>
         <nite:child href="Bed005.B.segs.xml#id(Bed005.segment.763)..id(Bed005.segment.765)"/>
         <nite:child href="Bed005.A.segs.xml#id(Bed005.segment.766)"/>
         <nite:child href="Bed005.B.segs.xml#id(Bed005.segment.767)"/>
         <nite:child href="Bed005.A.segs.xml#id(Bed005.segment.768)"/>
         <nite:child href="Bed005.B.segs.xml#id(Bed005.segment.769)"/>
         <nite:child href="Bed005.A.segs.xml#id(Bed005.segment.770)"/>
         <nite:child href="Bed005.B.segs.xml#id(Bed005.segment.771)"/>
         <nite:child href="Bed005.D.segs.xml#id(Bed005.segment.772)"/>
         <nite:child href="Bed005.B.segs.xml#id(Bed005.segment.773)"/>
         <nite:child href="Bed005.A.segs.xml#id(Bed005.segment.774)"/>
         <nite:child href="Bed005.B.segs.xml#id(Bed005.segment.775)"/>
         <nite:child href="Bed005.A.segs.xml#id(Bed005.segment.776)"/>
         <nite:child href="Bed005.B.segs.xml#id(Bed005.segment.777)"/>
         <nite:child href="Bed005.C.segs.xml#id(Bed005.segment.778)"/>
         <nite:child href="Bed005.B.segs.xml#id(Bed005.segment.779)..id(Bed005.segment.780)"/>
         <nite:child href="Bed005.A.segs.xml#id(Bed005.segment.781)..id(Bed005.segment.782)"/>
         <nite:child href="Bed005.B.segs.xml#id(Bed005.segment.783)..id(Bed005.segment.785)"/>
         <nite:child href="Bed005.A.segs.xml#id(Bed005.segment.786)"/>
         <nite:child href="Bed005.B.segs.xml#id(Bed005.segment.787)"/>
         <nite:child href="Bed005.A.segs.xml#id(Bed005.segment.789)"/>
         <nite:child href="Bed005.C.segs.xml#id(Bed005.segment.788)"/>
         <nite:child href="Bed005.D.segs.xml#id(Bed005.segment.790)"/>
         <nite:child href="Bed005.C.segs.xml#id(Bed005.segment.791)"/>
         <nite:child href="Bed005.B.segs.xml#id(Bed005.segment.792)"/>
         <nite:child href="Bed005.C.segs.xml#id(Bed005.segment.793)"/>
         <nite:child href="Bed005.A.segs.xml#id(Bed005.segment.794)..id(Bed005.segment.798)"/>
         <nite:child href="Bed005.C.segs.xml#id(Bed005.segment.800)"/>
         <nite:child href="Bed005.A.segs.xml#id(Bed005.segment.799)"/>
         <nite:child href="Bed005.B.segs.xml#id(Bed005.segment.801)"/>
         <nite:child href="Bed005.A.segs.xml#id(Bed005.segment.802)..id(Bed005.segment.803)"/>
         <nite:child href="Bed005.B.segs.xml#id(Bed005.segment.804)"/>
         <nite:child href="Bed005.D.segs.xml#id(Bed005.segment.805)"/>
         <nite:child href="Bed005.A.segs.xml#id(Bed005.segment.806)"/>
         <nite:child href="Bed005.C.segs.xml#id(Bed005.segment.807)"/>
         <nite:child href="Bed005.B.segs.xml#id(Bed005.segment.808)..id(Bed005.segment.810)"/>
         <nite:child href="Bed005.A.segs.xml#id(Bed005.segment.811)"/>
         <nite:child href="Bed005.C.segs.xml#id(Bed005.segment.812)"/>
         <nite:child href="Bed005.B.segs.xml#id(Bed005.segment.813)..id(Bed005.segment.821)"/>
         <nite:child href="Bed005.A.segs.xml#id(Bed005.segment.822)"/>
         <nite:child href="Bed005.B.segs.xml#id(Bed005.segment.823)..id(Bed005.segment.834)"/>
         <nite:child href="Bed005.C.segs.xml#id(Bed005.segment.835)..id(Bed005.segment.836)"/>
         <nite:child href="Bed005.B.segs.xml#id(Bed005.segment.837)..id(Bed005.segment.838)"/>
         <nite:child href="Bed005.F.segs.xml#id(Bed005.segment.839)"/>
         <nite:child href="Bed005.B.segs.xml#id(Bed005.segment.840)"/>
         <nite:child href="Bed005.C.segs.xml#id(Bed005.segment.841)"/>
         <nite:child href="Bed005.B.segs.xml#id(Bed005.segment.842)..id(Bed005.segment.847)"/>
         <nite:child href="Bed005.C.segs.xml#id(Bed005.segment.848)"/>
         <nite:child href="Bed005.B.segs.xml#id(Bed005.segment.849)..id(Bed005.segment.851)"/>
         <nite:child href="Bed005.F.segs.xml#id(Bed005.segment.852)"/>
         <nite:child href="Bed005.B.segs.xml#id(Bed005.segment.853)..id(Bed005.segment.854)"/>
         <nite:child href="Bed005.F.segs.xml#id(Bed005.segment.855)..id(Bed005.segment.856)"/>
         <nite:child href="Bed005.B.segs.xml#id(Bed005.segment.857)..id(Bed005.segment.858)"/>
         <nite:child href="Bed005.E.segs.xml#id(Bed005.segment.859)"/>
         <nite:child href="Bed005.B.segs.xml#id(Bed005.segment.860)"/>
         <nite:child href="Bed005.F.segs.xml#id(Bed005.segment.861)"/>
         <nite:child href="Bed005.B.segs.xml#id(Bed005.segment.862)..id(Bed005.segment.863)"/>
         <nite:child href="Bed005.C.segs.xml#id(Bed005.segment.864)"/>
         <nite:child href="Bed005.F.segs.xml#id(Bed005.segment.865)"/>
         <nite:child href="Bed005.B.segs.xml#id(Bed005.segment.867)"/>
         <nite:child href="Bed005.C.segs.xml#id(Bed005.segment.866)"/>
         <nite:child href="Bed005.F.segs.xml#id(Bed005.segment.868)..id(Bed005.segment.869)"/>
         <nite:child href="Bed005.B.segs.xml#id(Bed005.segment.870)"/>
         <nite:child href="Bed005.C.segs.xml#id(Bed005.segment.871)"/>
         <nite:child href="Bed005.D.segs.xml#id(Bed005.segment.872)"/>
         <nite:child href="Bed005.C.segs.xml#id(Bed005.segment.873)..id(Bed005.segment.876)"/>
         <nite:child href="Bed005.B.segs.xml#id(Bed005.segment.877)"/>
         <nite:child href="Bed005.C.segs.xml#id(Bed005.segment.878)..id(Bed005.segment.879)"/>
         <nite:child href="Bed005.B.segs.xml#id(Bed005.segment.880)"/>
         <nite:child href="Bed005.C.segs.xml#id(Bed005.segment.881)"/>
         <nite:child href="Bed005.A.segs.xml#id(Bed005.segment.882)"/>
         <nite:child href="Bed005.C.segs.xml#id(Bed005.segment.883)..id(Bed005.segment.885)"/>
         <nite:child href="Bed005.E.segs.xml#id(Bed005.segment.886)"/>
         <nite:child href="Bed005.C.segs.xml#id(Bed005.segment.887)"/>
         <nite:child href="Bed005.E.segs.xml#id(Bed005.segment.888)"/>
         <nite:child href="Bed005.F.segs.xml#id(Bed005.segment.889)"/>
         <nite:child href="Bed005.A.segs.xml#id(Bed005.segment.890)"/>
         <nite:child href="Bed005.B.segs.xml#id(Bed005.segment.891)..id(Bed005.segment.892)"/>
         <nite:child href="Bed005.A.segs.xml#id(Bed005.segment.893)"/>
         <nite:child href="Bed005.C.segs.xml#id(Bed005.segment.894)"/>
         <nite:child href="Bed005.F.segs.xml#id(Bed005.segment.895)"/>
         <nite:child href="Bed005.B.segs.xml#id(Bed005.segment.896)"/>
         <nite:child href="Bed005.E.segs.xml#id(Bed005.segment.897)"/>
         <nite:child href="Bed005.F.segs.xml#id(Bed005.segment.898)"/>
         <nite:child href="Bed005.A.segs.xml#id(Bed005.segment.899)"/>
         <nite:child href="Bed005.B.segs.xml#id(Bed005.segment.900)"/>
         <nite:child href="Bed005.C.segs.xml#id(Bed005.segment.901)"/>
         <nite:child href="Bed005.F.segs.xml#id(Bed005.segment.902)"/>
         <nite:child href="Bed005.D.segs.xml#id(Bed005.segment.903)"/>
         <nite:child href="Bed005.C.segs.xml#id(Bed005.segment.904)"/>
         <nite:child href="Bed005.A.segs.xml#id(Bed005.segment.905)"/>
         <nite:child href="Bed005.B.segs.xml#id(Bed005.segment.906)"/>
         <nite:child href="Bed005.A.segs.xml#id(Bed005.segment.907)..id(Bed005.segment.908)"/>
         <nite:child href="Bed005.B.segs.xml#id(Bed005.segment.909)"/>
      </topic>
      <topic nite:id="Bed005.topic.13" description="Work and time planning">
         <nite:child href="Bed005.B.segs.xml#id(Bed005.segment.910)..id(Bed005.segment.923)"/>
         <nite:child href="Bed005.C.segs.xml#id(Bed005.segment.924)"/>
         <nite:child href="Bed005.B.segs.xml#id(Bed005.segment.925)"/>
         <nite:child href="Bed005.C.segs.xml#id(Bed005.segment.926)..id(Bed005.segment.929)"/>
         <nite:child href="Bed005.B.segs.xml#id(Bed005.segment.930)"/>
         <nite:child href="Bed005.C.segs.xml#id(Bed005.segment.931)"/>
         <nite:child href="Bed005.B.segs.xml#id(Bed005.segment.932)"/>
         <nite:child href="Bed005.C.segs.xml#id(Bed005.segment.933)..id(Bed005.segment.935)"/>
         <nite:child href="Bed005.D.segs.xml#id(Bed005.segment.936)"/>
         <nite:child href="Bed005.C.segs.xml#id(Bed005.segment.937)..id(Bed005.segment.939)"/>
         <nite:child href="Bed005.B.segs.xml#id(Bed005.segment.940)"/>
         <nite:child href="Bed005.D.segs.xml#id(Bed005.segment.941)"/>
         <nite:child href="Bed005.B.segs.xml#id(Bed005.segment.942)"/>
         <nite:child href="Bed005.C.segs.xml#id(Bed005.segment.943)"/>
         <nite:child href="Bed005.B.segs.xml#id(Bed005.segment.944)..id(Bed005.segment.948)"/>
         <nite:child href="Bed005.F.segs.xml#id(Bed005.segment.949)"/>
         <nite:child href="Bed005.C.segs.xml#id(Bed005.segment.950)"/>
         <nite:child href="Bed005.B.segs.xml#id(Bed005.segment.951)"/>
         <nite:child href="Bed005.F.segs.xml#id(Bed005.segment.952)"/>
         <nite:child href="Bed005.C.segs.xml#id(Bed005.segment.953)..id(Bed005.segment.954)"/>
         <nite:child href="Bed005.B.segs.xml#id(Bed005.segment.955)"/>
         <nite:child href="Bed005.C.segs.xml#id(Bed005.segment.956)"/>
         <nite:child href="Bed005.B.segs.xml#id(Bed005.segment.957)..id(Bed005.segment.958)"/>
         <nite:child href="Bed005.C.segs.xml#id(Bed005.segment.959)"/>
         <nite:child href="Bed005.B.segs.xml#id(Bed005.segment.960)..id(Bed005.segment.965)"/>
         <nite:child href="Bed005.C.segs.xml#id(Bed005.segment.967)"/>
         <nite:child href="Bed005.B.segs.xml#id(Bed005.segment.966)"/>
         <nite:child href="Bed005.E.segs.xml#id(Bed005.segment.968)"/>
         <nite:child href="Bed005.B.segs.xml#id(Bed005.segment.969)..id(Bed005.segment.971)"/>
         <nite:child href="Bed005.C.segs.xml#id(Bed005.segment.972)"/>
         <nite:child href="Bed005.B.segs.xml#id(Bed005.segment.973)"/>
         <nite:child href="Bed005.C.segs.xml#id(Bed005.segment.974)"/>
         <nite:child href="Bed005.D.segs.xml#id(Bed005.segment.975)"/>
         <nite:child href="Bed005.B.segs.xml#id(Bed005.segment.976)"/>
         <nite:child href="Bed005.E.segs.xml#id(Bed005.segment.977)..id(Bed005.segment.978)"/>
         <nite:child href="Bed005.D.segs.xml#id(Bed005.segment.979)"/>
         <nite:child href="Bed005.E.segs.xml#id(Bed005.segment.980)"/>
         <nite:child href="Bed005.B.segs.xml#id(Bed005.segment.981)"/>
         <nite:child href="Bed005.D.segs.xml#id(Bed005.segment.982)"/>
         <nite:child href="Bed005.E.segs.xml#id(Bed005.segment.983)"/>
         <nite:child href="Bed005.C.segs.xml#id(Bed005.segment.984)"/>
         <nite:child href="Bed005.E.segs.xml#id(Bed005.segment.985)"/>
         <nite:child href="Bed005.B.segs.xml#id(Bed005.segment.986)"/>
         <nite:child href="Bed005.E.segs.xml#id(Bed005.segment.987)..id(Bed005.segment.990)"/>
         <nite:child href="Bed005.B.segs.xml#id(Bed005.segment.991)"/>
         <nite:child href="Bed005.C.segs.xml#id(Bed005.segment.992)"/>
         <nite:child href="Bed005.E.segs.xml#id(Bed005.segment.993)"/>
         <nite:child href="Bed005.B.segs.xml#id(Bed005.segment.994)"/>
         <nite:child href="Bed005.E.segs.xml#id(Bed005.segment.995)..id(Bed005.segment.998)"/>
         <nite:child href="Bed005.B.segs.xml#id(Bed005.segment.999)"/>
         <nite:child href="Bed005.E.segs.xml#id(Bed005.segment.1,000)"/>
         <nite:child href="Bed005.B.segs.xml#id(Bed005.segment.1,001)..id(Bed005.segment.1,002)"/>
         <nite:child href="Bed005.E.segs.xml#id(Bed005.segment.1,003)..id(Bed005.segment.1,004)"/>
         <nite:child href="Bed005.B.segs.xml#id(Bed005.segment.1,005)"/>
         <nite:child href="Bed005.D.segs.xml#id(Bed005.segment.1,006)"/>
         <nite:child href="Bed005.E.segs.xml#id(Bed005.segment.1,007)"/>
         <nite:child href="Bed005.B.segs.xml#id(Bed005.segment.1,008)..id(Bed005.segment.1,009)"/>
         <nite:child href="Bed005.E.segs.xml#id(Bed005.segment.1,010)..id(Bed005.segment.1,011)"/>
         <nite:child href="Bed005.B.segs.xml#id(Bed005.segment.1,012)..id(Bed005.segment.1,013)"/>
         <nite:child href="Bed005.E.segs.xml#id(Bed005.segment.1,014)"/>
         <nite:child href="Bed005.B.segs.xml#id(Bed005.segment.1,015)"/>
         <nite:child href="Bed005.E.segs.xml#id(Bed005.segment.1,016)"/>
         <nite:child href="Bed005.B.segs.xml#id(Bed005.segment.1,017)..id(Bed005.segment.1,021)"/>
         <nite:child href="Bed005.D.segs.xml#id(Bed005.segment.1,022)"/>
         <nite:child href="Bed005.B.segs.xml#id(Bed005.segment.1,023)..id(Bed005.segment.1,025)"/>
         <nite:child href="Bed005.F.segs.xml#id(Bed005.segment.1,026)"/>
         <nite:child href="Bed005.B.segs.xml#id(Bed005.segment.1,027)"/>
         <nite:child href="Bed005.E.segs.xml#id(Bed005.segment.1,028)"/>
         <nite:child href="Bed005.B.segs.xml#id(Bed005.segment.1,029)..id(Bed005.segment.1,030)"/>
         <nite:child href="Bed005.D.segs.xml#id(Bed005.segment.1,031)"/>
         <nite:child href="Bed005.B.segs.xml#id(Bed005.segment.1,032)..id(Bed005.segment.1,034)"/>
         <nite:child href="Bed005.E.segs.xml#id(Bed005.segment.1,035)"/>
         <nite:child href="Bed005.B.segs.xml#id(Bed005.segment.1,036)..id(Bed005.segment.1,037)"/>
         <nite:child href="Bed005.E.segs.xml#id(Bed005.segment.1,038)"/>
         <nite:child href="Bed005.B.segs.xml#id(Bed005.segment.1,039)..id(Bed005.segment.1,042)"/>
         <nite:child href="Bed005.F.segs.xml#id(Bed005.segment.1,043)"/>
         <nite:child href="Bed005.C.segs.xml#id(Bed005.segment.1,044)"/>
         <nite:child href="Bed005.B.segs.xml#id(Bed005.segment.1,045)"/>
         <nite:child href="Bed005.C.segs.xml#id(Bed005.segment.1,046)..id(Bed005.segment.1,048)"/>
         <nite:child href="Bed005.B.segs.xml#id(Bed005.segment.1,049)"/>
         <nite:child href="Bed005.E.segs.xml#id(Bed005.segment.1,050)"/>
         <nite:child href="Bed005.C.segs.xml#id(Bed005.segment.1,051)..id(Bed005.segment.1,054)"/>
         <nite:child href="Bed005.E.segs.xml#id(Bed005.segment.1,055)"/>
         <nite:child href="Bed005.C.segs.xml#id(Bed005.segment.1,056)"/>
         <nite:child href="Bed005.E.segs.xml#id(Bed005.segment.1,057)..id(Bed005.segment.1,058)"/>
         <nite:child href="Bed005.B.segs.xml#id(Bed005.segment.1,059)..id(Bed005.segment.1,060)"/>
         <nite:child href="Bed005.F.segs.xml#id(Bed005.segment.1,061)"/>
         <nite:child href="Bed005.C.segs.xml#id(Bed005.segment.1,062)..id(Bed005.segment.1,064)"/>
         <nite:child href="Bed005.E.segs.xml#id(Bed005.segment.1,065)"/>
         <nite:child href="Bed005.D.segs.xml#id(Bed005.segment.1,066)"/>
         <nite:child href="Bed005.C.segs.xml#id(Bed005.segment.1,067)"/>
         <nite:child href="Bed005.E.segs.xml#id(Bed005.segment.1,068)"/>
         <nite:child href="Bed005.B.segs.xml#id(Bed005.segment.1,069)..id(Bed005.segment.1,070)"/>
         <nite:child href="Bed005.F.segs.xml#id(Bed005.segment.1,071)"/>
         <nite:child href="Bed005.B.segs.xml#id(Bed005.segment.1,072)..id(Bed005.segment.1,073)"/>
         <nite:child href="Bed005.D.segs.xml#id(Bed005.segment.1,074)"/>
         <nite:child href="Bed005.B.segs.xml#id(Bed005.segment.1,076)"/>
         <nite:child href="Bed005.F.segs.xml#id(Bed005.segment.1,075)..id(Bed005.segment.1,077)"/>
         <nite:child href="Bed005.B.segs.xml#id(Bed005.segment.1,078)..id(Bed005.segment.1,086)"/>
         <nite:child href="Bed005.E.segs.xml#id(Bed005.segment.1,087)"/>
         <nite:child href="Bed005.F.segs.xml#id(Bed005.segment.1,088)"/>
         <nite:child href="Bed005.B.segs.xml#id(Bed005.segment.1,089)"/>
         <nite:child href="Bed005.F.segs.xml#id(Bed005.segment.1,090)"/>
         <nite:child href="Bed005.B.segs.xml#id(Bed005.segment.1,091)"/>
         <nite:child href="Bed005.F.segs.xml#id(Bed005.segment.1,092)"/>
         <nite:child href="Bed005.B.segs.xml#id(Bed005.segment.1,093)..id(Bed005.segment.1,098)"/>
         <nite:child href="Bed005.F.segs.xml#id(Bed005.segment.1,099)"/>
         <nite:child href="Bed005.B.segs.xml#id(Bed005.segment.1,100)..id(Bed005.segment.1,106)"/>
         <nite:child href="Bed005.F.segs.xml#id(Bed005.segment.1,105)"/>
         <nite:child href="Bed005.B.segs.xml#id(Bed005.segment.1,107)..id(Bed005.segment.1,109)"/>
         <nite:child href="Bed005.F.segs.xml#id(Bed005.segment.1,110)..id(Bed005.segment.1,111)"/>
         <nite:child href="Bed005.B.segs.xml#id(Bed005.segment.1,112)..id(Bed005.segment.1,117)"/>
         <nite:child href="Bed005.F.segs.xml#id(Bed005.segment.1,118)"/>
         <nite:child href="Bed005.B.segs.xml#id(Bed005.segment.1,119)..id(Bed005.segment.1,122)"/>
         <nite:child href="Bed005.F.segs.xml#id(Bed005.segment.1,123)"/>
         <nite:child href="Bed005.B.segs.xml#id(Bed005.segment.1,124)..id(Bed005.segment.1,130)"/>
         <nite:child href="Bed005.C.segs.xml#id(Bed005.segment.1,131)..id(Bed005.segment.1,136)"/>
         <nite:child href="Bed005.B.segs.xml#id(Bed005.segment.1,137)"/>
         <nite:child href="Bed005.C.segs.xml#id(Bed005.segment.1,138)"/>
      </topic>
   </topic>
   <topic nite:id="Bed005.topic.3" description="EVA implimentation">
      <nite:child href="Bed005.C.segs.xml#id(Bed005.segment.1,139)"/>
      <nite:child href="Bed005.B.segs.xml#id(Bed005.segment.1,140)"/>
      <nite:child href="Bed005.C.segs.xml#id(Bed005.segment.1,141)..id(Bed005.segment.1,142)"/>
      <nite:child href="Bed005.E.segs.xml#id(Bed005.segment.1,143)"/>
      <nite:child href="Bed005.C.segs.xml#id(Bed005.segment.1,144)"/>
      <nite:child href="Bed005.D.segs.xml#id(Bed005.segment.1,145)..id(Bed005.segment.1,149)"/>
      <nite:child href="Bed005.B.segs.xml#id(Bed005.segment.1,150)..id(Bed005.segment.1,152)"/>
      <nite:child href="Bed005.D.segs.xml#id(Bed005.segment.1,153)"/>
      <nite:child href="Bed005.B.segs.xml#id(Bed005.segment.1,154)"/>
      <topic nite:id="Bed005.topic.4" description="Wu and Dekai papers">
         <nite:child href="Bed005.B.segs.xml#id(Bed005.segment.1,155)"/>
         <nite:child href="Bed005.C.segs.xml#id(Bed005.segment.1,156)"/>
         <nite:child href="Bed005.B.segs.xml#id(Bed005.segment.1,157)"/>
         <nite:child href="Bed005.C.segs.xml#id(Bed005.segment.1,158)"/>
         <nite:child href="Bed005.B.segs.xml#id(Bed005.segment.1,159)..id(Bed005.segment.1,161)"/>
         <nite:child href="Bed005.E.segs.xml#id(Bed005.segment.1,162)"/>
         <nite:child href="Bed005.F.segs.xml#id(Bed005.segment.1,163)"/>
         <nite:child href="Bed005.B.segs.xml#id(Bed005.segment.1,164)"/>
         <nite:child href="Bed005.A.segs.xml#id(Bed005.segment.1,165)"/>
         <nite:child href="Bed005.F.segs.xml#id(Bed005.segment.1,166)"/>
         <nite:child href="Bed005.B.segs.xml#id(Bed005.segment.1,167)"/>
         <nite:child href="Bed005.E.segs.xml#id(Bed005.segment.1,168)"/>
         <nite:child href="Bed005.B.segs.xml#id(Bed005.segment.1,169)..id(Bed005.segment.1,172)"/>
      </topic>
      <nite:child href="Bed005.D.segs.xml#id(Bed005.segment.1,173)"/>
      <nite:child href="Bed005.B.segs.xml#id(Bed005.segment.1,174)"/>
      <nite:child href="Bed005.D.segs.xml#id(Bed005.segment.1,175)"/>
      <nite:child href="Bed005.E.segs.xml#id(Bed005.segment.1,176)"/>
      <nite:child href="Bed005.D.segs.xml#id(Bed005.segment.1,177)"/>
      <nite:child href="Bed005.B.segs.xml#id(Bed005.segment.1,178)..id(Bed005.segment.1,179)"/>
      <nite:child href="Bed005.F.segs.xml#id(Bed005.segment.1,180)"/>
      <nite:child href="Bed005.D.segs.xml#id(Bed005.segment.1,181)"/>
      <nite:child href="Bed005.A.segs.xml#id(Bed005.segment.1,182)"/>
      <nite:child href="Bed005.D.segs.xml#id(Bed005.segment.1,183)"/>
      <nite:child href="Bed005.A.segs.xml#id(Bed005.segment.1,184)"/>
      <nite:child href="Bed005.E.segs.xml#id(Bed005.segment.1,185)"/>
      <nite:child href="Bed005.A.segs.xml#id(Bed005.segment.1,186)"/>
      <nite:child href="Bed005.F.segs.xml#id(Bed005.segment.1,187)"/>
      <nite:child href="Bed005.E.segs.xml#id(Bed005.segment.1,188)..id(Bed005.segment.1,189)"/>
      <nite:child href="Bed005.B.segs.xml#id(Bed005.segment.1,190)"/>
      <nite:child href="Bed005.E.segs.xml#id(Bed005.segment.1,191)..id(Bed005.segment.1,192)"/>
      <nite:child href="Bed005.A.segs.xml#id(Bed005.segment.1,193)"/>
      <nite:child href="Bed005.D.segs.xml#id(Bed005.segment.1,194)"/>
      <nite:child href="Bed005.E.segs.xml#id(Bed005.segment.1,195)"/>
      <nite:child href="Bed005.A.segs.xml#id(Bed005.segment.1,196)"/>
      <nite:child href="Bed005.D.segs.xml#id(Bed005.segment.1,197)..id(Bed005.segment.1,198)"/>
      <nite:child href="Bed005.A.segs.xml#id(Bed005.segment.1,199)"/>
      <nite:child href="Bed005.D.segs.xml#id(Bed005.segment.1,200)..id(Bed005.segment.1,205)"/>
      <nite:child href="Bed005.C.segs.xml#id(Bed005.segment.1,206)"/>
      <nite:child href="Bed005.D.segs.xml#id(Bed005.segment.1,207)"/>
      <nite:child href="Bed005.C.segs.xml#id(Bed005.segment.1,208)..id(Bed005.segment.1,209)"/>
      <nite:child href="Bed005.D.segs.xml#id(Bed005.segment.1,210)"/>
      <nite:child href="Bed005.C.segs.xml#id(Bed005.segment.1,211)"/>
      <nite:child href="Bed005.D.segs.xml#id(Bed005.segment.1,212)"/>
      <nite:child href="Bed005.F.segs.xml#id(Bed005.segment.1,213)"/>
      <nite:child href="Bed005.D.segs.xml#id(Bed005.segment.1,214)"/>
      <nite:child href="Bed005.B.segs.xml#id(Bed005.segment.1,215)"/>
      <nite:child href="Bed005.D.segs.xml#id(Bed005.segment.1,216)"/>
      <nite:child href="Bed005.F.segs.xml#id(Bed005.segment.1,217)"/>
      <nite:child href="Bed005.D.segs.xml#id(Bed005.segment.1,218)..id(Bed005.segment.1,219)"/>
      <nite:child href="Bed005.F.segs.xml#id(Bed005.segment.1,220)"/>
      <nite:child href="Bed005.D.segs.xml#id(Bed005.segment.1,221)..id(Bed005.segment.1,222)"/>
      <nite:child href="Bed005.C.segs.xml#id(Bed005.segment.1,223)"/>
      <nite:child href="Bed005.F.segs.xml#id(Bed005.segment.1,224)"/>
      <nite:child href="Bed005.E.segs.xml#id(Bed005.segment.1,225)"/>
      <nite:child href="Bed005.C.segs.xml#id(Bed005.segment.1,226)"/>
      <nite:child href="Bed005.D.segs.xml#id(Bed005.segment.1,227)"/>
      <nite:child href="Bed005.B.segs.xml#id(Bed005.segment.1,229)"/>
      <nite:child href="Bed005.C.segs.xml#id(Bed005.segment.1,228)..id(Bed005.segment.1,230)"/>
      <nite:child href="Bed005.E.segs.xml#id(Bed005.segment.1,231)"/>
      <nite:child href="Bed005.D.segs.xml#id(Bed005.segment.1,232)..id(Bed005.segment.1,236)"/>
      <nite:child href="Bed005.E.segs.xml#id(Bed005.segment.1,237)"/>
      <nite:child href="Bed005.D.segs.xml#id(Bed005.segment.1,238)..id(Bed005.segment.1,245)"/>
      <nite:child href="Bed005.E.segs.xml#id(Bed005.segment.1,246)"/>
      <nite:child href="Bed005.D.segs.xml#id(Bed005.segment.1,247)..id(Bed005.segment.1,252)"/>
      <nite:child href="Bed005.B.segs.xml#id(Bed005.segment.1,253)..id(Bed005.segment.1,254)"/>
      <nite:child href="Bed005.D.segs.xml#id(Bed005.segment.1,255)..id(Bed005.segment.1,266)"/>
      <nite:child href="Bed005.C.segs.xml#id(Bed005.segment.1,267)"/>
      <nite:child href="Bed005.D.segs.xml#id(Bed005.segment.1,268)..id(Bed005.segment.1,269)"/>
      <nite:child href="Bed005.C.segs.xml#id(Bed005.segment.1,270)..id(Bed005.segment.1,271)"/>
      <nite:child href="Bed005.D.segs.xml#id(Bed005.segment.1,272)"/>
      <nite:child href="Bed005.B.segs.xml#id(Bed005.segment.1,273)..id(Bed005.segment.1,274)"/>
      <nite:child href="Bed005.D.segs.xml#id(Bed005.segment.1,275)..id(Bed005.segment.1,294)"/>
      <nite:child href="Bed005.C.segs.xml#id(Bed005.segment.1,296)"/>
      <nite:child href="Bed005.D.segs.xml#id(Bed005.segment.1,295)..id(Bed005.segment.1,304)"/>
      <nite:child href="Bed005.B.segs.xml#id(Bed005.segment.1,305)..id(Bed005.segment.1,308)"/>
      <nite:child href="Bed005.E.segs.xml#id(Bed005.segment.1,309)"/>
      <nite:child href="Bed005.C.segs.xml#id(Bed005.segment.1,310)"/>
      <nite:child href="Bed005.E.segs.xml#id(Bed005.segment.1,311)"/>
      <nite:child href="Bed005.B.segs.xml#id(Bed005.segment.1,312)..id(Bed005.segment.1,318)"/>
      <nite:child href="Bed005.D.segs.xml#id(Bed005.segment.1,319)..id(Bed005.segment.1,320)"/>
      <nite:child href="Bed005.B.segs.xml#id(Bed005.segment.1,321)..id(Bed005.segment.1,322)"/>
      <nite:child href="Bed005.D.segs.xml#id(Bed005.segment.1,323)"/>
      <nite:child href="Bed005.B.segs.xml#id(Bed005.segment.1,324)"/>
      <nite:child href="Bed005.D.segs.xml#id(Bed005.segment.1,325)..id(Bed005.segment.1,326)"/>
      <nite:child href="Bed005.B.segs.xml#id(Bed005.segment.1,327)"/>
      <nite:child href="Bed005.A.segs.xml#id(Bed005.segment.1,328)"/>
      <nite:child href="Bed005.D.segs.xml#id(Bed005.segment.1,329)"/>
      <nite:child href="Bed005.E.segs.xml#id(Bed005.segment.1,330)"/>
      <nite:child href="Bed005.B.segs.xml#id(Bed005.segment.1,331)"/>
      <nite:child href="Bed005.E.segs.xml#id(Bed005.segment.1,332)"/>
      <nite:child href="Bed005.B.segs.xml#id(Bed005.segment.1,333)"/>
      <nite:child href="Bed005.F.segs.xml#id(Bed005.segment.1,334)"/>
      <nite:child href="Bed005.B.segs.xml#id(Bed005.segment.1,335)..id(Bed005.segment.1,338)"/>
      <nite:child href="Bed005.D.segs.xml#id(Bed005.segment.1,339)..id(Bed005.segment.1,341)"/>
      <nite:child href="Bed005.B.segs.xml#id(Bed005.segment.1,342)"/>
      <nite:child href="Bed005.D.segs.xml#id(Bed005.segment.1,343)"/>
      <nite:child href="Bed005.B.segs.xml#id(Bed005.segment.1,344)..id(Bed005.segment.1,348)"/>
      <nite:child href="Bed005.C.segs.xml#id(Bed005.segment.1,349)"/>
      <nite:child href="Bed005.B.segs.xml#id(Bed005.segment.1,350)..id(Bed005.segment.1,351)"/>
      <nite:child href="Bed005.C.segs.xml#id(Bed005.segment.1,352)"/>
      <nite:child href="Bed005.B.segs.xml#id(Bed005.segment.1,353)..id(Bed005.segment.1,357)"/>
      <nite:child href="Bed005.D.segs.xml#id(Bed005.segment.1,358)..id(Bed005.segment.1,359)"/>
      <nite:child href="Bed005.E.segs.xml#id(Bed005.segment.1,360)"/>
      <nite:child href="Bed005.B.segs.xml#id(Bed005.segment.1,361)"/>
      <nite:child href="Bed005.D.segs.xml#id(Bed005.segment.1,362)..id(Bed005.segment.1,364)"/>
      <nite:child href="Bed005.B.segs.xml#id(Bed005.segment.1,365)"/>
      <nite:child href="Bed005.D.segs.xml#id(Bed005.segment.1,366)"/>
      <nite:child href="Bed005.B.segs.xml#id(Bed005.segment.1,367)"/>
      <nite:child href="Bed005.D.segs.xml#id(Bed005.segment.1,368)"/>
      <nite:child href="Bed005.B.segs.xml#id(Bed005.segment.1,369)..id(Bed005.segment.1,378)"/>
      <nite:child href="Bed005.C.segs.xml#id(Bed005.segment.1,379)..id(Bed005.segment.1,380)"/>
      <nite:child href="Bed005.D.segs.xml#id(Bed005.segment.1,381)..id(Bed005.segment.1,382)"/>
      <nite:child href="Bed005.B.segs.xml#id(Bed005.segment.1,383)"/>
      <nite:child href="Bed005.C.segs.xml#id(Bed005.segment.1,384)..id(Bed005.segment.1,385)"/>
      <nite:child href="Bed005.D.segs.xml#id(Bed005.segment.1,386)"/>
      <nite:child href="Bed005.E.segs.xml#id(Bed005.segment.1,387)"/>
      <nite:child href="Bed005.D.segs.xml#id(Bed005.segment.1,388)"/>
      <nite:child href="Bed005.C.segs.xml#id(Bed005.segment.1,389)"/>
      <nite:child href="Bed005.B.segs.xml#id(Bed005.segment.1,390)..id(Bed005.segment.1,391)"/>
      <nite:child href="Bed005.C.segs.xml#id(Bed005.segment.1,392)"/>
      <nite:child href="Bed005.D.segs.xml#id(Bed005.segment.1,393)..id(Bed005.segment.1,394)"/>
      <nite:child href="Bed005.B.segs.xml#id(Bed005.segment.1,395)..id(Bed005.segment.1,405)"/>
      <nite:child href="Bed005.C.segs.xml#id(Bed005.segment.1,406)"/>
      <nite:child href="Bed005.B.segs.xml#id(Bed005.segment.1,407)..id(Bed005.segment.1,410)"/>
      <nite:child href="Bed005.E.segs.xml#id(Bed005.segment.1,409)"/>
      <nite:child href="Bed005.D.segs.xml#id(Bed005.segment.1,411)..id(Bed005.segment.1,412)"/>
      <nite:child href="Bed005.C.segs.xml#id(Bed005.segment.1,413)"/>
      <nite:child href="Bed005.D.segs.xml#id(Bed005.segment.1,414)..id(Bed005.segment.1,416)"/>
      <nite:child href="Bed005.A.segs.xml#id(Bed005.segment.1,417)"/>
      <nite:child href="Bed005.E.segs.xml#id(Bed005.segment.1,418)"/>
      <nite:child href="Bed005.A.segs.xml#id(Bed005.segment.1,420)"/>
      <nite:child href="Bed005.D.segs.xml#id(Bed005.segment.1,419)"/>
      <nite:child href="Bed005.B.segs.xml#id(Bed005.segment.1,421)"/>
      <nite:child href="Bed005.A.segs.xml#id(Bed005.segment.1,422)"/>
      <nite:child href="Bed005.B.segs.xml#id(Bed005.segment.1,424)"/>
      <nite:child href="Bed005.E.segs.xml#id(Bed005.segment.1,423)"/>
      <nite:child href="Bed005.F.segs.xml#id(Bed005.segment.1,425)"/>
      <nite:child href="Bed005.D.segs.xml#id(Bed005.segment.1,426)"/>
      <nite:child href="Bed005.A.segs.xml#id(Bed005.segment.1,427)"/>
      <nite:child href="Bed005.B.segs.xml#id(Bed005.segment.1,428)"/>
      <nite:child href="Bed005.A.segs.xml#id(Bed005.segment.1,429)"/>
      <nite:child href="Bed005.B.segs.xml#id(Bed005.segment.1,430)..id(Bed005.segment.1,431)"/>
      <nite:child href="Bed005.E.segs.xml#id(Bed005.segment.1,432)"/>
      <nite:child href="Bed005.B.segs.xml#id(Bed005.segment.1,433)..id(Bed005.segment.1,435)"/>
      <nite:child href="Bed005.D.segs.xml#id(Bed005.segment.1,436)"/>
      <nite:child href="Bed005.B.segs.xml#id(Bed005.segment.1,437)"/>
      <nite:child href="Bed005.A.segs.xml#id(Bed005.segment.1,438)"/>
      <nite:child href="Bed005.B.segs.xml#id(Bed005.segment.1,439)"/>
      <nite:child href="Bed005.D.segs.xml#id(Bed005.segment.1,440)"/>
      <nite:child href="Bed005.B.segs.xml#id(Bed005.segment.1,441)"/>
      <nite:child href="Bed005.E.segs.xml#id(Bed005.segment.1,442)"/>
      <nite:child href="Bed005.B.segs.xml#id(Bed005.segment.1,443)..id(Bed005.segment.1,444)"/>
      <nite:child href="Bed005.A.segs.xml#id(Bed005.segment.1,445)"/>
      <nite:child href="Bed005.B.segs.xml#id(Bed005.segment.1,446)..id(Bed005.segment.1,448)"/>
      <nite:child href="Bed005.A.segs.xml#id(Bed005.segment.1,449)"/>
      <nite:child href="Bed005.B.segs.xml#id(Bed005.segment.1,450)..id(Bed005.segment.1,452)"/>
      <nite:child href="Bed005.D.segs.xml#id(Bed005.segment.1,453)"/>
      <nite:child href="Bed005.B.segs.xml#id(Bed005.segment.1,454)"/>
      <nite:child href="Bed005.D.segs.xml#id(Bed005.segment.1,455)"/>
      <nite:child href="Bed005.B.segs.xml#id(Bed005.segment.1,456)..id(Bed005.segment.1,461)"/>
      <nite:child href="Bed005.C.segs.xml#id(Bed005.segment.1,463)"/>
      <nite:child href="Bed005.B.segs.xml#id(Bed005.segment.1,462)..id(Bed005.segment.1,464)"/>
      <nite:child href="Bed005.C.segs.xml#id(Bed005.segment.1,465)"/>
      <nite:child href="Bed005.D.segs.xml#id(Bed005.segment.1,466)"/>
      <nite:child href="Bed005.C.segs.xml#id(Bed005.segment.1,467)..id(Bed005.segment.1,474)"/>
      <nite:child href="Bed005.B.segs.xml#id(Bed005.segment.1,475)"/>
      <nite:child href="Bed005.C.segs.xml#id(Bed005.segment.1,476)..id(Bed005.segment.1,478)"/>
      <nite:child href="Bed005.D.segs.xml#id(Bed005.segment.1,479)"/>
      <nite:child href="Bed005.C.segs.xml#id(Bed005.segment.1,480)..id(Bed005.segment.1,481)"/>
      <nite:child href="Bed005.B.segs.xml#id(Bed005.segment.1,482)..id(Bed005.segment.1,485)"/>
      <nite:child href="Bed005.D.segs.xml#id(Bed005.segment.1,486)"/>
      <nite:child href="Bed005.B.segs.xml#id(Bed005.segment.1,487)..id(Bed005.segment.1,495)"/>
      <nite:child href="Bed005.E.segs.xml#id(Bed005.segment.1,496)"/>
      <nite:child href="Bed005.B.segs.xml#id(Bed005.segment.1,497)"/>
      <nite:child href="Bed005.D.segs.xml#id(Bed005.segment.1,498)..id(Bed005.segment.1,499)"/>
      <nite:child href="Bed005.B.segs.xml#id(Bed005.segment.1,500)"/>
      <nite:child href="Bed005.D.segs.xml#id(Bed005.segment.1,501)"/>
      <nite:child href="Bed005.B.segs.xml#id(Bed005.segment.1,502)..id(Bed005.segment.1,503)"/>
      <nite:child href="Bed005.D.segs.xml#id(Bed005.segment.1,504)"/>
      <nite:child href="Bed005.B.segs.xml#id(Bed005.segment.1,505)..id(Bed005.segment.1,506)"/>
      <nite:child href="Bed005.D.segs.xml#id(Bed005.segment.1,507)"/>
      <nite:child href="Bed005.B.segs.xml#id(Bed005.segment.1,508)..id(Bed005.segment.1,512)"/>
      <nite:child href="Bed005.D.segs.xml#id(Bed005.segment.1,513)..id(Bed005.segment.1,514)"/>
      <nite:child href="Bed005.B.segs.xml#id(Bed005.segment.1,515)..id(Bed005.segment.1,519)"/>
      <nite:child href="Bed005.D.segs.xml#id(Bed005.segment.1,520)"/>
      <nite:child href="Bed005.B.segs.xml#id(Bed005.segment.1,521)"/>
      <nite:child href="Bed005.D.segs.xml#id(Bed005.segment.1,522)..id(Bed005.segment.1,524)"/>
      <nite:child href="Bed005.B.segs.xml#id(Bed005.segment.1,525)..id(Bed005.segment.1,526)"/>
      <nite:child href="Bed005.D.segs.xml#id(Bed005.segment.1,527)"/>
      <nite:child href="Bed005.B.segs.xml#id(Bed005.segment.1,528)..id(Bed005.segment.1,532)"/>
      <nite:child href="Bed005.A.segs.xml#id(Bed005.segment.1,533)"/>
      <nite:child href="Bed005.B.segs.xml#id(Bed005.segment.1,534)..id(Bed005.segment.1,539)"/>
      <nite:child href="Bed005.C.segs.xml#id(Bed005.segment.1,540)..id(Bed005.segment.1,542)"/>
      <nite:child href="Bed005.B.segs.xml#id(Bed005.segment.1,543)"/>
      <nite:child href="Bed005.C.segs.xml#id(Bed005.segment.1,544)..id(Bed005.segment.1,553)"/>
      <nite:child href="Bed005.A.segs.xml#id(Bed005.segment.1,554)"/>
      <nite:child href="Bed005.B.segs.xml#id(Bed005.segment.1,555)"/>
      <nite:child href="Bed005.C.segs.xml#id(Bed005.segment.1,556)"/>
      <nite:child href="Bed005.A.segs.xml#id(Bed005.segment.1,557)"/>
      <nite:child href="Bed005.C.segs.xml#id(Bed005.segment.1,558)..id(Bed005.segment.1,565)"/>
      <nite:child href="Bed005.B.segs.xml#id(Bed005.segment.1,564)"/>
      <nite:child href="Bed005.C.segs.xml#id(Bed005.segment.1,566)..id(Bed005.segment.1,568)"/>
      <nite:child href="Bed005.B.segs.xml#id(Bed005.segment.1,569)"/>
      <nite:child href="Bed005.C.segs.xml#id(Bed005.segment.1,570)..id(Bed005.segment.1,573)"/>
      <nite:child href="Bed005.B.segs.xml#id(Bed005.segment.1,574)..id(Bed005.segment.1,575)"/>
      <nite:child href="Bed005.C.segs.xml#id(Bed005.segment.1,576)..id(Bed005.segment.1,581)"/>
      <nite:child href="Bed005.B.segs.xml#id(Bed005.segment.1,582)..id(Bed005.segment.1,583)"/>
      <nite:child href="Bed005.C.segs.xml#id(Bed005.segment.1,584)"/>
      <nite:child href="Bed005.B.segs.xml#id(Bed005.segment.1,585)"/>
      <nite:child href="Bed005.C.segs.xml#id(Bed005.segment.1,586)"/>
      <nite:child href="Bed005.E.segs.xml#id(Bed005.segment.1,587)..id(Bed005.segment.1,588)"/>
      <nite:child href="Bed005.C.segs.xml#id(Bed005.segment.1,589)"/>
      <nite:child href="Bed005.B.segs.xml#id(Bed005.segment.1,590)"/>
      <nite:child href="Bed005.C.segs.xml#id(Bed005.segment.1,591)..id(Bed005.segment.1,592)"/>
      <nite:child href="Bed005.B.segs.xml#id(Bed005.segment.1,593)"/>
      <nite:child href="Bed005.C.segs.xml#id(Bed005.segment.1,594)..id(Bed005.segment.1,596)"/>
      <nite:child href="Bed005.E.segs.xml#id(Bed005.segment.1,597)"/>
      <nite:child href="Bed005.C.segs.xml#id(Bed005.segment.1,598)"/>
      <nite:child href="Bed005.E.segs.xml#id(Bed005.segment.1,599)"/>
      <nite:child href="Bed005.C.segs.xml#id(Bed005.segment.1,600)..id(Bed005.segment.1,603)"/>
      <nite:child href="Bed005.B.segs.xml#id(Bed005.segment.1,604)..id(Bed005.segment.1,605)"/>
      <nite:child href="Bed005.C.segs.xml#id(Bed005.segment.1,606)..id(Bed005.segment.1,607)"/>
      <nite:child href="Bed005.B.segs.xml#id(Bed005.segment.1,608)..id(Bed005.segment.1,611)"/>
      <nite:child href="Bed005.C.segs.xml#id(Bed005.segment.1,612)"/>
      <nite:child href="Bed005.B.segs.xml#id(Bed005.segment.1,613)..id(Bed005.segment.1,616)"/>
      <nite:child href="Bed005.D.segs.xml#id(Bed005.segment.1,617)"/>
      <nite:child href="Bed005.B.segs.xml#id(Bed005.segment.1,618)..id(Bed005.segment.1,619)"/>
      <nite:child href="Bed005.C.segs.xml#id(Bed005.segment.1,620)"/>
      <nite:child href="Bed005.F.segs.xml#id(Bed005.segment.1,621)"/>
      <nite:child href="Bed005.B.segs.xml#id(Bed005.segment.1,622)"/>
      <nite:child href="Bed005.C.segs.xml#id(Bed005.segment.1,623)"/>
      <nite:child href="Bed005.B.segs.xml#id(Bed005.segment.1,624)..id(Bed005.segment.1,626)"/>
      <nite:child href="Bed005.D.segs.xml#id(Bed005.segment.1,627)"/>
      <nite:child href="Bed005.B.segs.xml#id(Bed005.segment.1,628)..id(Bed005.segment.1,629)"/>
      <nite:child href="Bed005.D.segs.xml#id(Bed005.segment.1,630)..id(Bed005.segment.1,631)"/>
      <nite:child href="Bed005.B.segs.xml#id(Bed005.segment.1,632)..id(Bed005.segment.1,637)"/>
      <nite:child href="Bed005.D.segs.xml#id(Bed005.segment.1,638)"/>
      <nite:child href="Bed005.B.segs.xml#id(Bed005.segment.1,639)"/>
      <nite:child href="Bed005.D.segs.xml#id(Bed005.segment.1,640)"/>
      <nite:child href="Bed005.A.segs.xml#id(Bed005.segment.1,641)..id(Bed005.segment.1,642)"/>
      <nite:child href="Bed005.B.segs.xml#id(Bed005.segment.1,643)"/>
      <nite:child href="Bed005.D.segs.xml#id(Bed005.segment.1,644)"/>
      <nite:child href="Bed005.B.segs.xml#id(Bed005.segment.1,645)..id(Bed005.segment.1,649)"/>
      <nite:child href="Bed005.A.segs.xml#id(Bed005.segment.1,650)"/>
      <nite:child href="Bed005.B.segs.xml#id(Bed005.segment.1,651)"/>
      <nite:child href="Bed005.E.segs.xml#id(Bed005.segment.1,652)"/>
      <nite:child href="Bed005.B.segs.xml#id(Bed005.segment.1,653)"/>
      <nite:child href="Bed005.A.segs.xml#id(Bed005.segment.1,654)"/>
      <nite:child href="Bed005.B.segs.xml#id(Bed005.segment.1,655)..id(Bed005.segment.1,658)"/>
      <nite:child href="Bed005.E.segs.xml#id(Bed005.segment.1,659)"/>
      <nite:child href="Bed005.B.segs.xml#id(Bed005.segment.1,660)"/>
      <nite:child href="Bed005.A.segs.xml#id(Bed005.segment.1,661)..id(Bed005.segment.1,662)"/>
      <nite:child href="Bed005.B.segs.xml#id(Bed005.segment.1,663)"/>
      <nite:child href="Bed005.E.segs.xml#id(Bed005.segment.1,664)"/>
      <nite:child href="Bed005.B.segs.xml#id(Bed005.segment.1,665)"/>
      <nite:child href="Bed005.A.segs.xml#id(Bed005.segment.1,666)..id(Bed005.segment.1,668)"/>
      <nite:child href="Bed005.B.segs.xml#id(Bed005.segment.1,669)"/>
      <nite:child href="Bed005.A.segs.xml#id(Bed005.segment.1,670)"/>
      <nite:child href="Bed005.B.segs.xml#id(Bed005.segment.1,671)"/>
      <nite:child href="Bed005.A.segs.xml#id(Bed005.segment.1,672)"/>
      <nite:child href="Bed005.C.segs.xml#id(Bed005.segment.1,673)"/>
      <nite:child href="Bed005.B.segs.xml#id(Bed005.segment.1,674)..id(Bed005.segment.1,675)"/>
      <nite:child href="Bed005.E.segs.xml#id(Bed005.segment.1,676)"/>
      <nite:child href="Bed005.B.segs.xml#id(Bed005.segment.1,677)"/>
      <nite:child href="Bed005.D.segs.xml#id(Bed005.segment.1,678)"/>
      <nite:child href="Bed005.B.segs.xml#id(Bed005.segment.1,679)"/>
      <nite:child href="Bed005.D.segs.xml#id(Bed005.segment.1,680)"/>
      <nite:child href="Bed005.B.segs.xml#id(Bed005.segment.1,681)..id(Bed005.segment.1,684)"/>
      <nite:child href="Bed005.D.segs.xml#id(Bed005.segment.1,685)"/>
      <nite:child href="Bed005.B.segs.xml#id(Bed005.segment.1,686)..id(Bed005.segment.1,687)"/>
      <nite:child href="Bed005.A.segs.xml#id(Bed005.segment.1,688)"/>
      <nite:child href="Bed005.D.segs.xml#id(Bed005.segment.1,689)"/>
      <nite:child href="Bed005.B.segs.xml#id(Bed005.segment.1,690)"/>
      <nite:child href="Bed005.D.segs.xml#id(Bed005.segment.1,691)..id(Bed005.segment.1,692)"/>
      <nite:child href="Bed005.E.segs.xml#id(Bed005.segment.1,693)"/>
      <nite:child href="Bed005.B.segs.xml#id(Bed005.segment.1,694)..id(Bed005.segment.1,697)"/>
      <nite:child href="Bed005.D.segs.xml#id(Bed005.segment.1,698)"/>
      <nite:child href="Bed005.B.segs.xml#id(Bed005.segment.1,699)"/>
      <nite:child href="Bed005.D.segs.xml#id(Bed005.segment.1,700)..id(Bed005.segment.1,705)"/>
      <nite:child href="Bed005.B.segs.xml#id(Bed005.segment.1,706)..id(Bed005.segment.1,708)"/>
      <nite:child href="Bed005.D.segs.xml#id(Bed005.segment.1,709)"/>
      <nite:child href="Bed005.B.segs.xml#id(Bed005.segment.1,710)..id(Bed005.segment.1,711)"/>
      <nite:child href="Bed005.D.segs.xml#id(Bed005.segment.1,712)"/>
      <nite:child href="Bed005.B.segs.xml#id(Bed005.segment.1,713)..id(Bed005.segment.1,721)"/>
      <nite:child href="Bed005.D.segs.xml#id(Bed005.segment.1,722)"/>
      <nite:child href="Bed005.F.segs.xml#id(Bed005.segment.1,723)"/>
      <nite:child href="Bed005.B.segs.xml#id(Bed005.segment.1,724)"/>
      <nite:child href="Bed005.D.segs.xml#id(Bed005.segment.1,725)"/>
      <nite:child href="Bed005.B.segs.xml#id(Bed005.segment.1,726)"/>
      <nite:child href="Bed005.F.segs.xml#id(Bed005.segment.1,727)"/>
      <nite:child href="Bed005.B.segs.xml#id(Bed005.segment.1,728)..id(Bed005.segment.1,729)"/>
      <nite:child href="Bed005.C.segs.xml#id(Bed005.segment.1,730)..id(Bed005.segment.1,731)"/>
      <nite:child href="Bed005.B.segs.xml#id(Bed005.segment.1,732)"/>
      <nite:child href="Bed005.C.segs.xml#id(Bed005.segment.1,733)"/>
   </topic>
   <topic nite:id="Bed005.topic.2" description="chitchat">
      <nite:child href="Bed005.C.segs.xml#id(Bed005.segment.1,734)"/>
      <nite:child href="Bed005.B.segs.xml#id(Bed005.segment.1,735)..id(Bed005.segment.1,737)"/>
      <nite:child href="Bed005.C.segs.xml#id(Bed005.segment.1,738)"/>
      <nite:child href="Bed005.B.segs.xml#id(Bed005.segment.1,739)"/>
      <nite:child href="Bed005.C.segs.xml#id(Bed005.segment.1,740)"/>
      <nite:child href="Bed005.E.segs.xml#id(Bed005.segment.1,741)"/>
      <nite:child href="Bed005.A.segs.xml#id(Bed005.segment.1,742)"/>
      <nite:child href="Bed005.D.segs.xml#id(Bed005.segment.1,743)"/>
      <nite:child href="Bed005.E.segs.xml#id(Bed005.segment.1,744)"/>
      <nite:child href="Bed005.A.segs.xml#id(Bed005.segment.1,745)"/>
      <nite:child href="Bed005.D.segs.xml#id(Bed005.segment.1,746)..id(Bed005.segment.1,749)"/>
      <nite:child href="Bed005.E.segs.xml#id(Bed005.segment.1,750)..id(Bed005.segment.1,751)"/>
      <nite:child href="Bed005.D.segs.xml#id(Bed005.segment.1,752)"/>
      <nite:child href="Bed005.C.segs.xml#id(Bed005.segment.1,753)"/>
      <nite:child href="Bed005.D.segs.xml#id(Bed005.segment.1,754)"/>
   </topic>
</nite:root>