<?xml version="1.0" encoding="ISO-8859-1" standalone="yes"?>
<nite:root nite:id="Bmr025.topic" xmlns:nite="http://nite.sourceforge.net/">
   <topic nite:id="Bmr025.topic.22" description="opening">
      <topic nite:id="Bmr025.topic.1" description="chitchat">
         <nite:child href="Bmr025.E.segs.xml#id(Bmr025.segment.1)"/>
         <nite:child href="Bmr025.B.segs.xml#id(Bmr025.segment.2)..id(Bmr025.segment.5)"/>
         <nite:child href="Bmr025.H.segs.xml#id(Bmr025.segment.6)"/>
         <nite:child href="Bmr025.B.segs.xml#id(Bmr025.segment.7)..id(Bmr025.segment.8)"/>
      </topic>
      <nite:child href="Bmr025.H.segs.xml#id(Bmr025.segment.9)"/>
      <topic nite:id="Bmr025.topic.2" description="agenda">
         <nite:child href="Bmr025.B.segs.xml#id(Bmr025.segment.10)..id(Bmr025.segment.12)"/>
         <nite:child href="Bmr025.H.segs.xml#id(Bmr025.segment.13)"/>
      </topic>
   </topic>
   <topic nite:id="Bmr025.topic.3" description="transcription status">
      <nite:child href="Bmr025.B.segs.xml#id(Bmr025.segment.14)..id(Bmr025.segment.15)"/>
      <nite:child href="Bmr025.H.segs.xml#id(Bmr025.segment.16)"/>
      <nite:child href="Bmr025.A.segs.xml#id(Bmr025.segment.17)"/>
      <nite:child href="Bmr025.B.segs.xml#id(Bmr025.segment.18)..id(Bmr025.segment.19)"/>
      <nite:child href="Bmr025.D.segs.xml#id(Bmr025.segment.20)"/>
      <nite:child href="Bmr025.B.segs.xml#id(Bmr025.segment.21)"/>
      <nite:child href="Bmr025.A.segs.xml#id(Bmr025.segment.22)"/>
      <nite:child href="Bmr025.F.segs.xml#id(Bmr025.segment.23)"/>
      <nite:child href="Bmr025.E.segs.xml#id(Bmr025.segment.24)"/>
      <nite:child href="Bmr025.A.segs.xml#id(Bmr025.segment.25)..id(Bmr025.segment.28)"/>
      <nite:child href="Bmr025.H.segs.xml#id(Bmr025.segment.30)..id(Bmr025.segment.32)"/>
      <nite:child href="Bmr025.D.segs.xml#id(Bmr025.segment.31)"/>
      <nite:child href="Bmr025.H.segs.xml#id(Bmr025.segment.34)..id(Bmr025.segment.37)"/>
      <nite:child href="Bmr025.A.segs.xml#id(Bmr025.segment.39)"/>
      <nite:child href="Bmr025.H.segs.xml#id(Bmr025.segment.40)..id(Bmr025.segment.41)"/>
      <nite:child href="Bmr025.A.segs.xml#id(Bmr025.segment.42)..id(Bmr025.segment.43)"/>
      <nite:child href="Bmr025.H.segs.xml#id(Bmr025.segment.44)"/>
      <nite:child href="Bmr025.A.segs.xml#id(Bmr025.segment.45)"/>
      <nite:child href="Bmr025.H.segs.xml#id(Bmr025.segment.46)..id(Bmr025.segment.47)"/>
      <nite:child href="Bmr025.B.segs.xml#id(Bmr025.segment.48)"/>
      <nite:child href="Bmr025.A.segs.xml#id(Bmr025.segment.49)..id(Bmr025.segment.50)"/>
      <nite:child href="Bmr025.H.segs.xml#id(Bmr025.segment.51)..id(Bmr025.segment.53)"/>
      <nite:child href="Bmr025.A.segs.xml#id(Bmr025.segment.54)"/>
      <nite:child href="Bmr025.B.segs.xml#id(Bmr025.segment.55)"/>
      <nite:child href="Bmr025.D.segs.xml#id(Bmr025.segment.56)..id(Bmr025.segment.57)"/>
      <nite:child href="Bmr025.F.segs.xml#id(Bmr025.segment.58)"/>
      <nite:child href="Bmr025.C.segs.xml#id(Bmr025.segment.59)"/>
      <nite:child href="Bmr025.D.segs.xml#id(Bmr025.segment.60)"/>
      <nite:child href="Bmr025.F.segs.xml#id(Bmr025.segment.61)..id(Bmr025.segment.62)"/>
      <nite:child href="Bmr025.D.segs.xml#id(Bmr025.segment.63)"/>
      <nite:child href="Bmr025.F.segs.xml#id(Bmr025.segment.64)"/>
      <nite:child href="Bmr025.A.segs.xml#id(Bmr025.segment.65)..id(Bmr025.segment.66)"/>
      <nite:child href="Bmr025.F.segs.xml#id(Bmr025.segment.67)..id(Bmr025.segment.68)"/>
      <nite:child href="Bmr025.H.segs.xml#id(Bmr025.segment.69)"/>
      <nite:child href="Bmr025.D.segs.xml#id(Bmr025.segment.70)"/>
      <nite:child href="Bmr025.A.segs.xml#id(Bmr025.segment.71)"/>
      <nite:child href="Bmr025.F.segs.xml#id(Bmr025.segment.72)"/>
      <nite:child href="Bmr025.H.segs.xml#id(Bmr025.segment.73)"/>
      <nite:child href="Bmr025.F.segs.xml#id(Bmr025.segment.74)..id(Bmr025.segment.81)"/>
      <nite:child href="Bmr025.A.segs.xml#id(Bmr025.segment.82)"/>
      <nite:child href="Bmr025.F.segs.xml#id(Bmr025.segment.83)"/>
      <nite:child href="Bmr025.H.segs.xml#id(Bmr025.segment.84)"/>
      <nite:child href="Bmr025.F.segs.xml#id(Bmr025.segment.85)"/>
      <nite:child href="Bmr025.H.segs.xml#id(Bmr025.segment.86)..id(Bmr025.segment.88)"/>
      <nite:child href="Bmr025.A.segs.xml#id(Bmr025.segment.89)"/>
      <nite:child href="Bmr025.H.segs.xml#id(Bmr025.segment.90)"/>
   </topic>
   <topic nite:id="Bmr025.topic.10" description="demo">
      <nite:child href="Bmr025.B.segs.xml#id(Bmr025.segment.91)"/>
      <nite:child href="Bmr025.H.segs.xml#id(Bmr025.segment.92)..id(Bmr025.segment.93)"/>
      <nite:child href="Bmr025.B.segs.xml#id(Bmr025.segment.94)"/>
      <nite:child href="Bmr025.H.segs.xml#id(Bmr025.segment.95)..id(Bmr025.segment.102)"/>
      <nite:child href="Bmr025.F.segs.xml#id(Bmr025.segment.103)"/>
      <nite:child href="Bmr025.H.segs.xml#id(Bmr025.segment.104)"/>
      <nite:child href="Bmr025.F.segs.xml#id(Bmr025.segment.105)"/>
      <nite:child href="Bmr025.H.segs.xml#id(Bmr025.segment.106)..id(Bmr025.segment.107)"/>
      <nite:child href="Bmr025.F.segs.xml#id(Bmr025.segment.108)"/>
      <nite:child href="Bmr025.B.segs.xml#id(Bmr025.segment.109)..id(Bmr025.segment.110)"/>
      <nite:child href="Bmr025.H.segs.xml#id(Bmr025.segment.111)"/>
      <nite:child href="Bmr025.B.segs.xml#id(Bmr025.segment.112)"/>
      <nite:child href="Bmr025.H.segs.xml#id(Bmr025.segment.113)..id(Bmr025.segment.115)"/>
      <nite:child href="Bmr025.B.segs.xml#id(Bmr025.segment.116)"/>
      <nite:child href="Bmr025.H.segs.xml#id(Bmr025.segment.117)"/>
      <nite:child href="Bmr025.B.segs.xml#id(Bmr025.segment.118)"/>
      <nite:child href="Bmr025.H.segs.xml#id(Bmr025.segment.119)"/>
      <nite:child href="Bmr025.B.segs.xml#id(Bmr025.segment.120)"/>
      <nite:child href="Bmr025.H.segs.xml#id(Bmr025.segment.121)..id(Bmr025.segment.122)"/>
      <nite:child href="Bmr025.B.segs.xml#id(Bmr025.segment.123)"/>
      <nite:child href="Bmr025.H.segs.xml#id(Bmr025.segment.124)"/>
      <nite:child href="Bmr025.B.segs.xml#id(Bmr025.segment.125)"/>
      <nite:child href="Bmr025.H.segs.xml#id(Bmr025.segment.126)..id(Bmr025.segment.128)"/>
      <nite:child href="Bmr025.A.segs.xml#id(Bmr025.segment.129)"/>
      <nite:child href="Bmr025.H.segs.xml#id(Bmr025.segment.130)"/>
      <nite:child href="Bmr025.A.segs.xml#id(Bmr025.segment.131)..id(Bmr025.segment.133)"/>
      <nite:child href="Bmr025.H.segs.xml#id(Bmr025.segment.134)..id(Bmr025.segment.136)"/>
      <nite:child href="Bmr025.A.segs.xml#id(Bmr025.segment.137)"/>
      <nite:child href="Bmr025.H.segs.xml#id(Bmr025.segment.138)..id(Bmr025.segment.140)"/>
      <nite:child href="Bmr025.A.segs.xml#id(Bmr025.segment.141)"/>
      <nite:child href="Bmr025.H.segs.xml#id(Bmr025.segment.142)..id(Bmr025.segment.143)"/>
      <nite:child href="Bmr025.A.segs.xml#id(Bmr025.segment.144)"/>
      <nite:child href="Bmr025.H.segs.xml#id(Bmr025.segment.145)"/>
      <nite:child href="Bmr025.A.segs.xml#id(Bmr025.segment.146)"/>
      <nite:child href="Bmr025.H.segs.xml#id(Bmr025.segment.147)"/>
      <nite:child href="Bmr025.A.segs.xml#id(Bmr025.segment.148)"/>
      <nite:child href="Bmr025.H.segs.xml#id(Bmr025.segment.149)"/>
      <nite:child href="Bmr025.A.segs.xml#id(Bmr025.segment.150)"/>
      <nite:child href="Bmr025.H.segs.xml#id(Bmr025.segment.151)..id(Bmr025.segment.155)"/>
      <nite:child href="Bmr025.B.segs.xml#id(Bmr025.segment.156)..id(Bmr025.segment.157)"/>
      <nite:child href="Bmr025.H.segs.xml#id(Bmr025.segment.158)"/>
      <nite:child href="Bmr025.G.segs.xml#id(Bmr025.segment.159)"/>
      <nite:child href="Bmr025.F.segs.xml#id(Bmr025.segment.160)"/>
      <nite:child href="Bmr025.H.segs.xml#id(Bmr025.segment.161)"/>
      <nite:child href="Bmr025.F.segs.xml#id(Bmr025.segment.162)"/>
      <nite:child href="Bmr025.H.segs.xml#id(Bmr025.segment.163)"/>
      <nite:child href="Bmr025.F.segs.xml#id(Bmr025.segment.164)"/>
      <nite:child href="Bmr025.H.segs.xml#id(Bmr025.segment.165)..id(Bmr025.segment.168)"/>
      <nite:child href="Bmr025.F.segs.xml#id(Bmr025.segment.169)..id(Bmr025.segment.170)"/>
      <nite:child href="Bmr025.B.segs.xml#id(Bmr025.segment.171)"/>
      <nite:child href="Bmr025.H.segs.xml#id(Bmr025.segment.172)"/>
      <nite:child href="Bmr025.F.segs.xml#id(Bmr025.segment.173)"/>
      <nite:child href="Bmr025.H.segs.xml#id(Bmr025.segment.174)"/>
      <nite:child href="Bmr025.C.segs.xml#id(Bmr025.segment.175)"/>
      <nite:child href="Bmr025.D.segs.xml#id(Bmr025.segment.176)"/>
      <nite:child href="Bmr025.F.segs.xml#id(Bmr025.segment.177)"/>
      <nite:child href="Bmr025.E.segs.xml#id(Bmr025.segment.178)"/>
      <nite:child href="Bmr025.B.segs.xml#id(Bmr025.segment.179)"/>
      <nite:child href="Bmr025.H.segs.xml#id(Bmr025.segment.180)"/>
      <nite:child href="Bmr025.D.segs.xml#id(Bmr025.segment.181)"/>
      <nite:child href="Bmr025.F.segs.xml#id(Bmr025.segment.182)"/>
      <nite:child href="Bmr025.B.segs.xml#id(Bmr025.segment.183)"/>
      <nite:child href="Bmr025.C.segs.xml#id(Bmr025.segment.184)"/>
      <nite:child href="Bmr025.H.segs.xml#id(Bmr025.segment.185)"/>
      <nite:child href="Bmr025.F.segs.xml#id(Bmr025.segment.186)"/>
      <nite:child href="Bmr025.D.segs.xml#id(Bmr025.segment.187)"/>
      <nite:child href="Bmr025.E.segs.xml#id(Bmr025.segment.188)"/>
      <nite:child href="Bmr025.G.segs.xml#id(Bmr025.segment.189)"/>
      <nite:child href="Bmr025.F.segs.xml#id(Bmr025.segment.190)"/>
      <nite:child href="Bmr025.B.segs.xml#id(Bmr025.segment.191)"/>
      <nite:child href="Bmr025.H.segs.xml#id(Bmr025.segment.192)"/>
      <nite:child href="Bmr025.D.segs.xml#id(Bmr025.segment.194)"/>
      <nite:child href="Bmr025.E.segs.xml#id(Bmr025.segment.193)"/>
      <nite:child href="Bmr025.C.segs.xml#id(Bmr025.segment.195)"/>
      <nite:child href="Bmr025.A.segs.xml#id(Bmr025.segment.196)"/>
      <nite:child href="Bmr025.G.segs.xml#id(Bmr025.segment.197)"/>
      <nite:child href="Bmr025.F.segs.xml#id(Bmr025.segment.198)"/>
      <nite:child href="Bmr025.B.segs.xml#id(Bmr025.segment.199)"/>
      <nite:child href="Bmr025.H.segs.xml#id(Bmr025.segment.200)"/>
      <nite:child href="Bmr025.B.segs.xml#id(Bmr025.segment.201)"/>
      <nite:child href="Bmr025.A.segs.xml#id(Bmr025.segment.202)"/>
      <nite:child href="Bmr025.C.segs.xml#id(Bmr025.segment.203)"/>
      <nite:child href="Bmr025.B.segs.xml#id(Bmr025.segment.204)"/>
      <nite:child href="Bmr025.H.segs.xml#id(Bmr025.segment.205)"/>
      <nite:child href="Bmr025.B.segs.xml#id(Bmr025.segment.206)"/>
      <nite:child href="Bmr025.F.segs.xml#id(Bmr025.segment.207)"/>
      <nite:child href="Bmr025.H.segs.xml#id(Bmr025.segment.208)..id(Bmr025.segment.212)"/>
      <nite:child href="Bmr025.B.segs.xml#id(Bmr025.segment.213)"/>
      <nite:child href="Bmr025.H.segs.xml#id(Bmr025.segment.214)..id(Bmr025.segment.216)"/>
      <nite:child href="Bmr025.B.segs.xml#id(Bmr025.segment.217)"/>
      <nite:child href="Bmr025.H.segs.xml#id(Bmr025.segment.218)..id(Bmr025.segment.220)"/>
      <nite:child href="Bmr025.B.segs.xml#id(Bmr025.segment.221)"/>
      <nite:child href="Bmr025.F.segs.xml#id(Bmr025.segment.222)"/>
      <nite:child href="Bmr025.H.segs.xml#id(Bmr025.segment.223)"/>
      <nite:child href="Bmr025.F.segs.xml#id(Bmr025.segment.224)"/>
      <nite:child href="Bmr025.H.segs.xml#id(Bmr025.segment.225)"/>
      <nite:child href="Bmr025.F.segs.xml#id(Bmr025.segment.226)..id(Bmr025.segment.227)"/>
      <nite:child href="Bmr025.B.segs.xml#id(Bmr025.segment.228)"/>
      <nite:child href="Bmr025.H.segs.xml#id(Bmr025.segment.229)..id(Bmr025.segment.230)"/>
      <nite:child href="Bmr025.B.segs.xml#id(Bmr025.segment.231)..id(Bmr025.segment.232)"/>
      <nite:child href="Bmr025.H.segs.xml#id(Bmr025.segment.233)"/>
      <nite:child href="Bmr025.F.segs.xml#id(Bmr025.segment.234)"/>
      <nite:child href="Bmr025.H.segs.xml#id(Bmr025.segment.235)..id(Bmr025.segment.239)"/>
      <nite:child href="Bmr025.G.segs.xml#id(Bmr025.segment.240)"/>
      <nite:child href="Bmr025.H.segs.xml#id(Bmr025.segment.241)..id(Bmr025.segment.242)"/>
      <nite:child href="Bmr025.B.segs.xml#id(Bmr025.segment.243)"/>
      <nite:child href="Bmr025.E.segs.xml#id(Bmr025.segment.244)"/>
      <nite:child href="Bmr025.H.segs.xml#id(Bmr025.segment.245)"/>
      <nite:child href="Bmr025.E.segs.xml#id(Bmr025.segment.246)..id(Bmr025.segment.247)"/>
      <nite:child href="Bmr025.H.segs.xml#id(Bmr025.segment.248)"/>
      <nite:child href="Bmr025.E.segs.xml#id(Bmr025.segment.249)"/>
      <nite:child href="Bmr025.B.segs.xml#id(Bmr025.segment.250)"/>
      <nite:child href="Bmr025.D.segs.xml#id(Bmr025.segment.251)"/>
      <nite:child href="Bmr025.H.segs.xml#id(Bmr025.segment.252)"/>
      <nite:child href="Bmr025.E.segs.xml#id(Bmr025.segment.254)"/>
      <nite:child href="Bmr025.H.segs.xml#id(Bmr025.segment.253)"/>
      <nite:child href="Bmr025.E.segs.xml#id(Bmr025.segment.255)"/>
      <nite:child href="Bmr025.B.segs.xml#id(Bmr025.segment.256)"/>
      <nite:child href="Bmr025.H.segs.xml#id(Bmr025.segment.257)"/>
      <nite:child href="Bmr025.F.segs.xml#id(Bmr025.segment.258)"/>
      <nite:child href="Bmr025.E.segs.xml#id(Bmr025.segment.259)"/>
      <nite:child href="Bmr025.B.segs.xml#id(Bmr025.segment.260)"/>
      <nite:child href="Bmr025.H.segs.xml#id(Bmr025.segment.261)"/>
      <nite:child href="Bmr025.B.segs.xml#id(Bmr025.segment.262)"/>
      <nite:child href="Bmr025.H.segs.xml#id(Bmr025.segment.263)..id(Bmr025.segment.264)"/>
      <nite:child href="Bmr025.D.segs.xml#id(Bmr025.segment.265)"/>
      <nite:child href="Bmr025.E.segs.xml#id(Bmr025.segment.266)"/>
      <nite:child href="Bmr025.C.segs.xml#id(Bmr025.segment.267)"/>
      <nite:child href="Bmr025.A.segs.xml#id(Bmr025.segment.268)"/>
      <nite:child href="Bmr025.F.segs.xml#id(Bmr025.segment.269)"/>
      <nite:child href="Bmr025.B.segs.xml#id(Bmr025.segment.270)"/>
      <nite:child href="Bmr025.D.segs.xml#id(Bmr025.segment.271)"/>
      <nite:child href="Bmr025.H.segs.xml#id(Bmr025.segment.272)"/>
      <nite:child href="Bmr025.E.segs.xml#id(Bmr025.segment.273)"/>
      <nite:child href="Bmr025.C.segs.xml#id(Bmr025.segment.274)"/>
      <nite:child href="Bmr025.A.segs.xml#id(Bmr025.segment.275)"/>
      <nite:child href="Bmr025.H.segs.xml#id(Bmr025.segment.276)"/>
      <nite:child href="Bmr025.A.segs.xml#id(Bmr025.segment.277)"/>
      <nite:child href="Bmr025.B.segs.xml#id(Bmr025.segment.278)"/>
      <nite:child href="Bmr025.H.segs.xml#id(Bmr025.segment.279)..id(Bmr025.segment.281)"/>
      <nite:child href="Bmr025.F.segs.xml#id(Bmr025.segment.282)"/>
      <nite:child href="Bmr025.B.segs.xml#id(Bmr025.segment.283)"/>
      <nite:child href="Bmr025.H.segs.xml#id(Bmr025.segment.284)"/>
      <nite:child href="Bmr025.B.segs.xml#id(Bmr025.segment.285)"/>
      <nite:child href="Bmr025.H.segs.xml#id(Bmr025.segment.286)"/>
      <nite:child href="Bmr025.E.segs.xml#id(Bmr025.segment.287)"/>
      <nite:child href="Bmr025.H.segs.xml#id(Bmr025.segment.288)"/>
      <nite:child href="Bmr025.B.segs.xml#id(Bmr025.segment.289)"/>
      <nite:child href="Bmr025.E.segs.xml#id(Bmr025.segment.290)"/>
      <nite:child href="Bmr025.B.segs.xml#id(Bmr025.segment.291)"/>
      <nite:child href="Bmr025.H.segs.xml#id(Bmr025.segment.292)"/>
      <nite:child href="Bmr025.B.segs.xml#id(Bmr025.segment.293)"/>
      <nite:child href="Bmr025.E.segs.xml#id(Bmr025.segment.294)..id(Bmr025.segment.295)"/>
      <nite:child href="Bmr025.H.segs.xml#id(Bmr025.segment.296)"/>
      <nite:child href="Bmr025.E.segs.xml#id(Bmr025.segment.297)"/>
      <nite:child href="Bmr025.B.segs.xml#id(Bmr025.segment.298)"/>
      <nite:child href="Bmr025.H.segs.xml#id(Bmr025.segment.299)"/>
      <nite:child href="Bmr025.B.segs.xml#id(Bmr025.segment.300)"/>
      <nite:child href="Bmr025.E.segs.xml#id(Bmr025.segment.301)"/>
      <nite:child href="Bmr025.B.segs.xml#id(Bmr025.segment.302)"/>
      <nite:child href="Bmr025.F.segs.xml#id(Bmr025.segment.303)"/>
      <nite:child href="Bmr025.H.segs.xml#id(Bmr025.segment.304)..id(Bmr025.segment.306)"/>
      <nite:child href="Bmr025.E.segs.xml#id(Bmr025.segment.307)"/>
      <nite:child href="Bmr025.H.segs.xml#id(Bmr025.segment.308)"/>
      <nite:child href="Bmr025.E.segs.xml#id(Bmr025.segment.309)"/>
      <nite:child href="Bmr025.H.segs.xml#id(Bmr025.segment.310)"/>
      <nite:child href="Bmr025.E.segs.xml#id(Bmr025.segment.311)"/>
      <nite:child href="Bmr025.H.segs.xml#id(Bmr025.segment.312)..id(Bmr025.segment.314)"/>
      <nite:child href="Bmr025.E.segs.xml#id(Bmr025.segment.315)"/>
      <nite:child href="Bmr025.H.segs.xml#id(Bmr025.segment.316)"/>
      <nite:child href="Bmr025.E.segs.xml#id(Bmr025.segment.317)"/>
      <nite:child href="Bmr025.H.segs.xml#id(Bmr025.segment.318)"/>
      <nite:child href="Bmr025.E.segs.xml#id(Bmr025.segment.319)"/>
      <nite:child href="Bmr025.H.segs.xml#id(Bmr025.segment.320)..id(Bmr025.segment.321)"/>
      <nite:child href="Bmr025.E.segs.xml#id(Bmr025.segment.322)..id(Bmr025.segment.323)"/>
      <nite:child href="Bmr025.H.segs.xml#id(Bmr025.segment.324)"/>
      <nite:child href="Bmr025.E.segs.xml#id(Bmr025.segment.325)..id(Bmr025.segment.326)"/>
      <nite:child href="Bmr025.H.segs.xml#id(Bmr025.segment.327)"/>
      <nite:child href="Bmr025.E.segs.xml#id(Bmr025.segment.328)..id(Bmr025.segment.330)"/>
      <nite:child href="Bmr025.H.segs.xml#id(Bmr025.segment.332)"/>
      <nite:child href="Bmr025.E.segs.xml#id(Bmr025.segment.331)"/>
      <nite:child href="Bmr025.H.segs.xml#id(Bmr025.segment.333)..id(Bmr025.segment.335)"/>
      <nite:child href="Bmr025.E.segs.xml#id(Bmr025.segment.336)"/>
      <nite:child href="Bmr025.B.segs.xml#id(Bmr025.segment.337)..id(Bmr025.segment.339)"/>
      <nite:child href="Bmr025.H.segs.xml#id(Bmr025.segment.340)"/>
      <nite:child href="Bmr025.B.segs.xml#id(Bmr025.segment.341)"/>
      <nite:child href="Bmr025.H.segs.xml#id(Bmr025.segment.342)..id(Bmr025.segment.345)"/>
      <nite:child href="Bmr025.B.segs.xml#id(Bmr025.segment.346)"/>
      <nite:child href="Bmr025.H.segs.xml#id(Bmr025.segment.347)"/>
      <nite:child href="Bmr025.B.segs.xml#id(Bmr025.segment.348)"/>
      <nite:child href="Bmr025.H.segs.xml#id(Bmr025.segment.349)"/>
      <nite:child href="Bmr025.B.segs.xml#id(Bmr025.segment.350)..id(Bmr025.segment.354)"/>
      <nite:child href="Bmr025.D.segs.xml#id(Bmr025.segment.355)"/>
      <nite:child href="Bmr025.A.segs.xml#id(Bmr025.segment.356)"/>
      <nite:child href="Bmr025.H.segs.xml#id(Bmr025.segment.357)"/>
      <nite:child href="Bmr025.A.segs.xml#id(Bmr025.segment.358)"/>
      <nite:child href="Bmr025.H.segs.xml#id(Bmr025.segment.359)"/>
      <nite:child href="Bmr025.A.segs.xml#id(Bmr025.segment.360)..id(Bmr025.segment.361)"/>
      <nite:child href="Bmr025.G.segs.xml#id(Bmr025.segment.362)..id(Bmr025.segment.365)"/>
      <nite:child href="Bmr025.B.segs.xml#id(Bmr025.segment.366)"/>
      <nite:child href="Bmr025.G.segs.xml#id(Bmr025.segment.367)..id(Bmr025.segment.369)"/>
      <nite:child href="Bmr025.B.segs.xml#id(Bmr025.segment.370)"/>
      <nite:child href="Bmr025.G.segs.xml#id(Bmr025.segment.371)"/>
      <nite:child href="Bmr025.B.segs.xml#id(Bmr025.segment.372)"/>
      <nite:child href="Bmr025.G.segs.xml#id(Bmr025.segment.373)"/>
      <nite:child href="Bmr025.B.segs.xml#id(Bmr025.segment.374)..id(Bmr025.segment.375)"/>
      <nite:child href="Bmr025.G.segs.xml#id(Bmr025.segment.376)"/>
      <nite:child href="Bmr025.C.segs.xml#id(Bmr025.segment.377)..id(Bmr025.segment.380)"/>
      <nite:child href="Bmr025.G.segs.xml#id(Bmr025.segment.381)"/>
      <nite:child href="Bmr025.C.segs.xml#id(Bmr025.segment.382)"/>
      <nite:child href="Bmr025.B.segs.xml#id(Bmr025.segment.383)"/>
      <nite:child href="Bmr025.G.segs.xml#id(Bmr025.segment.384)"/>
      <nite:child href="Bmr025.B.segs.xml#id(Bmr025.segment.385)"/>
      <nite:child href="Bmr025.G.segs.xml#id(Bmr025.segment.386)"/>
      <nite:child href="Bmr025.C.segs.xml#id(Bmr025.segment.387)"/>
      <nite:child href="Bmr025.H.segs.xml#id(Bmr025.segment.388)"/>
      <nite:child href="Bmr025.G.segs.xml#id(Bmr025.segment.389)"/>
      <nite:child href="Bmr025.B.segs.xml#id(Bmr025.segment.390)"/>
      <nite:child href="Bmr025.G.segs.xml#id(Bmr025.segment.391)"/>
      <nite:child href="Bmr025.H.segs.xml#id(Bmr025.segment.392)"/>
      <nite:child href="Bmr025.F.segs.xml#id(Bmr025.segment.393)"/>
      <nite:child href="Bmr025.B.segs.xml#id(Bmr025.segment.394)"/>
      <nite:child href="Bmr025.G.segs.xml#id(Bmr025.segment.395)"/>
      <nite:child href="Bmr025.C.segs.xml#id(Bmr025.segment.396)"/>
      <nite:child href="Bmr025.D.segs.xml#id(Bmr025.segment.397)"/>
      <nite:child href="Bmr025.B.segs.xml#id(Bmr025.segment.398)"/>
      <nite:child href="Bmr025.F.segs.xml#id(Bmr025.segment.399)"/>
      <nite:child href="Bmr025.H.segs.xml#id(Bmr025.segment.400)"/>
      <nite:child href="Bmr025.E.segs.xml#id(Bmr025.segment.401)"/>
      <nite:child href="Bmr025.G.segs.xml#id(Bmr025.segment.402)"/>
      <nite:child href="Bmr025.F.segs.xml#id(Bmr025.segment.403)"/>
      <nite:child href="Bmr025.B.segs.xml#id(Bmr025.segment.404)..id(Bmr025.segment.406)"/>
      <nite:child href="Bmr025.E.segs.xml#id(Bmr025.segment.405)"/>
      <nite:child href="Bmr025.B.segs.xml#id(Bmr025.segment.407)"/>
      <nite:child href="Bmr025.G.segs.xml#id(Bmr025.segment.408)"/>
      <nite:child href="Bmr025.C.segs.xml#id(Bmr025.segment.409)"/>
      <nite:child href="Bmr025.B.segs.xml#id(Bmr025.segment.410)"/>
      <nite:child href="Bmr025.G.segs.xml#id(Bmr025.segment.411)"/>
      <nite:child href="Bmr025.C.segs.xml#id(Bmr025.segment.412)"/>
      <nite:child href="Bmr025.G.segs.xml#id(Bmr025.segment.413)"/>
      <nite:child href="Bmr025.B.segs.xml#id(Bmr025.segment.414)"/>
      <nite:child href="Bmr025.G.segs.xml#id(Bmr025.segment.415)"/>
      <nite:child href="Bmr025.B.segs.xml#id(Bmr025.segment.416)"/>
      <nite:child href="Bmr025.G.segs.xml#id(Bmr025.segment.417)..id(Bmr025.segment.419)"/>
      <nite:child href="Bmr025.B.segs.xml#id(Bmr025.segment.420)..id(Bmr025.segment.421)"/>
      <nite:child href="Bmr025.G.segs.xml#id(Bmr025.segment.422)..id(Bmr025.segment.423)"/>
      <nite:child href="Bmr025.B.segs.xml#id(Bmr025.segment.424)..id(Bmr025.segment.426)"/>
   </topic>
   <topic nite:id="Bmr025.topic.17" description="XML tools">
      <nite:child href="Bmr025.B.segs.xml#id(Bmr025.segment.427)"/>
      <nite:child href="Bmr025.H.segs.xml#id(Bmr025.segment.428)..id(Bmr025.segment.435)"/>
      <nite:child href="Bmr025.F.segs.xml#id(Bmr025.segment.436)"/>
      <nite:child href="Bmr025.H.segs.xml#id(Bmr025.segment.437)"/>
      <nite:child href="Bmr025.D.segs.xml#id(Bmr025.segment.438)"/>
      <nite:child href="Bmr025.H.segs.xml#id(Bmr025.segment.439)"/>
      <nite:child href="Bmr025.F.segs.xml#id(Bmr025.segment.440)"/>
      <nite:child href="Bmr025.H.segs.xml#id(Bmr025.segment.441)"/>
      <nite:child href="Bmr025.F.segs.xml#id(Bmr025.segment.442)..id(Bmr025.segment.443)"/>
      <nite:child href="Bmr025.H.segs.xml#id(Bmr025.segment.444)..id(Bmr025.segment.449)"/>
      <nite:child href="Bmr025.C.segs.xml#id(Bmr025.segment.450)"/>
      <nite:child href="Bmr025.H.segs.xml#id(Bmr025.segment.451)"/>
      <nite:child href="Bmr025.D.segs.xml#id(Bmr025.segment.452)"/>
      <nite:child href="Bmr025.H.segs.xml#id(Bmr025.segment.453)..id(Bmr025.segment.454)"/>
      <nite:child href="Bmr025.G.segs.xml#id(Bmr025.segment.455)..id(Bmr025.segment.456)"/>
      <nite:child href="Bmr025.A.segs.xml#id(Bmr025.segment.457)"/>
      <nite:child href="Bmr025.H.segs.xml#id(Bmr025.segment.458)"/>
      <nite:child href="Bmr025.A.segs.xml#id(Bmr025.segment.459)"/>
      <nite:child href="Bmr025.G.segs.xml#id(Bmr025.segment.460)"/>
      <nite:child href="Bmr025.H.segs.xml#id(Bmr025.segment.461)"/>
      <nite:child href="Bmr025.G.segs.xml#id(Bmr025.segment.462)"/>
      <nite:child href="Bmr025.B.segs.xml#id(Bmr025.segment.463)"/>
      <nite:child href="Bmr025.G.segs.xml#id(Bmr025.segment.464)"/>
      <nite:child href="Bmr025.H.segs.xml#id(Bmr025.segment.465)"/>
      <nite:child href="Bmr025.B.segs.xml#id(Bmr025.segment.466)"/>
      <nite:child href="Bmr025.D.segs.xml#id(Bmr025.segment.467)"/>
      <nite:child href="Bmr025.H.segs.xml#id(Bmr025.segment.468)"/>
      <nite:child href="Bmr025.G.segs.xml#id(Bmr025.segment.469)"/>
      <nite:child href="Bmr025.E.segs.xml#id(Bmr025.segment.470)"/>
      <nite:child href="Bmr025.B.segs.xml#id(Bmr025.segment.471)"/>
      <nite:child href="Bmr025.D.segs.xml#id(Bmr025.segment.472)"/>
      <nite:child href="Bmr025.C.segs.xml#id(Bmr025.segment.473)"/>
      <nite:child href="Bmr025.A.segs.xml#id(Bmr025.segment.474)"/>
      <nite:child href="Bmr025.G.segs.xml#id(Bmr025.segment.475)"/>
      <nite:child href="Bmr025.B.segs.xml#id(Bmr025.segment.476)..id(Bmr025.segment.477)"/>
      <nite:child href="Bmr025.H.segs.xml#id(Bmr025.segment.478)"/>
      <nite:child href="Bmr025.B.segs.xml#id(Bmr025.segment.480)"/>
      <nite:child href="Bmr025.G.segs.xml#id(Bmr025.segment.479)"/>
      <nite:child href="Bmr025.H.segs.xml#id(Bmr025.segment.481)"/>
      <nite:child href="Bmr025.D.segs.xml#id(Bmr025.segment.482)"/>
      <nite:child href="Bmr025.G.segs.xml#id(Bmr025.segment.483)"/>
      <nite:child href="Bmr025.A.segs.xml#id(Bmr025.segment.484)"/>
      <nite:child href="Bmr025.C.segs.xml#id(Bmr025.segment.485)"/>
      <nite:child href="Bmr025.B.segs.xml#id(Bmr025.segment.486)"/>
      <nite:child href="Bmr025.G.segs.xml#id(Bmr025.segment.487)"/>
      <nite:child href="Bmr025.E.segs.xml#id(Bmr025.segment.488)"/>
      <nite:child href="Bmr025.B.segs.xml#id(Bmr025.segment.490)"/>
      <nite:child href="Bmr025.G.segs.xml#id(Bmr025.segment.489)"/>
      <nite:child href="Bmr025.H.segs.xml#id(Bmr025.segment.491)"/>
      <nite:child href="Bmr025.E.segs.xml#id(Bmr025.segment.492)"/>
      <nite:child href="Bmr025.B.segs.xml#id(Bmr025.segment.493)..id(Bmr025.segment.494)"/>
      <nite:child href="Bmr025.G.segs.xml#id(Bmr025.segment.496)"/>
      <nite:child href="Bmr025.F.segs.xml#id(Bmr025.segment.495)"/>
      <nite:child href="Bmr025.H.segs.xml#id(Bmr025.segment.497)"/>
      <nite:child href="Bmr025.B.segs.xml#id(Bmr025.segment.498)"/>
      <nite:child href="Bmr025.A.segs.xml#id(Bmr025.segment.499)"/>
      <nite:child href="Bmr025.H.segs.xml#id(Bmr025.segment.500)"/>
      <nite:child href="Bmr025.G.segs.xml#id(Bmr025.segment.501)..id(Bmr025.segment.502)"/>
      <nite:child href="Bmr025.H.segs.xml#id(Bmr025.segment.503)"/>
      <nite:child href="Bmr025.G.segs.xml#id(Bmr025.segment.504)"/>
      <nite:child href="Bmr025.A.segs.xml#id(Bmr025.segment.505)"/>
      <nite:child href="Bmr025.H.segs.xml#id(Bmr025.segment.506)"/>
      <nite:child href="Bmr025.A.segs.xml#id(Bmr025.segment.507)"/>
      <nite:child href="Bmr025.B.segs.xml#id(Bmr025.segment.508)"/>
      <nite:child href="Bmr025.A.segs.xml#id(Bmr025.segment.509)"/>
      <nite:child href="Bmr025.G.segs.xml#id(Bmr025.segment.510)"/>
      <nite:child href="Bmr025.B.segs.xml#id(Bmr025.segment.511)"/>
      <nite:child href="Bmr025.G.segs.xml#id(Bmr025.segment.512)"/>
      <nite:child href="Bmr025.H.segs.xml#id(Bmr025.segment.513)"/>
      <nite:child href="Bmr025.C.segs.xml#id(Bmr025.segment.514)"/>
      <nite:child href="Bmr025.G.segs.xml#id(Bmr025.segment.515)"/>
      <nite:child href="Bmr025.F.segs.xml#id(Bmr025.segment.516)..id(Bmr025.segment.517)"/>
      <nite:child href="Bmr025.H.segs.xml#id(Bmr025.segment.518)"/>
      <nite:child href="Bmr025.G.segs.xml#id(Bmr025.segment.519)"/>
      <nite:child href="Bmr025.F.segs.xml#id(Bmr025.segment.520)"/>
      <nite:child href="Bmr025.C.segs.xml#id(Bmr025.segment.521)"/>
      <nite:child href="Bmr025.H.segs.xml#id(Bmr025.segment.522)"/>
      <nite:child href="Bmr025.G.segs.xml#id(Bmr025.segment.523)"/>
      <nite:child href="Bmr025.F.segs.xml#id(Bmr025.segment.524)"/>
      <nite:child href="Bmr025.G.segs.xml#id(Bmr025.segment.525)"/>
      <nite:child href="Bmr025.H.segs.xml#id(Bmr025.segment.526)..id(Bmr025.segment.528)"/>
      <nite:child href="Bmr025.D.segs.xml#id(Bmr025.segment.529)"/>
      <nite:child href="Bmr025.H.segs.xml#id(Bmr025.segment.530)..id(Bmr025.segment.531)"/>
      <nite:child href="Bmr025.D.segs.xml#id(Bmr025.segment.532)"/>
      <nite:child href="Bmr025.H.segs.xml#id(Bmr025.segment.533)"/>
      <nite:child href="Bmr025.F.segs.xml#id(Bmr025.segment.534)"/>
      <nite:child href="Bmr025.H.segs.xml#id(Bmr025.segment.535)"/>
      <nite:child href="Bmr025.F.segs.xml#id(Bmr025.segment.536)"/>
      <nite:child href="Bmr025.G.segs.xml#id(Bmr025.segment.537)"/>
      <nite:child href="Bmr025.F.segs.xml#id(Bmr025.segment.538)"/>
      <nite:child href="Bmr025.H.segs.xml#id(Bmr025.segment.539)"/>
      <nite:child href="Bmr025.G.segs.xml#id(Bmr025.segment.540)..id(Bmr025.segment.541)"/>
      <nite:child href="Bmr025.H.segs.xml#id(Bmr025.segment.542)"/>
   </topic>
   <topic nite:id="Bmr025.topic.18" description="microphones and recording">
      <nite:child href="Bmr025.H.segs.xml#id(Bmr025.segment.544)"/>
      <nite:child href="Bmr025.C.segs.xml#id(Bmr025.segment.543)"/>
      <nite:child href="Bmr025.H.segs.xml#id(Bmr025.segment.545)"/>
      <nite:child href="Bmr025.G.segs.xml#id(Bmr025.segment.546)..id(Bmr025.segment.547)"/>
      <nite:child href="Bmr025.H.segs.xml#id(Bmr025.segment.548)"/>
      <nite:child href="Bmr025.G.segs.xml#id(Bmr025.segment.549)..id(Bmr025.segment.550)"/>
      <nite:child href="Bmr025.F.segs.xml#id(Bmr025.segment.551)"/>
      <nite:child href="Bmr025.D.segs.xml#id(Bmr025.segment.552)"/>
      <nite:child href="Bmr025.C.segs.xml#id(Bmr025.segment.553)"/>
      <nite:child href="Bmr025.F.segs.xml#id(Bmr025.segment.554)"/>
      <nite:child href="Bmr025.G.segs.xml#id(Bmr025.segment.555)..id(Bmr025.segment.556)"/>
      <nite:child href="Bmr025.H.segs.xml#id(Bmr025.segment.557)"/>
      <nite:child href="Bmr025.F.segs.xml#id(Bmr025.segment.558)"/>
      <nite:child href="Bmr025.G.segs.xml#id(Bmr025.segment.559)"/>
      <nite:child href="Bmr025.F.segs.xml#id(Bmr025.segment.560)"/>
      <nite:child href="Bmr025.E.segs.xml#id(Bmr025.segment.561)"/>
      <nite:child href="Bmr025.B.segs.xml#id(Bmr025.segment.562)"/>
      <nite:child href="Bmr025.C.segs.xml#id(Bmr025.segment.563)"/>
      <nite:child href="Bmr025.D.segs.xml#id(Bmr025.segment.564)"/>
      <nite:child href="Bmr025.G.segs.xml#id(Bmr025.segment.565)"/>
      <nite:child href="Bmr025.A.segs.xml#id(Bmr025.segment.566)"/>
      <nite:child href="Bmr025.F.segs.xml#id(Bmr025.segment.567)"/>
      <nite:child href="Bmr025.D.segs.xml#id(Bmr025.segment.568)"/>
      <nite:child href="Bmr025.H.segs.xml#id(Bmr025.segment.569)"/>
      <nite:child href="Bmr025.B.segs.xml#id(Bmr025.segment.570)"/>
      <nite:child href="Bmr025.G.segs.xml#id(Bmr025.segment.571)"/>
      <nite:child href="Bmr025.H.segs.xml#id(Bmr025.segment.572)..id(Bmr025.segment.573)"/>
      <nite:child href="Bmr025.G.segs.xml#id(Bmr025.segment.574)"/>
      <nite:child href="Bmr025.H.segs.xml#id(Bmr025.segment.575)..id(Bmr025.segment.579)"/>
      <nite:child href="Bmr025.F.segs.xml#id(Bmr025.segment.580)"/>
      <nite:child href="Bmr025.H.segs.xml#id(Bmr025.segment.581)..id(Bmr025.segment.584)"/>
      <nite:child href="Bmr025.C.segs.xml#id(Bmr025.segment.585)"/>
      <nite:child href="Bmr025.H.segs.xml#id(Bmr025.segment.586)..id(Bmr025.segment.588)"/>
      <nite:child href="Bmr025.C.segs.xml#id(Bmr025.segment.589)"/>
      <nite:child href="Bmr025.H.segs.xml#id(Bmr025.segment.590)"/>
      <nite:child href="Bmr025.C.segs.xml#id(Bmr025.segment.591)"/>
      <nite:child href="Bmr025.H.segs.xml#id(Bmr025.segment.592)..id(Bmr025.segment.593)"/>
      <nite:child href="Bmr025.F.segs.xml#id(Bmr025.segment.594)"/>
      <nite:child href="Bmr025.H.segs.xml#id(Bmr025.segment.595)"/>
      <nite:child href="Bmr025.D.segs.xml#id(Bmr025.segment.596)"/>
      <nite:child href="Bmr025.H.segs.xml#id(Bmr025.segment.597)"/>
      <nite:child href="Bmr025.C.segs.xml#id(Bmr025.segment.598)"/>
      <nite:child href="Bmr025.D.segs.xml#id(Bmr025.segment.599)"/>
      <nite:child href="Bmr025.C.segs.xml#id(Bmr025.segment.600)"/>
      <nite:child href="Bmr025.H.segs.xml#id(Bmr025.segment.601)..id(Bmr025.segment.604)"/>
      <nite:child href="Bmr025.A.segs.xml#id(Bmr025.segment.605)"/>
      <nite:child href="Bmr025.H.segs.xml#id(Bmr025.segment.606)"/>
      <nite:child href="Bmr025.A.segs.xml#id(Bmr025.segment.607)"/>
      <nite:child href="Bmr025.D.segs.xml#id(Bmr025.segment.608)"/>
      <nite:child href="Bmr025.B.segs.xml#id(Bmr025.segment.609)..id(Bmr025.segment.610)"/>
      <nite:child href="Bmr025.A.segs.xml#id(Bmr025.segment.611)"/>
      <nite:child href="Bmr025.F.segs.xml#id(Bmr025.segment.612)"/>
      <nite:child href="Bmr025.E.segs.xml#id(Bmr025.segment.613)"/>
      <nite:child href="Bmr025.G.segs.xml#id(Bmr025.segment.614)"/>
      <nite:child href="Bmr025.A.segs.xml#id(Bmr025.segment.615)"/>
      <nite:child href="Bmr025.B.segs.xml#id(Bmr025.segment.616)..id(Bmr025.segment.617)"/>
   </topic>
   <topic nite:id="Bmr025.topic.16" description="disk back-up">
      <nite:child href="Bmr025.H.segs.xml#id(Bmr025.segment.618)..id(Bmr025.segment.628)"/>
      <nite:child href="Bmr025.G.segs.xml#id(Bmr025.segment.629)"/>
      <nite:child href="Bmr025.H.segs.xml#id(Bmr025.segment.630)..id(Bmr025.segment.631)"/>
      <nite:child href="Bmr025.B.segs.xml#id(Bmr025.segment.632)..id(Bmr025.segment.634)"/>
      <nite:child href="Bmr025.H.segs.xml#id(Bmr025.segment.635)"/>
      <nite:child href="Bmr025.A.segs.xml#id(Bmr025.segment.636)"/>
      <nite:child href="Bmr025.B.segs.xml#id(Bmr025.segment.637)"/>
      <nite:child href="Bmr025.H.segs.xml#id(Bmr025.segment.638)..id(Bmr025.segment.642)"/>
      <nite:child href="Bmr025.B.segs.xml#id(Bmr025.segment.643)"/>
      <nite:child href="Bmr025.H.segs.xml#id(Bmr025.segment.644)..id(Bmr025.segment.648)"/>
      <nite:child href="Bmr025.B.segs.xml#id(Bmr025.segment.649)..id(Bmr025.segment.651)"/>
      <nite:child href="Bmr025.H.segs.xml#id(Bmr025.segment.652)"/>
      <nite:child href="Bmr025.B.segs.xml#id(Bmr025.segment.653)..id(Bmr025.segment.654)"/>
      <nite:child href="Bmr025.H.segs.xml#id(Bmr025.segment.655)"/>
      <nite:child href="Bmr025.B.segs.xml#id(Bmr025.segment.656)"/>
      <nite:child href="Bmr025.H.segs.xml#id(Bmr025.segment.657)"/>
      <nite:child href="Bmr025.B.segs.xml#id(Bmr025.segment.658)"/>
      <nite:child href="Bmr025.H.segs.xml#id(Bmr025.segment.659)"/>
      <nite:child href="Bmr025.B.segs.xml#id(Bmr025.segment.660)"/>
      <nite:child href="Bmr025.H.segs.xml#id(Bmr025.segment.661)..id(Bmr025.segment.663)"/>
      <nite:child href="Bmr025.B.segs.xml#id(Bmr025.segment.664)"/>
      <nite:child href="Bmr025.H.segs.xml#id(Bmr025.segment.665)"/>
      <nite:child href="Bmr025.B.segs.xml#id(Bmr025.segment.666)"/>
      <nite:child href="Bmr025.C.segs.xml#id(Bmr025.segment.667)"/>
      <nite:child href="Bmr025.D.segs.xml#id(Bmr025.segment.668)"/>
      <nite:child href="Bmr025.B.segs.xml#id(Bmr025.segment.669)"/>
      <nite:child href="Bmr025.H.segs.xml#id(Bmr025.segment.670)"/>
      <nite:child href="Bmr025.E.segs.xml#id(Bmr025.segment.671)"/>
      <nite:child href="Bmr025.H.segs.xml#id(Bmr025.segment.672)"/>
      <nite:child href="Bmr025.E.segs.xml#id(Bmr025.segment.673)"/>
      <nite:child href="Bmr025.H.segs.xml#id(Bmr025.segment.674)..id(Bmr025.segment.676)"/>
      <nite:child href="Bmr025.E.segs.xml#id(Bmr025.segment.677)"/>
      <nite:child href="Bmr025.H.segs.xml#id(Bmr025.segment.678)..id(Bmr025.segment.679)"/>
      <nite:child href="Bmr025.E.segs.xml#id(Bmr025.segment.680)"/>
      <nite:child href="Bmr025.H.segs.xml#id(Bmr025.segment.681)"/>
      <nite:child href="Bmr025.E.segs.xml#id(Bmr025.segment.682)"/>
      <nite:child href="Bmr025.H.segs.xml#id(Bmr025.segment.683)"/>
      <nite:child href="Bmr025.E.segs.xml#id(Bmr025.segment.684)"/>
   </topic>
   <topic nite:id="Bmr025.topic.14" description="equipment">
      <topic nite:id="Bmr025.topic.19" description="interface compatibility">
         <nite:child href="Bmr025.A.segs.xml#id(Bmr025.segment.685)..id(Bmr025.segment.687)"/>
         <nite:child href="Bmr025.D.segs.xml#id(Bmr025.segment.688)"/>
         <nite:child href="Bmr025.A.segs.xml#id(Bmr025.segment.689)..id(Bmr025.segment.690)"/>
         <nite:child href="Bmr025.D.segs.xml#id(Bmr025.segment.691)"/>
         <nite:child href="Bmr025.H.segs.xml#id(Bmr025.segment.692)"/>
         <nite:child href="Bmr025.D.segs.xml#id(Bmr025.segment.693)"/>
         <nite:child href="Bmr025.H.segs.xml#id(Bmr025.segment.694)"/>
         <nite:child href="Bmr025.D.segs.xml#id(Bmr025.segment.695)..id(Bmr025.segment.696)"/>
         <nite:child href="Bmr025.A.segs.xml#id(Bmr025.segment.697)..id(Bmr025.segment.698)"/>
         <nite:child href="Bmr025.D.segs.xml#id(Bmr025.segment.699)..id(Bmr025.segment.700)"/>
         <nite:child href="Bmr025.A.segs.xml#id(Bmr025.segment.701)"/>
         <nite:child href="Bmr025.D.segs.xml#id(Bmr025.segment.702)"/>
         <nite:child href="Bmr025.A.segs.xml#id(Bmr025.segment.704)"/>
         <nite:child href="Bmr025.B.segs.xml#id(Bmr025.segment.703)..id(Bmr025.segment.706)"/>
         <nite:child href="Bmr025.H.segs.xml#id(Bmr025.segment.707)..id(Bmr025.segment.708)"/>
         <nite:child href="Bmr025.B.segs.xml#id(Bmr025.segment.709)"/>
         <nite:child href="Bmr025.H.segs.xml#id(Bmr025.segment.710)..id(Bmr025.segment.713)"/>
         <nite:child href="Bmr025.B.segs.xml#id(Bmr025.segment.714)"/>
         <nite:child href="Bmr025.A.segs.xml#id(Bmr025.segment.715)"/>
         <nite:child href="Bmr025.H.segs.xml#id(Bmr025.segment.716)"/>
         <nite:child href="Bmr025.B.segs.xml#id(Bmr025.segment.717)"/>
         <nite:child href="Bmr025.A.segs.xml#id(Bmr025.segment.718)"/>
         <nite:child href="Bmr025.F.segs.xml#id(Bmr025.segment.719)"/>
         <nite:child href="Bmr025.A.segs.xml#id(Bmr025.segment.720)"/>
         <nite:child href="Bmr025.H.segs.xml#id(Bmr025.segment.721)"/>
         <nite:child href="Bmr025.A.segs.xml#id(Bmr025.segment.722)"/>
         <nite:child href="Bmr025.B.segs.xml#id(Bmr025.segment.723)"/>
         <nite:child href="Bmr025.H.segs.xml#id(Bmr025.segment.724)"/>
         <nite:child href="Bmr025.B.segs.xml#id(Bmr025.segment.725)"/>
         <nite:child href="Bmr025.H.segs.xml#id(Bmr025.segment.726)..id(Bmr025.segment.728)"/>
         <nite:child href="Bmr025.A.segs.xml#id(Bmr025.segment.729)..id(Bmr025.segment.731)"/>
         <nite:child href="Bmr025.H.segs.xml#id(Bmr025.segment.732)"/>
         <nite:child href="Bmr025.A.segs.xml#id(Bmr025.segment.733)..id(Bmr025.segment.737)"/>
      </topic>
      <topic nite:id="Bmr025.topic.20" description="Crosspad">
         <nite:child href="Bmr025.D.segs.xml#id(Bmr025.segment.738)"/>
         <nite:child href="Bmr025.B.segs.xml#id(Bmr025.segment.739)"/>
         <nite:child href="Bmr025.D.segs.xml#id(Bmr025.segment.740)"/>
         <nite:child href="Bmr025.C.segs.xml#id(Bmr025.segment.741)"/>
         <nite:child href="Bmr025.B.segs.xml#id(Bmr025.segment.742)..id(Bmr025.segment.743)"/>
         <nite:child href="Bmr025.D.segs.xml#id(Bmr025.segment.744)"/>
         <nite:child href="Bmr025.B.segs.xml#id(Bmr025.segment.745)"/>
         <nite:child href="Bmr025.D.segs.xml#id(Bmr025.segment.746)"/>
         <nite:child href="Bmr025.H.segs.xml#id(Bmr025.segment.747)"/>
         <nite:child href="Bmr025.D.segs.xml#id(Bmr025.segment.748)..id(Bmr025.segment.749)"/>
         <nite:child href="Bmr025.H.segs.xml#id(Bmr025.segment.750)"/>
         <nite:child href="Bmr025.A.segs.xml#id(Bmr025.segment.751)"/>
         <nite:child href="Bmr025.H.segs.xml#id(Bmr025.segment.752)"/>
      </topic>
      <topic nite:id="Bmr025.topic.21" description="transcription software">
         <nite:child href="Bmr025.B.segs.xml#id(Bmr025.segment.753)..id(Bmr025.segment.755)"/>
         <nite:child href="Bmr025.D.segs.xml#id(Bmr025.segment.756)"/>
         <nite:child href="Bmr025.H.segs.xml#id(Bmr025.segment.757)"/>
         <nite:child href="Bmr025.G.segs.xml#id(Bmr025.segment.758)"/>
         <nite:child href="Bmr025.B.segs.xml#id(Bmr025.segment.759)..id(Bmr025.segment.761)"/>
         <nite:child href="Bmr025.H.segs.xml#id(Bmr025.segment.762)"/>
         <nite:child href="Bmr025.B.segs.xml#id(Bmr025.segment.763)"/>
         <nite:child href="Bmr025.G.segs.xml#id(Bmr025.segment.764)"/>
         <nite:child href="Bmr025.H.segs.xml#id(Bmr025.segment.765)"/>
         <nite:child href="Bmr025.A.segs.xml#id(Bmr025.segment.766)"/>
         <nite:child href="Bmr025.H.segs.xml#id(Bmr025.segment.767)"/>
         <nite:child href="Bmr025.B.segs.xml#id(Bmr025.segment.768)"/>
         <nite:child href="Bmr025.A.segs.xml#id(Bmr025.segment.769)..id(Bmr025.segment.773)"/>
         <nite:child href="Bmr025.B.segs.xml#id(Bmr025.segment.774)"/>
         <nite:child href="Bmr025.F.segs.xml#id(Bmr025.segment.775)"/>
         <nite:child href="Bmr025.A.segs.xml#id(Bmr025.segment.776)..id(Bmr025.segment.777)"/>
         <nite:child href="Bmr025.H.segs.xml#id(Bmr025.segment.778)"/>
         <nite:child href="Bmr025.G.segs.xml#id(Bmr025.segment.779)"/>
         <nite:child href="Bmr025.B.segs.xml#id(Bmr025.segment.780)"/>
         <nite:child href="Bmr025.G.segs.xml#id(Bmr025.segment.781)..id(Bmr025.segment.782)"/>
         <nite:child href="Bmr025.F.segs.xml#id(Bmr025.segment.783)"/>
         <nite:child href="Bmr025.G.segs.xml#id(Bmr025.segment.784)..id(Bmr025.segment.785)"/>
         <nite:child href="Bmr025.F.segs.xml#id(Bmr025.segment.786)"/>
         <nite:child href="Bmr025.G.segs.xml#id(Bmr025.segment.787)..id(Bmr025.segment.788)"/>
         <nite:child href="Bmr025.H.segs.xml#id(Bmr025.segment.789)"/>
         <nite:child href="Bmr025.G.segs.xml#id(Bmr025.segment.790)..id(Bmr025.segment.800)"/>
         <nite:child href="Bmr025.H.segs.xml#id(Bmr025.segment.801)"/>
         <nite:child href="Bmr025.A.segs.xml#id(Bmr025.segment.802)"/>
         <nite:child href="Bmr025.G.segs.xml#id(Bmr025.segment.803)"/>
         <nite:child href="Bmr025.A.segs.xml#id(Bmr025.segment.804)"/>
         <nite:child href="Bmr025.B.segs.xml#id(Bmr025.segment.805)..id(Bmr025.segment.812)"/>
         <nite:child href="Bmr025.G.segs.xml#id(Bmr025.segment.813)"/>
         <nite:child href="Bmr025.B.segs.xml#id(Bmr025.segment.814)"/>
         <nite:child href="Bmr025.G.segs.xml#id(Bmr025.segment.815)"/>
         <nite:child href="Bmr025.A.segs.xml#id(Bmr025.segment.817)"/>
         <nite:child href="Bmr025.B.segs.xml#id(Bmr025.segment.816)"/>
         <nite:child href="Bmr025.F.segs.xml#id(Bmr025.segment.818)"/>
         <nite:child href="Bmr025.H.segs.xml#id(Bmr025.segment.819)..id(Bmr025.segment.820)"/>
         <nite:child href="Bmr025.G.segs.xml#id(Bmr025.segment.821)"/>
         <nite:child href="Bmr025.H.segs.xml#id(Bmr025.segment.823)"/>
         <nite:child href="Bmr025.A.segs.xml#id(Bmr025.segment.822)..id(Bmr025.segment.826)"/>
         <nite:child href="Bmr025.H.segs.xml#id(Bmr025.segment.827)"/>
         <nite:child href="Bmr025.A.segs.xml#id(Bmr025.segment.828)"/>
         <nite:child href="Bmr025.H.segs.xml#id(Bmr025.segment.829)..id(Bmr025.segment.832)"/>
         <nite:child href="Bmr025.A.segs.xml#id(Bmr025.segment.833)"/>
         <nite:child href="Bmr025.H.segs.xml#id(Bmr025.segment.834)"/>
         <nite:child href="Bmr025.E.segs.xml#id(Bmr025.segment.835)"/>
         <nite:child href="Bmr025.A.segs.xml#id(Bmr025.segment.836)..id(Bmr025.segment.837)"/>
         <nite:child href="Bmr025.H.segs.xml#id(Bmr025.segment.838)"/>
         <nite:child href="Bmr025.A.segs.xml#id(Bmr025.segment.839)..id(Bmr025.segment.841)"/>
         <nite:child href="Bmr025.H.segs.xml#id(Bmr025.segment.842)..id(Bmr025.segment.843)"/>
         <nite:child href="Bmr025.E.segs.xml#id(Bmr025.segment.844)"/>
         <nite:child href="Bmr025.A.segs.xml#id(Bmr025.segment.845)"/>
         <nite:child href="Bmr025.H.segs.xml#id(Bmr025.segment.846)..id(Bmr025.segment.847)"/>
         <nite:child href="Bmr025.A.segs.xml#id(Bmr025.segment.848)..id(Bmr025.segment.849)"/>
         <nite:child href="Bmr025.G.segs.xml#id(Bmr025.segment.850)"/>
         <nite:child href="Bmr025.H.segs.xml#id(Bmr025.segment.851)"/>
         <nite:child href="Bmr025.G.segs.xml#id(Bmr025.segment.852)..id(Bmr025.segment.856)"/>
         <nite:child href="Bmr025.B.segs.xml#id(Bmr025.segment.857)..id(Bmr025.segment.861)"/>
         <nite:child href="Bmr025.G.segs.xml#id(Bmr025.segment.862)"/>
         <nite:child href="Bmr025.B.segs.xml#id(Bmr025.segment.863)"/>
         <nite:child href="Bmr025.H.segs.xml#id(Bmr025.segment.864)"/>
         <nite:child href="Bmr025.B.segs.xml#id(Bmr025.segment.865)..id(Bmr025.segment.874)"/>
         <nite:child href="Bmr025.G.segs.xml#id(Bmr025.segment.875)..id(Bmr025.segment.881)"/>
         <nite:child href="Bmr025.E.segs.xml#id(Bmr025.segment.882)..id(Bmr025.segment.885)"/>
         <nite:child href="Bmr025.G.segs.xml#id(Bmr025.segment.886)"/>
         <nite:child href="Bmr025.E.segs.xml#id(Bmr025.segment.887)"/>
         <nite:child href="Bmr025.H.segs.xml#id(Bmr025.segment.888)"/>
         <nite:child href="Bmr025.G.segs.xml#id(Bmr025.segment.889)"/>
         <nite:child href="Bmr025.E.segs.xml#id(Bmr025.segment.890)"/>
         <nite:child href="Bmr025.G.segs.xml#id(Bmr025.segment.891)"/>
         <nite:child href="Bmr025.E.segs.xml#id(Bmr025.segment.892)"/>
         <nite:child href="Bmr025.G.segs.xml#id(Bmr025.segment.893)"/>
         <nite:child href="Bmr025.E.segs.xml#id(Bmr025.segment.894)..id(Bmr025.segment.896)"/>
         <nite:child href="Bmr025.H.segs.xml#id(Bmr025.segment.897)"/>
         <nite:child href="Bmr025.G.segs.xml#id(Bmr025.segment.898)..id(Bmr025.segment.899)"/>
         <nite:child href="Bmr025.E.segs.xml#id(Bmr025.segment.900)"/>
         <nite:child href="Bmr025.G.segs.xml#id(Bmr025.segment.901)"/>
         <nite:child href="Bmr025.A.segs.xml#id(Bmr025.segment.902)"/>
         <nite:child href="Bmr025.H.segs.xml#id(Bmr025.segment.903)"/>
         <nite:child href="Bmr025.G.segs.xml#id(Bmr025.segment.904)"/>
         <nite:child href="Bmr025.B.segs.xml#id(Bmr025.segment.905)"/>
         <nite:child href="Bmr025.H.segs.xml#id(Bmr025.segment.906)"/>
         <nite:child href="Bmr025.G.segs.xml#id(Bmr025.segment.907)"/>
         <nite:child href="Bmr025.A.segs.xml#id(Bmr025.segment.908)"/>
         <nite:child href="Bmr025.G.segs.xml#id(Bmr025.segment.909)"/>
         <nite:child href="Bmr025.B.segs.xml#id(Bmr025.segment.910)"/>
         <nite:child href="Bmr025.D.segs.xml#id(Bmr025.segment.911)"/>
         <nite:child href="Bmr025.A.segs.xml#id(Bmr025.segment.912)"/>
         <nite:child href="Bmr025.G.segs.xml#id(Bmr025.segment.913)"/>
         <nite:child href="Bmr025.A.segs.xml#id(Bmr025.segment.914)"/>
         <nite:child href="Bmr025.H.segs.xml#id(Bmr025.segment.915)"/>
         <nite:child href="Bmr025.G.segs.xml#id(Bmr025.segment.916)"/>
         <nite:child href="Bmr025.A.segs.xml#id(Bmr025.segment.917)"/>
         <nite:child href="Bmr025.H.segs.xml#id(Bmr025.segment.918)"/>
         <nite:child href="Bmr025.A.segs.xml#id(Bmr025.segment.919)..id(Bmr025.segment.920)"/>
         <nite:child href="Bmr025.H.segs.xml#id(Bmr025.segment.921)..id(Bmr025.segment.922)"/>
         <nite:child href="Bmr025.G.segs.xml#id(Bmr025.segment.923)"/>
         <nite:child href="Bmr025.H.segs.xml#id(Bmr025.segment.924)"/>
         <nite:child href="Bmr025.G.segs.xml#id(Bmr025.segment.925)"/>
         <nite:child href="Bmr025.B.segs.xml#id(Bmr025.segment.926)"/>
         <nite:child href="Bmr025.H.segs.xml#id(Bmr025.segment.927)"/>
         <nite:child href="Bmr025.G.segs.xml#id(Bmr025.segment.929)"/>
         <nite:child href="Bmr025.A.segs.xml#id(Bmr025.segment.928)"/>
         <nite:child href="Bmr025.G.segs.xml#id(Bmr025.segment.930)"/>
         <nite:child href="Bmr025.A.segs.xml#id(Bmr025.segment.931)..id(Bmr025.segment.932)"/>
         <nite:child href="Bmr025.H.segs.xml#id(Bmr025.segment.933)"/>
         <nite:child href="Bmr025.A.segs.xml#id(Bmr025.segment.934)"/>
         <nite:child href="Bmr025.H.segs.xml#id(Bmr025.segment.935)"/>
         <nite:child href="Bmr025.A.segs.xml#id(Bmr025.segment.936)"/>
         <nite:child href="Bmr025.B.segs.xml#id(Bmr025.segment.937)"/>
         <nite:child href="Bmr025.A.segs.xml#id(Bmr025.segment.938)"/>
         <nite:child href="Bmr025.B.segs.xml#id(Bmr025.segment.939)"/>
         <nite:child href="Bmr025.A.segs.xml#id(Bmr025.segment.940)..id(Bmr025.segment.942)"/>
         <nite:child href="Bmr025.B.segs.xml#id(Bmr025.segment.943)..id(Bmr025.segment.944)"/>
         <nite:child href="Bmr025.E.segs.xml#id(Bmr025.segment.945)"/>
         <nite:child href="Bmr025.G.segs.xml#id(Bmr025.segment.946)"/>
         <nite:child href="Bmr025.B.segs.xml#id(Bmr025.segment.947)"/>
         <nite:child href="Bmr025.A.segs.xml#id(Bmr025.segment.948)"/>
         <nite:child href="Bmr025.E.segs.xml#id(Bmr025.segment.950)"/>
         <nite:child href="Bmr025.B.segs.xml#id(Bmr025.segment.949)"/>
         <nite:child href="Bmr025.G.segs.xml#id(Bmr025.segment.951)"/>
         <nite:child href="Bmr025.H.segs.xml#id(Bmr025.segment.952)"/>
         <nite:child href="Bmr025.G.segs.xml#id(Bmr025.segment.953)..id(Bmr025.segment.956)"/>
         <nite:child href="Bmr025.H.segs.xml#id(Bmr025.segment.957)..id(Bmr025.segment.959)"/>
         <nite:child href="Bmr025.B.segs.xml#id(Bmr025.segment.960)"/>
         <nite:child href="Bmr025.H.segs.xml#id(Bmr025.segment.961)"/>
         <nite:child href="Bmr025.G.segs.xml#id(Bmr025.segment.962)"/>
         <nite:child href="Bmr025.B.segs.xml#id(Bmr025.segment.963)"/>
         <nite:child href="Bmr025.G.segs.xml#id(Bmr025.segment.964)"/>
         <nite:child href="Bmr025.B.segs.xml#id(Bmr025.segment.965)"/>
         <nite:child href="Bmr025.G.segs.xml#id(Bmr025.segment.966)..id(Bmr025.segment.967)"/>
         <nite:child href="Bmr025.B.segs.xml#id(Bmr025.segment.968)"/>
         <nite:child href="Bmr025.G.segs.xml#id(Bmr025.segment.969)"/>
         <nite:child href="Bmr025.H.segs.xml#id(Bmr025.segment.970)..id(Bmr025.segment.971)"/>
         <nite:child href="Bmr025.B.segs.xml#id(Bmr025.segment.972)"/>
         <nite:child href="Bmr025.H.segs.xml#id(Bmr025.segment.973)..id(Bmr025.segment.974)"/>
         <nite:child href="Bmr025.G.segs.xml#id(Bmr025.segment.975)"/>
         <nite:child href="Bmr025.B.segs.xml#id(Bmr025.segment.976)..id(Bmr025.segment.977)"/>
         <nite:child href="Bmr025.G.segs.xml#id(Bmr025.segment.978)..id(Bmr025.segment.980)"/>
         <nite:child href="Bmr025.B.segs.xml#id(Bmr025.segment.981)"/>
         <nite:child href="Bmr025.H.segs.xml#id(Bmr025.segment.982)"/>
         <nite:child href="Bmr025.A.segs.xml#id(Bmr025.segment.983)"/>
         <nite:child href="Bmr025.G.segs.xml#id(Bmr025.segment.984)"/>
         <nite:child href="Bmr025.H.segs.xml#id(Bmr025.segment.985)"/>
         <nite:child href="Bmr025.G.segs.xml#id(Bmr025.segment.986)"/>
         <nite:child href="Bmr025.H.segs.xml#id(Bmr025.segment.987)"/>
         <nite:child href="Bmr025.B.segs.xml#id(Bmr025.segment.988)"/>
         <nite:child href="Bmr025.G.segs.xml#id(Bmr025.segment.989)"/>
         <nite:child href="Bmr025.A.segs.xml#id(Bmr025.segment.990)"/>
         <nite:child href="Bmr025.H.segs.xml#id(Bmr025.segment.991)"/>
         <nite:child href="Bmr025.B.segs.xml#id(Bmr025.segment.992)"/>
         <nite:child href="Bmr025.D.segs.xml#id(Bmr025.segment.993)"/>
         <nite:child href="Bmr025.B.segs.xml#id(Bmr025.segment.994)"/>
         <nite:child href="Bmr025.H.segs.xml#id(Bmr025.segment.995)"/>
         <nite:child href="Bmr025.B.segs.xml#id(Bmr025.segment.996)"/>
         <nite:child href="Bmr025.H.segs.xml#id(Bmr025.segment.997)..id(Bmr025.segment.998)"/>
      </topic>
      <nite:child href="Bmr025.B.segs.xml#id(Bmr025.segment.999)"/>
      <nite:child href="Bmr025.H.segs.xml#id(Bmr025.segment.1,000)"/>
      <nite:child href="Bmr025.G.segs.xml#id(Bmr025.segment.1,001)"/>
      <nite:child href="Bmr025.B.segs.xml#id(Bmr025.segment.1,002)"/>
      <nite:child href="Bmr025.H.segs.xml#id(Bmr025.segment.1,003)..id(Bmr025.segment.1,005)"/>
      <nite:child href="Bmr025.G.segs.xml#id(Bmr025.segment.1,006)"/>
      <nite:child href="Bmr025.H.segs.xml#id(Bmr025.segment.1,007)"/>
      <nite:child href="Bmr025.B.segs.xml#id(Bmr025.segment.1,008)"/>
      <nite:child href="Bmr025.C.segs.xml#id(Bmr025.segment.1,009)"/>
      <nite:child href="Bmr025.H.segs.xml#id(Bmr025.segment.1,010)"/>
      <nite:child href="Bmr025.B.segs.xml#id(Bmr025.segment.1,011)"/>
      <nite:child href="Bmr025.H.segs.xml#id(Bmr025.segment.1,012)"/>
      <nite:child href="Bmr025.D.segs.xml#id(Bmr025.segment.1,013)"/>
      <nite:child href="Bmr025.G.segs.xml#id(Bmr025.segment.1,014)"/>
      <nite:child href="Bmr025.F.segs.xml#id(Bmr025.segment.1,015)"/>
      <nite:child href="Bmr025.D.segs.xml#id(Bmr025.segment.1,016)"/>
      <nite:child href="Bmr025.G.segs.xml#id(Bmr025.segment.1,017)"/>
      <nite:child href="Bmr025.B.segs.xml#id(Bmr025.segment.1,018)"/>
      <nite:child href="Bmr025.E.segs.xml#id(Bmr025.segment.1,019)"/>
      <nite:child href="Bmr025.G.segs.xml#id(Bmr025.segment.1,020)"/>
      <nite:child href="Bmr025.H.segs.xml#id(Bmr025.segment.1,021)"/>
      <nite:child href="Bmr025.F.segs.xml#id(Bmr025.segment.1,022)"/>
      <nite:child href="Bmr025.B.segs.xml#id(Bmr025.segment.1,023)"/>
      <nite:child href="Bmr025.D.segs.xml#id(Bmr025.segment.1,024)"/>
      <nite:child href="Bmr025.G.segs.xml#id(Bmr025.segment.1,025)"/>
   </topic>
   <topic nite:id="Bmr025.topic.15" description="closing">
      <topic nite:id="Bmr025.topic.11" description="Any other business">
         <nite:child href="Bmr025.H.segs.xml#id(Bmr025.segment.1,026)"/>
         <nite:child href="Bmr025.B.segs.xml#id(Bmr025.segment.1,027)"/>
         <nite:child href="Bmr025.A.segs.xml#id(Bmr025.segment.1,028)"/>
         <nite:child href="Bmr025.B.segs.xml#id(Bmr025.segment.1,029)"/>
         <nite:child href="Bmr025.A.segs.xml#id(Bmr025.segment.1,030)"/>
         <nite:child href="Bmr025.D.segs.xml#id(Bmr025.segment.1,031)"/>
         <nite:child href="Bmr025.B.segs.xml#id(Bmr025.segment.1,032)..id(Bmr025.segment.1,035)"/>
      </topic>
      <topic nite:id="Bmr025.topic.12" description="chitchat">
         <nite:child href="Bmr025.B.segs.xml#id(Bmr025.segment.1,036)"/>
         <nite:child href="Bmr025.E.segs.xml#id(Bmr025.segment.1,037)..id(Bmr025.segment.1,038)"/>
         <nite:child href="Bmr025.H.segs.xml#id(Bmr025.segment.1,039)"/>
         <nite:child href="Bmr025.E.segs.xml#id(Bmr025.segment.1,040)..id(Bmr025.segment.1,041)"/>
         <nite:child href="Bmr025.B.segs.xml#id(Bmr025.segment.1,042)"/>
         <nite:child href="Bmr025.E.segs.xml#id(Bmr025.segment.1,043)"/>
         <nite:child href="Bmr025.G.segs.xml#id(Bmr025.segment.1,044)"/>
         <nite:child href="Bmr025.B.segs.xml#id(Bmr025.segment.1,045)"/>
         <nite:child href="Bmr025.E.segs.xml#id(Bmr025.segment.1,046)"/>
         <nite:child href="Bmr025.G.segs.xml#id(Bmr025.segment.1,047)"/>
         <nite:child href="Bmr025.B.segs.xml#id(Bmr025.segment.1,048)"/>
         <nite:child href="Bmr025.H.segs.xml#id(Bmr025.segment.1,049)"/>
         <nite:child href="Bmr025.G.segs.xml#id(Bmr025.segment.1,050)"/>
         <nite:child href="Bmr025.B.segs.xml#id(Bmr025.segment.1,051)"/>
         <nite:child href="Bmr025.H.segs.xml#id(Bmr025.segment.1,052)"/>
         <nite:child href="Bmr025.G.segs.xml#id(Bmr025.segment.1,053)"/>
         <nite:child href="Bmr025.H.segs.xml#id(Bmr025.segment.1,054)"/>
         <nite:child href="Bmr025.G.segs.xml#id(Bmr025.segment.1,055)"/>
         <nite:child href="Bmr025.C.segs.xml#id(Bmr025.segment.1,056)"/>
         <nite:child href="Bmr025.B.segs.xml#id(Bmr025.segment.1,057)"/>
         <nite:child href="Bmr025.D.segs.xml#id(Bmr025.segment.1,058)"/>
         <nite:child href="Bmr025.G.segs.xml#id(Bmr025.segment.1,059)..id(Bmr025.segment.1,060)"/>
         <nite:child href="Bmr025.H.segs.xml#id(Bmr025.segment.1,061)"/>
         <nite:child href="Bmr025.E.segs.xml#id(Bmr025.segment.1,062)"/>
         <nite:child href="Bmr025.B.segs.xml#id(Bmr025.segment.1,063)"/>
         <nite:child href="Bmr025.A.segs.xml#id(Bmr025.segment.1,064)"/>
         <nite:child href="Bmr025.B.segs.xml#id(Bmr025.segment.1,065)"/>
         <nite:child href="Bmr025.G.segs.xml#id(Bmr025.segment.1,066)"/>
         <nite:child href="Bmr025.H.segs.xml#id(Bmr025.segment.1,067)"/>
         <nite:child href="Bmr025.G.segs.xml#id(Bmr025.segment.1,070)"/>
         <nite:child href="Bmr025.E.segs.xml#id(Bmr025.segment.1,068)"/>
         <nite:child href="Bmr025.D.segs.xml#id(Bmr025.segment.1,069)"/>
         <nite:child href="Bmr025.E.segs.xml#id(Bmr025.segment.1,071)"/>
      </topic>
      <topic nite:id="Bmr025.topic.9" description="digit task">
         <nite:child href="Bmr025.B.segs.xml#id(Bmr025.segment.1,072)"/>
         <nite:child href="Bmr025.G.segs.xml#id(Bmr025.segment.1,073)"/>
         <nite:child href="Bmr025.H.segs.xml#id(Bmr025.segment.1,074)"/>
         <nite:child href="Bmr025.B.segs.xml#id(Bmr025.segment.1,075)"/>
         <nite:child href="Bmr025.D.segs.xml#id(Bmr025.segment.1,076)"/>
         <nite:child href="Bmr025.F.segs.xml#id(Bmr025.segment.1,077)"/>
         <nite:child href="Bmr025.C.segs.xml#id(Bmr025.segment.1,078)"/>
         <nite:child href="Bmr025.G.segs.xml#id(Bmr025.segment.1,079)"/>
         <nite:child href="Bmr025.A.segs.xml#id(Bmr025.segment.1,080)"/>
         <nite:child href="Bmr025.E.segs.xml#id(Bmr025.segment.1,081)"/>
         <nite:child href="Bmr025.H.segs.xml#id(Bmr025.segment.1,082)"/>
         <nite:child href="Bmr025.C.segs.xml#id(Bmr025.segment.1,083)"/>
         <nite:child href="Bmr025.G.segs.xml#id(Bmr025.segment.1,084)"/>
         <nite:child href="Bmr025.D.segs.xml#id(Bmr025.segment.1,085)"/>
         <nite:child href="Bmr025.F.segs.xml#id(Bmr025.segment.1,086)"/>
         <nite:child href="Bmr025.A.segs.xml#id(Bmr025.segment.1,087)"/>
         <nite:child href="Bmr025.B.segs.xml#id(Bmr025.segment.1,088)"/>
         <nite:child href="Bmr025.E.segs.xml#id(Bmr025.segment.1,089)"/>
         <nite:child href="Bmr025.C.segs.xml#id(Bmr025.segment.1,090)"/>
         <nite:child href="Bmr025.G.segs.xml#id(Bmr025.segment.1,091)"/>
         <nite:child href="Bmr025.F.segs.xml#id(Bmr025.segment.1,092)"/>
         <nite:child href="Bmr025.H.segs.xml#id(Bmr025.segment.1,093)"/>
         <nite:child href="Bmr025.B.segs.xml#id(Bmr025.segment.1,094)"/>
         <nite:child href="Bmr025.E.segs.xml#id(Bmr025.segment.1,095)"/>
         <nite:child href="Bmr025.A.segs.xml#id(Bmr025.segment.1,096)"/>
         <nite:child href="Bmr025.D.segs.xml#id(Bmr025.segment.1,097)"/>
         <nite:child href="Bmr025.H.segs.xml#id(Bmr025.segment.1,098)"/>
         <nite:child href="Bmr025.G.segs.xml#id(Bmr025.segment.1,099)"/>
         <nite:child href="Bmr025.C.segs.xml#id(Bmr025.segment.1,100)"/>
         <nite:child href="Bmr025.E.segs.xml#id(Bmr025.segment.1,101)"/>
         <nite:child href="Bmr025.B.segs.xml#id(Bmr025.segment.1,102)"/>
         <nite:child href="Bmr025.F.segs.xml#id(Bmr025.segment.1,103)"/>
         <nite:child href="Bmr025.A.segs.xml#id(Bmr025.segment.1,104)"/>
         <nite:child href="Bmr025.D.segs.xml#id(Bmr025.segment.1,105)"/>
         <nite:child href="Bmr025.G.segs.xml#id(Bmr025.segment.1,106)"/>
         <nite:child href="Bmr025.H.segs.xml#id(Bmr025.segment.1,107)"/>
         <nite:child href="Bmr025.C.segs.xml#id(Bmr025.segment.1,108)"/>
         <nite:child href="Bmr025.B.segs.xml#id(Bmr025.segment.1,109)"/>
         <nite:child href="Bmr025.A.segs.xml#id(Bmr025.segment.1,110)"/>
         <nite:child href="Bmr025.F.segs.xml#id(Bmr025.segment.1,111)"/>
         <nite:child href="Bmr025.E.segs.xml#id(Bmr025.segment.1,112)"/>
         <nite:child href="Bmr025.H.segs.xml#id(Bmr025.segment.1,113)"/>
         <nite:child href="Bmr025.D.segs.xml#id(Bmr025.segment.1,114)"/>
         <nite:child href="Bmr025.G.segs.xml#id(Bmr025.segment.1,115)"/>
         <nite:child href="Bmr025.C.segs.xml#id(Bmr025.segment.1,116)"/>
         <nite:child href="Bmr025.A.segs.xml#id(Bmr025.segment.1,117)"/>
         <nite:child href="Bmr025.E.segs.xml#id(Bmr025.segment.1,118)"/>
         <nite:child href="Bmr025.B.segs.xml#id(Bmr025.segment.1,119)"/>
         <nite:child href="Bmr025.F.segs.xml#id(Bmr025.segment.1,120)"/>
         <nite:child href="Bmr025.H.segs.xml#id(Bmr025.segment.1,121)"/>
         <nite:child href="Bmr025.G.segs.xml#id(Bmr025.segment.1,122)"/>
         <nite:child href="Bmr025.D.segs.xml#id(Bmr025.segment.1,123)"/>
         <nite:child href="Bmr025.A.segs.xml#id(Bmr025.segment.1,124)"/>
         <nite:child href="Bmr025.E.segs.xml#id(Bmr025.segment.1,125)"/>
         <nite:child href="Bmr025.C.segs.xml#id(Bmr025.segment.1,126)"/>
         <nite:child href="Bmr025.B.segs.xml#id(Bmr025.segment.1,127)"/>
         <nite:child href="Bmr025.H.segs.xml#id(Bmr025.segment.1,128)"/>
         <nite:child href="Bmr025.F.segs.xml#id(Bmr025.segment.1,129)"/>
         <nite:child href="Bmr025.G.segs.xml#id(Bmr025.segment.1,130)"/>
         <nite:child href="Bmr025.D.segs.xml#id(Bmr025.segment.1,131)"/>
         <nite:child href="Bmr025.B.segs.xml#id(Bmr025.segment.1,132)"/>
         <nite:child href="Bmr025.C.segs.xml#id(Bmr025.segment.1,133)"/>
         <nite:child href="Bmr025.A.segs.xml#id(Bmr025.segment.1,134)"/>
         <nite:child href="Bmr025.H.segs.xml#id(Bmr025.segment.1,135)"/>
         <nite:child href="Bmr025.E.segs.xml#id(Bmr025.segment.1,136)"/>
         <nite:child href="Bmr025.G.segs.xml#id(Bmr025.segment.1,137)"/>
         <nite:child href="Bmr025.F.segs.xml#id(Bmr025.segment.1,138)"/>
         <nite:child href="Bmr025.D.segs.xml#id(Bmr025.segment.1,139)"/>
         <nite:child href="Bmr025.A.segs.xml#id(Bmr025.segment.1,140)"/>
         <nite:child href="Bmr025.B.segs.xml#id(Bmr025.segment.1,141)"/>
         <nite:child href="Bmr025.C.segs.xml#id(Bmr025.segment.1,142)"/>
         <nite:child href="Bmr025.A.segs.xml#id(Bmr025.segment.1,143)"/>
         <nite:child href="Bmr025.F.segs.xml#id(Bmr025.segment.1,144)"/>
         <nite:child href="Bmr025.E.segs.xml#id(Bmr025.segment.1,145)"/>
         <nite:child href="Bmr025.D.segs.xml#id(Bmr025.segment.1,146)"/>
         <nite:child href="Bmr025.A.segs.xml#id(Bmr025.segment.1,147)"/>
         <nite:child href="Bmr025.B.segs.xml#id(Bmr025.segment.1,148)"/>
      </topic>
   </topic>
</nite:root>