<?xml version="1.0" encoding="ISO-8859-1" standalone="yes"?>
<nite:root nite:id="Bmr021.topic" xmlns:nite="http://nite.sourceforge.net/">
   <topic nite:id="Bmr021.topic.15" description="opening">
      <nite:child href="Bmr021.D.segs.xml#id(Bmr021.segment.1)"/>
      <nite:child href="Bmr021.E.segs.xml#id(Bmr021.segment.2)"/>
      <nite:child href="Bmr021.A.segs.xml#id(Bmr021.segment.3)"/>
      <nite:child href="Bmr021.C.segs.xml#id(Bmr021.segment.4)"/>
      <nite:child href="Bmr021.F.segs.xml#id(Bmr021.segment.5)"/>
      <nite:child href="Bmr021.A.segs.xml#id(Bmr021.segment.6)"/>
      <nite:child href="Bmr021.F.segs.xml#id(Bmr021.segment.7)"/>
      <nite:child href="Bmr021.A.segs.xml#id(Bmr021.segment.8)"/>
   </topic>
   <topic nite:id="Bmr021.topic.16" description="microphones">
      <nite:child href="Bmr021.A.segs.xml#id(Bmr021.segment.9)..id(Bmr021.segment.10)"/>
      <nite:child href="Bmr021.D.segs.xml#id(Bmr021.segment.11)"/>
      <nite:child href="Bmr021.F.segs.xml#id(Bmr021.segment.12)"/>
      <nite:child href="Bmr021.A.segs.xml#id(Bmr021.segment.13)"/>
      <nite:child href="Bmr021.B.segs.xml#id(Bmr021.segment.14)"/>
      <nite:child href="Bmr021.F.segs.xml#id(Bmr021.segment.15)..id(Bmr021.segment.16)"/>
      <nite:child href="Bmr021.E.segs.xml#id(Bmr021.segment.17)"/>
      <nite:child href="Bmr021.B.segs.xml#id(Bmr021.segment.18)..id(Bmr021.segment.20)"/>
      <nite:child href="Bmr021.A.segs.xml#id(Bmr021.segment.21)"/>
      <nite:child href="Bmr021.D.segs.xml#id(Bmr021.segment.19)"/>
      <nite:child href="Bmr021.A.segs.xml#id(Bmr021.segment.22)"/>
      <nite:child href="Bmr021.C.segs.xml#id(Bmr021.segment.23)"/>
      <nite:child href="Bmr021.D.segs.xml#id(Bmr021.segment.24)"/>
      <nite:child href="Bmr021.C.segs.xml#id(Bmr021.segment.25)"/>
      <nite:child href="Bmr021.E.segs.xml#id(Bmr021.segment.26)"/>
      <nite:child href="Bmr021.A.segs.xml#id(Bmr021.segment.27)"/>
      <nite:child href="Bmr021.D.segs.xml#id(Bmr021.segment.28)"/>
      <nite:child href="Bmr021.A.segs.xml#id(Bmr021.segment.29)..id(Bmr021.segment.30)"/>
      <nite:child href="Bmr021.E.segs.xml#id(Bmr021.segment.31)"/>
      <nite:child href="Bmr021.B.segs.xml#id(Bmr021.segment.32)"/>
      <nite:child href="Bmr021.C.segs.xml#id(Bmr021.segment.33)"/>
      <nite:child href="Bmr021.F.segs.xml#id(Bmr021.segment.34)"/>
      <nite:child href="Bmr021.A.segs.xml#id(Bmr021.segment.35)..id(Bmr021.segment.39)"/>
      <nite:child href="Bmr021.F.segs.xml#id(Bmr021.segment.40)"/>
      <nite:child href="Bmr021.A.segs.xml#id(Bmr021.segment.41)"/>
      <nite:child href="Bmr021.F.segs.xml#id(Bmr021.segment.42)..id(Bmr021.segment.43)"/>
      <nite:child href="Bmr021.A.segs.xml#id(Bmr021.segment.44)"/>
      <nite:child href="Bmr021.F.segs.xml#id(Bmr021.segment.45)"/>
      <nite:child href="Bmr021.E.segs.xml#id(Bmr021.segment.47)"/>
      <nite:child href="Bmr021.F.segs.xml#id(Bmr021.segment.46)"/>
      <nite:child href="Bmr021.C.segs.xml#id(Bmr021.segment.48)"/>
      <nite:child href="Bmr021.A.segs.xml#id(Bmr021.segment.49)..id(Bmr021.segment.50)"/>
      <nite:child href="Bmr021.C.segs.xml#id(Bmr021.segment.51)"/>
      <nite:child href="Bmr021.A.segs.xml#id(Bmr021.segment.52)"/>
      <nite:child href="Bmr021.C.segs.xml#id(Bmr021.segment.53)"/>
      <nite:child href="Bmr021.A.segs.xml#id(Bmr021.segment.54)"/>
      <nite:child href="Bmr021.C.segs.xml#id(Bmr021.segment.55)"/>
      <nite:child href="Bmr021.A.segs.xml#id(Bmr021.segment.56)"/>
      <nite:child href="Bmr021.D.segs.xml#id(Bmr021.segment.57)"/>
      <nite:child href="Bmr021.A.segs.xml#id(Bmr021.segment.58)"/>
      <nite:child href="Bmr021.D.segs.xml#id(Bmr021.segment.59)"/>
      <nite:child href="Bmr021.A.segs.xml#id(Bmr021.segment.60)"/>
      <nite:child href="Bmr021.F.segs.xml#id(Bmr021.segment.61)"/>
      <nite:child href="Bmr021.A.segs.xml#id(Bmr021.segment.62)"/>
      <nite:child href="Bmr021.B.segs.xml#id(Bmr021.segment.63)..id(Bmr021.segment.64)"/>
      <nite:child href="Bmr021.F.segs.xml#id(Bmr021.segment.65)..id(Bmr021.segment.66)"/>
      <nite:child href="Bmr021.A.segs.xml#id(Bmr021.segment.67)"/>
      <nite:child href="Bmr021.B.segs.xml#id(Bmr021.segment.68)"/>
      <nite:child href="Bmr021.E.segs.xml#id(Bmr021.segment.69)"/>
      <nite:child href="Bmr021.A.segs.xml#id(Bmr021.segment.70)"/>
      <nite:child href="Bmr021.E.segs.xml#id(Bmr021.segment.71)"/>
      <nite:child href="Bmr021.B.segs.xml#id(Bmr021.segment.72)..id(Bmr021.segment.73)"/>
      <nite:child href="Bmr021.A.segs.xml#id(Bmr021.segment.74)"/>
      <nite:child href="Bmr021.B.segs.xml#id(Bmr021.segment.75)"/>
      <nite:child href="Bmr021.A.segs.xml#id(Bmr021.segment.76)"/>
      <nite:child href="Bmr021.D.segs.xml#id(Bmr021.segment.77)"/>
      <nite:child href="Bmr021.A.segs.xml#id(Bmr021.segment.78)"/>
      <nite:child href="Bmr021.D.segs.xml#id(Bmr021.segment.79)"/>
      <nite:child href="Bmr021.C.segs.xml#id(Bmr021.segment.80)"/>
      <nite:child href="Bmr021.D.segs.xml#id(Bmr021.segment.82)"/>
      <nite:child href="Bmr021.A.segs.xml#id(Bmr021.segment.81)"/>
      <nite:child href="Bmr021.F.segs.xml#id(Bmr021.segment.83)"/>
      <nite:child href="Bmr021.A.segs.xml#id(Bmr021.segment.84)"/>
      <nite:child href="Bmr021.C.segs.xml#id(Bmr021.segment.85)"/>
      <nite:child href="Bmr021.D.segs.xml#id(Bmr021.segment.87)"/>
      <nite:child href="Bmr021.F.segs.xml#id(Bmr021.segment.86)"/>
      <nite:child href="Bmr021.A.segs.xml#id(Bmr021.segment.88)..id(Bmr021.segment.89)"/>
      <nite:child href="Bmr021.F.segs.xml#id(Bmr021.segment.90)"/>
      <nite:child href="Bmr021.A.segs.xml#id(Bmr021.segment.91)..id(Bmr021.segment.93)"/>
      <nite:child href="Bmr021.C.segs.xml#id(Bmr021.segment.94)..id(Bmr021.segment.95)"/>
      <nite:child href="Bmr021.A.segs.xml#id(Bmr021.segment.96)"/>
      <nite:child href="Bmr021.C.segs.xml#id(Bmr021.segment.97)..id(Bmr021.segment.101)"/>
      <nite:child href="Bmr021.F.segs.xml#id(Bmr021.segment.102)"/>
      <nite:child href="Bmr021.A.segs.xml#id(Bmr021.segment.103)..id(Bmr021.segment.104)"/>
      <nite:child href="Bmr021.F.segs.xml#id(Bmr021.segment.105)..id(Bmr021.segment.107)"/>
      <nite:child href="Bmr021.A.segs.xml#id(Bmr021.segment.108)"/>
      <nite:child href="Bmr021.F.segs.xml#id(Bmr021.segment.109)"/>
      <nite:child href="Bmr021.A.segs.xml#id(Bmr021.segment.110)"/>
      <nite:child href="Bmr021.F.segs.xml#id(Bmr021.segment.111)"/>
      <nite:child href="Bmr021.E.segs.xml#id(Bmr021.segment.112)"/>
      <nite:child href="Bmr021.A.segs.xml#id(Bmr021.segment.113)"/>
      <nite:child href="Bmr021.F.segs.xml#id(Bmr021.segment.114)"/>
      <nite:child href="Bmr021.A.segs.xml#id(Bmr021.segment.115)"/>
      <nite:child href="Bmr021.E.segs.xml#id(Bmr021.segment.116)"/>
      <nite:child href="Bmr021.F.segs.xml#id(Bmr021.segment.117)"/>
      <nite:child href="Bmr021.E.segs.xml#id(Bmr021.segment.118)"/>
      <nite:child href="Bmr021.A.segs.xml#id(Bmr021.segment.119)"/>
      <nite:child href="Bmr021.E.segs.xml#id(Bmr021.segment.121)"/>
      <nite:child href="Bmr021.A.segs.xml#id(Bmr021.segment.120)"/>
      <nite:child href="Bmr021.E.segs.xml#id(Bmr021.segment.122)..id(Bmr021.segment.123)"/>
      <nite:child href="Bmr021.C.segs.xml#id(Bmr021.segment.124)"/>
      <nite:child href="Bmr021.F.segs.xml#id(Bmr021.segment.125)"/>
      <nite:child href="Bmr021.A.segs.xml#id(Bmr021.segment.126)"/>
      <nite:child href="Bmr021.F.segs.xml#id(Bmr021.segment.127)"/>
      <nite:child href="Bmr021.A.segs.xml#id(Bmr021.segment.128)..id(Bmr021.segment.129)"/>
      <nite:child href="Bmr021.F.segs.xml#id(Bmr021.segment.130)"/>
      <nite:child href="Bmr021.A.segs.xml#id(Bmr021.segment.131)..id(Bmr021.segment.132)"/>
      <nite:child href="Bmr021.F.segs.xml#id(Bmr021.segment.133)..id(Bmr021.segment.135)"/>
      <nite:child href="Bmr021.A.segs.xml#id(Bmr021.segment.136)"/>
      <nite:child href="Bmr021.E.segs.xml#id(Bmr021.segment.137)"/>
      <nite:child href="Bmr021.A.segs.xml#id(Bmr021.segment.138)"/>
      <nite:child href="Bmr021.E.segs.xml#id(Bmr021.segment.139)"/>
      <nite:child href="Bmr021.A.segs.xml#id(Bmr021.segment.140)"/>
      <nite:child href="Bmr021.F.segs.xml#id(Bmr021.segment.141)"/>
      <nite:child href="Bmr021.A.segs.xml#id(Bmr021.segment.142)"/>
      <nite:child href="Bmr021.E.segs.xml#id(Bmr021.segment.143)"/>
      <nite:child href="Bmr021.C.segs.xml#id(Bmr021.segment.145)"/>
      <nite:child href="Bmr021.F.segs.xml#id(Bmr021.segment.144)"/>
      <nite:child href="Bmr021.D.segs.xml#id(Bmr021.segment.146)"/>
      <nite:child href="Bmr021.A.segs.xml#id(Bmr021.segment.147)"/>
      <nite:child href="Bmr021.D.segs.xml#id(Bmr021.segment.148)"/>
      <nite:child href="Bmr021.C.segs.xml#id(Bmr021.segment.149)"/>
      <nite:child href="Bmr021.E.segs.xml#id(Bmr021.segment.150)"/>
      <nite:child href="Bmr021.A.segs.xml#id(Bmr021.segment.151)"/>
      <nite:child href="Bmr021.E.segs.xml#id(Bmr021.segment.152)"/>
      <nite:child href="Bmr021.A.segs.xml#id(Bmr021.segment.153)"/>
      <nite:child href="Bmr021.F.segs.xml#id(Bmr021.segment.154)"/>
      <nite:child href="Bmr021.B.segs.xml#id(Bmr021.segment.155)"/>
      <nite:child href="Bmr021.C.segs.xml#id(Bmr021.segment.156)"/>
      <nite:child href="Bmr021.D.segs.xml#id(Bmr021.segment.157)"/>
      <nite:child href="Bmr021.A.segs.xml#id(Bmr021.segment.158)"/>
      <nite:child href="Bmr021.C.segs.xml#id(Bmr021.segment.159)"/>
      <nite:child href="Bmr021.A.segs.xml#id(Bmr021.segment.160)"/>
      <nite:child href="Bmr021.E.segs.xml#id(Bmr021.segment.161)"/>
      <nite:child href="Bmr021.A.segs.xml#id(Bmr021.segment.162)..id(Bmr021.segment.163)"/>
      <nite:child href="Bmr021.E.segs.xml#id(Bmr021.segment.164)"/>
      <nite:child href="Bmr021.A.segs.xml#id(Bmr021.segment.165)"/>
      <nite:child href="Bmr021.E.segs.xml#id(Bmr021.segment.166)..id(Bmr021.segment.167)"/>
      <nite:child href="Bmr021.A.segs.xml#id(Bmr021.segment.168)..id(Bmr021.segment.169)"/>
      <nite:child href="Bmr021.B.segs.xml#id(Bmr021.segment.170)"/>
      <nite:child href="Bmr021.E.segs.xml#id(Bmr021.segment.171)"/>
      <nite:child href="Bmr021.C.segs.xml#id(Bmr021.segment.172)"/>
      <nite:child href="Bmr021.B.segs.xml#id(Bmr021.segment.173)..id(Bmr021.segment.174)"/>
      <nite:child href="Bmr021.A.segs.xml#id(Bmr021.segment.175)"/>
      <nite:child href="Bmr021.D.segs.xml#id(Bmr021.segment.176)"/>
      <nite:child href="Bmr021.F.segs.xml#id(Bmr021.segment.177)"/>
      <nite:child href="Bmr021.B.segs.xml#id(Bmr021.segment.178)"/>
      <nite:child href="Bmr021.A.segs.xml#id(Bmr021.segment.179)"/>
      <nite:child href="Bmr021.C.segs.xml#id(Bmr021.segment.181)"/>
      <nite:child href="Bmr021.A.segs.xml#id(Bmr021.segment.180)"/>
      <nite:child href="Bmr021.B.segs.xml#id(Bmr021.segment.182)"/>
      <nite:child href="Bmr021.A.segs.xml#id(Bmr021.segment.183)..id(Bmr021.segment.186)"/>
      <nite:child href="Bmr021.E.segs.xml#id(Bmr021.segment.185)"/>
      <nite:child href="Bmr021.C.segs.xml#id(Bmr021.segment.187)"/>
      <nite:child href="Bmr021.A.segs.xml#id(Bmr021.segment.188)"/>
      <nite:child href="Bmr021.E.segs.xml#id(Bmr021.segment.189)"/>
      <nite:child href="Bmr021.A.segs.xml#id(Bmr021.segment.190)"/>
      <nite:child href="Bmr021.D.segs.xml#id(Bmr021.segment.191)"/>
      <nite:child href="Bmr021.A.segs.xml#id(Bmr021.segment.192)..id(Bmr021.segment.194)"/>
      <nite:child href="Bmr021.E.segs.xml#id(Bmr021.segment.195)"/>
      <nite:child href="Bmr021.C.segs.xml#id(Bmr021.segment.196)"/>
      <nite:child href="Bmr021.A.segs.xml#id(Bmr021.segment.197)"/>
      <nite:child href="Bmr021.C.segs.xml#id(Bmr021.segment.198)"/>
      <nite:child href="Bmr021.E.segs.xml#id(Bmr021.segment.199)"/>
      <nite:child href="Bmr021.F.segs.xml#id(Bmr021.segment.200)"/>
      <nite:child href="Bmr021.E.segs.xml#id(Bmr021.segment.201)"/>
      <nite:child href="Bmr021.C.segs.xml#id(Bmr021.segment.202)"/>
      <nite:child href="Bmr021.A.segs.xml#id(Bmr021.segment.203)"/>
      <nite:child href="Bmr021.E.segs.xml#id(Bmr021.segment.204)..id(Bmr021.segment.205)"/>
      <nite:child href="Bmr021.A.segs.xml#id(Bmr021.segment.206)..id(Bmr021.segment.207)"/>
      <nite:child href="Bmr021.E.segs.xml#id(Bmr021.segment.208)"/>
      <nite:child href="Bmr021.C.segs.xml#id(Bmr021.segment.209)"/>
      <nite:child href="Bmr021.A.segs.xml#id(Bmr021.segment.211)"/>
      <nite:child href="Bmr021.E.segs.xml#id(Bmr021.segment.212)..id(Bmr021.segment.213)"/>
      <nite:child href="Bmr021.A.segs.xml#id(Bmr021.segment.214)"/>
      <nite:child href="Bmr021.E.segs.xml#id(Bmr021.segment.215)"/>
      <nite:child href="Bmr021.A.segs.xml#id(Bmr021.segment.216)"/>
      <nite:child href="Bmr021.E.segs.xml#id(Bmr021.segment.217)"/>
      <nite:child href="Bmr021.A.segs.xml#id(Bmr021.segment.218)"/>
      <nite:child href="Bmr021.E.segs.xml#id(Bmr021.segment.219)"/>
      <nite:child href="Bmr021.A.segs.xml#id(Bmr021.segment.220)..id(Bmr021.segment.223)"/>
      <nite:child href="Bmr021.B.segs.xml#id(Bmr021.segment.224)"/>
      <nite:child href="Bmr021.F.segs.xml#id(Bmr021.segment.225)"/>
      <nite:child href="Bmr021.A.segs.xml#id(Bmr021.segment.226)"/>
      <nite:child href="Bmr021.F.segs.xml#id(Bmr021.segment.227)"/>
      <nite:child href="Bmr021.A.segs.xml#id(Bmr021.segment.228)"/>
      <nite:child href="Bmr021.C.segs.xml#id(Bmr021.segment.229)"/>
      <nite:child href="Bmr021.F.segs.xml#id(Bmr021.segment.230)"/>
      <nite:child href="Bmr021.A.segs.xml#id(Bmr021.segment.232)"/>
      <nite:child href="Bmr021.F.segs.xml#id(Bmr021.segment.233)"/>
      <nite:child href="Bmr021.E.segs.xml#id(Bmr021.segment.235)"/>
      <nite:child href="Bmr021.A.segs.xml#id(Bmr021.segment.236)"/>
      <nite:child href="Bmr021.F.segs.xml#id(Bmr021.segment.237)"/>
      <nite:child href="Bmr021.C.segs.xml#id(Bmr021.segment.238)"/>
      <nite:child href="Bmr021.B.segs.xml#id(Bmr021.segment.239)"/>
      <nite:child href="Bmr021.E.segs.xml#id(Bmr021.segment.240)"/>
      <nite:child href="Bmr021.A.segs.xml#id(Bmr021.segment.241)"/>
      <nite:child href="Bmr021.F.segs.xml#id(Bmr021.segment.242)"/>
      <nite:child href="Bmr021.B.segs.xml#id(Bmr021.segment.243)"/>
      <nite:child href="Bmr021.E.segs.xml#id(Bmr021.segment.244)"/>
      <nite:child href="Bmr021.B.segs.xml#id(Bmr021.segment.245)"/>
      <nite:child href="Bmr021.E.segs.xml#id(Bmr021.segment.246)"/>
      <nite:child href="Bmr021.A.segs.xml#id(Bmr021.segment.247)"/>
      <nite:child href="Bmr021.B.segs.xml#id(Bmr021.segment.248)"/>
      <nite:child href="Bmr021.E.segs.xml#id(Bmr021.segment.249)"/>
      <nite:child href="Bmr021.F.segs.xml#id(Bmr021.segment.250)"/>
      <nite:child href="Bmr021.A.segs.xml#id(Bmr021.segment.251)"/>
      <nite:child href="Bmr021.C.segs.xml#id(Bmr021.segment.252)"/>
   </topic>
   <topic nite:id="Bmr021.topic.10" description="file reorganisation">
      <nite:child href="Bmr021.A.segs.xml#id(Bmr021.segment.253)..id(Bmr021.segment.256)"/>
      <nite:child href="Bmr021.B.segs.xml#id(Bmr021.segment.257)"/>
      <topic nite:id="Bmr021.topic.12" description="file compression">
         <nite:child href="Bmr021.B.segs.xml#id(Bmr021.segment.258)"/>
         <nite:child href="Bmr021.A.segs.xml#id(Bmr021.segment.259)"/>
         <nite:child href="Bmr021.B.segs.xml#id(Bmr021.segment.260)"/>
         <nite:child href="Bmr021.A.segs.xml#id(Bmr021.segment.261)"/>
         <nite:child href="Bmr021.B.segs.xml#id(Bmr021.segment.262)..id(Bmr021.segment.263)"/>
         <nite:child href="Bmr021.D.segs.xml#id(Bmr021.segment.264)"/>
         <nite:child href="Bmr021.B.segs.xml#id(Bmr021.segment.265)..id(Bmr021.segment.269)"/>
         <nite:child href="Bmr021.A.segs.xml#id(Bmr021.segment.270)"/>
         <nite:child href="Bmr021.B.segs.xml#id(Bmr021.segment.271)"/>
         <nite:child href="Bmr021.D.segs.xml#id(Bmr021.segment.272)"/>
         <nite:child href="Bmr021.A.segs.xml#id(Bmr021.segment.273)..id(Bmr021.segment.274)"/>
         <nite:child href="Bmr021.B.segs.xml#id(Bmr021.segment.275)..id(Bmr021.segment.276)"/>
         <nite:child href="Bmr021.A.segs.xml#id(Bmr021.segment.277)"/>
         <nite:child href="Bmr021.B.segs.xml#id(Bmr021.segment.278)"/>
         <nite:child href="Bmr021.E.segs.xml#id(Bmr021.segment.279)"/>
         <nite:child href="Bmr021.B.segs.xml#id(Bmr021.segment.280)"/>
         <nite:child href="Bmr021.A.segs.xml#id(Bmr021.segment.281)"/>
         <nite:child href="Bmr021.B.segs.xml#id(Bmr021.segment.282)..id(Bmr021.segment.283)"/>
         <nite:child href="Bmr021.E.segs.xml#id(Bmr021.segment.284)"/>
         <nite:child href="Bmr021.B.segs.xml#id(Bmr021.segment.285)"/>
         <nite:child href="Bmr021.A.segs.xml#id(Bmr021.segment.286)"/>
         <nite:child href="Bmr021.B.segs.xml#id(Bmr021.segment.287)..id(Bmr021.segment.292)"/>
         <nite:child href="Bmr021.D.segs.xml#id(Bmr021.segment.293)"/>
         <nite:child href="Bmr021.E.segs.xml#id(Bmr021.segment.294)"/>
         <nite:child href="Bmr021.D.segs.xml#id(Bmr021.segment.295)..id(Bmr021.segment.296)"/>
         <nite:child href="Bmr021.B.segs.xml#id(Bmr021.segment.297)"/>
         <nite:child href="Bmr021.D.segs.xml#id(Bmr021.segment.298)..id(Bmr021.segment.299)"/>
         <nite:child href="Bmr021.B.segs.xml#id(Bmr021.segment.300)..id(Bmr021.segment.301)"/>
         <nite:child href="Bmr021.D.segs.xml#id(Bmr021.segment.302)..id(Bmr021.segment.303)"/>
         <nite:child href="Bmr021.B.segs.xml#id(Bmr021.segment.304)..id(Bmr021.segment.306)"/>
         <nite:child href="Bmr021.D.segs.xml#id(Bmr021.segment.307)"/>
         <nite:child href="Bmr021.B.segs.xml#id(Bmr021.segment.308)..id(Bmr021.segment.317)"/>
         <nite:child href="Bmr021.A.segs.xml#id(Bmr021.segment.318)"/>
         <nite:child href="Bmr021.B.segs.xml#id(Bmr021.segment.319)"/>
         <nite:child href="Bmr021.D.segs.xml#id(Bmr021.segment.320)"/>
         <nite:child href="Bmr021.B.segs.xml#id(Bmr021.segment.321)..id(Bmr021.segment.322)"/>
         <nite:child href="Bmr021.D.segs.xml#id(Bmr021.segment.323)"/>
         <nite:child href="Bmr021.B.segs.xml#id(Bmr021.segment.324)..id(Bmr021.segment.330)"/>
         <nite:child href="Bmr021.A.segs.xml#id(Bmr021.segment.329)"/>
         <nite:child href="Bmr021.B.segs.xml#id(Bmr021.segment.331)"/>
         <nite:child href="Bmr021.D.segs.xml#id(Bmr021.segment.332)"/>
         <nite:child href="Bmr021.A.segs.xml#id(Bmr021.segment.333)"/>
         <nite:child href="Bmr021.B.segs.xml#id(Bmr021.segment.334)"/>
         <nite:child href="Bmr021.A.segs.xml#id(Bmr021.segment.335)"/>
         <nite:child href="Bmr021.C.segs.xml#id(Bmr021.segment.336)"/>
         <nite:child href="Bmr021.F.segs.xml#id(Bmr021.segment.337)"/>
         <nite:child href="Bmr021.B.segs.xml#id(Bmr021.segment.338)"/>
         <nite:child href="Bmr021.D.segs.xml#id(Bmr021.segment.340)"/>
         <nite:child href="Bmr021.E.segs.xml#id(Bmr021.segment.339)"/>
         <nite:child href="Bmr021.A.segs.xml#id(Bmr021.segment.341)"/>
         <nite:child href="Bmr021.B.segs.xml#id(Bmr021.segment.342)"/>
         <nite:child href="Bmr021.E.segs.xml#id(Bmr021.segment.343)"/>
         <nite:child href="Bmr021.A.segs.xml#id(Bmr021.segment.344)"/>
         <nite:child href="Bmr021.F.segs.xml#id(Bmr021.segment.345)..id(Bmr021.segment.346)"/>
         <nite:child href="Bmr021.A.segs.xml#id(Bmr021.segment.347)"/>
         <nite:child href="Bmr021.B.segs.xml#id(Bmr021.segment.348)"/>
         <nite:child href="Bmr021.D.segs.xml#id(Bmr021.segment.349)..id(Bmr021.segment.350)"/>
         <nite:child href="Bmr021.C.segs.xml#id(Bmr021.segment.351)"/>
      </topic>
      <nite:child href="Bmr021.D.segs.xml#id(Bmr021.segment.352)"/>
      <nite:child href="Bmr021.E.segs.xml#id(Bmr021.segment.353)..id(Bmr021.segment.355)"/>
      <nite:child href="Bmr021.A.segs.xml#id(Bmr021.segment.356)"/>
      <nite:child href="Bmr021.E.segs.xml#id(Bmr021.segment.357)"/>
      <nite:child href="Bmr021.A.segs.xml#id(Bmr021.segment.358)"/>
      <nite:child href="Bmr021.E.segs.xml#id(Bmr021.segment.359)"/>
      <nite:child href="Bmr021.A.segs.xml#id(Bmr021.segment.360)"/>
      <nite:child href="Bmr021.B.segs.xml#id(Bmr021.segment.361)..id(Bmr021.segment.363)"/>
      <nite:child href="Bmr021.D.segs.xml#id(Bmr021.segment.364)"/>
      <nite:child href="Bmr021.B.segs.xml#id(Bmr021.segment.365)"/>
      <nite:child href="Bmr021.A.segs.xml#id(Bmr021.segment.366)..id(Bmr021.segment.367)"/>
      <nite:child href="Bmr021.B.segs.xml#id(Bmr021.segment.368)..id(Bmr021.segment.369)"/>
      <nite:child href="Bmr021.A.segs.xml#id(Bmr021.segment.370)..id(Bmr021.segment.371)"/>
      <nite:child href="Bmr021.B.segs.xml#id(Bmr021.segment.372)"/>
      <nite:child href="Bmr021.A.segs.xml#id(Bmr021.segment.373)..id(Bmr021.segment.376)"/>
      <nite:child href="Bmr021.B.segs.xml#id(Bmr021.segment.377)"/>
      <nite:child href="Bmr021.E.segs.xml#id(Bmr021.segment.375)..id(Bmr021.segment.379)"/>
      <nite:child href="Bmr021.B.segs.xml#id(Bmr021.segment.380)"/>
      <nite:child href="Bmr021.A.segs.xml#id(Bmr021.segment.381)"/>
      <nite:child href="Bmr021.B.segs.xml#id(Bmr021.segment.382)..id(Bmr021.segment.385)"/>
      <nite:child href="Bmr021.E.segs.xml#id(Bmr021.segment.386)..id(Bmr021.segment.387)"/>
      <nite:child href="Bmr021.B.segs.xml#id(Bmr021.segment.388)"/>
      <nite:child href="Bmr021.E.segs.xml#id(Bmr021.segment.389)"/>
      <nite:child href="Bmr021.C.segs.xml#id(Bmr021.segment.390)"/>
      <nite:child href="Bmr021.B.segs.xml#id(Bmr021.segment.391)"/>
      <nite:child href="Bmr021.A.segs.xml#id(Bmr021.segment.392)"/>
      <nite:child href="Bmr021.B.segs.xml#id(Bmr021.segment.393)"/>
      <nite:child href="Bmr021.A.segs.xml#id(Bmr021.segment.394)"/>
      <nite:child href="Bmr021.B.segs.xml#id(Bmr021.segment.395)"/>
      <nite:child href="Bmr021.C.segs.xml#id(Bmr021.segment.396)"/>
      <nite:child href="Bmr021.B.segs.xml#id(Bmr021.segment.397)"/>
      <nite:child href="Bmr021.A.segs.xml#id(Bmr021.segment.398)"/>
      <nite:child href="Bmr021.D.segs.xml#id(Bmr021.segment.399)"/>
      <nite:child href="Bmr021.E.segs.xml#id(Bmr021.segment.400)"/>
      <nite:child href="Bmr021.B.segs.xml#id(Bmr021.segment.401)"/>
      <nite:child href="Bmr021.E.segs.xml#id(Bmr021.segment.402)"/>
      <nite:child href="Bmr021.B.segs.xml#id(Bmr021.segment.403)..id(Bmr021.segment.404)"/>
      <nite:child href="Bmr021.D.segs.xml#id(Bmr021.segment.405)"/>
      <nite:child href="Bmr021.A.segs.xml#id(Bmr021.segment.406)..id(Bmr021.segment.407)"/>
      <nite:child href="Bmr021.E.segs.xml#id(Bmr021.segment.408)"/>
      <nite:child href="Bmr021.B.segs.xml#id(Bmr021.segment.409)"/>
      <nite:child href="Bmr021.D.segs.xml#id(Bmr021.segment.410)"/>
      <nite:child href="Bmr021.A.segs.xml#id(Bmr021.segment.411)..id(Bmr021.segment.412)"/>
      <nite:child href="Bmr021.D.segs.xml#id(Bmr021.segment.413)"/>
      <nite:child href="Bmr021.C.segs.xml#id(Bmr021.segment.414)"/>
      <nite:child href="Bmr021.E.segs.xml#id(Bmr021.segment.416)"/>
      <nite:child href="Bmr021.D.segs.xml#id(Bmr021.segment.415)"/>
      <nite:child href="Bmr021.E.segs.xml#id(Bmr021.segment.417)"/>
      <nite:child href="Bmr021.D.segs.xml#id(Bmr021.segment.418)"/>
      <nite:child href="Bmr021.E.segs.xml#id(Bmr021.segment.419)"/>
      <nite:child href="Bmr021.D.segs.xml#id(Bmr021.segment.420)"/>
      <nite:child href="Bmr021.A.segs.xml#id(Bmr021.segment.421)"/>
      <nite:child href="Bmr021.E.segs.xml#id(Bmr021.segment.422)"/>
      <nite:child href="Bmr021.C.segs.xml#id(Bmr021.segment.423)"/>
      <nite:child href="Bmr021.E.segs.xml#id(Bmr021.segment.424)"/>
      <nite:child href="Bmr021.C.segs.xml#id(Bmr021.segment.425)"/>
      <nite:child href="Bmr021.D.segs.xml#id(Bmr021.segment.426)..id(Bmr021.segment.428)"/>
      <nite:child href="Bmr021.A.segs.xml#id(Bmr021.segment.429)"/>
      <nite:child href="Bmr021.B.segs.xml#id(Bmr021.segment.430)"/>
      <nite:child href="Bmr021.D.segs.xml#id(Bmr021.segment.431)..id(Bmr021.segment.434)"/>
      <nite:child href="Bmr021.E.segs.xml#id(Bmr021.segment.433)"/>
      <nite:child href="Bmr021.F.segs.xml#id(Bmr021.segment.435)"/>
      <nite:child href="Bmr021.D.segs.xml#id(Bmr021.segment.436)"/>
      <nite:child href="Bmr021.F.segs.xml#id(Bmr021.segment.437)"/>
      <nite:child href="Bmr021.D.segs.xml#id(Bmr021.segment.438)"/>
      <nite:child href="Bmr021.E.segs.xml#id(Bmr021.segment.439)"/>
      <nite:child href="Bmr021.D.segs.xml#id(Bmr021.segment.440)"/>
      <nite:child href="Bmr021.E.segs.xml#id(Bmr021.segment.441)"/>
      <nite:child href="Bmr021.F.segs.xml#id(Bmr021.segment.442)..id(Bmr021.segment.443)"/>
      <nite:child href="Bmr021.E.segs.xml#id(Bmr021.segment.444)"/>
      <nite:child href="Bmr021.D.segs.xml#id(Bmr021.segment.445)"/>
      <nite:child href="Bmr021.F.segs.xml#id(Bmr021.segment.446)"/>
      <nite:child href="Bmr021.D.segs.xml#id(Bmr021.segment.448)"/>
      <nite:child href="Bmr021.A.segs.xml#id(Bmr021.segment.447)"/>
      <nite:child href="Bmr021.F.segs.xml#id(Bmr021.segment.449)"/>
      <nite:child href="Bmr021.A.segs.xml#id(Bmr021.segment.450)"/>
      <nite:child href="Bmr021.F.segs.xml#id(Bmr021.segment.451)..id(Bmr021.segment.452)"/>
      <nite:child href="Bmr021.E.segs.xml#id(Bmr021.segment.453)"/>
      <nite:child href="Bmr021.F.segs.xml#id(Bmr021.segment.454)..id(Bmr021.segment.455)"/>
      <nite:child href="Bmr021.A.segs.xml#id(Bmr021.segment.456)..id(Bmr021.segment.457)"/>
      <nite:child href="Bmr021.F.segs.xml#id(Bmr021.segment.458)"/>
      <nite:child href="Bmr021.A.segs.xml#id(Bmr021.segment.459)"/>
      <nite:child href="Bmr021.E.segs.xml#id(Bmr021.segment.460)"/>
      <nite:child href="Bmr021.F.segs.xml#id(Bmr021.segment.461)"/>
      <nite:child href="Bmr021.A.segs.xml#id(Bmr021.segment.462)"/>
      <nite:child href="Bmr021.E.segs.xml#id(Bmr021.segment.463)..id(Bmr021.segment.464)"/>
      <nite:child href="Bmr021.F.segs.xml#id(Bmr021.segment.465)"/>
      <nite:child href="Bmr021.E.segs.xml#id(Bmr021.segment.466)..id(Bmr021.segment.468)"/>
      <nite:child href="Bmr021.A.segs.xml#id(Bmr021.segment.469)"/>
      <nite:child href="Bmr021.F.segs.xml#id(Bmr021.segment.470)"/>
      <nite:child href="Bmr021.E.segs.xml#id(Bmr021.segment.471)"/>
      <nite:child href="Bmr021.F.segs.xml#id(Bmr021.segment.472)"/>
      <nite:child href="Bmr021.D.segs.xml#id(Bmr021.segment.473)"/>
      <nite:child href="Bmr021.A.segs.xml#id(Bmr021.segment.474)"/>
      <nite:child href="Bmr021.E.segs.xml#id(Bmr021.segment.475)"/>
      <nite:child href="Bmr021.A.segs.xml#id(Bmr021.segment.476)"/>
      <nite:child href="Bmr021.E.segs.xml#id(Bmr021.segment.477)"/>
      <nite:child href="Bmr021.B.segs.xml#id(Bmr021.segment.478)..id(Bmr021.segment.480)"/>
      <topic nite:id="Bmr021.topic.11" description="file naming convensions">
         <nite:child href="Bmr021.F.segs.xml#id(Bmr021.segment.479)"/>
         <nite:child href="Bmr021.A.segs.xml#id(Bmr021.segment.481)"/>
         <nite:child href="Bmr021.B.segs.xml#id(Bmr021.segment.482)"/>
         <nite:child href="Bmr021.A.segs.xml#id(Bmr021.segment.483)"/>
         <nite:child href="Bmr021.F.segs.xml#id(Bmr021.segment.484)"/>
         <nite:child href="Bmr021.A.segs.xml#id(Bmr021.segment.485)"/>
         <nite:child href="Bmr021.E.segs.xml#id(Bmr021.segment.486)"/>
         <nite:child href="Bmr021.F.segs.xml#id(Bmr021.segment.487)"/>
         <nite:child href="Bmr021.E.segs.xml#id(Bmr021.segment.488)..id(Bmr021.segment.489)"/>
         <nite:child href="Bmr021.A.segs.xml#id(Bmr021.segment.490)"/>
         <nite:child href="Bmr021.F.segs.xml#id(Bmr021.segment.491)"/>
         <nite:child href="Bmr021.A.segs.xml#id(Bmr021.segment.492)..id(Bmr021.segment.493)"/>
         <nite:child href="Bmr021.E.segs.xml#id(Bmr021.segment.494)"/>
         <nite:child href="Bmr021.A.segs.xml#id(Bmr021.segment.495)"/>
         <nite:child href="Bmr021.E.segs.xml#id(Bmr021.segment.496)"/>
         <nite:child href="Bmr021.F.segs.xml#id(Bmr021.segment.497)"/>
         <nite:child href="Bmr021.A.segs.xml#id(Bmr021.segment.498)..id(Bmr021.segment.499)"/>
         <nite:child href="Bmr021.F.segs.xml#id(Bmr021.segment.500)"/>
         <nite:child href="Bmr021.A.segs.xml#id(Bmr021.segment.501)"/>
         <nite:child href="Bmr021.B.segs.xml#id(Bmr021.segment.502)"/>
         <nite:child href="Bmr021.A.segs.xml#id(Bmr021.segment.503)"/>
         <nite:child href="Bmr021.B.segs.xml#id(Bmr021.segment.504)"/>
         <nite:child href="Bmr021.E.segs.xml#id(Bmr021.segment.505)"/>
         <nite:child href="Bmr021.A.segs.xml#id(Bmr021.segment.506)..id(Bmr021.segment.507)"/>
         <nite:child href="Bmr021.E.segs.xml#id(Bmr021.segment.508)"/>
         <nite:child href="Bmr021.A.segs.xml#id(Bmr021.segment.509)"/>
         <nite:child href="Bmr021.E.segs.xml#id(Bmr021.segment.510)"/>
         <nite:child href="Bmr021.F.segs.xml#id(Bmr021.segment.511)"/>
         <nite:child href="Bmr021.A.segs.xml#id(Bmr021.segment.512)..id(Bmr021.segment.513)"/>
         <nite:child href="Bmr021.E.segs.xml#id(Bmr021.segment.514)"/>
         <nite:child href="Bmr021.C.segs.xml#id(Bmr021.segment.516)"/>
         <nite:child href="Bmr021.F.segs.xml#id(Bmr021.segment.517)"/>
         <nite:child href="Bmr021.A.segs.xml#id(Bmr021.segment.518)"/>
         <nite:child href="Bmr021.D.segs.xml#id(Bmr021.segment.515)..id(Bmr021.segment.519)"/>
         <nite:child href="Bmr021.A.segs.xml#id(Bmr021.segment.520)"/>
         <nite:child href="Bmr021.F.segs.xml#id(Bmr021.segment.521)"/>
         <nite:child href="Bmr021.B.segs.xml#id(Bmr021.segment.522)"/>
         <nite:child href="Bmr021.A.segs.xml#id(Bmr021.segment.523)..id(Bmr021.segment.524)"/>
         <nite:child href="Bmr021.B.segs.xml#id(Bmr021.segment.525)..id(Bmr021.segment.529)"/>
         <nite:child href="Bmr021.A.segs.xml#id(Bmr021.segment.530)"/>
         <nite:child href="Bmr021.B.segs.xml#id(Bmr021.segment.531)"/>
         <nite:child href="Bmr021.D.segs.xml#id(Bmr021.segment.532)..id(Bmr021.segment.533)"/>
         <nite:child href="Bmr021.B.segs.xml#id(Bmr021.segment.534)"/>
         <nite:child href="Bmr021.D.segs.xml#id(Bmr021.segment.535)"/>
         <nite:child href="Bmr021.B.segs.xml#id(Bmr021.segment.536)"/>
         <nite:child href="Bmr021.A.segs.xml#id(Bmr021.segment.537)"/>
         <nite:child href="Bmr021.D.segs.xml#id(Bmr021.segment.539)"/>
         <nite:child href="Bmr021.B.segs.xml#id(Bmr021.segment.538)"/>
         <nite:child href="Bmr021.A.segs.xml#id(Bmr021.segment.540)"/>
         <nite:child href="Bmr021.F.segs.xml#id(Bmr021.segment.541)"/>
         <nite:child href="Bmr021.D.segs.xml#id(Bmr021.segment.542)"/>
         <nite:child href="Bmr021.A.segs.xml#id(Bmr021.segment.543)"/>
         <nite:child href="Bmr021.D.segs.xml#id(Bmr021.segment.544)"/>
         <nite:child href="Bmr021.E.segs.xml#id(Bmr021.segment.545)"/>
         <nite:child href="Bmr021.D.segs.xml#id(Bmr021.segment.546)"/>
         <nite:child href="Bmr021.E.segs.xml#id(Bmr021.segment.547)..id(Bmr021.segment.548)"/>
         <nite:child href="Bmr021.F.segs.xml#id(Bmr021.segment.549)"/>
         <nite:child href="Bmr021.D.segs.xml#id(Bmr021.segment.550)"/>
         <nite:child href="Bmr021.A.segs.xml#id(Bmr021.segment.551)"/>
         <nite:child href="Bmr021.E.segs.xml#id(Bmr021.segment.552)"/>
         <nite:child href="Bmr021.D.segs.xml#id(Bmr021.segment.553)..id(Bmr021.segment.554)"/>
         <nite:child href="Bmr021.E.segs.xml#id(Bmr021.segment.555)"/>
         <nite:child href="Bmr021.D.segs.xml#id(Bmr021.segment.556)"/>
         <nite:child href="Bmr021.E.segs.xml#id(Bmr021.segment.557)"/>
         <nite:child href="Bmr021.B.segs.xml#id(Bmr021.segment.558)"/>
         <nite:child href="Bmr021.A.segs.xml#id(Bmr021.segment.559)"/>
         <nite:child href="Bmr021.B.segs.xml#id(Bmr021.segment.560)"/>
         <nite:child href="Bmr021.F.segs.xml#id(Bmr021.segment.561)"/>
         <nite:child href="Bmr021.A.segs.xml#id(Bmr021.segment.562)"/>
         <nite:child href="Bmr021.D.segs.xml#id(Bmr021.segment.563)"/>
         <nite:child href="Bmr021.A.segs.xml#id(Bmr021.segment.564)"/>
         <nite:child href="Bmr021.F.segs.xml#id(Bmr021.segment.565)"/>
         <nite:child href="Bmr021.D.segs.xml#id(Bmr021.segment.566)"/>
         <nite:child href="Bmr021.B.segs.xml#id(Bmr021.segment.567)"/>
         <nite:child href="Bmr021.C.segs.xml#id(Bmr021.segment.569)"/>
         <nite:child href="Bmr021.D.segs.xml#id(Bmr021.segment.568)"/>
         <nite:child href="Bmr021.F.segs.xml#id(Bmr021.segment.570)..id(Bmr021.segment.571)"/>
         <nite:child href="Bmr021.A.segs.xml#id(Bmr021.segment.572)"/>
         <nite:child href="Bmr021.F.segs.xml#id(Bmr021.segment.573)"/>
         <nite:child href="Bmr021.C.segs.xml#id(Bmr021.segment.574)"/>
         <nite:child href="Bmr021.A.segs.xml#id(Bmr021.segment.575)"/>
         <nite:child href="Bmr021.E.segs.xml#id(Bmr021.segment.576)"/>
         <nite:child href="Bmr021.F.segs.xml#id(Bmr021.segment.577)"/>
         <nite:child href="Bmr021.A.segs.xml#id(Bmr021.segment.578)..id(Bmr021.segment.579)"/>
         <nite:child href="Bmr021.F.segs.xml#id(Bmr021.segment.580)"/>
         <nite:child href="Bmr021.A.segs.xml#id(Bmr021.segment.581)"/>
         <nite:child href="Bmr021.F.segs.xml#id(Bmr021.segment.583)"/>
         <nite:child href="Bmr021.B.segs.xml#id(Bmr021.segment.582)"/>
         <nite:child href="Bmr021.D.segs.xml#id(Bmr021.segment.584)"/>
         <nite:child href="Bmr021.A.segs.xml#id(Bmr021.segment.585)..id(Bmr021.segment.587)"/>
         <nite:child href="Bmr021.F.segs.xml#id(Bmr021.segment.588)"/>
         <nite:child href="Bmr021.E.segs.xml#id(Bmr021.segment.590)"/>
         <nite:child href="Bmr021.A.segs.xml#id(Bmr021.segment.589)..id(Bmr021.segment.591)"/>
         <nite:child href="Bmr021.E.segs.xml#id(Bmr021.segment.592)"/>
         <nite:child href="Bmr021.F.segs.xml#id(Bmr021.segment.593)"/>
         <nite:child href="Bmr021.A.segs.xml#id(Bmr021.segment.594)"/>
         <nite:child href="Bmr021.D.segs.xml#id(Bmr021.segment.596)"/>
         <nite:child href="Bmr021.A.segs.xml#id(Bmr021.segment.595)"/>
         <nite:child href="Bmr021.B.segs.xml#id(Bmr021.segment.597)"/>
         <nite:child href="Bmr021.A.segs.xml#id(Bmr021.segment.598)"/>
         <nite:child href="Bmr021.B.segs.xml#id(Bmr021.segment.599)"/>
      </topic>
   </topic>
   <topic nite:id="Bmr021.topic.6" description="transcriber software under windows">
      <nite:child href="Bmr021.A.segs.xml#id(Bmr021.segment.600)"/>
      <nite:child href="Bmr021.C.segs.xml#id(Bmr021.segment.601)"/>
      <nite:child href="Bmr021.B.segs.xml#id(Bmr021.segment.602)"/>
      <nite:child href="Bmr021.F.segs.xml#id(Bmr021.segment.603)"/>
      <nite:child href="Bmr021.C.segs.xml#id(Bmr021.segment.604)"/>
      <nite:child href="Bmr021.B.segs.xml#id(Bmr021.segment.605)"/>
      <nite:child href="Bmr021.F.segs.xml#id(Bmr021.segment.606)"/>
      <nite:child href="Bmr021.B.segs.xml#id(Bmr021.segment.607)"/>
      <nite:child href="Bmr021.C.segs.xml#id(Bmr021.segment.608)"/>
      <nite:child href="Bmr021.B.segs.xml#id(Bmr021.segment.609)..id(Bmr021.segment.610)"/>
      <nite:child href="Bmr021.C.segs.xml#id(Bmr021.segment.611)..id(Bmr021.segment.612)"/>
      <nite:child href="Bmr021.B.segs.xml#id(Bmr021.segment.613)..id(Bmr021.segment.615)"/>
      <nite:child href="Bmr021.F.segs.xml#id(Bmr021.segment.616)"/>
      <nite:child href="Bmr021.C.segs.xml#id(Bmr021.segment.617)"/>
      <nite:child href="Bmr021.B.segs.xml#id(Bmr021.segment.618)"/>
      <nite:child href="Bmr021.F.segs.xml#id(Bmr021.segment.619)"/>
      <nite:child href="Bmr021.C.segs.xml#id(Bmr021.segment.620)"/>
      <nite:child href="Bmr021.B.segs.xml#id(Bmr021.segment.621)"/>
      <nite:child href="Bmr021.C.segs.xml#id(Bmr021.segment.622)"/>
      <nite:child href="Bmr021.F.segs.xml#id(Bmr021.segment.623)"/>
      <nite:child href="Bmr021.A.segs.xml#id(Bmr021.segment.624)"/>
      <nite:child href="Bmr021.B.segs.xml#id(Bmr021.segment.625)..id(Bmr021.segment.626)"/>
      <nite:child href="Bmr021.A.segs.xml#id(Bmr021.segment.627)"/>
      <nite:child href="Bmr021.B.segs.xml#id(Bmr021.segment.628)"/>
      <nite:child href="Bmr021.F.segs.xml#id(Bmr021.segment.629)"/>
      <nite:child href="Bmr021.C.segs.xml#id(Bmr021.segment.630)..id(Bmr021.segment.631)"/>
      <nite:child href="Bmr021.A.segs.xml#id(Bmr021.segment.632)"/>
      <nite:child href="Bmr021.C.segs.xml#id(Bmr021.segment.633)"/>
      <nite:child href="Bmr021.A.segs.xml#id(Bmr021.segment.634)"/>
      <nite:child href="Bmr021.B.segs.xml#id(Bmr021.segment.635)"/>
      <nite:child href="Bmr021.C.segs.xml#id(Bmr021.segment.636)"/>
      <nite:child href="Bmr021.B.segs.xml#id(Bmr021.segment.637)"/>
      <nite:child href="Bmr021.F.segs.xml#id(Bmr021.segment.638)"/>
      <nite:child href="Bmr021.B.segs.xml#id(Bmr021.segment.639)"/>
   </topic>
   <topic nite:id="Bmr021.topic.14" description="ICSI front-end experiments">
      <nite:child href="Bmr021.E.segs.xml#id(Bmr021.segment.640)..id(Bmr021.segment.641)"/>
      <nite:child href="Bmr021.B.segs.xml#id(Bmr021.segment.642)"/>
      <nite:child href="Bmr021.A.segs.xml#id(Bmr021.segment.643)"/>
      <nite:child href="Bmr021.E.segs.xml#id(Bmr021.segment.644)"/>
      <nite:child href="Bmr021.B.segs.xml#id(Bmr021.segment.645)..id(Bmr021.segment.661)"/>
      <nite:child href="Bmr021.D.segs.xml#id(Bmr021.segment.662)"/>
      <nite:child href="Bmr021.A.segs.xml#id(Bmr021.segment.663)"/>
      <nite:child href="Bmr021.B.segs.xml#id(Bmr021.segment.664)..id(Bmr021.segment.674)"/>
      <nite:child href="Bmr021.A.segs.xml#id(Bmr021.segment.675)"/>
      <nite:child href="Bmr021.B.segs.xml#id(Bmr021.segment.676)"/>
      <nite:child href="Bmr021.A.segs.xml#id(Bmr021.segment.677)"/>
      <nite:child href="Bmr021.E.segs.xml#id(Bmr021.segment.678)"/>
      <nite:child href="Bmr021.B.segs.xml#id(Bmr021.segment.679)..id(Bmr021.segment.686)"/>
      <nite:child href="Bmr021.E.segs.xml#id(Bmr021.segment.687)"/>
      <nite:child href="Bmr021.B.segs.xml#id(Bmr021.segment.688)..id(Bmr021.segment.693)"/>
      <nite:child href="Bmr021.E.segs.xml#id(Bmr021.segment.694)"/>
      <nite:child href="Bmr021.B.segs.xml#id(Bmr021.segment.695)..id(Bmr021.segment.700)"/>
      <nite:child href="Bmr021.A.segs.xml#id(Bmr021.segment.701)"/>
      <nite:child href="Bmr021.B.segs.xml#id(Bmr021.segment.702)..id(Bmr021.segment.706)"/>
      <nite:child href="Bmr021.E.segs.xml#id(Bmr021.segment.707)"/>
      <nite:child href="Bmr021.A.segs.xml#id(Bmr021.segment.708)"/>
      <nite:child href="Bmr021.B.segs.xml#id(Bmr021.segment.709)..id(Bmr021.segment.710)"/>
      <nite:child href="Bmr021.E.segs.xml#id(Bmr021.segment.711)"/>
      <nite:child href="Bmr021.A.segs.xml#id(Bmr021.segment.712)"/>
      <nite:child href="Bmr021.E.segs.xml#id(Bmr021.segment.713)"/>
      <nite:child href="Bmr021.B.segs.xml#id(Bmr021.segment.714)..id(Bmr021.segment.715)"/>
      <nite:child href="Bmr021.E.segs.xml#id(Bmr021.segment.716)..id(Bmr021.segment.717)"/>
      <nite:child href="Bmr021.B.segs.xml#id(Bmr021.segment.718)..id(Bmr021.segment.719)"/>
      <nite:child href="Bmr021.E.segs.xml#id(Bmr021.segment.720)"/>
      <nite:child href="Bmr021.B.segs.xml#id(Bmr021.segment.721)..id(Bmr021.segment.734)"/>
      <nite:child href="Bmr021.A.segs.xml#id(Bmr021.segment.735)"/>
      <nite:child href="Bmr021.B.segs.xml#id(Bmr021.segment.736)"/>
      <nite:child href="Bmr021.A.segs.xml#id(Bmr021.segment.737)"/>
      <nite:child href="Bmr021.B.segs.xml#id(Bmr021.segment.738)"/>
      <nite:child href="Bmr021.A.segs.xml#id(Bmr021.segment.739)"/>
      <nite:child href="Bmr021.B.segs.xml#id(Bmr021.segment.740)..id(Bmr021.segment.753)"/>
      <nite:child href="Bmr021.C.segs.xml#id(Bmr021.segment.754)"/>
      <nite:child href="Bmr021.B.segs.xml#id(Bmr021.segment.755)..id(Bmr021.segment.763)"/>
      <nite:child href="Bmr021.A.segs.xml#id(Bmr021.segment.764)"/>
      <nite:child href="Bmr021.B.segs.xml#id(Bmr021.segment.765)..id(Bmr021.segment.769)"/>
      <nite:child href="Bmr021.A.segs.xml#id(Bmr021.segment.770)"/>
      <nite:child href="Bmr021.B.segs.xml#id(Bmr021.segment.771)..id(Bmr021.segment.772)"/>
      <nite:child href="Bmr021.A.segs.xml#id(Bmr021.segment.773)"/>
      <nite:child href="Bmr021.B.segs.xml#id(Bmr021.segment.774)"/>
      <nite:child href="Bmr021.A.segs.xml#id(Bmr021.segment.775)"/>
      <nite:child href="Bmr021.B.segs.xml#id(Bmr021.segment.776)"/>
      <nite:child href="Bmr021.A.segs.xml#id(Bmr021.segment.777)"/>
      <nite:child href="Bmr021.C.segs.xml#id(Bmr021.segment.778)"/>
      <nite:child href="Bmr021.B.segs.xml#id(Bmr021.segment.779)"/>
      <nite:child href="Bmr021.A.segs.xml#id(Bmr021.segment.780)"/>
      <nite:child href="Bmr021.B.segs.xml#id(Bmr021.segment.781)..id(Bmr021.segment.784)"/>
      <nite:child href="Bmr021.C.segs.xml#id(Bmr021.segment.785)"/>
      <nite:child href="Bmr021.A.segs.xml#id(Bmr021.segment.786)"/>
      <nite:child href="Bmr021.C.segs.xml#id(Bmr021.segment.787)"/>
      <nite:child href="Bmr021.B.segs.xml#id(Bmr021.segment.788)..id(Bmr021.segment.790)"/>
      <nite:child href="Bmr021.E.segs.xml#id(Bmr021.segment.791)"/>
      <nite:child href="Bmr021.A.segs.xml#id(Bmr021.segment.792)"/>
      <nite:child href="Bmr021.B.segs.xml#id(Bmr021.segment.793)"/>
      <nite:child href="Bmr021.A.segs.xml#id(Bmr021.segment.794)..id(Bmr021.segment.795)"/>
      <nite:child href="Bmr021.B.segs.xml#id(Bmr021.segment.796)..id(Bmr021.segment.797)"/>
      <nite:child href="Bmr021.A.segs.xml#id(Bmr021.segment.798)"/>
      <nite:child href="Bmr021.B.segs.xml#id(Bmr021.segment.799)..id(Bmr021.segment.800)"/>
      <nite:child href="Bmr021.A.segs.xml#id(Bmr021.segment.801)"/>
      <nite:child href="Bmr021.B.segs.xml#id(Bmr021.segment.802)..id(Bmr021.segment.807)"/>
      <nite:child href="Bmr021.A.segs.xml#id(Bmr021.segment.808)"/>
      <nite:child href="Bmr021.B.segs.xml#id(Bmr021.segment.809)"/>
      <nite:child href="Bmr021.A.segs.xml#id(Bmr021.segment.810)"/>
      <nite:child href="Bmr021.B.segs.xml#id(Bmr021.segment.811)..id(Bmr021.segment.813)"/>
      <nite:child href="Bmr021.A.segs.xml#id(Bmr021.segment.814)"/>
      <nite:child href="Bmr021.B.segs.xml#id(Bmr021.segment.815)..id(Bmr021.segment.839)"/>
      <nite:child href="Bmr021.A.segs.xml#id(Bmr021.segment.840)"/>
      <nite:child href="Bmr021.B.segs.xml#id(Bmr021.segment.841)..id(Bmr021.segment.844)"/>
      <nite:child href="Bmr021.E.segs.xml#id(Bmr021.segment.845)..id(Bmr021.segment.846)"/>
      <nite:child href="Bmr021.A.segs.xml#id(Bmr021.segment.847)"/>
      <nite:child href="Bmr021.B.segs.xml#id(Bmr021.segment.848)..id(Bmr021.segment.849)"/>
      <nite:child href="Bmr021.E.segs.xml#id(Bmr021.segment.850)"/>
      <nite:child href="Bmr021.A.segs.xml#id(Bmr021.segment.851)"/>
      <nite:child href="Bmr021.E.segs.xml#id(Bmr021.segment.852)"/>
      <nite:child href="Bmr021.A.segs.xml#id(Bmr021.segment.853)..id(Bmr021.segment.854)"/>
      <nite:child href="Bmr021.B.segs.xml#id(Bmr021.segment.855)"/>
      <nite:child href="Bmr021.A.segs.xml#id(Bmr021.segment.856)..id(Bmr021.segment.858)"/>
      <nite:child href="Bmr021.B.segs.xml#id(Bmr021.segment.859)..id(Bmr021.segment.860)"/>
      <nite:child href="Bmr021.A.segs.xml#id(Bmr021.segment.861)"/>
      <nite:child href="Bmr021.B.segs.xml#id(Bmr021.segment.862)"/>
      <nite:child href="Bmr021.A.segs.xml#id(Bmr021.segment.863)"/>
      <nite:child href="Bmr021.B.segs.xml#id(Bmr021.segment.864)..id(Bmr021.segment.868)"/>
      <nite:child href="Bmr021.A.segs.xml#id(Bmr021.segment.869)"/>
      <nite:child href="Bmr021.B.segs.xml#id(Bmr021.segment.870)"/>
      <nite:child href="Bmr021.A.segs.xml#id(Bmr021.segment.871)"/>
      <nite:child href="Bmr021.B.segs.xml#id(Bmr021.segment.872)"/>
      <nite:child href="Bmr021.A.segs.xml#id(Bmr021.segment.873)"/>
      <nite:child href="Bmr021.B.segs.xml#id(Bmr021.segment.874)"/>
      <nite:child href="Bmr021.A.segs.xml#id(Bmr021.segment.875)"/>
      <nite:child href="Bmr021.B.segs.xml#id(Bmr021.segment.876)..id(Bmr021.segment.880)"/>
      <nite:child href="Bmr021.A.segs.xml#id(Bmr021.segment.881)"/>
      <nite:child href="Bmr021.B.segs.xml#id(Bmr021.segment.882)"/>
      <nite:child href="Bmr021.F.segs.xml#id(Bmr021.segment.883)"/>
      <nite:child href="Bmr021.C.segs.xml#id(Bmr021.segment.884)"/>
      <nite:child href="Bmr021.A.segs.xml#id(Bmr021.segment.885)"/>
      <nite:child href="Bmr021.B.segs.xml#id(Bmr021.segment.886)..id(Bmr021.segment.888)"/>
      <nite:child href="Bmr021.A.segs.xml#id(Bmr021.segment.889)..id(Bmr021.segment.890)"/>
      <nite:child href="Bmr021.B.segs.xml#id(Bmr021.segment.891)..id(Bmr021.segment.892)"/>
   </topic>
   <topic nite:id="Bmr021.topic.13" description="digit task">
      <nite:child href="Bmr021.A.segs.xml#id(Bmr021.segment.893)"/>
      <nite:child href="Bmr021.B.segs.xml#id(Bmr021.segment.894)"/>
      <nite:child href="Bmr021.A.segs.xml#id(Bmr021.segment.895)..id(Bmr021.segment.896)"/>
      <nite:child href="Bmr021.B.segs.xml#id(Bmr021.segment.897)"/>
      <nite:child href="Bmr021.C.segs.xml#id(Bmr021.segment.898)"/>
      <nite:child href="Bmr021.A.segs.xml#id(Bmr021.segment.899)..id(Bmr021.segment.907)"/>
      <nite:child href="Bmr021.B.segs.xml#id(Bmr021.segment.908)..id(Bmr021.segment.916)"/>
      <nite:child href="Bmr021.A.segs.xml#id(Bmr021.segment.917)..id(Bmr021.segment.918)"/>
      <nite:child href="Bmr021.D.segs.xml#id(Bmr021.segment.919)..id(Bmr021.segment.929)"/>
      <nite:child href="Bmr021.C.segs.xml#id(Bmr021.segment.930)..id(Bmr021.segment.938)"/>
      <nite:child href="Bmr021.F.segs.xml#id(Bmr021.segment.939)"/>
      <nite:child href="Bmr021.C.segs.xml#id(Bmr021.segment.940)"/>
      <nite:child href="Bmr021.F.segs.xml#id(Bmr021.segment.941)"/>
      <nite:child href="Bmr021.C.segs.xml#id(Bmr021.segment.942)"/>
      <nite:child href="Bmr021.A.segs.xml#id(Bmr021.segment.943)"/>
      <nite:child href="Bmr021.F.segs.xml#id(Bmr021.segment.944)"/>
      <nite:child href="Bmr021.D.segs.xml#id(Bmr021.segment.945)"/>
      <nite:child href="Bmr021.B.segs.xml#id(Bmr021.segment.946)"/>
      <nite:child href="Bmr021.E.segs.xml#id(Bmr021.segment.947)"/>
      <nite:child href="Bmr021.F.segs.xml#id(Bmr021.segment.948)..id(Bmr021.segment.956)"/>
      <nite:child href="Bmr021.E.segs.xml#id(Bmr021.segment.957)..id(Bmr021.segment.967)"/>
   </topic>
   <topic nite:id="Bmr021.topic.9" description="no mic signals">
      <nite:child href="Bmr021.A.segs.xml#id(Bmr021.segment.968)"/>
      <nite:child href="Bmr021.B.segs.xml#id(Bmr021.segment.969)"/>
      <nite:child href="Bmr021.A.segs.xml#id(Bmr021.segment.970)"/>
      <nite:child href="Bmr021.B.segs.xml#id(Bmr021.segment.971)..id(Bmr021.segment.972)"/>
      <nite:child href="Bmr021.A.segs.xml#id(Bmr021.segment.973)"/>
      <nite:child href="Bmr021.B.segs.xml#id(Bmr021.segment.974)..id(Bmr021.segment.975)"/>
      <nite:child href="Bmr021.A.segs.xml#id(Bmr021.segment.976)"/>
      <nite:child href="Bmr021.B.segs.xml#id(Bmr021.segment.977)..id(Bmr021.segment.980)"/>
      <nite:child href="Bmr021.A.segs.xml#id(Bmr021.segment.981)"/>
      <nite:child href="Bmr021.B.segs.xml#id(Bmr021.segment.982)"/>
      <nite:child href="Bmr021.E.segs.xml#id(Bmr021.segment.983)"/>
      <nite:child href="Bmr021.B.segs.xml#id(Bmr021.segment.984)"/>
      <nite:child href="Bmr021.A.segs.xml#id(Bmr021.segment.985)..id(Bmr021.segment.986)"/>
      <nite:child href="Bmr021.B.segs.xml#id(Bmr021.segment.987)..id(Bmr021.segment.990)"/>
      <nite:child href="Bmr021.A.segs.xml#id(Bmr021.segment.991)"/>
      <nite:child href="Bmr021.B.segs.xml#id(Bmr021.segment.992)"/>
      <nite:child href="Bmr021.A.segs.xml#id(Bmr021.segment.993)..id(Bmr021.segment.994)"/>
      <nite:child href="Bmr021.B.segs.xml#id(Bmr021.segment.995)..id(Bmr021.segment.996)"/>
      <nite:child href="Bmr021.A.segs.xml#id(Bmr021.segment.997)..id(Bmr021.segment.999)"/>
      <nite:child href="Bmr021.B.segs.xml#id(Bmr021.segment.1,000)..id(Bmr021.segment.1,001)"/>
      <nite:child href="Bmr021.A.segs.xml#id(Bmr021.segment.1,002)"/>
      <nite:child href="Bmr021.E.segs.xml#id(Bmr021.segment.1,003)"/>
      <nite:child href="Bmr021.A.segs.xml#id(Bmr021.segment.1,004)"/>
      <nite:child href="Bmr021.E.segs.xml#id(Bmr021.segment.1,005)"/>
      <nite:child href="Bmr021.B.segs.xml#id(Bmr021.segment.1,006)"/>
      <nite:child href="Bmr021.F.segs.xml#id(Bmr021.segment.1,007)"/>
      <nite:child href="Bmr021.A.segs.xml#id(Bmr021.segment.1,008)"/>
      <nite:child href="Bmr021.D.segs.xml#id(Bmr021.segment.1,009)"/>
      <nite:child href="Bmr021.A.segs.xml#id(Bmr021.segment.1,010)"/>
      <nite:child href="Bmr021.D.segs.xml#id(Bmr021.segment.1,011)"/>
      <nite:child href="Bmr021.B.segs.xml#id(Bmr021.segment.1,012)"/>
      <nite:child href="Bmr021.D.segs.xml#id(Bmr021.segment.1,013)"/>
      <nite:child href="Bmr021.F.segs.xml#id(Bmr021.segment.1,014)"/>
      <nite:child href="Bmr021.A.segs.xml#id(Bmr021.segment.1,015)"/>
      <nite:child href="Bmr021.B.segs.xml#id(Bmr021.segment.1,016)"/>
      <nite:child href="Bmr021.D.segs.xml#id(Bmr021.segment.1,017)"/>
      <nite:child href="Bmr021.B.segs.xml#id(Bmr021.segment.1,018)"/>
      <nite:child href="Bmr021.A.segs.xml#id(Bmr021.segment.1,019)"/>
      <nite:child href="Bmr021.B.segs.xml#id(Bmr021.segment.1,020)"/>
      <nite:child href="Bmr021.A.segs.xml#id(Bmr021.segment.1,021)"/>
      <nite:child href="Bmr021.F.segs.xml#id(Bmr021.segment.1,022)"/>
   </topic>
</nite:root>