<?xml version="1.0" encoding="ISO-8859-1" standalone="yes"?>
<nite:root nite:id="Bdb001.topic" xmlns:nite="http://nite.sourceforge.net/">
   <topic nite:id="Bdb001.topic.1" description="opening">
      <nite:child href="Bdb001.D.segs.xml#id(Bdb001.segment.1)"/>
      <nite:child href="Bdb001.C.segs.xml#id(Bdb001.segment.2)..id(Bdb001.segment.3)"/>
      <nite:child href="Bdb001.D.segs.xml#id(Bdb001.segment.4)"/>
      <nite:child href="Bdb001.F.segs.xml#id(Bdb001.segment.5)"/>
      <nite:child href="Bdb001.C.segs.xml#id(Bdb001.segment.6)"/>
      <nite:child href="Bdb001.F.segs.xml#id(Bdb001.segment.7)"/>
      <nite:child href="Bdb001.C.segs.xml#id(Bdb001.segment.8)"/>
      <nite:child href="Bdb001.D.segs.xml#id(Bdb001.segment.9)"/>
      <nite:child href="Bdb001.F.segs.xml#id(Bdb001.segment.10)"/>
      <nite:child href="Bdb001.A.segs.xml#id(Bdb001.segment.11)"/>
      <nite:child href="Bdb001.D.segs.xml#id(Bdb001.segment.12)"/>
      <nite:child href="Bdb001.F.segs.xml#id(Bdb001.segment.13)"/>
      <nite:child href="Bdb001.D.segs.xml#id(Bdb001.segment.14)"/>
      <nite:child href="Bdb001.C.segs.xml#id(Bdb001.segment.15)"/>
      <nite:child href="Bdb001.D.segs.xml#id(Bdb001.segment.16)"/>
      <nite:child href="Bdb001.F.segs.xml#id(Bdb001.segment.17)"/>
      <nite:child href="Bdb001.C.segs.xml#id(Bdb001.segment.18)"/>
      <nite:child href="Bdb001.D.segs.xml#id(Bdb001.segment.19)"/>
      <nite:child href="Bdb001.F.segs.xml#id(Bdb001.segment.20)"/>
      <nite:child href="Bdb001.C.segs.xml#id(Bdb001.segment.21)"/>
      <nite:child href="Bdb001.D.segs.xml#id(Bdb001.segment.22)"/>
      <nite:child href="Bdb001.C.segs.xml#id(Bdb001.segment.23)..id(Bdb001.segment.24)"/>
      <nite:child href="Bdb001.D.segs.xml#id(Bdb001.segment.25)"/>
      <nite:child href="Bdb001.F.segs.xml#id(Bdb001.segment.26)"/>
      <nite:child href="Bdb001.B.segs.xml#id(Bdb001.segment.27)..id(Bdb001.segment.28)"/>
      <nite:child href="Bdb001.C.segs.xml#id(Bdb001.segment.29)"/>
      <nite:child href="Bdb001.D.segs.xml#id(Bdb001.segment.30)"/>
      <nite:child href="Bdb001.B.segs.xml#id(Bdb001.segment.31)"/>
      <nite:child href="Bdb001.C.segs.xml#id(Bdb001.segment.32)"/>
      <nite:child href="Bdb001.D.segs.xml#id(Bdb001.segment.33)"/>
      <nite:child href="Bdb001.F.segs.xml#id(Bdb001.segment.34)"/>
      <nite:child href="Bdb001.B.segs.xml#id(Bdb001.segment.35)"/>
      <nite:child href="Bdb001.F.segs.xml#id(Bdb001.segment.36)"/>
      <nite:child href="Bdb001.D.segs.xml#id(Bdb001.segment.37)"/>
      <nite:child href="Bdb001.F.segs.xml#id(Bdb001.segment.38)..id(Bdb001.segment.39)"/>
      <nite:child href="Bdb001.A.segs.xml#id(Bdb001.segment.40)"/>
      <nite:child href="Bdb001.C.segs.xml#id(Bdb001.segment.41)"/>
      <nite:child href="Bdb001.F.segs.xml#id(Bdb001.segment.42)"/>
      <nite:child href="Bdb001.D.segs.xml#id(Bdb001.segment.43)"/>
      <nite:child href="Bdb001.C.segs.xml#id(Bdb001.segment.44)"/>
      <nite:child href="Bdb001.A.segs.xml#id(Bdb001.segment.45)"/>
      <nite:child href="Bdb001.F.segs.xml#id(Bdb001.segment.46)"/>
      <nite:child href="Bdb001.C.segs.xml#id(Bdb001.segment.47)"/>
      <nite:child href="Bdb001.F.segs.xml#id(Bdb001.segment.48)"/>
      <nite:child href="Bdb001.C.segs.xml#id(Bdb001.segment.49)"/>
      <nite:child href="Bdb001.F.segs.xml#id(Bdb001.segment.50)"/>
      <nite:child href="Bdb001.C.segs.xml#id(Bdb001.segment.51)"/>
      <nite:child href="Bdb001.B.segs.xml#id(Bdb001.segment.52)"/>
      <nite:child href="Bdb001.D.segs.xml#id(Bdb001.segment.53)"/>
   </topic>
   <topic nite:id="Bdb001.topic.2" description="database format">
      <nite:child href="Bdb001.F.segs.xml#id(Bdb001.segment.54)..id(Bdb001.segment.55)"/>
      <nite:child href="Bdb001.A.segs.xml#id(Bdb001.segment.57)..id(Bdb001.segment.58)"/>
      <nite:child href="Bdb001.F.segs.xml#id(Bdb001.segment.59)"/>
      <nite:child href="Bdb001.A.segs.xml#id(Bdb001.segment.60)"/>
      <nite:child href="Bdb001.F.segs.xml#id(Bdb001.segment.61)..id(Bdb001.segment.62)"/>
      <nite:child href="Bdb001.B.segs.xml#id(Bdb001.segment.63)"/>
      <nite:child href="Bdb001.F.segs.xml#id(Bdb001.segment.64)"/>
      <nite:child href="Bdb001.A.segs.xml#id(Bdb001.segment.65)"/>
      <nite:child href="Bdb001.F.segs.xml#id(Bdb001.segment.66)..id(Bdb001.segment.67)"/>
      <nite:child href="Bdb001.C.segs.xml#id(Bdb001.segment.68)"/>
      <topic nite:id="Bdb001.topic.3" description="me011's XML format">
         <nite:child href="Bdb001.C.segs.xml#id(Bdb001.segment.69)"/>
         <nite:child href="Bdb001.F.segs.xml#id(Bdb001.segment.70)"/>
         <nite:child href="Bdb001.D.segs.xml#id(Bdb001.segment.71)"/>
         <nite:child href="Bdb001.C.segs.xml#id(Bdb001.segment.72)..id(Bdb001.segment.74)"/>
         <nite:child href="Bdb001.F.segs.xml#id(Bdb001.segment.75)..id(Bdb001.segment.77)"/>
         <nite:child href="Bdb001.C.segs.xml#id(Bdb001.segment.78)..id(Bdb001.segment.79)"/>
         <nite:child href="Bdb001.F.segs.xml#id(Bdb001.segment.80)"/>
         <nite:child href="Bdb001.C.segs.xml#id(Bdb001.segment.81)"/>
         <nite:child href="Bdb001.F.segs.xml#id(Bdb001.segment.82)"/>
         <nite:child href="Bdb001.C.segs.xml#id(Bdb001.segment.83)"/>
         <nite:child href="Bdb001.D.segs.xml#id(Bdb001.segment.84)"/>
         <nite:child href="Bdb001.F.segs.xml#id(Bdb001.segment.85)"/>
         <nite:child href="Bdb001.C.segs.xml#id(Bdb001.segment.86)..id(Bdb001.segment.94)"/>
         <nite:child href="Bdb001.A.segs.xml#id(Bdb001.segment.95)"/>
         <nite:child href="Bdb001.F.segs.xml#id(Bdb001.segment.96)"/>
         <nite:child href="Bdb001.C.segs.xml#id(Bdb001.segment.97)..id(Bdb001.segment.102)"/>
         <nite:child href="Bdb001.F.segs.xml#id(Bdb001.segment.103)"/>
         <nite:child href="Bdb001.C.segs.xml#id(Bdb001.segment.104)"/>
         <nite:child href="Bdb001.A.segs.xml#id(Bdb001.segment.105)"/>
         <nite:child href="Bdb001.C.segs.xml#id(Bdb001.segment.106)..id(Bdb001.segment.110)"/>
         <nite:child href="Bdb001.F.segs.xml#id(Bdb001.segment.111)"/>
         <nite:child href="Bdb001.C.segs.xml#id(Bdb001.segment.112)..id(Bdb001.segment.114)"/>
         <nite:child href="Bdb001.A.segs.xml#id(Bdb001.segment.115)"/>
         <nite:child href="Bdb001.C.segs.xml#id(Bdb001.segment.116)"/>
         <nite:child href="Bdb001.A.segs.xml#id(Bdb001.segment.117)"/>
         <nite:child href="Bdb001.C.segs.xml#id(Bdb001.segment.118)..id(Bdb001.segment.119)"/>
         <nite:child href="Bdb001.A.segs.xml#id(Bdb001.segment.120)"/>
         <nite:child href="Bdb001.C.segs.xml#id(Bdb001.segment.121)..id(Bdb001.segment.123)"/>
         <nite:child href="Bdb001.D.segs.xml#id(Bdb001.segment.124)"/>
         <nite:child href="Bdb001.C.segs.xml#id(Bdb001.segment.125)..id(Bdb001.segment.136)"/>
         <nite:child href="Bdb001.F.segs.xml#id(Bdb001.segment.137)..id(Bdb001.segment.138)"/>
         <nite:child href="Bdb001.C.segs.xml#id(Bdb001.segment.139)"/>
         <nite:child href="Bdb001.B.segs.xml#id(Bdb001.segment.140)"/>
         <nite:child href="Bdb001.C.segs.xml#id(Bdb001.segment.141)"/>
         <nite:child href="Bdb001.F.segs.xml#id(Bdb001.segment.142)"/>
         <nite:child href="Bdb001.D.segs.xml#id(Bdb001.segment.143)"/>
         <nite:child href="Bdb001.C.segs.xml#id(Bdb001.segment.144)..id(Bdb001.segment.148)"/>
         <nite:child href="Bdb001.B.segs.xml#id(Bdb001.segment.149)"/>
      </topic>
      <nite:child href="Bdb001.F.segs.xml#id(Bdb001.segment.150)"/>
      <nite:child href="Bdb001.C.segs.xml#id(Bdb001.segment.151)"/>
      <nite:child href="Bdb001.A.segs.xml#id(Bdb001.segment.152)"/>
      <nite:child href="Bdb001.F.segs.xml#id(Bdb001.segment.153)..id(Bdb001.segment.154)"/>
      <nite:child href="Bdb001.C.segs.xml#id(Bdb001.segment.155)..id(Bdb001.segment.156)"/>
      <nite:child href="Bdb001.F.segs.xml#id(Bdb001.segment.157)"/>
      <nite:child href="Bdb001.C.segs.xml#id(Bdb001.segment.158)"/>
      <nite:child href="Bdb001.F.segs.xml#id(Bdb001.segment.159)"/>
      <topic nite:id="Bdb001.topic.4" description="forced alignment at different output levels">
         <nite:child href="Bdb001.F.segs.xml#id(Bdb001.segment.160)..id(Bdb001.segment.161)"/>
         <nite:child href="Bdb001.A.segs.xml#id(Bdb001.segment.162)"/>
         <nite:child href="Bdb001.F.segs.xml#id(Bdb001.segment.163)..id(Bdb001.segment.164)"/>
         <nite:child href="Bdb001.A.segs.xml#id(Bdb001.segment.165)"/>
         <nite:child href="Bdb001.F.segs.xml#id(Bdb001.segment.166)..id(Bdb001.segment.168)"/>
         <nite:child href="Bdb001.A.segs.xml#id(Bdb001.segment.169)..id(Bdb001.segment.170)"/>
         <nite:child href="Bdb001.F.segs.xml#id(Bdb001.segment.171)"/>
         <nite:child href="Bdb001.A.segs.xml#id(Bdb001.segment.172)"/>
         <nite:child href="Bdb001.F.segs.xml#id(Bdb001.segment.173)"/>
         <nite:child href="Bdb001.C.segs.xml#id(Bdb001.segment.174)"/>
         <nite:child href="Bdb001.F.segs.xml#id(Bdb001.segment.175)"/>
         <nite:child href="Bdb001.C.segs.xml#id(Bdb001.segment.176)"/>
         <nite:child href="Bdb001.A.segs.xml#id(Bdb001.segment.177)"/>
         <nite:child href="Bdb001.B.segs.xml#id(Bdb001.segment.178)"/>
         <nite:child href="Bdb001.C.segs.xml#id(Bdb001.segment.179)"/>
         <nite:child href="Bdb001.F.segs.xml#id(Bdb001.segment.180)"/>
         <nite:child href="Bdb001.C.segs.xml#id(Bdb001.segment.181)"/>
         <nite:child href="Bdb001.F.segs.xml#id(Bdb001.segment.182)"/>
         <nite:child href="Bdb001.C.segs.xml#id(Bdb001.segment.183)"/>
         <nite:child href="Bdb001.F.segs.xml#id(Bdb001.segment.184)"/>
         <nite:child href="Bdb001.C.segs.xml#id(Bdb001.segment.185)"/>
         <nite:child href="Bdb001.A.segs.xml#id(Bdb001.segment.186)..id(Bdb001.segment.187)"/>
         <nite:child href="Bdb001.F.segs.xml#id(Bdb001.segment.188)"/>
         <nite:child href="Bdb001.C.segs.xml#id(Bdb001.segment.189)"/>
         <nite:child href="Bdb001.A.segs.xml#id(Bdb001.segment.190)..id(Bdb001.segment.191)"/>
         <nite:child href="Bdb001.C.segs.xml#id(Bdb001.segment.192)"/>
         <nite:child href="Bdb001.A.segs.xml#id(Bdb001.segment.193)"/>
         <nite:child href="Bdb001.F.segs.xml#id(Bdb001.segment.194)"/>
         <nite:child href="Bdb001.C.segs.xml#id(Bdb001.segment.195)"/>
         <nite:child href="Bdb001.A.segs.xml#id(Bdb001.segment.196)"/>
         <nite:child href="Bdb001.F.segs.xml#id(Bdb001.segment.197)..id(Bdb001.segment.198)"/>
         <nite:child href="Bdb001.C.segs.xml#id(Bdb001.segment.199)"/>
         <nite:child href="Bdb001.F.segs.xml#id(Bdb001.segment.200)"/>
         <nite:child href="Bdb001.C.segs.xml#id(Bdb001.segment.201)"/>
         <nite:child href="Bdb001.A.segs.xml#id(Bdb001.segment.202)"/>
         <nite:child href="Bdb001.C.segs.xml#id(Bdb001.segment.203)"/>
         <nite:child href="Bdb001.F.segs.xml#id(Bdb001.segment.204)"/>
         <nite:child href="Bdb001.D.segs.xml#id(Bdb001.segment.205)"/>
         <nite:child href="Bdb001.F.segs.xml#id(Bdb001.segment.206)"/>
         <nite:child href="Bdb001.C.segs.xml#id(Bdb001.segment.207)"/>
         <nite:child href="Bdb001.D.segs.xml#id(Bdb001.segment.208)"/>
         <nite:child href="Bdb001.F.segs.xml#id(Bdb001.segment.209)"/>
         <nite:child href="Bdb001.C.segs.xml#id(Bdb001.segment.210)"/>
         <nite:child href="Bdb001.D.segs.xml#id(Bdb001.segment.212)"/>
         <nite:child href="Bdb001.F.segs.xml#id(Bdb001.segment.211)"/>
         <nite:child href="Bdb001.C.segs.xml#id(Bdb001.segment.213)..id(Bdb001.segment.215)"/>
         <nite:child href="Bdb001.F.segs.xml#id(Bdb001.segment.216)..id(Bdb001.segment.217)"/>
         <nite:child href="Bdb001.C.segs.xml#id(Bdb001.segment.218)..id(Bdb001.segment.219)"/>
         <nite:child href="Bdb001.F.segs.xml#id(Bdb001.segment.220)"/>
         <nite:child href="Bdb001.D.segs.xml#id(Bdb001.segment.221)"/>
         <nite:child href="Bdb001.A.segs.xml#id(Bdb001.segment.222)"/>
         <nite:child href="Bdb001.C.segs.xml#id(Bdb001.segment.223)"/>
         <nite:child href="Bdb001.D.segs.xml#id(Bdb001.segment.224)"/>
         <nite:child href="Bdb001.F.segs.xml#id(Bdb001.segment.225)"/>
         <nite:child href="Bdb001.C.segs.xml#id(Bdb001.segment.226)"/>
         <nite:child href="Bdb001.A.segs.xml#id(Bdb001.segment.227)..id(Bdb001.segment.228)"/>
         <nite:child href="Bdb001.D.segs.xml#id(Bdb001.segment.229)..id(Bdb001.segment.230)"/>
         <nite:child href="Bdb001.C.segs.xml#id(Bdb001.segment.231)..id(Bdb001.segment.232)"/>
         <nite:child href="Bdb001.F.segs.xml#id(Bdb001.segment.233)"/>
         <nite:child href="Bdb001.C.segs.xml#id(Bdb001.segment.234)"/>
         <nite:child href="Bdb001.A.segs.xml#id(Bdb001.segment.235)"/>
         <nite:child href="Bdb001.F.segs.xml#id(Bdb001.segment.236)"/>
         <nite:child href="Bdb001.B.segs.xml#id(Bdb001.segment.237)"/>
         <nite:child href="Bdb001.A.segs.xml#id(Bdb001.segment.238)"/>
         <nite:child href="Bdb001.F.segs.xml#id(Bdb001.segment.239)..id(Bdb001.segment.240)"/>
         <nite:child href="Bdb001.A.segs.xml#id(Bdb001.segment.241)"/>
         <nite:child href="Bdb001.B.segs.xml#id(Bdb001.segment.242)"/>
         <nite:child href="Bdb001.A.segs.xml#id(Bdb001.segment.243)"/>
         <nite:child href="Bdb001.F.segs.xml#id(Bdb001.segment.244)..id(Bdb001.segment.245)"/>
         <nite:child href="Bdb001.A.segs.xml#id(Bdb001.segment.246)"/>
         <nite:child href="Bdb001.B.segs.xml#id(Bdb001.segment.247)"/>
         <nite:child href="Bdb001.C.segs.xml#id(Bdb001.segment.248)"/>
         <nite:child href="Bdb001.A.segs.xml#id(Bdb001.segment.249)..id(Bdb001.segment.250)"/>
         <nite:child href="Bdb001.F.segs.xml#id(Bdb001.segment.251)"/>
         <nite:child href="Bdb001.C.segs.xml#id(Bdb001.segment.252)"/>
         <nite:child href="Bdb001.A.segs.xml#id(Bdb001.segment.253)"/>
         <nite:child href="Bdb001.F.segs.xml#id(Bdb001.segment.254)"/>
         <nite:child href="Bdb001.C.segs.xml#id(Bdb001.segment.255)"/>
         <nite:child href="Bdb001.F.segs.xml#id(Bdb001.segment.256)..id(Bdb001.segment.257)"/>
         <nite:child href="Bdb001.C.segs.xml#id(Bdb001.segment.258)"/>
      </topic>
      <topic nite:id="Bdb001.topic.5" description="P-file format">
         <nite:child href="Bdb001.F.segs.xml#id(Bdb001.segment.259)"/>
         <nite:child href="Bdb001.C.segs.xml#id(Bdb001.segment.260)"/>
         <nite:child href="Bdb001.A.segs.xml#id(Bdb001.segment.261)"/>
         <nite:child href="Bdb001.F.segs.xml#id(Bdb001.segment.262)"/>
         <nite:child href="Bdb001.D.segs.xml#id(Bdb001.segment.263)"/>
         <nite:child href="Bdb001.C.segs.xml#id(Bdb001.segment.264)"/>
         <nite:child href="Bdb001.D.segs.xml#id(Bdb001.segment.265)"/>
         <nite:child href="Bdb001.C.segs.xml#id(Bdb001.segment.266)"/>
         <nite:child href="Bdb001.A.segs.xml#id(Bdb001.segment.267)..id(Bdb001.segment.268)"/>
         <nite:child href="Bdb001.C.segs.xml#id(Bdb001.segment.269)..id(Bdb001.segment.270)"/>
         <nite:child href="Bdb001.F.segs.xml#id(Bdb001.segment.271)"/>
         <nite:child href="Bdb001.C.segs.xml#id(Bdb001.segment.272)"/>
         <nite:child href="Bdb001.A.segs.xml#id(Bdb001.segment.273)..id(Bdb001.segment.274)"/>
         <nite:child href="Bdb001.F.segs.xml#id(Bdb001.segment.275)"/>
         <nite:child href="Bdb001.C.segs.xml#id(Bdb001.segment.276)..id(Bdb001.segment.279)"/>
         <nite:child href="Bdb001.A.segs.xml#id(Bdb001.segment.280)"/>
         <nite:child href="Bdb001.C.segs.xml#id(Bdb001.segment.281)"/>
         <nite:child href="Bdb001.F.segs.xml#id(Bdb001.segment.282)"/>
         <nite:child href="Bdb001.C.segs.xml#id(Bdb001.segment.283)"/>
         <nite:child href="Bdb001.F.segs.xml#id(Bdb001.segment.284)"/>
         <nite:child href="Bdb001.C.segs.xml#id(Bdb001.segment.285)"/>
         <nite:child href="Bdb001.D.segs.xml#id(Bdb001.segment.286)"/>
         <nite:child href="Bdb001.F.segs.xml#id(Bdb001.segment.287)"/>
         <nite:child href="Bdb001.C.segs.xml#id(Bdb001.segment.288)"/>
         <nite:child href="Bdb001.A.segs.xml#id(Bdb001.segment.289)"/>
         <nite:child href="Bdb001.C.segs.xml#id(Bdb001.segment.290)"/>
         <nite:child href="Bdb001.F.segs.xml#id(Bdb001.segment.291)"/>
         <nite:child href="Bdb001.C.segs.xml#id(Bdb001.segment.292)"/>
      </topic>
      <topic nite:id="Bdb001.topic.6" description="other sound file feature formats">
         <nite:child href="Bdb001.D.segs.xml#id(Bdb001.segment.293)"/>
         <nite:child href="Bdb001.F.segs.xml#id(Bdb001.segment.294)"/>
         <nite:child href="Bdb001.A.segs.xml#id(Bdb001.segment.295)..id(Bdb001.segment.296)"/>
         <nite:child href="Bdb001.D.segs.xml#id(Bdb001.segment.297)"/>
         <nite:child href="Bdb001.A.segs.xml#id(Bdb001.segment.298)..id(Bdb001.segment.299)"/>
         <nite:child href="Bdb001.D.segs.xml#id(Bdb001.segment.300)"/>
         <nite:child href="Bdb001.C.segs.xml#id(Bdb001.segment.301)"/>
         <nite:child href="Bdb001.A.segs.xml#id(Bdb001.segment.302)..id(Bdb001.segment.303)"/>
         <nite:child href="Bdb001.F.segs.xml#id(Bdb001.segment.304)"/>
         <nite:child href="Bdb001.D.segs.xml#id(Bdb001.segment.305)"/>
         <nite:child href="Bdb001.C.segs.xml#id(Bdb001.segment.306)"/>
         <nite:child href="Bdb001.A.segs.xml#id(Bdb001.segment.307)"/>
         <nite:child href="Bdb001.B.segs.xml#id(Bdb001.segment.308)"/>
         <nite:child href="Bdb001.F.segs.xml#id(Bdb001.segment.309)"/>
         <nite:child href="Bdb001.D.segs.xml#id(Bdb001.segment.310)"/>
         <nite:child href="Bdb001.F.segs.xml#id(Bdb001.segment.312)"/>
         <nite:child href="Bdb001.A.segs.xml#id(Bdb001.segment.311)"/>
         <nite:child href="Bdb001.C.segs.xml#id(Bdb001.segment.313)"/>
         <nite:child href="Bdb001.F.segs.xml#id(Bdb001.segment.314)"/>
         <nite:child href="Bdb001.D.segs.xml#id(Bdb001.segment.315)"/>
         <nite:child href="Bdb001.F.segs.xml#id(Bdb001.segment.316)"/>
         <nite:child href="Bdb001.B.segs.xml#id(Bdb001.segment.317)"/>
         <nite:child href="Bdb001.F.segs.xml#id(Bdb001.segment.318)..id(Bdb001.segment.319)"/>
         <nite:child href="Bdb001.C.segs.xml#id(Bdb001.segment.320)"/>
         <nite:child href="Bdb001.F.segs.xml#id(Bdb001.segment.321)"/>
         <nite:child href="Bdb001.C.segs.xml#id(Bdb001.segment.322)"/>
         <nite:child href="Bdb001.F.segs.xml#id(Bdb001.segment.323)"/>
         <nite:child href="Bdb001.C.segs.xml#id(Bdb001.segment.324)..id(Bdb001.segment.325)"/>
         <nite:child href="Bdb001.F.segs.xml#id(Bdb001.segment.326)"/>
         <nite:child href="Bdb001.C.segs.xml#id(Bdb001.segment.327)..id(Bdb001.segment.328)"/>
         <nite:child href="Bdb001.F.segs.xml#id(Bdb001.segment.329)..id(Bdb001.segment.330)"/>
         <nite:child href="Bdb001.D.segs.xml#id(Bdb001.segment.331)"/>
         <nite:child href="Bdb001.A.segs.xml#id(Bdb001.segment.332)"/>
         <nite:child href="Bdb001.F.segs.xml#id(Bdb001.segment.333)"/>
         <nite:child href="Bdb001.A.segs.xml#id(Bdb001.segment.334)..id(Bdb001.segment.336)"/>
         <nite:child href="Bdb001.F.segs.xml#id(Bdb001.segment.337)..id(Bdb001.segment.338)"/>
         <nite:child href="Bdb001.A.segs.xml#id(Bdb001.segment.339)"/>
         <nite:child href="Bdb001.C.segs.xml#id(Bdb001.segment.340)"/>
         <nite:child href="Bdb001.F.segs.xml#id(Bdb001.segment.341)..id(Bdb001.segment.343)"/>
         <nite:child href="Bdb001.C.segs.xml#id(Bdb001.segment.344)"/>
         <nite:child href="Bdb001.F.segs.xml#id(Bdb001.segment.345)"/>
         <nite:child href="Bdb001.A.segs.xml#id(Bdb001.segment.346)"/>
         <nite:child href="Bdb001.F.segs.xml#id(Bdb001.segment.347)..id(Bdb001.segment.350)"/>
      </topic>
      <topic nite:id="Bdb001.topic.7" description="compare me011's with Atlas system">
         <nite:child href="Bdb001.C.segs.xml#id(Bdb001.segment.351)..id(Bdb001.segment.352)"/>
         <nite:child href="Bdb001.A.segs.xml#id(Bdb001.segment.353)"/>
         <nite:child href="Bdb001.F.segs.xml#id(Bdb001.segment.354)"/>
         <nite:child href="Bdb001.A.segs.xml#id(Bdb001.segment.355)"/>
         <nite:child href="Bdb001.F.segs.xml#id(Bdb001.segment.356)"/>
         <nite:child href="Bdb001.C.segs.xml#id(Bdb001.segment.357)..id(Bdb001.segment.359)"/>
         <nite:child href="Bdb001.B.segs.xml#id(Bdb001.segment.360)"/>
         <nite:child href="Bdb001.C.segs.xml#id(Bdb001.segment.361)..id(Bdb001.segment.363)"/>
         <nite:child href="Bdb001.D.segs.xml#id(Bdb001.segment.364)"/>
         <nite:child href="Bdb001.C.segs.xml#id(Bdb001.segment.365)..id(Bdb001.segment.368)"/>
         <nite:child href="Bdb001.F.segs.xml#id(Bdb001.segment.369)"/>
         <nite:child href="Bdb001.C.segs.xml#id(Bdb001.segment.370)"/>
         <nite:child href="Bdb001.F.segs.xml#id(Bdb001.segment.371)"/>
         <nite:child href="Bdb001.C.segs.xml#id(Bdb001.segment.372)"/>
         <nite:child href="Bdb001.B.segs.xml#id(Bdb001.segment.373)"/>
         <nite:child href="Bdb001.F.segs.xml#id(Bdb001.segment.374)..id(Bdb001.segment.375)"/>
         <nite:child href="Bdb001.C.segs.xml#id(Bdb001.segment.376)..id(Bdb001.segment.377)"/>
         <nite:child href="Bdb001.F.segs.xml#id(Bdb001.segment.378)"/>
         <nite:child href="Bdb001.D.segs.xml#id(Bdb001.segment.379)"/>
         <nite:child href="Bdb001.F.segs.xml#id(Bdb001.segment.380)"/>
         <nite:child href="Bdb001.C.segs.xml#id(Bdb001.segment.381)..id(Bdb001.segment.383)"/>
         <nite:child href="Bdb001.F.segs.xml#id(Bdb001.segment.384)..id(Bdb001.segment.385)"/>
         <nite:child href="Bdb001.C.segs.xml#id(Bdb001.segment.386)"/>
         <nite:child href="Bdb001.F.segs.xml#id(Bdb001.segment.387)"/>
         <nite:child href="Bdb001.C.segs.xml#id(Bdb001.segment.388)"/>
         <nite:child href="Bdb001.F.segs.xml#id(Bdb001.segment.389)"/>
         <nite:child href="Bdb001.C.segs.xml#id(Bdb001.segment.390)..id(Bdb001.segment.391)"/>
         <nite:child href="Bdb001.A.segs.xml#id(Bdb001.segment.392)"/>
         <nite:child href="Bdb001.C.segs.xml#id(Bdb001.segment.393)"/>
         <nite:child href="Bdb001.A.segs.xml#id(Bdb001.segment.394)"/>
         <nite:child href="Bdb001.C.segs.xml#id(Bdb001.segment.395)"/>
         <nite:child href="Bdb001.A.segs.xml#id(Bdb001.segment.396)"/>
         <nite:child href="Bdb001.C.segs.xml#id(Bdb001.segment.397)"/>
         <nite:child href="Bdb001.B.segs.xml#id(Bdb001.segment.398)"/>
         <nite:child href="Bdb001.F.segs.xml#id(Bdb001.segment.399)"/>
         <nite:child href="Bdb001.A.segs.xml#id(Bdb001.segment.400)"/>
         <nite:child href="Bdb001.C.segs.xml#id(Bdb001.segment.401)"/>
         <nite:child href="Bdb001.F.segs.xml#id(Bdb001.segment.402)"/>
         <nite:child href="Bdb001.C.segs.xml#id(Bdb001.segment.403)"/>
         <nite:child href="Bdb001.F.segs.xml#id(Bdb001.segment.404)"/>
         <nite:child href="Bdb001.C.segs.xml#id(Bdb001.segment.405)"/>
         <nite:child href="Bdb001.F.segs.xml#id(Bdb001.segment.406)"/>
         <nite:child href="Bdb001.C.segs.xml#id(Bdb001.segment.407)..id(Bdb001.segment.411)"/>
         <nite:child href="Bdb001.A.segs.xml#id(Bdb001.segment.412)"/>
         <nite:child href="Bdb001.B.segs.xml#id(Bdb001.segment.413)"/>
         <nite:child href="Bdb001.C.segs.xml#id(Bdb001.segment.414)"/>
         <nite:child href="Bdb001.F.segs.xml#id(Bdb001.segment.415)"/>
         <nite:child href="Bdb001.B.segs.xml#id(Bdb001.segment.416)"/>
         <nite:child href="Bdb001.D.segs.xml#id(Bdb001.segment.417)"/>
         <nite:child href="Bdb001.C.segs.xml#id(Bdb001.segment.418)"/>
         <nite:child href="Bdb001.D.segs.xml#id(Bdb001.segment.419)"/>
         <nite:child href="Bdb001.F.segs.xml#id(Bdb001.segment.420)"/>
         <nite:child href="Bdb001.C.segs.xml#id(Bdb001.segment.421)"/>
         <nite:child href="Bdb001.D.segs.xml#id(Bdb001.segment.422)"/>
         <nite:child href="Bdb001.F.segs.xml#id(Bdb001.segment.423)"/>
         <nite:child href="Bdb001.C.segs.xml#id(Bdb001.segment.424)..id(Bdb001.segment.425)"/>
         <nite:child href="Bdb001.A.segs.xml#id(Bdb001.segment.426)..id(Bdb001.segment.427)"/>
         <nite:child href="Bdb001.D.segs.xml#id(Bdb001.segment.428)..id(Bdb001.segment.429)"/>
         <nite:child href="Bdb001.C.segs.xml#id(Bdb001.segment.430)"/>
         <nite:child href="Bdb001.D.segs.xml#id(Bdb001.segment.431)"/>
         <nite:child href="Bdb001.C.segs.xml#id(Bdb001.segment.432)..id(Bdb001.segment.440)"/>
         <nite:child href="Bdb001.B.segs.xml#id(Bdb001.segment.441)"/>
         <nite:child href="Bdb001.C.segs.xml#id(Bdb001.segment.442)..id(Bdb001.segment.445)"/>
         <nite:child href="Bdb001.A.segs.xml#id(Bdb001.segment.446)"/>
         <nite:child href="Bdb001.F.segs.xml#id(Bdb001.segment.447)"/>
         <nite:child href="Bdb001.B.segs.xml#id(Bdb001.segment.448)"/>
         <nite:child href="Bdb001.D.segs.xml#id(Bdb001.segment.449)"/>
         <nite:child href="Bdb001.B.segs.xml#id(Bdb001.segment.450)"/>
         <nite:child href="Bdb001.C.segs.xml#id(Bdb001.segment.451)"/>
         <nite:child href="Bdb001.F.segs.xml#id(Bdb001.segment.452)"/>
         <nite:child href="Bdb001.A.segs.xml#id(Bdb001.segment.453)..id(Bdb001.segment.454)"/>
         <nite:child href="Bdb001.C.segs.xml#id(Bdb001.segment.455)"/>
         <nite:child href="Bdb001.F.segs.xml#id(Bdb001.segment.456)"/>
         <nite:child href="Bdb001.A.segs.xml#id(Bdb001.segment.457)"/>
         <nite:child href="Bdb001.F.segs.xml#id(Bdb001.segment.458)"/>
         <nite:child href="Bdb001.A.segs.xml#id(Bdb001.segment.460)"/>
         <nite:child href="Bdb001.C.segs.xml#id(Bdb001.segment.459)"/>
         <nite:child href="Bdb001.A.segs.xml#id(Bdb001.segment.461)"/>
         <nite:child href="Bdb001.C.segs.xml#id(Bdb001.segment.462)"/>
         <nite:child href="Bdb001.F.segs.xml#id(Bdb001.segment.463)"/>
         <nite:child href="Bdb001.C.segs.xml#id(Bdb001.segment.464)"/>
         <nite:child href="Bdb001.F.segs.xml#id(Bdb001.segment.465)"/>
         <nite:child href="Bdb001.C.segs.xml#id(Bdb001.segment.466)..id(Bdb001.segment.468)"/>
         <nite:child href="Bdb001.F.segs.xml#id(Bdb001.segment.469)"/>
         <nite:child href="Bdb001.C.segs.xml#id(Bdb001.segment.470)..id(Bdb001.segment.471)"/>
         <nite:child href="Bdb001.D.segs.xml#id(Bdb001.segment.472)"/>
         <nite:child href="Bdb001.C.segs.xml#id(Bdb001.segment.473)"/>
         <nite:child href="Bdb001.F.segs.xml#id(Bdb001.segment.474)..id(Bdb001.segment.475)"/>
         <nite:child href="Bdb001.C.segs.xml#id(Bdb001.segment.476)"/>
         <nite:child href="Bdb001.F.segs.xml#id(Bdb001.segment.477)"/>
         <nite:child href="Bdb001.C.segs.xml#id(Bdb001.segment.478)"/>
         <nite:child href="Bdb001.F.segs.xml#id(Bdb001.segment.479)..id(Bdb001.segment.480)"/>
         <nite:child href="Bdb001.C.segs.xml#id(Bdb001.segment.481)"/>
         <nite:child href="Bdb001.F.segs.xml#id(Bdb001.segment.482)"/>
         <nite:child href="Bdb001.D.segs.xml#id(Bdb001.segment.483)"/>
         <nite:child href="Bdb001.A.segs.xml#id(Bdb001.segment.484)"/>
         <nite:child href="Bdb001.C.segs.xml#id(Bdb001.segment.485)"/>
         <nite:child href="Bdb001.F.segs.xml#id(Bdb001.segment.486)..id(Bdb001.segment.487)"/>
         <nite:child href="Bdb001.C.segs.xml#id(Bdb001.segment.488)"/>
         <nite:child href="Bdb001.F.segs.xml#id(Bdb001.segment.489)"/>
         <nite:child href="Bdb001.B.segs.xml#id(Bdb001.segment.490)"/>
         <nite:child href="Bdb001.F.segs.xml#id(Bdb001.segment.491)..id(Bdb001.segment.493)"/>
         <nite:child href="Bdb001.B.segs.xml#id(Bdb001.segment.494)..id(Bdb001.segment.495)"/>
         <nite:child href="Bdb001.A.segs.xml#id(Bdb001.segment.496)"/>
         <nite:child href="Bdb001.F.segs.xml#id(Bdb001.segment.497)"/>
         <nite:child href="Bdb001.C.segs.xml#id(Bdb001.segment.498)"/>
         <nite:child href="Bdb001.F.segs.xml#id(Bdb001.segment.499)..id(Bdb001.segment.500)"/>
         <nite:child href="Bdb001.C.segs.xml#id(Bdb001.segment.501)"/>
         <nite:child href="Bdb001.F.segs.xml#id(Bdb001.segment.502)..id(Bdb001.segment.503)"/>
         <nite:child href="Bdb001.C.segs.xml#id(Bdb001.segment.504)"/>
         <nite:child href="Bdb001.F.segs.xml#id(Bdb001.segment.505)..id(Bdb001.segment.506)"/>
         <nite:child href="Bdb001.C.segs.xml#id(Bdb001.segment.507)"/>
         <nite:child href="Bdb001.A.segs.xml#id(Bdb001.segment.508)"/>
         <nite:child href="Bdb001.F.segs.xml#id(Bdb001.segment.509)"/>
         <nite:child href="Bdb001.A.segs.xml#id(Bdb001.segment.510)..id(Bdb001.segment.511)"/>
         <nite:child href="Bdb001.C.segs.xml#id(Bdb001.segment.512)"/>
         <nite:child href="Bdb001.F.segs.xml#id(Bdb001.segment.513)..id(Bdb001.segment.514)"/>
         <nite:child href="Bdb001.A.segs.xml#id(Bdb001.segment.515)"/>
         <nite:child href="Bdb001.C.segs.xml#id(Bdb001.segment.516)"/>
         <nite:child href="Bdb001.A.segs.xml#id(Bdb001.segment.517)"/>
         <nite:child href="Bdb001.C.segs.xml#id(Bdb001.segment.518)"/>
         <nite:child href="Bdb001.A.segs.xml#id(Bdb001.segment.519)"/>
         <nite:child href="Bdb001.C.segs.xml#id(Bdb001.segment.520)..id(Bdb001.segment.521)"/>
         <nite:child href="Bdb001.A.segs.xml#id(Bdb001.segment.522)"/>
         <nite:child href="Bdb001.C.segs.xml#id(Bdb001.segment.524)"/>
         <nite:child href="Bdb001.A.segs.xml#id(Bdb001.segment.523)"/>
         <nite:child href="Bdb001.C.segs.xml#id(Bdb001.segment.525)..id(Bdb001.segment.526)"/>
         <nite:child href="Bdb001.F.segs.xml#id(Bdb001.segment.527)"/>
         <nite:child href="Bdb001.C.segs.xml#id(Bdb001.segment.528)..id(Bdb001.segment.529)"/>
         <nite:child href="Bdb001.A.segs.xml#id(Bdb001.segment.530)"/>
         <nite:child href="Bdb001.C.segs.xml#id(Bdb001.segment.531)..id(Bdb001.segment.532)"/>
         <nite:child href="Bdb001.A.segs.xml#id(Bdb001.segment.533)"/>
         <nite:child href="Bdb001.C.segs.xml#id(Bdb001.segment.534)"/>
         <nite:child href="Bdb001.A.segs.xml#id(Bdb001.segment.535)"/>
         <nite:child href="Bdb001.F.segs.xml#id(Bdb001.segment.536)"/>
         <nite:child href="Bdb001.C.segs.xml#id(Bdb001.segment.537)"/>
         <nite:child href="Bdb001.A.segs.xml#id(Bdb001.segment.539)"/>
         <nite:child href="Bdb001.F.segs.xml#id(Bdb001.segment.538)"/>
         <nite:child href="Bdb001.C.segs.xml#id(Bdb001.segment.540)"/>
         <topic nite:id="Bdb001.topic.8" description="hierachical relationships">
            <nite:child href="Bdb001.A.segs.xml#id(Bdb001.segment.541)"/>
            <nite:child href="Bdb001.F.segs.xml#id(Bdb001.segment.542)"/>
            <nite:child href="Bdb001.D.segs.xml#id(Bdb001.segment.543)"/>
            <nite:child href="Bdb001.B.segs.xml#id(Bdb001.segment.544)"/>
            <nite:child href="Bdb001.A.segs.xml#id(Bdb001.segment.545)..id(Bdb001.segment.546)"/>
            <nite:child href="Bdb001.C.segs.xml#id(Bdb001.segment.547)"/>
            <nite:child href="Bdb001.D.segs.xml#id(Bdb001.segment.548)"/>
            <nite:child href="Bdb001.A.segs.xml#id(Bdb001.segment.549)"/>
            <nite:child href="Bdb001.D.segs.xml#id(Bdb001.segment.550)..id(Bdb001.segment.551)"/>
            <nite:child href="Bdb001.C.segs.xml#id(Bdb001.segment.552)"/>
            <nite:child href="Bdb001.D.segs.xml#id(Bdb001.segment.554)"/>
            <nite:child href="Bdb001.C.segs.xml#id(Bdb001.segment.553)"/>
            <nite:child href="Bdb001.F.segs.xml#id(Bdb001.segment.555)..id(Bdb001.segment.558)"/>
            <nite:child href="Bdb001.C.segs.xml#id(Bdb001.segment.559)"/>
            <nite:child href="Bdb001.F.segs.xml#id(Bdb001.segment.560)"/>
            <nite:child href="Bdb001.C.segs.xml#id(Bdb001.segment.561)"/>
            <nite:child href="Bdb001.F.segs.xml#id(Bdb001.segment.562)"/>
            <nite:child href="Bdb001.A.segs.xml#id(Bdb001.segment.563)"/>
            <nite:child href="Bdb001.F.segs.xml#id(Bdb001.segment.564)"/>
            <nite:child href="Bdb001.A.segs.xml#id(Bdb001.segment.565)"/>
            <nite:child href="Bdb001.D.segs.xml#id(Bdb001.segment.566)"/>
            <nite:child href="Bdb001.F.segs.xml#id(Bdb001.segment.567)..id(Bdb001.segment.568)"/>
            <nite:child href="Bdb001.C.segs.xml#id(Bdb001.segment.569)"/>
            <nite:child href="Bdb001.F.segs.xml#id(Bdb001.segment.570)"/>
            <nite:child href="Bdb001.C.segs.xml#id(Bdb001.segment.571)"/>
            <nite:child href="Bdb001.F.segs.xml#id(Bdb001.segment.572)"/>
            <nite:child href="Bdb001.C.segs.xml#id(Bdb001.segment.573)"/>
            <nite:child href="Bdb001.F.segs.xml#id(Bdb001.segment.574)"/>
            <nite:child href="Bdb001.A.segs.xml#id(Bdb001.segment.575)"/>
            <nite:child href="Bdb001.F.segs.xml#id(Bdb001.segment.576)"/>
            <nite:child href="Bdb001.A.segs.xml#id(Bdb001.segment.577)"/>
            <nite:child href="Bdb001.F.segs.xml#id(Bdb001.segment.578)..id(Bdb001.segment.579)"/>
            <nite:child href="Bdb001.D.segs.xml#id(Bdb001.segment.580)"/>
            <nite:child href="Bdb001.C.segs.xml#id(Bdb001.segment.581)..id(Bdb001.segment.582)"/>
            <nite:child href="Bdb001.F.segs.xml#id(Bdb001.segment.583)"/>
            <nite:child href="Bdb001.C.segs.xml#id(Bdb001.segment.584)..id(Bdb001.segment.591)"/>
            <nite:child href="Bdb001.A.segs.xml#id(Bdb001.segment.592)"/>
            <nite:child href="Bdb001.F.segs.xml#id(Bdb001.segment.593)"/>
            <nite:child href="Bdb001.C.segs.xml#id(Bdb001.segment.594)"/>
            <nite:child href="Bdb001.A.segs.xml#id(Bdb001.segment.595)"/>
            <nite:child href="Bdb001.F.segs.xml#id(Bdb001.segment.596)"/>
            <nite:child href="Bdb001.B.segs.xml#id(Bdb001.segment.597)"/>
            <nite:child href="Bdb001.D.segs.xml#id(Bdb001.segment.598)"/>
            <nite:child href="Bdb001.C.segs.xml#id(Bdb001.segment.599)"/>
            <nite:child href="Bdb001.F.segs.xml#id(Bdb001.segment.600)..id(Bdb001.segment.601)"/>
            <nite:child href="Bdb001.D.segs.xml#id(Bdb001.segment.602)"/>
            <nite:child href="Bdb001.A.segs.xml#id(Bdb001.segment.603)"/>
            <nite:child href="Bdb001.F.segs.xml#id(Bdb001.segment.604)"/>
            <nite:child href="Bdb001.C.segs.xml#id(Bdb001.segment.605)"/>
            <nite:child href="Bdb001.D.segs.xml#id(Bdb001.segment.606)"/>
            <nite:child href="Bdb001.A.segs.xml#id(Bdb001.segment.607)"/>
            <nite:child href="Bdb001.C.segs.xml#id(Bdb001.segment.608)"/>
            <nite:child href="Bdb001.A.segs.xml#id(Bdb001.segment.609)"/>
            <nite:child href="Bdb001.F.segs.xml#id(Bdb001.segment.610)"/>
            <nite:child href="Bdb001.A.segs.xml#id(Bdb001.segment.611)..id(Bdb001.segment.613)"/>
            <nite:child href="Bdb001.C.segs.xml#id(Bdb001.segment.614)"/>
            <nite:child href="Bdb001.F.segs.xml#id(Bdb001.segment.615)..id(Bdb001.segment.616)"/>
            <nite:child href="Bdb001.A.segs.xml#id(Bdb001.segment.617)"/>
            <nite:child href="Bdb001.C.segs.xml#id(Bdb001.segment.619)"/>
            <nite:child href="Bdb001.A.segs.xml#id(Bdb001.segment.618)..id(Bdb001.segment.620)"/>
            <nite:child href="Bdb001.B.segs.xml#id(Bdb001.segment.621)"/>
            <nite:child href="Bdb001.A.segs.xml#id(Bdb001.segment.622)..id(Bdb001.segment.624)"/>
            <nite:child href="Bdb001.C.segs.xml#id(Bdb001.segment.625)"/>
            <nite:child href="Bdb001.A.segs.xml#id(Bdb001.segment.626)"/>
            <nite:child href="Bdb001.F.segs.xml#id(Bdb001.segment.627)"/>
            <nite:child href="Bdb001.A.segs.xml#id(Bdb001.segment.628)..id(Bdb001.segment.630)"/>
            <nite:child href="Bdb001.F.segs.xml#id(Bdb001.segment.631)..id(Bdb001.segment.632)"/>
            <nite:child href="Bdb001.A.segs.xml#id(Bdb001.segment.633)"/>
            <nite:child href="Bdb001.F.segs.xml#id(Bdb001.segment.634)"/>
            <nite:child href="Bdb001.C.segs.xml#id(Bdb001.segment.635)"/>
            <nite:child href="Bdb001.A.segs.xml#id(Bdb001.segment.636)"/>
            <nite:child href="Bdb001.C.segs.xml#id(Bdb001.segment.637)"/>
            <nite:child href="Bdb001.A.segs.xml#id(Bdb001.segment.638)"/>
            <nite:child href="Bdb001.C.segs.xml#id(Bdb001.segment.639)..id(Bdb001.segment.640)"/>
            <nite:child href="Bdb001.F.segs.xml#id(Bdb001.segment.641)"/>
            <nite:child href="Bdb001.A.segs.xml#id(Bdb001.segment.642)"/>
            <nite:child href="Bdb001.F.segs.xml#id(Bdb001.segment.643)"/>
            <nite:child href="Bdb001.C.segs.xml#id(Bdb001.segment.644)"/>
            <nite:child href="Bdb001.A.segs.xml#id(Bdb001.segment.645)"/>
            <nite:child href="Bdb001.C.segs.xml#id(Bdb001.segment.646)"/>
            <nite:child href="Bdb001.F.segs.xml#id(Bdb001.segment.647)"/>
            <nite:child href="Bdb001.A.segs.xml#id(Bdb001.segment.648)"/>
            <nite:child href="Bdb001.F.segs.xml#id(Bdb001.segment.649)"/>
         </topic>
         <topic nite:id="Bdb001.topic.9" description="extracting information">
            <nite:child href="Bdb001.A.segs.xml#id(Bdb001.segment.650)"/>
            <nite:child href="Bdb001.C.segs.xml#id(Bdb001.segment.651)"/>
            <nite:child href="Bdb001.F.segs.xml#id(Bdb001.segment.652)"/>
            <nite:child href="Bdb001.A.segs.xml#id(Bdb001.segment.653)..id(Bdb001.segment.654)"/>
            <nite:child href="Bdb001.F.segs.xml#id(Bdb001.segment.655)..id(Bdb001.segment.658)"/>
            <nite:child href="Bdb001.A.segs.xml#id(Bdb001.segment.657)"/>
            <nite:child href="Bdb001.F.segs.xml#id(Bdb001.segment.659)..id(Bdb001.segment.660)"/>
            <nite:child href="Bdb001.A.segs.xml#id(Bdb001.segment.661)"/>
            <nite:child href="Bdb001.C.segs.xml#id(Bdb001.segment.662)"/>
            <nite:child href="Bdb001.A.segs.xml#id(Bdb001.segment.663)..id(Bdb001.segment.664)"/>
            <nite:child href="Bdb001.C.segs.xml#id(Bdb001.segment.665)"/>
            <nite:child href="Bdb001.A.segs.xml#id(Bdb001.segment.666)"/>
            <nite:child href="Bdb001.F.segs.xml#id(Bdb001.segment.667)..id(Bdb001.segment.669)"/>
            <nite:child href="Bdb001.C.segs.xml#id(Bdb001.segment.670)..id(Bdb001.segment.671)"/>
            <nite:child href="Bdb001.F.segs.xml#id(Bdb001.segment.672)"/>
            <nite:child href="Bdb001.C.segs.xml#id(Bdb001.segment.673)..id(Bdb001.segment.674)"/>
            <nite:child href="Bdb001.A.segs.xml#id(Bdb001.segment.675)"/>
            <nite:child href="Bdb001.F.segs.xml#id(Bdb001.segment.676)..id(Bdb001.segment.678)"/>
            <nite:child href="Bdb001.B.segs.xml#id(Bdb001.segment.679)"/>
            <nite:child href="Bdb001.F.segs.xml#id(Bdb001.segment.680)"/>
            <nite:child href="Bdb001.C.segs.xml#id(Bdb001.segment.681)"/>
            <nite:child href="Bdb001.F.segs.xml#id(Bdb001.segment.682)..id(Bdb001.segment.684)"/>
            <nite:child href="Bdb001.A.segs.xml#id(Bdb001.segment.685)"/>
            <nite:child href="Bdb001.F.segs.xml#id(Bdb001.segment.686)"/>
            <nite:child href="Bdb001.C.segs.xml#id(Bdb001.segment.687)"/>
            <nite:child href="Bdb001.A.segs.xml#id(Bdb001.segment.688)"/>
            <nite:child href="Bdb001.C.segs.xml#id(Bdb001.segment.689)"/>
            <nite:child href="Bdb001.A.segs.xml#id(Bdb001.segment.690)"/>
            <nite:child href="Bdb001.C.segs.xml#id(Bdb001.segment.691)"/>
            <nite:child href="Bdb001.A.segs.xml#id(Bdb001.segment.692)"/>
            <nite:child href="Bdb001.F.segs.xml#id(Bdb001.segment.693)"/>
            <nite:child href="Bdb001.A.segs.xml#id(Bdb001.segment.694)"/>
            <nite:child href="Bdb001.C.segs.xml#id(Bdb001.segment.695)..id(Bdb001.segment.696)"/>
            <nite:child href="Bdb001.A.segs.xml#id(Bdb001.segment.697)..id(Bdb001.segment.699)"/>
            <nite:child href="Bdb001.F.segs.xml#id(Bdb001.segment.700)"/>
            <nite:child href="Bdb001.A.segs.xml#id(Bdb001.segment.701)..id(Bdb001.segment.702)"/>
            <nite:child href="Bdb001.F.segs.xml#id(Bdb001.segment.703)..id(Bdb001.segment.704)"/>
            <nite:child href="Bdb001.C.segs.xml#id(Bdb001.segment.705)"/>
            <nite:child href="Bdb001.A.segs.xml#id(Bdb001.segment.706)"/>
            <nite:child href="Bdb001.F.segs.xml#id(Bdb001.segment.707)"/>
            <nite:child href="Bdb001.C.segs.xml#id(Bdb001.segment.708)..id(Bdb001.segment.709)"/>
            <nite:child href="Bdb001.A.segs.xml#id(Bdb001.segment.710)"/>
            <nite:child href="Bdb001.C.segs.xml#id(Bdb001.segment.711)..id(Bdb001.segment.713)"/>
            <nite:child href="Bdb001.F.segs.xml#id(Bdb001.segment.712)"/>
            <nite:child href="Bdb001.A.segs.xml#id(Bdb001.segment.714)"/>
            <nite:child href="Bdb001.F.segs.xml#id(Bdb001.segment.715)"/>
            <nite:child href="Bdb001.A.segs.xml#id(Bdb001.segment.716)"/>
            <nite:child href="Bdb001.C.segs.xml#id(Bdb001.segment.717)"/>
            <nite:child href="Bdb001.F.segs.xml#id(Bdb001.segment.718)"/>
            <nite:child href="Bdb001.C.segs.xml#id(Bdb001.segment.719)"/>
            <nite:child href="Bdb001.F.segs.xml#id(Bdb001.segment.720)"/>
            <nite:child href="Bdb001.C.segs.xml#id(Bdb001.segment.721)..id(Bdb001.segment.722)"/>
            <nite:child href="Bdb001.F.segs.xml#id(Bdb001.segment.724)"/>
            <nite:child href="Bdb001.A.segs.xml#id(Bdb001.segment.725)"/>
            <nite:child href="Bdb001.C.segs.xml#id(Bdb001.segment.726)"/>
            <nite:child href="Bdb001.F.segs.xml#id(Bdb001.segment.727)"/>
            <nite:child href="Bdb001.A.segs.xml#id(Bdb001.segment.728)"/>
            <nite:child href="Bdb001.C.segs.xml#id(Bdb001.segment.729)"/>
            <nite:child href="Bdb001.A.segs.xml#id(Bdb001.segment.730)"/>
            <nite:child href="Bdb001.B.segs.xml#id(Bdb001.segment.731)"/>
            <nite:child href="Bdb001.F.segs.xml#id(Bdb001.segment.732)..id(Bdb001.segment.733)"/>
            <nite:child href="Bdb001.D.segs.xml#id(Bdb001.segment.734)..id(Bdb001.segment.735)"/>
            <nite:child href="Bdb001.B.segs.xml#id(Bdb001.segment.737)"/>
            <nite:child href="Bdb001.A.segs.xml#id(Bdb001.segment.738)"/>
            <nite:child href="Bdb001.D.segs.xml#id(Bdb001.segment.739)..id(Bdb001.segment.740)"/>
            <nite:child href="Bdb001.C.segs.xml#id(Bdb001.segment.741)"/>
            <nite:child href="Bdb001.D.segs.xml#id(Bdb001.segment.742)"/>
            <nite:child href="Bdb001.C.segs.xml#id(Bdb001.segment.743)"/>
            <nite:child href="Bdb001.D.segs.xml#id(Bdb001.segment.744)"/>
            <nite:child href="Bdb001.C.segs.xml#id(Bdb001.segment.745)"/>
            <nite:child href="Bdb001.F.segs.xml#id(Bdb001.segment.746)"/>
            <nite:child href="Bdb001.C.segs.xml#id(Bdb001.segment.747)"/>
            <nite:child href="Bdb001.D.segs.xml#id(Bdb001.segment.748)"/>
            <nite:child href="Bdb001.C.segs.xml#id(Bdb001.segment.749)"/>
            <nite:child href="Bdb001.A.segs.xml#id(Bdb001.segment.750)"/>
            <nite:child href="Bdb001.C.segs.xml#id(Bdb001.segment.751)..id(Bdb001.segment.753)"/>
            <nite:child href="Bdb001.D.segs.xml#id(Bdb001.segment.754)..id(Bdb001.segment.755)"/>
            <nite:child href="Bdb001.F.segs.xml#id(Bdb001.segment.756)"/>
            <nite:child href="Bdb001.B.segs.xml#id(Bdb001.segment.757)"/>
            <nite:child href="Bdb001.F.segs.xml#id(Bdb001.segment.758)..id(Bdb001.segment.759)"/>
            <nite:child href="Bdb001.C.segs.xml#id(Bdb001.segment.760)"/>
            <nite:child href="Bdb001.F.segs.xml#id(Bdb001.segment.761)"/>
            <nite:child href="Bdb001.C.segs.xml#id(Bdb001.segment.762)"/>
            <nite:child href="Bdb001.F.segs.xml#id(Bdb001.segment.763)"/>
            <nite:child href="Bdb001.C.segs.xml#id(Bdb001.segment.764)"/>
            <nite:child href="Bdb001.D.segs.xml#id(Bdb001.segment.765)"/>
            <nite:child href="Bdb001.C.segs.xml#id(Bdb001.segment.766)"/>
            <nite:child href="Bdb001.A.segs.xml#id(Bdb001.segment.767)"/>
            <nite:child href="Bdb001.C.segs.xml#id(Bdb001.segment.768)"/>
            <nite:child href="Bdb001.F.segs.xml#id(Bdb001.segment.769)"/>
            <nite:child href="Bdb001.C.segs.xml#id(Bdb001.segment.770)..id(Bdb001.segment.771)"/>
            <nite:child href="Bdb001.A.segs.xml#id(Bdb001.segment.772)..id(Bdb001.segment.777)"/>
            <nite:child href="Bdb001.C.segs.xml#id(Bdb001.segment.778)"/>
            <nite:child href="Bdb001.A.segs.xml#id(Bdb001.segment.779)..id(Bdb001.segment.781)"/>
            <nite:child href="Bdb001.D.segs.xml#id(Bdb001.segment.782)"/>
            <nite:child href="Bdb001.A.segs.xml#id(Bdb001.segment.783)"/>
            <nite:child href="Bdb001.C.segs.xml#id(Bdb001.segment.784)"/>
            <nite:child href="Bdb001.A.segs.xml#id(Bdb001.segment.785)"/>
            <nite:child href="Bdb001.C.segs.xml#id(Bdb001.segment.786)"/>
            <nite:child href="Bdb001.A.segs.xml#id(Bdb001.segment.787)"/>
            <nite:child href="Bdb001.C.segs.xml#id(Bdb001.segment.788)"/>
            <nite:child href="Bdb001.A.segs.xml#id(Bdb001.segment.789)"/>
            <nite:child href="Bdb001.C.segs.xml#id(Bdb001.segment.790)..id(Bdb001.segment.796)"/>
            <nite:child href="Bdb001.F.segs.xml#id(Bdb001.segment.797)..id(Bdb001.segment.798)"/>
         </topic>
         <nite:child href="Bdb001.F.segs.xml#id(Bdb001.segment.799)..id(Bdb001.segment.801)"/>
         <nite:child href="Bdb001.D.segs.xml#id(Bdb001.segment.802)"/>
         <nite:child href="Bdb001.F.segs.xml#id(Bdb001.segment.803)"/>
         <nite:child href="Bdb001.C.segs.xml#id(Bdb001.segment.804)"/>
         <nite:child href="Bdb001.F.segs.xml#id(Bdb001.segment.805)..id(Bdb001.segment.806)"/>
         <nite:child href="Bdb001.A.segs.xml#id(Bdb001.segment.808)"/>
         <nite:child href="Bdb001.F.segs.xml#id(Bdb001.segment.807)"/>
         <nite:child href="Bdb001.C.segs.xml#id(Bdb001.segment.809)"/>
         <nite:child href="Bdb001.A.segs.xml#id(Bdb001.segment.810)"/>
         <nite:child href="Bdb001.F.segs.xml#id(Bdb001.segment.811)..id(Bdb001.segment.814)"/>
         <nite:child href="Bdb001.C.segs.xml#id(Bdb001.segment.815)"/>
         <nite:child href="Bdb001.F.segs.xml#id(Bdb001.segment.816)..id(Bdb001.segment.818)"/>
         <nite:child href="Bdb001.C.segs.xml#id(Bdb001.segment.819)..id(Bdb001.segment.820)"/>
         <nite:child href="Bdb001.F.segs.xml#id(Bdb001.segment.821)"/>
         <nite:child href="Bdb001.C.segs.xml#id(Bdb001.segment.822)..id(Bdb001.segment.824)"/>
         <nite:child href="Bdb001.F.segs.xml#id(Bdb001.segment.825)"/>
         <nite:child href="Bdb001.C.segs.xml#id(Bdb001.segment.826)..id(Bdb001.segment.828)"/>
         <nite:child href="Bdb001.F.segs.xml#id(Bdb001.segment.829)"/>
         <nite:child href="Bdb001.C.segs.xml#id(Bdb001.segment.830)"/>
         <nite:child href="Bdb001.A.segs.xml#id(Bdb001.segment.831)"/>
         <nite:child href="Bdb001.F.segs.xml#id(Bdb001.segment.832)"/>
         <nite:child href="Bdb001.C.segs.xml#id(Bdb001.segment.833)"/>
         <nite:child href="Bdb001.F.segs.xml#id(Bdb001.segment.834)"/>
         <nite:child href="Bdb001.A.segs.xml#id(Bdb001.segment.835)"/>
         <nite:child href="Bdb001.C.segs.xml#id(Bdb001.segment.836)"/>
      </topic>
   </topic>
   <topic nite:id="Bdb001.topic.15" description="decisions to be made">
      <nite:child href="Bdb001.F.segs.xml#id(Bdb001.segment.837)"/>
      <nite:child href="Bdb001.A.segs.xml#id(Bdb001.segment.838)"/>
      <nite:child href="Bdb001.F.segs.xml#id(Bdb001.segment.839)"/>
      <nite:child href="Bdb001.A.segs.xml#id(Bdb001.segment.840)"/>
      <nite:child href="Bdb001.C.segs.xml#id(Bdb001.segment.841)"/>
      <nite:child href="Bdb001.A.segs.xml#id(Bdb001.segment.842)"/>
      <nite:child href="Bdb001.C.segs.xml#id(Bdb001.segment.843)"/>
      <nite:child href="Bdb001.A.segs.xml#id(Bdb001.segment.844)..id(Bdb001.segment.845)"/>
      <nite:child href="Bdb001.F.segs.xml#id(Bdb001.segment.846)"/>
      <nite:child href="Bdb001.A.segs.xml#id(Bdb001.segment.847)..id(Bdb001.segment.849)"/>
      <nite:child href="Bdb001.C.segs.xml#id(Bdb001.segment.850)"/>
      <nite:child href="Bdb001.B.segs.xml#id(Bdb001.segment.851)"/>
      <nite:child href="Bdb001.F.segs.xml#id(Bdb001.segment.852)"/>
      <nite:child href="Bdb001.B.segs.xml#id(Bdb001.segment.853)"/>
      <nite:child href="Bdb001.A.segs.xml#id(Bdb001.segment.854)"/>
      <nite:child href="Bdb001.F.segs.xml#id(Bdb001.segment.855)..id(Bdb001.segment.859)"/>
      <nite:child href="Bdb001.C.segs.xml#id(Bdb001.segment.860)"/>
      <nite:child href="Bdb001.A.segs.xml#id(Bdb001.segment.861)"/>
      <nite:child href="Bdb001.F.segs.xml#id(Bdb001.segment.862)"/>
      <nite:child href="Bdb001.C.segs.xml#id(Bdb001.segment.864)"/>
      <nite:child href="Bdb001.F.segs.xml#id(Bdb001.segment.865)"/>
      <nite:child href="Bdb001.C.segs.xml#id(Bdb001.segment.866)"/>
      <nite:child href="Bdb001.B.segs.xml#id(Bdb001.segment.867)"/>
      <nite:child href="Bdb001.F.segs.xml#id(Bdb001.segment.868)..id(Bdb001.segment.869)"/>
      <nite:child href="Bdb001.B.segs.xml#id(Bdb001.segment.870)"/>
      <nite:child href="Bdb001.C.segs.xml#id(Bdb001.segment.871)"/>
      <nite:child href="Bdb001.D.segs.xml#id(Bdb001.segment.872)"/>
      <nite:child href="Bdb001.E.segs.xml#id(Bdb001.segment.873)"/>
      <nite:child href="Bdb001.F.segs.xml#id(Bdb001.segment.874)"/>
      <nite:child href="Bdb001.A.segs.xml#id(Bdb001.segment.875)"/>
      <nite:child href="Bdb001.F.segs.xml#id(Bdb001.segment.876)..id(Bdb001.segment.877)"/>
      <topic nite:id="Bdb001.topic.16" description="P-file format?">
         <nite:child href="Bdb001.C.segs.xml#id(Bdb001.segment.878)"/>
         <nite:child href="Bdb001.A.segs.xml#id(Bdb001.segment.879)"/>
         <nite:child href="Bdb001.B.segs.xml#id(Bdb001.segment.880)"/>
         <nite:child href="Bdb001.C.segs.xml#id(Bdb001.segment.881)..id(Bdb001.segment.882)"/>
         <nite:child href="Bdb001.E.segs.xml#id(Bdb001.segment.883)"/>
         <nite:child href="Bdb001.C.segs.xml#id(Bdb001.segment.884)"/>
         <nite:child href="Bdb001.A.segs.xml#id(Bdb001.segment.885)"/>
         <nite:child href="Bdb001.C.segs.xml#id(Bdb001.segment.886)"/>
         <nite:child href="Bdb001.A.segs.xml#id(Bdb001.segment.887)..id(Bdb001.segment.888)"/>
         <nite:child href="Bdb001.C.segs.xml#id(Bdb001.segment.889)"/>
         <nite:child href="Bdb001.D.segs.xml#id(Bdb001.segment.890)"/>
         <nite:child href="Bdb001.A.segs.xml#id(Bdb001.segment.891)..id(Bdb001.segment.892)"/>
         <nite:child href="Bdb001.C.segs.xml#id(Bdb001.segment.893)"/>
         <nite:child href="Bdb001.A.segs.xml#id(Bdb001.segment.894)"/>
         <nite:child href="Bdb001.C.segs.xml#id(Bdb001.segment.895)"/>
         <nite:child href="Bdb001.A.segs.xml#id(Bdb001.segment.896)"/>
         <nite:child href="Bdb001.E.segs.xml#id(Bdb001.segment.897)"/>
         <nite:child href="Bdb001.A.segs.xml#id(Bdb001.segment.898)"/>
         <nite:child href="Bdb001.C.segs.xml#id(Bdb001.segment.899)"/>
         <nite:child href="Bdb001.A.segs.xml#id(Bdb001.segment.900)"/>
         <nite:child href="Bdb001.C.segs.xml#id(Bdb001.segment.901)"/>
         <nite:child href="Bdb001.A.segs.xml#id(Bdb001.segment.902)"/>
         <nite:child href="Bdb001.C.segs.xml#id(Bdb001.segment.903)"/>
         <nite:child href="Bdb001.A.segs.xml#id(Bdb001.segment.904)"/>
         <nite:child href="Bdb001.C.segs.xml#id(Bdb001.segment.905)"/>
         <nite:child href="Bdb001.F.segs.xml#id(Bdb001.segment.906)"/>
         <nite:child href="Bdb001.C.segs.xml#id(Bdb001.segment.907)..id(Bdb001.segment.908)"/>
         <nite:child href="Bdb001.B.segs.xml#id(Bdb001.segment.909)..id(Bdb001.segment.910)"/>
         <nite:child href="Bdb001.C.segs.xml#id(Bdb001.segment.911)"/>
         <nite:child href="Bdb001.A.segs.xml#id(Bdb001.segment.912)"/>
         <nite:child href="Bdb001.B.segs.xml#id(Bdb001.segment.913)"/>
         <nite:child href="Bdb001.C.segs.xml#id(Bdb001.segment.914)"/>
         <nite:child href="Bdb001.F.segs.xml#id(Bdb001.segment.915)"/>
         <nite:child href="Bdb001.B.segs.xml#id(Bdb001.segment.916)"/>
         <nite:child href="Bdb001.A.segs.xml#id(Bdb001.segment.917)"/>
         <nite:child href="Bdb001.C.segs.xml#id(Bdb001.segment.918)..id(Bdb001.segment.919)"/>
         <nite:child href="Bdb001.A.segs.xml#id(Bdb001.segment.920)"/>
         <nite:child href="Bdb001.C.segs.xml#id(Bdb001.segment.921)"/>
         <nite:child href="Bdb001.A.segs.xml#id(Bdb001.segment.922)"/>
         <nite:child href="Bdb001.D.segs.xml#id(Bdb001.segment.923)"/>
         <nite:child href="Bdb001.F.segs.xml#id(Bdb001.segment.924)"/>
         <nite:child href="Bdb001.A.segs.xml#id(Bdb001.segment.925)"/>
         <nite:child href="Bdb001.B.segs.xml#id(Bdb001.segment.926)"/>
         <nite:child href="Bdb001.A.segs.xml#id(Bdb001.segment.927)"/>
         <nite:child href="Bdb001.C.segs.xml#id(Bdb001.segment.929)"/>
         <nite:child href="Bdb001.D.segs.xml#id(Bdb001.segment.928)"/>
         <nite:child href="Bdb001.F.segs.xml#id(Bdb001.segment.930)"/>
         <nite:child href="Bdb001.B.segs.xml#id(Bdb001.segment.931)"/>
         <nite:child href="Bdb001.D.segs.xml#id(Bdb001.segment.932)"/>
         <nite:child href="Bdb001.E.segs.xml#id(Bdb001.segment.933)"/>
         <nite:child href="Bdb001.C.segs.xml#id(Bdb001.segment.934)"/>
         <nite:child href="Bdb001.A.segs.xml#id(Bdb001.segment.935)"/>
         <nite:child href="Bdb001.C.segs.xml#id(Bdb001.segment.936)..id(Bdb001.segment.937)"/>
         <nite:child href="Bdb001.A.segs.xml#id(Bdb001.segment.938)"/>
      </topic>
      <nite:child href="Bdb001.A.segs.xml#id(Bdb001.segment.939)"/>
      <nite:child href="Bdb001.F.segs.xml#id(Bdb001.segment.940)"/>
      <nite:child href="Bdb001.A.segs.xml#id(Bdb001.segment.941)"/>
      <nite:child href="Bdb001.B.segs.xml#id(Bdb001.segment.942)"/>
      <nite:child href="Bdb001.F.segs.xml#id(Bdb001.segment.943)"/>
      <nite:child href="Bdb001.C.segs.xml#id(Bdb001.segment.944)"/>
      <nite:child href="Bdb001.D.segs.xml#id(Bdb001.segment.945)"/>
      <nite:child href="Bdb001.C.segs.xml#id(Bdb001.segment.946)"/>
      <nite:child href="Bdb001.D.segs.xml#id(Bdb001.segment.947)"/>
      <nite:child href="Bdb001.A.segs.xml#id(Bdb001.segment.948)"/>
      <nite:child href="Bdb001.C.segs.xml#id(Bdb001.segment.949)"/>
      <nite:child href="Bdb001.B.segs.xml#id(Bdb001.segment.951)"/>
      <nite:child href="Bdb001.D.segs.xml#id(Bdb001.segment.950)"/>
      <nite:child href="Bdb001.F.segs.xml#id(Bdb001.segment.952)"/>
      <nite:child href="Bdb001.D.segs.xml#id(Bdb001.segment.953)"/>
      <nite:child href="Bdb001.F.segs.xml#id(Bdb001.segment.954)..id(Bdb001.segment.955)"/>
      <nite:child href="Bdb001.C.segs.xml#id(Bdb001.segment.956)"/>
      <nite:child href="Bdb001.A.segs.xml#id(Bdb001.segment.957)"/>
      <nite:child href="Bdb001.F.segs.xml#id(Bdb001.segment.958)..id(Bdb001.segment.962)"/>
      <nite:child href="Bdb001.C.segs.xml#id(Bdb001.segment.963)"/>
      <nite:child href="Bdb001.A.segs.xml#id(Bdb001.segment.964)"/>
      <nite:child href="Bdb001.C.segs.xml#id(Bdb001.segment.965)..id(Bdb001.segment.967)"/>
      <nite:child href="Bdb001.A.segs.xml#id(Bdb001.segment.968)"/>
      <nite:child href="Bdb001.C.segs.xml#id(Bdb001.segment.969)..id(Bdb001.segment.970)"/>
      <nite:child href="Bdb001.F.segs.xml#id(Bdb001.segment.971)"/>
      <nite:child href="Bdb001.C.segs.xml#id(Bdb001.segment.972)"/>
      <nite:child href="Bdb001.F.segs.xml#id(Bdb001.segment.973)"/>
      <nite:child href="Bdb001.C.segs.xml#id(Bdb001.segment.974)..id(Bdb001.segment.975)"/>
      <nite:child href="Bdb001.F.segs.xml#id(Bdb001.segment.976)..id(Bdb001.segment.977)"/>
      <nite:child href="Bdb001.C.segs.xml#id(Bdb001.segment.978)"/>
      <nite:child href="Bdb001.E.segs.xml#id(Bdb001.segment.979)"/>
      <nite:child href="Bdb001.C.segs.xml#id(Bdb001.segment.980)"/>
      <nite:child href="Bdb001.F.segs.xml#id(Bdb001.segment.981)"/>
      <nite:child href="Bdb001.C.segs.xml#id(Bdb001.segment.982)"/>
      <topic nite:id="Bdb001.topic.17" description="overlap annotations">
         <nite:child href="Bdb001.F.segs.xml#id(Bdb001.segment.983)..id(Bdb001.segment.984)"/>
         <nite:child href="Bdb001.B.segs.xml#id(Bdb001.segment.985)"/>
         <nite:child href="Bdb001.F.segs.xml#id(Bdb001.segment.986)..id(Bdb001.segment.987)"/>
         <nite:child href="Bdb001.C.segs.xml#id(Bdb001.segment.988)"/>
         <nite:child href="Bdb001.E.segs.xml#id(Bdb001.segment.989)"/>
         <nite:child href="Bdb001.F.segs.xml#id(Bdb001.segment.990)"/>
         <nite:child href="Bdb001.E.segs.xml#id(Bdb001.segment.991)"/>
         <nite:child href="Bdb001.F.segs.xml#id(Bdb001.segment.992)"/>
         <nite:child href="Bdb001.E.segs.xml#id(Bdb001.segment.993)..id(Bdb001.segment.994)"/>
         <nite:child href="Bdb001.C.segs.xml#id(Bdb001.segment.995)"/>
         <nite:child href="Bdb001.E.segs.xml#id(Bdb001.segment.996)..id(Bdb001.segment.1,005)"/>
         <nite:child href="Bdb001.C.segs.xml#id(Bdb001.segment.1,006)"/>
         <nite:child href="Bdb001.E.segs.xml#id(Bdb001.segment.1,007)..id(Bdb001.segment.1,008)"/>
         <nite:child href="Bdb001.D.segs.xml#id(Bdb001.segment.1,009)"/>
         <nite:child href="Bdb001.E.segs.xml#id(Bdb001.segment.1,010)..id(Bdb001.segment.1,011)"/>
         <nite:child href="Bdb001.D.segs.xml#id(Bdb001.segment.1,012)"/>
         <nite:child href="Bdb001.C.segs.xml#id(Bdb001.segment.1,013)"/>
         <nite:child href="Bdb001.E.segs.xml#id(Bdb001.segment.1,014)"/>
         <nite:child href="Bdb001.D.segs.xml#id(Bdb001.segment.1,015)"/>
         <nite:child href="Bdb001.C.segs.xml#id(Bdb001.segment.1,016)"/>
         <nite:child href="Bdb001.E.segs.xml#id(Bdb001.segment.1,017)..id(Bdb001.segment.1,022)"/>
         <nite:child href="Bdb001.A.segs.xml#id(Bdb001.segment.1,023)"/>
         <nite:child href="Bdb001.E.segs.xml#id(Bdb001.segment.1,024)"/>
         <nite:child href="Bdb001.A.segs.xml#id(Bdb001.segment.1,025)"/>
         <nite:child href="Bdb001.F.segs.xml#id(Bdb001.segment.1,026)"/>
         <nite:child href="Bdb001.E.segs.xml#id(Bdb001.segment.1,027)"/>
         <nite:child href="Bdb001.A.segs.xml#id(Bdb001.segment.1,029)"/>
         <nite:child href="Bdb001.E.segs.xml#id(Bdb001.segment.1,028)"/>
      </topic>
      <topic nite:id="Bdb001.topic.18" description="merging different annotations">
         <nite:child href="Bdb001.A.segs.xml#id(Bdb001.segment.1,030)..id(Bdb001.segment.1,033)"/>
         <nite:child href="Bdb001.E.segs.xml#id(Bdb001.segment.1,034)"/>
         <nite:child href="Bdb001.A.segs.xml#id(Bdb001.segment.1,035)"/>
         <nite:child href="Bdb001.E.segs.xml#id(Bdb001.segment.1,036)"/>
         <nite:child href="Bdb001.A.segs.xml#id(Bdb001.segment.1,037)"/>
         <nite:child href="Bdb001.E.segs.xml#id(Bdb001.segment.1,038)"/>
         <nite:child href="Bdb001.A.segs.xml#id(Bdb001.segment.1,039)..id(Bdb001.segment.1,043)"/>
         <nite:child href="Bdb001.E.segs.xml#id(Bdb001.segment.1,044)"/>
         <nite:child href="Bdb001.A.segs.xml#id(Bdb001.segment.1,045)"/>
         <nite:child href="Bdb001.F.segs.xml#id(Bdb001.segment.1,046)"/>
         <nite:child href="Bdb001.A.segs.xml#id(Bdb001.segment.1,047)..id(Bdb001.segment.1,048)"/>
         <nite:child href="Bdb001.F.segs.xml#id(Bdb001.segment.1,049)"/>
         <nite:child href="Bdb001.A.segs.xml#id(Bdb001.segment.1,050)"/>
         <nite:child href="Bdb001.F.segs.xml#id(Bdb001.segment.1,051)"/>
         <nite:child href="Bdb001.A.segs.xml#id(Bdb001.segment.1,052)..id(Bdb001.segment.1,053)"/>
         <nite:child href="Bdb001.C.segs.xml#id(Bdb001.segment.1,054)"/>
         <nite:child href="Bdb001.B.segs.xml#id(Bdb001.segment.1,055)"/>
         <nite:child href="Bdb001.F.segs.xml#id(Bdb001.segment.1,056)"/>
         <nite:child href="Bdb001.A.segs.xml#id(Bdb001.segment.1,057)"/>
         <nite:child href="Bdb001.B.segs.xml#id(Bdb001.segment.1,058)"/>
         <nite:child href="Bdb001.A.segs.xml#id(Bdb001.segment.1,059)"/>
         <nite:child href="Bdb001.B.segs.xml#id(Bdb001.segment.1,060)"/>
         <nite:child href="Bdb001.F.segs.xml#id(Bdb001.segment.1,061)"/>
         <nite:child href="Bdb001.C.segs.xml#id(Bdb001.segment.1,062)"/>
         <nite:child href="Bdb001.F.segs.xml#id(Bdb001.segment.1,063)"/>
         <nite:child href="Bdb001.D.segs.xml#id(Bdb001.segment.1,064)"/>
         <nite:child href="Bdb001.B.segs.xml#id(Bdb001.segment.1,065)"/>
         <nite:child href="Bdb001.A.segs.xml#id(Bdb001.segment.1,066)..id(Bdb001.segment.1,067)"/>
         <nite:child href="Bdb001.D.segs.xml#id(Bdb001.segment.1,068)"/>
         <nite:child href="Bdb001.A.segs.xml#id(Bdb001.segment.1,069)"/>
         <nite:child href="Bdb001.F.segs.xml#id(Bdb001.segment.1,070)"/>
         <nite:child href="Bdb001.A.segs.xml#id(Bdb001.segment.1,071)..id(Bdb001.segment.1,077)"/>
         <nite:child href="Bdb001.F.segs.xml#id(Bdb001.segment.1,078)"/>
         <nite:child href="Bdb001.A.segs.xml#id(Bdb001.segment.1,079)"/>
         <nite:child href="Bdb001.D.segs.xml#id(Bdb001.segment.1,080)"/>
         <nite:child href="Bdb001.A.segs.xml#id(Bdb001.segment.1,081)..id(Bdb001.segment.1,088)"/>
         <nite:child href="Bdb001.C.segs.xml#id(Bdb001.segment.1,089)"/>
         <nite:child href="Bdb001.A.segs.xml#id(Bdb001.segment.1,090)"/>
         <nite:child href="Bdb001.F.segs.xml#id(Bdb001.segment.1,091)"/>
         <nite:child href="Bdb001.A.segs.xml#id(Bdb001.segment.1,092)"/>
         <nite:child href="Bdb001.F.segs.xml#id(Bdb001.segment.1,093)"/>
         <nite:child href="Bdb001.A.segs.xml#id(Bdb001.segment.1,094)"/>
         <nite:child href="Bdb001.F.segs.xml#id(Bdb001.segment.1,095)"/>
         <nite:child href="Bdb001.B.segs.xml#id(Bdb001.segment.1,096)"/>
         <nite:child href="Bdb001.C.segs.xml#id(Bdb001.segment.1,097)"/>
         <nite:child href="Bdb001.A.segs.xml#id(Bdb001.segment.1,098)..id(Bdb001.segment.1,099)"/>
         <nite:child href="Bdb001.C.segs.xml#id(Bdb001.segment.1,100)"/>
         <nite:child href="Bdb001.F.segs.xml#id(Bdb001.segment.1,101)"/>
         <nite:child href="Bdb001.A.segs.xml#id(Bdb001.segment.1,102)..id(Bdb001.segment.1,104)"/>
         <nite:child href="Bdb001.E.segs.xml#id(Bdb001.segment.1,105)"/>
         <nite:child href="Bdb001.A.segs.xml#id(Bdb001.segment.1,106)"/>
         <nite:child href="Bdb001.C.segs.xml#id(Bdb001.segment.1,107)"/>
         <nite:child href="Bdb001.E.segs.xml#id(Bdb001.segment.1,108)"/>
         <nite:child href="Bdb001.A.segs.xml#id(Bdb001.segment.1,109)..id(Bdb001.segment.1,111)"/>
         <nite:child href="Bdb001.C.segs.xml#id(Bdb001.segment.1,112)"/>
         <nite:child href="Bdb001.A.segs.xml#id(Bdb001.segment.1,113)"/>
         <nite:child href="Bdb001.F.segs.xml#id(Bdb001.segment.1,114)"/>
         <nite:child href="Bdb001.C.segs.xml#id(Bdb001.segment.1,115)"/>
         <nite:child href="Bdb001.A.segs.xml#id(Bdb001.segment.1,116)"/>
         <nite:child href="Bdb001.C.segs.xml#id(Bdb001.segment.1,117)..id(Bdb001.segment.1,118)"/>
         <nite:child href="Bdb001.A.segs.xml#id(Bdb001.segment.1,119)"/>
         <nite:child href="Bdb001.E.segs.xml#id(Bdb001.segment.1,120)"/>
         <nite:child href="Bdb001.A.segs.xml#id(Bdb001.segment.1,121)"/>
         <nite:child href="Bdb001.C.segs.xml#id(Bdb001.segment.1,122)..id(Bdb001.segment.1,123)"/>
         <nite:child href="Bdb001.A.segs.xml#id(Bdb001.segment.1,124)..id(Bdb001.segment.1,125)"/>
         <nite:child href="Bdb001.F.segs.xml#id(Bdb001.segment.1,126)"/>
         <nite:child href="Bdb001.C.segs.xml#id(Bdb001.segment.1,127)"/>
         <nite:child href="Bdb001.E.segs.xml#id(Bdb001.segment.1,128)"/>
         <nite:child href="Bdb001.F.segs.xml#id(Bdb001.segment.1,129)"/>
         <nite:child href="Bdb001.C.segs.xml#id(Bdb001.segment.1,130)"/>
         <nite:child href="Bdb001.F.segs.xml#id(Bdb001.segment.1,131)"/>
         <nite:child href="Bdb001.E.segs.xml#id(Bdb001.segment.1,132)"/>
         <nite:child href="Bdb001.F.segs.xml#id(Bdb001.segment.1,133)"/>
         <nite:child href="Bdb001.C.segs.xml#id(Bdb001.segment.1,134)"/>
         <nite:child href="Bdb001.F.segs.xml#id(Bdb001.segment.1,135)..id(Bdb001.segment.1,136)"/>
         <nite:child href="Bdb001.A.segs.xml#id(Bdb001.segment.1,137)..id(Bdb001.segment.1,140)"/>
         <nite:child href="Bdb001.C.segs.xml#id(Bdb001.segment.1,141)"/>
         <nite:child href="Bdb001.A.segs.xml#id(Bdb001.segment.1,142)"/>
         <nite:child href="Bdb001.F.segs.xml#id(Bdb001.segment.1,143)"/>
         <nite:child href="Bdb001.A.segs.xml#id(Bdb001.segment.1,144)"/>
         <nite:child href="Bdb001.C.segs.xml#id(Bdb001.segment.1,145)"/>
         <nite:child href="Bdb001.A.segs.xml#id(Bdb001.segment.1,146)"/>
         <nite:child href="Bdb001.C.segs.xml#id(Bdb001.segment.1,147)"/>
         <nite:child href="Bdb001.A.segs.xml#id(Bdb001.segment.1,148)..id(Bdb001.segment.1,149)"/>
         <nite:child href="Bdb001.C.segs.xml#id(Bdb001.segment.1,150)"/>
         <nite:child href="Bdb001.F.segs.xml#id(Bdb001.segment.1,151)"/>
         <nite:child href="Bdb001.A.segs.xml#id(Bdb001.segment.1,152)"/>
         <nite:child href="Bdb001.F.segs.xml#id(Bdb001.segment.1,153)"/>
         <nite:child href="Bdb001.A.segs.xml#id(Bdb001.segment.1,154)"/>
         <nite:child href="Bdb001.F.segs.xml#id(Bdb001.segment.1,155)..id(Bdb001.segment.1,157)"/>
         <nite:child href="Bdb001.A.segs.xml#id(Bdb001.segment.1,158)"/>
         <nite:child href="Bdb001.C.segs.xml#id(Bdb001.segment.1,159)"/>
         <nite:child href="Bdb001.F.segs.xml#id(Bdb001.segment.1,160)"/>
         <nite:child href="Bdb001.E.segs.xml#id(Bdb001.segment.1,161)"/>
         <nite:child href="Bdb001.B.segs.xml#id(Bdb001.segment.1,162)"/>
         <nite:child href="Bdb001.E.segs.xml#id(Bdb001.segment.1,163)..id(Bdb001.segment.1,164)"/>
         <nite:child href="Bdb001.A.segs.xml#id(Bdb001.segment.1,165)"/>
         <nite:child href="Bdb001.E.segs.xml#id(Bdb001.segment.1,166)..id(Bdb001.segment.1,167)"/>
         <nite:child href="Bdb001.A.segs.xml#id(Bdb001.segment.1,168)..id(Bdb001.segment.1,170)"/>
         <nite:child href="Bdb001.C.segs.xml#id(Bdb001.segment.1,172)"/>
         <nite:child href="Bdb001.A.segs.xml#id(Bdb001.segment.1,171)"/>
         <nite:child href="Bdb001.E.segs.xml#id(Bdb001.segment.1,173)"/>
         <nite:child href="Bdb001.C.segs.xml#id(Bdb001.segment.1,174)"/>
         <nite:child href="Bdb001.A.segs.xml#id(Bdb001.segment.1,175)"/>
         <nite:child href="Bdb001.F.segs.xml#id(Bdb001.segment.1,176)"/>
         <nite:child href="Bdb001.A.segs.xml#id(Bdb001.segment.1,177)"/>
         <nite:child href="Bdb001.C.segs.xml#id(Bdb001.segment.1,178)"/>
         <nite:child href="Bdb001.A.segs.xml#id(Bdb001.segment.1,179)"/>
         <nite:child href="Bdb001.E.segs.xml#id(Bdb001.segment.1,180)"/>
         <nite:child href="Bdb001.A.segs.xml#id(Bdb001.segment.1,181)"/>
         <nite:child href="Bdb001.F.segs.xml#id(Bdb001.segment.1,182)"/>
         <nite:child href="Bdb001.D.segs.xml#id(Bdb001.segment.1,183)"/>
         <nite:child href="Bdb001.E.segs.xml#id(Bdb001.segment.1,184)"/>
         <nite:child href="Bdb001.F.segs.xml#id(Bdb001.segment.1,185)"/>
         <nite:child href="Bdb001.E.segs.xml#id(Bdb001.segment.1,186)"/>
         <nite:child href="Bdb001.C.segs.xml#id(Bdb001.segment.1,187)"/>
         <nite:child href="Bdb001.B.segs.xml#id(Bdb001.segment.1,189)"/>
         <nite:child href="Bdb001.A.segs.xml#id(Bdb001.segment.1,188)"/>
         <nite:child href="Bdb001.C.segs.xml#id(Bdb001.segment.1,190)"/>
         <nite:child href="Bdb001.F.segs.xml#id(Bdb001.segment.1,192)"/>
         <nite:child href="Bdb001.A.segs.xml#id(Bdb001.segment.1,191)"/>
         <nite:child href="Bdb001.F.segs.xml#id(Bdb001.segment.1,193)"/>
         <nite:child href="Bdb001.A.segs.xml#id(Bdb001.segment.1,194)"/>
         <nite:child href="Bdb001.B.segs.xml#id(Bdb001.segment.1,195)"/>
         <nite:child href="Bdb001.A.segs.xml#id(Bdb001.segment.1,196)"/>
         <nite:child href="Bdb001.C.segs.xml#id(Bdb001.segment.1,197)"/>
         <nite:child href="Bdb001.A.segs.xml#id(Bdb001.segment.1,198)..id(Bdb001.segment.1,199)"/>
         <nite:child href="Bdb001.E.segs.xml#id(Bdb001.segment.1,200)"/>
         <nite:child href="Bdb001.C.segs.xml#id(Bdb001.segment.1,201)"/>
         <nite:child href="Bdb001.E.segs.xml#id(Bdb001.segment.1,202)"/>
         <nite:child href="Bdb001.A.segs.xml#id(Bdb001.segment.1,203)..id(Bdb001.segment.1,204)"/>
         <nite:child href="Bdb001.E.segs.xml#id(Bdb001.segment.1,205)"/>
         <nite:child href="Bdb001.A.segs.xml#id(Bdb001.segment.1,206)"/>
         <nite:child href="Bdb001.F.segs.xml#id(Bdb001.segment.1,207)..id(Bdb001.segment.1,208)"/>
         <nite:child href="Bdb001.C.segs.xml#id(Bdb001.segment.1,209)"/>
         <nite:child href="Bdb001.E.segs.xml#id(Bdb001.segment.1,210)"/>
         <nite:child href="Bdb001.C.segs.xml#id(Bdb001.segment.1,211)"/>
         <nite:child href="Bdb001.D.segs.xml#id(Bdb001.segment.1,212)"/>
         <nite:child href="Bdb001.C.segs.xml#id(Bdb001.segment.1,213)..id(Bdb001.segment.1,214)"/>
         <nite:child href="Bdb001.A.segs.xml#id(Bdb001.segment.1,215)"/>
         <nite:child href="Bdb001.C.segs.xml#id(Bdb001.segment.1,216)"/>
         <nite:child href="Bdb001.A.segs.xml#id(Bdb001.segment.1,217)"/>
         <nite:child href="Bdb001.F.segs.xml#id(Bdb001.segment.1,218)"/>
         <nite:child href="Bdb001.C.segs.xml#id(Bdb001.segment.1,219)"/>
         <nite:child href="Bdb001.F.segs.xml#id(Bdb001.segment.1,220)"/>
         <nite:child href="Bdb001.C.segs.xml#id(Bdb001.segment.1,221)"/>
         <nite:child href="Bdb001.F.segs.xml#id(Bdb001.segment.1,222)"/>
         <nite:child href="Bdb001.E.segs.xml#id(Bdb001.segment.1,223)"/>
         <nite:child href="Bdb001.F.segs.xml#id(Bdb001.segment.1,224)"/>
         <nite:child href="Bdb001.C.segs.xml#id(Bdb001.segment.1,225)..id(Bdb001.segment.1,226)"/>
         <nite:child href="Bdb001.F.segs.xml#id(Bdb001.segment.1,228)"/>
         <nite:child href="Bdb001.C.segs.xml#id(Bdb001.segment.1,227)"/>
         <nite:child href="Bdb001.F.segs.xml#id(Bdb001.segment.1,229)"/>
         <nite:child href="Bdb001.C.segs.xml#id(Bdb001.segment.1,230)"/>
         <nite:child href="Bdb001.F.segs.xml#id(Bdb001.segment.1,231)"/>
         <nite:child href="Bdb001.A.segs.xml#id(Bdb001.segment.1,232)"/>
         <nite:child href="Bdb001.C.segs.xml#id(Bdb001.segment.1,233)"/>
         <nite:child href="Bdb001.F.segs.xml#id(Bdb001.segment.1,234)"/>
         <nite:child href="Bdb001.B.segs.xml#id(Bdb001.segment.1,235)"/>
         <nite:child href="Bdb001.A.segs.xml#id(Bdb001.segment.1,236)"/>
         <nite:child href="Bdb001.C.segs.xml#id(Bdb001.segment.1,237)"/>
         <nite:child href="Bdb001.F.segs.xml#id(Bdb001.segment.1,238)"/>
         <nite:child href="Bdb001.C.segs.xml#id(Bdb001.segment.1,239)"/>
         <nite:child href="Bdb001.E.segs.xml#id(Bdb001.segment.1,240)"/>
         <nite:child href="Bdb001.C.segs.xml#id(Bdb001.segment.1,241)"/>
         <nite:child href="Bdb001.A.segs.xml#id(Bdb001.segment.1,242)"/>
         <nite:child href="Bdb001.F.segs.xml#id(Bdb001.segment.1,243)"/>
         <nite:child href="Bdb001.E.segs.xml#id(Bdb001.segment.1,244)"/>
         <nite:child href="Bdb001.F.segs.xml#id(Bdb001.segment.1,245)"/>
      </topic>
   </topic>
   <topic nite:id="Bdb001.topic.19" description="closing">
      <nite:child href="Bdb001.F.segs.xml#id(Bdb001.segment.1,246)"/>
      <nite:child href="Bdb001.E.segs.xml#id(Bdb001.segment.1,247)"/>
      <nite:child href="Bdb001.A.segs.xml#id(Bdb001.segment.1,248)"/>
      <nite:child href="Bdb001.C.segs.xml#id(Bdb001.segment.1,249)"/>
      <nite:child href="Bdb001.A.segs.xml#id(Bdb001.segment.1,250)"/>
      <nite:child href="Bdb001.F.segs.xml#id(Bdb001.segment.1,252)"/>
      <nite:child href="Bdb001.C.segs.xml#id(Bdb001.segment.1,251)..id(Bdb001.segment.1,253)"/>
      <nite:child href="Bdb001.F.segs.xml#id(Bdb001.segment.1,254)"/>
      <nite:child href="Bdb001.A.segs.xml#id(Bdb001.segment.1,255)"/>
      <nite:child href="Bdb001.B.segs.xml#id(Bdb001.segment.1,256)"/>
      <nite:child href="Bdb001.A.segs.xml#id(Bdb001.segment.1,257)"/>
      <topic nite:id="Bdb001.topic.20" description="digit task">
         <nite:child href="Bdb001.C.segs.xml#id(Bdb001.segment.1,258)..id(Bdb001.segment.1,262)"/>
         <nite:child href="Bdb001.F.segs.xml#id(Bdb001.segment.1,263)"/>
         <nite:child href="Bdb001.C.segs.xml#id(Bdb001.segment.1,264)"/>
         <nite:child href="Bdb001.B.segs.xml#id(Bdb001.segment.1,265)"/>
         <nite:child href="Bdb001.C.segs.xml#id(Bdb001.segment.1,266)..id(Bdb001.segment.1,280)"/>
         <nite:child href="Bdb001.D.segs.xml#id(Bdb001.segment.1,281)"/>
         <nite:child href="Bdb001.F.segs.xml#id(Bdb001.segment.1,282)"/>
         <nite:child href="Bdb001.D.segs.xml#id(Bdb001.segment.1,283)..id(Bdb001.segment.1,287)"/>
         <nite:child href="Bdb001.C.segs.xml#id(Bdb001.segment.1,288)"/>
         <nite:child href="Bdb001.D.segs.xml#id(Bdb001.segment.1,289)..id(Bdb001.segment.1,298)"/>
         <nite:child href="Bdb001.E.segs.xml#id(Bdb001.segment.1,299)"/>
         <nite:child href="Bdb001.D.segs.xml#id(Bdb001.segment.1,300)..id(Bdb001.segment.1,302)"/>
         <nite:child href="Bdb001.B.segs.xml#id(Bdb001.segment.1,303)"/>
         <nite:child href="Bdb001.D.segs.xml#id(Bdb001.segment.1,304)..id(Bdb001.segment.1,307)"/>
         <nite:child href="Bdb001.E.segs.xml#id(Bdb001.segment.1,308)..id(Bdb001.segment.1,315)"/>
         <nite:child href="Bdb001.C.segs.xml#id(Bdb001.segment.1,316)"/>
         <nite:child href="Bdb001.E.segs.xml#id(Bdb001.segment.1,317)..id(Bdb001.segment.1,330)"/>
         <nite:child href="Bdb001.F.segs.xml#id(Bdb001.segment.1,331)..id(Bdb001.segment.1,352)"/>
         <nite:child href="Bdb001.A.segs.xml#id(Bdb001.segment.1,353)..id(Bdb001.segment.1,373)"/>
         <nite:child href="Bdb001.B.segs.xml#id(Bdb001.segment.1,374)..id(Bdb001.segment.1,385)"/>
         <nite:child href="Bdb001.F.segs.xml#id(Bdb001.segment.1,386)"/>
         <nite:child href="Bdb001.B.segs.xml#id(Bdb001.segment.1,387)..id(Bdb001.segment.1,394)"/>
         <nite:child href="Bdb001.A.segs.xml#id(Bdb001.segment.1,395)"/>
         <nite:child href="Bdb001.B.segs.xml#id(Bdb001.segment.1,396)"/>
      </topic>
      <nite:child href="Bdb001.B.segs.xml#id(Bdb001.segment.1,397)"/>
      <nite:child href="Bdb001.E.segs.xml#id(Bdb001.segment.1,398)"/>
   </topic>
</nite:root>