<?xml version="1.0" encoding="ISO-8859-1" standalone="yes"?>
<nite:root nite:id="Bmr005.topic" xmlns:nite="http://nite.sourceforge.net/">
   <topic nite:id="Bmr005.topic.1" description="opening">
      <nite:child href="Bmr005.E.segs.xml#id(Bmr005.segment.1)..id(Bmr005.segment.2)"/>
      <nite:child href="Bmr005.G.segs.xml#id(Bmr005.segment.3)..id(Bmr005.segment.5)"/>
      <nite:child href="Bmr005.B.segs.xml#id(Bmr005.segment.6)"/>
      <nite:child href="Bmr005.A.segs.xml#id(Bmr005.segment.7)"/>
      <nite:child href="Bmr005.B.segs.xml#id(Bmr005.segment.8)"/>
      <nite:child href="Bmr005.G.segs.xml#id(Bmr005.segment.9)"/>
      <nite:child href="Bmr005.B.segs.xml#id(Bmr005.segment.10)"/>
      <nite:child href="Bmr005.G.segs.xml#id(Bmr005.segment.11)"/>
      <nite:child href="Bmr005.B.segs.xml#id(Bmr005.segment.12)"/>
      <nite:child href="Bmr005.C.segs.xml#id(Bmr005.segment.13)"/>
      <nite:child href="Bmr005.G.segs.xml#id(Bmr005.segment.14)..id(Bmr005.segment.15)"/>
      <topic nite:id="Bmr005.topic.2" description="digit task">
         <nite:child href="Bmr005.G.segs.xml#id(Bmr005.segment.16)..id(Bmr005.segment.19)"/>
         <nite:child href="Bmr005.D.segs.xml#id(Bmr005.segment.20)"/>
         <nite:child href="Bmr005.G.segs.xml#id(Bmr005.segment.21)..id(Bmr005.segment.40)"/>
         <nite:child href="Bmr005.E.segs.xml#id(Bmr005.segment.41)"/>
         <nite:child href="Bmr005.H.segs.xml#id(Bmr005.segment.42)..id(Bmr005.segment.62)"/>
         <nite:child href="Bmr005.E.segs.xml#id(Bmr005.segment.63)..id(Bmr005.segment.74)"/>
         <nite:child href="Bmr005.D.segs.xml#id(Bmr005.segment.75)"/>
         <nite:child href="Bmr005.E.segs.xml#id(Bmr005.segment.76)..id(Bmr005.segment.85)"/>
         <nite:child href="Bmr005.H.segs.xml#id(Bmr005.segment.86)"/>
         <nite:child href="Bmr005.F.segs.xml#id(Bmr005.segment.87)..id(Bmr005.segment.107)"/>
         <nite:child href="Bmr005.A.segs.xml#id(Bmr005.segment.108)"/>
         <nite:child href="Bmr005.D.segs.xml#id(Bmr005.segment.109)"/>
         <nite:child href="Bmr005.A.segs.xml#id(Bmr005.segment.110)..id(Bmr005.segment.131)"/>
         <nite:child href="Bmr005.B.segs.xml#id(Bmr005.segment.132)..id(Bmr005.segment.152)"/>
         <nite:child href="Bmr005.C.segs.xml#id(Bmr005.segment.153)..id(Bmr005.segment.173)"/>
         <nite:child href="Bmr005.D.segs.xml#id(Bmr005.segment.174)..id(Bmr005.segment.195)"/>
      </topic>
      <topic nite:id="Bmr005.topic.3" description="meeting agenda">
         <nite:child href="Bmr005.E.segs.xml#id(Bmr005.segment.196)"/>
         <nite:child href="Bmr005.H.segs.xml#id(Bmr005.segment.197)"/>
         <nite:child href="Bmr005.D.segs.xml#id(Bmr005.segment.198)"/>
         <nite:child href="Bmr005.H.segs.xml#id(Bmr005.segment.199)..id(Bmr005.segment.202)"/>
         <nite:child href="Bmr005.E.segs.xml#id(Bmr005.segment.203)..id(Bmr005.segment.204)"/>
         <nite:child href="Bmr005.D.segs.xml#id(Bmr005.segment.205)"/>
         <nite:child href="Bmr005.G.segs.xml#id(Bmr005.segment.206)"/>
         <nite:child href="Bmr005.H.segs.xml#id(Bmr005.segment.207)"/>
         <nite:child href="Bmr005.D.segs.xml#id(Bmr005.segment.208)"/>
         <nite:child href="Bmr005.E.segs.xml#id(Bmr005.segment.209)"/>
         <nite:child href="Bmr005.G.segs.xml#id(Bmr005.segment.210)"/>
         <nite:child href="Bmr005.E.segs.xml#id(Bmr005.segment.211)"/>
         <nite:child href="Bmr005.D.segs.xml#id(Bmr005.segment.212)"/>
         <nite:child href="Bmr005.A.segs.xml#id(Bmr005.segment.213)"/>
         <nite:child href="Bmr005.E.segs.xml#id(Bmr005.segment.214)..id(Bmr005.segment.215)"/>
         <nite:child href="Bmr005.D.segs.xml#id(Bmr005.segment.216)"/>
         <nite:child href="Bmr005.E.segs.xml#id(Bmr005.segment.217)..id(Bmr005.segment.221)"/>
         <nite:child href="Bmr005.G.segs.xml#id(Bmr005.segment.222)"/>
         <nite:child href="Bmr005.D.segs.xml#id(Bmr005.segment.223)"/>
         <nite:child href="Bmr005.E.segs.xml#id(Bmr005.segment.224)..id(Bmr005.segment.230)"/>
         <nite:child href="Bmr005.D.segs.xml#id(Bmr005.segment.231)"/>
         <nite:child href="Bmr005.E.segs.xml#id(Bmr005.segment.232)..id(Bmr005.segment.235)"/>
         <nite:child href="Bmr005.D.segs.xml#id(Bmr005.segment.236)"/>
         <nite:child href="Bmr005.E.segs.xml#id(Bmr005.segment.237)"/>
         <nite:child href="Bmr005.D.segs.xml#id(Bmr005.segment.238)"/>
         <nite:child href="Bmr005.E.segs.xml#id(Bmr005.segment.239)..id(Bmr005.segment.240)"/>
         <nite:child href="Bmr005.D.segs.xml#id(Bmr005.segment.241)"/>
         <nite:child href="Bmr005.E.segs.xml#id(Bmr005.segment.242)..id(Bmr005.segment.250)"/>
         <nite:child href="Bmr005.C.segs.xml#id(Bmr005.segment.251)"/>
         <nite:child href="Bmr005.E.segs.xml#id(Bmr005.segment.252)"/>
         <nite:child href="Bmr005.C.segs.xml#id(Bmr005.segment.253)"/>
         <nite:child href="Bmr005.E.segs.xml#id(Bmr005.segment.254)"/>
         <nite:child href="Bmr005.G.segs.xml#id(Bmr005.segment.255)"/>
         <nite:child href="Bmr005.E.segs.xml#id(Bmr005.segment.256)..id(Bmr005.segment.259)"/>
      </topic>
   </topic>
   <topic nite:id="Bmr005.topic.4" description="inference structures">
      <nite:child href="Bmr005.B.segs.xml#id(Bmr005.segment.260)"/>
      <nite:child href="Bmr005.E.segs.xml#id(Bmr005.segment.261)"/>
      <nite:child href="Bmr005.B.segs.xml#id(Bmr005.segment.262)..id(Bmr005.segment.278)"/>
      <nite:child href="Bmr005.G.segs.xml#id(Bmr005.segment.279)"/>
      <nite:child href="Bmr005.B.segs.xml#id(Bmr005.segment.280)..id(Bmr005.segment.281)"/>
      <nite:child href="Bmr005.G.segs.xml#id(Bmr005.segment.282)"/>
      <nite:child href="Bmr005.B.segs.xml#id(Bmr005.segment.283)..id(Bmr005.segment.287)"/>
      <nite:child href="Bmr005.G.segs.xml#id(Bmr005.segment.288)"/>
      <nite:child href="Bmr005.E.segs.xml#id(Bmr005.segment.289)..id(Bmr005.segment.290)"/>
      <nite:child href="Bmr005.G.segs.xml#id(Bmr005.segment.291)"/>
      <nite:child href="Bmr005.E.segs.xml#id(Bmr005.segment.292)..id(Bmr005.segment.295)"/>
      <nite:child href="Bmr005.G.segs.xml#id(Bmr005.segment.296)"/>
      <nite:child href="Bmr005.E.segs.xml#id(Bmr005.segment.297)..id(Bmr005.segment.298)"/>
      <nite:child href="Bmr005.G.segs.xml#id(Bmr005.segment.299)"/>
      <nite:child href="Bmr005.E.segs.xml#id(Bmr005.segment.300)"/>
      <nite:child href="Bmr005.B.segs.xml#id(Bmr005.segment.301)"/>
      <nite:child href="Bmr005.E.segs.xml#id(Bmr005.segment.302)..id(Bmr005.segment.304)"/>
      <nite:child href="Bmr005.B.segs.xml#id(Bmr005.segment.305)..id(Bmr005.segment.306)"/>
      <nite:child href="Bmr005.E.segs.xml#id(Bmr005.segment.307)"/>
      <nite:child href="Bmr005.C.segs.xml#id(Bmr005.segment.308)..id(Bmr005.segment.309)"/>
      <nite:child href="Bmr005.B.segs.xml#id(Bmr005.segment.310)..id(Bmr005.segment.311)"/>
      <nite:child href="Bmr005.H.segs.xml#id(Bmr005.segment.312)"/>
      <nite:child href="Bmr005.C.segs.xml#id(Bmr005.segment.313)"/>
      <nite:child href="Bmr005.B.segs.xml#id(Bmr005.segment.314)"/>
      <nite:child href="Bmr005.D.segs.xml#id(Bmr005.segment.315)"/>
      <nite:child href="Bmr005.E.segs.xml#id(Bmr005.segment.316)"/>
      <nite:child href="Bmr005.G.segs.xml#id(Bmr005.segment.317)"/>
      <nite:child href="Bmr005.D.segs.xml#id(Bmr005.segment.318)"/>
      <nite:child href="Bmr005.E.segs.xml#id(Bmr005.segment.319)"/>
      <nite:child href="Bmr005.B.segs.xml#id(Bmr005.segment.320)"/>
      <nite:child href="Bmr005.G.segs.xml#id(Bmr005.segment.321)..id(Bmr005.segment.322)"/>
      <nite:child href="Bmr005.B.segs.xml#id(Bmr005.segment.323)"/>
      <nite:child href="Bmr005.G.segs.xml#id(Bmr005.segment.324)..id(Bmr005.segment.326)"/>
      <nite:child href="Bmr005.B.segs.xml#id(Bmr005.segment.327)"/>
      <nite:child href="Bmr005.G.segs.xml#id(Bmr005.segment.328)"/>
      <nite:child href="Bmr005.B.segs.xml#id(Bmr005.segment.329)"/>
      <nite:child href="Bmr005.G.segs.xml#id(Bmr005.segment.330)"/>
      <nite:child href="Bmr005.B.segs.xml#id(Bmr005.segment.331)"/>
      <nite:child href="Bmr005.E.segs.xml#id(Bmr005.segment.332)"/>
      <nite:child href="Bmr005.G.segs.xml#id(Bmr005.segment.333)..id(Bmr005.segment.334)"/>
      <nite:child href="Bmr005.B.segs.xml#id(Bmr005.segment.335)"/>
      <nite:child href="Bmr005.H.segs.xml#id(Bmr005.segment.337)"/>
      <nite:child href="Bmr005.G.segs.xml#id(Bmr005.segment.336)"/>
      <nite:child href="Bmr005.B.segs.xml#id(Bmr005.segment.338)"/>
      <topic nite:id="Bmr005.topic.5" description="references to individual speakers">
         <nite:child href="Bmr005.F.segs.xml#id(Bmr005.segment.339)..id(Bmr005.segment.342)"/>
         <nite:child href="Bmr005.H.segs.xml#id(Bmr005.segment.343)"/>
         <nite:child href="Bmr005.G.segs.xml#id(Bmr005.segment.344)"/>
         <nite:child href="Bmr005.H.segs.xml#id(Bmr005.segment.345)"/>
         <nite:child href="Bmr005.F.segs.xml#id(Bmr005.segment.346)"/>
         <nite:child href="Bmr005.C.segs.xml#id(Bmr005.segment.347)"/>
         <nite:child href="Bmr005.D.segs.xml#id(Bmr005.segment.348)"/>
         <nite:child href="Bmr005.H.segs.xml#id(Bmr005.segment.349)"/>
         <nite:child href="Bmr005.C.segs.xml#id(Bmr005.segment.350)"/>
         <nite:child href="Bmr005.F.segs.xml#id(Bmr005.segment.351)..id(Bmr005.segment.353)"/>
         <nite:child href="Bmr005.C.segs.xml#id(Bmr005.segment.354)"/>
         <nite:child href="Bmr005.F.segs.xml#id(Bmr005.segment.355)"/>
         <nite:child href="Bmr005.D.segs.xml#id(Bmr005.segment.356)"/>
         <nite:child href="Bmr005.F.segs.xml#id(Bmr005.segment.357)"/>
         <nite:child href="Bmr005.C.segs.xml#id(Bmr005.segment.358)"/>
         <nite:child href="Bmr005.F.segs.xml#id(Bmr005.segment.360)"/>
         <nite:child href="Bmr005.C.segs.xml#id(Bmr005.segment.361)"/>
         <nite:child href="Bmr005.G.segs.xml#id(Bmr005.segment.362)"/>
         <nite:child href="Bmr005.C.segs.xml#id(Bmr005.segment.364)"/>
         <nite:child href="Bmr005.F.segs.xml#id(Bmr005.segment.363)..id(Bmr005.segment.365)"/>
         <nite:child href="Bmr005.C.segs.xml#id(Bmr005.segment.366)"/>
         <nite:child href="Bmr005.F.segs.xml#id(Bmr005.segment.367)"/>
         <nite:child href="Bmr005.D.segs.xml#id(Bmr005.segment.368)"/>
         <nite:child href="Bmr005.G.segs.xml#id(Bmr005.segment.369)"/>
         <nite:child href="Bmr005.C.segs.xml#id(Bmr005.segment.370)"/>
         <nite:child href="Bmr005.F.segs.xml#id(Bmr005.segment.371)"/>
         <nite:child href="Bmr005.D.segs.xml#id(Bmr005.segment.372)"/>
         <nite:child href="Bmr005.F.segs.xml#id(Bmr005.segment.373)"/>
         <nite:child href="Bmr005.E.segs.xml#id(Bmr005.segment.374)"/>
         <nite:child href="Bmr005.G.segs.xml#id(Bmr005.segment.376)"/>
         <nite:child href="Bmr005.B.segs.xml#id(Bmr005.segment.375)"/>
         <nite:child href="Bmr005.D.segs.xml#id(Bmr005.segment.377)"/>
         <nite:child href="Bmr005.C.segs.xml#id(Bmr005.segment.378)..id(Bmr005.segment.381)"/>
         <nite:child href="Bmr005.G.segs.xml#id(Bmr005.segment.382)"/>
         <nite:child href="Bmr005.D.segs.xml#id(Bmr005.segment.383)"/>
         <nite:child href="Bmr005.C.segs.xml#id(Bmr005.segment.384)"/>
         <nite:child href="Bmr005.G.segs.xml#id(Bmr005.segment.385)"/>
         <nite:child href="Bmr005.B.segs.xml#id(Bmr005.segment.386)..id(Bmr005.segment.387)"/>
         <nite:child href="Bmr005.E.segs.xml#id(Bmr005.segment.388)"/>
         <nite:child href="Bmr005.G.segs.xml#id(Bmr005.segment.389)..id(Bmr005.segment.390)"/>
         <nite:child href="Bmr005.D.segs.xml#id(Bmr005.segment.391)..id(Bmr005.segment.392)"/>
         <nite:child href="Bmr005.C.segs.xml#id(Bmr005.segment.393)"/>
         <nite:child href="Bmr005.G.segs.xml#id(Bmr005.segment.394)"/>
         <nite:child href="Bmr005.F.segs.xml#id(Bmr005.segment.395)"/>
         <nite:child href="Bmr005.D.segs.xml#id(Bmr005.segment.396)"/>
         <nite:child href="Bmr005.B.segs.xml#id(Bmr005.segment.397)..id(Bmr005.segment.398)"/>
         <nite:child href="Bmr005.E.segs.xml#id(Bmr005.segment.399)"/>
         <nite:child href="Bmr005.G.segs.xml#id(Bmr005.segment.400)"/>
         <nite:child href="Bmr005.E.segs.xml#id(Bmr005.segment.401)"/>
         <nite:child href="Bmr005.G.segs.xml#id(Bmr005.segment.402)"/>
         <nite:child href="Bmr005.E.segs.xml#id(Bmr005.segment.403)"/>
         <nite:child href="Bmr005.G.segs.xml#id(Bmr005.segment.404)"/>
         <nite:child href="Bmr005.F.segs.xml#id(Bmr005.segment.405)"/>
         <nite:child href="Bmr005.E.segs.xml#id(Bmr005.segment.406)"/>
         <nite:child href="Bmr005.B.segs.xml#id(Bmr005.segment.407)"/>
         <nite:child href="Bmr005.C.segs.xml#id(Bmr005.segment.408)"/>
         <nite:child href="Bmr005.B.segs.xml#id(Bmr005.segment.409)"/>
         <nite:child href="Bmr005.E.segs.xml#id(Bmr005.segment.410)"/>
         <nite:child href="Bmr005.G.segs.xml#id(Bmr005.segment.411)"/>
         <nite:child href="Bmr005.C.segs.xml#id(Bmr005.segment.412)..id(Bmr005.segment.413)"/>
         <nite:child href="Bmr005.G.segs.xml#id(Bmr005.segment.414)"/>
         <nite:child href="Bmr005.E.segs.xml#id(Bmr005.segment.415)"/>
         <nite:child href="Bmr005.F.segs.xml#id(Bmr005.segment.416)"/>
         <nite:child href="Bmr005.G.segs.xml#id(Bmr005.segment.417)"/>
         <nite:child href="Bmr005.E.segs.xml#id(Bmr005.segment.419)"/>
         <nite:child href="Bmr005.C.segs.xml#id(Bmr005.segment.418)"/>
         <nite:child href="Bmr005.F.segs.xml#id(Bmr005.segment.420)..id(Bmr005.segment.421)"/>
         <nite:child href="Bmr005.G.segs.xml#id(Bmr005.segment.422)"/>
         <nite:child href="Bmr005.B.segs.xml#id(Bmr005.segment.423)"/>
         <nite:child href="Bmr005.E.segs.xml#id(Bmr005.segment.424)"/>
         <nite:child href="Bmr005.B.segs.xml#id(Bmr005.segment.425)"/>
         <nite:child href="Bmr005.C.segs.xml#id(Bmr005.segment.426)"/>
         <nite:child href="Bmr005.B.segs.xml#id(Bmr005.segment.427)..id(Bmr005.segment.430)"/>
         <nite:child href="Bmr005.E.segs.xml#id(Bmr005.segment.431)"/>
         <nite:child href="Bmr005.C.segs.xml#id(Bmr005.segment.432)"/>
         <nite:child href="Bmr005.F.segs.xml#id(Bmr005.segment.433)"/>
         <nite:child href="Bmr005.B.segs.xml#id(Bmr005.segment.434)"/>
         <nite:child href="Bmr005.H.segs.xml#id(Bmr005.segment.435)"/>
         <nite:child href="Bmr005.E.segs.xml#id(Bmr005.segment.436)"/>
         <nite:child href="Bmr005.B.segs.xml#id(Bmr005.segment.437)"/>
         <nite:child href="Bmr005.D.segs.xml#id(Bmr005.segment.438)"/>
         <nite:child href="Bmr005.B.segs.xml#id(Bmr005.segment.439)"/>
         <nite:child href="Bmr005.E.segs.xml#id(Bmr005.segment.440)..id(Bmr005.segment.447)"/>
         <nite:child href="Bmr005.C.segs.xml#id(Bmr005.segment.448)"/>
         <nite:child href="Bmr005.G.segs.xml#id(Bmr005.segment.449)..id(Bmr005.segment.450)"/>
         <nite:child href="Bmr005.E.segs.xml#id(Bmr005.segment.451)..id(Bmr005.segment.452)"/>
         <nite:child href="Bmr005.C.segs.xml#id(Bmr005.segment.453)"/>
         <nite:child href="Bmr005.F.segs.xml#id(Bmr005.segment.455)"/>
         <nite:child href="Bmr005.B.segs.xml#id(Bmr005.segment.454)"/>
         <nite:child href="Bmr005.E.segs.xml#id(Bmr005.segment.456)"/>
         <nite:child href="Bmr005.F.segs.xml#id(Bmr005.segment.457)..id(Bmr005.segment.459)"/>
         <nite:child href="Bmr005.G.segs.xml#id(Bmr005.segment.460)"/>
         <nite:child href="Bmr005.F.segs.xml#id(Bmr005.segment.461)"/>
         <nite:child href="Bmr005.G.segs.xml#id(Bmr005.segment.462)..id(Bmr005.segment.463)"/>
         <nite:child href="Bmr005.E.segs.xml#id(Bmr005.segment.464)"/>
         <nite:child href="Bmr005.B.segs.xml#id(Bmr005.segment.465)"/>
         <nite:child href="Bmr005.E.segs.xml#id(Bmr005.segment.466)"/>
         <nite:child href="Bmr005.F.segs.xml#id(Bmr005.segment.467)"/>
         <nite:child href="Bmr005.E.segs.xml#id(Bmr005.segment.468)"/>
         <nite:child href="Bmr005.B.segs.xml#id(Bmr005.segment.469)"/>
         <nite:child href="Bmr005.D.segs.xml#id(Bmr005.segment.470)"/>
         <nite:child href="Bmr005.F.segs.xml#id(Bmr005.segment.471)..id(Bmr005.segment.472)"/>
         <nite:child href="Bmr005.A.segs.xml#id(Bmr005.segment.473)"/>
         <nite:child href="Bmr005.C.segs.xml#id(Bmr005.segment.474)"/>
         <nite:child href="Bmr005.E.segs.xml#id(Bmr005.segment.475)"/>
         <nite:child href="Bmr005.D.segs.xml#id(Bmr005.segment.476)"/>
         <nite:child href="Bmr005.H.segs.xml#id(Bmr005.segment.477)"/>
         <nite:child href="Bmr005.E.segs.xml#id(Bmr005.segment.478)"/>
         <nite:child href="Bmr005.B.segs.xml#id(Bmr005.segment.480)"/>
         <nite:child href="Bmr005.F.segs.xml#id(Bmr005.segment.479)"/>
         <nite:child href="Bmr005.C.segs.xml#id(Bmr005.segment.481)"/>
         <nite:child href="Bmr005.E.segs.xml#id(Bmr005.segment.482)"/>
         <nite:child href="Bmr005.G.segs.xml#id(Bmr005.segment.483)"/>
         <nite:child href="Bmr005.F.segs.xml#id(Bmr005.segment.484)"/>
         <nite:child href="Bmr005.E.segs.xml#id(Bmr005.segment.485)"/>
         <nite:child href="Bmr005.C.segs.xml#id(Bmr005.segment.486)"/>
         <nite:child href="Bmr005.E.segs.xml#id(Bmr005.segment.487)"/>
         <nite:child href="Bmr005.F.segs.xml#id(Bmr005.segment.488)"/>
         <nite:child href="Bmr005.G.segs.xml#id(Bmr005.segment.489)"/>
         <nite:child href="Bmr005.E.segs.xml#id(Bmr005.segment.490)"/>
         <nite:child href="Bmr005.C.segs.xml#id(Bmr005.segment.491)"/>
         <nite:child href="Bmr005.A.segs.xml#id(Bmr005.segment.492)"/>
         <nite:child href="Bmr005.G.segs.xml#id(Bmr005.segment.493)"/>
         <nite:child href="Bmr005.C.segs.xml#id(Bmr005.segment.494)"/>
         <nite:child href="Bmr005.D.segs.xml#id(Bmr005.segment.495)"/>
         <nite:child href="Bmr005.E.segs.xml#id(Bmr005.segment.496)"/>
         <nite:child href="Bmr005.F.segs.xml#id(Bmr005.segment.497)"/>
      </topic>
   </topic>
   <topic nite:id="Bmr005.topic.6" description="Jose's work on overlapping events">
      <nite:child href="Bmr005.E.segs.xml#id(Bmr005.segment.498)"/>
      <nite:child href="Bmr005.B.segs.xml#id(Bmr005.segment.499)"/>
      <nite:child href="Bmr005.D.segs.xml#id(Bmr005.segment.500)..id(Bmr005.segment.501)"/>
      <nite:child href="Bmr005.E.segs.xml#id(Bmr005.segment.502)"/>
      <nite:child href="Bmr005.A.segs.xml#id(Bmr005.segment.503)"/>
      <nite:child href="Bmr005.F.segs.xml#id(Bmr005.segment.504)"/>
      <nite:child href="Bmr005.E.segs.xml#id(Bmr005.segment.505)"/>
      <nite:child href="Bmr005.D.segs.xml#id(Bmr005.segment.506)..id(Bmr005.segment.512)"/>
      <nite:child href="Bmr005.F.segs.xml#id(Bmr005.segment.513)"/>
      <nite:child href="Bmr005.D.segs.xml#id(Bmr005.segment.514)..id(Bmr005.segment.517)"/>
      <nite:child href="Bmr005.A.segs.xml#id(Bmr005.segment.518)"/>
      <nite:child href="Bmr005.D.segs.xml#id(Bmr005.segment.519)..id(Bmr005.segment.520)"/>
      <nite:child href="Bmr005.G.segs.xml#id(Bmr005.segment.521)..id(Bmr005.segment.522)"/>
      <nite:child href="Bmr005.D.segs.xml#id(Bmr005.segment.523)..id(Bmr005.segment.528)"/>
      <nite:child href="Bmr005.G.segs.xml#id(Bmr005.segment.529)"/>
      <nite:child href="Bmr005.F.segs.xml#id(Bmr005.segment.530)..id(Bmr005.segment.531)"/>
      <nite:child href="Bmr005.A.segs.xml#id(Bmr005.segment.532)"/>
      <nite:child href="Bmr005.G.segs.xml#id(Bmr005.segment.533)"/>
      <nite:child href="Bmr005.A.segs.xml#id(Bmr005.segment.534)"/>
      <nite:child href="Bmr005.G.segs.xml#id(Bmr005.segment.535)"/>
      <nite:child href="Bmr005.A.segs.xml#id(Bmr005.segment.536)"/>
      <nite:child href="Bmr005.D.segs.xml#id(Bmr005.segment.537)"/>
      <nite:child href="Bmr005.A.segs.xml#id(Bmr005.segment.538)"/>
      <nite:child href="Bmr005.D.segs.xml#id(Bmr005.segment.539)..id(Bmr005.segment.540)"/>
      <nite:child href="Bmr005.G.segs.xml#id(Bmr005.segment.541)"/>
      <nite:child href="Bmr005.D.segs.xml#id(Bmr005.segment.542)..id(Bmr005.segment.543)"/>
      <nite:child href="Bmr005.G.segs.xml#id(Bmr005.segment.544)..id(Bmr005.segment.545)"/>
      <nite:child href="Bmr005.D.segs.xml#id(Bmr005.segment.546)"/>
      <nite:child href="Bmr005.H.segs.xml#id(Bmr005.segment.547)"/>
      <nite:child href="Bmr005.D.segs.xml#id(Bmr005.segment.548)"/>
      <nite:child href="Bmr005.G.segs.xml#id(Bmr005.segment.549)"/>
      <nite:child href="Bmr005.D.segs.xml#id(Bmr005.segment.550)"/>
      <nite:child href="Bmr005.G.segs.xml#id(Bmr005.segment.551)"/>
      <nite:child href="Bmr005.D.segs.xml#id(Bmr005.segment.552)"/>
      <nite:child href="Bmr005.A.segs.xml#id(Bmr005.segment.553)"/>
      <nite:child href="Bmr005.G.segs.xml#id(Bmr005.segment.554)"/>
      <nite:child href="Bmr005.D.segs.xml#id(Bmr005.segment.555)"/>
      <nite:child href="Bmr005.E.segs.xml#id(Bmr005.segment.556)"/>
      <nite:child href="Bmr005.D.segs.xml#id(Bmr005.segment.557)..id(Bmr005.segment.558)"/>
      <nite:child href="Bmr005.B.segs.xml#id(Bmr005.segment.559)"/>
      <nite:child href="Bmr005.E.segs.xml#id(Bmr005.segment.560)"/>
      <nite:child href="Bmr005.D.segs.xml#id(Bmr005.segment.561)"/>
      <nite:child href="Bmr005.G.segs.xml#id(Bmr005.segment.562)..id(Bmr005.segment.564)"/>
      <nite:child href="Bmr005.A.segs.xml#id(Bmr005.segment.565)"/>
      <nite:child href="Bmr005.D.segs.xml#id(Bmr005.segment.566)"/>
      <nite:child href="Bmr005.C.segs.xml#id(Bmr005.segment.567)"/>
      <nite:child href="Bmr005.D.segs.xml#id(Bmr005.segment.568)"/>
      <nite:child href="Bmr005.A.segs.xml#id(Bmr005.segment.570)"/>
      <nite:child href="Bmr005.E.segs.xml#id(Bmr005.segment.569)"/>
      <nite:child href="Bmr005.B.segs.xml#id(Bmr005.segment.571)"/>
      <nite:child href="Bmr005.D.segs.xml#id(Bmr005.segment.572)"/>
      <nite:child href="Bmr005.E.segs.xml#id(Bmr005.segment.573)"/>
      <nite:child href="Bmr005.D.segs.xml#id(Bmr005.segment.574)..id(Bmr005.segment.578)"/>
      <nite:child href="Bmr005.G.segs.xml#id(Bmr005.segment.579)"/>
      <nite:child href="Bmr005.D.segs.xml#id(Bmr005.segment.580)"/>
      <nite:child href="Bmr005.G.segs.xml#id(Bmr005.segment.581)"/>
      <nite:child href="Bmr005.B.segs.xml#id(Bmr005.segment.582)"/>
      <nite:child href="Bmr005.G.segs.xml#id(Bmr005.segment.583)"/>
      <nite:child href="Bmr005.F.segs.xml#id(Bmr005.segment.585)"/>
      <nite:child href="Bmr005.G.segs.xml#id(Bmr005.segment.584)"/>
      <nite:child href="Bmr005.D.segs.xml#id(Bmr005.segment.586)"/>
      <nite:child href="Bmr005.G.segs.xml#id(Bmr005.segment.587)..id(Bmr005.segment.588)"/>
      <nite:child href="Bmr005.D.segs.xml#id(Bmr005.segment.589)"/>
      <nite:child href="Bmr005.G.segs.xml#id(Bmr005.segment.590)"/>
      <nite:child href="Bmr005.F.segs.xml#id(Bmr005.segment.591)"/>
      <nite:child href="Bmr005.D.segs.xml#id(Bmr005.segment.592)..id(Bmr005.segment.594)"/>
      <nite:child href="Bmr005.G.segs.xml#id(Bmr005.segment.595)"/>
      <nite:child href="Bmr005.E.segs.xml#id(Bmr005.segment.596)"/>
      <nite:child href="Bmr005.D.segs.xml#id(Bmr005.segment.597)..id(Bmr005.segment.598)"/>
      <nite:child href="Bmr005.E.segs.xml#id(Bmr005.segment.599)..id(Bmr005.segment.600)"/>
      <nite:child href="Bmr005.D.segs.xml#id(Bmr005.segment.601)..id(Bmr005.segment.602)"/>
      <nite:child href="Bmr005.E.segs.xml#id(Bmr005.segment.603)"/>
      <nite:child href="Bmr005.H.segs.xml#id(Bmr005.segment.604)"/>
      <nite:child href="Bmr005.E.segs.xml#id(Bmr005.segment.605)"/>
      <nite:child href="Bmr005.D.segs.xml#id(Bmr005.segment.606)"/>
      <nite:child href="Bmr005.E.segs.xml#id(Bmr005.segment.608)"/>
      <nite:child href="Bmr005.D.segs.xml#id(Bmr005.segment.607)..id(Bmr005.segment.610)"/>
      <nite:child href="Bmr005.E.segs.xml#id(Bmr005.segment.611)"/>
      <nite:child href="Bmr005.D.segs.xml#id(Bmr005.segment.612)..id(Bmr005.segment.619)"/>
      <nite:child href="Bmr005.H.segs.xml#id(Bmr005.segment.618)"/>
      <nite:child href="Bmr005.D.segs.xml#id(Bmr005.segment.620)..id(Bmr005.segment.623)"/>
      <nite:child href="Bmr005.H.segs.xml#id(Bmr005.segment.624)"/>
      <nite:child href="Bmr005.D.segs.xml#id(Bmr005.segment.625)"/>
      <nite:child href="Bmr005.B.segs.xml#id(Bmr005.segment.626)"/>
      <nite:child href="Bmr005.D.segs.xml#id(Bmr005.segment.627)"/>
      <nite:child href="Bmr005.B.segs.xml#id(Bmr005.segment.628)"/>
      <nite:child href="Bmr005.D.segs.xml#id(Bmr005.segment.629)"/>
      <nite:child href="Bmr005.E.segs.xml#id(Bmr005.segment.630)"/>
      <nite:child href="Bmr005.D.segs.xml#id(Bmr005.segment.631)..id(Bmr005.segment.632)"/>
      <nite:child href="Bmr005.G.segs.xml#id(Bmr005.segment.633)..id(Bmr005.segment.635)"/>
      <nite:child href="Bmr005.D.segs.xml#id(Bmr005.segment.636)"/>
      <nite:child href="Bmr005.E.segs.xml#id(Bmr005.segment.637)"/>
      <nite:child href="Bmr005.G.segs.xml#id(Bmr005.segment.638)"/>
      <nite:child href="Bmr005.E.segs.xml#id(Bmr005.segment.639)"/>
      <nite:child href="Bmr005.D.segs.xml#id(Bmr005.segment.640)"/>
      <nite:child href="Bmr005.E.segs.xml#id(Bmr005.segment.641)"/>
      <nite:child href="Bmr005.C.segs.xml#id(Bmr005.segment.642)"/>
      <nite:child href="Bmr005.G.segs.xml#id(Bmr005.segment.643)"/>
      <nite:child href="Bmr005.D.segs.xml#id(Bmr005.segment.644)"/>
      <nite:child href="Bmr005.G.segs.xml#id(Bmr005.segment.645)"/>
      <nite:child href="Bmr005.E.segs.xml#id(Bmr005.segment.646)"/>
      <nite:child href="Bmr005.H.segs.xml#id(Bmr005.segment.647)"/>
      <nite:child href="Bmr005.D.segs.xml#id(Bmr005.segment.648)..id(Bmr005.segment.650)"/>
      <nite:child href="Bmr005.E.segs.xml#id(Bmr005.segment.652)"/>
      <nite:child href="Bmr005.B.segs.xml#id(Bmr005.segment.651)"/>
      <nite:child href="Bmr005.D.segs.xml#id(Bmr005.segment.653)"/>
      <nite:child href="Bmr005.E.segs.xml#id(Bmr005.segment.654)"/>
      <nite:child href="Bmr005.D.segs.xml#id(Bmr005.segment.655)"/>
      <nite:child href="Bmr005.B.segs.xml#id(Bmr005.segment.656)"/>
      <nite:child href="Bmr005.D.segs.xml#id(Bmr005.segment.657)"/>
      <nite:child href="Bmr005.C.segs.xml#id(Bmr005.segment.659)"/>
      <nite:child href="Bmr005.E.segs.xml#id(Bmr005.segment.658)"/>
      <nite:child href="Bmr005.D.segs.xml#id(Bmr005.segment.660)"/>
      <nite:child href="Bmr005.B.segs.xml#id(Bmr005.segment.661)"/>
      <nite:child href="Bmr005.D.segs.xml#id(Bmr005.segment.662)"/>
      <nite:child href="Bmr005.E.segs.xml#id(Bmr005.segment.663)"/>
      <nite:child href="Bmr005.C.segs.xml#id(Bmr005.segment.664)"/>
      <nite:child href="Bmr005.G.segs.xml#id(Bmr005.segment.665)"/>
      <nite:child href="Bmr005.D.segs.xml#id(Bmr005.segment.666)..id(Bmr005.segment.667)"/>
      <nite:child href="Bmr005.B.segs.xml#id(Bmr005.segment.668)"/>
      <nite:child href="Bmr005.G.segs.xml#id(Bmr005.segment.669)"/>
      <nite:child href="Bmr005.D.segs.xml#id(Bmr005.segment.670)..id(Bmr005.segment.671)"/>
      <nite:child href="Bmr005.C.segs.xml#id(Bmr005.segment.672)"/>
      <nite:child href="Bmr005.E.segs.xml#id(Bmr005.segment.673)"/>
      <nite:child href="Bmr005.A.segs.xml#id(Bmr005.segment.674)"/>
      <nite:child href="Bmr005.D.segs.xml#id(Bmr005.segment.675)"/>
      <nite:child href="Bmr005.C.segs.xml#id(Bmr005.segment.676)"/>
      <nite:child href="Bmr005.E.segs.xml#id(Bmr005.segment.677)"/>
      <nite:child href="Bmr005.F.segs.xml#id(Bmr005.segment.678)"/>
      <nite:child href="Bmr005.D.segs.xml#id(Bmr005.segment.680)"/>
      <nite:child href="Bmr005.C.segs.xml#id(Bmr005.segment.679)"/>
      <nite:child href="Bmr005.D.segs.xml#id(Bmr005.segment.681)"/>
      <nite:child href="Bmr005.E.segs.xml#id(Bmr005.segment.682)"/>
      <nite:child href="Bmr005.G.segs.xml#id(Bmr005.segment.683)"/>
      <nite:child href="Bmr005.H.segs.xml#id(Bmr005.segment.684)"/>
      <nite:child href="Bmr005.E.segs.xml#id(Bmr005.segment.685)..id(Bmr005.segment.686)"/>
      <nite:child href="Bmr005.D.segs.xml#id(Bmr005.segment.687)"/>
      <nite:child href="Bmr005.G.segs.xml#id(Bmr005.segment.688)"/>
      <nite:child href="Bmr005.D.segs.xml#id(Bmr005.segment.689)..id(Bmr005.segment.691)"/>
      <nite:child href="Bmr005.E.segs.xml#id(Bmr005.segment.693)"/>
      <nite:child href="Bmr005.D.segs.xml#id(Bmr005.segment.692)"/>
      <nite:child href="Bmr005.E.segs.xml#id(Bmr005.segment.695)"/>
      <nite:child href="Bmr005.D.segs.xml#id(Bmr005.segment.694)..id(Bmr005.segment.697)"/>
      <nite:child href="Bmr005.E.segs.xml#id(Bmr005.segment.696)"/>
      <nite:child href="Bmr005.D.segs.xml#id(Bmr005.segment.698)..id(Bmr005.segment.705)"/>
      <nite:child href="Bmr005.G.segs.xml#id(Bmr005.segment.706)"/>
      <nite:child href="Bmr005.D.segs.xml#id(Bmr005.segment.707)..id(Bmr005.segment.708)"/>
      <nite:child href="Bmr005.G.segs.xml#id(Bmr005.segment.709)..id(Bmr005.segment.710)"/>
      <nite:child href="Bmr005.E.segs.xml#id(Bmr005.segment.711)"/>
      <nite:child href="Bmr005.D.segs.xml#id(Bmr005.segment.712)..id(Bmr005.segment.716)"/>
      <nite:child href="Bmr005.G.segs.xml#id(Bmr005.segment.717)"/>
      <nite:child href="Bmr005.D.segs.xml#id(Bmr005.segment.718)..id(Bmr005.segment.725)"/>
      <nite:child href="Bmr005.E.segs.xml#id(Bmr005.segment.726)"/>
      <nite:child href="Bmr005.G.segs.xml#id(Bmr005.segment.727)"/>
      <nite:child href="Bmr005.D.segs.xml#id(Bmr005.segment.728)..id(Bmr005.segment.730)"/>
      <nite:child href="Bmr005.G.segs.xml#id(Bmr005.segment.731)..id(Bmr005.segment.733)"/>
      <nite:child href="Bmr005.H.segs.xml#id(Bmr005.segment.734)"/>
      <nite:child href="Bmr005.G.segs.xml#id(Bmr005.segment.735)"/>
      <nite:child href="Bmr005.D.segs.xml#id(Bmr005.segment.736)..id(Bmr005.segment.737)"/>
      <nite:child href="Bmr005.G.segs.xml#id(Bmr005.segment.738)"/>
      <nite:child href="Bmr005.D.segs.xml#id(Bmr005.segment.739)"/>
      <nite:child href="Bmr005.G.segs.xml#id(Bmr005.segment.740)"/>
      <nite:child href="Bmr005.F.segs.xml#id(Bmr005.segment.742)"/>
      <nite:child href="Bmr005.G.segs.xml#id(Bmr005.segment.743)"/>
      <nite:child href="Bmr005.D.segs.xml#id(Bmr005.segment.741)..id(Bmr005.segment.748)"/>
      <nite:child href="Bmr005.F.segs.xml#id(Bmr005.segment.749)..id(Bmr005.segment.750)"/>
      <nite:child href="Bmr005.D.segs.xml#id(Bmr005.segment.751)"/>
      <nite:child href="Bmr005.F.segs.xml#id(Bmr005.segment.752)"/>
      <nite:child href="Bmr005.D.segs.xml#id(Bmr005.segment.753)..id(Bmr005.segment.755)"/>
      <nite:child href="Bmr005.E.segs.xml#id(Bmr005.segment.756)"/>
      <nite:child href="Bmr005.D.segs.xml#id(Bmr005.segment.757)"/>
      <nite:child href="Bmr005.G.segs.xml#id(Bmr005.segment.758)"/>
      <nite:child href="Bmr005.E.segs.xml#id(Bmr005.segment.759)"/>
      <nite:child href="Bmr005.D.segs.xml#id(Bmr005.segment.760)..id(Bmr005.segment.763)"/>
      <nite:child href="Bmr005.E.segs.xml#id(Bmr005.segment.764)"/>
      <nite:child href="Bmr005.D.segs.xml#id(Bmr005.segment.765)"/>
      <nite:child href="Bmr005.E.segs.xml#id(Bmr005.segment.766)..id(Bmr005.segment.767)"/>
      <nite:child href="Bmr005.D.segs.xml#id(Bmr005.segment.768)"/>
      <nite:child href="Bmr005.E.segs.xml#id(Bmr005.segment.769)..id(Bmr005.segment.772)"/>
      <nite:child href="Bmr005.F.segs.xml#id(Bmr005.segment.773)"/>
      <nite:child href="Bmr005.E.segs.xml#id(Bmr005.segment.774)..id(Bmr005.segment.775)"/>
      <nite:child href="Bmr005.D.segs.xml#id(Bmr005.segment.776)"/>
      <nite:child href="Bmr005.C.segs.xml#id(Bmr005.segment.777)"/>
      <nite:child href="Bmr005.G.segs.xml#id(Bmr005.segment.778)..id(Bmr005.segment.779)"/>
      <nite:child href="Bmr005.H.segs.xml#id(Bmr005.segment.780)"/>
      <nite:child href="Bmr005.G.segs.xml#id(Bmr005.segment.781)"/>
      <nite:child href="Bmr005.A.segs.xml#id(Bmr005.segment.782)"/>
      <nite:child href="Bmr005.C.segs.xml#id(Bmr005.segment.784)"/>
      <nite:child href="Bmr005.E.segs.xml#id(Bmr005.segment.783)"/>
      <nite:child href="Bmr005.D.segs.xml#id(Bmr005.segment.785)"/>
      <nite:child href="Bmr005.E.segs.xml#id(Bmr005.segment.786)"/>
      <nite:child href="Bmr005.G.segs.xml#id(Bmr005.segment.787)..id(Bmr005.segment.789)"/>
      <nite:child href="Bmr005.D.segs.xml#id(Bmr005.segment.788)"/>
      <nite:child href="Bmr005.C.segs.xml#id(Bmr005.segment.791)"/>
      <nite:child href="Bmr005.D.segs.xml#id(Bmr005.segment.790)"/>
      <nite:child href="Bmr005.G.segs.xml#id(Bmr005.segment.792)..id(Bmr005.segment.794)"/>
      <nite:child href="Bmr005.D.segs.xml#id(Bmr005.segment.795)"/>
      <nite:child href="Bmr005.C.segs.xml#id(Bmr005.segment.796)"/>
      <nite:child href="Bmr005.D.segs.xml#id(Bmr005.segment.797)"/>
      <nite:child href="Bmr005.G.segs.xml#id(Bmr005.segment.798)"/>
      <nite:child href="Bmr005.D.segs.xml#id(Bmr005.segment.799)..id(Bmr005.segment.802)"/>
      <nite:child href="Bmr005.E.segs.xml#id(Bmr005.segment.803)"/>
      <nite:child href="Bmr005.D.segs.xml#id(Bmr005.segment.804)"/>
      <nite:child href="Bmr005.G.segs.xml#id(Bmr005.segment.805)"/>
      <nite:child href="Bmr005.D.segs.xml#id(Bmr005.segment.806)..id(Bmr005.segment.807)"/>
      <nite:child href="Bmr005.G.segs.xml#id(Bmr005.segment.808)"/>
      <nite:child href="Bmr005.D.segs.xml#id(Bmr005.segment.809)..id(Bmr005.segment.813)"/>
      <nite:child href="Bmr005.H.segs.xml#id(Bmr005.segment.814)"/>
      <nite:child href="Bmr005.D.segs.xml#id(Bmr005.segment.815)"/>
      <nite:child href="Bmr005.E.segs.xml#id(Bmr005.segment.816)"/>
      <nite:child href="Bmr005.D.segs.xml#id(Bmr005.segment.817)..id(Bmr005.segment.819)"/>
      <nite:child href="Bmr005.E.segs.xml#id(Bmr005.segment.820)"/>
      <nite:child href="Bmr005.D.segs.xml#id(Bmr005.segment.821)..id(Bmr005.segment.822)"/>
      <nite:child href="Bmr005.F.segs.xml#id(Bmr005.segment.823)"/>
      <nite:child href="Bmr005.D.segs.xml#id(Bmr005.segment.824)"/>
      <nite:child href="Bmr005.G.segs.xml#id(Bmr005.segment.826)"/>
      <nite:child href="Bmr005.E.segs.xml#id(Bmr005.segment.825)"/>
      <nite:child href="Bmr005.D.segs.xml#id(Bmr005.segment.827)"/>
      <nite:child href="Bmr005.E.segs.xml#id(Bmr005.segment.828)..id(Bmr005.segment.829)"/>
      <nite:child href="Bmr005.F.segs.xml#id(Bmr005.segment.830)"/>
      <nite:child href="Bmr005.D.segs.xml#id(Bmr005.segment.831)"/>
      <nite:child href="Bmr005.E.segs.xml#id(Bmr005.segment.832)"/>
      <nite:child href="Bmr005.H.segs.xml#id(Bmr005.segment.833)"/>
      <nite:child href="Bmr005.E.segs.xml#id(Bmr005.segment.835)"/>
      <nite:child href="Bmr005.D.segs.xml#id(Bmr005.segment.834)"/>
      <nite:child href="Bmr005.E.segs.xml#id(Bmr005.segment.836)"/>
      <nite:child href="Bmr005.D.segs.xml#id(Bmr005.segment.837)"/>
      <nite:child href="Bmr005.E.segs.xml#id(Bmr005.segment.838)"/>
      <nite:child href="Bmr005.D.segs.xml#id(Bmr005.segment.839)..id(Bmr005.segment.852)"/>
      <nite:child href="Bmr005.E.segs.xml#id(Bmr005.segment.853)"/>
      <nite:child href="Bmr005.D.segs.xml#id(Bmr005.segment.854)..id(Bmr005.segment.856)"/>
      <nite:child href="Bmr005.E.segs.xml#id(Bmr005.segment.857)..id(Bmr005.segment.859)"/>
      <nite:child href="Bmr005.D.segs.xml#id(Bmr005.segment.858)"/>
      <nite:child href="Bmr005.H.segs.xml#id(Bmr005.segment.860)"/>
      <nite:child href="Bmr005.D.segs.xml#id(Bmr005.segment.861)"/>
      <nite:child href="Bmr005.E.segs.xml#id(Bmr005.segment.862)..id(Bmr005.segment.864)"/>
      <nite:child href="Bmr005.F.segs.xml#id(Bmr005.segment.865)"/>
      <nite:child href="Bmr005.E.segs.xml#id(Bmr005.segment.866)"/>
      <nite:child href="Bmr005.F.segs.xml#id(Bmr005.segment.867)"/>
      <nite:child href="Bmr005.G.segs.xml#id(Bmr005.segment.868)"/>
      <nite:child href="Bmr005.D.segs.xml#id(Bmr005.segment.869)"/>
      <nite:child href="Bmr005.G.segs.xml#id(Bmr005.segment.870)"/>
      <nite:child href="Bmr005.E.segs.xml#id(Bmr005.segment.871)"/>
      <nite:child href="Bmr005.D.segs.xml#id(Bmr005.segment.872)"/>
      <nite:child href="Bmr005.E.segs.xml#id(Bmr005.segment.873)"/>
      <nite:child href="Bmr005.D.segs.xml#id(Bmr005.segment.874)"/>
      <nite:child href="Bmr005.E.segs.xml#id(Bmr005.segment.875)"/>
      <nite:child href="Bmr005.B.segs.xml#id(Bmr005.segment.876)"/>
      <nite:child href="Bmr005.D.segs.xml#id(Bmr005.segment.877)..id(Bmr005.segment.878)"/>
      <nite:child href="Bmr005.F.segs.xml#id(Bmr005.segment.879)"/>
      <nite:child href="Bmr005.D.segs.xml#id(Bmr005.segment.880)"/>
      <nite:child href="Bmr005.E.segs.xml#id(Bmr005.segment.881)"/>
      <nite:child href="Bmr005.D.segs.xml#id(Bmr005.segment.882)"/>
      <nite:child href="Bmr005.F.segs.xml#id(Bmr005.segment.883)"/>
      <nite:child href="Bmr005.D.segs.xml#id(Bmr005.segment.884)..id(Bmr005.segment.885)"/>
      <nite:child href="Bmr005.E.segs.xml#id(Bmr005.segment.886)..id(Bmr005.segment.888)"/>
      <nite:child href="Bmr005.B.segs.xml#id(Bmr005.segment.889)"/>
      <nite:child href="Bmr005.D.segs.xml#id(Bmr005.segment.887)"/>
      <nite:child href="Bmr005.E.segs.xml#id(Bmr005.segment.890)..id(Bmr005.segment.891)"/>
      <nite:child href="Bmr005.D.segs.xml#id(Bmr005.segment.892)"/>
      <nite:child href="Bmr005.F.segs.xml#id(Bmr005.segment.893)"/>
      <nite:child href="Bmr005.G.segs.xml#id(Bmr005.segment.894)"/>
      <nite:child href="Bmr005.F.segs.xml#id(Bmr005.segment.895)"/>
      <nite:child href="Bmr005.H.segs.xml#id(Bmr005.segment.896)"/>
      <nite:child href="Bmr005.F.segs.xml#id(Bmr005.segment.897)"/>
      <nite:child href="Bmr005.G.segs.xml#id(Bmr005.segment.898)"/>
      <nite:child href="Bmr005.F.segs.xml#id(Bmr005.segment.899)..id(Bmr005.segment.900)"/>
      <nite:child href="Bmr005.D.segs.xml#id(Bmr005.segment.901)..id(Bmr005.segment.902)"/>
      <nite:child href="Bmr005.F.segs.xml#id(Bmr005.segment.903)..id(Bmr005.segment.904)"/>
      <nite:child href="Bmr005.D.segs.xml#id(Bmr005.segment.905)..id(Bmr005.segment.907)"/>
      <nite:child href="Bmr005.F.segs.xml#id(Bmr005.segment.908)"/>
      <nite:child href="Bmr005.D.segs.xml#id(Bmr005.segment.909)"/>
      <nite:child href="Bmr005.E.segs.xml#id(Bmr005.segment.910)"/>
      <nite:child href="Bmr005.F.segs.xml#id(Bmr005.segment.911)"/>
      <nite:child href="Bmr005.D.segs.xml#id(Bmr005.segment.912)..id(Bmr005.segment.914)"/>
      <nite:child href="Bmr005.E.segs.xml#id(Bmr005.segment.915)"/>
      <nite:child href="Bmr005.G.segs.xml#id(Bmr005.segment.916)"/>
      <nite:child href="Bmr005.E.segs.xml#id(Bmr005.segment.917)"/>
      <nite:child href="Bmr005.G.segs.xml#id(Bmr005.segment.918)"/>
      <nite:child href="Bmr005.D.segs.xml#id(Bmr005.segment.919)"/>
      <nite:child href="Bmr005.F.segs.xml#id(Bmr005.segment.920)"/>
      <nite:child href="Bmr005.D.segs.xml#id(Bmr005.segment.921)"/>
      <nite:child href="Bmr005.C.segs.xml#id(Bmr005.segment.922)"/>
      <nite:child href="Bmr005.D.segs.xml#id(Bmr005.segment.923)"/>
      <nite:child href="Bmr005.C.segs.xml#id(Bmr005.segment.924)"/>
      <nite:child href="Bmr005.G.segs.xml#id(Bmr005.segment.925)"/>
      <nite:child href="Bmr005.E.segs.xml#id(Bmr005.segment.926)"/>
      <nite:child href="Bmr005.G.segs.xml#id(Bmr005.segment.927)"/>
      <nite:child href="Bmr005.B.segs.xml#id(Bmr005.segment.928)"/>
      <nite:child href="Bmr005.D.segs.xml#id(Bmr005.segment.929)..id(Bmr005.segment.930)"/>
      <nite:child href="Bmr005.B.segs.xml#id(Bmr005.segment.931)"/>
      <nite:child href="Bmr005.C.segs.xml#id(Bmr005.segment.932)"/>
      <nite:child href="Bmr005.D.segs.xml#id(Bmr005.segment.933)..id(Bmr005.segment.934)"/>
      <nite:child href="Bmr005.C.segs.xml#id(Bmr005.segment.935)"/>
      <nite:child href="Bmr005.D.segs.xml#id(Bmr005.segment.936)"/>
      <nite:child href="Bmr005.B.segs.xml#id(Bmr005.segment.937)"/>
      <nite:child href="Bmr005.D.segs.xml#id(Bmr005.segment.938)"/>
      <nite:child href="Bmr005.B.segs.xml#id(Bmr005.segment.939)"/>
      <nite:child href="Bmr005.G.segs.xml#id(Bmr005.segment.940)"/>
      <nite:child href="Bmr005.D.segs.xml#id(Bmr005.segment.941)..id(Bmr005.segment.942)"/>
      <nite:child href="Bmr005.F.segs.xml#id(Bmr005.segment.943)"/>
      <nite:child href="Bmr005.B.segs.xml#id(Bmr005.segment.944)"/>
      <nite:child href="Bmr005.G.segs.xml#id(Bmr005.segment.945)"/>
      <nite:child href="Bmr005.D.segs.xml#id(Bmr005.segment.946)..id(Bmr005.segment.947)"/>
      <nite:child href="Bmr005.B.segs.xml#id(Bmr005.segment.948)"/>
      <nite:child href="Bmr005.G.segs.xml#id(Bmr005.segment.949)"/>
      <nite:child href="Bmr005.E.segs.xml#id(Bmr005.segment.950)"/>
      <nite:child href="Bmr005.G.segs.xml#id(Bmr005.segment.951)"/>
      <nite:child href="Bmr005.E.segs.xml#id(Bmr005.segment.952)..id(Bmr005.segment.954)"/>
      <nite:child href="Bmr005.D.segs.xml#id(Bmr005.segment.955)"/>
      <nite:child href="Bmr005.E.segs.xml#id(Bmr005.segment.956)"/>
      <nite:child href="Bmr005.D.segs.xml#id(Bmr005.segment.957)..id(Bmr005.segment.958)"/>
      <nite:child href="Bmr005.H.segs.xml#id(Bmr005.segment.959)"/>
      <nite:child href="Bmr005.D.segs.xml#id(Bmr005.segment.960)..id(Bmr005.segment.961)"/>
      <nite:child href="Bmr005.E.segs.xml#id(Bmr005.segment.962)..id(Bmr005.segment.963)"/>
      <nite:child href="Bmr005.D.segs.xml#id(Bmr005.segment.964)..id(Bmr005.segment.965)"/>
      <nite:child href="Bmr005.E.segs.xml#id(Bmr005.segment.966)"/>
      <nite:child href="Bmr005.D.segs.xml#id(Bmr005.segment.967)..id(Bmr005.segment.969)"/>
      <nite:child href="Bmr005.E.segs.xml#id(Bmr005.segment.970)"/>
      <nite:child href="Bmr005.D.segs.xml#id(Bmr005.segment.971)"/>
      <nite:child href="Bmr005.E.segs.xml#id(Bmr005.segment.972)"/>
      <nite:child href="Bmr005.G.segs.xml#id(Bmr005.segment.973)"/>
      <nite:child href="Bmr005.D.segs.xml#id(Bmr005.segment.974)"/>
      <nite:child href="Bmr005.F.segs.xml#id(Bmr005.segment.975)"/>
      <nite:child href="Bmr005.E.segs.xml#id(Bmr005.segment.976)"/>
      <nite:child href="Bmr005.G.segs.xml#id(Bmr005.segment.977)"/>
      <nite:child href="Bmr005.H.segs.xml#id(Bmr005.segment.978)"/>
      <nite:child href="Bmr005.D.segs.xml#id(Bmr005.segment.979)"/>
      <nite:child href="Bmr005.E.segs.xml#id(Bmr005.segment.980)"/>
      <nite:child href="Bmr005.D.segs.xml#id(Bmr005.segment.981)..id(Bmr005.segment.983)"/>
      <nite:child href="Bmr005.E.segs.xml#id(Bmr005.segment.982)..id(Bmr005.segment.984)"/>
      <nite:child href="Bmr005.D.segs.xml#id(Bmr005.segment.985)"/>
      <nite:child href="Bmr005.E.segs.xml#id(Bmr005.segment.986)"/>
      <nite:child href="Bmr005.D.segs.xml#id(Bmr005.segment.987)"/>
      <nite:child href="Bmr005.E.segs.xml#id(Bmr005.segment.988)..id(Bmr005.segment.990)"/>
      <nite:child href="Bmr005.D.segs.xml#id(Bmr005.segment.991)"/>
      <nite:child href="Bmr005.E.segs.xml#id(Bmr005.segment.992)"/>
      <nite:child href="Bmr005.G.segs.xml#id(Bmr005.segment.993)"/>
      <topic nite:id="Bmr005.topic.7" description="hand coding vs. automatic methods">
         <nite:child href="Bmr005.C.segs.xml#id(Bmr005.segment.994)"/>
         <nite:child href="Bmr005.G.segs.xml#id(Bmr005.segment.995)..id(Bmr005.segment.996)"/>
         <nite:child href="Bmr005.E.segs.xml#id(Bmr005.segment.997)"/>
         <nite:child href="Bmr005.C.segs.xml#id(Bmr005.segment.998)"/>
         <nite:child href="Bmr005.E.segs.xml#id(Bmr005.segment.999)..id(Bmr005.segment.1,000)"/>
         <nite:child href="Bmr005.C.segs.xml#id(Bmr005.segment.1,001)"/>
         <nite:child href="Bmr005.E.segs.xml#id(Bmr005.segment.1,002)"/>
         <nite:child href="Bmr005.C.segs.xml#id(Bmr005.segment.1,003)..id(Bmr005.segment.1,004)"/>
         <nite:child href="Bmr005.E.segs.xml#id(Bmr005.segment.1,005)..id(Bmr005.segment.1,009)"/>
         <nite:child href="Bmr005.A.segs.xml#id(Bmr005.segment.1,010)"/>
         <nite:child href="Bmr005.C.segs.xml#id(Bmr005.segment.1,011)"/>
         <nite:child href="Bmr005.E.segs.xml#id(Bmr005.segment.1,012)"/>
         <nite:child href="Bmr005.C.segs.xml#id(Bmr005.segment.1,013)"/>
         <nite:child href="Bmr005.E.segs.xml#id(Bmr005.segment.1,014)"/>
         <nite:child href="Bmr005.F.segs.xml#id(Bmr005.segment.1,015)"/>
         <nite:child href="Bmr005.G.segs.xml#id(Bmr005.segment.1,016)"/>
         <nite:child href="Bmr005.E.segs.xml#id(Bmr005.segment.1,017)..id(Bmr005.segment.1,018)"/>
         <nite:child href="Bmr005.C.segs.xml#id(Bmr005.segment.1,019)"/>
         <nite:child href="Bmr005.E.segs.xml#id(Bmr005.segment.1,020)..id(Bmr005.segment.1,021)"/>
         <nite:child href="Bmr005.C.segs.xml#id(Bmr005.segment.1,022)"/>
         <nite:child href="Bmr005.E.segs.xml#id(Bmr005.segment.1,023)..id(Bmr005.segment.1,027)"/>
         <nite:child href="Bmr005.C.segs.xml#id(Bmr005.segment.1,028)"/>
         <nite:child href="Bmr005.E.segs.xml#id(Bmr005.segment.1,029)"/>
         <nite:child href="Bmr005.G.segs.xml#id(Bmr005.segment.1,030)"/>
         <nite:child href="Bmr005.C.segs.xml#id(Bmr005.segment.1,031)"/>
         <nite:child href="Bmr005.F.segs.xml#id(Bmr005.segment.1,032)"/>
         <nite:child href="Bmr005.G.segs.xml#id(Bmr005.segment.1,033)"/>
         <nite:child href="Bmr005.E.segs.xml#id(Bmr005.segment.1,034)"/>
         <nite:child href="Bmr005.C.segs.xml#id(Bmr005.segment.1,035)"/>
         <nite:child href="Bmr005.E.segs.xml#id(Bmr005.segment.1,036)"/>
         <nite:child href="Bmr005.G.segs.xml#id(Bmr005.segment.1,037)"/>
         <nite:child href="Bmr005.B.segs.xml#id(Bmr005.segment.1,038)"/>
         <nite:child href="Bmr005.G.segs.xml#id(Bmr005.segment.1,039)"/>
         <nite:child href="Bmr005.C.segs.xml#id(Bmr005.segment.1,040)"/>
         <nite:child href="Bmr005.E.segs.xml#id(Bmr005.segment.1,041)"/>
         <nite:child href="Bmr005.G.segs.xml#id(Bmr005.segment.1,042)..id(Bmr005.segment.1,043)"/>
         <nite:child href="Bmr005.C.segs.xml#id(Bmr005.segment.1,044)"/>
         <nite:child href="Bmr005.F.segs.xml#id(Bmr005.segment.1,045)"/>
         <nite:child href="Bmr005.C.segs.xml#id(Bmr005.segment.1,046)"/>
         <nite:child href="Bmr005.G.segs.xml#id(Bmr005.segment.1,047)..id(Bmr005.segment.1,051)"/>
         <nite:child href="Bmr005.H.segs.xml#id(Bmr005.segment.1,052)..id(Bmr005.segment.1,053)"/>
         <nite:child href="Bmr005.C.segs.xml#id(Bmr005.segment.1,054)"/>
         <nite:child href="Bmr005.E.segs.xml#id(Bmr005.segment.1,055)"/>
         <nite:child href="Bmr005.H.segs.xml#id(Bmr005.segment.1,056)"/>
         <nite:child href="Bmr005.D.segs.xml#id(Bmr005.segment.1,057)"/>
         <nite:child href="Bmr005.C.segs.xml#id(Bmr005.segment.1,058)"/>
         <nite:child href="Bmr005.E.segs.xml#id(Bmr005.segment.1,059)"/>
         <nite:child href="Bmr005.D.segs.xml#id(Bmr005.segment.1,060)"/>
         <nite:child href="Bmr005.C.segs.xml#id(Bmr005.segment.1,061)"/>
         <nite:child href="Bmr005.G.segs.xml#id(Bmr005.segment.1,062)"/>
         <nite:child href="Bmr005.E.segs.xml#id(Bmr005.segment.1,063)..id(Bmr005.segment.1,066)"/>
         <nite:child href="Bmr005.D.segs.xml#id(Bmr005.segment.1,067)"/>
         <nite:child href="Bmr005.E.segs.xml#id(Bmr005.segment.1,068)"/>
         <nite:child href="Bmr005.C.segs.xml#id(Bmr005.segment.1,069)"/>
         <nite:child href="Bmr005.E.segs.xml#id(Bmr005.segment.1,070)"/>
         <nite:child href="Bmr005.B.segs.xml#id(Bmr005.segment.1,071)"/>
         <nite:child href="Bmr005.C.segs.xml#id(Bmr005.segment.1,072)"/>
         <nite:child href="Bmr005.D.segs.xml#id(Bmr005.segment.1,073)"/>
         <nite:child href="Bmr005.D.segs.xml#id(Bmr005.segment.1,107)"/>
         <nite:child href="Bmr005.C.segs.xml#id(Bmr005.segment.1,074)"/>
         <nite:child href="Bmr005.G.segs.xml#id(Bmr005.segment.1,075)"/>
         <nite:child href="Bmr005.H.segs.xml#id(Bmr005.segment.1,076)"/>
      </topic>
      <nite:child href="Bmr005.B.segs.xml#id(Bmr005.segment.1,077)"/>
      <nite:child href="Bmr005.C.segs.xml#id(Bmr005.segment.1,078)"/>
      <nite:child href="Bmr005.H.segs.xml#id(Bmr005.segment.1,079)"/>
      <nite:child href="Bmr005.C.segs.xml#id(Bmr005.segment.1,080)"/>
      <nite:child href="Bmr005.E.segs.xml#id(Bmr005.segment.1,081)"/>
      <nite:child href="Bmr005.H.segs.xml#id(Bmr005.segment.1,082)..id(Bmr005.segment.1,083)"/>
      <nite:child href="Bmr005.D.segs.xml#id(Bmr005.segment.1,084)"/>
      <nite:child href="Bmr005.E.segs.xml#id(Bmr005.segment.1,085)"/>
      <nite:child href="Bmr005.C.segs.xml#id(Bmr005.segment.1,086)"/>
      <nite:child href="Bmr005.B.segs.xml#id(Bmr005.segment.1,087)..id(Bmr005.segment.1,088)"/>
      <nite:child href="Bmr005.E.segs.xml#id(Bmr005.segment.1,089)"/>
      <nite:child href="Bmr005.G.segs.xml#id(Bmr005.segment.1,090)..id(Bmr005.segment.1,094)"/>
      <nite:child href="Bmr005.B.segs.xml#id(Bmr005.segment.1,095)..id(Bmr005.segment.1,096)"/>
      <nite:child href="Bmr005.G.segs.xml#id(Bmr005.segment.1,097)"/>
      <nite:child href="Bmr005.E.segs.xml#id(Bmr005.segment.1,098)"/>
      <nite:child href="Bmr005.G.segs.xml#id(Bmr005.segment.1,099)"/>
      <nite:child href="Bmr005.B.segs.xml#id(Bmr005.segment.1,100)"/>
      <nite:child href="Bmr005.G.segs.xml#id(Bmr005.segment.1,101)"/>
      <nite:child href="Bmr005.E.segs.xml#id(Bmr005.segment.1,102)"/>
      <nite:child href="Bmr005.D.segs.xml#id(Bmr005.segment.1,103)"/>
      <nite:child href="Bmr005.E.segs.xml#id(Bmr005.segment.1,104)"/>
      <nite:child href="Bmr005.D.segs.xml#id(Bmr005.segment.1,105)"/>
      <nite:child href="Bmr005.E.segs.xml#id(Bmr005.segment.1,106)"/>
      <nite:child href="Bmr005.D.segs.xml#id(Bmr005.segment.1,108)..id(Bmr005.segment.1,109)"/>
      <nite:child href="Bmr005.E.segs.xml#id(Bmr005.segment.1,110)"/>
      <nite:child href="Bmr005.D.segs.xml#id(Bmr005.segment.1,111)"/>
      <nite:child href="Bmr005.C.segs.xml#id(Bmr005.segment.1,112)"/>
      <nite:child href="Bmr005.D.segs.xml#id(Bmr005.segment.1,113)"/>
      <nite:child href="Bmr005.A.segs.xml#id(Bmr005.segment.1,114)"/>
      <nite:child href="Bmr005.F.segs.xml#id(Bmr005.segment.1,115)"/>
      <nite:child href="Bmr005.G.segs.xml#id(Bmr005.segment.1,116)"/>
      <nite:child href="Bmr005.A.segs.xml#id(Bmr005.segment.1,117)"/>
      <nite:child href="Bmr005.G.segs.xml#id(Bmr005.segment.1,118)"/>
      <nite:child href="Bmr005.A.segs.xml#id(Bmr005.segment.1,119)"/>
      <nite:child href="Bmr005.G.segs.xml#id(Bmr005.segment.1,120)..id(Bmr005.segment.1,121)"/>
      <nite:child href="Bmr005.A.segs.xml#id(Bmr005.segment.1,122)..id(Bmr005.segment.1,123)"/>
      <nite:child href="Bmr005.G.segs.xml#id(Bmr005.segment.1,124)..id(Bmr005.segment.1,125)"/>
      <nite:child href="Bmr005.B.segs.xml#id(Bmr005.segment.1,126)"/>
      <nite:child href="Bmr005.G.segs.xml#id(Bmr005.segment.1,127)..id(Bmr005.segment.1,128)"/>
      <nite:child href="Bmr005.A.segs.xml#id(Bmr005.segment.1,129)"/>
      <nite:child href="Bmr005.E.segs.xml#id(Bmr005.segment.1,130)"/>
      <nite:child href="Bmr005.C.segs.xml#id(Bmr005.segment.1,131)"/>
      <nite:child href="Bmr005.D.segs.xml#id(Bmr005.segment.1,132)"/>
      <nite:child href="Bmr005.A.segs.xml#id(Bmr005.segment.1,133)"/>
      <nite:child href="Bmr005.G.segs.xml#id(Bmr005.segment.1,134)"/>
      <nite:child href="Bmr005.A.segs.xml#id(Bmr005.segment.1,135)"/>
      <nite:child href="Bmr005.G.segs.xml#id(Bmr005.segment.1,136)"/>
      <nite:child href="Bmr005.E.segs.xml#id(Bmr005.segment.1,137)"/>
      <nite:child href="Bmr005.A.segs.xml#id(Bmr005.segment.1,138)"/>
      <nite:child href="Bmr005.D.segs.xml#id(Bmr005.segment.1,139)"/>
      <nite:child href="Bmr005.B.segs.xml#id(Bmr005.segment.1,140)"/>
      <nite:child href="Bmr005.A.segs.xml#id(Bmr005.segment.1,141)"/>
      <nite:child href="Bmr005.B.segs.xml#id(Bmr005.segment.1,142)"/>
      <nite:child href="Bmr005.A.segs.xml#id(Bmr005.segment.1,143)"/>
      <nite:child href="Bmr005.E.segs.xml#id(Bmr005.segment.1,144)"/>
      <nite:child href="Bmr005.A.segs.xml#id(Bmr005.segment.1,145)"/>
      <nite:child href="Bmr005.B.segs.xml#id(Bmr005.segment.1,146)..id(Bmr005.segment.1,147)"/>
      <nite:child href="Bmr005.G.segs.xml#id(Bmr005.segment.1,148)..id(Bmr005.segment.1,149)"/>
      <nite:child href="Bmr005.A.segs.xml#id(Bmr005.segment.1,150)"/>
      <nite:child href="Bmr005.D.segs.xml#id(Bmr005.segment.1,151)"/>
      <nite:child href="Bmr005.G.segs.xml#id(Bmr005.segment.1,152)"/>
      <nite:child href="Bmr005.C.segs.xml#id(Bmr005.segment.1,153)"/>
      <nite:child href="Bmr005.A.segs.xml#id(Bmr005.segment.1,154)"/>
      <nite:child href="Bmr005.F.segs.xml#id(Bmr005.segment.1,155)"/>
      <nite:child href="Bmr005.E.segs.xml#id(Bmr005.segment.1,156)"/>
      <nite:child href="Bmr005.D.segs.xml#id(Bmr005.segment.1,157)"/>
      <nite:child href="Bmr005.G.segs.xml#id(Bmr005.segment.1,158)"/>
      <nite:child href="Bmr005.C.segs.xml#id(Bmr005.segment.1,159)"/>
      <nite:child href="Bmr005.A.segs.xml#id(Bmr005.segment.1,160)"/>
      <nite:child href="Bmr005.E.segs.xml#id(Bmr005.segment.1,161)"/>
      <nite:child href="Bmr005.F.segs.xml#id(Bmr005.segment.1,162)"/>
      <nite:child href="Bmr005.G.segs.xml#id(Bmr005.segment.1,163)"/>
      <nite:child href="Bmr005.C.segs.xml#id(Bmr005.segment.1,164)"/>
      <nite:child href="Bmr005.D.segs.xml#id(Bmr005.segment.1,165)"/>
      <nite:child href="Bmr005.A.segs.xml#id(Bmr005.segment.1,166)"/>
      <nite:child href="Bmr005.F.segs.xml#id(Bmr005.segment.1,167)..id(Bmr005.segment.1,170)"/>
      <nite:child href="Bmr005.G.segs.xml#id(Bmr005.segment.1,168)"/>
      <nite:child href="Bmr005.D.segs.xml#id(Bmr005.segment.1,169)"/>
      <nite:child href="Bmr005.E.segs.xml#id(Bmr005.segment.1,171)..id(Bmr005.segment.1,173)"/>
      <nite:child href="Bmr005.D.segs.xml#id(Bmr005.segment.1,174)"/>
      <nite:child href="Bmr005.E.segs.xml#id(Bmr005.segment.1,175)"/>
      <nite:child href="Bmr005.B.segs.xml#id(Bmr005.segment.1,176)"/>
      <nite:child href="Bmr005.F.segs.xml#id(Bmr005.segment.1,177)"/>
      <nite:child href="Bmr005.E.segs.xml#id(Bmr005.segment.1,178)"/>
      <nite:child href="Bmr005.D.segs.xml#id(Bmr005.segment.1,179)"/>
      <nite:child href="Bmr005.B.segs.xml#id(Bmr005.segment.1,180)..id(Bmr005.segment.1,182)"/>
      <nite:child href="Bmr005.G.segs.xml#id(Bmr005.segment.1,183)"/>
      <nite:child href="Bmr005.B.segs.xml#id(Bmr005.segment.1,184)"/>
      <nite:child href="Bmr005.D.segs.xml#id(Bmr005.segment.1,185)"/>
      <nite:child href="Bmr005.B.segs.xml#id(Bmr005.segment.1,186)"/>
      <nite:child href="Bmr005.D.segs.xml#id(Bmr005.segment.1,187)..id(Bmr005.segment.1,188)"/>
      <nite:child href="Bmr005.B.segs.xml#id(Bmr005.segment.1,189)"/>
      <nite:child href="Bmr005.E.segs.xml#id(Bmr005.segment.1,190)"/>
      <nite:child href="Bmr005.D.segs.xml#id(Bmr005.segment.1,191)..id(Bmr005.segment.1,192)"/>
      <nite:child href="Bmr005.B.segs.xml#id(Bmr005.segment.1,193)"/>
      <nite:child href="Bmr005.G.segs.xml#id(Bmr005.segment.1,194)"/>
      <nite:child href="Bmr005.D.segs.xml#id(Bmr005.segment.1,195)..id(Bmr005.segment.1,198)"/>
      <nite:child href="Bmr005.G.segs.xml#id(Bmr005.segment.1,199)"/>
      <nite:child href="Bmr005.D.segs.xml#id(Bmr005.segment.1,200)"/>
      <nite:child href="Bmr005.G.segs.xml#id(Bmr005.segment.1,201)"/>
      <nite:child href="Bmr005.D.segs.xml#id(Bmr005.segment.1,202)"/>
      <nite:child href="Bmr005.G.segs.xml#id(Bmr005.segment.1,203)"/>
      <nite:child href="Bmr005.B.segs.xml#id(Bmr005.segment.1,204)"/>
      <nite:child href="Bmr005.D.segs.xml#id(Bmr005.segment.1,205)..id(Bmr005.segment.1,206)"/>
      <nite:child href="Bmr005.B.segs.xml#id(Bmr005.segment.1,207)"/>
      <nite:child href="Bmr005.D.segs.xml#id(Bmr005.segment.1,208)..id(Bmr005.segment.1,209)"/>
      <nite:child href="Bmr005.G.segs.xml#id(Bmr005.segment.1,210)"/>
   </topic>
   <topic nite:id="Bmr005.topic.12" description="status of data collection, transcriptions">
      <nite:child href="Bmr005.E.segs.xml#id(Bmr005.segment.1,211)"/>
      <nite:child href="Bmr005.D.segs.xml#id(Bmr005.segment.1,212)"/>
      <nite:child href="Bmr005.E.segs.xml#id(Bmr005.segment.1,213)"/>
      <nite:child href="Bmr005.C.segs.xml#id(Bmr005.segment.1,214)..id(Bmr005.segment.1,217)"/>
      <nite:child href="Bmr005.E.segs.xml#id(Bmr005.segment.1,218)"/>
      <nite:child href="Bmr005.C.segs.xml#id(Bmr005.segment.1,219)"/>
      <nite:child href="Bmr005.E.segs.xml#id(Bmr005.segment.1,220)..id(Bmr005.segment.1,221)"/>
      <nite:child href="Bmr005.F.segs.xml#id(Bmr005.segment.1,222)"/>
      <nite:child href="Bmr005.E.segs.xml#id(Bmr005.segment.1,223)"/>
      <nite:child href="Bmr005.F.segs.xml#id(Bmr005.segment.1,224)"/>
      <nite:child href="Bmr005.E.segs.xml#id(Bmr005.segment.1,225)..id(Bmr005.segment.1,227)"/>
      <nite:child href="Bmr005.C.segs.xml#id(Bmr005.segment.1,228)"/>
      <nite:child href="Bmr005.G.segs.xml#id(Bmr005.segment.1,229)"/>
      <nite:child href="Bmr005.E.segs.xml#id(Bmr005.segment.1,230)"/>
      <nite:child href="Bmr005.G.segs.xml#id(Bmr005.segment.1,231)"/>
      <nite:child href="Bmr005.C.segs.xml#id(Bmr005.segment.1,232)"/>
      <nite:child href="Bmr005.A.segs.xml#id(Bmr005.segment.1,233)"/>
      <nite:child href="Bmr005.C.segs.xml#id(Bmr005.segment.1,234)"/>
      <nite:child href="Bmr005.G.segs.xml#id(Bmr005.segment.1,236)"/>
      <nite:child href="Bmr005.E.segs.xml#id(Bmr005.segment.1,235)..id(Bmr005.segment.1,237)"/>
      <nite:child href="Bmr005.C.segs.xml#id(Bmr005.segment.1,238)..id(Bmr005.segment.1,243)"/>
      <nite:child href="Bmr005.E.segs.xml#id(Bmr005.segment.1,239)"/>
      <nite:child href="Bmr005.A.segs.xml#id(Bmr005.segment.1,240)"/>
      <nite:child href="Bmr005.E.segs.xml#id(Bmr005.segment.1,241)"/>
      <nite:child href="Bmr005.G.segs.xml#id(Bmr005.segment.1,242)"/>
      <nite:child href="Bmr005.C.segs.xml#id(Bmr005.segment.1,244)"/>
      <nite:child href="Bmr005.E.segs.xml#id(Bmr005.segment.1,245)"/>
      <nite:child href="Bmr005.G.segs.xml#id(Bmr005.segment.1,246)"/>
      <nite:child href="Bmr005.E.segs.xml#id(Bmr005.segment.1,247)"/>
      <nite:child href="Bmr005.A.segs.xml#id(Bmr005.segment.1,248)"/>
      <nite:child href="Bmr005.C.segs.xml#id(Bmr005.segment.1,249)"/>
      <nite:child href="Bmr005.E.segs.xml#id(Bmr005.segment.1,250)"/>
      <nite:child href="Bmr005.G.segs.xml#id(Bmr005.segment.1,251)"/>
      <nite:child href="Bmr005.C.segs.xml#id(Bmr005.segment.1,252)"/>
      <nite:child href="Bmr005.E.segs.xml#id(Bmr005.segment.1,253)..id(Bmr005.segment.1,256)"/>
      <nite:child href="Bmr005.C.segs.xml#id(Bmr005.segment.1,257)"/>
      <nite:child href="Bmr005.E.segs.xml#id(Bmr005.segment.1,258)..id(Bmr005.segment.1,264)"/>
      <nite:child href="Bmr005.C.segs.xml#id(Bmr005.segment.1,266)"/>
      <nite:child href="Bmr005.G.segs.xml#id(Bmr005.segment.1,267)"/>
      <nite:child href="Bmr005.C.segs.xml#id(Bmr005.segment.1,268)"/>
      <nite:child href="Bmr005.E.segs.xml#id(Bmr005.segment.1,269)"/>
      <nite:child href="Bmr005.C.segs.xml#id(Bmr005.segment.1,270)"/>
      <nite:child href="Bmr005.E.segs.xml#id(Bmr005.segment.1,271)"/>
      <nite:child href="Bmr005.G.segs.xml#id(Bmr005.segment.1,272)..id(Bmr005.segment.1,273)"/>
      <nite:child href="Bmr005.C.segs.xml#id(Bmr005.segment.1,274)"/>
      <nite:child href="Bmr005.E.segs.xml#id(Bmr005.segment.1,275)"/>
      <nite:child href="Bmr005.F.segs.xml#id(Bmr005.segment.1,276)"/>
      <nite:child href="Bmr005.E.segs.xml#id(Bmr005.segment.1,277)..id(Bmr005.segment.1,279)"/>
      <nite:child href="Bmr005.G.segs.xml#id(Bmr005.segment.1,280)"/>
      <nite:child href="Bmr005.E.segs.xml#id(Bmr005.segment.1,281)"/>
      <nite:child href="Bmr005.C.segs.xml#id(Bmr005.segment.1,282)"/>
      <nite:child href="Bmr005.E.segs.xml#id(Bmr005.segment.1,283)"/>
      <nite:child href="Bmr005.A.segs.xml#id(Bmr005.segment.1,284)"/>
      <nite:child href="Bmr005.G.segs.xml#id(Bmr005.segment.1,285)"/>
      <nite:child href="Bmr005.E.segs.xml#id(Bmr005.segment.1,286)"/>
      <nite:child href="Bmr005.G.segs.xml#id(Bmr005.segment.1,287)"/>
      <nite:child href="Bmr005.C.segs.xml#id(Bmr005.segment.1,288)"/>
      <nite:child href="Bmr005.E.segs.xml#id(Bmr005.segment.1,289)"/>
      <nite:child href="Bmr005.G.segs.xml#id(Bmr005.segment.1,290)..id(Bmr005.segment.1,292)"/>
      <nite:child href="Bmr005.E.segs.xml#id(Bmr005.segment.1,293)"/>
      <nite:child href="Bmr005.G.segs.xml#id(Bmr005.segment.1,294)"/>
      <nite:child href="Bmr005.E.segs.xml#id(Bmr005.segment.1,295)"/>
      <nite:child href="Bmr005.F.segs.xml#id(Bmr005.segment.1,297)"/>
      <nite:child href="Bmr005.G.segs.xml#id(Bmr005.segment.1,296)"/>
      <nite:child href="Bmr005.E.segs.xml#id(Bmr005.segment.1,298)"/>
      <nite:child href="Bmr005.G.segs.xml#id(Bmr005.segment.1,299)"/>
      <nite:child href="Bmr005.F.segs.xml#id(Bmr005.segment.1,301)"/>
      <nite:child href="Bmr005.G.segs.xml#id(Bmr005.segment.1,300)..id(Bmr005.segment.1,302)"/>
      <nite:child href="Bmr005.F.segs.xml#id(Bmr005.segment.1,303)"/>
      <nite:child href="Bmr005.G.segs.xml#id(Bmr005.segment.1,304)"/>
      <nite:child href="Bmr005.F.segs.xml#id(Bmr005.segment.1,305)"/>
      <nite:child href="Bmr005.G.segs.xml#id(Bmr005.segment.1,306)..id(Bmr005.segment.1,308)"/>
      <nite:child href="Bmr005.C.segs.xml#id(Bmr005.segment.1,309)"/>
      <nite:child href="Bmr005.G.segs.xml#id(Bmr005.segment.1,310)"/>
      <nite:child href="Bmr005.F.segs.xml#id(Bmr005.segment.1,311)"/>
      <nite:child href="Bmr005.E.segs.xml#id(Bmr005.segment.1,312)"/>
      <topic nite:id="Bmr005.topic.13" description="blocking echo cancellation">
         <nite:child href="Bmr005.E.segs.xml#id(Bmr005.segment.1,313)"/>
         <nite:child href="Bmr005.G.segs.xml#id(Bmr005.segment.1,314)"/>
         <nite:child href="Bmr005.E.segs.xml#id(Bmr005.segment.1,315)"/>
         <nite:child href="Bmr005.F.segs.xml#id(Bmr005.segment.1,316)"/>
         <nite:child href="Bmr005.E.segs.xml#id(Bmr005.segment.1,317)..id(Bmr005.segment.1,318)"/>
         <nite:child href="Bmr005.F.segs.xml#id(Bmr005.segment.1,319)"/>
         <nite:child href="Bmr005.E.segs.xml#id(Bmr005.segment.1,320)..id(Bmr005.segment.1,322)"/>
         <nite:child href="Bmr005.F.segs.xml#id(Bmr005.segment.1,323)"/>
         <nite:child href="Bmr005.E.segs.xml#id(Bmr005.segment.1,324)..id(Bmr005.segment.1,325)"/>
         <nite:child href="Bmr005.F.segs.xml#id(Bmr005.segment.1,326)"/>
         <nite:child href="Bmr005.E.segs.xml#id(Bmr005.segment.1,327)..id(Bmr005.segment.1,330)"/>
         <nite:child href="Bmr005.C.segs.xml#id(Bmr005.segment.1,331)"/>
         <nite:child href="Bmr005.E.segs.xml#id(Bmr005.segment.1,332)"/>
         <nite:child href="Bmr005.D.segs.xml#id(Bmr005.segment.1,333)"/>
         <nite:child href="Bmr005.E.segs.xml#id(Bmr005.segment.1,334)..id(Bmr005.segment.1,335)"/>
         <nite:child href="Bmr005.F.segs.xml#id(Bmr005.segment.1,336)"/>
         <nite:child href="Bmr005.E.segs.xml#id(Bmr005.segment.1,337)..id(Bmr005.segment.1,340)"/>
         <nite:child href="Bmr005.A.segs.xml#id(Bmr005.segment.1,341)"/>
         <nite:child href="Bmr005.F.segs.xml#id(Bmr005.segment.1,342)"/>
         <nite:child href="Bmr005.A.segs.xml#id(Bmr005.segment.1,343)"/>
         <nite:child href="Bmr005.E.segs.xml#id(Bmr005.segment.1,344)..id(Bmr005.segment.1,345)"/>
         <nite:child href="Bmr005.F.segs.xml#id(Bmr005.segment.1,346)"/>
         <nite:child href="Bmr005.E.segs.xml#id(Bmr005.segment.1,347)"/>
         <nite:child href="Bmr005.F.segs.xml#id(Bmr005.segment.1,348)"/>
         <nite:child href="Bmr005.E.segs.xml#id(Bmr005.segment.1,349)..id(Bmr005.segment.1,350)"/>
         <nite:child href="Bmr005.F.segs.xml#id(Bmr005.segment.1,351)..id(Bmr005.segment.1,353)"/>
         <nite:child href="Bmr005.E.segs.xml#id(Bmr005.segment.1,352)..id(Bmr005.segment.1,355)"/>
         <nite:child href="Bmr005.H.segs.xml#id(Bmr005.segment.1,356)"/>
         <nite:child href="Bmr005.E.segs.xml#id(Bmr005.segment.1,357)..id(Bmr005.segment.1,366)"/>
         <nite:child href="Bmr005.A.segs.xml#id(Bmr005.segment.1,367)..id(Bmr005.segment.1,369)"/>
         <nite:child href="Bmr005.E.segs.xml#id(Bmr005.segment.1,370)..id(Bmr005.segment.1,387)"/>
         <nite:child href="Bmr005.A.segs.xml#id(Bmr005.segment.1,388)"/>
         <nite:child href="Bmr005.E.segs.xml#id(Bmr005.segment.1,389)..id(Bmr005.segment.1,393)"/>
         <nite:child href="Bmr005.A.segs.xml#id(Bmr005.segment.1,394)..id(Bmr005.segment.1,398)"/>
         <nite:child href="Bmr005.E.segs.xml#id(Bmr005.segment.1,399)"/>
         <nite:child href="Bmr005.A.segs.xml#id(Bmr005.segment.1,400)"/>
         <nite:child href="Bmr005.E.segs.xml#id(Bmr005.segment.1,401)"/>
         <nite:child href="Bmr005.C.segs.xml#id(Bmr005.segment.1,402)"/>
         <nite:child href="Bmr005.E.segs.xml#id(Bmr005.segment.1,403)..id(Bmr005.segment.1,404)"/>
         <nite:child href="Bmr005.C.segs.xml#id(Bmr005.segment.1,405)"/>
         <nite:child href="Bmr005.A.segs.xml#id(Bmr005.segment.1,406)"/>
         <nite:child href="Bmr005.E.segs.xml#id(Bmr005.segment.1,407)..id(Bmr005.segment.1,408)"/>
         <nite:child href="Bmr005.C.segs.xml#id(Bmr005.segment.1,409)"/>
         <nite:child href="Bmr005.E.segs.xml#id(Bmr005.segment.1,410)"/>
         <nite:child href="Bmr005.B.segs.xml#id(Bmr005.segment.1,411)"/>
         <nite:child href="Bmr005.E.segs.xml#id(Bmr005.segment.1,412)..id(Bmr005.segment.1,444)"/>
      </topic>
      <topic nite:id="Bmr005.topic.14" description="subject consent forms">
         <nite:child href="Bmr005.E.segs.xml#id(Bmr005.segment.1,445)..id(Bmr005.segment.1,449)"/>
         <nite:child href="Bmr005.B.segs.xml#id(Bmr005.segment.1,450)..id(Bmr005.segment.1,454)"/>
         <nite:child href="Bmr005.E.segs.xml#id(Bmr005.segment.1,455)..id(Bmr005.segment.1,456)"/>
      </topic>
      <topic nite:id="Bmr005.topic.15" description="ideas, timing issues for future data collection">
         <nite:child href="Bmr005.E.segs.xml#id(Bmr005.segment.1,457)..id(Bmr005.segment.1,461)"/>
         <nite:child href="Bmr005.C.segs.xml#id(Bmr005.segment.1,462)..id(Bmr005.segment.1,463)"/>
         <nite:child href="Bmr005.E.segs.xml#id(Bmr005.segment.1,464)"/>
         <nite:child href="Bmr005.C.segs.xml#id(Bmr005.segment.1,465)"/>
         <nite:child href="Bmr005.E.segs.xml#id(Bmr005.segment.1,466)"/>
         <nite:child href="Bmr005.A.segs.xml#id(Bmr005.segment.1,467)..id(Bmr005.segment.1,468)"/>
         <nite:child href="Bmr005.C.segs.xml#id(Bmr005.segment.1,469)"/>
         <nite:child href="Bmr005.E.segs.xml#id(Bmr005.segment.1,470)"/>
         <nite:child href="Bmr005.C.segs.xml#id(Bmr005.segment.1,471)..id(Bmr005.segment.1,475)"/>
         <nite:child href="Bmr005.G.segs.xml#id(Bmr005.segment.1,476)"/>
         <nite:child href="Bmr005.C.segs.xml#id(Bmr005.segment.1,477)..id(Bmr005.segment.1,482)"/>
         <nite:child href="Bmr005.E.segs.xml#id(Bmr005.segment.1,483)..id(Bmr005.segment.1,485)"/>
         <nite:child href="Bmr005.C.segs.xml#id(Bmr005.segment.1,486)..id(Bmr005.segment.1,487)"/>
         <nite:child href="Bmr005.E.segs.xml#id(Bmr005.segment.1,488)"/>
         <nite:child href="Bmr005.C.segs.xml#id(Bmr005.segment.1,489)..id(Bmr005.segment.1,490)"/>
         <nite:child href="Bmr005.G.segs.xml#id(Bmr005.segment.1,491)"/>
         <nite:child href="Bmr005.E.segs.xml#id(Bmr005.segment.1,492)"/>
         <nite:child href="Bmr005.C.segs.xml#id(Bmr005.segment.1,493)"/>
         <nite:child href="Bmr005.G.segs.xml#id(Bmr005.segment.1,494)..id(Bmr005.segment.1,495)"/>
         <nite:child href="Bmr005.C.segs.xml#id(Bmr005.segment.1,496)"/>
         <nite:child href="Bmr005.G.segs.xml#id(Bmr005.segment.1,497)"/>
         <nite:child href="Bmr005.E.segs.xml#id(Bmr005.segment.1,498)"/>
         <nite:child href="Bmr005.B.segs.xml#id(Bmr005.segment.1,499)"/>
         <nite:child href="Bmr005.C.segs.xml#id(Bmr005.segment.1,500)"/>
         <nite:child href="Bmr005.E.segs.xml#id(Bmr005.segment.1,501)"/>
         <nite:child href="Bmr005.G.segs.xml#id(Bmr005.segment.1,502)"/>
         <nite:child href="Bmr005.B.segs.xml#id(Bmr005.segment.1,503)"/>
         <nite:child href="Bmr005.E.segs.xml#id(Bmr005.segment.1,504)..id(Bmr005.segment.1,509)"/>
         <nite:child href="Bmr005.C.segs.xml#id(Bmr005.segment.1,510)"/>
         <nite:child href="Bmr005.E.segs.xml#id(Bmr005.segment.1,511)"/>
         <nite:child href="Bmr005.C.segs.xml#id(Bmr005.segment.1,512)"/>
         <nite:child href="Bmr005.E.segs.xml#id(Bmr005.segment.1,513)..id(Bmr005.segment.1,516)"/>
         <nite:child href="Bmr005.C.segs.xml#id(Bmr005.segment.1,517)"/>
         <nite:child href="Bmr005.E.segs.xml#id(Bmr005.segment.1,518)"/>
         <nite:child href="Bmr005.C.segs.xml#id(Bmr005.segment.1,519)"/>
         <nite:child href="Bmr005.E.segs.xml#id(Bmr005.segment.1,520)"/>
         <nite:child href="Bmr005.C.segs.xml#id(Bmr005.segment.1,521)"/>
         <nite:child href="Bmr005.E.segs.xml#id(Bmr005.segment.1,522)..id(Bmr005.segment.1,523)"/>
         <nite:child href="Bmr005.C.segs.xml#id(Bmr005.segment.1,524)"/>
         <nite:child href="Bmr005.E.segs.xml#id(Bmr005.segment.1,525)"/>
         <nite:child href="Bmr005.C.segs.xml#id(Bmr005.segment.1,526)"/>
         <nite:child href="Bmr005.E.segs.xml#id(Bmr005.segment.1,527)..id(Bmr005.segment.1,531)"/>
         <nite:child href="Bmr005.G.segs.xml#id(Bmr005.segment.1,532)"/>
         <nite:child href="Bmr005.E.segs.xml#id(Bmr005.segment.1,533)"/>
         <nite:child href="Bmr005.B.segs.xml#id(Bmr005.segment.1,534)"/>
         <nite:child href="Bmr005.C.segs.xml#id(Bmr005.segment.1,535)"/>
         <nite:child href="Bmr005.G.segs.xml#id(Bmr005.segment.1,536)"/>
         <nite:child href="Bmr005.E.segs.xml#id(Bmr005.segment.1,537)"/>
         <nite:child href="Bmr005.C.segs.xml#id(Bmr005.segment.1,538)"/>
         <nite:child href="Bmr005.E.segs.xml#id(Bmr005.segment.1,539)"/>
         <nite:child href="Bmr005.C.segs.xml#id(Bmr005.segment.1,540)"/>
         <nite:child href="Bmr005.E.segs.xml#id(Bmr005.segment.1,541)..id(Bmr005.segment.1,546)"/>
         <nite:child href="Bmr005.C.segs.xml#id(Bmr005.segment.1,547)"/>
         <nite:child href="Bmr005.E.segs.xml#id(Bmr005.segment.1,548)..id(Bmr005.segment.1,551)"/>
         <nite:child href="Bmr005.C.segs.xml#id(Bmr005.segment.1,552)"/>
         <nite:child href="Bmr005.E.segs.xml#id(Bmr005.segment.1,553)..id(Bmr005.segment.1,558)"/>
         <nite:child href="Bmr005.C.segs.xml#id(Bmr005.segment.1,559)..id(Bmr005.segment.1,562)"/>
         <nite:child href="Bmr005.E.segs.xml#id(Bmr005.segment.1,563)"/>
         <nite:child href="Bmr005.C.segs.xml#id(Bmr005.segment.1,564)..id(Bmr005.segment.1,565)"/>
         <nite:child href="Bmr005.E.segs.xml#id(Bmr005.segment.1,566)"/>
         <nite:child href="Bmr005.G.segs.xml#id(Bmr005.segment.1,567)"/>
         <nite:child href="Bmr005.E.segs.xml#id(Bmr005.segment.1,568)"/>
         <nite:child href="Bmr005.C.segs.xml#id(Bmr005.segment.1,569)..id(Bmr005.segment.1,570)"/>
         <nite:child href="Bmr005.E.segs.xml#id(Bmr005.segment.1,571)"/>
         <nite:child href="Bmr005.C.segs.xml#id(Bmr005.segment.1,572)..id(Bmr005.segment.1,573)"/>
         <nite:child href="Bmr005.G.segs.xml#id(Bmr005.segment.1,574)"/>
         <nite:child href="Bmr005.C.segs.xml#id(Bmr005.segment.1,575)"/>
         <nite:child href="Bmr005.E.segs.xml#id(Bmr005.segment.1,576)"/>
         <nite:child href="Bmr005.C.segs.xml#id(Bmr005.segment.1,577)..id(Bmr005.segment.1,578)"/>
         <nite:child href="Bmr005.G.segs.xml#id(Bmr005.segment.1,579)"/>
         <nite:child href="Bmr005.E.segs.xml#id(Bmr005.segment.1,580)..id(Bmr005.segment.1,586)"/>
         <nite:child href="Bmr005.G.segs.xml#id(Bmr005.segment.1,587)"/>
         <nite:child href="Bmr005.C.segs.xml#id(Bmr005.segment.1,588)"/>
         <nite:child href="Bmr005.E.segs.xml#id(Bmr005.segment.1,589)"/>
         <nite:child href="Bmr005.G.segs.xml#id(Bmr005.segment.1,590)..id(Bmr005.segment.1,591)"/>
         <nite:child href="Bmr005.C.segs.xml#id(Bmr005.segment.1,592)"/>
         <nite:child href="Bmr005.E.segs.xml#id(Bmr005.segment.1,593)"/>
         <nite:child href="Bmr005.B.segs.xml#id(Bmr005.segment.1,594)"/>
         <nite:child href="Bmr005.G.segs.xml#id(Bmr005.segment.1,595)"/>
         <nite:child href="Bmr005.B.segs.xml#id(Bmr005.segment.1,596)"/>
         <nite:child href="Bmr005.C.segs.xml#id(Bmr005.segment.1,597)"/>
         <nite:child href="Bmr005.E.segs.xml#id(Bmr005.segment.1,598)"/>
         <nite:child href="Bmr005.B.segs.xml#id(Bmr005.segment.1,599)"/>
         <nite:child href="Bmr005.C.segs.xml#id(Bmr005.segment.1,600)"/>
         <nite:child href="Bmr005.B.segs.xml#id(Bmr005.segment.1,601)..id(Bmr005.segment.1,602)"/>
         <nite:child href="Bmr005.E.segs.xml#id(Bmr005.segment.1,603)..id(Bmr005.segment.1,604)"/>
         <nite:child href="Bmr005.G.segs.xml#id(Bmr005.segment.1,605)"/>
         <nite:child href="Bmr005.E.segs.xml#id(Bmr005.segment.1,606)"/>
         <nite:child href="Bmr005.C.segs.xml#id(Bmr005.segment.1,607)"/>
         <nite:child href="Bmr005.G.segs.xml#id(Bmr005.segment.1,608)"/>
         <nite:child href="Bmr005.C.segs.xml#id(Bmr005.segment.1,610)"/>
         <nite:child href="Bmr005.B.segs.xml#id(Bmr005.segment.1,609)"/>
         <nite:child href="Bmr005.C.segs.xml#id(Bmr005.segment.1,611)"/>
         <nite:child href="Bmr005.G.segs.xml#id(Bmr005.segment.1,612)"/>
         <nite:child href="Bmr005.C.segs.xml#id(Bmr005.segment.1,613)..id(Bmr005.segment.1,620)"/>
         <nite:child href="Bmr005.G.segs.xml#id(Bmr005.segment.1,622)"/>
         <nite:child href="Bmr005.B.segs.xml#id(Bmr005.segment.1,621)"/>
         <nite:child href="Bmr005.C.segs.xml#id(Bmr005.segment.1,623)"/>
         <nite:child href="Bmr005.A.segs.xml#id(Bmr005.segment.1,624)..id(Bmr005.segment.1,628)"/>
         <nite:child href="Bmr005.C.segs.xml#id(Bmr005.segment.1,629)..id(Bmr005.segment.1,630)"/>
         <nite:child href="Bmr005.A.segs.xml#id(Bmr005.segment.1,631)"/>
         <nite:child href="Bmr005.C.segs.xml#id(Bmr005.segment.1,632)"/>
         <nite:child href="Bmr005.E.segs.xml#id(Bmr005.segment.1,633)"/>
         <nite:child href="Bmr005.G.segs.xml#id(Bmr005.segment.1,634)"/>
         <nite:child href="Bmr005.C.segs.xml#id(Bmr005.segment.1,635)"/>
         <nite:child href="Bmr005.A.segs.xml#id(Bmr005.segment.1,636)"/>
         <nite:child href="Bmr005.E.segs.xml#id(Bmr005.segment.1,637)"/>
         <nite:child href="Bmr005.B.segs.xml#id(Bmr005.segment.1,638)"/>
         <nite:child href="Bmr005.C.segs.xml#id(Bmr005.segment.1,639)"/>
         <nite:child href="Bmr005.E.segs.xml#id(Bmr005.segment.1,640)"/>
         <nite:child href="Bmr005.C.segs.xml#id(Bmr005.segment.1,641)"/>
         <nite:child href="Bmr005.E.segs.xml#id(Bmr005.segment.1,642)..id(Bmr005.segment.1,645)"/>
         <nite:child href="Bmr005.G.segs.xml#id(Bmr005.segment.1,646)..id(Bmr005.segment.1,647)"/>
         <nite:child href="Bmr005.E.segs.xml#id(Bmr005.segment.1,648)..id(Bmr005.segment.1,650)"/>
         <nite:child href="Bmr005.G.segs.xml#id(Bmr005.segment.1,651)"/>
         <nite:child href="Bmr005.E.segs.xml#id(Bmr005.segment.1,652)..id(Bmr005.segment.1,653)"/>
         <nite:child href="Bmr005.G.segs.xml#id(Bmr005.segment.1,654)..id(Bmr005.segment.1,655)"/>
         <nite:child href="Bmr005.E.segs.xml#id(Bmr005.segment.1,656)"/>
         <nite:child href="Bmr005.G.segs.xml#id(Bmr005.segment.1,657)"/>
         <nite:child href="Bmr005.A.segs.xml#id(Bmr005.segment.1,658)"/>
         <nite:child href="Bmr005.G.segs.xml#id(Bmr005.segment.1,659)"/>
         <nite:child href="Bmr005.D.segs.xml#id(Bmr005.segment.1,660)"/>
         <nite:child href="Bmr005.E.segs.xml#id(Bmr005.segment.1,661)..id(Bmr005.segment.1,663)"/>
         <nite:child href="Bmr005.C.segs.xml#id(Bmr005.segment.1,664)"/>
         <nite:child href="Bmr005.E.segs.xml#id(Bmr005.segment.1,665)"/>
         <nite:child href="Bmr005.A.segs.xml#id(Bmr005.segment.1,666)"/>
         <nite:child href="Bmr005.G.segs.xml#id(Bmr005.segment.1,667)"/>
         <nite:child href="Bmr005.C.segs.xml#id(Bmr005.segment.1,668)"/>
         <nite:child href="Bmr005.E.segs.xml#id(Bmr005.segment.1,669)..id(Bmr005.segment.1,673)"/>
         <nite:child href="Bmr005.G.segs.xml#id(Bmr005.segment.1,674)"/>
         <nite:child href="Bmr005.C.segs.xml#id(Bmr005.segment.1,675)"/>
         <nite:child href="Bmr005.E.segs.xml#id(Bmr005.segment.1,677)"/>
         <nite:child href="Bmr005.C.segs.xml#id(Bmr005.segment.1,676)"/>
         <nite:child href="Bmr005.G.segs.xml#id(Bmr005.segment.1,678)"/>
         <nite:child href="Bmr005.C.segs.xml#id(Bmr005.segment.1,679)..id(Bmr005.segment.1,681)"/>
         <nite:child href="Bmr005.E.segs.xml#id(Bmr005.segment.1,682)"/>
         <nite:child href="Bmr005.C.segs.xml#id(Bmr005.segment.1,683)"/>
         <nite:child href="Bmr005.E.segs.xml#id(Bmr005.segment.1,684)"/>
         <nite:child href="Bmr005.C.segs.xml#id(Bmr005.segment.1,685)"/>
         <nite:child href="Bmr005.G.segs.xml#id(Bmr005.segment.1,686)"/>
         <nite:child href="Bmr005.C.segs.xml#id(Bmr005.segment.1,687)"/>
         <nite:child href="Bmr005.G.segs.xml#id(Bmr005.segment.1,688)"/>
         <nite:child href="Bmr005.C.segs.xml#id(Bmr005.segment.1,689)"/>
         <nite:child href="Bmr005.G.segs.xml#id(Bmr005.segment.1,690)"/>
         <nite:child href="Bmr005.D.segs.xml#id(Bmr005.segment.1,691)"/>
         <nite:child href="Bmr005.C.segs.xml#id(Bmr005.segment.1,692)..id(Bmr005.segment.1,694)"/>
         <nite:child href="Bmr005.G.segs.xml#id(Bmr005.segment.1,695)"/>
         <nite:child href="Bmr005.C.segs.xml#id(Bmr005.segment.1,696)..id(Bmr005.segment.1,697)"/>
         <nite:child href="Bmr005.G.segs.xml#id(Bmr005.segment.1,698)"/>
         <nite:child href="Bmr005.C.segs.xml#id(Bmr005.segment.1,699)"/>
         <nite:child href="Bmr005.E.segs.xml#id(Bmr005.segment.1,700)..id(Bmr005.segment.1,704)"/>
         <nite:child href="Bmr005.C.segs.xml#id(Bmr005.segment.1,705)..id(Bmr005.segment.1,706)"/>
         <nite:child href="Bmr005.E.segs.xml#id(Bmr005.segment.1,707)..id(Bmr005.segment.1,709)"/>
         <nite:child href="Bmr005.G.segs.xml#id(Bmr005.segment.1,710)"/>
         <nite:child href="Bmr005.A.segs.xml#id(Bmr005.segment.1,711)"/>
         <nite:child href="Bmr005.E.segs.xml#id(Bmr005.segment.1,712)..id(Bmr005.segment.1,720)"/>
         <nite:child href="Bmr005.C.segs.xml#id(Bmr005.segment.1,722)"/>
         <nite:child href="Bmr005.G.segs.xml#id(Bmr005.segment.1,721)"/>
         <nite:child href="Bmr005.C.segs.xml#id(Bmr005.segment.1,723)..id(Bmr005.segment.1,725)"/>
         <nite:child href="Bmr005.B.segs.xml#id(Bmr005.segment.1,726)"/>
         <nite:child href="Bmr005.C.segs.xml#id(Bmr005.segment.1,727)"/>
         <nite:child href="Bmr005.B.segs.xml#id(Bmr005.segment.1,728)..id(Bmr005.segment.1,732)"/>
         <nite:child href="Bmr005.C.segs.xml#id(Bmr005.segment.1,733)"/>
         <nite:child href="Bmr005.B.segs.xml#id(Bmr005.segment.1,734)"/>
         <nite:child href="Bmr005.A.segs.xml#id(Bmr005.segment.1,735)"/>
         <nite:child href="Bmr005.G.segs.xml#id(Bmr005.segment.1,736)"/>
         <nite:child href="Bmr005.B.segs.xml#id(Bmr005.segment.1,737)"/>
         <nite:child href="Bmr005.A.segs.xml#id(Bmr005.segment.1,738)"/>
         <nite:child href="Bmr005.B.segs.xml#id(Bmr005.segment.1,739)"/>
         <nite:child href="Bmr005.A.segs.xml#id(Bmr005.segment.1,740)"/>
         <nite:child href="Bmr005.C.segs.xml#id(Bmr005.segment.1,741)"/>
         <nite:child href="Bmr005.A.segs.xml#id(Bmr005.segment.1,742)..id(Bmr005.segment.1,743)"/>
         <nite:child href="Bmr005.C.segs.xml#id(Bmr005.segment.1,744)"/>
         <nite:child href="Bmr005.G.segs.xml#id(Bmr005.segment.1,745)"/>
         <nite:child href="Bmr005.B.segs.xml#id(Bmr005.segment.1,746)"/>
         <nite:child href="Bmr005.A.segs.xml#id(Bmr005.segment.1,747)"/>
         <nite:child href="Bmr005.C.segs.xml#id(Bmr005.segment.1,748)"/>
         <nite:child href="Bmr005.G.segs.xml#id(Bmr005.segment.1,749)"/>
         <nite:child href="Bmr005.C.segs.xml#id(Bmr005.segment.1,750)"/>
         <nite:child href="Bmr005.G.segs.xml#id(Bmr005.segment.1,751)..id(Bmr005.segment.1,753)"/>
         <nite:child href="Bmr005.A.segs.xml#id(Bmr005.segment.1,754)"/>
         <nite:child href="Bmr005.E.segs.xml#id(Bmr005.segment.1,755)..id(Bmr005.segment.1,757)"/>
         <nite:child href="Bmr005.C.segs.xml#id(Bmr005.segment.1,758)"/>
         <nite:child href="Bmr005.A.segs.xml#id(Bmr005.segment.1,759)"/>
         <nite:child href="Bmr005.G.segs.xml#id(Bmr005.segment.1,760)"/>
         <nite:child href="Bmr005.C.segs.xml#id(Bmr005.segment.1,761)"/>
         <nite:child href="Bmr005.E.segs.xml#id(Bmr005.segment.1,762)..id(Bmr005.segment.1,766)"/>
         <nite:child href="Bmr005.C.segs.xml#id(Bmr005.segment.1,767)..id(Bmr005.segment.1,768)"/>
         <nite:child href="Bmr005.E.segs.xml#id(Bmr005.segment.1,769)"/>
         <nite:child href="Bmr005.C.segs.xml#id(Bmr005.segment.1,770)"/>
         <nite:child href="Bmr005.E.segs.xml#id(Bmr005.segment.1,771)"/>
         <nite:child href="Bmr005.C.segs.xml#id(Bmr005.segment.1,772)"/>
         <nite:child href="Bmr005.E.segs.xml#id(Bmr005.segment.1,773)..id(Bmr005.segment.1,774)"/>
         <nite:child href="Bmr005.C.segs.xml#id(Bmr005.segment.1,775)"/>
         <nite:child href="Bmr005.E.segs.xml#id(Bmr005.segment.1,776)..id(Bmr005.segment.1,777)"/>
         <nite:child href="Bmr005.C.segs.xml#id(Bmr005.segment.1,778)"/>
      </topic>
   </topic>
   <topic nite:id="Bmr005.topic.16" description="closing">
      <nite:child href="Bmr005.G.segs.xml#id(Bmr005.segment.1,779)"/>
      <nite:child href="Bmr005.C.segs.xml#id(Bmr005.segment.1,780)"/>
      <nite:child href="Bmr005.E.segs.xml#id(Bmr005.segment.1,781)"/>
      <nite:child href="Bmr005.C.segs.xml#id(Bmr005.segment.1,782)"/>
      <nite:child href="Bmr005.G.segs.xml#id(Bmr005.segment.1,783)"/>
      <nite:child href="Bmr005.E.segs.xml#id(Bmr005.segment.1,784)"/>
      <nite:child href="Bmr005.B.segs.xml#id(Bmr005.segment.1,785)"/>
      <nite:child href="Bmr005.D.segs.xml#id(Bmr005.segment.1,786)"/>
      <nite:child href="Bmr005.B.segs.xml#id(Bmr005.segment.1,787)"/>
      <nite:child href="Bmr005.E.segs.xml#id(Bmr005.segment.1,788)"/>
      <nite:child href="Bmr005.B.segs.xml#id(Bmr005.segment.1,789)"/>
      <nite:child href="Bmr005.E.segs.xml#id(Bmr005.segment.1,790)..id(Bmr005.segment.1,791)"/>
   </topic>
</nite:root>