<?xml version="1.0" encoding="ISO-8859-1" standalone="yes"?>
<nite:root nite:id="Bmr027.topic" xmlns:nite="http://nite.sourceforge.net/">
   <topic nite:id="Bmr027.topic.10" description="opening">
      <nite:child href="Bmr027.F.segs.xml#id(Bmr027.segment.1)"/>
      <nite:child href="Bmr027.C.segs.xml#id(Bmr027.segment.2)"/>
      <nite:child href="Bmr027.F.segs.xml#id(Bmr027.segment.3)"/>
      <nite:child href="Bmr027.E.segs.xml#id(Bmr027.segment.4)..id(Bmr027.segment.5)"/>
      <nite:child href="Bmr027.A.segs.xml#id(Bmr027.segment.6)"/>
      <nite:child href="Bmr027.C.segs.xml#id(Bmr027.segment.7)"/>
      <nite:child href="Bmr027.F.segs.xml#id(Bmr027.segment.9)"/>
      <nite:child href="Bmr027.C.segs.xml#id(Bmr027.segment.10)"/>
      <nite:child href="Bmr027.G.segs.xml#id(Bmr027.segment.11)..id(Bmr027.segment.12)"/>
      <nite:child href="Bmr027.B.segs.xml#id(Bmr027.segment.13)"/>
      <nite:child href="Bmr027.A.segs.xml#id(Bmr027.segment.14)"/>
      <nite:child href="Bmr027.D.segs.xml#id(Bmr027.segment.15)"/>
      <nite:child href="Bmr027.F.segs.xml#id(Bmr027.segment.16)"/>
      <nite:child href="Bmr027.G.segs.xml#id(Bmr027.segment.17)"/>
      <nite:child href="Bmr027.B.segs.xml#id(Bmr027.segment.18)"/>
      <nite:child href="Bmr027.C.segs.xml#id(Bmr027.segment.19)"/>
      <nite:child href="Bmr027.D.segs.xml#id(Bmr027.segment.20)"/>
      <nite:child href="Bmr027.A.segs.xml#id(Bmr027.segment.21)"/>
      <nite:child href="Bmr027.F.segs.xml#id(Bmr027.segment.22)"/>
      <nite:child href="Bmr027.B.segs.xml#id(Bmr027.segment.23)"/>
      <nite:child href="Bmr027.F.segs.xml#id(Bmr027.segment.24)..id(Bmr027.segment.25)"/>
      <nite:child href="Bmr027.B.segs.xml#id(Bmr027.segment.26)"/>
      <nite:child href="Bmr027.F.segs.xml#id(Bmr027.segment.27)"/>
      <nite:child href="Bmr027.B.segs.xml#id(Bmr027.segment.28)"/>
      <nite:child href="Bmr027.F.segs.xml#id(Bmr027.segment.29)"/>
      <nite:child href="Bmr027.B.segs.xml#id(Bmr027.segment.30)"/>
      <nite:child href="Bmr027.F.segs.xml#id(Bmr027.segment.31)"/>
   </topic>
   <topic nite:id="Bmr027.topic.11" description="agenda">
      <nite:child href="Bmr027.B.segs.xml#id(Bmr027.segment.32)"/>
      <nite:child href="Bmr027.F.segs.xml#id(Bmr027.segment.33)"/>
      <nite:child href="Bmr027.B.segs.xml#id(Bmr027.segment.37)"/>
      <nite:child href="Bmr027.D.segs.xml#id(Bmr027.segment.34)"/>
      <nite:child href="Bmr027.C.segs.xml#id(Bmr027.segment.35)"/>
      <nite:child href="Bmr027.F.segs.xml#id(Bmr027.segment.36)"/>
      <nite:child href="Bmr027.B.segs.xml#id(Bmr027.segment.38)..id(Bmr027.segment.39)"/>
      <nite:child href="Bmr027.F.segs.xml#id(Bmr027.segment.40)"/>
      <nite:child href="Bmr027.B.segs.xml#id(Bmr027.segment.41)"/>
      <nite:child href="Bmr027.F.segs.xml#id(Bmr027.segment.42)..id(Bmr027.segment.45)"/>
      <nite:child href="Bmr027.C.segs.xml#id(Bmr027.segment.46)"/>
      <nite:child href="Bmr027.B.segs.xml#id(Bmr027.segment.47)..id(Bmr027.segment.48)"/>
      <nite:child href="Bmr027.F.segs.xml#id(Bmr027.segment.49)"/>
      <nite:child href="Bmr027.B.segs.xml#id(Bmr027.segment.50)"/>
      <nite:child href="Bmr027.F.segs.xml#id(Bmr027.segment.51)..id(Bmr027.segment.52)"/>
      <nite:child href="Bmr027.B.segs.xml#id(Bmr027.segment.53)"/>
      <nite:child href="Bmr027.F.segs.xml#id(Bmr027.segment.55)"/>
      <nite:child href="Bmr027.C.segs.xml#id(Bmr027.segment.54)"/>
      <nite:child href="Bmr027.B.segs.xml#id(Bmr027.segment.56)..id(Bmr027.segment.57)"/>
      <nite:child href="Bmr027.F.segs.xml#id(Bmr027.segment.58)"/>
      <nite:child href="Bmr027.B.segs.xml#id(Bmr027.segment.59)"/>
   </topic>
   <topic nite:id="Bmr027.topic.16" description="data consent forms">
      <topic nite:id="Bmr027.topic.22" description="overview">
         <nite:child href="Bmr027.B.segs.xml#id(Bmr027.segment.60)"/>
         <nite:child href="Bmr027.F.segs.xml#id(Bmr027.segment.61)..id(Bmr027.segment.64)"/>
         <nite:child href="Bmr027.B.segs.xml#id(Bmr027.segment.65)..id(Bmr027.segment.66)"/>
         <nite:child href="Bmr027.F.segs.xml#id(Bmr027.segment.67)"/>
         <nite:child href="Bmr027.B.segs.xml#id(Bmr027.segment.68)"/>
         <nite:child href="Bmr027.F.segs.xml#id(Bmr027.segment.69)"/>
         <nite:child href="Bmr027.B.segs.xml#id(Bmr027.segment.70)"/>
         <nite:child href="Bmr027.F.segs.xml#id(Bmr027.segment.71)..id(Bmr027.segment.72)"/>
         <nite:child href="Bmr027.B.segs.xml#id(Bmr027.segment.73)"/>
         <nite:child href="Bmr027.F.segs.xml#id(Bmr027.segment.74)..id(Bmr027.segment.75)"/>
         <nite:child href="Bmr027.B.segs.xml#id(Bmr027.segment.76)"/>
         <nite:child href="Bmr027.F.segs.xml#id(Bmr027.segment.77)"/>
         <nite:child href="Bmr027.B.segs.xml#id(Bmr027.segment.78)..id(Bmr027.segment.79)"/>
         <nite:child href="Bmr027.F.segs.xml#id(Bmr027.segment.80)"/>
         <nite:child href="Bmr027.B.segs.xml#id(Bmr027.segment.81)..id(Bmr027.segment.83)"/>
         <nite:child href="Bmr027.F.segs.xml#id(Bmr027.segment.84)"/>
         <nite:child href="Bmr027.B.segs.xml#id(Bmr027.segment.85)"/>
         <nite:child href="Bmr027.A.segs.xml#id(Bmr027.segment.86)..id(Bmr027.segment.87)"/>
         <nite:child href="Bmr027.D.segs.xml#id(Bmr027.segment.88)"/>
         <nite:child href="Bmr027.A.segs.xml#id(Bmr027.segment.89)"/>
         <nite:child href="Bmr027.F.segs.xml#id(Bmr027.segment.90)"/>
         <nite:child href="Bmr027.A.segs.xml#id(Bmr027.segment.91)"/>
         <nite:child href="Bmr027.F.segs.xml#id(Bmr027.segment.92)"/>
         <nite:child href="Bmr027.A.segs.xml#id(Bmr027.segment.93)"/>
         <nite:child href="Bmr027.B.segs.xml#id(Bmr027.segment.94)..id(Bmr027.segment.96)"/>
         <nite:child href="Bmr027.F.segs.xml#id(Bmr027.segment.95)"/>
         <nite:child href="Bmr027.B.segs.xml#id(Bmr027.segment.97)"/>
         <nite:child href="Bmr027.A.segs.xml#id(Bmr027.segment.98)"/>
         <nite:child href="Bmr027.B.segs.xml#id(Bmr027.segment.100)"/>
         <nite:child href="Bmr027.A.segs.xml#id(Bmr027.segment.101)"/>
         <nite:child href="Bmr027.H.segs.xml#id(Bmr027.segment.102)"/>
         <nite:child href="Bmr027.B.segs.xml#id(Bmr027.segment.103)"/>
         <nite:child href="Bmr027.A.segs.xml#id(Bmr027.segment.104)"/>
         <nite:child href="Bmr027.B.segs.xml#id(Bmr027.segment.105)..id(Bmr027.segment.107)"/>
         <nite:child href="Bmr027.H.segs.xml#id(Bmr027.segment.108)..id(Bmr027.segment.109)"/>
         <nite:child href="Bmr027.B.segs.xml#id(Bmr027.segment.110)"/>
         <nite:child href="Bmr027.A.segs.xml#id(Bmr027.segment.111)"/>
         <nite:child href="Bmr027.B.segs.xml#id(Bmr027.segment.112)..id(Bmr027.segment.113)"/>
         <nite:child href="Bmr027.A.segs.xml#id(Bmr027.segment.114)"/>
         <nite:child href="Bmr027.B.segs.xml#id(Bmr027.segment.115)"/>
         <nite:child href="Bmr027.H.segs.xml#id(Bmr027.segment.116)"/>
         <nite:child href="Bmr027.B.segs.xml#id(Bmr027.segment.117)..id(Bmr027.segment.118)"/>
         <nite:child href="Bmr027.F.segs.xml#id(Bmr027.segment.119)..id(Bmr027.segment.120)"/>
         <nite:child href="Bmr027.H.segs.xml#id(Bmr027.segment.121)"/>
         <nite:child href="Bmr027.B.segs.xml#id(Bmr027.segment.122)..id(Bmr027.segment.123)"/>
         <nite:child href="Bmr027.F.segs.xml#id(Bmr027.segment.124)"/>
         <nite:child href="Bmr027.A.segs.xml#id(Bmr027.segment.125)"/>
         <nite:child href="Bmr027.F.segs.xml#id(Bmr027.segment.126)"/>
         <nite:child href="Bmr027.C.segs.xml#id(Bmr027.segment.127)"/>
         <nite:child href="Bmr027.A.segs.xml#id(Bmr027.segment.128)"/>
         <nite:child href="Bmr027.F.segs.xml#id(Bmr027.segment.129)"/>
         <nite:child href="Bmr027.C.segs.xml#id(Bmr027.segment.130)"/>
         <nite:child href="Bmr027.A.segs.xml#id(Bmr027.segment.131)"/>
         <nite:child href="Bmr027.F.segs.xml#id(Bmr027.segment.132)"/>
         <nite:child href="Bmr027.C.segs.xml#id(Bmr027.segment.133)"/>
         <nite:child href="Bmr027.F.segs.xml#id(Bmr027.segment.134)..id(Bmr027.segment.135)"/>
         <nite:child href="Bmr027.B.segs.xml#id(Bmr027.segment.136)..id(Bmr027.segment.137)"/>
         <nite:child href="Bmr027.F.segs.xml#id(Bmr027.segment.138)..id(Bmr027.segment.139)"/>
         <nite:child href="Bmr027.A.segs.xml#id(Bmr027.segment.140)"/>
         <nite:child href="Bmr027.B.segs.xml#id(Bmr027.segment.141)"/>
         <nite:child href="Bmr027.A.segs.xml#id(Bmr027.segment.142)..id(Bmr027.segment.143)"/>
         <nite:child href="Bmr027.F.segs.xml#id(Bmr027.segment.144)"/>
         <nite:child href="Bmr027.A.segs.xml#id(Bmr027.segment.145)"/>
         <nite:child href="Bmr027.F.segs.xml#id(Bmr027.segment.146)..id(Bmr027.segment.147)"/>
         <nite:child href="Bmr027.A.segs.xml#id(Bmr027.segment.148)"/>
         <nite:child href="Bmr027.F.segs.xml#id(Bmr027.segment.149)"/>
         <nite:child href="Bmr027.A.segs.xml#id(Bmr027.segment.150)"/>
         <nite:child href="Bmr027.F.segs.xml#id(Bmr027.segment.151)"/>
         <nite:child href="Bmr027.A.segs.xml#id(Bmr027.segment.152)..id(Bmr027.segment.154)"/>
         <nite:child href="Bmr027.F.segs.xml#id(Bmr027.segment.155)"/>
         <nite:child href="Bmr027.A.segs.xml#id(Bmr027.segment.156)..id(Bmr027.segment.157)"/>
         <nite:child href="Bmr027.F.segs.xml#id(Bmr027.segment.158)"/>
         <nite:child href="Bmr027.A.segs.xml#id(Bmr027.segment.159)..id(Bmr027.segment.160)"/>
         <nite:child href="Bmr027.C.segs.xml#id(Bmr027.segment.161)"/>
         <nite:child href="Bmr027.H.segs.xml#id(Bmr027.segment.162)"/>
         <nite:child href="Bmr027.A.segs.xml#id(Bmr027.segment.163)"/>
         <nite:child href="Bmr027.H.segs.xml#id(Bmr027.segment.164)"/>
         <nite:child href="Bmr027.D.segs.xml#id(Bmr027.segment.165)"/>
         <nite:child href="Bmr027.H.segs.xml#id(Bmr027.segment.166)"/>
         <nite:child href="Bmr027.B.segs.xml#id(Bmr027.segment.167)"/>
         <nite:child href="Bmr027.A.segs.xml#id(Bmr027.segment.168)"/>
         <nite:child href="Bmr027.H.segs.xml#id(Bmr027.segment.169)"/>
         <nite:child href="Bmr027.D.segs.xml#id(Bmr027.segment.170)"/>
         <nite:child href="Bmr027.E.segs.xml#id(Bmr027.segment.171)"/>
         <nite:child href="Bmr027.F.segs.xml#id(Bmr027.segment.172)"/>
         <nite:child href="Bmr027.A.segs.xml#id(Bmr027.segment.173)"/>
         <nite:child href="Bmr027.B.segs.xml#id(Bmr027.segment.175)"/>
         <nite:child href="Bmr027.C.segs.xml#id(Bmr027.segment.174)"/>
         <nite:child href="Bmr027.H.segs.xml#id(Bmr027.segment.176)"/>
         <nite:child href="Bmr027.E.segs.xml#id(Bmr027.segment.177)"/>
         <nite:child href="Bmr027.A.segs.xml#id(Bmr027.segment.178)"/>
         <nite:child href="Bmr027.B.segs.xml#id(Bmr027.segment.179)"/>
         <nite:child href="Bmr027.C.segs.xml#id(Bmr027.segment.180)"/>
         <nite:child href="Bmr027.A.segs.xml#id(Bmr027.segment.181)"/>
         <nite:child href="Bmr027.E.segs.xml#id(Bmr027.segment.182)"/>
         <nite:child href="Bmr027.F.segs.xml#id(Bmr027.segment.183)"/>
         <nite:child href="Bmr027.H.segs.xml#id(Bmr027.segment.184)"/>
         <nite:child href="Bmr027.B.segs.xml#id(Bmr027.segment.185)"/>
         <nite:child href="Bmr027.C.segs.xml#id(Bmr027.segment.186)"/>
         <nite:child href="Bmr027.A.segs.xml#id(Bmr027.segment.187)"/>
         <nite:child href="Bmr027.B.segs.xml#id(Bmr027.segment.188)..id(Bmr027.segment.189)"/>
         <nite:child href="Bmr027.C.segs.xml#id(Bmr027.segment.190)"/>
         <nite:child href="Bmr027.A.segs.xml#id(Bmr027.segment.191)..id(Bmr027.segment.192)"/>
         <nite:child href="Bmr027.B.segs.xml#id(Bmr027.segment.193)"/>
         <nite:child href="Bmr027.A.segs.xml#id(Bmr027.segment.194)"/>
         <nite:child href="Bmr027.B.segs.xml#id(Bmr027.segment.195)"/>
         <nite:child href="Bmr027.A.segs.xml#id(Bmr027.segment.196)"/>
         <nite:child href="Bmr027.F.segs.xml#id(Bmr027.segment.197)"/>
         <nite:child href="Bmr027.A.segs.xml#id(Bmr027.segment.198)..id(Bmr027.segment.200)"/>
         <nite:child href="Bmr027.B.segs.xml#id(Bmr027.segment.201)"/>
      </topic>
      <topic nite:id="Bmr027.topic.23" description="time constraints">
         <nite:child href="Bmr027.B.segs.xml#id(Bmr027.segment.202)"/>
         <nite:child href="Bmr027.F.segs.xml#id(Bmr027.segment.203)"/>
         <nite:child href="Bmr027.B.segs.xml#id(Bmr027.segment.204)"/>
         <nite:child href="Bmr027.F.segs.xml#id(Bmr027.segment.205)"/>
         <nite:child href="Bmr027.C.segs.xml#id(Bmr027.segment.206)"/>
         <nite:child href="Bmr027.A.segs.xml#id(Bmr027.segment.207)"/>
         <nite:child href="Bmr027.F.segs.xml#id(Bmr027.segment.208)..id(Bmr027.segment.209)"/>
         <nite:child href="Bmr027.A.segs.xml#id(Bmr027.segment.210)"/>
         <nite:child href="Bmr027.F.segs.xml#id(Bmr027.segment.211)"/>
         <nite:child href="Bmr027.A.segs.xml#id(Bmr027.segment.212)"/>
         <nite:child href="Bmr027.F.segs.xml#id(Bmr027.segment.213)..id(Bmr027.segment.214)"/>
         <nite:child href="Bmr027.A.segs.xml#id(Bmr027.segment.215)"/>
         <nite:child href="Bmr027.H.segs.xml#id(Bmr027.segment.216)"/>
         <nite:child href="Bmr027.A.segs.xml#id(Bmr027.segment.217)"/>
         <nite:child href="Bmr027.B.segs.xml#id(Bmr027.segment.218)..id(Bmr027.segment.219)"/>
         <nite:child href="Bmr027.F.segs.xml#id(Bmr027.segment.220)"/>
         <nite:child href="Bmr027.B.segs.xml#id(Bmr027.segment.221)..id(Bmr027.segment.222)"/>
         <nite:child href="Bmr027.A.segs.xml#id(Bmr027.segment.223)"/>
         <nite:child href="Bmr027.B.segs.xml#id(Bmr027.segment.224)..id(Bmr027.segment.229)"/>
         <nite:child href="Bmr027.H.segs.xml#id(Bmr027.segment.230)"/>
         <nite:child href="Bmr027.F.segs.xml#id(Bmr027.segment.231)"/>
         <nite:child href="Bmr027.B.segs.xml#id(Bmr027.segment.232)"/>
         <nite:child href="Bmr027.F.segs.xml#id(Bmr027.segment.233)"/>
         <nite:child href="Bmr027.B.segs.xml#id(Bmr027.segment.234)"/>
         <nite:child href="Bmr027.F.segs.xml#id(Bmr027.segment.235)"/>
         <nite:child href="Bmr027.B.segs.xml#id(Bmr027.segment.236)"/>
         <nite:child href="Bmr027.A.segs.xml#id(Bmr027.segment.237)"/>
         <nite:child href="Bmr027.H.segs.xml#id(Bmr027.segment.238)"/>
         <nite:child href="Bmr027.B.segs.xml#id(Bmr027.segment.239)"/>
         <nite:child href="Bmr027.A.segs.xml#id(Bmr027.segment.240)..id(Bmr027.segment.241)"/>
         <nite:child href="Bmr027.B.segs.xml#id(Bmr027.segment.242)"/>
         <nite:child href="Bmr027.F.segs.xml#id(Bmr027.segment.243)"/>
         <nite:child href="Bmr027.A.segs.xml#id(Bmr027.segment.244)..id(Bmr027.segment.249)"/>
         <nite:child href="Bmr027.B.segs.xml#id(Bmr027.segment.250)"/>
         <nite:child href="Bmr027.F.segs.xml#id(Bmr027.segment.251)"/>
         <nite:child href="Bmr027.B.segs.xml#id(Bmr027.segment.252)"/>
         <nite:child href="Bmr027.F.segs.xml#id(Bmr027.segment.253)"/>
         <nite:child href="Bmr027.B.segs.xml#id(Bmr027.segment.254)..id(Bmr027.segment.255)"/>
         <nite:child href="Bmr027.F.segs.xml#id(Bmr027.segment.256)"/>
         <nite:child href="Bmr027.B.segs.xml#id(Bmr027.segment.257)"/>
      </topic>
      <topic nite:id="Bmr027.topic.24" description="contacting for consent">
         <nite:child href="Bmr027.A.segs.xml#id(Bmr027.segment.258)"/>
         <nite:child href="Bmr027.B.segs.xml#id(Bmr027.segment.259)"/>
         <nite:child href="Bmr027.A.segs.xml#id(Bmr027.segment.260)"/>
         <nite:child href="Bmr027.B.segs.xml#id(Bmr027.segment.261)..id(Bmr027.segment.263)"/>
         <nite:child href="Bmr027.A.segs.xml#id(Bmr027.segment.264)"/>
         <nite:child href="Bmr027.B.segs.xml#id(Bmr027.segment.265)"/>
         <nite:child href="Bmr027.H.segs.xml#id(Bmr027.segment.266)"/>
         <nite:child href="Bmr027.F.segs.xml#id(Bmr027.segment.267)"/>
         <nite:child href="Bmr027.H.segs.xml#id(Bmr027.segment.268)"/>
         <nite:child href="Bmr027.F.segs.xml#id(Bmr027.segment.269)"/>
         <nite:child href="Bmr027.D.segs.xml#id(Bmr027.segment.270)"/>
         <nite:child href="Bmr027.H.segs.xml#id(Bmr027.segment.271)"/>
         <nite:child href="Bmr027.F.segs.xml#id(Bmr027.segment.272)"/>
         <nite:child href="Bmr027.H.segs.xml#id(Bmr027.segment.273)..id(Bmr027.segment.283)"/>
         <nite:child href="Bmr027.A.segs.xml#id(Bmr027.segment.284)"/>
         <nite:child href="Bmr027.H.segs.xml#id(Bmr027.segment.285)"/>
         <nite:child href="Bmr027.E.segs.xml#id(Bmr027.segment.286)"/>
         <nite:child href="Bmr027.H.segs.xml#id(Bmr027.segment.287)..id(Bmr027.segment.290)"/>
         <nite:child href="Bmr027.D.segs.xml#id(Bmr027.segment.291)"/>
         <nite:child href="Bmr027.F.segs.xml#id(Bmr027.segment.292)"/>
         <nite:child href="Bmr027.A.segs.xml#id(Bmr027.segment.293)"/>
         <nite:child href="Bmr027.H.segs.xml#id(Bmr027.segment.294)"/>
         <nite:child href="Bmr027.A.segs.xml#id(Bmr027.segment.295)"/>
         <nite:child href="Bmr027.E.segs.xml#id(Bmr027.segment.296)"/>
         <nite:child href="Bmr027.F.segs.xml#id(Bmr027.segment.297)"/>
         <nite:child href="Bmr027.H.segs.xml#id(Bmr027.segment.298)..id(Bmr027.segment.299)"/>
         <nite:child href="Bmr027.B.segs.xml#id(Bmr027.segment.300)"/>
         <nite:child href="Bmr027.H.segs.xml#id(Bmr027.segment.301)"/>
         <nite:child href="Bmr027.F.segs.xml#id(Bmr027.segment.302)"/>
         <nite:child href="Bmr027.A.segs.xml#id(Bmr027.segment.303)..id(Bmr027.segment.304)"/>
         <nite:child href="Bmr027.H.segs.xml#id(Bmr027.segment.305)..id(Bmr027.segment.308)"/>
         <nite:child href="Bmr027.A.segs.xml#id(Bmr027.segment.309)"/>
         <nite:child href="Bmr027.H.segs.xml#id(Bmr027.segment.310)..id(Bmr027.segment.311)"/>
         <nite:child href="Bmr027.A.segs.xml#id(Bmr027.segment.312)"/>
         <nite:child href="Bmr027.F.segs.xml#id(Bmr027.segment.313)..id(Bmr027.segment.315)"/>
         <nite:child href="Bmr027.H.segs.xml#id(Bmr027.segment.314)..id(Bmr027.segment.316)"/>
         <nite:child href="Bmr027.A.segs.xml#id(Bmr027.segment.317)"/>
         <nite:child href="Bmr027.H.segs.xml#id(Bmr027.segment.318)..id(Bmr027.segment.319)"/>
         <nite:child href="Bmr027.F.segs.xml#id(Bmr027.segment.320)"/>
         <nite:child href="Bmr027.A.segs.xml#id(Bmr027.segment.321)"/>
         <nite:child href="Bmr027.G.segs.xml#id(Bmr027.segment.323)"/>
         <nite:child href="Bmr027.H.segs.xml#id(Bmr027.segment.324)"/>
         <nite:child href="Bmr027.E.segs.xml#id(Bmr027.segment.325)"/>
         <nite:child href="Bmr027.B.segs.xml#id(Bmr027.segment.326)"/>
         <nite:child href="Bmr027.A.segs.xml#id(Bmr027.segment.327)"/>
         <nite:child href="Bmr027.H.segs.xml#id(Bmr027.segment.328)"/>
         <nite:child href="Bmr027.F.segs.xml#id(Bmr027.segment.329)"/>
         <nite:child href="Bmr027.E.segs.xml#id(Bmr027.segment.330)..id(Bmr027.segment.333)"/>
         <nite:child href="Bmr027.F.segs.xml#id(Bmr027.segment.334)..id(Bmr027.segment.336)"/>
         <nite:child href="Bmr027.E.segs.xml#id(Bmr027.segment.337)..id(Bmr027.segment.339)"/>
         <nite:child href="Bmr027.F.segs.xml#id(Bmr027.segment.340)"/>
         <nite:child href="Bmr027.E.segs.xml#id(Bmr027.segment.341)"/>
         <nite:child href="Bmr027.F.segs.xml#id(Bmr027.segment.342)..id(Bmr027.segment.343)"/>
         <nite:child href="Bmr027.A.segs.xml#id(Bmr027.segment.344)"/>
         <nite:child href="Bmr027.H.segs.xml#id(Bmr027.segment.345)"/>
         <nite:child href="Bmr027.A.segs.xml#id(Bmr027.segment.346)"/>
         <nite:child href="Bmr027.E.segs.xml#id(Bmr027.segment.347)..id(Bmr027.segment.348)"/>
         <nite:child href="Bmr027.H.segs.xml#id(Bmr027.segment.349)..id(Bmr027.segment.353)"/>
         <nite:child href="Bmr027.E.segs.xml#id(Bmr027.segment.354)..id(Bmr027.segment.355)"/>
         <nite:child href="Bmr027.B.segs.xml#id(Bmr027.segment.356)"/>
         <nite:child href="Bmr027.E.segs.xml#id(Bmr027.segment.357)"/>
         <nite:child href="Bmr027.F.segs.xml#id(Bmr027.segment.358)..id(Bmr027.segment.361)"/>
         <nite:child href="Bmr027.E.segs.xml#id(Bmr027.segment.362)"/>
         <nite:child href="Bmr027.H.segs.xml#id(Bmr027.segment.363)"/>
         <nite:child href="Bmr027.E.segs.xml#id(Bmr027.segment.364)"/>
         <nite:child href="Bmr027.F.segs.xml#id(Bmr027.segment.365)"/>
         <nite:child href="Bmr027.E.segs.xml#id(Bmr027.segment.367)"/>
         <nite:child href="Bmr027.H.segs.xml#id(Bmr027.segment.366)"/>
         <nite:child href="Bmr027.F.segs.xml#id(Bmr027.segment.368)..id(Bmr027.segment.369)"/>
         <nite:child href="Bmr027.H.segs.xml#id(Bmr027.segment.370)..id(Bmr027.segment.371)"/>
         <nite:child href="Bmr027.F.segs.xml#id(Bmr027.segment.372)"/>
         <nite:child href="Bmr027.H.segs.xml#id(Bmr027.segment.373)"/>
         <nite:child href="Bmr027.A.segs.xml#id(Bmr027.segment.374)..id(Bmr027.segment.376)"/>
         <nite:child href="Bmr027.H.segs.xml#id(Bmr027.segment.375)"/>
         <nite:child href="Bmr027.A.segs.xml#id(Bmr027.segment.377)"/>
         <nite:child href="Bmr027.H.segs.xml#id(Bmr027.segment.378)..id(Bmr027.segment.381)"/>
         <nite:child href="Bmr027.A.segs.xml#id(Bmr027.segment.382)"/>
         <nite:child href="Bmr027.H.segs.xml#id(Bmr027.segment.383)"/>
         <nite:child href="Bmr027.A.segs.xml#id(Bmr027.segment.384)"/>
         <nite:child href="Bmr027.F.segs.xml#id(Bmr027.segment.385)"/>
         <nite:child href="Bmr027.A.segs.xml#id(Bmr027.segment.386)..id(Bmr027.segment.388)"/>
         <nite:child href="Bmr027.F.segs.xml#id(Bmr027.segment.389)"/>
         <nite:child href="Bmr027.B.segs.xml#id(Bmr027.segment.390)"/>
         <nite:child href="Bmr027.A.segs.xml#id(Bmr027.segment.391)..id(Bmr027.segment.392)"/>
         <nite:child href="Bmr027.E.segs.xml#id(Bmr027.segment.393)"/>
         <nite:child href="Bmr027.A.segs.xml#id(Bmr027.segment.394)"/>
         <nite:child href="Bmr027.E.segs.xml#id(Bmr027.segment.395)..id(Bmr027.segment.396)"/>
         <nite:child href="Bmr027.A.segs.xml#id(Bmr027.segment.397)"/>
         <nite:child href="Bmr027.E.segs.xml#id(Bmr027.segment.398)"/>
         <nite:child href="Bmr027.F.segs.xml#id(Bmr027.segment.399)..id(Bmr027.segment.400)"/>
         <nite:child href="Bmr027.A.segs.xml#id(Bmr027.segment.401)"/>
         <nite:child href="Bmr027.F.segs.xml#id(Bmr027.segment.402)..id(Bmr027.segment.403)"/>
         <nite:child href="Bmr027.A.segs.xml#id(Bmr027.segment.404)"/>
         <nite:child href="Bmr027.F.segs.xml#id(Bmr027.segment.405)"/>
         <nite:child href="Bmr027.A.segs.xml#id(Bmr027.segment.406)"/>
         <nite:child href="Bmr027.F.segs.xml#id(Bmr027.segment.407)"/>
         <nite:child href="Bmr027.D.segs.xml#id(Bmr027.segment.408)"/>
         <nite:child href="Bmr027.F.segs.xml#id(Bmr027.segment.411)"/>
         <nite:child href="Bmr027.H.segs.xml#id(Bmr027.segment.410)"/>
         <nite:child href="Bmr027.A.segs.xml#id(Bmr027.segment.409)"/>
         <nite:child href="Bmr027.B.segs.xml#id(Bmr027.segment.412)"/>
         <nite:child href="Bmr027.D.segs.xml#id(Bmr027.segment.413)"/>
         <nite:child href="Bmr027.A.segs.xml#id(Bmr027.segment.414)..id(Bmr027.segment.416)"/>
         <nite:child href="Bmr027.B.segs.xml#id(Bmr027.segment.417)"/>
         <nite:child href="Bmr027.A.segs.xml#id(Bmr027.segment.418)"/>
         <nite:child href="Bmr027.B.segs.xml#id(Bmr027.segment.419)..id(Bmr027.segment.421)"/>
         <nite:child href="Bmr027.A.segs.xml#id(Bmr027.segment.422)"/>
         <nite:child href="Bmr027.F.segs.xml#id(Bmr027.segment.423)..id(Bmr027.segment.424)"/>
         <nite:child href="Bmr027.A.segs.xml#id(Bmr027.segment.425)"/>
         <nite:child href="Bmr027.B.segs.xml#id(Bmr027.segment.426)"/>
         <nite:child href="Bmr027.F.segs.xml#id(Bmr027.segment.427)..id(Bmr027.segment.428)"/>
         <nite:child href="Bmr027.A.segs.xml#id(Bmr027.segment.429)"/>
         <nite:child href="Bmr027.C.segs.xml#id(Bmr027.segment.430)"/>
         <nite:child href="Bmr027.F.segs.xml#id(Bmr027.segment.431)"/>
         <nite:child href="Bmr027.B.segs.xml#id(Bmr027.segment.432)"/>
         <nite:child href="Bmr027.D.segs.xml#id(Bmr027.segment.433)"/>
         <nite:child href="Bmr027.F.segs.xml#id(Bmr027.segment.435)"/>
         <nite:child href="Bmr027.B.segs.xml#id(Bmr027.segment.434)"/>
         <nite:child href="Bmr027.E.segs.xml#id(Bmr027.segment.436)"/>
         <nite:child href="Bmr027.A.segs.xml#id(Bmr027.segment.437)"/>
         <nite:child href="Bmr027.B.segs.xml#id(Bmr027.segment.438)"/>
         <nite:child href="Bmr027.E.segs.xml#id(Bmr027.segment.439)..id(Bmr027.segment.440)"/>
         <nite:child href="Bmr027.B.segs.xml#id(Bmr027.segment.441)"/>
         <nite:child href="Bmr027.H.segs.xml#id(Bmr027.segment.442)"/>
         <nite:child href="Bmr027.B.segs.xml#id(Bmr027.segment.443)"/>
         <nite:child href="Bmr027.H.segs.xml#id(Bmr027.segment.444)..id(Bmr027.segment.445)"/>
         <nite:child href="Bmr027.F.segs.xml#id(Bmr027.segment.446)"/>
         <nite:child href="Bmr027.H.segs.xml#id(Bmr027.segment.447)..id(Bmr027.segment.451)"/>
         <nite:child href="Bmr027.A.segs.xml#id(Bmr027.segment.452)..id(Bmr027.segment.453)"/>
         <nite:child href="Bmr027.B.segs.xml#id(Bmr027.segment.454)"/>
         <nite:child href="Bmr027.D.segs.xml#id(Bmr027.segment.455)"/>
         <nite:child href="Bmr027.B.segs.xml#id(Bmr027.segment.456)"/>
         <nite:child href="Bmr027.G.segs.xml#id(Bmr027.segment.457)"/>
         <nite:child href="Bmr027.E.segs.xml#id(Bmr027.segment.458)"/>
         <nite:child href="Bmr027.D.segs.xml#id(Bmr027.segment.459)"/>
         <nite:child href="Bmr027.G.segs.xml#id(Bmr027.segment.460)"/>
         <nite:child href="Bmr027.H.segs.xml#id(Bmr027.segment.461)"/>
         <nite:child href="Bmr027.A.segs.xml#id(Bmr027.segment.462)"/>
         <nite:child href="Bmr027.H.segs.xml#id(Bmr027.segment.463)"/>
         <nite:child href="Bmr027.G.segs.xml#id(Bmr027.segment.464)"/>
         <nite:child href="Bmr027.E.segs.xml#id(Bmr027.segment.465)"/>
         <nite:child href="Bmr027.A.segs.xml#id(Bmr027.segment.466)"/>
         <nite:child href="Bmr027.H.segs.xml#id(Bmr027.segment.467)"/>
         <nite:child href="Bmr027.G.segs.xml#id(Bmr027.segment.468)"/>
         <nite:child href="Bmr027.D.segs.xml#id(Bmr027.segment.469)"/>
         <nite:child href="Bmr027.A.segs.xml#id(Bmr027.segment.470)"/>
         <nite:child href="Bmr027.F.segs.xml#id(Bmr027.segment.471)"/>
         <nite:child href="Bmr027.B.segs.xml#id(Bmr027.segment.472)"/>
         <nite:child href="Bmr027.C.segs.xml#id(Bmr027.segment.473)"/>
         <nite:child href="Bmr027.E.segs.xml#id(Bmr027.segment.474)"/>
         <nite:child href="Bmr027.H.segs.xml#id(Bmr027.segment.475)"/>
         <nite:child href="Bmr027.F.segs.xml#id(Bmr027.segment.476)"/>
         <nite:child href="Bmr027.A.segs.xml#id(Bmr027.segment.477)"/>
         <nite:child href="Bmr027.H.segs.xml#id(Bmr027.segment.478)..id(Bmr027.segment.479)"/>
         <nite:child href="Bmr027.F.segs.xml#id(Bmr027.segment.480)"/>
         <nite:child href="Bmr027.H.segs.xml#id(Bmr027.segment.481)..id(Bmr027.segment.482)"/>
         <nite:child href="Bmr027.B.segs.xml#id(Bmr027.segment.483)"/>
         <nite:child href="Bmr027.H.segs.xml#id(Bmr027.segment.484)..id(Bmr027.segment.485)"/>
         <nite:child href="Bmr027.F.segs.xml#id(Bmr027.segment.486)"/>
         <nite:child href="Bmr027.A.segs.xml#id(Bmr027.segment.487)"/>
         <nite:child href="Bmr027.H.segs.xml#id(Bmr027.segment.488)"/>
         <nite:child href="Bmr027.F.segs.xml#id(Bmr027.segment.489)"/>
         <nite:child href="Bmr027.A.segs.xml#id(Bmr027.segment.490)"/>
         <nite:child href="Bmr027.F.segs.xml#id(Bmr027.segment.491)"/>
         <nite:child href="Bmr027.H.segs.xml#id(Bmr027.segment.492)"/>
         <nite:child href="Bmr027.B.segs.xml#id(Bmr027.segment.493)..id(Bmr027.segment.494)"/>
         <nite:child href="Bmr027.F.segs.xml#id(Bmr027.segment.495)"/>
         <nite:child href="Bmr027.A.segs.xml#id(Bmr027.segment.496)"/>
         <nite:child href="Bmr027.H.segs.xml#id(Bmr027.segment.497)..id(Bmr027.segment.498)"/>
         <nite:child href="Bmr027.F.segs.xml#id(Bmr027.segment.499)"/>
         <nite:child href="Bmr027.A.segs.xml#id(Bmr027.segment.500)..id(Bmr027.segment.501)"/>
         <nite:child href="Bmr027.G.segs.xml#id(Bmr027.segment.502)"/>
         <nite:child href="Bmr027.B.segs.xml#id(Bmr027.segment.503)"/>
         <nite:child href="Bmr027.F.segs.xml#id(Bmr027.segment.504)"/>
         <nite:child href="Bmr027.B.segs.xml#id(Bmr027.segment.505)..id(Bmr027.segment.507)"/>
         <nite:child href="Bmr027.F.segs.xml#id(Bmr027.segment.508)"/>
         <nite:child href="Bmr027.A.segs.xml#id(Bmr027.segment.509)"/>
         <nite:child href="Bmr027.B.segs.xml#id(Bmr027.segment.510)..id(Bmr027.segment.513)"/>
         <nite:child href="Bmr027.F.segs.xml#id(Bmr027.segment.514)"/>
         <nite:child href="Bmr027.B.segs.xml#id(Bmr027.segment.515)..id(Bmr027.segment.518)"/>
         <nite:child href="Bmr027.C.segs.xml#id(Bmr027.segment.519)"/>
         <nite:child href="Bmr027.B.segs.xml#id(Bmr027.segment.520)..id(Bmr027.segment.522)"/>
         <nite:child href="Bmr027.F.segs.xml#id(Bmr027.segment.523)"/>
         <nite:child href="Bmr027.B.segs.xml#id(Bmr027.segment.524)"/>
      </topic>
      <topic nite:id="Bmr027.topic.25" description="level of consent required">
         <nite:child href="Bmr027.E.segs.xml#id(Bmr027.segment.526)"/>
         <nite:child href="Bmr027.B.segs.xml#id(Bmr027.segment.525)"/>
         <nite:child href="Bmr027.E.segs.xml#id(Bmr027.segment.527)"/>
         <nite:child href="Bmr027.B.segs.xml#id(Bmr027.segment.528)"/>
         <nite:child href="Bmr027.E.segs.xml#id(Bmr027.segment.529)..id(Bmr027.segment.532)"/>
         <nite:child href="Bmr027.A.segs.xml#id(Bmr027.segment.533)"/>
         <nite:child href="Bmr027.E.segs.xml#id(Bmr027.segment.534)..id(Bmr027.segment.535)"/>
         <nite:child href="Bmr027.A.segs.xml#id(Bmr027.segment.536)"/>
         <nite:child href="Bmr027.H.segs.xml#id(Bmr027.segment.537)"/>
         <nite:child href="Bmr027.A.segs.xml#id(Bmr027.segment.538)..id(Bmr027.segment.539)"/>
         <nite:child href="Bmr027.B.segs.xml#id(Bmr027.segment.540)"/>
         <nite:child href="Bmr027.F.segs.xml#id(Bmr027.segment.541)..id(Bmr027.segment.542)"/>
         <nite:child href="Bmr027.B.segs.xml#id(Bmr027.segment.543)..id(Bmr027.segment.545)"/>
         <nite:child href="Bmr027.A.segs.xml#id(Bmr027.segment.546)"/>
         <nite:child href="Bmr027.B.segs.xml#id(Bmr027.segment.547)..id(Bmr027.segment.548)"/>
         <nite:child href="Bmr027.F.segs.xml#id(Bmr027.segment.549)"/>
         <nite:child href="Bmr027.B.segs.xml#id(Bmr027.segment.550)"/>
         <nite:child href="Bmr027.F.segs.xml#id(Bmr027.segment.551)"/>
         <nite:child href="Bmr027.B.segs.xml#id(Bmr027.segment.552)"/>
         <nite:child href="Bmr027.F.segs.xml#id(Bmr027.segment.553)"/>
         <nite:child href="Bmr027.B.segs.xml#id(Bmr027.segment.554)"/>
         <nite:child href="Bmr027.F.segs.xml#id(Bmr027.segment.555)"/>
         <nite:child href="Bmr027.B.segs.xml#id(Bmr027.segment.556)..id(Bmr027.segment.557)"/>
         <nite:child href="Bmr027.C.segs.xml#id(Bmr027.segment.558)..id(Bmr027.segment.559)"/>
         <nite:child href="Bmr027.F.segs.xml#id(Bmr027.segment.560)"/>
         <nite:child href="Bmr027.C.segs.xml#id(Bmr027.segment.561)..id(Bmr027.segment.562)"/>
         <nite:child href="Bmr027.F.segs.xml#id(Bmr027.segment.563)"/>
         <nite:child href="Bmr027.C.segs.xml#id(Bmr027.segment.564)"/>
         <nite:child href="Bmr027.F.segs.xml#id(Bmr027.segment.565)"/>
         <nite:child href="Bmr027.C.segs.xml#id(Bmr027.segment.566)"/>
         <nite:child href="Bmr027.A.segs.xml#id(Bmr027.segment.567)"/>
         <nite:child href="Bmr027.F.segs.xml#id(Bmr027.segment.568)..id(Bmr027.segment.569)"/>
         <nite:child href="Bmr027.A.segs.xml#id(Bmr027.segment.570)"/>
         <nite:child href="Bmr027.F.segs.xml#id(Bmr027.segment.571)"/>
         <nite:child href="Bmr027.B.segs.xml#id(Bmr027.segment.572)..id(Bmr027.segment.574)"/>
         <nite:child href="Bmr027.F.segs.xml#id(Bmr027.segment.575)..id(Bmr027.segment.576)"/>
         <nite:child href="Bmr027.B.segs.xml#id(Bmr027.segment.577)"/>
         <nite:child href="Bmr027.A.segs.xml#id(Bmr027.segment.578)"/>
         <nite:child href="Bmr027.B.segs.xml#id(Bmr027.segment.579)"/>
         <nite:child href="Bmr027.F.segs.xml#id(Bmr027.segment.580)"/>
         <nite:child href="Bmr027.B.segs.xml#id(Bmr027.segment.581)"/>
         <nite:child href="Bmr027.F.segs.xml#id(Bmr027.segment.582)"/>
         <nite:child href="Bmr027.B.segs.xml#id(Bmr027.segment.583)"/>
         <nite:child href="Bmr027.F.segs.xml#id(Bmr027.segment.584)"/>
         <nite:child href="Bmr027.A.segs.xml#id(Bmr027.segment.585)"/>
         <nite:child href="Bmr027.B.segs.xml#id(Bmr027.segment.586)"/>
         <nite:child href="Bmr027.F.segs.xml#id(Bmr027.segment.587)"/>
         <nite:child href="Bmr027.A.segs.xml#id(Bmr027.segment.589)"/>
         <nite:child href="Bmr027.F.segs.xml#id(Bmr027.segment.588)"/>
         <nite:child href="Bmr027.A.segs.xml#id(Bmr027.segment.590)"/>
         <nite:child href="Bmr027.F.segs.xml#id(Bmr027.segment.591)"/>
         <nite:child href="Bmr027.B.segs.xml#id(Bmr027.segment.592)"/>
         <nite:child href="Bmr027.A.segs.xml#id(Bmr027.segment.593)"/>
         <nite:child href="Bmr027.F.segs.xml#id(Bmr027.segment.594)..id(Bmr027.segment.595)"/>
         <nite:child href="Bmr027.B.segs.xml#id(Bmr027.segment.596)..id(Bmr027.segment.598)"/>
         <nite:child href="Bmr027.F.segs.xml#id(Bmr027.segment.599)..id(Bmr027.segment.600)"/>
         <nite:child href="Bmr027.B.segs.xml#id(Bmr027.segment.601)"/>
         <nite:child href="Bmr027.F.segs.xml#id(Bmr027.segment.602)..id(Bmr027.segment.603)"/>
         <nite:child href="Bmr027.B.segs.xml#id(Bmr027.segment.604)"/>
         <nite:child href="Bmr027.A.segs.xml#id(Bmr027.segment.605)"/>
         <nite:child href="Bmr027.E.segs.xml#id(Bmr027.segment.606)"/>
         <nite:child href="Bmr027.F.segs.xml#id(Bmr027.segment.607)"/>
         <nite:child href="Bmr027.G.segs.xml#id(Bmr027.segment.608)"/>
         <nite:child href="Bmr027.D.segs.xml#id(Bmr027.segment.609)"/>
         <nite:child href="Bmr027.G.segs.xml#id(Bmr027.segment.610)"/>
         <nite:child href="Bmr027.A.segs.xml#id(Bmr027.segment.612)"/>
         <nite:child href="Bmr027.F.segs.xml#id(Bmr027.segment.611)"/>
         <nite:child href="Bmr027.C.segs.xml#id(Bmr027.segment.613)"/>
         <nite:child href="Bmr027.B.segs.xml#id(Bmr027.segment.614)"/>
         <nite:child href="Bmr027.E.segs.xml#id(Bmr027.segment.615)"/>
         <nite:child href="Bmr027.C.segs.xml#id(Bmr027.segment.616)..id(Bmr027.segment.617)"/>
         <nite:child href="Bmr027.F.segs.xml#id(Bmr027.segment.618)"/>
         <nite:child href="Bmr027.E.segs.xml#id(Bmr027.segment.619)"/>
         <nite:child href="Bmr027.B.segs.xml#id(Bmr027.segment.620)"/>
         <nite:child href="Bmr027.A.segs.xml#id(Bmr027.segment.621)"/>
         <nite:child href="Bmr027.F.segs.xml#id(Bmr027.segment.622)"/>
         <nite:child href="Bmr027.A.segs.xml#id(Bmr027.segment.623)..id(Bmr027.segment.624)"/>
         <nite:child href="Bmr027.F.segs.xml#id(Bmr027.segment.625)"/>
         <nite:child href="Bmr027.A.segs.xml#id(Bmr027.segment.626)"/>
         <nite:child href="Bmr027.B.segs.xml#id(Bmr027.segment.627)"/>
         <nite:child href="Bmr027.F.segs.xml#id(Bmr027.segment.628)"/>
         <nite:child href="Bmr027.A.segs.xml#id(Bmr027.segment.629)"/>
         <nite:child href="Bmr027.F.segs.xml#id(Bmr027.segment.630)"/>
         <nite:child href="Bmr027.B.segs.xml#id(Bmr027.segment.631)..id(Bmr027.segment.632)"/>
         <nite:child href="Bmr027.H.segs.xml#id(Bmr027.segment.633)"/>
         <nite:child href="Bmr027.B.segs.xml#id(Bmr027.segment.634)"/>
         <nite:child href="Bmr027.F.segs.xml#id(Bmr027.segment.635)"/>
         <nite:child href="Bmr027.B.segs.xml#id(Bmr027.segment.636)"/>
         <nite:child href="Bmr027.A.segs.xml#id(Bmr027.segment.637)..id(Bmr027.segment.640)"/>
         <nite:child href="Bmr027.B.segs.xml#id(Bmr027.segment.641)..id(Bmr027.segment.646)"/>
         <nite:child href="Bmr027.F.segs.xml#id(Bmr027.segment.645)"/>
         <nite:child href="Bmr027.A.segs.xml#id(Bmr027.segment.647)"/>
         <nite:child href="Bmr027.E.segs.xml#id(Bmr027.segment.648)..id(Bmr027.segment.651)"/>
         <nite:child href="Bmr027.C.segs.xml#id(Bmr027.segment.653)"/>
         <nite:child href="Bmr027.E.segs.xml#id(Bmr027.segment.652)..id(Bmr027.segment.656)"/>
         <nite:child href="Bmr027.C.segs.xml#id(Bmr027.segment.657)"/>
         <nite:child href="Bmr027.E.segs.xml#id(Bmr027.segment.658)"/>
         <nite:child href="Bmr027.C.segs.xml#id(Bmr027.segment.659)"/>
         <nite:child href="Bmr027.E.segs.xml#id(Bmr027.segment.660)"/>
         <nite:child href="Bmr027.B.segs.xml#id(Bmr027.segment.661)"/>
         <nite:child href="Bmr027.C.segs.xml#id(Bmr027.segment.662)"/>
         <nite:child href="Bmr027.B.segs.xml#id(Bmr027.segment.663)"/>
         <nite:child href="Bmr027.C.segs.xml#id(Bmr027.segment.664)..id(Bmr027.segment.665)"/>
         <nite:child href="Bmr027.B.segs.xml#id(Bmr027.segment.666)..id(Bmr027.segment.667)"/>
         <nite:child href="Bmr027.E.segs.xml#id(Bmr027.segment.668)"/>
         <nite:child href="Bmr027.B.segs.xml#id(Bmr027.segment.669)..id(Bmr027.segment.674)"/>
         <nite:child href="Bmr027.F.segs.xml#id(Bmr027.segment.675)"/>
         <nite:child href="Bmr027.C.segs.xml#id(Bmr027.segment.676)"/>
         <nite:child href="Bmr027.G.segs.xml#id(Bmr027.segment.677)"/>
         <nite:child href="Bmr027.B.segs.xml#id(Bmr027.segment.678)..id(Bmr027.segment.680)"/>
         <nite:child href="Bmr027.F.segs.xml#id(Bmr027.segment.681)"/>
         <nite:child href="Bmr027.B.segs.xml#id(Bmr027.segment.682)"/>
         <nite:child href="Bmr027.F.segs.xml#id(Bmr027.segment.683)"/>
         <nite:child href="Bmr027.B.segs.xml#id(Bmr027.segment.684)"/>
      </topic>
      <topic nite:id="Bmr027.topic.26" description="censoring techniques">
         <nite:child href="Bmr027.B.segs.xml#id(Bmr027.segment.685)..id(Bmr027.segment.687)"/>
         <nite:child href="Bmr027.F.segs.xml#id(Bmr027.segment.688)"/>
         <nite:child href="Bmr027.B.segs.xml#id(Bmr027.segment.689)"/>
         <nite:child href="Bmr027.A.segs.xml#id(Bmr027.segment.690)..id(Bmr027.segment.691)"/>
         <nite:child href="Bmr027.F.segs.xml#id(Bmr027.segment.692)"/>
         <nite:child href="Bmr027.A.segs.xml#id(Bmr027.segment.693)"/>
         <nite:child href="Bmr027.D.segs.xml#id(Bmr027.segment.694)"/>
         <nite:child href="Bmr027.A.segs.xml#id(Bmr027.segment.695)"/>
         <nite:child href="Bmr027.F.segs.xml#id(Bmr027.segment.696)"/>
         <nite:child href="Bmr027.D.segs.xml#id(Bmr027.segment.697)"/>
         <nite:child href="Bmr027.E.segs.xml#id(Bmr027.segment.698)"/>
         <nite:child href="Bmr027.F.segs.xml#id(Bmr027.segment.699)"/>
         <nite:child href="Bmr027.H.segs.xml#id(Bmr027.segment.700)..id(Bmr027.segment.701)"/>
         <nite:child href="Bmr027.C.segs.xml#id(Bmr027.segment.702)"/>
         <nite:child href="Bmr027.D.segs.xml#id(Bmr027.segment.703)"/>
         <nite:child href="Bmr027.F.segs.xml#id(Bmr027.segment.704)"/>
         <nite:child href="Bmr027.E.segs.xml#id(Bmr027.segment.705)"/>
         <nite:child href="Bmr027.D.segs.xml#id(Bmr027.segment.706)"/>
         <nite:child href="Bmr027.C.segs.xml#id(Bmr027.segment.708)"/>
         <nite:child href="Bmr027.E.segs.xml#id(Bmr027.segment.707)"/>
         <nite:child href="Bmr027.D.segs.xml#id(Bmr027.segment.709)"/>
         <nite:child href="Bmr027.G.segs.xml#id(Bmr027.segment.710)"/>
         <nite:child href="Bmr027.F.segs.xml#id(Bmr027.segment.711)"/>
         <nite:child href="Bmr027.H.segs.xml#id(Bmr027.segment.712)"/>
         <nite:child href="Bmr027.E.segs.xml#id(Bmr027.segment.713)"/>
         <nite:child href="Bmr027.A.segs.xml#id(Bmr027.segment.714)"/>
         <nite:child href="Bmr027.F.segs.xml#id(Bmr027.segment.715)"/>
         <nite:child href="Bmr027.E.segs.xml#id(Bmr027.segment.716)..id(Bmr027.segment.717)"/>
         <nite:child href="Bmr027.A.segs.xml#id(Bmr027.segment.718)"/>
         <nite:child href="Bmr027.F.segs.xml#id(Bmr027.segment.719)"/>
         <nite:child href="Bmr027.D.segs.xml#id(Bmr027.segment.720)"/>
         <nite:child href="Bmr027.H.segs.xml#id(Bmr027.segment.722)"/>
         <nite:child href="Bmr027.F.segs.xml#id(Bmr027.segment.721)"/>
         <nite:child href="Bmr027.G.segs.xml#id(Bmr027.segment.723)"/>
         <nite:child href="Bmr027.E.segs.xml#id(Bmr027.segment.724)..id(Bmr027.segment.725)"/>
         <nite:child href="Bmr027.B.segs.xml#id(Bmr027.segment.726)..id(Bmr027.segment.727)"/>
         <nite:child href="Bmr027.F.segs.xml#id(Bmr027.segment.728)..id(Bmr027.segment.732)"/>
         <nite:child href="Bmr027.E.segs.xml#id(Bmr027.segment.733)"/>
         <nite:child href="Bmr027.B.segs.xml#id(Bmr027.segment.734)..id(Bmr027.segment.735)"/>
         <nite:child href="Bmr027.F.segs.xml#id(Bmr027.segment.736)"/>
         <nite:child href="Bmr027.B.segs.xml#id(Bmr027.segment.737)..id(Bmr027.segment.739)"/>
         <nite:child href="Bmr027.G.segs.xml#id(Bmr027.segment.741)"/>
         <nite:child href="Bmr027.F.segs.xml#id(Bmr027.segment.740)"/>
         <nite:child href="Bmr027.A.segs.xml#id(Bmr027.segment.742)"/>
         <nite:child href="Bmr027.H.segs.xml#id(Bmr027.segment.743)"/>
         <nite:child href="Bmr027.E.segs.xml#id(Bmr027.segment.744)"/>
         <nite:child href="Bmr027.A.segs.xml#id(Bmr027.segment.745)"/>
         <nite:child href="Bmr027.C.segs.xml#id(Bmr027.segment.746)"/>
         <nite:child href="Bmr027.E.segs.xml#id(Bmr027.segment.747)"/>
         <nite:child href="Bmr027.C.segs.xml#id(Bmr027.segment.748)"/>
         <nite:child href="Bmr027.F.segs.xml#id(Bmr027.segment.749)"/>
         <nite:child href="Bmr027.H.segs.xml#id(Bmr027.segment.750)"/>
         <nite:child href="Bmr027.A.segs.xml#id(Bmr027.segment.751)"/>
         <nite:child href="Bmr027.C.segs.xml#id(Bmr027.segment.752)"/>
         <nite:child href="Bmr027.H.segs.xml#id(Bmr027.segment.753)"/>
         <nite:child href="Bmr027.B.segs.xml#id(Bmr027.segment.754)"/>
         <nite:child href="Bmr027.D.segs.xml#id(Bmr027.segment.755)"/>
         <nite:child href="Bmr027.H.segs.xml#id(Bmr027.segment.756)"/>
         <nite:child href="Bmr027.A.segs.xml#id(Bmr027.segment.757)"/>
         <nite:child href="Bmr027.B.segs.xml#id(Bmr027.segment.758)"/>
         <nite:child href="Bmr027.E.segs.xml#id(Bmr027.segment.759)"/>
         <nite:child href="Bmr027.F.segs.xml#id(Bmr027.segment.760)"/>
         <nite:child href="Bmr027.D.segs.xml#id(Bmr027.segment.761)"/>
         <nite:child href="Bmr027.E.segs.xml#id(Bmr027.segment.762)"/>
         <nite:child href="Bmr027.B.segs.xml#id(Bmr027.segment.763)"/>
         <nite:child href="Bmr027.D.segs.xml#id(Bmr027.segment.764)"/>
         <nite:child href="Bmr027.A.segs.xml#id(Bmr027.segment.765)"/>
         <nite:child href="Bmr027.C.segs.xml#id(Bmr027.segment.766)"/>
         <nite:child href="Bmr027.F.segs.xml#id(Bmr027.segment.768)"/>
         <nite:child href="Bmr027.D.segs.xml#id(Bmr027.segment.767)"/>
         <nite:child href="Bmr027.B.segs.xml#id(Bmr027.segment.769)"/>
         <nite:child href="Bmr027.C.segs.xml#id(Bmr027.segment.770)"/>
         <nite:child href="Bmr027.F.segs.xml#id(Bmr027.segment.771)"/>
         <nite:child href="Bmr027.G.segs.xml#id(Bmr027.segment.772)"/>
         <nite:child href="Bmr027.C.segs.xml#id(Bmr027.segment.773)"/>
         <nite:child href="Bmr027.H.segs.xml#id(Bmr027.segment.774)"/>
         <nite:child href="Bmr027.E.segs.xml#id(Bmr027.segment.775)"/>
         <nite:child href="Bmr027.A.segs.xml#id(Bmr027.segment.776)"/>
         <nite:child href="Bmr027.H.segs.xml#id(Bmr027.segment.777)"/>
         <nite:child href="Bmr027.C.segs.xml#id(Bmr027.segment.778)"/>
         <nite:child href="Bmr027.D.segs.xml#id(Bmr027.segment.779)..id(Bmr027.segment.780)"/>
         <nite:child href="Bmr027.F.segs.xml#id(Bmr027.segment.781)"/>
         <nite:child href="Bmr027.G.segs.xml#id(Bmr027.segment.782)"/>
         <nite:child href="Bmr027.B.segs.xml#id(Bmr027.segment.783)"/>
         <nite:child href="Bmr027.A.segs.xml#id(Bmr027.segment.784)"/>
         <nite:child href="Bmr027.F.segs.xml#id(Bmr027.segment.785)..id(Bmr027.segment.786)"/>
         <nite:child href="Bmr027.H.segs.xml#id(Bmr027.segment.787)"/>
         <nite:child href="Bmr027.F.segs.xml#id(Bmr027.segment.788)"/>
         <nite:child href="Bmr027.H.segs.xml#id(Bmr027.segment.789)"/>
         <nite:child href="Bmr027.E.segs.xml#id(Bmr027.segment.790)"/>
         <nite:child href="Bmr027.F.segs.xml#id(Bmr027.segment.791)"/>
         <nite:child href="Bmr027.B.segs.xml#id(Bmr027.segment.792)"/>
         <nite:child href="Bmr027.C.segs.xml#id(Bmr027.segment.794)"/>
         <nite:child href="Bmr027.E.segs.xml#id(Bmr027.segment.793)"/>
         <nite:child href="Bmr027.G.segs.xml#id(Bmr027.segment.795)"/>
         <nite:child href="Bmr027.F.segs.xml#id(Bmr027.segment.796)"/>
         <nite:child href="Bmr027.B.segs.xml#id(Bmr027.segment.797)"/>
         <nite:child href="Bmr027.C.segs.xml#id(Bmr027.segment.798)"/>
         <nite:child href="Bmr027.F.segs.xml#id(Bmr027.segment.799)..id(Bmr027.segment.800)"/>
         <nite:child href="Bmr027.A.segs.xml#id(Bmr027.segment.801)"/>
         <nite:child href="Bmr027.B.segs.xml#id(Bmr027.segment.802)"/>
      </topic>
      <topic nite:id="Bmr027.topic.27" description="consent discussion summary">
         <nite:child href="Bmr027.F.segs.xml#id(Bmr027.segment.803)"/>
         <nite:child href="Bmr027.B.segs.xml#id(Bmr027.segment.804)"/>
         <nite:child href="Bmr027.A.segs.xml#id(Bmr027.segment.805)"/>
         <nite:child href="Bmr027.E.segs.xml#id(Bmr027.segment.806)"/>
         <nite:child href="Bmr027.F.segs.xml#id(Bmr027.segment.807)"/>
         <nite:child href="Bmr027.E.segs.xml#id(Bmr027.segment.808)"/>
         <nite:child href="Bmr027.B.segs.xml#id(Bmr027.segment.809)"/>
         <nite:child href="Bmr027.A.segs.xml#id(Bmr027.segment.810)"/>
         <nite:child href="Bmr027.B.segs.xml#id(Bmr027.segment.811)"/>
         <nite:child href="Bmr027.A.segs.xml#id(Bmr027.segment.812)"/>
         <nite:child href="Bmr027.F.segs.xml#id(Bmr027.segment.813)"/>
         <nite:child href="Bmr027.B.segs.xml#id(Bmr027.segment.814)"/>
         <nite:child href="Bmr027.F.segs.xml#id(Bmr027.segment.815)..id(Bmr027.segment.816)"/>
         <nite:child href="Bmr027.B.segs.xml#id(Bmr027.segment.817)"/>
         <nite:child href="Bmr027.F.segs.xml#id(Bmr027.segment.818)"/>
         <nite:child href="Bmr027.B.segs.xml#id(Bmr027.segment.819)"/>
         <nite:child href="Bmr027.C.segs.xml#id(Bmr027.segment.820)"/>
         <nite:child href="Bmr027.D.segs.xml#id(Bmr027.segment.821)"/>
         <nite:child href="Bmr027.A.segs.xml#id(Bmr027.segment.822)"/>
         <nite:child href="Bmr027.E.segs.xml#id(Bmr027.segment.823)"/>
         <nite:child href="Bmr027.B.segs.xml#id(Bmr027.segment.824)"/>
         <nite:child href="Bmr027.F.segs.xml#id(Bmr027.segment.825)"/>
         <nite:child href="Bmr027.C.segs.xml#id(Bmr027.segment.826)"/>
         <nite:child href="Bmr027.G.segs.xml#id(Bmr027.segment.827)"/>
         <nite:child href="Bmr027.H.segs.xml#id(Bmr027.segment.828)"/>
         <nite:child href="Bmr027.F.segs.xml#id(Bmr027.segment.829)"/>
         <nite:child href="Bmr027.C.segs.xml#id(Bmr027.segment.830)..id(Bmr027.segment.831)"/>
         <nite:child href="Bmr027.F.segs.xml#id(Bmr027.segment.832)"/>
         <nite:child href="Bmr027.E.segs.xml#id(Bmr027.segment.833)"/>
         <nite:child href="Bmr027.B.segs.xml#id(Bmr027.segment.834)"/>
         <nite:child href="Bmr027.F.segs.xml#id(Bmr027.segment.835)"/>
         <nite:child href="Bmr027.A.segs.xml#id(Bmr027.segment.836)"/>
         <nite:child href="Bmr027.D.segs.xml#id(Bmr027.segment.837)"/>
         <nite:child href="Bmr027.G.segs.xml#id(Bmr027.segment.838)"/>
         <nite:child href="Bmr027.H.segs.xml#id(Bmr027.segment.839)"/>
         <nite:child href="Bmr027.F.segs.xml#id(Bmr027.segment.840)"/>
         <nite:child href="Bmr027.A.segs.xml#id(Bmr027.segment.841)"/>
         <nite:child href="Bmr027.H.segs.xml#id(Bmr027.segment.842)"/>
         <nite:child href="Bmr027.A.segs.xml#id(Bmr027.segment.843)"/>
         <nite:child href="Bmr027.E.segs.xml#id(Bmr027.segment.844)"/>
         <nite:child href="Bmr027.A.segs.xml#id(Bmr027.segment.845)..id(Bmr027.segment.846)"/>
         <nite:child href="Bmr027.F.segs.xml#id(Bmr027.segment.847)"/>
         <nite:child href="Bmr027.A.segs.xml#id(Bmr027.segment.848)..id(Bmr027.segment.849)"/>
         <nite:child href="Bmr027.B.segs.xml#id(Bmr027.segment.850)"/>
         <nite:child href="Bmr027.H.segs.xml#id(Bmr027.segment.851)"/>
         <nite:child href="Bmr027.B.segs.xml#id(Bmr027.segment.852)"/>
         <nite:child href="Bmr027.H.segs.xml#id(Bmr027.segment.853)"/>
         <nite:child href="Bmr027.F.segs.xml#id(Bmr027.segment.854)"/>
         <nite:child href="Bmr027.A.segs.xml#id(Bmr027.segment.855)"/>
         <nite:child href="Bmr027.H.segs.xml#id(Bmr027.segment.856)..id(Bmr027.segment.857)"/>
         <nite:child href="Bmr027.D.segs.xml#id(Bmr027.segment.858)"/>
         <nite:child href="Bmr027.A.segs.xml#id(Bmr027.segment.859)"/>
         <nite:child href="Bmr027.H.segs.xml#id(Bmr027.segment.860)"/>
         <nite:child href="Bmr027.F.segs.xml#id(Bmr027.segment.861)..id(Bmr027.segment.862)"/>
         <nite:child href="Bmr027.D.segs.xml#id(Bmr027.segment.863)"/>
         <nite:child href="Bmr027.A.segs.xml#id(Bmr027.segment.864)"/>
         <nite:child href="Bmr027.H.segs.xml#id(Bmr027.segment.865)..id(Bmr027.segment.866)"/>
         <nite:child href="Bmr027.B.segs.xml#id(Bmr027.segment.867)"/>
         <nite:child href="Bmr027.A.segs.xml#id(Bmr027.segment.868)"/>
         <nite:child href="Bmr027.F.segs.xml#id(Bmr027.segment.869)"/>
         <nite:child href="Bmr027.H.segs.xml#id(Bmr027.segment.870)"/>
         <nite:child href="Bmr027.F.segs.xml#id(Bmr027.segment.871)"/>
         <nite:child href="Bmr027.H.segs.xml#id(Bmr027.segment.872)..id(Bmr027.segment.873)"/>
         <nite:child href="Bmr027.F.segs.xml#id(Bmr027.segment.874)..id(Bmr027.segment.876)"/>
         <nite:child href="Bmr027.H.segs.xml#id(Bmr027.segment.877)"/>
         <nite:child href="Bmr027.B.segs.xml#id(Bmr027.segment.878)"/>
         <nite:child href="Bmr027.F.segs.xml#id(Bmr027.segment.879)"/>
         <nite:child href="Bmr027.E.segs.xml#id(Bmr027.segment.880)"/>
         <nite:child href="Bmr027.B.segs.xml#id(Bmr027.segment.881)"/>
         <nite:child href="Bmr027.H.segs.xml#id(Bmr027.segment.883)"/>
         <nite:child href="Bmr027.B.segs.xml#id(Bmr027.segment.882)"/>
         <nite:child href="Bmr027.H.segs.xml#id(Bmr027.segment.884)"/>
         <nite:child href="Bmr027.B.segs.xml#id(Bmr027.segment.885)..id(Bmr027.segment.886)"/>
         <nite:child href="Bmr027.H.segs.xml#id(Bmr027.segment.887)"/>
         <nite:child href="Bmr027.B.segs.xml#id(Bmr027.segment.888)"/>
         <nite:child href="Bmr027.G.segs.xml#id(Bmr027.segment.889)"/>
         <nite:child href="Bmr027.H.segs.xml#id(Bmr027.segment.890)"/>
         <nite:child href="Bmr027.A.segs.xml#id(Bmr027.segment.891)"/>
         <nite:child href="Bmr027.B.segs.xml#id(Bmr027.segment.892)"/>
         <nite:child href="Bmr027.E.segs.xml#id(Bmr027.segment.893)"/>
         <nite:child href="Bmr027.F.segs.xml#id(Bmr027.segment.894)"/>
         <nite:child href="Bmr027.G.segs.xml#id(Bmr027.segment.895)"/>
         <nite:child href="Bmr027.A.segs.xml#id(Bmr027.segment.896)"/>
         <nite:child href="Bmr027.B.segs.xml#id(Bmr027.segment.897)"/>
         <nite:child href="Bmr027.A.segs.xml#id(Bmr027.segment.898)"/>
         <nite:child href="Bmr027.F.segs.xml#id(Bmr027.segment.899)"/>
         <nite:child href="Bmr027.B.segs.xml#id(Bmr027.segment.900)"/>
         <nite:child href="Bmr027.H.segs.xml#id(Bmr027.segment.901)"/>
         <nite:child href="Bmr027.B.segs.xml#id(Bmr027.segment.902)"/>
         <nite:child href="Bmr027.H.segs.xml#id(Bmr027.segment.903)"/>
         <nite:child href="Bmr027.D.segs.xml#id(Bmr027.segment.904)"/>
         <nite:child href="Bmr027.F.segs.xml#id(Bmr027.segment.905)"/>
         <nite:child href="Bmr027.B.segs.xml#id(Bmr027.segment.906)"/>
         <nite:child href="Bmr027.G.segs.xml#id(Bmr027.segment.907)"/>
         <nite:child href="Bmr027.B.segs.xml#id(Bmr027.segment.908)"/>
         <nite:child href="Bmr027.A.segs.xml#id(Bmr027.segment.909)"/>
         <nite:child href="Bmr027.D.segs.xml#id(Bmr027.segment.910)"/>
         <nite:child href="Bmr027.F.segs.xml#id(Bmr027.segment.911)"/>
         <nite:child href="Bmr027.H.segs.xml#id(Bmr027.segment.912)"/>
         <nite:child href="Bmr027.E.segs.xml#id(Bmr027.segment.913)"/>
         <nite:child href="Bmr027.A.segs.xml#id(Bmr027.segment.914)"/>
         <nite:child href="Bmr027.D.segs.xml#id(Bmr027.segment.915)"/>
         <nite:child href="Bmr027.C.segs.xml#id(Bmr027.segment.916)"/>
         <nite:child href="Bmr027.E.segs.xml#id(Bmr027.segment.917)"/>
         <nite:child href="Bmr027.F.segs.xml#id(Bmr027.segment.918)"/>
         <nite:child href="Bmr027.H.segs.xml#id(Bmr027.segment.919)"/>
         <nite:child href="Bmr027.B.segs.xml#id(Bmr027.segment.920)"/>
         <nite:child href="Bmr027.F.segs.xml#id(Bmr027.segment.921)"/>
         <nite:child href="Bmr027.D.segs.xml#id(Bmr027.segment.922)"/>
         <nite:child href="Bmr027.H.segs.xml#id(Bmr027.segment.923)"/>
         <nite:child href="Bmr027.C.segs.xml#id(Bmr027.segment.924)"/>
         <nite:child href="Bmr027.A.segs.xml#id(Bmr027.segment.925)"/>
         <nite:child href="Bmr027.H.segs.xml#id(Bmr027.segment.926)..id(Bmr027.segment.927)"/>
         <nite:child href="Bmr027.F.segs.xml#id(Bmr027.segment.928)"/>
         <nite:child href="Bmr027.H.segs.xml#id(Bmr027.segment.929)"/>
         <nite:child href="Bmr027.D.segs.xml#id(Bmr027.segment.930)"/>
         <nite:child href="Bmr027.A.segs.xml#id(Bmr027.segment.931)"/>
         <nite:child href="Bmr027.C.segs.xml#id(Bmr027.segment.932)..id(Bmr027.segment.934)"/>
         <nite:child href="Bmr027.B.segs.xml#id(Bmr027.segment.933)"/>
         <nite:child href="Bmr027.E.segs.xml#id(Bmr027.segment.935)"/>
         <nite:child href="Bmr027.F.segs.xml#id(Bmr027.segment.936)"/>
         <nite:child href="Bmr027.D.segs.xml#id(Bmr027.segment.937)"/>
         <nite:child href="Bmr027.H.segs.xml#id(Bmr027.segment.938)"/>
         <nite:child href="Bmr027.E.segs.xml#id(Bmr027.segment.939)"/>
         <nite:child href="Bmr027.A.segs.xml#id(Bmr027.segment.940)"/>
         <nite:child href="Bmr027.E.segs.xml#id(Bmr027.segment.941)..id(Bmr027.segment.944)"/>
         <nite:child href="Bmr027.F.segs.xml#id(Bmr027.segment.945)"/>
         <nite:child href="Bmr027.E.segs.xml#id(Bmr027.segment.946)..id(Bmr027.segment.948)"/>
         <nite:child href="Bmr027.F.segs.xml#id(Bmr027.segment.949)"/>
         <nite:child href="Bmr027.E.segs.xml#id(Bmr027.segment.950)"/>
         <nite:child href="Bmr027.F.segs.xml#id(Bmr027.segment.951)"/>
         <nite:child href="Bmr027.A.segs.xml#id(Bmr027.segment.952)..id(Bmr027.segment.956)"/>
         <nite:child href="Bmr027.B.segs.xml#id(Bmr027.segment.957)"/>
         <nite:child href="Bmr027.A.segs.xml#id(Bmr027.segment.958)..id(Bmr027.segment.960)"/>
         <nite:child href="Bmr027.H.segs.xml#id(Bmr027.segment.961)"/>
         <nite:child href="Bmr027.A.segs.xml#id(Bmr027.segment.962)"/>
         <nite:child href="Bmr027.B.segs.xml#id(Bmr027.segment.963)"/>
         <nite:child href="Bmr027.E.segs.xml#id(Bmr027.segment.964)"/>
         <nite:child href="Bmr027.A.segs.xml#id(Bmr027.segment.965)"/>
         <nite:child href="Bmr027.H.segs.xml#id(Bmr027.segment.966)"/>
         <nite:child href="Bmr027.B.segs.xml#id(Bmr027.segment.967)"/>
      </topic>
   </topic>
   <topic nite:id="Bmr027.topic.17" description="transcription">
      <topic nite:id="Bmr027.topic.18" description="IBM transcription">
         <nite:child href="Bmr027.B.segs.xml#id(Bmr027.segment.968)..id(Bmr027.segment.969)"/>
         <nite:child href="Bmr027.C.segs.xml#id(Bmr027.segment.970)..id(Bmr027.segment.974)"/>
         <nite:child href="Bmr027.F.segs.xml#id(Bmr027.segment.975)"/>
         <nite:child href="Bmr027.C.segs.xml#id(Bmr027.segment.976)"/>
         <nite:child href="Bmr027.A.segs.xml#id(Bmr027.segment.977)..id(Bmr027.segment.978)"/>
         <nite:child href="Bmr027.C.segs.xml#id(Bmr027.segment.979)"/>
         <nite:child href="Bmr027.F.segs.xml#id(Bmr027.segment.980)"/>
         <nite:child href="Bmr027.C.segs.xml#id(Bmr027.segment.981)"/>
         <nite:child href="Bmr027.F.segs.xml#id(Bmr027.segment.982)"/>
         <nite:child href="Bmr027.B.segs.xml#id(Bmr027.segment.983)"/>
         <nite:child href="Bmr027.A.segs.xml#id(Bmr027.segment.984)"/>
         <nite:child href="Bmr027.B.segs.xml#id(Bmr027.segment.985)"/>
         <nite:child href="Bmr027.A.segs.xml#id(Bmr027.segment.986)..id(Bmr027.segment.987)"/>
         <nite:child href="Bmr027.F.segs.xml#id(Bmr027.segment.988)"/>
         <nite:child href="Bmr027.B.segs.xml#id(Bmr027.segment.989)"/>
         <nite:child href="Bmr027.A.segs.xml#id(Bmr027.segment.990)"/>
         <nite:child href="Bmr027.F.segs.xml#id(Bmr027.segment.991)"/>
         <nite:child href="Bmr027.A.segs.xml#id(Bmr027.segment.992)..id(Bmr027.segment.993)"/>
         <nite:child href="Bmr027.F.segs.xml#id(Bmr027.segment.994)"/>
         <nite:child href="Bmr027.A.segs.xml#id(Bmr027.segment.995)..id(Bmr027.segment.996)"/>
         <nite:child href="Bmr027.F.segs.xml#id(Bmr027.segment.997)"/>
         <nite:child href="Bmr027.A.segs.xml#id(Bmr027.segment.998)"/>
      </topic>
      <topic nite:id="Bmr027.topic.19" description="University of Washington data">
         <nite:child href="Bmr027.A.segs.xml#id(Bmr027.segment.999)..id(Bmr027.segment.1,004)"/>
         <nite:child href="Bmr027.C.segs.xml#id(Bmr027.segment.1,005)..id(Bmr027.segment.1,012)"/>
         <nite:child href="Bmr027.E.segs.xml#id(Bmr027.segment.1,013)"/>
         <nite:child href="Bmr027.C.segs.xml#id(Bmr027.segment.1,014)"/>
         <nite:child href="Bmr027.E.segs.xml#id(Bmr027.segment.1,015)..id(Bmr027.segment.1,018)"/>
         <nite:child href="Bmr027.F.segs.xml#id(Bmr027.segment.1,019)"/>
         <nite:child href="Bmr027.C.segs.xml#id(Bmr027.segment.1,020)"/>
         <nite:child href="Bmr027.B.segs.xml#id(Bmr027.segment.1,021)"/>
         <nite:child href="Bmr027.F.segs.xml#id(Bmr027.segment.1,022)"/>
         <nite:child href="Bmr027.H.segs.xml#id(Bmr027.segment.1,023)"/>
         <nite:child href="Bmr027.C.segs.xml#id(Bmr027.segment.1,024)"/>
         <nite:child href="Bmr027.H.segs.xml#id(Bmr027.segment.1,026)"/>
         <nite:child href="Bmr027.E.segs.xml#id(Bmr027.segment.1,025)"/>
         <nite:child href="Bmr027.H.segs.xml#id(Bmr027.segment.1,027)"/>
         <nite:child href="Bmr027.D.segs.xml#id(Bmr027.segment.1,028)"/>
         <nite:child href="Bmr027.H.segs.xml#id(Bmr027.segment.1,029)..id(Bmr027.segment.1,030)"/>
      </topic>
      <topic nite:id="Bmr027.topic.20" description="transcription accuracy">
         <nite:child href="Bmr027.A.segs.xml#id(Bmr027.segment.1,032)"/>
         <nite:child href="Bmr027.B.segs.xml#id(Bmr027.segment.1,031)"/>
         <nite:child href="Bmr027.H.segs.xml#id(Bmr027.segment.1,033)"/>
         <nite:child href="Bmr027.A.segs.xml#id(Bmr027.segment.1,034)..id(Bmr027.segment.1,041)"/>
         <nite:child href="Bmr027.H.segs.xml#id(Bmr027.segment.1,042)..id(Bmr027.segment.1,043)"/>
         <nite:child href="Bmr027.A.segs.xml#id(Bmr027.segment.1,044)..id(Bmr027.segment.1,045)"/>
         <nite:child href="Bmr027.F.segs.xml#id(Bmr027.segment.1,046)"/>
         <nite:child href="Bmr027.H.segs.xml#id(Bmr027.segment.1,047)"/>
         <nite:child href="Bmr027.A.segs.xml#id(Bmr027.segment.1,048)"/>
         <nite:child href="Bmr027.H.segs.xml#id(Bmr027.segment.1,049)..id(Bmr027.segment.1,050)"/>
         <nite:child href="Bmr027.A.segs.xml#id(Bmr027.segment.1,051)..id(Bmr027.segment.1,052)"/>
         <nite:child href="Bmr027.H.segs.xml#id(Bmr027.segment.1,053)"/>
         <nite:child href="Bmr027.A.segs.xml#id(Bmr027.segment.1,054)"/>
         <nite:child href="Bmr027.F.segs.xml#id(Bmr027.segment.1,055)..id(Bmr027.segment.1,056)"/>
         <nite:child href="Bmr027.D.segs.xml#id(Bmr027.segment.1,057)"/>
         <nite:child href="Bmr027.C.segs.xml#id(Bmr027.segment.1,058)"/>
         <nite:child href="Bmr027.G.segs.xml#id(Bmr027.segment.1,059)"/>
         <nite:child href="Bmr027.A.segs.xml#id(Bmr027.segment.1,060)"/>
         <nite:child href="Bmr027.G.segs.xml#id(Bmr027.segment.1,061)"/>
         <nite:child href="Bmr027.A.segs.xml#id(Bmr027.segment.1,062)"/>
         <nite:child href="Bmr027.D.segs.xml#id(Bmr027.segment.1,063)"/>
         <nite:child href="Bmr027.A.segs.xml#id(Bmr027.segment.1,065)"/>
         <nite:child href="Bmr027.F.segs.xml#id(Bmr027.segment.1,064)"/>
         <nite:child href="Bmr027.D.segs.xml#id(Bmr027.segment.1,066)"/>
         <nite:child href="Bmr027.F.segs.xml#id(Bmr027.segment.1,067)"/>
         <nite:child href="Bmr027.A.segs.xml#id(Bmr027.segment.1,068)"/>
         <nite:child href="Bmr027.F.segs.xml#id(Bmr027.segment.1,069)"/>
         <nite:child href="Bmr027.D.segs.xml#id(Bmr027.segment.1,070)..id(Bmr027.segment.1,071)"/>
         <nite:child href="Bmr027.A.segs.xml#id(Bmr027.segment.1,072)"/>
         <nite:child href="Bmr027.D.segs.xml#id(Bmr027.segment.1,073)"/>
         <nite:child href="Bmr027.A.segs.xml#id(Bmr027.segment.1,074)..id(Bmr027.segment.1,078)"/>
         <nite:child href="Bmr027.H.segs.xml#id(Bmr027.segment.1,079)"/>
         <nite:child href="Bmr027.F.segs.xml#id(Bmr027.segment.1,080)"/>
         <nite:child href="Bmr027.H.segs.xml#id(Bmr027.segment.1,081)"/>
         <nite:child href="Bmr027.A.segs.xml#id(Bmr027.segment.1,082)..id(Bmr027.segment.1,083)"/>
         <nite:child href="Bmr027.H.segs.xml#id(Bmr027.segment.1,084)"/>
         <nite:child href="Bmr027.A.segs.xml#id(Bmr027.segment.1,085)"/>
         <nite:child href="Bmr027.H.segs.xml#id(Bmr027.segment.1,086)..id(Bmr027.segment.1,087)"/>
         <nite:child href="Bmr027.A.segs.xml#id(Bmr027.segment.1,088)"/>
         <nite:child href="Bmr027.H.segs.xml#id(Bmr027.segment.1,089)"/>
         <nite:child href="Bmr027.A.segs.xml#id(Bmr027.segment.1,090)..id(Bmr027.segment.1,099)"/>
         <nite:child href="Bmr027.H.segs.xml#id(Bmr027.segment.1,100)"/>
         <nite:child href="Bmr027.A.segs.xml#id(Bmr027.segment.1,101)..id(Bmr027.segment.1,103)"/>
         <nite:child href="Bmr027.H.segs.xml#id(Bmr027.segment.1,104)"/>
         <nite:child href="Bmr027.F.segs.xml#id(Bmr027.segment.1,105)"/>
         <nite:child href="Bmr027.D.segs.xml#id(Bmr027.segment.1,106)"/>
         <nite:child href="Bmr027.A.segs.xml#id(Bmr027.segment.1,107)"/>
         <nite:child href="Bmr027.F.segs.xml#id(Bmr027.segment.1,108)"/>
         <nite:child href="Bmr027.A.segs.xml#id(Bmr027.segment.1,109)"/>
         <nite:child href="Bmr027.H.segs.xml#id(Bmr027.segment.1,110)"/>
         <nite:child href="Bmr027.C.segs.xml#id(Bmr027.segment.1,111)"/>
         <nite:child href="Bmr027.A.segs.xml#id(Bmr027.segment.1,112)"/>
         <nite:child href="Bmr027.H.segs.xml#id(Bmr027.segment.1,113)..id(Bmr027.segment.1,115)"/>
         <nite:child href="Bmr027.B.segs.xml#id(Bmr027.segment.1,116)"/>
         <nite:child href="Bmr027.F.segs.xml#id(Bmr027.segment.1,117)"/>
         <nite:child href="Bmr027.H.segs.xml#id(Bmr027.segment.1,118)"/>
         <nite:child href="Bmr027.C.segs.xml#id(Bmr027.segment.1,119)"/>
         <nite:child href="Bmr027.F.segs.xml#id(Bmr027.segment.1,120)"/>
         <nite:child href="Bmr027.A.segs.xml#id(Bmr027.segment.1,121)"/>
         <nite:child href="Bmr027.B.segs.xml#id(Bmr027.segment.1,122)..id(Bmr027.segment.1,123)"/>
         <nite:child href="Bmr027.A.segs.xml#id(Bmr027.segment.1,124)"/>
         <nite:child href="Bmr027.H.segs.xml#id(Bmr027.segment.1,125)"/>
         <nite:child href="Bmr027.D.segs.xml#id(Bmr027.segment.1,126)"/>
         <nite:child href="Bmr027.F.segs.xml#id(Bmr027.segment.1,127)"/>
         <nite:child href="Bmr027.G.segs.xml#id(Bmr027.segment.1,128)"/>
         <nite:child href="Bmr027.B.segs.xml#id(Bmr027.segment.1,129)..id(Bmr027.segment.1,131)"/>
         <nite:child href="Bmr027.F.segs.xml#id(Bmr027.segment.1,133)"/>
         <nite:child href="Bmr027.A.segs.xml#id(Bmr027.segment.1,132)..id(Bmr027.segment.1,134)"/>
         <nite:child href="Bmr027.H.segs.xml#id(Bmr027.segment.1,136)"/>
         <nite:child href="Bmr027.F.segs.xml#id(Bmr027.segment.1,135)"/>
         <nite:child href="Bmr027.A.segs.xml#id(Bmr027.segment.1,137)"/>
         <nite:child href="Bmr027.F.segs.xml#id(Bmr027.segment.1,138)"/>
         <nite:child href="Bmr027.B.segs.xml#id(Bmr027.segment.1,139)..id(Bmr027.segment.1,141)"/>
      </topic>
      <topic nite:id="Bmr027.topic.21" description="headphones">
         <nite:child href="Bmr027.A.segs.xml#id(Bmr027.segment.1,142)"/>
         <nite:child href="Bmr027.B.segs.xml#id(Bmr027.segment.1,143)"/>
         <nite:child href="Bmr027.H.segs.xml#id(Bmr027.segment.1,144)"/>
         <nite:child href="Bmr027.A.segs.xml#id(Bmr027.segment.1,145)..id(Bmr027.segment.1,146)"/>
         <nite:child href="Bmr027.F.segs.xml#id(Bmr027.segment.1,147)"/>
         <nite:child href="Bmr027.A.segs.xml#id(Bmr027.segment.1,148)"/>
         <nite:child href="Bmr027.F.segs.xml#id(Bmr027.segment.1,149)"/>
         <nite:child href="Bmr027.A.segs.xml#id(Bmr027.segment.1,150)"/>
         <nite:child href="Bmr027.H.segs.xml#id(Bmr027.segment.1,151)"/>
         <nite:child href="Bmr027.F.segs.xml#id(Bmr027.segment.1,152)"/>
         <nite:child href="Bmr027.A.segs.xml#id(Bmr027.segment.1,153)"/>
         <nite:child href="Bmr027.B.segs.xml#id(Bmr027.segment.1,154)"/>
         <nite:child href="Bmr027.F.segs.xml#id(Bmr027.segment.1,155)"/>
         <nite:child href="Bmr027.H.segs.xml#id(Bmr027.segment.1,156)..id(Bmr027.segment.1,157)"/>
         <nite:child href="Bmr027.F.segs.xml#id(Bmr027.segment.1,158)"/>
         <nite:child href="Bmr027.H.segs.xml#id(Bmr027.segment.1,159)"/>
         <nite:child href="Bmr027.E.segs.xml#id(Bmr027.segment.1,160)"/>
         <nite:child href="Bmr027.H.segs.xml#id(Bmr027.segment.1,161)..id(Bmr027.segment.1,164)"/>
         <nite:child href="Bmr027.A.segs.xml#id(Bmr027.segment.1,165)"/>
         <nite:child href="Bmr027.F.segs.xml#id(Bmr027.segment.1,166)"/>
         <nite:child href="Bmr027.A.segs.xml#id(Bmr027.segment.1,167)"/>
         <nite:child href="Bmr027.H.segs.xml#id(Bmr027.segment.1,168)"/>
         <nite:child href="Bmr027.A.segs.xml#id(Bmr027.segment.1,169)"/>
         <nite:child href="Bmr027.B.segs.xml#id(Bmr027.segment.1,170)"/>
         <nite:child href="Bmr027.H.segs.xml#id(Bmr027.segment.1,171)"/>
         <nite:child href="Bmr027.F.segs.xml#id(Bmr027.segment.1,172)"/>
         <nite:child href="Bmr027.H.segs.xml#id(Bmr027.segment.1,173)"/>
         <nite:child href="Bmr027.B.segs.xml#id(Bmr027.segment.1,174)"/>
         <nite:child href="Bmr027.H.segs.xml#id(Bmr027.segment.1,175)"/>
         <nite:child href="Bmr027.B.segs.xml#id(Bmr027.segment.1,176)"/>
         <nite:child href="Bmr027.D.segs.xml#id(Bmr027.segment.1,177)"/>
         <nite:child href="Bmr027.A.segs.xml#id(Bmr027.segment.1,178)"/>
         <nite:child href="Bmr027.E.segs.xml#id(Bmr027.segment.1,179)..id(Bmr027.segment.1,180)"/>
         <nite:child href="Bmr027.G.segs.xml#id(Bmr027.segment.1,181)"/>
         <nite:child href="Bmr027.D.segs.xml#id(Bmr027.segment.1,182)"/>
         <nite:child href="Bmr027.E.segs.xml#id(Bmr027.segment.1,183)"/>
         <nite:child href="Bmr027.H.segs.xml#id(Bmr027.segment.1,184)"/>
         <nite:child href="Bmr027.B.segs.xml#id(Bmr027.segment.1,185)"/>
         <nite:child href="Bmr027.E.segs.xml#id(Bmr027.segment.1,186)"/>
         <nite:child href="Bmr027.B.segs.xml#id(Bmr027.segment.1,187)"/>
         <nite:child href="Bmr027.A.segs.xml#id(Bmr027.segment.1,189)"/>
         <nite:child href="Bmr027.H.segs.xml#id(Bmr027.segment.1,188)"/>
         <nite:child href="Bmr027.E.segs.xml#id(Bmr027.segment.1,190)"/>
         <nite:child href="Bmr027.B.segs.xml#id(Bmr027.segment.1,191)"/>
         <nite:child href="Bmr027.A.segs.xml#id(Bmr027.segment.1,192)"/>
         <nite:child href="Bmr027.B.segs.xml#id(Bmr027.segment.1,193)"/>
         <nite:child href="Bmr027.H.segs.xml#id(Bmr027.segment.1,194)"/>
         <nite:child href="Bmr027.E.segs.xml#id(Bmr027.segment.1,195)"/>
         <nite:child href="Bmr027.H.segs.xml#id(Bmr027.segment.1,196)"/>
         <nite:child href="Bmr027.F.segs.xml#id(Bmr027.segment.1,197)"/>
         <nite:child href="Bmr027.B.segs.xml#id(Bmr027.segment.1,198)"/>
         <nite:child href="Bmr027.A.segs.xml#id(Bmr027.segment.1,199)"/>
         <nite:child href="Bmr027.F.segs.xml#id(Bmr027.segment.1,200)"/>
         <nite:child href="Bmr027.D.segs.xml#id(Bmr027.segment.1,201)..id(Bmr027.segment.1,202)"/>
         <nite:child href="Bmr027.B.segs.xml#id(Bmr027.segment.1,203)"/>
         <nite:child href="Bmr027.A.segs.xml#id(Bmr027.segment.1,204)"/>
      </topic>
   </topic>
   <topic nite:id="Bmr027.topic.12" description="disk space">
      <nite:child href="Bmr027.B.segs.xml#id(Bmr027.segment.1,205)"/>
      <nite:child href="Bmr027.F.segs.xml#id(Bmr027.segment.1,206)..id(Bmr027.segment.1,207)"/>
      <nite:child href="Bmr027.D.segs.xml#id(Bmr027.segment.1,208)"/>
      <nite:child href="Bmr027.H.segs.xml#id(Bmr027.segment.1,210)"/>
      <nite:child href="Bmr027.D.segs.xml#id(Bmr027.segment.1,209)"/>
      <nite:child href="Bmr027.F.segs.xml#id(Bmr027.segment.1,211)"/>
      <nite:child href="Bmr027.H.segs.xml#id(Bmr027.segment.1,212)"/>
      <nite:child href="Bmr027.B.segs.xml#id(Bmr027.segment.1,213)"/>
      <nite:child href="Bmr027.D.segs.xml#id(Bmr027.segment.1,214)"/>
      <nite:child href="Bmr027.F.segs.xml#id(Bmr027.segment.1,215)"/>
      <nite:child href="Bmr027.H.segs.xml#id(Bmr027.segment.1,216)"/>
      <nite:child href="Bmr027.E.segs.xml#id(Bmr027.segment.1,217)"/>
      <nite:child href="Bmr027.B.segs.xml#id(Bmr027.segment.1,218)"/>
      <nite:child href="Bmr027.C.segs.xml#id(Bmr027.segment.1,219)"/>
      <nite:child href="Bmr027.G.segs.xml#id(Bmr027.segment.1,220)"/>
      <nite:child href="Bmr027.D.segs.xml#id(Bmr027.segment.1,221)"/>
      <nite:child href="Bmr027.B.segs.xml#id(Bmr027.segment.1,222)"/>
      <nite:child href="Bmr027.E.segs.xml#id(Bmr027.segment.1,223)"/>
      <nite:child href="Bmr027.B.segs.xml#id(Bmr027.segment.1,224)"/>
      <nite:child href="Bmr027.D.segs.xml#id(Bmr027.segment.1,225)"/>
      <nite:child href="Bmr027.B.segs.xml#id(Bmr027.segment.1,226)..id(Bmr027.segment.1,227)"/>
      <nite:child href="Bmr027.E.segs.xml#id(Bmr027.segment.1,228)"/>
      <nite:child href="Bmr027.F.segs.xml#id(Bmr027.segment.1,229)"/>
      <nite:child href="Bmr027.D.segs.xml#id(Bmr027.segment.1,230)"/>
      <nite:child href="Bmr027.H.segs.xml#id(Bmr027.segment.1,231)"/>
      <nite:child href="Bmr027.F.segs.xml#id(Bmr027.segment.1,232)"/>
      <nite:child href="Bmr027.B.segs.xml#id(Bmr027.segment.1,233)"/>
      <nite:child href="Bmr027.D.segs.xml#id(Bmr027.segment.1,234)..id(Bmr027.segment.1,235)"/>
      <nite:child href="Bmr027.H.segs.xml#id(Bmr027.segment.1,236)"/>
      <nite:child href="Bmr027.F.segs.xml#id(Bmr027.segment.1,237)"/>
      <nite:child href="Bmr027.B.segs.xml#id(Bmr027.segment.1,238)"/>
      <nite:child href="Bmr027.E.segs.xml#id(Bmr027.segment.1,239)"/>
      <nite:child href="Bmr027.F.segs.xml#id(Bmr027.segment.1,240)"/>
      <nite:child href="Bmr027.G.segs.xml#id(Bmr027.segment.1,242)"/>
      <nite:child href="Bmr027.H.segs.xml#id(Bmr027.segment.1,241)"/>
      <nite:child href="Bmr027.E.segs.xml#id(Bmr027.segment.1,243)"/>
      <nite:child href="Bmr027.D.segs.xml#id(Bmr027.segment.1,244)"/>
      <nite:child href="Bmr027.F.segs.xml#id(Bmr027.segment.1,245)"/>
      <nite:child href="Bmr027.D.segs.xml#id(Bmr027.segment.1,246)..id(Bmr027.segment.1,250)"/>
      <nite:child href="Bmr027.B.segs.xml#id(Bmr027.segment.1,251)"/>
      <nite:child href="Bmr027.E.segs.xml#id(Bmr027.segment.1,252)"/>
      <nite:child href="Bmr027.D.segs.xml#id(Bmr027.segment.1,253)"/>
      <nite:child href="Bmr027.B.segs.xml#id(Bmr027.segment.1,254)"/>
      <nite:child href="Bmr027.E.segs.xml#id(Bmr027.segment.1,255)"/>
      <nite:child href="Bmr027.D.segs.xml#id(Bmr027.segment.1,256)"/>
      <nite:child href="Bmr027.B.segs.xml#id(Bmr027.segment.1,257)"/>
      <nite:child href="Bmr027.E.segs.xml#id(Bmr027.segment.1,258)"/>
      <nite:child href="Bmr027.C.segs.xml#id(Bmr027.segment.1,259)"/>
      <nite:child href="Bmr027.D.segs.xml#id(Bmr027.segment.1,260)"/>
      <nite:child href="Bmr027.F.segs.xml#id(Bmr027.segment.1,261)..id(Bmr027.segment.1,262)"/>
      <nite:child href="Bmr027.D.segs.xml#id(Bmr027.segment.1,263)..id(Bmr027.segment.1,265)"/>
      <nite:child href="Bmr027.H.segs.xml#id(Bmr027.segment.1,266)"/>
      <nite:child href="Bmr027.A.segs.xml#id(Bmr027.segment.1,267)"/>
      <nite:child href="Bmr027.D.segs.xml#id(Bmr027.segment.1,268)..id(Bmr027.segment.1,269)"/>
      <nite:child href="Bmr027.F.segs.xml#id(Bmr027.segment.1,270)"/>
      <nite:child href="Bmr027.C.segs.xml#id(Bmr027.segment.1,272)"/>
      <nite:child href="Bmr027.H.segs.xml#id(Bmr027.segment.1,271)"/>
      <nite:child href="Bmr027.F.segs.xml#id(Bmr027.segment.1,273)"/>
      <nite:child href="Bmr027.B.segs.xml#id(Bmr027.segment.1,274)"/>
      <nite:child href="Bmr027.D.segs.xml#id(Bmr027.segment.1,275)"/>
      <nite:child href="Bmr027.H.segs.xml#id(Bmr027.segment.1,276)"/>
      <nite:child href="Bmr027.F.segs.xml#id(Bmr027.segment.1,277)..id(Bmr027.segment.1,278)"/>
      <nite:child href="Bmr027.E.segs.xml#id(Bmr027.segment.1,279)..id(Bmr027.segment.1,280)"/>
      <nite:child href="Bmr027.C.segs.xml#id(Bmr027.segment.1,281)"/>
      <nite:child href="Bmr027.E.segs.xml#id(Bmr027.segment.1,282)"/>
      <nite:child href="Bmr027.F.segs.xml#id(Bmr027.segment.1,283)"/>
      <nite:child href="Bmr027.D.segs.xml#id(Bmr027.segment.1,284)..id(Bmr027.segment.1,285)"/>
      <nite:child href="Bmr027.F.segs.xml#id(Bmr027.segment.1,286)"/>
      <nite:child href="Bmr027.E.segs.xml#id(Bmr027.segment.1,287)"/>
      <nite:child href="Bmr027.D.segs.xml#id(Bmr027.segment.1,288)"/>
      <nite:child href="Bmr027.F.segs.xml#id(Bmr027.segment.1,289)..id(Bmr027.segment.1,290)"/>
      <nite:child href="Bmr027.C.segs.xml#id(Bmr027.segment.1,291)"/>
      <nite:child href="Bmr027.D.segs.xml#id(Bmr027.segment.1,292)"/>
      <nite:child href="Bmr027.B.segs.xml#id(Bmr027.segment.1,293)"/>
      <nite:child href="Bmr027.D.segs.xml#id(Bmr027.segment.1,294)"/>
      <nite:child href="Bmr027.H.segs.xml#id(Bmr027.segment.1,295)"/>
      <nite:child href="Bmr027.B.segs.xml#id(Bmr027.segment.1,296)..id(Bmr027.segment.1,297)"/>
      <nite:child href="Bmr027.D.segs.xml#id(Bmr027.segment.1,298)"/>
      <nite:child href="Bmr027.E.segs.xml#id(Bmr027.segment.1,299)"/>
      <nite:child href="Bmr027.D.segs.xml#id(Bmr027.segment.1,300)"/>
      <nite:child href="Bmr027.F.segs.xml#id(Bmr027.segment.1,301)"/>
      <nite:child href="Bmr027.G.segs.xml#id(Bmr027.segment.1,302)"/>
      <nite:child href="Bmr027.E.segs.xml#id(Bmr027.segment.1,303)"/>
      <nite:child href="Bmr027.B.segs.xml#id(Bmr027.segment.1,304)"/>
      <nite:child href="Bmr027.F.segs.xml#id(Bmr027.segment.1,305)"/>
      <nite:child href="Bmr027.B.segs.xml#id(Bmr027.segment.1,306)"/>
      <nite:child href="Bmr027.D.segs.xml#id(Bmr027.segment.1,307)"/>
   </topic>
   <topic nite:id="Bmr027.topic.28" description="Additional items">
      <topic nite:id="Bmr027.topic.13" description="Report writing">
         <nite:child href="Bmr027.B.segs.xml#id(Bmr027.segment.1,308)"/>
         <nite:child href="Bmr027.F.segs.xml#id(Bmr027.segment.1,309)"/>
         <nite:child href="Bmr027.B.segs.xml#id(Bmr027.segment.1,310)..id(Bmr027.segment.1,312)"/>
         <nite:child href="Bmr027.C.segs.xml#id(Bmr027.segment.1,313)"/>
         <nite:child href="Bmr027.B.segs.xml#id(Bmr027.segment.1,314)..id(Bmr027.segment.1,316)"/>
         <nite:child href="Bmr027.C.segs.xml#id(Bmr027.segment.1,317)"/>
         <nite:child href="Bmr027.B.segs.xml#id(Bmr027.segment.1,318)"/>
         <nite:child href="Bmr027.H.segs.xml#id(Bmr027.segment.1,319)"/>
         <nite:child href="Bmr027.B.segs.xml#id(Bmr027.segment.1,320)"/>
         <nite:child href="Bmr027.D.segs.xml#id(Bmr027.segment.1,321)"/>
         <nite:child href="Bmr027.F.segs.xml#id(Bmr027.segment.1,322)"/>
         <nite:child href="Bmr027.G.segs.xml#id(Bmr027.segment.1,323)"/>
         <nite:child href="Bmr027.C.segs.xml#id(Bmr027.segment.1,324)"/>
         <nite:child href="Bmr027.F.segs.xml#id(Bmr027.segment.1,325)"/>
         <nite:child href="Bmr027.E.segs.xml#id(Bmr027.segment.1,326)"/>
         <nite:child href="Bmr027.B.segs.xml#id(Bmr027.segment.1,327)"/>
         <nite:child href="Bmr027.C.segs.xml#id(Bmr027.segment.1,328)"/>
         <nite:child href="Bmr027.B.segs.xml#id(Bmr027.segment.1,329)..id(Bmr027.segment.1,331)"/>
         <nite:child href="Bmr027.H.segs.xml#id(Bmr027.segment.1,332)"/>
         <nite:child href="Bmr027.F.segs.xml#id(Bmr027.segment.1,333)"/>
         <nite:child href="Bmr027.B.segs.xml#id(Bmr027.segment.1,334)"/>
         <nite:child href="Bmr027.F.segs.xml#id(Bmr027.segment.1,335)"/>
         <nite:child href="Bmr027.B.segs.xml#id(Bmr027.segment.1,336)"/>
         <nite:child href="Bmr027.F.segs.xml#id(Bmr027.segment.1,337)..id(Bmr027.segment.1,338)"/>
         <nite:child href="Bmr027.B.segs.xml#id(Bmr027.segment.1,339)..id(Bmr027.segment.1,352)"/>
         <nite:child href="Bmr027.H.segs.xml#id(Bmr027.segment.1,353)"/>
      </topic>
      <topic nite:id="Bmr027.topic.14" description="demo meeting">
         <nite:child href="Bmr027.B.segs.xml#id(Bmr027.segment.1,354)..id(Bmr027.segment.1,356)"/>
         <nite:child href="Bmr027.F.segs.xml#id(Bmr027.segment.1,357)..id(Bmr027.segment.1,358)"/>
         <nite:child href="Bmr027.B.segs.xml#id(Bmr027.segment.1,359)..id(Bmr027.segment.1,360)"/>
         <nite:child href="Bmr027.F.segs.xml#id(Bmr027.segment.1,361)"/>
         <nite:child href="Bmr027.D.segs.xml#id(Bmr027.segment.1,362)"/>
         <nite:child href="Bmr027.F.segs.xml#id(Bmr027.segment.1,363)"/>
         <nite:child href="Bmr027.D.segs.xml#id(Bmr027.segment.1,364)"/>
         <nite:child href="Bmr027.F.segs.xml#id(Bmr027.segment.1,365)..id(Bmr027.segment.1,366)"/>
         <nite:child href="Bmr027.B.segs.xml#id(Bmr027.segment.1,367)"/>
         <nite:child href="Bmr027.G.segs.xml#id(Bmr027.segment.1,368)"/>
         <nite:child href="Bmr027.B.segs.xml#id(Bmr027.segment.1,369)..id(Bmr027.segment.1,372)"/>
         <nite:child href="Bmr027.F.segs.xml#id(Bmr027.segment.1,373)"/>
         <nite:child href="Bmr027.B.segs.xml#id(Bmr027.segment.1,374)"/>
         <nite:child href="Bmr027.C.segs.xml#id(Bmr027.segment.1,375)"/>
      </topic>
      <topic nite:id="Bmr027.topic.15" description="meeting organisation">
         <nite:child href="Bmr027.F.segs.xml#id(Bmr027.segment.1,376)..id(Bmr027.segment.1,377)"/>
         <nite:child href="Bmr027.E.segs.xml#id(Bmr027.segment.1,378)"/>
         <nite:child href="Bmr027.F.segs.xml#id(Bmr027.segment.1,379)"/>
         <nite:child href="Bmr027.E.segs.xml#id(Bmr027.segment.1,380)"/>
         <nite:child href="Bmr027.F.segs.xml#id(Bmr027.segment.1,381)"/>
         <nite:child href="Bmr027.E.segs.xml#id(Bmr027.segment.1,382)"/>
         <nite:child href="Bmr027.F.segs.xml#id(Bmr027.segment.1,383)"/>
         <nite:child href="Bmr027.E.segs.xml#id(Bmr027.segment.1,384)"/>
         <nite:child href="Bmr027.B.segs.xml#id(Bmr027.segment.1,385)..id(Bmr027.segment.1,386)"/>
         <nite:child href="Bmr027.F.segs.xml#id(Bmr027.segment.1,387)"/>
         <nite:child href="Bmr027.B.segs.xml#id(Bmr027.segment.1,388)"/>
         <nite:child href="Bmr027.E.segs.xml#id(Bmr027.segment.1,389)"/>
         <nite:child href="Bmr027.B.segs.xml#id(Bmr027.segment.1,390)"/>
         <nite:child href="Bmr027.F.segs.xml#id(Bmr027.segment.1,391)..id(Bmr027.segment.1,392)"/>
         <nite:child href="Bmr027.B.segs.xml#id(Bmr027.segment.1,393)"/>
         <nite:child href="Bmr027.E.segs.xml#id(Bmr027.segment.1,394)"/>
         <nite:child href="Bmr027.F.segs.xml#id(Bmr027.segment.1,395)"/>
         <nite:child href="Bmr027.D.segs.xml#id(Bmr027.segment.1,397)"/>
         <nite:child href="Bmr027.C.segs.xml#id(Bmr027.segment.1,396)"/>
         <nite:child href="Bmr027.B.segs.xml#id(Bmr027.segment.1,398)"/>
         <nite:child href="Bmr027.H.segs.xml#id(Bmr027.segment.1,399)"/>
         <nite:child href="Bmr027.F.segs.xml#id(Bmr027.segment.1,400)"/>
         <nite:child href="Bmr027.H.segs.xml#id(Bmr027.segment.1,401)"/>
         <nite:child href="Bmr027.G.segs.xml#id(Bmr027.segment.1,402)"/>
         <nite:child href="Bmr027.E.segs.xml#id(Bmr027.segment.1,403)"/>
         <nite:child href="Bmr027.A.segs.xml#id(Bmr027.segment.1,404)"/>
         <nite:child href="Bmr027.H.segs.xml#id(Bmr027.segment.1,405)"/>
         <nite:child href="Bmr027.A.segs.xml#id(Bmr027.segment.1,431)"/>
         <nite:child href="Bmr027.H.segs.xml#id(Bmr027.segment.1,406)"/>
         <nite:child href="Bmr027.D.segs.xml#id(Bmr027.segment.1,408)"/>
         <nite:child href="Bmr027.B.segs.xml#id(Bmr027.segment.1,409)"/>
         <nite:child href="Bmr027.F.segs.xml#id(Bmr027.segment.1,407)"/>
         <nite:child href="Bmr027.G.segs.xml#id(Bmr027.segment.1,410)"/>
         <nite:child href="Bmr027.H.segs.xml#id(Bmr027.segment.1,411)..id(Bmr027.segment.1,412)"/>
         <nite:child href="Bmr027.E.segs.xml#id(Bmr027.segment.1,413)"/>
         <nite:child href="Bmr027.D.segs.xml#id(Bmr027.segment.1,414)"/>
         <nite:child href="Bmr027.F.segs.xml#id(Bmr027.segment.1,415)"/>
         <nite:child href="Bmr027.C.segs.xml#id(Bmr027.segment.1,416)"/>
         <nite:child href="Bmr027.E.segs.xml#id(Bmr027.segment.1,417)"/>
         <nite:child href="Bmr027.H.segs.xml#id(Bmr027.segment.1,418)"/>
         <nite:child href="Bmr027.E.segs.xml#id(Bmr027.segment.1,419)"/>
         <nite:child href="Bmr027.H.segs.xml#id(Bmr027.segment.1,420)"/>
         <nite:child href="Bmr027.F.segs.xml#id(Bmr027.segment.1,421)"/>
         <nite:child href="Bmr027.E.segs.xml#id(Bmr027.segment.1,422)"/>
         <nite:child href="Bmr027.F.segs.xml#id(Bmr027.segment.1,423)"/>
         <nite:child href="Bmr027.B.segs.xml#id(Bmr027.segment.1,424)"/>
         <nite:child href="Bmr027.F.segs.xml#id(Bmr027.segment.1,425)"/>
         <nite:child href="Bmr027.H.segs.xml#id(Bmr027.segment.1,426)"/>
         <nite:child href="Bmr027.F.segs.xml#id(Bmr027.segment.1,427)"/>
         <nite:child href="Bmr027.H.segs.xml#id(Bmr027.segment.1,428)"/>
         <nite:child href="Bmr027.E.segs.xml#id(Bmr027.segment.1,429)..id(Bmr027.segment.1,430)"/>
         <nite:child href="Bmr027.B.segs.xml#id(Bmr027.segment.1,432)"/>
         <nite:child href="Bmr027.F.segs.xml#id(Bmr027.segment.1,433)"/>
         <nite:child href="Bmr027.C.segs.xml#id(Bmr027.segment.1,434)"/>
         <nite:child href="Bmr027.D.segs.xml#id(Bmr027.segment.1,435)"/>
         <nite:child href="Bmr027.H.segs.xml#id(Bmr027.segment.1,436)"/>
         <nite:child href="Bmr027.E.segs.xml#id(Bmr027.segment.1,437)"/>
         <nite:child href="Bmr027.B.segs.xml#id(Bmr027.segment.1,438)"/>
         <nite:child href="Bmr027.F.segs.xml#id(Bmr027.segment.1,439)"/>
         <nite:child href="Bmr027.D.segs.xml#id(Bmr027.segment.1,440)"/>
         <nite:child href="Bmr027.B.segs.xml#id(Bmr027.segment.1,441)"/>
         <nite:child href="Bmr027.C.segs.xml#id(Bmr027.segment.1,442)"/>
         <nite:child href="Bmr027.A.segs.xml#id(Bmr027.segment.1,443)"/>
         <nite:child href="Bmr027.E.segs.xml#id(Bmr027.segment.1,444)"/>
         <nite:child href="Bmr027.A.segs.xml#id(Bmr027.segment.1,445)"/>
         <nite:child href="Bmr027.C.segs.xml#id(Bmr027.segment.1,446)"/>
         <nite:child href="Bmr027.B.segs.xml#id(Bmr027.segment.1,447)..id(Bmr027.segment.1,449)"/>
         <nite:child href="Bmr027.A.segs.xml#id(Bmr027.segment.1,450)"/>
         <nite:child href="Bmr027.F.segs.xml#id(Bmr027.segment.1,451)"/>
         <nite:child href="Bmr027.D.segs.xml#id(Bmr027.segment.1,452)"/>
         <nite:child href="Bmr027.H.segs.xml#id(Bmr027.segment.1,453)"/>
         <nite:child href="Bmr027.C.segs.xml#id(Bmr027.segment.1,454)"/>
         <nite:child href="Bmr027.H.segs.xml#id(Bmr027.segment.1,455)"/>
         <nite:child href="Bmr027.F.segs.xml#id(Bmr027.segment.1,456)..id(Bmr027.segment.1,457)"/>
         <nite:child href="Bmr027.H.segs.xml#id(Bmr027.segment.1,458)"/>
         <nite:child href="Bmr027.F.segs.xml#id(Bmr027.segment.1,459)"/>
         <nite:child href="Bmr027.D.segs.xml#id(Bmr027.segment.1,460)"/>
         <nite:child href="Bmr027.B.segs.xml#id(Bmr027.segment.1,461)"/>
         <nite:child href="Bmr027.G.segs.xml#id(Bmr027.segment.1,462)"/>
         <nite:child href="Bmr027.A.segs.xml#id(Bmr027.segment.1,463)"/>
         <nite:child href="Bmr027.F.segs.xml#id(Bmr027.segment.1,464)"/>
         <nite:child href="Bmr027.E.segs.xml#id(Bmr027.segment.1,465)"/>
         <nite:child href="Bmr027.H.segs.xml#id(Bmr027.segment.1,466)..id(Bmr027.segment.1,467)"/>
         <nite:child href="Bmr027.B.segs.xml#id(Bmr027.segment.1,468)"/>
         <nite:child href="Bmr027.H.segs.xml#id(Bmr027.segment.1,469)..id(Bmr027.segment.1,472)"/>
         <nite:child href="Bmr027.F.segs.xml#id(Bmr027.segment.1,473)"/>
         <nite:child href="Bmr027.H.segs.xml#id(Bmr027.segment.1,474)"/>
         <nite:child href="Bmr027.E.segs.xml#id(Bmr027.segment.1,475)..id(Bmr027.segment.1,478)"/>
         <nite:child href="Bmr027.H.segs.xml#id(Bmr027.segment.1,479)"/>
         <nite:child href="Bmr027.F.segs.xml#id(Bmr027.segment.1,480)"/>
         <nite:child href="Bmr027.E.segs.xml#id(Bmr027.segment.1,481)"/>
         <nite:child href="Bmr027.F.segs.xml#id(Bmr027.segment.1,482)"/>
         <nite:child href="Bmr027.E.segs.xml#id(Bmr027.segment.1,483)..id(Bmr027.segment.1,485)"/>
         <nite:child href="Bmr027.F.segs.xml#id(Bmr027.segment.1,486)"/>
         <nite:child href="Bmr027.B.segs.xml#id(Bmr027.segment.1,487)"/>
         <nite:child href="Bmr027.E.segs.xml#id(Bmr027.segment.1,488)"/>
      </topic>
      <topic nite:id="Bmr027.topic.6" description="conference submissions">
         <nite:child href="Bmr027.E.segs.xml#id(Bmr027.segment.1,490)"/>
         <nite:child href="Bmr027.A.segs.xml#id(Bmr027.segment.1,489)"/>
         <nite:child href="Bmr027.E.segs.xml#id(Bmr027.segment.1,491)..id(Bmr027.segment.1,492)"/>
         <nite:child href="Bmr027.F.segs.xml#id(Bmr027.segment.1,493)"/>
         <nite:child href="Bmr027.D.segs.xml#id(Bmr027.segment.1,494)"/>
         <nite:child href="Bmr027.G.segs.xml#id(Bmr027.segment.1,495)"/>
         <nite:child href="Bmr027.E.segs.xml#id(Bmr027.segment.1,496)..id(Bmr027.segment.1,497)"/>
         <nite:child href="Bmr027.F.segs.xml#id(Bmr027.segment.1,498)"/>
         <nite:child href="Bmr027.E.segs.xml#id(Bmr027.segment.1,499)"/>
         <nite:child href="Bmr027.F.segs.xml#id(Bmr027.segment.1,500)"/>
         <nite:child href="Bmr027.E.segs.xml#id(Bmr027.segment.1,501)..id(Bmr027.segment.1,502)"/>
         <nite:child href="Bmr027.A.segs.xml#id(Bmr027.segment.1,503)"/>
         <nite:child href="Bmr027.E.segs.xml#id(Bmr027.segment.1,504)"/>
         <nite:child href="Bmr027.H.segs.xml#id(Bmr027.segment.1,505)"/>
         <nite:child href="Bmr027.E.segs.xml#id(Bmr027.segment.1,506)..id(Bmr027.segment.1,507)"/>
         <nite:child href="Bmr027.F.segs.xml#id(Bmr027.segment.1,508)"/>
         <nite:child href="Bmr027.A.segs.xml#id(Bmr027.segment.1,509)"/>
         <nite:child href="Bmr027.E.segs.xml#id(Bmr027.segment.1,510)..id(Bmr027.segment.1,511)"/>
         <nite:child href="Bmr027.B.segs.xml#id(Bmr027.segment.1,512)"/>
         <nite:child href="Bmr027.E.segs.xml#id(Bmr027.segment.1,513)"/>
         <nite:child href="Bmr027.F.segs.xml#id(Bmr027.segment.1,514)"/>
         <nite:child href="Bmr027.H.segs.xml#id(Bmr027.segment.1,515)"/>
         <nite:child href="Bmr027.B.segs.xml#id(Bmr027.segment.1,516)"/>
         <nite:child href="Bmr027.F.segs.xml#id(Bmr027.segment.1,517)..id(Bmr027.segment.1,518)"/>
         <nite:child href="Bmr027.B.segs.xml#id(Bmr027.segment.1,519)..id(Bmr027.segment.1,520)"/>
         <nite:child href="Bmr027.F.segs.xml#id(Bmr027.segment.1,521)"/>
         <nite:child href="Bmr027.E.segs.xml#id(Bmr027.segment.1,522)"/>
         <nite:child href="Bmr027.H.segs.xml#id(Bmr027.segment.1,523)"/>
         <nite:child href="Bmr027.D.segs.xml#id(Bmr027.segment.1,524)"/>
         <nite:child href="Bmr027.G.segs.xml#id(Bmr027.segment.1,525)"/>
         <nite:child href="Bmr027.F.segs.xml#id(Bmr027.segment.1,526)..id(Bmr027.segment.1,527)"/>
         <nite:child href="Bmr027.E.segs.xml#id(Bmr027.segment.1,528)"/>
         <nite:child href="Bmr027.D.segs.xml#id(Bmr027.segment.1,529)"/>
         <nite:child href="Bmr027.H.segs.xml#id(Bmr027.segment.1,530)"/>
         <nite:child href="Bmr027.A.segs.xml#id(Bmr027.segment.1,531)..id(Bmr027.segment.1,532)"/>
         <nite:child href="Bmr027.E.segs.xml#id(Bmr027.segment.1,533)"/>
         <nite:child href="Bmr027.B.segs.xml#id(Bmr027.segment.1,534)..id(Bmr027.segment.1,535)"/>
         <nite:child href="Bmr027.F.segs.xml#id(Bmr027.segment.1,536)"/>
         <nite:child href="Bmr027.B.segs.xml#id(Bmr027.segment.1,537)"/>
         <nite:child href="Bmr027.D.segs.xml#id(Bmr027.segment.1,538)"/>
         <nite:child href="Bmr027.A.segs.xml#id(Bmr027.segment.1,539)"/>
         <nite:child href="Bmr027.C.segs.xml#id(Bmr027.segment.1,540)"/>
         <nite:child href="Bmr027.H.segs.xml#id(Bmr027.segment.1,541)"/>
         <nite:child href="Bmr027.F.segs.xml#id(Bmr027.segment.1,542)"/>
      </topic>
   </topic>
   <topic nite:id="Bmr027.topic.5" description="closing">
      <nite:child href="Bmr027.F.segs.xml#id(Bmr027.segment.1,543)"/>
      <nite:child href="Bmr027.B.segs.xml#id(Bmr027.segment.1,544)"/>
      <nite:child href="Bmr027.F.segs.xml#id(Bmr027.segment.1,545)"/>
      <nite:child href="Bmr027.H.segs.xml#id(Bmr027.segment.1,546)"/>
      <topic nite:id="Bmr027.topic.29" description="digit task">
         <nite:child href="Bmr027.F.segs.xml#id(Bmr027.segment.1,547)..id(Bmr027.segment.1,554)"/>
         <nite:child href="Bmr027.G.segs.xml#id(Bmr027.segment.1,555)"/>
         <nite:child href="Bmr027.F.segs.xml#id(Bmr027.segment.1,556)"/>
         <nite:child href="Bmr027.G.segs.xml#id(Bmr027.segment.1,557)"/>
         <nite:child href="Bmr027.F.segs.xml#id(Bmr027.segment.1,558)..id(Bmr027.segment.1,559)"/>
         <nite:child href="Bmr027.H.segs.xml#id(Bmr027.segment.1,560)"/>
         <nite:child href="Bmr027.F.segs.xml#id(Bmr027.segment.1,561)"/>
         <nite:child href="Bmr027.H.segs.xml#id(Bmr027.segment.1,562)..id(Bmr027.segment.1,570)"/>
         <nite:child href="Bmr027.D.segs.xml#id(Bmr027.segment.1,571)"/>
         <nite:child href="Bmr027.H.segs.xml#id(Bmr027.segment.1,572)"/>
         <nite:child href="Bmr027.D.segs.xml#id(Bmr027.segment.1,573)..id(Bmr027.segment.1,578)"/>
         <nite:child href="Bmr027.F.segs.xml#id(Bmr027.segment.1,579)"/>
         <nite:child href="Bmr027.D.segs.xml#id(Bmr027.segment.1,580)..id(Bmr027.segment.1,582)"/>
         <nite:child href="Bmr027.G.segs.xml#id(Bmr027.segment.1,583)..id(Bmr027.segment.1,585)"/>
         <nite:child href="Bmr027.D.segs.xml#id(Bmr027.segment.1,586)"/>
         <nite:child href="Bmr027.G.segs.xml#id(Bmr027.segment.1,587)"/>
         <nite:child href="Bmr027.F.segs.xml#id(Bmr027.segment.1,588)"/>
         <nite:child href="Bmr027.D.segs.xml#id(Bmr027.segment.1,589)"/>
         <nite:child href="Bmr027.G.segs.xml#id(Bmr027.segment.1,590)..id(Bmr027.segment.1,594)"/>
         <nite:child href="Bmr027.E.segs.xml#id(Bmr027.segment.1,595)..id(Bmr027.segment.1,603)"/>
         <nite:child href="Bmr027.C.segs.xml#id(Bmr027.segment.1,604)..id(Bmr027.segment.1,606)"/>
         <nite:child href="Bmr027.F.segs.xml#id(Bmr027.segment.1,607)"/>
         <nite:child href="Bmr027.C.segs.xml#id(Bmr027.segment.1,608)..id(Bmr027.segment.1,609)"/>
         <nite:child href="Bmr027.E.segs.xml#id(Bmr027.segment.1,610)"/>
         <nite:child href="Bmr027.C.segs.xml#id(Bmr027.segment.1,611)..id(Bmr027.segment.1,614)"/>
         <nite:child href="Bmr027.B.segs.xml#id(Bmr027.segment.1,615)..id(Bmr027.segment.1,623)"/>
         <nite:child href="Bmr027.A.segs.xml#id(Bmr027.segment.1,624)"/>
         <nite:child href="Bmr027.F.segs.xml#id(Bmr027.segment.1,625)"/>
         <nite:child href="Bmr027.A.segs.xml#id(Bmr027.segment.1,627)..id(Bmr027.segment.1,628)"/>
         <nite:child href="Bmr027.D.segs.xml#id(Bmr027.segment.1,629)"/>
         <nite:child href="Bmr027.A.segs.xml#id(Bmr027.segment.1,630)..id(Bmr027.segment.1,635)"/>
         <nite:child href="Bmr027.F.segs.xml#id(Bmr027.segment.1,636)..id(Bmr027.segment.1,637)"/>
         <nite:child href="Bmr027.A.segs.xml#id(Bmr027.segment.1,638)"/>
      </topic>
      <nite:child href="Bmr027.F.segs.xml#id(Bmr027.segment.1,639)..id(Bmr027.segment.1,640)"/>
      <nite:child href="Bmr027.B.segs.xml#id(Bmr027.segment.1,641)"/>
      <nite:child href="Bmr027.A.segs.xml#id(Bmr027.segment.1,642)"/>
      <nite:child href="Bmr027.F.segs.xml#id(Bmr027.segment.1,643)"/>
      <nite:child href="Bmr027.A.segs.xml#id(Bmr027.segment.1,644)"/>
      <nite:child href="Bmr027.D.segs.xml#id(Bmr027.segment.1,645)"/>
      <nite:child href="Bmr027.F.segs.xml#id(Bmr027.segment.1,646)"/>
   </topic>
</nite:root>