<?xml version="1.0" encoding="ISO-8859-1" standalone="yes"?>
<nite:root nite:id="Bmr012.topic" xmlns:nite="http://nite.sourceforge.net/">
   <topic nite:id="Bmr012.topic.1" description="opening">
      <nite:child href="Bmr012.G.segs.xml#id(Bmr012.segment.2)"/>
      <nite:child href="Bmr012.F.segs.xml#id(Bmr012.segment.1)"/>
      <nite:child href="Bmr012.B.segs.xml#id(Bmr012.segment.3)..id(Bmr012.segment.5)"/>
      <nite:child href="Bmr012.E.segs.xml#id(Bmr012.segment.4)"/>
      <nite:child href="Bmr012.D.segs.xml#id(Bmr012.segment.6)"/>
      <nite:child href="Bmr012.G.segs.xml#id(Bmr012.segment.7)"/>
      <nite:child href="Bmr012.H.segs.xml#id(Bmr012.segment.8)"/>
      <nite:child href="Bmr012.E.segs.xml#id(Bmr012.segment.9)"/>
      <nite:child href="Bmr012.H.segs.xml#id(Bmr012.segment.10)"/>
      <nite:child href="Bmr012.B.segs.xml#id(Bmr012.segment.11)"/>
      <nite:child href="Bmr012.E.segs.xml#id(Bmr012.segment.12)"/>
      <nite:child href="Bmr012.H.segs.xml#id(Bmr012.segment.13)"/>
      <nite:child href="Bmr012.F.segs.xml#id(Bmr012.segment.14)"/>
      <nite:child href="Bmr012.D.segs.xml#id(Bmr012.segment.15)"/>
      <nite:child href="Bmr012.B.segs.xml#id(Bmr012.segment.16)"/>
      <nite:child href="Bmr012.H.segs.xml#id(Bmr012.segment.17)"/>
      <nite:child href="Bmr012.B.segs.xml#id(Bmr012.segment.18)"/>
      <nite:child href="Bmr012.F.segs.xml#id(Bmr012.segment.19)"/>
      <nite:child href="Bmr012.B.segs.xml#id(Bmr012.segment.20)"/>
      <nite:child href="Bmr012.D.segs.xml#id(Bmr012.segment.21)"/>
      <nite:child href="Bmr012.G.segs.xml#id(Bmr012.segment.22)"/>
      <nite:child href="Bmr012.D.segs.xml#id(Bmr012.segment.23)"/>
      <nite:child href="Bmr012.E.segs.xml#id(Bmr012.segment.24)"/>
      <nite:child href="Bmr012.F.segs.xml#id(Bmr012.segment.25)"/>
      <nite:child href="Bmr012.A.segs.xml#id(Bmr012.segment.26)"/>
      <nite:child href="Bmr012.D.segs.xml#id(Bmr012.segment.27)"/>
      <nite:child href="Bmr012.H.segs.xml#id(Bmr012.segment.28)"/>
      <nite:child href="Bmr012.E.segs.xml#id(Bmr012.segment.29)"/>
      <nite:child href="Bmr012.A.segs.xml#id(Bmr012.segment.30)"/>
      <nite:child href="Bmr012.G.segs.xml#id(Bmr012.segment.31)"/>
      <nite:child href="Bmr012.D.segs.xml#id(Bmr012.segment.32)"/>
      <nite:child href="Bmr012.A.segs.xml#id(Bmr012.segment.33)"/>
      <nite:child href="Bmr012.E.segs.xml#id(Bmr012.segment.34)"/>
      <nite:child href="Bmr012.F.segs.xml#id(Bmr012.segment.35)"/>
      <nite:child href="Bmr012.D.segs.xml#id(Bmr012.segment.36)"/>
      <nite:child href="Bmr012.B.segs.xml#id(Bmr012.segment.37)"/>
      <nite:child href="Bmr012.E.segs.xml#id(Bmr012.segment.38)"/>
      <nite:child href="Bmr012.G.segs.xml#id(Bmr012.segment.39)"/>
      <nite:child href="Bmr012.A.segs.xml#id(Bmr012.segment.40)"/>
      <nite:child href="Bmr012.H.segs.xml#id(Bmr012.segment.41)"/>
      <nite:child href="Bmr012.D.segs.xml#id(Bmr012.segment.42)"/>
      <nite:child href="Bmr012.C.segs.xml#id(Bmr012.segment.43)"/>
      <nite:child href="Bmr012.E.segs.xml#id(Bmr012.segment.44)..id(Bmr012.segment.45)"/>
      <nite:child href="Bmr012.C.segs.xml#id(Bmr012.segment.47)"/>
      <nite:child href="Bmr012.H.segs.xml#id(Bmr012.segment.46)"/>
      <nite:child href="Bmr012.B.segs.xml#id(Bmr012.segment.49)"/>
      <nite:child href="Bmr012.G.segs.xml#id(Bmr012.segment.48)"/>
      <nite:child href="Bmr012.C.segs.xml#id(Bmr012.segment.50)"/>
      <nite:child href="Bmr012.E.segs.xml#id(Bmr012.segment.51)"/>
      <nite:child href="Bmr012.A.segs.xml#id(Bmr012.segment.52)"/>
      <nite:child href="Bmr012.H.segs.xml#id(Bmr012.segment.53)"/>
      <nite:child href="Bmr012.F.segs.xml#id(Bmr012.segment.54)"/>
      <nite:child href="Bmr012.A.segs.xml#id(Bmr012.segment.56)"/>
      <nite:child href="Bmr012.E.segs.xml#id(Bmr012.segment.55)"/>
      <nite:child href="Bmr012.B.segs.xml#id(Bmr012.segment.57)"/>
      <nite:child href="Bmr012.C.segs.xml#id(Bmr012.segment.59)"/>
      <nite:child href="Bmr012.E.segs.xml#id(Bmr012.segment.58)"/>
      <nite:child href="Bmr012.H.segs.xml#id(Bmr012.segment.60)"/>
      <nite:child href="Bmr012.F.segs.xml#id(Bmr012.segment.61)"/>
      <topic nite:id="Bmr012.topic.2" description="forms">
         <nite:child href="Bmr012.E.segs.xml#id(Bmr012.segment.63)"/>
         <nite:child href="Bmr012.A.segs.xml#id(Bmr012.segment.62)"/>
         <nite:child href="Bmr012.F.segs.xml#id(Bmr012.segment.64)"/>
         <nite:child href="Bmr012.B.segs.xml#id(Bmr012.segment.65)"/>
         <nite:child href="Bmr012.E.segs.xml#id(Bmr012.segment.66)..id(Bmr012.segment.67)"/>
         <nite:child href="Bmr012.H.segs.xml#id(Bmr012.segment.68)"/>
         <nite:child href="Bmr012.E.segs.xml#id(Bmr012.segment.69)..id(Bmr012.segment.72)"/>
         <nite:child href="Bmr012.H.segs.xml#id(Bmr012.segment.74)"/>
         <nite:child href="Bmr012.A.segs.xml#id(Bmr012.segment.73)"/>
         <nite:child href="Bmr012.D.segs.xml#id(Bmr012.segment.75)"/>
         <nite:child href="Bmr012.A.segs.xml#id(Bmr012.segment.76)"/>
         <nite:child href="Bmr012.E.segs.xml#id(Bmr012.segment.77)"/>
         <nite:child href="Bmr012.H.segs.xml#id(Bmr012.segment.78)"/>
         <nite:child href="Bmr012.A.segs.xml#id(Bmr012.segment.79)"/>
         <nite:child href="Bmr012.E.segs.xml#id(Bmr012.segment.80)..id(Bmr012.segment.81)"/>
         <nite:child href="Bmr012.A.segs.xml#id(Bmr012.segment.82)"/>
         <nite:child href="Bmr012.B.segs.xml#id(Bmr012.segment.83)"/>
         <nite:child href="Bmr012.G.segs.xml#id(Bmr012.segment.84)"/>
         <nite:child href="Bmr012.C.segs.xml#id(Bmr012.segment.85)"/>
         <nite:child href="Bmr012.D.segs.xml#id(Bmr012.segment.87)"/>
         <nite:child href="Bmr012.E.segs.xml#id(Bmr012.segment.86)"/>
         <nite:child href="Bmr012.A.segs.xml#id(Bmr012.segment.88)"/>
         <nite:child href="Bmr012.F.segs.xml#id(Bmr012.segment.89)"/>
         <nite:child href="Bmr012.G.segs.xml#id(Bmr012.segment.90)"/>
         <nite:child href="Bmr012.C.segs.xml#id(Bmr012.segment.91)"/>
         <nite:child href="Bmr012.G.segs.xml#id(Bmr012.segment.92)"/>
         <nite:child href="Bmr012.A.segs.xml#id(Bmr012.segment.93)"/>
         <nite:child href="Bmr012.G.segs.xml#id(Bmr012.segment.94)"/>
         <nite:child href="Bmr012.D.segs.xml#id(Bmr012.segment.95)"/>
         <nite:child href="Bmr012.C.segs.xml#id(Bmr012.segment.96)..id(Bmr012.segment.97)"/>
         <nite:child href="Bmr012.A.segs.xml#id(Bmr012.segment.98)"/>
         <nite:child href="Bmr012.G.segs.xml#id(Bmr012.segment.99)"/>
         <nite:child href="Bmr012.F.segs.xml#id(Bmr012.segment.100)"/>
         <nite:child href="Bmr012.E.segs.xml#id(Bmr012.segment.101)"/>
         <nite:child href="Bmr012.G.segs.xml#id(Bmr012.segment.103)"/>
         <nite:child href="Bmr012.A.segs.xml#id(Bmr012.segment.102)"/>
         <nite:child href="Bmr012.C.segs.xml#id(Bmr012.segment.104)"/>
         <nite:child href="Bmr012.E.segs.xml#id(Bmr012.segment.105)..id(Bmr012.segment.106)"/>
         <nite:child href="Bmr012.A.segs.xml#id(Bmr012.segment.107)"/>
         <nite:child href="Bmr012.E.segs.xml#id(Bmr012.segment.109)..id(Bmr012.segment.111)"/>
         <nite:child href="Bmr012.A.segs.xml#id(Bmr012.segment.110)"/>
         <nite:child href="Bmr012.E.segs.xml#id(Bmr012.segment.112)..id(Bmr012.segment.116)"/>
         <nite:child href="Bmr012.B.segs.xml#id(Bmr012.segment.118)"/>
         <nite:child href="Bmr012.E.segs.xml#id(Bmr012.segment.117)"/>
         <nite:child href="Bmr012.F.segs.xml#id(Bmr012.segment.119)"/>
         <nite:child href="Bmr012.E.segs.xml#id(Bmr012.segment.120)..id(Bmr012.segment.121)"/>
      </topic>
      <topic nite:id="Bmr012.topic.3" description="summary of meeting agenda items">
         <nite:child href="Bmr012.B.segs.xml#id(Bmr012.segment.122)"/>
         <nite:child href="Bmr012.E.segs.xml#id(Bmr012.segment.123)..id(Bmr012.segment.124)"/>
         <nite:child href="Bmr012.B.segs.xml#id(Bmr012.segment.125)..id(Bmr012.segment.126)"/>
         <nite:child href="Bmr012.D.segs.xml#id(Bmr012.segment.127)"/>
         <nite:child href="Bmr012.H.segs.xml#id(Bmr012.segment.128)"/>
         <nite:child href="Bmr012.B.segs.xml#id(Bmr012.segment.129)"/>
         <nite:child href="Bmr012.E.segs.xml#id(Bmr012.segment.130)"/>
         <nite:child href="Bmr012.B.segs.xml#id(Bmr012.segment.131)"/>
         <nite:child href="Bmr012.G.segs.xml#id(Bmr012.segment.132)"/>
         <nite:child href="Bmr012.E.segs.xml#id(Bmr012.segment.133)..id(Bmr012.segment.135)"/>
         <nite:child href="Bmr012.C.segs.xml#id(Bmr012.segment.136)..id(Bmr012.segment.137)"/>
         <nite:child href="Bmr012.A.segs.xml#id(Bmr012.segment.138)"/>
         <nite:child href="Bmr012.C.segs.xml#id(Bmr012.segment.140)"/>
         <nite:child href="Bmr012.E.segs.xml#id(Bmr012.segment.139)"/>
         <nite:child href="Bmr012.B.segs.xml#id(Bmr012.segment.141)"/>
         <nite:child href="Bmr012.A.segs.xml#id(Bmr012.segment.142)"/>
      </topic>
   </topic>
   <topic nite:id="Bmr012.topic.4" description="recognition results">
      <nite:child href="Bmr012.C.segs.xml#id(Bmr012.segment.143)..id(Bmr012.segment.148)"/>
      <nite:child href="Bmr012.E.segs.xml#id(Bmr012.segment.149)"/>
      <nite:child href="Bmr012.C.segs.xml#id(Bmr012.segment.150)..id(Bmr012.segment.157)"/>
      <topic nite:id="Bmr012.topic.5" description="bug in synch time file">
         <nite:child href="Bmr012.C.segs.xml#id(Bmr012.segment.158)"/>
         <nite:child href="Bmr012.E.segs.xml#id(Bmr012.segment.159)..id(Bmr012.segment.160)"/>
         <nite:child href="Bmr012.C.segs.xml#id(Bmr012.segment.161)..id(Bmr012.segment.162)"/>
         <nite:child href="Bmr012.E.segs.xml#id(Bmr012.segment.163)..id(Bmr012.segment.165)"/>
         <nite:child href="Bmr012.G.segs.xml#id(Bmr012.segment.166)..id(Bmr012.segment.167)"/>
         <nite:child href="Bmr012.C.segs.xml#id(Bmr012.segment.168)..id(Bmr012.segment.169)"/>
         <nite:child href="Bmr012.F.segs.xml#id(Bmr012.segment.170)"/>
         <nite:child href="Bmr012.G.segs.xml#id(Bmr012.segment.171)"/>
         <nite:child href="Bmr012.C.segs.xml#id(Bmr012.segment.172)"/>
         <nite:child href="Bmr012.A.segs.xml#id(Bmr012.segment.173)"/>
         <nite:child href="Bmr012.G.segs.xml#id(Bmr012.segment.174)"/>
         <nite:child href="Bmr012.E.segs.xml#id(Bmr012.segment.175)"/>
         <nite:child href="Bmr012.A.segs.xml#id(Bmr012.segment.176)"/>
         <nite:child href="Bmr012.E.segs.xml#id(Bmr012.segment.177)"/>
         <nite:child href="Bmr012.H.segs.xml#id(Bmr012.segment.178)"/>
         <nite:child href="Bmr012.A.segs.xml#id(Bmr012.segment.179)..id(Bmr012.segment.181)"/>
         <nite:child href="Bmr012.D.segs.xml#id(Bmr012.segment.182)"/>
         <nite:child href="Bmr012.F.segs.xml#id(Bmr012.segment.183)"/>
         <nite:child href="Bmr012.C.segs.xml#id(Bmr012.segment.185)"/>
         <nite:child href="Bmr012.E.segs.xml#id(Bmr012.segment.184)"/>
         <nite:child href="Bmr012.G.segs.xml#id(Bmr012.segment.186)"/>
         <nite:child href="Bmr012.E.segs.xml#id(Bmr012.segment.187)"/>
         <nite:child href="Bmr012.C.segs.xml#id(Bmr012.segment.189)"/>
         <nite:child href="Bmr012.A.segs.xml#id(Bmr012.segment.188)"/>
         <nite:child href="Bmr012.E.segs.xml#id(Bmr012.segment.190)"/>
         <nite:child href="Bmr012.C.segs.xml#id(Bmr012.segment.191)"/>
         <nite:child href="Bmr012.G.segs.xml#id(Bmr012.segment.192)"/>
         <nite:child href="Bmr012.F.segs.xml#id(Bmr012.segment.193)"/>
         <nite:child href="Bmr012.G.segs.xml#id(Bmr012.segment.194)"/>
         <nite:child href="Bmr012.C.segs.xml#id(Bmr012.segment.195)..id(Bmr012.segment.196)"/>
         <nite:child href="Bmr012.A.segs.xml#id(Bmr012.segment.197)"/>
         <nite:child href="Bmr012.E.segs.xml#id(Bmr012.segment.198)"/>
         <nite:child href="Bmr012.G.segs.xml#id(Bmr012.segment.199)"/>
         <nite:child href="Bmr012.E.segs.xml#id(Bmr012.segment.200)"/>
         <nite:child href="Bmr012.A.segs.xml#id(Bmr012.segment.201)"/>
         <nite:child href="Bmr012.G.segs.xml#id(Bmr012.segment.202)"/>
         <nite:child href="Bmr012.E.segs.xml#id(Bmr012.segment.203)"/>
         <nite:child href="Bmr012.G.segs.xml#id(Bmr012.segment.204)"/>
         <nite:child href="Bmr012.E.segs.xml#id(Bmr012.segment.205)"/>
         <nite:child href="Bmr012.C.segs.xml#id(Bmr012.segment.206)"/>
         <nite:child href="Bmr012.B.segs.xml#id(Bmr012.segment.208)"/>
         <nite:child href="Bmr012.C.segs.xml#id(Bmr012.segment.207)"/>
         <nite:child href="Bmr012.G.segs.xml#id(Bmr012.segment.210)"/>
         <nite:child href="Bmr012.E.segs.xml#id(Bmr012.segment.209)"/>
         <nite:child href="Bmr012.B.segs.xml#id(Bmr012.segment.211)"/>
         <nite:child href="Bmr012.C.segs.xml#id(Bmr012.segment.212)"/>
         <nite:child href="Bmr012.G.segs.xml#id(Bmr012.segment.213)..id(Bmr012.segment.214)"/>
         <nite:child href="Bmr012.E.segs.xml#id(Bmr012.segment.215)"/>
         <nite:child href="Bmr012.C.segs.xml#id(Bmr012.segment.216)"/>
         <nite:child href="Bmr012.E.segs.xml#id(Bmr012.segment.217)..id(Bmr012.segment.218)"/>
         <nite:child href="Bmr012.G.segs.xml#id(Bmr012.segment.219)"/>
         <nite:child href="Bmr012.C.segs.xml#id(Bmr012.segment.220)..id(Bmr012.segment.222)"/>
         <nite:child href="Bmr012.E.segs.xml#id(Bmr012.segment.223)"/>
         <nite:child href="Bmr012.A.segs.xml#id(Bmr012.segment.221)"/>
         <nite:child href="Bmr012.E.segs.xml#id(Bmr012.segment.224)"/>
         <nite:child href="Bmr012.F.segs.xml#id(Bmr012.segment.225)"/>
         <nite:child href="Bmr012.B.segs.xml#id(Bmr012.segment.226)"/>
         <nite:child href="Bmr012.E.segs.xml#id(Bmr012.segment.227)"/>
         <nite:child href="Bmr012.B.segs.xml#id(Bmr012.segment.228)..id(Bmr012.segment.230)"/>
         <nite:child href="Bmr012.C.segs.xml#id(Bmr012.segment.229)"/>
         <nite:child href="Bmr012.E.segs.xml#id(Bmr012.segment.231)..id(Bmr012.segment.232)"/>
         <nite:child href="Bmr012.D.segs.xml#id(Bmr012.segment.233)"/>
         <nite:child href="Bmr012.C.segs.xml#id(Bmr012.segment.234)..id(Bmr012.segment.235)"/>
         <nite:child href="Bmr012.B.segs.xml#id(Bmr012.segment.236)..id(Bmr012.segment.237)"/>
         <nite:child href="Bmr012.E.segs.xml#id(Bmr012.segment.239)"/>
         <nite:child href="Bmr012.B.segs.xml#id(Bmr012.segment.238)"/>
         <nite:child href="Bmr012.H.segs.xml#id(Bmr012.segment.241)"/>
         <nite:child href="Bmr012.G.segs.xml#id(Bmr012.segment.240)"/>
         <nite:child href="Bmr012.C.segs.xml#id(Bmr012.segment.242)"/>
         <nite:child href="Bmr012.G.segs.xml#id(Bmr012.segment.243)"/>
         <nite:child href="Bmr012.E.segs.xml#id(Bmr012.segment.244)"/>
         <nite:child href="Bmr012.F.segs.xml#id(Bmr012.segment.245)"/>
         <nite:child href="Bmr012.E.segs.xml#id(Bmr012.segment.246)"/>
         <nite:child href="Bmr012.C.segs.xml#id(Bmr012.segment.247)"/>
         <nite:child href="Bmr012.B.segs.xml#id(Bmr012.segment.248)"/>
         <nite:child href="Bmr012.D.segs.xml#id(Bmr012.segment.249)"/>
         <nite:child href="Bmr012.F.segs.xml#id(Bmr012.segment.250)"/>
         <nite:child href="Bmr012.A.segs.xml#id(Bmr012.segment.251)"/>
         <nite:child href="Bmr012.C.segs.xml#id(Bmr012.segment.252)"/>
         <nite:child href="Bmr012.D.segs.xml#id(Bmr012.segment.253)"/>
         <nite:child href="Bmr012.E.segs.xml#id(Bmr012.segment.254)"/>
         <nite:child href="Bmr012.F.segs.xml#id(Bmr012.segment.256)"/>
         <nite:child href="Bmr012.G.segs.xml#id(Bmr012.segment.255)"/>
         <nite:child href="Bmr012.A.segs.xml#id(Bmr012.segment.257)"/>
         <nite:child href="Bmr012.E.segs.xml#id(Bmr012.segment.258)"/>
         <nite:child href="Bmr012.A.segs.xml#id(Bmr012.segment.260)"/>
         <nite:child href="Bmr012.G.segs.xml#id(Bmr012.segment.259)"/>
         <nite:child href="Bmr012.C.segs.xml#id(Bmr012.segment.261)"/>
         <nite:child href="Bmr012.E.segs.xml#id(Bmr012.segment.262)"/>
         <nite:child href="Bmr012.A.segs.xml#id(Bmr012.segment.263)"/>
         <nite:child href="Bmr012.B.segs.xml#id(Bmr012.segment.264)"/>
         <nite:child href="Bmr012.E.segs.xml#id(Bmr012.segment.265)"/>
         <nite:child href="Bmr012.G.segs.xml#id(Bmr012.segment.266)..id(Bmr012.segment.267)"/>
         <nite:child href="Bmr012.F.segs.xml#id(Bmr012.segment.268)"/>
         <nite:child href="Bmr012.C.segs.xml#id(Bmr012.segment.269)"/>
         <nite:child href="Bmr012.G.segs.xml#id(Bmr012.segment.271)"/>
         <nite:child href="Bmr012.H.segs.xml#id(Bmr012.segment.270)"/>
         <nite:child href="Bmr012.F.segs.xml#id(Bmr012.segment.272)"/>
         <nite:child href="Bmr012.E.segs.xml#id(Bmr012.segment.273)"/>
         <nite:child href="Bmr012.F.segs.xml#id(Bmr012.segment.274)"/>
         <nite:child href="Bmr012.H.segs.xml#id(Bmr012.segment.275)"/>
         <nite:child href="Bmr012.G.segs.xml#id(Bmr012.segment.276)"/>
         <nite:child href="Bmr012.E.segs.xml#id(Bmr012.segment.277)"/>
         <nite:child href="Bmr012.F.segs.xml#id(Bmr012.segment.279)"/>
         <nite:child href="Bmr012.C.segs.xml#id(Bmr012.segment.278)"/>
         <nite:child href="Bmr012.G.segs.xml#id(Bmr012.segment.280)"/>
         <nite:child href="Bmr012.E.segs.xml#id(Bmr012.segment.281)"/>
         <nite:child href="Bmr012.A.segs.xml#id(Bmr012.segment.282)"/>
         <nite:child href="Bmr012.C.segs.xml#id(Bmr012.segment.283)"/>
         <nite:child href="Bmr012.F.segs.xml#id(Bmr012.segment.284)"/>
         <nite:child href="Bmr012.C.segs.xml#id(Bmr012.segment.285)"/>
         <nite:child href="Bmr012.F.segs.xml#id(Bmr012.segment.286)"/>
         <nite:child href="Bmr012.E.segs.xml#id(Bmr012.segment.287)"/>
         <nite:child href="Bmr012.F.segs.xml#id(Bmr012.segment.288)"/>
         <nite:child href="Bmr012.E.segs.xml#id(Bmr012.segment.289)"/>
         <nite:child href="Bmr012.C.segs.xml#id(Bmr012.segment.290)"/>
         <nite:child href="Bmr012.E.segs.xml#id(Bmr012.segment.291)"/>
         <nite:child href="Bmr012.F.segs.xml#id(Bmr012.segment.292)"/>
         <nite:child href="Bmr012.B.segs.xml#id(Bmr012.segment.293)"/>
         <nite:child href="Bmr012.F.segs.xml#id(Bmr012.segment.294)"/>
      </topic>
      <topic nite:id="Bmr012.topic.6" description="promising pre-bug results">
         <nite:child href="Bmr012.C.segs.xml#id(Bmr012.segment.295)"/>
         <nite:child href="Bmr012.F.segs.xml#id(Bmr012.segment.296)"/>
         <nite:child href="Bmr012.C.segs.xml#id(Bmr012.segment.297)"/>
         <nite:child href="Bmr012.A.segs.xml#id(Bmr012.segment.298)"/>
         <nite:child href="Bmr012.B.segs.xml#id(Bmr012.segment.299)"/>
         <nite:child href="Bmr012.C.segs.xml#id(Bmr012.segment.300)"/>
         <nite:child href="Bmr012.E.segs.xml#id(Bmr012.segment.301)"/>
         <nite:child href="Bmr012.C.segs.xml#id(Bmr012.segment.302)"/>
         <nite:child href="Bmr012.H.segs.xml#id(Bmr012.segment.303)"/>
         <nite:child href="Bmr012.D.segs.xml#id(Bmr012.segment.305)"/>
         <nite:child href="Bmr012.B.segs.xml#id(Bmr012.segment.304)"/>
         <nite:child href="Bmr012.A.segs.xml#id(Bmr012.segment.306)"/>
         <nite:child href="Bmr012.C.segs.xml#id(Bmr012.segment.307)"/>
         <nite:child href="Bmr012.H.segs.xml#id(Bmr012.segment.308)"/>
         <nite:child href="Bmr012.D.segs.xml#id(Bmr012.segment.309)"/>
         <nite:child href="Bmr012.C.segs.xml#id(Bmr012.segment.310)"/>
         <nite:child href="Bmr012.B.segs.xml#id(Bmr012.segment.311)"/>
         <nite:child href="Bmr012.F.segs.xml#id(Bmr012.segment.312)"/>
         <nite:child href="Bmr012.E.segs.xml#id(Bmr012.segment.313)"/>
         <nite:child href="Bmr012.D.segs.xml#id(Bmr012.segment.314)"/>
         <nite:child href="Bmr012.F.segs.xml#id(Bmr012.segment.315)"/>
         <nite:child href="Bmr012.C.segs.xml#id(Bmr012.segment.316)"/>
         <nite:child href="Bmr012.E.segs.xml#id(Bmr012.segment.317)"/>
         <nite:child href="Bmr012.A.segs.xml#id(Bmr012.segment.318)"/>
         <nite:child href="Bmr012.E.segs.xml#id(Bmr012.segment.319)"/>
         <nite:child href="Bmr012.C.segs.xml#id(Bmr012.segment.320)..id(Bmr012.segment.321)"/>
         <nite:child href="Bmr012.E.segs.xml#id(Bmr012.segment.322)"/>
         <nite:child href="Bmr012.G.segs.xml#id(Bmr012.segment.323)"/>
         <nite:child href="Bmr012.A.segs.xml#id(Bmr012.segment.324)"/>
         <nite:child href="Bmr012.C.segs.xml#id(Bmr012.segment.325)"/>
         <nite:child href="Bmr012.E.segs.xml#id(Bmr012.segment.326)"/>
         <nite:child href="Bmr012.A.segs.xml#id(Bmr012.segment.327)"/>
         <nite:child href="Bmr012.C.segs.xml#id(Bmr012.segment.328)"/>
         <nite:child href="Bmr012.E.segs.xml#id(Bmr012.segment.330)"/>
         <nite:child href="Bmr012.C.segs.xml#id(Bmr012.segment.329)"/>
         <nite:child href="Bmr012.A.segs.xml#id(Bmr012.segment.331)"/>
         <nite:child href="Bmr012.C.segs.xml#id(Bmr012.segment.332)"/>
         <nite:child href="Bmr012.A.segs.xml#id(Bmr012.segment.333)..id(Bmr012.segment.334)"/>
         <nite:child href="Bmr012.E.segs.xml#id(Bmr012.segment.335)"/>
         <nite:child href="Bmr012.C.segs.xml#id(Bmr012.segment.336)"/>
         <nite:child href="Bmr012.E.segs.xml#id(Bmr012.segment.337)"/>
         <nite:child href="Bmr012.C.segs.xml#id(Bmr012.segment.338)"/>
         <nite:child href="Bmr012.E.segs.xml#id(Bmr012.segment.339)"/>
         <nite:child href="Bmr012.C.segs.xml#id(Bmr012.segment.340)"/>
         <nite:child href="Bmr012.D.segs.xml#id(Bmr012.segment.341)"/>
         <nite:child href="Bmr012.H.segs.xml#id(Bmr012.segment.342)"/>
         <nite:child href="Bmr012.B.segs.xml#id(Bmr012.segment.343)"/>
         <nite:child href="Bmr012.E.segs.xml#id(Bmr012.segment.344)..id(Bmr012.segment.345)"/>
         <nite:child href="Bmr012.C.segs.xml#id(Bmr012.segment.346)"/>
         <nite:child href="Bmr012.H.segs.xml#id(Bmr012.segment.347)"/>
         <nite:child href="Bmr012.B.segs.xml#id(Bmr012.segment.348)"/>
         <nite:child href="Bmr012.E.segs.xml#id(Bmr012.segment.349)"/>
         <nite:child href="Bmr012.C.segs.xml#id(Bmr012.segment.350)..id(Bmr012.segment.351)"/>
         <nite:child href="Bmr012.B.segs.xml#id(Bmr012.segment.352)"/>
         <nite:child href="Bmr012.C.segs.xml#id(Bmr012.segment.354)"/>
         <nite:child href="Bmr012.H.segs.xml#id(Bmr012.segment.353)"/>
         <nite:child href="Bmr012.D.segs.xml#id(Bmr012.segment.355)"/>
         <nite:child href="Bmr012.E.segs.xml#id(Bmr012.segment.356)"/>
         <nite:child href="Bmr012.F.segs.xml#id(Bmr012.segment.357)"/>
         <nite:child href="Bmr012.C.segs.xml#id(Bmr012.segment.358)..id(Bmr012.segment.361)"/>
         <nite:child href="Bmr012.D.segs.xml#id(Bmr012.segment.362)"/>
         <nite:child href="Bmr012.C.segs.xml#id(Bmr012.segment.363)..id(Bmr012.segment.364)"/>
         <nite:child href="Bmr012.E.segs.xml#id(Bmr012.segment.365)..id(Bmr012.segment.366)"/>
         <nite:child href="Bmr012.C.segs.xml#id(Bmr012.segment.367)..id(Bmr012.segment.368)"/>
         <nite:child href="Bmr012.B.segs.xml#id(Bmr012.segment.369)..id(Bmr012.segment.370)"/>
         <nite:child href="Bmr012.C.segs.xml#id(Bmr012.segment.371)"/>
         <nite:child href="Bmr012.B.segs.xml#id(Bmr012.segment.372)"/>
         <nite:child href="Bmr012.E.segs.xml#id(Bmr012.segment.374)"/>
         <nite:child href="Bmr012.A.segs.xml#id(Bmr012.segment.373)"/>
         <nite:child href="Bmr012.B.segs.xml#id(Bmr012.segment.376)"/>
         <nite:child href="Bmr012.C.segs.xml#id(Bmr012.segment.375)"/>
         <nite:child href="Bmr012.A.segs.xml#id(Bmr012.segment.377)..id(Bmr012.segment.379)"/>
         <nite:child href="Bmr012.E.segs.xml#id(Bmr012.segment.378)"/>
         <nite:child href="Bmr012.B.segs.xml#id(Bmr012.segment.380)"/>
         <nite:child href="Bmr012.E.segs.xml#id(Bmr012.segment.381)"/>
         <nite:child href="Bmr012.A.segs.xml#id(Bmr012.segment.382)"/>
         <nite:child href="Bmr012.C.segs.xml#id(Bmr012.segment.383)"/>
         <nite:child href="Bmr012.E.segs.xml#id(Bmr012.segment.386)"/>
         <nite:child href="Bmr012.B.segs.xml#id(Bmr012.segment.385)"/>
         <nite:child href="Bmr012.C.segs.xml#id(Bmr012.segment.384)..id(Bmr012.segment.387)"/>
         <nite:child href="Bmr012.B.segs.xml#id(Bmr012.segment.388)"/>
         <nite:child href="Bmr012.F.segs.xml#id(Bmr012.segment.389)"/>
         <nite:child href="Bmr012.C.segs.xml#id(Bmr012.segment.390)"/>
         <nite:child href="Bmr012.A.segs.xml#id(Bmr012.segment.392)"/>
         <nite:child href="Bmr012.G.segs.xml#id(Bmr012.segment.391)"/>
         <nite:child href="Bmr012.E.segs.xml#id(Bmr012.segment.393)"/>
         <nite:child href="Bmr012.A.segs.xml#id(Bmr012.segment.394)"/>
         <nite:child href="Bmr012.C.segs.xml#id(Bmr012.segment.395)..id(Bmr012.segment.401)"/>
         <nite:child href="Bmr012.B.segs.xml#id(Bmr012.segment.402)..id(Bmr012.segment.404)"/>
         <nite:child href="Bmr012.A.segs.xml#id(Bmr012.segment.405)"/>
         <nite:child href="Bmr012.C.segs.xml#id(Bmr012.segment.406)"/>
         <nite:child href="Bmr012.G.segs.xml#id(Bmr012.segment.407)"/>
         <nite:child href="Bmr012.B.segs.xml#id(Bmr012.segment.408)"/>
         <nite:child href="Bmr012.E.segs.xml#id(Bmr012.segment.409)"/>
         <nite:child href="Bmr012.C.segs.xml#id(Bmr012.segment.410)..id(Bmr012.segment.411)"/>
         <nite:child href="Bmr012.G.segs.xml#id(Bmr012.segment.412)"/>
         <nite:child href="Bmr012.B.segs.xml#id(Bmr012.segment.415)"/>
         <nite:child href="Bmr012.C.segs.xml#id(Bmr012.segment.414)"/>
         <nite:child href="Bmr012.D.segs.xml#id(Bmr012.segment.413)"/>
         <nite:child href="Bmr012.A.segs.xml#id(Bmr012.segment.416)"/>
         <nite:child href="Bmr012.C.segs.xml#id(Bmr012.segment.417)"/>
         <nite:child href="Bmr012.E.segs.xml#id(Bmr012.segment.418)"/>
         <nite:child href="Bmr012.A.segs.xml#id(Bmr012.segment.419)"/>
         <nite:child href="Bmr012.C.segs.xml#id(Bmr012.segment.420)..id(Bmr012.segment.421)"/>
         <nite:child href="Bmr012.B.segs.xml#id(Bmr012.segment.422)"/>
         <nite:child href="Bmr012.D.segs.xml#id(Bmr012.segment.423)"/>
         <nite:child href="Bmr012.C.segs.xml#id(Bmr012.segment.424)"/>
         <nite:child href="Bmr012.D.segs.xml#id(Bmr012.segment.425)"/>
         <nite:child href="Bmr012.A.segs.xml#id(Bmr012.segment.426)"/>
         <nite:child href="Bmr012.C.segs.xml#id(Bmr012.segment.427)"/>
         <nite:child href="Bmr012.B.segs.xml#id(Bmr012.segment.428)"/>
         <nite:child href="Bmr012.E.segs.xml#id(Bmr012.segment.429)"/>
         <nite:child href="Bmr012.C.segs.xml#id(Bmr012.segment.430)"/>
         <nite:child href="Bmr012.A.segs.xml#id(Bmr012.segment.431)"/>
         <nite:child href="Bmr012.B.segs.xml#id(Bmr012.segment.432)"/>
         <nite:child href="Bmr012.E.segs.xml#id(Bmr012.segment.433)"/>
         <nite:child href="Bmr012.A.segs.xml#id(Bmr012.segment.434)..id(Bmr012.segment.436)"/>
         <nite:child href="Bmr012.C.segs.xml#id(Bmr012.segment.437)"/>
         <nite:child href="Bmr012.B.segs.xml#id(Bmr012.segment.438)"/>
         <nite:child href="Bmr012.C.segs.xml#id(Bmr012.segment.439)"/>
         <nite:child href="Bmr012.A.segs.xml#id(Bmr012.segment.440)..id(Bmr012.segment.441)"/>
         <nite:child href="Bmr012.E.segs.xml#id(Bmr012.segment.442)"/>
         <nite:child href="Bmr012.B.segs.xml#id(Bmr012.segment.443)"/>
         <nite:child href="Bmr012.A.segs.xml#id(Bmr012.segment.444)..id(Bmr012.segment.445)"/>
         <nite:child href="Bmr012.B.segs.xml#id(Bmr012.segment.446)"/>
         <nite:child href="Bmr012.A.segs.xml#id(Bmr012.segment.447)"/>
         <nite:child href="Bmr012.B.segs.xml#id(Bmr012.segment.448)"/>
         <nite:child href="Bmr012.A.segs.xml#id(Bmr012.segment.449)"/>
         <nite:child href="Bmr012.E.segs.xml#id(Bmr012.segment.450)"/>
         <nite:child href="Bmr012.A.segs.xml#id(Bmr012.segment.451)"/>
         <nite:child href="Bmr012.C.segs.xml#id(Bmr012.segment.452)..id(Bmr012.segment.453)"/>
         <nite:child href="Bmr012.D.segs.xml#id(Bmr012.segment.454)"/>
         <nite:child href="Bmr012.E.segs.xml#id(Bmr012.segment.455)"/>
         <nite:child href="Bmr012.B.segs.xml#id(Bmr012.segment.456)"/>
         <nite:child href="Bmr012.G.segs.xml#id(Bmr012.segment.457)"/>
         <nite:child href="Bmr012.F.segs.xml#id(Bmr012.segment.458)"/>
         <nite:child href="Bmr012.E.segs.xml#id(Bmr012.segment.459)"/>
         <nite:child href="Bmr012.C.segs.xml#id(Bmr012.segment.460)..id(Bmr012.segment.461)"/>
         <nite:child href="Bmr012.F.segs.xml#id(Bmr012.segment.462)"/>
         <nite:child href="Bmr012.D.segs.xml#id(Bmr012.segment.463)"/>
         <nite:child href="Bmr012.C.segs.xml#id(Bmr012.segment.464)"/>
         <nite:child href="Bmr012.A.segs.xml#id(Bmr012.segment.465)"/>
         <nite:child href="Bmr012.C.segs.xml#id(Bmr012.segment.466)..id(Bmr012.segment.468)"/>
         <nite:child href="Bmr012.E.segs.xml#id(Bmr012.segment.469)"/>
         <nite:child href="Bmr012.G.segs.xml#id(Bmr012.segment.470)"/>
         <nite:child href="Bmr012.B.segs.xml#id(Bmr012.segment.471)"/>
         <nite:child href="Bmr012.C.segs.xml#id(Bmr012.segment.472)"/>
         <nite:child href="Bmr012.G.segs.xml#id(Bmr012.segment.473)"/>
         <nite:child href="Bmr012.C.segs.xml#id(Bmr012.segment.475)"/>
         <nite:child href="Bmr012.B.segs.xml#id(Bmr012.segment.474)"/>
         <nite:child href="Bmr012.E.segs.xml#id(Bmr012.segment.476)"/>
         <nite:child href="Bmr012.C.segs.xml#id(Bmr012.segment.477)"/>
         <nite:child href="Bmr012.B.segs.xml#id(Bmr012.segment.478)"/>
         <nite:child href="Bmr012.E.segs.xml#id(Bmr012.segment.479)"/>
         <nite:child href="Bmr012.B.segs.xml#id(Bmr012.segment.480)"/>
         <nite:child href="Bmr012.C.segs.xml#id(Bmr012.segment.481)"/>
         <nite:child href="Bmr012.B.segs.xml#id(Bmr012.segment.482)"/>
         <nite:child href="Bmr012.C.segs.xml#id(Bmr012.segment.483)"/>
         <nite:child href="Bmr012.B.segs.xml#id(Bmr012.segment.484)"/>
         <nite:child href="Bmr012.C.segs.xml#id(Bmr012.segment.485)"/>
         <nite:child href="Bmr012.G.segs.xml#id(Bmr012.segment.486)"/>
         <nite:child href="Bmr012.C.segs.xml#id(Bmr012.segment.487)..id(Bmr012.segment.491)"/>
         <nite:child href="Bmr012.A.segs.xml#id(Bmr012.segment.492)"/>
         <nite:child href="Bmr012.C.segs.xml#id(Bmr012.segment.493)"/>
         <nite:child href="Bmr012.G.segs.xml#id(Bmr012.segment.494)"/>
         <nite:child href="Bmr012.A.segs.xml#id(Bmr012.segment.495)"/>
         <nite:child href="Bmr012.C.segs.xml#id(Bmr012.segment.496)"/>
         <nite:child href="Bmr012.E.segs.xml#id(Bmr012.segment.497)"/>
         <nite:child href="Bmr012.A.segs.xml#id(Bmr012.segment.498)"/>
         <nite:child href="Bmr012.C.segs.xml#id(Bmr012.segment.499)..id(Bmr012.segment.500)"/>
         <nite:child href="Bmr012.A.segs.xml#id(Bmr012.segment.501)"/>
         <nite:child href="Bmr012.C.segs.xml#id(Bmr012.segment.502)"/>
         <nite:child href="Bmr012.A.segs.xml#id(Bmr012.segment.503)"/>
         <nite:child href="Bmr012.C.segs.xml#id(Bmr012.segment.504)"/>
         <nite:child href="Bmr012.B.segs.xml#id(Bmr012.segment.505)"/>
         <nite:child href="Bmr012.C.segs.xml#id(Bmr012.segment.506)"/>
         <nite:child href="Bmr012.E.segs.xml#id(Bmr012.segment.507)"/>
         <nite:child href="Bmr012.C.segs.xml#id(Bmr012.segment.508)..id(Bmr012.segment.509)"/>
         <nite:child href="Bmr012.B.segs.xml#id(Bmr012.segment.510)..id(Bmr012.segment.511)"/>
         <nite:child href="Bmr012.C.segs.xml#id(Bmr012.segment.512)..id(Bmr012.segment.515)"/>
         <topic nite:id="Bmr012.topic.7" description="implicatons for forced alignments">
            <nite:child href="Bmr012.C.segs.xml#id(Bmr012.segment.516)..id(Bmr012.segment.518)"/>
            <nite:child href="Bmr012.D.segs.xml#id(Bmr012.segment.519)"/>
            <nite:child href="Bmr012.C.segs.xml#id(Bmr012.segment.520)"/>
            <nite:child href="Bmr012.A.segs.xml#id(Bmr012.segment.522)"/>
            <nite:child href="Bmr012.C.segs.xml#id(Bmr012.segment.521)..id(Bmr012.segment.523)"/>
            <nite:child href="Bmr012.D.segs.xml#id(Bmr012.segment.524)"/>
            <nite:child href="Bmr012.E.segs.xml#id(Bmr012.segment.525)"/>
            <nite:child href="Bmr012.C.segs.xml#id(Bmr012.segment.526)"/>
            <nite:child href="Bmr012.E.segs.xml#id(Bmr012.segment.527)"/>
            <nite:child href="Bmr012.C.segs.xml#id(Bmr012.segment.528)..id(Bmr012.segment.532)"/>
            <nite:child href="Bmr012.E.segs.xml#id(Bmr012.segment.533)..id(Bmr012.segment.535)"/>
            <nite:child href="Bmr012.C.segs.xml#id(Bmr012.segment.536)..id(Bmr012.segment.538)"/>
            <nite:child href="Bmr012.B.segs.xml#id(Bmr012.segment.539)"/>
            <nite:child href="Bmr012.C.segs.xml#id(Bmr012.segment.540)"/>
            <nite:child href="Bmr012.E.segs.xml#id(Bmr012.segment.541)"/>
            <nite:child href="Bmr012.C.segs.xml#id(Bmr012.segment.542)..id(Bmr012.segment.545)"/>
         </topic>
         <nite:child href="Bmr012.D.segs.xml#id(Bmr012.segment.547)"/>
         <nite:child href="Bmr012.B.segs.xml#id(Bmr012.segment.548)"/>
         <nite:child href="Bmr012.C.segs.xml#id(Bmr012.segment.546)"/>
         <nite:child href="Bmr012.E.segs.xml#id(Bmr012.segment.549)"/>
         <nite:child href="Bmr012.D.segs.xml#id(Bmr012.segment.550)"/>
         <nite:child href="Bmr012.B.segs.xml#id(Bmr012.segment.551)"/>
         <nite:child href="Bmr012.E.segs.xml#id(Bmr012.segment.552)"/>
         <nite:child href="Bmr012.H.segs.xml#id(Bmr012.segment.553)"/>
         <nite:child href="Bmr012.C.segs.xml#id(Bmr012.segment.554)"/>
         <nite:child href="Bmr012.E.segs.xml#id(Bmr012.segment.555)"/>
         <nite:child href="Bmr012.B.segs.xml#id(Bmr012.segment.556)"/>
         <nite:child href="Bmr012.H.segs.xml#id(Bmr012.segment.557)"/>
         <nite:child href="Bmr012.D.segs.xml#id(Bmr012.segment.558)..id(Bmr012.segment.559)"/>
         <nite:child href="Bmr012.E.segs.xml#id(Bmr012.segment.560)"/>
         <nite:child href="Bmr012.B.segs.xml#id(Bmr012.segment.561)"/>
         <nite:child href="Bmr012.C.segs.xml#id(Bmr012.segment.562)"/>
         <nite:child href="Bmr012.B.segs.xml#id(Bmr012.segment.563)..id(Bmr012.segment.569)"/>
         <nite:child href="Bmr012.C.segs.xml#id(Bmr012.segment.570)"/>
         <nite:child href="Bmr012.B.segs.xml#id(Bmr012.segment.571)..id(Bmr012.segment.573)"/>
         <nite:child href="Bmr012.C.segs.xml#id(Bmr012.segment.574)"/>
         <nite:child href="Bmr012.B.segs.xml#id(Bmr012.segment.575)"/>
         <nite:child href="Bmr012.C.segs.xml#id(Bmr012.segment.576)..id(Bmr012.segment.587)"/>
         <nite:child href="Bmr012.G.segs.xml#id(Bmr012.segment.588)..id(Bmr012.segment.590)"/>
         <nite:child href="Bmr012.B.segs.xml#id(Bmr012.segment.589)"/>
         <nite:child href="Bmr012.E.segs.xml#id(Bmr012.segment.591)"/>
         <nite:child href="Bmr012.C.segs.xml#id(Bmr012.segment.592)..id(Bmr012.segment.593)"/>
         <nite:child href="Bmr012.A.segs.xml#id(Bmr012.segment.594)..id(Bmr012.segment.602)"/>
         <nite:child href="Bmr012.B.segs.xml#id(Bmr012.segment.603)..id(Bmr012.segment.604)"/>
         <nite:child href="Bmr012.G.segs.xml#id(Bmr012.segment.605)"/>
         <nite:child href="Bmr012.A.segs.xml#id(Bmr012.segment.606)"/>
      </topic>
      <topic nite:id="Bmr012.topic.9" description="human subject, legality issues">
         <nite:child href="Bmr012.G.segs.xml#id(Bmr012.segment.607)"/>
         <nite:child href="Bmr012.A.segs.xml#id(Bmr012.segment.608)"/>
         <nite:child href="Bmr012.G.segs.xml#id(Bmr012.segment.609)..id(Bmr012.segment.614)"/>
         <nite:child href="Bmr012.A.segs.xml#id(Bmr012.segment.615)"/>
         <nite:child href="Bmr012.C.segs.xml#id(Bmr012.segment.616)"/>
         <nite:child href="Bmr012.G.segs.xml#id(Bmr012.segment.617)"/>
         <nite:child href="Bmr012.E.segs.xml#id(Bmr012.segment.618)"/>
         <nite:child href="Bmr012.A.segs.xml#id(Bmr012.segment.619)"/>
         <nite:child href="Bmr012.G.segs.xml#id(Bmr012.segment.620)"/>
         <nite:child href="Bmr012.C.segs.xml#id(Bmr012.segment.621)..id(Bmr012.segment.622)"/>
         <nite:child href="Bmr012.E.segs.xml#id(Bmr012.segment.623)"/>
         <nite:child href="Bmr012.C.segs.xml#id(Bmr012.segment.624)"/>
         <nite:child href="Bmr012.G.segs.xml#id(Bmr012.segment.625)"/>
         <nite:child href="Bmr012.C.segs.xml#id(Bmr012.segment.627)"/>
         <nite:child href="Bmr012.E.segs.xml#id(Bmr012.segment.626)"/>
         <nite:child href="Bmr012.G.segs.xml#id(Bmr012.segment.628)..id(Bmr012.segment.629)"/>
         <nite:child href="Bmr012.B.segs.xml#id(Bmr012.segment.630)"/>
         <nite:child href="Bmr012.C.segs.xml#id(Bmr012.segment.631)"/>
         <nite:child href="Bmr012.G.segs.xml#id(Bmr012.segment.632)"/>
         <nite:child href="Bmr012.C.segs.xml#id(Bmr012.segment.633)"/>
         <nite:child href="Bmr012.G.segs.xml#id(Bmr012.segment.634)"/>
         <nite:child href="Bmr012.E.segs.xml#id(Bmr012.segment.635)"/>
         <nite:child href="Bmr012.G.segs.xml#id(Bmr012.segment.636)..id(Bmr012.segment.637)"/>
         <nite:child href="Bmr012.C.segs.xml#id(Bmr012.segment.638)"/>
         <nite:child href="Bmr012.G.segs.xml#id(Bmr012.segment.639)..id(Bmr012.segment.640)"/>
         <nite:child href="Bmr012.A.segs.xml#id(Bmr012.segment.641)"/>
         <nite:child href="Bmr012.B.segs.xml#id(Bmr012.segment.642)..id(Bmr012.segment.643)"/>
         <nite:child href="Bmr012.E.segs.xml#id(Bmr012.segment.644)"/>
         <nite:child href="Bmr012.G.segs.xml#id(Bmr012.segment.645)"/>
         <nite:child href="Bmr012.A.segs.xml#id(Bmr012.segment.646)"/>
         <nite:child href="Bmr012.G.segs.xml#id(Bmr012.segment.647)"/>
         <nite:child href="Bmr012.C.segs.xml#id(Bmr012.segment.648)"/>
         <nite:child href="Bmr012.B.segs.xml#id(Bmr012.segment.649)"/>
      </topic>
      <topic nite:id="Bmr012.topic.10" description="downsampling">
         <nite:child href="Bmr012.A.segs.xml#id(Bmr012.segment.650)"/>
         <nite:child href="Bmr012.C.segs.xml#id(Bmr012.segment.651)"/>
         <nite:child href="Bmr012.A.segs.xml#id(Bmr012.segment.652)..id(Bmr012.segment.660)"/>
         <nite:child href="Bmr012.F.segs.xml#id(Bmr012.segment.661)"/>
         <nite:child href="Bmr012.A.segs.xml#id(Bmr012.segment.662)..id(Bmr012.segment.664)"/>
         <nite:child href="Bmr012.F.segs.xml#id(Bmr012.segment.663)"/>
         <nite:child href="Bmr012.A.segs.xml#id(Bmr012.segment.665)..id(Bmr012.segment.666)"/>
         <nite:child href="Bmr012.E.segs.xml#id(Bmr012.segment.667)..id(Bmr012.segment.668)"/>
         <nite:child href="Bmr012.F.segs.xml#id(Bmr012.segment.669)"/>
         <nite:child href="Bmr012.E.segs.xml#id(Bmr012.segment.670)"/>
         <nite:child href="Bmr012.F.segs.xml#id(Bmr012.segment.671)"/>
         <nite:child href="Bmr012.E.segs.xml#id(Bmr012.segment.673)"/>
         <nite:child href="Bmr012.C.segs.xml#id(Bmr012.segment.672)"/>
         <nite:child href="Bmr012.F.segs.xml#id(Bmr012.segment.674)..id(Bmr012.segment.676)"/>
         <nite:child href="Bmr012.C.segs.xml#id(Bmr012.segment.677)"/>
         <nite:child href="Bmr012.F.segs.xml#id(Bmr012.segment.678)"/>
         <nite:child href="Bmr012.E.segs.xml#id(Bmr012.segment.679)"/>
         <nite:child href="Bmr012.C.segs.xml#id(Bmr012.segment.680)"/>
         <nite:child href="Bmr012.A.segs.xml#id(Bmr012.segment.681)"/>
         <nite:child href="Bmr012.E.segs.xml#id(Bmr012.segment.682)"/>
         <nite:child href="Bmr012.C.segs.xml#id(Bmr012.segment.683)"/>
         <nite:child href="Bmr012.F.segs.xml#id(Bmr012.segment.684)"/>
         <nite:child href="Bmr012.A.segs.xml#id(Bmr012.segment.685)"/>
         <nite:child href="Bmr012.C.segs.xml#id(Bmr012.segment.686)..id(Bmr012.segment.687)"/>
         <nite:child href="Bmr012.E.segs.xml#id(Bmr012.segment.688)..id(Bmr012.segment.689)"/>
         <nite:child href="Bmr012.C.segs.xml#id(Bmr012.segment.690)"/>
         <nite:child href="Bmr012.F.segs.xml#id(Bmr012.segment.691)"/>
         <nite:child href="Bmr012.A.segs.xml#id(Bmr012.segment.692)"/>
         <nite:child href="Bmr012.C.segs.xml#id(Bmr012.segment.693)"/>
         <nite:child href="Bmr012.A.segs.xml#id(Bmr012.segment.694)"/>
         <nite:child href="Bmr012.E.segs.xml#id(Bmr012.segment.695)"/>
         <nite:child href="Bmr012.F.segs.xml#id(Bmr012.segment.696)"/>
         <nite:child href="Bmr012.C.segs.xml#id(Bmr012.segment.697)"/>
         <nite:child href="Bmr012.A.segs.xml#id(Bmr012.segment.698)..id(Bmr012.segment.699)"/>
         <nite:child href="Bmr012.B.segs.xml#id(Bmr012.segment.700)"/>
         <nite:child href="Bmr012.H.segs.xml#id(Bmr012.segment.701)"/>
         <nite:child href="Bmr012.C.segs.xml#id(Bmr012.segment.702)"/>
         <nite:child href="Bmr012.E.segs.xml#id(Bmr012.segment.703)"/>
         <nite:child href="Bmr012.C.segs.xml#id(Bmr012.segment.704)"/>
         <nite:child href="Bmr012.A.segs.xml#id(Bmr012.segment.705)"/>
         <nite:child href="Bmr012.F.segs.xml#id(Bmr012.segment.706)"/>
         <nite:child href="Bmr012.C.segs.xml#id(Bmr012.segment.707)..id(Bmr012.segment.708)"/>
         <nite:child href="Bmr012.A.segs.xml#id(Bmr012.segment.709)..id(Bmr012.segment.710)"/>
         <nite:child href="Bmr012.F.segs.xml#id(Bmr012.segment.711)"/>
         <nite:child href="Bmr012.A.segs.xml#id(Bmr012.segment.712)"/>
         <nite:child href="Bmr012.E.segs.xml#id(Bmr012.segment.713)"/>
         <nite:child href="Bmr012.F.segs.xml#id(Bmr012.segment.715)"/>
         <nite:child href="Bmr012.H.segs.xml#id(Bmr012.segment.714)"/>
         <nite:child href="Bmr012.A.segs.xml#id(Bmr012.segment.716)"/>
         <nite:child href="Bmr012.E.segs.xml#id(Bmr012.segment.717)"/>
         <nite:child href="Bmr012.C.segs.xml#id(Bmr012.segment.718)"/>
         <nite:child href="Bmr012.A.segs.xml#id(Bmr012.segment.719)"/>
         <nite:child href="Bmr012.F.segs.xml#id(Bmr012.segment.720)"/>
         <nite:child href="Bmr012.A.segs.xml#id(Bmr012.segment.721)"/>
         <nite:child href="Bmr012.B.segs.xml#id(Bmr012.segment.722)"/>
         <nite:child href="Bmr012.F.segs.xml#id(Bmr012.segment.723)..id(Bmr012.segment.724)"/>
         <nite:child href="Bmr012.A.segs.xml#id(Bmr012.segment.725)"/>
         <nite:child href="Bmr012.F.segs.xml#id(Bmr012.segment.726)"/>
         <nite:child href="Bmr012.C.segs.xml#id(Bmr012.segment.727)"/>
         <nite:child href="Bmr012.A.segs.xml#id(Bmr012.segment.728)"/>
         <nite:child href="Bmr012.F.segs.xml#id(Bmr012.segment.729)"/>
         <nite:child href="Bmr012.A.segs.xml#id(Bmr012.segment.730)..id(Bmr012.segment.731)"/>
         <nite:child href="Bmr012.B.segs.xml#id(Bmr012.segment.732)"/>
         <nite:child href="Bmr012.A.segs.xml#id(Bmr012.segment.733)"/>
         <nite:child href="Bmr012.E.segs.xml#id(Bmr012.segment.734)..id(Bmr012.segment.736)"/>
         <nite:child href="Bmr012.C.segs.xml#id(Bmr012.segment.737)"/>
         <nite:child href="Bmr012.E.segs.xml#id(Bmr012.segment.738)"/>
         <nite:child href="Bmr012.B.segs.xml#id(Bmr012.segment.739)..id(Bmr012.segment.741)"/>
         <nite:child href="Bmr012.A.segs.xml#id(Bmr012.segment.742)"/>
         <nite:child href="Bmr012.B.segs.xml#id(Bmr012.segment.743)..id(Bmr012.segment.744)"/>
         <nite:child href="Bmr012.E.segs.xml#id(Bmr012.segment.745)"/>
         <nite:child href="Bmr012.C.segs.xml#id(Bmr012.segment.746)"/>
         <nite:child href="Bmr012.F.segs.xml#id(Bmr012.segment.747)"/>
         <nite:child href="Bmr012.B.segs.xml#id(Bmr012.segment.748)"/>
         <nite:child href="Bmr012.A.segs.xml#id(Bmr012.segment.749)"/>
         <nite:child href="Bmr012.C.segs.xml#id(Bmr012.segment.750)"/>
         <nite:child href="Bmr012.B.segs.xml#id(Bmr012.segment.751)"/>
         <nite:child href="Bmr012.G.segs.xml#id(Bmr012.segment.752)"/>
         <nite:child href="Bmr012.B.segs.xml#id(Bmr012.segment.753)"/>
         <nite:child href="Bmr012.A.segs.xml#id(Bmr012.segment.754)"/>
         <nite:child href="Bmr012.B.segs.xml#id(Bmr012.segment.755)..id(Bmr012.segment.757)"/>
         <nite:child href="Bmr012.C.segs.xml#id(Bmr012.segment.758)"/>
         <nite:child href="Bmr012.F.segs.xml#id(Bmr012.segment.759)"/>
         <nite:child href="Bmr012.A.segs.xml#id(Bmr012.segment.760)"/>
         <nite:child href="Bmr012.C.segs.xml#id(Bmr012.segment.761)"/>
         <nite:child href="Bmr012.F.segs.xml#id(Bmr012.segment.762)"/>
         <nite:child href="Bmr012.A.segs.xml#id(Bmr012.segment.763)"/>
         <nite:child href="Bmr012.F.segs.xml#id(Bmr012.segment.764)"/>
         <nite:child href="Bmr012.A.segs.xml#id(Bmr012.segment.765)"/>
         <nite:child href="Bmr012.F.segs.xml#id(Bmr012.segment.766)"/>
         <nite:child href="Bmr012.C.segs.xml#id(Bmr012.segment.767)"/>
         <nite:child href="Bmr012.A.segs.xml#id(Bmr012.segment.768)..id(Bmr012.segment.770)"/>
         <nite:child href="Bmr012.C.segs.xml#id(Bmr012.segment.771)..id(Bmr012.segment.772)"/>
         <nite:child href="Bmr012.E.segs.xml#id(Bmr012.segment.773)"/>
         <nite:child href="Bmr012.A.segs.xml#id(Bmr012.segment.774)"/>
         <nite:child href="Bmr012.C.segs.xml#id(Bmr012.segment.775)..id(Bmr012.segment.776)"/>
         <nite:child href="Bmr012.A.segs.xml#id(Bmr012.segment.777)"/>
         <nite:child href="Bmr012.G.segs.xml#id(Bmr012.segment.778)"/>
         <nite:child href="Bmr012.A.segs.xml#id(Bmr012.segment.779)"/>
         <nite:child href="Bmr012.G.segs.xml#id(Bmr012.segment.781)"/>
         <nite:child href="Bmr012.A.segs.xml#id(Bmr012.segment.780)"/>
         <nite:child href="Bmr012.G.segs.xml#id(Bmr012.segment.782)..id(Bmr012.segment.783)"/>
         <nite:child href="Bmr012.E.segs.xml#id(Bmr012.segment.784)"/>
         <nite:child href="Bmr012.G.segs.xml#id(Bmr012.segment.785)..id(Bmr012.segment.787)"/>
         <nite:child href="Bmr012.E.segs.xml#id(Bmr012.segment.786)"/>
         <nite:child href="Bmr012.G.segs.xml#id(Bmr012.segment.788)"/>
         <nite:child href="Bmr012.B.segs.xml#id(Bmr012.segment.789)"/>
         <nite:child href="Bmr012.F.segs.xml#id(Bmr012.segment.790)"/>
         <nite:child href="Bmr012.E.segs.xml#id(Bmr012.segment.791)"/>
         <nite:child href="Bmr012.G.segs.xml#id(Bmr012.segment.792)"/>
         <nite:child href="Bmr012.B.segs.xml#id(Bmr012.segment.793)"/>
         <nite:child href="Bmr012.C.segs.xml#id(Bmr012.segment.794)"/>
         <nite:child href="Bmr012.F.segs.xml#id(Bmr012.segment.795)"/>
         <nite:child href="Bmr012.G.segs.xml#id(Bmr012.segment.796)..id(Bmr012.segment.797)"/>
         <nite:child href="Bmr012.B.segs.xml#id(Bmr012.segment.798)..id(Bmr012.segment.799)"/>
         <nite:child href="Bmr012.C.segs.xml#id(Bmr012.segment.800)"/>
         <nite:child href="Bmr012.G.segs.xml#id(Bmr012.segment.801)"/>
         <nite:child href="Bmr012.A.segs.xml#id(Bmr012.segment.802)"/>
         <nite:child href="Bmr012.C.segs.xml#id(Bmr012.segment.803)"/>
         <nite:child href="Bmr012.E.segs.xml#id(Bmr012.segment.804)"/>
         <nite:child href="Bmr012.F.segs.xml#id(Bmr012.segment.805)"/>
         <nite:child href="Bmr012.B.segs.xml#id(Bmr012.segment.806)"/>
         <nite:child href="Bmr012.E.segs.xml#id(Bmr012.segment.807)"/>
         <nite:child href="Bmr012.F.segs.xml#id(Bmr012.segment.808)"/>
         <nite:child href="Bmr012.E.segs.xml#id(Bmr012.segment.809)"/>
         <nite:child href="Bmr012.B.segs.xml#id(Bmr012.segment.810)"/>
         <nite:child href="Bmr012.F.segs.xml#id(Bmr012.segment.812)"/>
         <nite:child href="Bmr012.D.segs.xml#id(Bmr012.segment.811)"/>
         <nite:child href="Bmr012.F.segs.xml#id(Bmr012.segment.813)"/>
         <nite:child href="Bmr012.B.segs.xml#id(Bmr012.segment.814)..id(Bmr012.segment.815)"/>
         <nite:child href="Bmr012.F.segs.xml#id(Bmr012.segment.816)"/>
         <nite:child href="Bmr012.E.segs.xml#id(Bmr012.segment.817)"/>
         <nite:child href="Bmr012.B.segs.xml#id(Bmr012.segment.818)"/>
         <nite:child href="Bmr012.E.segs.xml#id(Bmr012.segment.821)"/>
         <nite:child href="Bmr012.F.segs.xml#id(Bmr012.segment.819)"/>
         <nite:child href="Bmr012.B.segs.xml#id(Bmr012.segment.820)..id(Bmr012.segment.822)"/>
         <nite:child href="Bmr012.E.segs.xml#id(Bmr012.segment.823)"/>
         <nite:child href="Bmr012.B.segs.xml#id(Bmr012.segment.824)"/>
         <nite:child href="Bmr012.C.segs.xml#id(Bmr012.segment.825)..id(Bmr012.segment.827)"/>
         <nite:child href="Bmr012.E.segs.xml#id(Bmr012.segment.828)"/>
         <nite:child href="Bmr012.B.segs.xml#id(Bmr012.segment.829)"/>
         <nite:child href="Bmr012.C.segs.xml#id(Bmr012.segment.830)"/>
         <nite:child href="Bmr012.B.segs.xml#id(Bmr012.segment.831)"/>
         <nite:child href="Bmr012.E.segs.xml#id(Bmr012.segment.832)"/>
         <nite:child href="Bmr012.B.segs.xml#id(Bmr012.segment.833)"/>
         <nite:child href="Bmr012.C.segs.xml#id(Bmr012.segment.834)"/>
         <nite:child href="Bmr012.E.segs.xml#id(Bmr012.segment.835)..id(Bmr012.segment.836)"/>
         <nite:child href="Bmr012.C.segs.xml#id(Bmr012.segment.837)..id(Bmr012.segment.838)"/>
         <nite:child href="Bmr012.B.segs.xml#id(Bmr012.segment.839)..id(Bmr012.segment.840)"/>
      </topic>
   </topic>
   <topic nite:id="Bmr012.topic.11" description="collecting more meeting data">
      <nite:child href="Bmr012.C.segs.xml#id(Bmr012.segment.841)..id(Bmr012.segment.845)"/>
      <nite:child href="Bmr012.A.segs.xml#id(Bmr012.segment.846)"/>
      <nite:child href="Bmr012.E.segs.xml#id(Bmr012.segment.847)"/>
      <nite:child href="Bmr012.A.segs.xml#id(Bmr012.segment.848)"/>
      <nite:child href="Bmr012.C.segs.xml#id(Bmr012.segment.849)"/>
      <nite:child href="Bmr012.G.segs.xml#id(Bmr012.segment.850)"/>
      <nite:child href="Bmr012.H.segs.xml#id(Bmr012.segment.851)"/>
      <nite:child href="Bmr012.E.segs.xml#id(Bmr012.segment.852)"/>
      <nite:child href="Bmr012.C.segs.xml#id(Bmr012.segment.853)..id(Bmr012.segment.861)"/>
      <nite:child href="Bmr012.B.segs.xml#id(Bmr012.segment.860)..id(Bmr012.segment.862)"/>
      <nite:child href="Bmr012.G.segs.xml#id(Bmr012.segment.863)"/>
      <nite:child href="Bmr012.E.segs.xml#id(Bmr012.segment.864)"/>
      <nite:child href="Bmr012.C.segs.xml#id(Bmr012.segment.865)..id(Bmr012.segment.866)"/>
      <nite:child href="Bmr012.B.segs.xml#id(Bmr012.segment.867)..id(Bmr012.segment.868)"/>
      <nite:child href="Bmr012.E.segs.xml#id(Bmr012.segment.869)"/>
      <nite:child href="Bmr012.B.segs.xml#id(Bmr012.segment.870)"/>
      <nite:child href="Bmr012.C.segs.xml#id(Bmr012.segment.871)"/>
   </topic>
   <topic nite:id="Bmr012.topic.12" description="recording setup, equipment issues">
      <topic nite:id="Bmr012.topic.13" description="microphone arrays, limitations">
         <nite:child href="Bmr012.B.segs.xml#id(Bmr012.segment.873)"/>
         <nite:child href="Bmr012.C.segs.xml#id(Bmr012.segment.872)"/>
         <nite:child href="Bmr012.B.segs.xml#id(Bmr012.segment.874)"/>
         <nite:child href="Bmr012.E.segs.xml#id(Bmr012.segment.875)"/>
         <nite:child href="Bmr012.B.segs.xml#id(Bmr012.segment.876)"/>
         <nite:child href="Bmr012.E.segs.xml#id(Bmr012.segment.877)..id(Bmr012.segment.879)"/>
         <nite:child href="Bmr012.B.segs.xml#id(Bmr012.segment.880)"/>
         <nite:child href="Bmr012.E.segs.xml#id(Bmr012.segment.881)..id(Bmr012.segment.884)"/>
         <nite:child href="Bmr012.B.segs.xml#id(Bmr012.segment.885)..id(Bmr012.segment.886)"/>
         <nite:child href="Bmr012.E.segs.xml#id(Bmr012.segment.887)"/>
         <nite:child href="Bmr012.B.segs.xml#id(Bmr012.segment.888)"/>
         <nite:child href="Bmr012.D.segs.xml#id(Bmr012.segment.889)"/>
         <nite:child href="Bmr012.E.segs.xml#id(Bmr012.segment.890)"/>
         <nite:child href="Bmr012.D.segs.xml#id(Bmr012.segment.891)"/>
         <nite:child href="Bmr012.E.segs.xml#id(Bmr012.segment.892)..id(Bmr012.segment.897)"/>
         <nite:child href="Bmr012.B.segs.xml#id(Bmr012.segment.898)"/>
         <nite:child href="Bmr012.E.segs.xml#id(Bmr012.segment.899)..id(Bmr012.segment.901)"/>
         <nite:child href="Bmr012.B.segs.xml#id(Bmr012.segment.900)"/>
         <nite:child href="Bmr012.D.segs.xml#id(Bmr012.segment.902)"/>
         <nite:child href="Bmr012.E.segs.xml#id(Bmr012.segment.903)"/>
         <nite:child href="Bmr012.D.segs.xml#id(Bmr012.segment.904)"/>
         <nite:child href="Bmr012.B.segs.xml#id(Bmr012.segment.905)"/>
         <nite:child href="Bmr012.E.segs.xml#id(Bmr012.segment.906)"/>
         <nite:child href="Bmr012.B.segs.xml#id(Bmr012.segment.907)"/>
      </topic>
      <topic nite:id="Bmr012.topic.14" description="using a wireless microphone during recordings">
         <nite:child href="Bmr012.E.segs.xml#id(Bmr012.segment.908)..id(Bmr012.segment.912)"/>
         <nite:child href="Bmr012.D.segs.xml#id(Bmr012.segment.913)"/>
         <nite:child href="Bmr012.E.segs.xml#id(Bmr012.segment.915)"/>
         <nite:child href="Bmr012.C.segs.xml#id(Bmr012.segment.914)"/>
         <nite:child href="Bmr012.E.segs.xml#id(Bmr012.segment.916)"/>
         <nite:child href="Bmr012.C.segs.xml#id(Bmr012.segment.917)"/>
         <nite:child href="Bmr012.E.segs.xml#id(Bmr012.segment.918)"/>
         <nite:child href="Bmr012.B.segs.xml#id(Bmr012.segment.919)"/>
         <nite:child href="Bmr012.E.segs.xml#id(Bmr012.segment.920)..id(Bmr012.segment.921)"/>
         <nite:child href="Bmr012.B.segs.xml#id(Bmr012.segment.922)..id(Bmr012.segment.923)"/>
         <nite:child href="Bmr012.E.segs.xml#id(Bmr012.segment.924)..id(Bmr012.segment.925)"/>
         <nite:child href="Bmr012.D.segs.xml#id(Bmr012.segment.926)"/>
         <nite:child href="Bmr012.E.segs.xml#id(Bmr012.segment.927)"/>
         <nite:child href="Bmr012.G.segs.xml#id(Bmr012.segment.928)"/>
         <nite:child href="Bmr012.E.segs.xml#id(Bmr012.segment.929)..id(Bmr012.segment.930)"/>
         <nite:child href="Bmr012.B.segs.xml#id(Bmr012.segment.931)"/>
         <nite:child href="Bmr012.E.segs.xml#id(Bmr012.segment.932)..id(Bmr012.segment.935)"/>
         <nite:child href="Bmr012.D.segs.xml#id(Bmr012.segment.936)"/>
         <nite:child href="Bmr012.E.segs.xml#id(Bmr012.segment.937)..id(Bmr012.segment.938)"/>
         <nite:child href="Bmr012.B.segs.xml#id(Bmr012.segment.939)"/>
         <nite:child href="Bmr012.E.segs.xml#id(Bmr012.segment.940)..id(Bmr012.segment.941)"/>
         <nite:child href="Bmr012.B.segs.xml#id(Bmr012.segment.942)"/>
         <nite:child href="Bmr012.E.segs.xml#id(Bmr012.segment.943)"/>
         <nite:child href="Bmr012.B.segs.xml#id(Bmr012.segment.944)"/>
         <nite:child href="Bmr012.E.segs.xml#id(Bmr012.segment.945)"/>
         <nite:child href="Bmr012.B.segs.xml#id(Bmr012.segment.946)..id(Bmr012.segment.948)"/>
         <nite:child href="Bmr012.E.segs.xml#id(Bmr012.segment.949)"/>
         <nite:child href="Bmr012.D.segs.xml#id(Bmr012.segment.950)"/>
         <nite:child href="Bmr012.B.segs.xml#id(Bmr012.segment.951)..id(Bmr012.segment.952)"/>
         <nite:child href="Bmr012.D.segs.xml#id(Bmr012.segment.953)"/>
         <nite:child href="Bmr012.E.segs.xml#id(Bmr012.segment.954)"/>
         <nite:child href="Bmr012.B.segs.xml#id(Bmr012.segment.955)"/>
         <nite:child href="Bmr012.E.segs.xml#id(Bmr012.segment.956)"/>
         <nite:child href="Bmr012.B.segs.xml#id(Bmr012.segment.957)"/>
         <nite:child href="Bmr012.E.segs.xml#id(Bmr012.segment.958)"/>
         <nite:child href="Bmr012.B.segs.xml#id(Bmr012.segment.959)"/>
         <nite:child href="Bmr012.E.segs.xml#id(Bmr012.segment.960)"/>
         <nite:child href="Bmr012.B.segs.xml#id(Bmr012.segment.961)"/>
         <nite:child href="Bmr012.C.segs.xml#id(Bmr012.segment.962)"/>
         <nite:child href="Bmr012.E.segs.xml#id(Bmr012.segment.963)"/>
         <nite:child href="Bmr012.B.segs.xml#id(Bmr012.segment.964)"/>
         <nite:child href="Bmr012.C.segs.xml#id(Bmr012.segment.965)"/>
         <nite:child href="Bmr012.E.segs.xml#id(Bmr012.segment.966)"/>
         <nite:child href="Bmr012.B.segs.xml#id(Bmr012.segment.967)"/>
         <nite:child href="Bmr012.C.segs.xml#id(Bmr012.segment.968)"/>
         <nite:child href="Bmr012.H.segs.xml#id(Bmr012.segment.969)"/>
         <nite:child href="Bmr012.E.segs.xml#id(Bmr012.segment.970)"/>
         <nite:child href="Bmr012.B.segs.xml#id(Bmr012.segment.971)"/>
         <nite:child href="Bmr012.E.segs.xml#id(Bmr012.segment.972)"/>
         <nite:child href="Bmr012.B.segs.xml#id(Bmr012.segment.973)"/>
         <nite:child href="Bmr012.A.segs.xml#id(Bmr012.segment.974)"/>
         <nite:child href="Bmr012.C.segs.xml#id(Bmr012.segment.975)..id(Bmr012.segment.977)"/>
         <nite:child href="Bmr012.E.segs.xml#id(Bmr012.segment.976)"/>
         <nite:child href="Bmr012.F.segs.xml#id(Bmr012.segment.978)"/>
         <nite:child href="Bmr012.B.segs.xml#id(Bmr012.segment.979)"/>
         <nite:child href="Bmr012.F.segs.xml#id(Bmr012.segment.980)"/>
         <nite:child href="Bmr012.E.segs.xml#id(Bmr012.segment.981)"/>
         <nite:child href="Bmr012.C.segs.xml#id(Bmr012.segment.982)"/>
         <nite:child href="Bmr012.E.segs.xml#id(Bmr012.segment.983)"/>
         <nite:child href="Bmr012.B.segs.xml#id(Bmr012.segment.984)"/>
         <nite:child href="Bmr012.E.segs.xml#id(Bmr012.segment.985)..id(Bmr012.segment.986)"/>
         <nite:child href="Bmr012.C.segs.xml#id(Bmr012.segment.987)"/>
         <nite:child href="Bmr012.B.segs.xml#id(Bmr012.segment.988)"/>
         <nite:child href="Bmr012.E.segs.xml#id(Bmr012.segment.989)"/>
         <nite:child href="Bmr012.C.segs.xml#id(Bmr012.segment.990)..id(Bmr012.segment.993)"/>
         <nite:child href="Bmr012.B.segs.xml#id(Bmr012.segment.994)..id(Bmr012.segment.995)"/>
         <nite:child href="Bmr012.C.segs.xml#id(Bmr012.segment.996)"/>
         <nite:child href="Bmr012.A.segs.xml#id(Bmr012.segment.997)"/>
         <nite:child href="Bmr012.E.segs.xml#id(Bmr012.segment.998)"/>
         <nite:child href="Bmr012.F.segs.xml#id(Bmr012.segment.999)"/>
         <nite:child href="Bmr012.A.segs.xml#id(Bmr012.segment.1000)"/>
         <nite:child href="Bmr012.C.segs.xml#id(Bmr012.segment.1001)"/>
         <nite:child href="Bmr012.D.segs.xml#id(Bmr012.segment.1002)"/>
         <nite:child href="Bmr012.C.segs.xml#id(Bmr012.segment.1003)"/>
         <nite:child href="Bmr012.D.segs.xml#id(Bmr012.segment.1004)"/>
         <nite:child href="Bmr012.C.segs.xml#id(Bmr012.segment.1005)..id(Bmr012.segment.1006)"/>
         <nite:child href="Bmr012.A.segs.xml#id(Bmr012.segment.1007)"/>
         <nite:child href="Bmr012.D.segs.xml#id(Bmr012.segment.1008)"/>
         <nite:child href="Bmr012.F.segs.xml#id(Bmr012.segment.1009)"/>
         <nite:child href="Bmr012.E.segs.xml#id(Bmr012.segment.1010)"/>
         <nite:child href="Bmr012.B.segs.xml#id(Bmr012.segment.1011)..id(Bmr012.segment.1012)"/>
         <nite:child href="Bmr012.F.segs.xml#id(Bmr012.segment.1013)"/>
         <nite:child href="Bmr012.D.segs.xml#id(Bmr012.segment.1015)"/>
         <nite:child href="Bmr012.C.segs.xml#id(Bmr012.segment.1014)"/>
         <nite:child href="Bmr012.B.segs.xml#id(Bmr012.segment.1016)"/>
         <nite:child href="Bmr012.E.segs.xml#id(Bmr012.segment.1017)"/>
         <nite:child href="Bmr012.B.segs.xml#id(Bmr012.segment.1018)"/>
         <nite:child href="Bmr012.D.segs.xml#id(Bmr012.segment.1019)"/>
         <nite:child href="Bmr012.B.segs.xml#id(Bmr012.segment.1020)..id(Bmr012.segment.1021)"/>
         <nite:child href="Bmr012.H.segs.xml#id(Bmr012.segment.1022)"/>
         <nite:child href="Bmr012.D.segs.xml#id(Bmr012.segment.1023)"/>
         <nite:child href="Bmr012.C.segs.xml#id(Bmr012.segment.1024)"/>
         <nite:child href="Bmr012.B.segs.xml#id(Bmr012.segment.1025)"/>
         <nite:child href="Bmr012.E.segs.xml#id(Bmr012.segment.1026)"/>
         <nite:child href="Bmr012.B.segs.xml#id(Bmr012.segment.1027)"/>
         <nite:child href="Bmr012.E.segs.xml#id(Bmr012.segment.1028)"/>
         <nite:child href="Bmr012.C.segs.xml#id(Bmr012.segment.1029)"/>
         <nite:child href="Bmr012.B.segs.xml#id(Bmr012.segment.1030)"/>
         <nite:child href="Bmr012.E.segs.xml#id(Bmr012.segment.1031)"/>
         <nite:child href="Bmr012.D.segs.xml#id(Bmr012.segment.1032)"/>
         <nite:child href="Bmr012.B.segs.xml#id(Bmr012.segment.1033)"/>
         <nite:child href="Bmr012.E.segs.xml#id(Bmr012.segment.1034)"/>
         <nite:child href="Bmr012.C.segs.xml#id(Bmr012.segment.1035)"/>
         <nite:child href="Bmr012.F.segs.xml#id(Bmr012.segment.1036)"/>
         <nite:child href="Bmr012.B.segs.xml#id(Bmr012.segment.1037)"/>
         <nite:child href="Bmr012.E.segs.xml#id(Bmr012.segment.1038)"/>
         <nite:child href="Bmr012.B.segs.xml#id(Bmr012.segment.1039)..id(Bmr012.segment.1040)"/>
         <nite:child href="Bmr012.D.segs.xml#id(Bmr012.segment.1041)"/>
         <nite:child href="Bmr012.B.segs.xml#id(Bmr012.segment.1042)"/>
         <nite:child href="Bmr012.C.segs.xml#id(Bmr012.segment.1043)"/>
         <nite:child href="Bmr012.E.segs.xml#id(Bmr012.segment.1045)"/>
         <nite:child href="Bmr012.C.segs.xml#id(Bmr012.segment.1044)"/>
         <nite:child href="Bmr012.B.segs.xml#id(Bmr012.segment.1046)"/>
         <nite:child href="Bmr012.E.segs.xml#id(Bmr012.segment.1047)"/>
         <nite:child href="Bmr012.B.segs.xml#id(Bmr012.segment.1048)..id(Bmr012.segment.1050)"/>
         <nite:child href="Bmr012.E.segs.xml#id(Bmr012.segment.1051)"/>
         <nite:child href="Bmr012.D.segs.xml#id(Bmr012.segment.1052)"/>
         <nite:child href="Bmr012.B.segs.xml#id(Bmr012.segment.1053)"/>
         <nite:child href="Bmr012.E.segs.xml#id(Bmr012.segment.1054)"/>
         <nite:child href="Bmr012.D.segs.xml#id(Bmr012.segment.1055)"/>
         <nite:child href="Bmr012.B.segs.xml#id(Bmr012.segment.1056)"/>
         <nite:child href="Bmr012.C.segs.xml#id(Bmr012.segment.1057)"/>
         <nite:child href="Bmr012.B.segs.xml#id(Bmr012.segment.1058)"/>
         <nite:child href="Bmr012.C.segs.xml#id(Bmr012.segment.1059)"/>
         <nite:child href="Bmr012.B.segs.xml#id(Bmr012.segment.1060)"/>
         <nite:child href="Bmr012.D.segs.xml#id(Bmr012.segment.1061)"/>
         <nite:child href="Bmr012.E.segs.xml#id(Bmr012.segment.1062)"/>
         <nite:child href="Bmr012.D.segs.xml#id(Bmr012.segment.1063)"/>
         <nite:child href="Bmr012.A.segs.xml#id(Bmr012.segment.1064)"/>
         <nite:child href="Bmr012.F.segs.xml#id(Bmr012.segment.1065)"/>
         <nite:child href="Bmr012.B.segs.xml#id(Bmr012.segment.1066)"/>
         <nite:child href="Bmr012.C.segs.xml#id(Bmr012.segment.1067)"/>
         <nite:child href="Bmr012.A.segs.xml#id(Bmr012.segment.1068)"/>
         <nite:child href="Bmr012.B.segs.xml#id(Bmr012.segment.1069)"/>
         <nite:child href="Bmr012.E.segs.xml#id(Bmr012.segment.1070)"/>
         <nite:child href="Bmr012.B.segs.xml#id(Bmr012.segment.1071)"/>
         <nite:child href="Bmr012.E.segs.xml#id(Bmr012.segment.1072)"/>
         <nite:child href="Bmr012.D.segs.xml#id(Bmr012.segment.1073)"/>
         <nite:child href="Bmr012.B.segs.xml#id(Bmr012.segment.1074)"/>
         <nite:child href="Bmr012.C.segs.xml#id(Bmr012.segment.1075)"/>
         <nite:child href="Bmr012.A.segs.xml#id(Bmr012.segment.1076)"/>
         <nite:child href="Bmr012.C.segs.xml#id(Bmr012.segment.1077)"/>
         <nite:child href="Bmr012.D.segs.xml#id(Bmr012.segment.1078)"/>
         <nite:child href="Bmr012.C.segs.xml#id(Bmr012.segment.1079)"/>
         <nite:child href="Bmr012.B.segs.xml#id(Bmr012.segment.1080)"/>
      </topic>
   </topic>
   <topic nite:id="Bmr012.topic.15" description="status of transcriptions">
      <nite:child href="Bmr012.A.segs.xml#id(Bmr012.segment.1081)"/>
      <nite:child href="Bmr012.B.segs.xml#id(Bmr012.segment.1082)"/>
      <nite:child href="Bmr012.A.segs.xml#id(Bmr012.segment.1083)..id(Bmr012.segment.1084)"/>
      <nite:child href="Bmr012.E.segs.xml#id(Bmr012.segment.1085)"/>
      <nite:child href="Bmr012.G.segs.xml#id(Bmr012.segment.1086)"/>
      <nite:child href="Bmr012.E.segs.xml#id(Bmr012.segment.1087)"/>
      <nite:child href="Bmr012.G.segs.xml#id(Bmr012.segment.1088)..id(Bmr012.segment.1091)"/>
      <nite:child href="Bmr012.E.segs.xml#id(Bmr012.segment.1090)"/>
      <nite:child href="Bmr012.C.segs.xml#id(Bmr012.segment.1093)"/>
      <nite:child href="Bmr012.G.segs.xml#id(Bmr012.segment.1092)"/>
      <nite:child href="Bmr012.B.segs.xml#id(Bmr012.segment.1094)"/>
      <nite:child href="Bmr012.E.segs.xml#id(Bmr012.segment.1095)"/>
      <nite:child href="Bmr012.D.segs.xml#id(Bmr012.segment.1096)"/>
      <nite:child href="Bmr012.G.segs.xml#id(Bmr012.segment.1097)..id(Bmr012.segment.1098)"/>
      <nite:child href="Bmr012.C.segs.xml#id(Bmr012.segment.1099)"/>
      <nite:child href="Bmr012.G.segs.xml#id(Bmr012.segment.1100)"/>
      <topic nite:id="Bmr012.topic.16" description="recording a transcriber pool meeting">
         <nite:child href="Bmr012.G.segs.xml#id(Bmr012.segment.1101)..id(Bmr012.segment.1102)"/>
         <nite:child href="Bmr012.D.segs.xml#id(Bmr012.segment.1103)"/>
         <nite:child href="Bmr012.C.segs.xml#id(Bmr012.segment.1104)"/>
         <nite:child href="Bmr012.E.segs.xml#id(Bmr012.segment.1105)"/>
         <nite:child href="Bmr012.B.segs.xml#id(Bmr012.segment.1106)"/>
         <nite:child href="Bmr012.F.segs.xml#id(Bmr012.segment.1107)"/>
         <nite:child href="Bmr012.C.segs.xml#id(Bmr012.segment.1108)"/>
         <nite:child href="Bmr012.G.segs.xml#id(Bmr012.segment.1109)"/>
         <nite:child href="Bmr012.D.segs.xml#id(Bmr012.segment.1110)"/>
         <nite:child href="Bmr012.G.segs.xml#id(Bmr012.segment.1111)..id(Bmr012.segment.1112)"/>
         <nite:child href="Bmr012.H.segs.xml#id(Bmr012.segment.1113)"/>
         <nite:child href="Bmr012.C.segs.xml#id(Bmr012.segment.1114)"/>
         <nite:child href="Bmr012.F.segs.xml#id(Bmr012.segment.1115)"/>
         <nite:child href="Bmr012.B.segs.xml#id(Bmr012.segment.1116)"/>
         <nite:child href="Bmr012.C.segs.xml#id(Bmr012.segment.1117)..id(Bmr012.segment.1118)"/>
         <nite:child href="Bmr012.D.segs.xml#id(Bmr012.segment.1119)"/>
         <nite:child href="Bmr012.G.segs.xml#id(Bmr012.segment.1120)"/>
         <nite:child href="Bmr012.C.segs.xml#id(Bmr012.segment.1121)"/>
         <nite:child href="Bmr012.B.segs.xml#id(Bmr012.segment.1123)"/>
         <nite:child href="Bmr012.G.segs.xml#id(Bmr012.segment.1122)"/>
         <nite:child href="Bmr012.C.segs.xml#id(Bmr012.segment.1124)"/>
         <nite:child href="Bmr012.G.segs.xml#id(Bmr012.segment.1125)..id(Bmr012.segment.1127)"/>
         <nite:child href="Bmr012.C.segs.xml#id(Bmr012.segment.1128)"/>
         <nite:child href="Bmr012.E.segs.xml#id(Bmr012.segment.1130)"/>
         <nite:child href="Bmr012.G.segs.xml#id(Bmr012.segment.1129)"/>
         <nite:child href="Bmr012.C.segs.xml#id(Bmr012.segment.1131)"/>
         <nite:child href="Bmr012.G.segs.xml#id(Bmr012.segment.1132)"/>
         <nite:child href="Bmr012.B.segs.xml#id(Bmr012.segment.1133)..id(Bmr012.segment.1135)"/>
         <nite:child href="Bmr012.G.segs.xml#id(Bmr012.segment.1136)"/>
         <nite:child href="Bmr012.E.segs.xml#id(Bmr012.segment.1137)"/>
         <nite:child href="Bmr012.C.segs.xml#id(Bmr012.segment.1138)"/>
         <nite:child href="Bmr012.G.segs.xml#id(Bmr012.segment.1139)"/>
         <nite:child href="Bmr012.B.segs.xml#id(Bmr012.segment.1140)"/>
         <nite:child href="Bmr012.H.segs.xml#id(Bmr012.segment.1141)"/>
         <nite:child href="Bmr012.D.segs.xml#id(Bmr012.segment.1142)"/>
         <nite:child href="Bmr012.E.segs.xml#id(Bmr012.segment.1143)"/>
         <nite:child href="Bmr012.F.segs.xml#id(Bmr012.segment.1144)"/>
         <nite:child href="Bmr012.C.segs.xml#id(Bmr012.segment.1145)"/>
         <nite:child href="Bmr012.G.segs.xml#id(Bmr012.segment.1146)"/>
         <nite:child href="Bmr012.E.segs.xml#id(Bmr012.segment.1147)"/>
         <nite:child href="Bmr012.G.segs.xml#id(Bmr012.segment.1148)..id(Bmr012.segment.1149)"/>
         <nite:child href="Bmr012.B.segs.xml#id(Bmr012.segment.1150)"/>
         <nite:child href="Bmr012.G.segs.xml#id(Bmr012.segment.1151)"/>
         <nite:child href="Bmr012.C.segs.xml#id(Bmr012.segment.1152)"/>
         <nite:child href="Bmr012.G.segs.xml#id(Bmr012.segment.1153)"/>
         <nite:child href="Bmr012.B.segs.xml#id(Bmr012.segment.1154)"/>
      </topic>
      <topic nite:id="Bmr012.topic.17" description="John Fiscus visit">
         <nite:child href="Bmr012.C.segs.xml#id(Bmr012.segment.1155)"/>
         <nite:child href="Bmr012.B.segs.xml#id(Bmr012.segment.1156)"/>
         <nite:child href="Bmr012.C.segs.xml#id(Bmr012.segment.1157)"/>
         <nite:child href="Bmr012.G.segs.xml#id(Bmr012.segment.1158)..id(Bmr012.segment.1162)"/>
         <nite:child href="Bmr012.E.segs.xml#id(Bmr012.segment.1163)"/>
         <nite:child href="Bmr012.G.segs.xml#id(Bmr012.segment.1164)..id(Bmr012.segment.1181)"/>
         <nite:child href="Bmr012.B.segs.xml#id(Bmr012.segment.1182)"/>
         <nite:child href="Bmr012.G.segs.xml#id(Bmr012.segment.1183)..id(Bmr012.segment.1184)"/>
         <nite:child href="Bmr012.E.segs.xml#id(Bmr012.segment.1185)"/>
         <nite:child href="Bmr012.G.segs.xml#id(Bmr012.segment.1186)..id(Bmr012.segment.1187)"/>
         <nite:child href="Bmr012.B.segs.xml#id(Bmr012.segment.1188)"/>
         <nite:child href="Bmr012.G.segs.xml#id(Bmr012.segment.1189)"/>
         <nite:child href="Bmr012.E.segs.xml#id(Bmr012.segment.1190)"/>
         <nite:child href="Bmr012.G.segs.xml#id(Bmr012.segment.1191)"/>
         <nite:child href="Bmr012.B.segs.xml#id(Bmr012.segment.1192)"/>
         <nite:child href="Bmr012.E.segs.xml#id(Bmr012.segment.1193)"/>
         <nite:child href="Bmr012.G.segs.xml#id(Bmr012.segment.1194)"/>
         <nite:child href="Bmr012.B.segs.xml#id(Bmr012.segment.1195)"/>
      </topic>
   </topic>
   <topic nite:id="Bmr012.topic.18" description="introduction by Espen Eriksen">
      <nite:child href="Bmr012.G.segs.xml#id(Bmr012.segment.1196)"/>
      <nite:child href="Bmr012.B.segs.xml#id(Bmr012.segment.1197)"/>
      <nite:child href="Bmr012.G.segs.xml#id(Bmr012.segment.1198)"/>
      <nite:child href="Bmr012.E.segs.xml#id(Bmr012.segment.1199)"/>
      <nite:child href="Bmr012.B.segs.xml#id(Bmr012.segment.1200)"/>
      <nite:child href="Bmr012.G.segs.xml#id(Bmr012.segment.1201)"/>
      <nite:child href="Bmr012.D.segs.xml#id(Bmr012.segment.1202)"/>
      <nite:child href="Bmr012.B.segs.xml#id(Bmr012.segment.1203)"/>
      <nite:child href="Bmr012.G.segs.xml#id(Bmr012.segment.1204)"/>
      <nite:child href="Bmr012.E.segs.xml#id(Bmr012.segment.1205)"/>
      <nite:child href="Bmr012.B.segs.xml#id(Bmr012.segment.1206)..id(Bmr012.segment.1207)"/>
      <nite:child href="Bmr012.E.segs.xml#id(Bmr012.segment.1209)"/>
      <nite:child href="Bmr012.G.segs.xml#id(Bmr012.segment.1208)"/>
      <nite:child href="Bmr012.D.segs.xml#id(Bmr012.segment.1210)"/>
      <nite:child href="Bmr012.E.segs.xml#id(Bmr012.segment.1211)"/>
      <nite:child href="Bmr012.G.segs.xml#id(Bmr012.segment.1212)"/>
      <nite:child href="Bmr012.E.segs.xml#id(Bmr012.segment.1213)"/>
      <nite:child href="Bmr012.D.segs.xml#id(Bmr012.segment.1214)"/>
      <nite:child href="Bmr012.G.segs.xml#id(Bmr012.segment.1215)"/>
      <nite:child href="Bmr012.D.segs.xml#id(Bmr012.segment.1216)"/>
      <nite:child href="Bmr012.A.segs.xml#id(Bmr012.segment.1217)"/>
      <nite:child href="Bmr012.J.segs.xml#id(Bmr012.segment.1218)"/>
      <nite:child href="Bmr012.B.segs.xml#id(Bmr012.segment.1219)"/>
      <nite:child href="Bmr012.E.segs.xml#id(Bmr012.segment.1220)"/>
      <nite:child href="Bmr012.B.segs.xml#id(Bmr012.segment.1221)"/>
      <nite:child href="Bmr012.J.segs.xml#id(Bmr012.segment.1222)..id(Bmr012.segment.1245)"/>
      <nite:child href="Bmr012.E.segs.xml#id(Bmr012.segment.1246)"/>
      <nite:child href="Bmr012.J.segs.xml#id(Bmr012.segment.1247)..id(Bmr012.segment.1248)"/>
      <nite:child href="Bmr012.E.segs.xml#id(Bmr012.segment.1249)"/>
      <nite:child href="Bmr012.J.segs.xml#id(Bmr012.segment.1250)"/>
      <nite:child href="Bmr012.E.segs.xml#id(Bmr012.segment.1251)"/>
      <nite:child href="Bmr012.J.segs.xml#id(Bmr012.segment.1252)"/>
      <nite:child href="Bmr012.B.segs.xml#id(Bmr012.segment.1253)..id(Bmr012.segment.1254)"/>
      <nite:child href="Bmr012.J.segs.xml#id(Bmr012.segment.1255)..id(Bmr012.segment.1256)"/>
      <nite:child href="Bmr012.B.segs.xml#id(Bmr012.segment.1257)"/>
      <nite:child href="Bmr012.E.segs.xml#id(Bmr012.segment.1258)"/>
      <nite:child href="Bmr012.D.segs.xml#id(Bmr012.segment.1260)"/>
      <nite:child href="Bmr012.G.segs.xml#id(Bmr012.segment.1259)"/>
      <nite:child href="Bmr012.J.segs.xml#id(Bmr012.segment.1261)"/>
      <nite:child href="Bmr012.G.segs.xml#id(Bmr012.segment.1262)"/>
      <nite:child href="Bmr012.F.segs.xml#id(Bmr012.segment.1263)..id(Bmr012.segment.1269)"/>
      <nite:child href="Bmr012.J.segs.xml#id(Bmr012.segment.1270)"/>
   </topic>
   <topic nite:id="Bmr012.topic.19" description="closing">
      <nite:child href="Bmr012.B.segs.xml#id(Bmr012.segment.1271)"/>
      <nite:child href="Bmr012.E.segs.xml#id(Bmr012.segment.1272)"/>
      <topic nite:id="Bmr012.topic.20" description="digit task">
         <nite:child href="Bmr012.E.segs.xml#id(Bmr012.segment.1273)"/>
         <nite:child href="Bmr012.B.segs.xml#id(Bmr012.segment.1274)"/>
         <nite:child href="Bmr012.E.segs.xml#id(Bmr012.segment.1275)..id(Bmr012.segment.1294)"/>
         <nite:child href="Bmr012.H.segs.xml#id(Bmr012.segment.1295)..id(Bmr012.segment.1301)"/>
         <nite:child href="Bmr012.J.segs.xml#id(Bmr012.segment.1302)"/>
         <nite:child href="Bmr012.H.segs.xml#id(Bmr012.segment.1303)..id(Bmr012.segment.1316)"/>
         <nite:child href="Bmr012.F.segs.xml#id(Bmr012.segment.1317)..id(Bmr012.segment.1337)"/>
         <nite:child href="Bmr012.J.segs.xml#id(Bmr012.segment.1338)..id(Bmr012.segment.1358)"/>
         <nite:child href="Bmr012.D.segs.xml#id(Bmr012.segment.1359)..id(Bmr012.segment.1379)"/>
         <nite:child href="Bmr012.B.segs.xml#id(Bmr012.segment.1380)..id(Bmr012.segment.1400)"/>
         <nite:child href="Bmr012.G.segs.xml#id(Bmr012.segment.1401)..id(Bmr012.segment.1421)"/>
      </topic>
      <nite:child href="Bmr012.E.segs.xml#id(Bmr012.segment.1422)"/>
   </topic>
</nite:root>