<?xml version="1.0" encoding="ISO-8859-1" standalone="yes"?>
<nite:root nite:id="Bmr018.topic" xmlns:nite="http://nite.sourceforge.net/">
   <topic nite:id="Bmr018.topic.1" description="opening">
      <topic nite:id="Bmr018.topic.2" description="system crashes, temporary files">
         <nite:child href="Bmr018.G.segs.xml#id(Bmr018.segment.1)"/>
         <nite:child href="Bmr018.A.segs.xml#id(Bmr018.segment.2)"/>
         <nite:child href="Bmr018.E.segs.xml#id(Bmr018.segment.3)"/>
         <nite:child href="Bmr018.C.segs.xml#id(Bmr018.segment.4)"/>
         <nite:child href="Bmr018.G.segs.xml#id(Bmr018.segment.5)..id(Bmr018.segment.6)"/>
         <nite:child href="Bmr018.C.segs.xml#id(Bmr018.segment.7)"/>
         <nite:child href="Bmr018.G.segs.xml#id(Bmr018.segment.8)"/>
         <nite:child href="Bmr018.E.segs.xml#id(Bmr018.segment.10)"/>
         <nite:child href="Bmr018.A.segs.xml#id(Bmr018.segment.9)"/>
         <nite:child href="Bmr018.C.segs.xml#id(Bmr018.segment.11)"/>
         <nite:child href="Bmr018.G.segs.xml#id(Bmr018.segment.12)"/>
         <nite:child href="Bmr018.F.segs.xml#id(Bmr018.segment.13)"/>
         <nite:child href="Bmr018.C.segs.xml#id(Bmr018.segment.14)"/>
         <nite:child href="Bmr018.A.segs.xml#id(Bmr018.segment.15)"/>
         <nite:child href="Bmr018.F.segs.xml#id(Bmr018.segment.16)"/>
         <nite:child href="Bmr018.D.segs.xml#id(Bmr018.segment.17)"/>
         <nite:child href="Bmr018.E.segs.xml#id(Bmr018.segment.18)..id(Bmr018.segment.19)"/>
         <nite:child href="Bmr018.D.segs.xml#id(Bmr018.segment.20)"/>
         <nite:child href="Bmr018.E.segs.xml#id(Bmr018.segment.21)"/>
         <nite:child href="Bmr018.D.segs.xml#id(Bmr018.segment.22)"/>
         <nite:child href="Bmr018.E.segs.xml#id(Bmr018.segment.23)..id(Bmr018.segment.24)"/>
         <nite:child href="Bmr018.D.segs.xml#id(Bmr018.segment.25)"/>
         <nite:child href="Bmr018.E.segs.xml#id(Bmr018.segment.26)"/>
         <nite:child href="Bmr018.B.segs.xml#id(Bmr018.segment.27)"/>
         <nite:child href="Bmr018.E.segs.xml#id(Bmr018.segment.28)"/>
         <nite:child href="Bmr018.B.segs.xml#id(Bmr018.segment.29)"/>
         <nite:child href="Bmr018.D.segs.xml#id(Bmr018.segment.30)"/>
         <nite:child href="Bmr018.C.segs.xml#id(Bmr018.segment.31)"/>
         <nite:child href="Bmr018.E.segs.xml#id(Bmr018.segment.33)"/>
         <nite:child href="Bmr018.D.segs.xml#id(Bmr018.segment.32)..id(Bmr018.segment.34)"/>
         <nite:child href="Bmr018.E.segs.xml#id(Bmr018.segment.35)"/>
         <nite:child href="Bmr018.C.segs.xml#id(Bmr018.segment.36)"/>
         <nite:child href="Bmr018.E.segs.xml#id(Bmr018.segment.37)..id(Bmr018.segment.40)"/>
         <nite:child href="Bmr018.D.segs.xml#id(Bmr018.segment.41)"/>
         <nite:child href="Bmr018.C.segs.xml#id(Bmr018.segment.42)"/>
         <nite:child href="Bmr018.E.segs.xml#id(Bmr018.segment.43)"/>
         <nite:child href="Bmr018.B.segs.xml#id(Bmr018.segment.44)"/>
         <nite:child href="Bmr018.D.segs.xml#id(Bmr018.segment.45)"/>
         <nite:child href="Bmr018.B.segs.xml#id(Bmr018.segment.46)"/>
         <nite:child href="Bmr018.D.segs.xml#id(Bmr018.segment.47)"/>
         <nite:child href="Bmr018.G.segs.xml#id(Bmr018.segment.48)"/>
         <nite:child href="Bmr018.D.segs.xml#id(Bmr018.segment.49)"/>
      </topic>
      <topic nite:id="Bmr018.topic.3" description="chitchat">
         <nite:child href="Bmr018.C.segs.xml#id(Bmr018.segment.50)..id(Bmr018.segment.52)"/>
         <nite:child href="Bmr018.E.segs.xml#id(Bmr018.segment.51)"/>
         <nite:child href="Bmr018.G.segs.xml#id(Bmr018.segment.53)"/>
         <nite:child href="Bmr018.C.segs.xml#id(Bmr018.segment.55)"/>
         <nite:child href="Bmr018.A.segs.xml#id(Bmr018.segment.54)"/>
         <nite:child href="Bmr018.D.segs.xml#id(Bmr018.segment.56)"/>
         <nite:child href="Bmr018.A.segs.xml#id(Bmr018.segment.57)"/>
         <nite:child href="Bmr018.D.segs.xml#id(Bmr018.segment.58)"/>
         <nite:child href="Bmr018.C.segs.xml#id(Bmr018.segment.59)"/>
         <nite:child href="Bmr018.B.segs.xml#id(Bmr018.segment.60)"/>
         <nite:child href="Bmr018.C.segs.xml#id(Bmr018.segment.61)"/>
         <nite:child href="Bmr018.B.segs.xml#id(Bmr018.segment.62)"/>
         <nite:child href="Bmr018.A.segs.xml#id(Bmr018.segment.63)"/>
         <nite:child href="Bmr018.C.segs.xml#id(Bmr018.segment.64)"/>
         <nite:child href="Bmr018.B.segs.xml#id(Bmr018.segment.66)"/>
         <nite:child href="Bmr018.D.segs.xml#id(Bmr018.segment.65)"/>
         <nite:child href="Bmr018.B.segs.xml#id(Bmr018.segment.67)"/>
         <nite:child href="Bmr018.E.segs.xml#id(Bmr018.segment.68)"/>
         <nite:child href="Bmr018.C.segs.xml#id(Bmr018.segment.69)..id(Bmr018.segment.70)"/>
         <nite:child href="Bmr018.B.segs.xml#id(Bmr018.segment.71)"/>
         <nite:child href="Bmr018.D.segs.xml#id(Bmr018.segment.72)"/>
         <nite:child href="Bmr018.B.segs.xml#id(Bmr018.segment.73)"/>
         <nite:child href="Bmr018.G.segs.xml#id(Bmr018.segment.74)"/>
         <nite:child href="Bmr018.E.segs.xml#id(Bmr018.segment.75)..id(Bmr018.segment.76)"/>
         <nite:child href="Bmr018.C.segs.xml#id(Bmr018.segment.77)"/>
         <nite:child href="Bmr018.D.segs.xml#id(Bmr018.segment.78)"/>
         <nite:child href="Bmr018.C.segs.xml#id(Bmr018.segment.79)"/>
         <nite:child href="Bmr018.A.segs.xml#id(Bmr018.segment.80)"/>
         <nite:child href="Bmr018.E.segs.xml#id(Bmr018.segment.81)"/>
         <nite:child href="Bmr018.B.segs.xml#id(Bmr018.segment.82)..id(Bmr018.segment.83)"/>
         <nite:child href="Bmr018.A.segs.xml#id(Bmr018.segment.84)"/>
      </topic>
      <nite:child href="Bmr018.C.segs.xml#id(Bmr018.segment.85)"/>
      <nite:child href="Bmr018.E.segs.xml#id(Bmr018.segment.86)..id(Bmr018.segment.87)"/>
      <nite:child href="Bmr018.B.segs.xml#id(Bmr018.segment.88)"/>
      <nite:child href="Bmr018.C.segs.xml#id(Bmr018.segment.89)"/>
      <nite:child href="Bmr018.E.segs.xml#id(Bmr018.segment.90)"/>
      <nite:child href="Bmr018.B.segs.xml#id(Bmr018.segment.91)"/>
      <nite:child href="Bmr018.C.segs.xml#id(Bmr018.segment.92)"/>
      <nite:child href="Bmr018.D.segs.xml#id(Bmr018.segment.93)"/>
      <nite:child href="Bmr018.C.segs.xml#id(Bmr018.segment.94)"/>
      <nite:child href="Bmr018.E.segs.xml#id(Bmr018.segment.95)"/>
      <nite:child href="Bmr018.B.segs.xml#id(Bmr018.segment.96)"/>
      <nite:child href="Bmr018.E.segs.xml#id(Bmr018.segment.97)"/>
      <topic nite:id="Bmr018.topic.4" description="upcoming meeting with UW colleagues">
         <nite:child href="Bmr018.D.segs.xml#id(Bmr018.segment.98)"/>
         <nite:child href="Bmr018.E.segs.xml#id(Bmr018.segment.99)..id(Bmr018.segment.100)"/>
         <nite:child href="Bmr018.F.segs.xml#id(Bmr018.segment.101)"/>
         <nite:child href="Bmr018.E.segs.xml#id(Bmr018.segment.102)"/>
         <nite:child href="Bmr018.D.segs.xml#id(Bmr018.segment.103)"/>
         <nite:child href="Bmr018.C.segs.xml#id(Bmr018.segment.104)"/>
         <nite:child href="Bmr018.D.segs.xml#id(Bmr018.segment.105)"/>
         <nite:child href="Bmr018.F.segs.xml#id(Bmr018.segment.106)"/>
         <nite:child href="Bmr018.E.segs.xml#id(Bmr018.segment.107)"/>
         <nite:child href="Bmr018.D.segs.xml#id(Bmr018.segment.108)"/>
         <nite:child href="Bmr018.C.segs.xml#id(Bmr018.segment.109)..id(Bmr018.segment.110)"/>
         <nite:child href="Bmr018.D.segs.xml#id(Bmr018.segment.111)"/>
         <nite:child href="Bmr018.F.segs.xml#id(Bmr018.segment.112)..id(Bmr018.segment.114)"/>
         <nite:child href="Bmr018.C.segs.xml#id(Bmr018.segment.113)"/>
         <nite:child href="Bmr018.F.segs.xml#id(Bmr018.segment.115)..id(Bmr018.segment.119)"/>
         <nite:child href="Bmr018.C.segs.xml#id(Bmr018.segment.120)"/>
         <nite:child href="Bmr018.F.segs.xml#id(Bmr018.segment.121)..id(Bmr018.segment.122)"/>
         <nite:child href="Bmr018.E.segs.xml#id(Bmr018.segment.123)"/>
         <nite:child href="Bmr018.F.segs.xml#id(Bmr018.segment.124)"/>
         <nite:child href="Bmr018.D.segs.xml#id(Bmr018.segment.125)"/>
         <nite:child href="Bmr018.C.segs.xml#id(Bmr018.segment.126)..id(Bmr018.segment.128)"/>
         <nite:child href="Bmr018.F.segs.xml#id(Bmr018.segment.129)"/>
         <nite:child href="Bmr018.D.segs.xml#id(Bmr018.segment.130)"/>
         <nite:child href="Bmr018.E.segs.xml#id(Bmr018.segment.131)"/>
         <nite:child href="Bmr018.C.segs.xml#id(Bmr018.segment.132)"/>
         <nite:child href="Bmr018.F.segs.xml#id(Bmr018.segment.133)"/>
         <nite:child href="Bmr018.C.segs.xml#id(Bmr018.segment.134)"/>
         <nite:child href="Bmr018.E.segs.xml#id(Bmr018.segment.135)..id(Bmr018.segment.136)"/>
         <nite:child href="Bmr018.C.segs.xml#id(Bmr018.segment.137)"/>
         <nite:child href="Bmr018.E.segs.xml#id(Bmr018.segment.138)"/>
         <nite:child href="Bmr018.C.segs.xml#id(Bmr018.segment.139)"/>
         <nite:child href="Bmr018.E.segs.xml#id(Bmr018.segment.141)"/>
         <nite:child href="Bmr018.C.segs.xml#id(Bmr018.segment.140)..id(Bmr018.segment.142)"/>
         <nite:child href="Bmr018.E.segs.xml#id(Bmr018.segment.143)"/>
         <nite:child href="Bmr018.C.segs.xml#id(Bmr018.segment.144)..id(Bmr018.segment.146)"/>
         <nite:child href="Bmr018.A.segs.xml#id(Bmr018.segment.147)"/>
         <nite:child href="Bmr018.C.segs.xml#id(Bmr018.segment.148)..id(Bmr018.segment.150)"/>
         <nite:child href="Bmr018.F.segs.xml#id(Bmr018.segment.149)..id(Bmr018.segment.152)"/>
         <nite:child href="Bmr018.C.segs.xml#id(Bmr018.segment.153)"/>
         <nite:child href="Bmr018.F.segs.xml#id(Bmr018.segment.154)"/>
         <nite:child href="Bmr018.C.segs.xml#id(Bmr018.segment.155)..id(Bmr018.segment.157)"/>
         <nite:child href="Bmr018.E.segs.xml#id(Bmr018.segment.158)"/>
         <nite:child href="Bmr018.C.segs.xml#id(Bmr018.segment.159)"/>
         <nite:child href="Bmr018.A.segs.xml#id(Bmr018.segment.160)..id(Bmr018.segment.161)"/>
         <nite:child href="Bmr018.E.segs.xml#id(Bmr018.segment.162)..id(Bmr018.segment.163)"/>
         <nite:child href="Bmr018.A.segs.xml#id(Bmr018.segment.164)"/>
         <nite:child href="Bmr018.E.segs.xml#id(Bmr018.segment.165)..id(Bmr018.segment.166)"/>
         <nite:child href="Bmr018.B.segs.xml#id(Bmr018.segment.167)..id(Bmr018.segment.169)"/>
         <nite:child href="Bmr018.E.segs.xml#id(Bmr018.segment.170)..id(Bmr018.segment.172)"/>
      </topic>
   </topic>
   <topic nite:id="Bmr018.topic.5" description="digits, preparing data sample for IBM">
      <nite:child href="Bmr018.E.segs.xml#id(Bmr018.segment.173)..id(Bmr018.segment.179)"/>
      <nite:child href="Bmr018.A.segs.xml#id(Bmr018.segment.180)"/>
      <nite:child href="Bmr018.E.segs.xml#id(Bmr018.segment.181)..id(Bmr018.segment.182)"/>
      <nite:child href="Bmr018.A.segs.xml#id(Bmr018.segment.183)..id(Bmr018.segment.184)"/>
      <nite:child href="Bmr018.E.segs.xml#id(Bmr018.segment.185)"/>
      <nite:child href="Bmr018.B.segs.xml#id(Bmr018.segment.186)"/>
      <nite:child href="Bmr018.A.segs.xml#id(Bmr018.segment.187)"/>
      <nite:child href="Bmr018.E.segs.xml#id(Bmr018.segment.188)..id(Bmr018.segment.192)"/>
      <topic nite:id="Bmr018.topic.6" description="boundary adjustments, delegating to transcriber pool">
         <nite:child href="Bmr018.B.segs.xml#id(Bmr018.segment.193)"/>
         <nite:child href="Bmr018.E.segs.xml#id(Bmr018.segment.194)"/>
         <nite:child href="Bmr018.A.segs.xml#id(Bmr018.segment.195)"/>
         <nite:child href="Bmr018.B.segs.xml#id(Bmr018.segment.196)"/>
         <nite:child href="Bmr018.A.segs.xml#id(Bmr018.segment.197)"/>
         <nite:child href="Bmr018.E.segs.xml#id(Bmr018.segment.198)"/>
         <nite:child href="Bmr018.A.segs.xml#id(Bmr018.segment.199)"/>
         <nite:child href="Bmr018.E.segs.xml#id(Bmr018.segment.200)..id(Bmr018.segment.201)"/>
         <nite:child href="Bmr018.A.segs.xml#id(Bmr018.segment.202)"/>
         <nite:child href="Bmr018.E.segs.xml#id(Bmr018.segment.203)..id(Bmr018.segment.205)"/>
         <nite:child href="Bmr018.B.segs.xml#id(Bmr018.segment.206)"/>
         <nite:child href="Bmr018.A.segs.xml#id(Bmr018.segment.207)"/>
         <nite:child href="Bmr018.B.segs.xml#id(Bmr018.segment.208)"/>
         <nite:child href="Bmr018.A.segs.xml#id(Bmr018.segment.209)"/>
         <nite:child href="Bmr018.E.segs.xml#id(Bmr018.segment.210)"/>
         <nite:child href="Bmr018.B.segs.xml#id(Bmr018.segment.211)..id(Bmr018.segment.212)"/>
         <nite:child href="Bmr018.A.segs.xml#id(Bmr018.segment.213)..id(Bmr018.segment.215)"/>
         <nite:child href="Bmr018.B.segs.xml#id(Bmr018.segment.216)"/>
         <nite:child href="Bmr018.C.segs.xml#id(Bmr018.segment.217)"/>
         <nite:child href="Bmr018.E.segs.xml#id(Bmr018.segment.218)..id(Bmr018.segment.221)"/>
         <nite:child href="Bmr018.A.segs.xml#id(Bmr018.segment.222)"/>
         <nite:child href="Bmr018.C.segs.xml#id(Bmr018.segment.223)..id(Bmr018.segment.226)"/>
         <nite:child href="Bmr018.E.segs.xml#id(Bmr018.segment.227)..id(Bmr018.segment.229)"/>
         <nite:child href="Bmr018.C.segs.xml#id(Bmr018.segment.230)"/>
         <nite:child href="Bmr018.B.segs.xml#id(Bmr018.segment.231)..id(Bmr018.segment.232)"/>
         <nite:child href="Bmr018.A.segs.xml#id(Bmr018.segment.233)"/>
         <nite:child href="Bmr018.B.segs.xml#id(Bmr018.segment.234)"/>
         <nite:child href="Bmr018.E.segs.xml#id(Bmr018.segment.235)..id(Bmr018.segment.239)"/>
         <nite:child href="Bmr018.C.segs.xml#id(Bmr018.segment.240)..id(Bmr018.segment.241)"/>
         <nite:child href="Bmr018.E.segs.xml#id(Bmr018.segment.242)"/>
         <nite:child href="Bmr018.C.segs.xml#id(Bmr018.segment.243)"/>
         <nite:child href="Bmr018.E.segs.xml#id(Bmr018.segment.244)..id(Bmr018.segment.246)"/>
         <nite:child href="Bmr018.C.segs.xml#id(Bmr018.segment.247)"/>
         <nite:child href="Bmr018.E.segs.xml#id(Bmr018.segment.248)..id(Bmr018.segment.249)"/>
         <nite:child href="Bmr018.G.segs.xml#id(Bmr018.segment.250)"/>
         <nite:child href="Bmr018.C.segs.xml#id(Bmr018.segment.251)"/>
         <nite:child href="Bmr018.E.segs.xml#id(Bmr018.segment.252)"/>
         <nite:child href="Bmr018.C.segs.xml#id(Bmr018.segment.253)"/>
         <nite:child href="Bmr018.A.segs.xml#id(Bmr018.segment.254)..id(Bmr018.segment.255)"/>
         <nite:child href="Bmr018.E.segs.xml#id(Bmr018.segment.256)"/>
         <nite:child href="Bmr018.C.segs.xml#id(Bmr018.segment.257)..id(Bmr018.segment.262)"/>
         <nite:child href="Bmr018.A.segs.xml#id(Bmr018.segment.263)"/>
         <nite:child href="Bmr018.E.segs.xml#id(Bmr018.segment.264)"/>
         <nite:child href="Bmr018.C.segs.xml#id(Bmr018.segment.265)"/>
         <nite:child href="Bmr018.A.segs.xml#id(Bmr018.segment.266)"/>
         <nite:child href="Bmr018.C.segs.xml#id(Bmr018.segment.267)"/>
         <nite:child href="Bmr018.B.segs.xml#id(Bmr018.segment.268)..id(Bmr018.segment.270)"/>
         <nite:child href="Bmr018.C.segs.xml#id(Bmr018.segment.271)"/>
         <nite:child href="Bmr018.B.segs.xml#id(Bmr018.segment.272)"/>
         <nite:child href="Bmr018.C.segs.xml#id(Bmr018.segment.273)..id(Bmr018.segment.274)"/>
         <nite:child href="Bmr018.B.segs.xml#id(Bmr018.segment.275)"/>
         <nite:child href="Bmr018.E.segs.xml#id(Bmr018.segment.276)..id(Bmr018.segment.277)"/>
         <nite:child href="Bmr018.C.segs.xml#id(Bmr018.segment.278)"/>
         <nite:child href="Bmr018.B.segs.xml#id(Bmr018.segment.279)"/>
         <nite:child href="Bmr018.C.segs.xml#id(Bmr018.segment.280)"/>
         <nite:child href="Bmr018.B.segs.xml#id(Bmr018.segment.281)"/>
         <nite:child href="Bmr018.E.segs.xml#id(Bmr018.segment.282)..id(Bmr018.segment.285)"/>
         <nite:child href="Bmr018.A.segs.xml#id(Bmr018.segment.286)"/>
         <nite:child href="Bmr018.E.segs.xml#id(Bmr018.segment.287)..id(Bmr018.segment.289)"/>
         <nite:child href="Bmr018.A.segs.xml#id(Bmr018.segment.290)..id(Bmr018.segment.291)"/>
         <nite:child href="Bmr018.E.segs.xml#id(Bmr018.segment.292)"/>
         <topic nite:id="Bmr018.topic.7" description="single versus multiple channels, visuals">
            <nite:child href="Bmr018.B.segs.xml#id(Bmr018.segment.293)"/>
            <nite:child href="Bmr018.A.segs.xml#id(Bmr018.segment.294)"/>
            <nite:child href="Bmr018.B.segs.xml#id(Bmr018.segment.295)..id(Bmr018.segment.297)"/>
            <nite:child href="Bmr018.A.segs.xml#id(Bmr018.segment.296)"/>
            <nite:child href="Bmr018.E.segs.xml#id(Bmr018.segment.298)"/>
            <nite:child href="Bmr018.A.segs.xml#id(Bmr018.segment.299)..id(Bmr018.segment.301)"/>
            <nite:child href="Bmr018.E.segs.xml#id(Bmr018.segment.302)..id(Bmr018.segment.303)"/>
            <nite:child href="Bmr018.A.segs.xml#id(Bmr018.segment.304)"/>
            <nite:child href="Bmr018.E.segs.xml#id(Bmr018.segment.305)"/>
            <nite:child href="Bmr018.A.segs.xml#id(Bmr018.segment.306)"/>
            <nite:child href="Bmr018.E.segs.xml#id(Bmr018.segment.307)"/>
            <nite:child href="Bmr018.A.segs.xml#id(Bmr018.segment.308)"/>
            <nite:child href="Bmr018.B.segs.xml#id(Bmr018.segment.309)"/>
            <nite:child href="Bmr018.A.segs.xml#id(Bmr018.segment.310)"/>
            <nite:child href="Bmr018.C.segs.xml#id(Bmr018.segment.311)"/>
            <nite:child href="Bmr018.B.segs.xml#id(Bmr018.segment.312)"/>
            <nite:child href="Bmr018.E.segs.xml#id(Bmr018.segment.313)..id(Bmr018.segment.315)"/>
            <nite:child href="Bmr018.B.segs.xml#id(Bmr018.segment.316)"/>
            <nite:child href="Bmr018.E.segs.xml#id(Bmr018.segment.317)..id(Bmr018.segment.319)"/>
            <nite:child href="Bmr018.A.segs.xml#id(Bmr018.segment.320)"/>
            <nite:child href="Bmr018.D.segs.xml#id(Bmr018.segment.321)"/>
            <nite:child href="Bmr018.E.segs.xml#id(Bmr018.segment.322)..id(Bmr018.segment.323)"/>
            <nite:child href="Bmr018.A.segs.xml#id(Bmr018.segment.324)"/>
            <nite:child href="Bmr018.D.segs.xml#id(Bmr018.segment.325)"/>
            <nite:child href="Bmr018.A.segs.xml#id(Bmr018.segment.326)"/>
            <nite:child href="Bmr018.D.segs.xml#id(Bmr018.segment.327)"/>
            <nite:child href="Bmr018.E.segs.xml#id(Bmr018.segment.328)"/>
            <nite:child href="Bmr018.D.segs.xml#id(Bmr018.segment.329)"/>
            <nite:child href="Bmr018.A.segs.xml#id(Bmr018.segment.330)"/>
            <nite:child href="Bmr018.E.segs.xml#id(Bmr018.segment.331)..id(Bmr018.segment.332)"/>
            <nite:child href="Bmr018.A.segs.xml#id(Bmr018.segment.333)"/>
            <nite:child href="Bmr018.C.segs.xml#id(Bmr018.segment.334)"/>
            <nite:child href="Bmr018.D.segs.xml#id(Bmr018.segment.335)"/>
            <nite:child href="Bmr018.E.segs.xml#id(Bmr018.segment.336)..id(Bmr018.segment.338)"/>
            <nite:child href="Bmr018.A.segs.xml#id(Bmr018.segment.339)"/>
            <nite:child href="Bmr018.E.segs.xml#id(Bmr018.segment.340)"/>
            <nite:child href="Bmr018.B.segs.xml#id(Bmr018.segment.341)"/>
            <nite:child href="Bmr018.F.segs.xml#id(Bmr018.segment.342)"/>
            <nite:child href="Bmr018.A.segs.xml#id(Bmr018.segment.343)..id(Bmr018.segment.344)"/>
            <nite:child href="Bmr018.D.segs.xml#id(Bmr018.segment.345)"/>
            <nite:child href="Bmr018.B.segs.xml#id(Bmr018.segment.346)"/>
            <nite:child href="Bmr018.A.segs.xml#id(Bmr018.segment.347)"/>
            <nite:child href="Bmr018.B.segs.xml#id(Bmr018.segment.348)..id(Bmr018.segment.352)"/>
            <nite:child href="Bmr018.E.segs.xml#id(Bmr018.segment.353)"/>
            <nite:child href="Bmr018.A.segs.xml#id(Bmr018.segment.354)"/>
            <nite:child href="Bmr018.E.segs.xml#id(Bmr018.segment.355)..id(Bmr018.segment.356)"/>
            <nite:child href="Bmr018.A.segs.xml#id(Bmr018.segment.357)"/>
            <nite:child href="Bmr018.E.segs.xml#id(Bmr018.segment.358)"/>
            <nite:child href="Bmr018.A.segs.xml#id(Bmr018.segment.359)"/>
            <nite:child href="Bmr018.E.segs.xml#id(Bmr018.segment.360)"/>
            <nite:child href="Bmr018.A.segs.xml#id(Bmr018.segment.361)"/>
            <nite:child href="Bmr018.E.segs.xml#id(Bmr018.segment.362)"/>
            <nite:child href="Bmr018.B.segs.xml#id(Bmr018.segment.363)"/>
            <nite:child href="Bmr018.A.segs.xml#id(Bmr018.segment.364)"/>
            <nite:child href="Bmr018.E.segs.xml#id(Bmr018.segment.365)"/>
            <nite:child href="Bmr018.A.segs.xml#id(Bmr018.segment.366)..id(Bmr018.segment.369)"/>
            <nite:child href="Bmr018.B.segs.xml#id(Bmr018.segment.370)"/>
            <nite:child href="Bmr018.E.segs.xml#id(Bmr018.segment.371)..id(Bmr018.segment.372)"/>
            <nite:child href="Bmr018.A.segs.xml#id(Bmr018.segment.373)"/>
            <nite:child href="Bmr018.E.segs.xml#id(Bmr018.segment.374)"/>
            <nite:child href="Bmr018.A.segs.xml#id(Bmr018.segment.375)"/>
            <nite:child href="Bmr018.E.segs.xml#id(Bmr018.segment.376)..id(Bmr018.segment.381)"/>
            <nite:child href="Bmr018.A.segs.xml#id(Bmr018.segment.382)"/>
            <nite:child href="Bmr018.E.segs.xml#id(Bmr018.segment.383)"/>
            <nite:child href="Bmr018.A.segs.xml#id(Bmr018.segment.384)"/>
            <nite:child href="Bmr018.C.segs.xml#id(Bmr018.segment.385)"/>
            <nite:child href="Bmr018.E.segs.xml#id(Bmr018.segment.386)"/>
            <nite:child href="Bmr018.F.segs.xml#id(Bmr018.segment.387)"/>
            <nite:child href="Bmr018.E.segs.xml#id(Bmr018.segment.388)"/>
            <nite:child href="Bmr018.C.segs.xml#id(Bmr018.segment.389)"/>
            <nite:child href="Bmr018.A.segs.xml#id(Bmr018.segment.390)..id(Bmr018.segment.393)"/>
            <nite:child href="Bmr018.F.segs.xml#id(Bmr018.segment.394)"/>
            <nite:child href="Bmr018.A.segs.xml#id(Bmr018.segment.395)"/>
            <nite:child href="Bmr018.E.segs.xml#id(Bmr018.segment.396)"/>
            <nite:child href="Bmr018.C.segs.xml#id(Bmr018.segment.397)"/>
            <nite:child href="Bmr018.A.segs.xml#id(Bmr018.segment.398)"/>
            <nite:child href="Bmr018.F.segs.xml#id(Bmr018.segment.399)"/>
            <nite:child href="Bmr018.A.segs.xml#id(Bmr018.segment.400)"/>
            <nite:child href="Bmr018.C.segs.xml#id(Bmr018.segment.401)..id(Bmr018.segment.403)"/>
            <nite:child href="Bmr018.E.segs.xml#id(Bmr018.segment.404)"/>
            <nite:child href="Bmr018.A.segs.xml#id(Bmr018.segment.405)"/>
            <nite:child href="Bmr018.E.segs.xml#id(Bmr018.segment.407)"/>
            <nite:child href="Bmr018.A.segs.xml#id(Bmr018.segment.406)"/>
            <nite:child href="Bmr018.E.segs.xml#id(Bmr018.segment.408)..id(Bmr018.segment.409)"/>
            <nite:child href="Bmr018.C.segs.xml#id(Bmr018.segment.410)"/>
            <nite:child href="Bmr018.A.segs.xml#id(Bmr018.segment.411)..id(Bmr018.segment.412)"/>
            <nite:child href="Bmr018.C.segs.xml#id(Bmr018.segment.413)"/>
            <nite:child href="Bmr018.E.segs.xml#id(Bmr018.segment.414)"/>
            <nite:child href="Bmr018.A.segs.xml#id(Bmr018.segment.415)"/>
            <nite:child href="Bmr018.C.segs.xml#id(Bmr018.segment.416)"/>
            <nite:child href="Bmr018.E.segs.xml#id(Bmr018.segment.417)"/>
            <nite:child href="Bmr018.A.segs.xml#id(Bmr018.segment.418)"/>
            <nite:child href="Bmr018.E.segs.xml#id(Bmr018.segment.419)"/>
            <nite:child href="Bmr018.C.segs.xml#id(Bmr018.segment.420)"/>
            <nite:child href="Bmr018.E.segs.xml#id(Bmr018.segment.421)"/>
            <nite:child href="Bmr018.A.segs.xml#id(Bmr018.segment.422)"/>
            <nite:child href="Bmr018.E.segs.xml#id(Bmr018.segment.423)..id(Bmr018.segment.424)"/>
            <nite:child href="Bmr018.A.segs.xml#id(Bmr018.segment.425)"/>
            <nite:child href="Bmr018.E.segs.xml#id(Bmr018.segment.426)..id(Bmr018.segment.427)"/>
            <nite:child href="Bmr018.C.segs.xml#id(Bmr018.segment.428)"/>
            <nite:child href="Bmr018.E.segs.xml#id(Bmr018.segment.429)..id(Bmr018.segment.431)"/>
            <nite:child href="Bmr018.A.segs.xml#id(Bmr018.segment.432)"/>
            <nite:child href="Bmr018.E.segs.xml#id(Bmr018.segment.433)..id(Bmr018.segment.435)"/>
            <nite:child href="Bmr018.A.segs.xml#id(Bmr018.segment.436)"/>
            <nite:child href="Bmr018.C.segs.xml#id(Bmr018.segment.437)"/>
            <nite:child href="Bmr018.E.segs.xml#id(Bmr018.segment.438)..id(Bmr018.segment.439)"/>
            <nite:child href="Bmr018.A.segs.xml#id(Bmr018.segment.440)"/>
            <nite:child href="Bmr018.E.segs.xml#id(Bmr018.segment.441)"/>
            <nite:child href="Bmr018.A.segs.xml#id(Bmr018.segment.442)..id(Bmr018.segment.443)"/>
            <nite:child href="Bmr018.D.segs.xml#id(Bmr018.segment.444)"/>
            <nite:child href="Bmr018.A.segs.xml#id(Bmr018.segment.445)"/>
            <nite:child href="Bmr018.D.segs.xml#id(Bmr018.segment.446)"/>
            <nite:child href="Bmr018.C.segs.xml#id(Bmr018.segment.447)"/>
            <nite:child href="Bmr018.G.segs.xml#id(Bmr018.segment.448)"/>
            <nite:child href="Bmr018.D.segs.xml#id(Bmr018.segment.449)"/>
            <nite:child href="Bmr018.E.segs.xml#id(Bmr018.segment.450)..id(Bmr018.segment.453)"/>
            <nite:child href="Bmr018.G.segs.xml#id(Bmr018.segment.454)"/>
            <nite:child href="Bmr018.D.segs.xml#id(Bmr018.segment.455)"/>
            <nite:child href="Bmr018.E.segs.xml#id(Bmr018.segment.456)"/>
            <nite:child href="Bmr018.G.segs.xml#id(Bmr018.segment.457)"/>
            <nite:child href="Bmr018.E.segs.xml#id(Bmr018.segment.458)"/>
            <nite:child href="Bmr018.G.segs.xml#id(Bmr018.segment.459)"/>
            <nite:child href="Bmr018.A.segs.xml#id(Bmr018.segment.460)..id(Bmr018.segment.461)"/>
            <nite:child href="Bmr018.E.segs.xml#id(Bmr018.segment.462)"/>
            <nite:child href="Bmr018.G.segs.xml#id(Bmr018.segment.463)"/>
            <nite:child href="Bmr018.E.segs.xml#id(Bmr018.segment.464)"/>
            <nite:child href="Bmr018.A.segs.xml#id(Bmr018.segment.465)"/>
            <nite:child href="Bmr018.E.segs.xml#id(Bmr018.segment.466)..id(Bmr018.segment.467)"/>
            <nite:child href="Bmr018.G.segs.xml#id(Bmr018.segment.468)..id(Bmr018.segment.470)"/>
            <nite:child href="Bmr018.E.segs.xml#id(Bmr018.segment.471)..id(Bmr018.segment.473)"/>
            <nite:child href="Bmr018.G.segs.xml#id(Bmr018.segment.474)"/>
            <nite:child href="Bmr018.E.segs.xml#id(Bmr018.segment.475)"/>
            <nite:child href="Bmr018.G.segs.xml#id(Bmr018.segment.476)"/>
            <nite:child href="Bmr018.E.segs.xml#id(Bmr018.segment.477)"/>
            <nite:child href="Bmr018.G.segs.xml#id(Bmr018.segment.478)"/>
            <nite:child href="Bmr018.E.segs.xml#id(Bmr018.segment.479)..id(Bmr018.segment.480)"/>
            <nite:child href="Bmr018.A.segs.xml#id(Bmr018.segment.481)"/>
            <nite:child href="Bmr018.E.segs.xml#id(Bmr018.segment.482)"/>
            <nite:child href="Bmr018.A.segs.xml#id(Bmr018.segment.483)..id(Bmr018.segment.485)"/>
            <nite:child href="Bmr018.E.segs.xml#id(Bmr018.segment.486)..id(Bmr018.segment.488)"/>
            <nite:child href="Bmr018.A.segs.xml#id(Bmr018.segment.489)"/>
            <nite:child href="Bmr018.E.segs.xml#id(Bmr018.segment.491)"/>
            <nite:child href="Bmr018.D.segs.xml#id(Bmr018.segment.490)"/>
            <nite:child href="Bmr018.C.segs.xml#id(Bmr018.segment.492)"/>
            <nite:child href="Bmr018.D.segs.xml#id(Bmr018.segment.493)"/>
            <nite:child href="Bmr018.G.segs.xml#id(Bmr018.segment.494)"/>
            <nite:child href="Bmr018.E.segs.xml#id(Bmr018.segment.495)..id(Bmr018.segment.496)"/>
            <nite:child href="Bmr018.B.segs.xml#id(Bmr018.segment.498)"/>
            <nite:child href="Bmr018.D.segs.xml#id(Bmr018.segment.497)"/>
            <nite:child href="Bmr018.G.segs.xml#id(Bmr018.segment.499)"/>
            <nite:child href="Bmr018.D.segs.xml#id(Bmr018.segment.500)"/>
            <nite:child href="Bmr018.E.segs.xml#id(Bmr018.segment.501)"/>
            <nite:child href="Bmr018.D.segs.xml#id(Bmr018.segment.502)..id(Bmr018.segment.504)"/>
            <nite:child href="Bmr018.C.segs.xml#id(Bmr018.segment.505)"/>
            <nite:child href="Bmr018.D.segs.xml#id(Bmr018.segment.506)"/>
            <nite:child href="Bmr018.E.segs.xml#id(Bmr018.segment.507)"/>
            <nite:child href="Bmr018.D.segs.xml#id(Bmr018.segment.508)"/>
            <nite:child href="Bmr018.A.segs.xml#id(Bmr018.segment.509)"/>
            <nite:child href="Bmr018.D.segs.xml#id(Bmr018.segment.510)..id(Bmr018.segment.513)"/>
            <nite:child href="Bmr018.A.segs.xml#id(Bmr018.segment.514)..id(Bmr018.segment.515)"/>
            <nite:child href="Bmr018.C.segs.xml#id(Bmr018.segment.516)..id(Bmr018.segment.517)"/>
            <nite:child href="Bmr018.A.segs.xml#id(Bmr018.segment.518)"/>
            <nite:child href="Bmr018.E.segs.xml#id(Bmr018.segment.519)..id(Bmr018.segment.523)"/>
            <nite:child href="Bmr018.F.segs.xml#id(Bmr018.segment.524)"/>
            <nite:child href="Bmr018.E.segs.xml#id(Bmr018.segment.525)..id(Bmr018.segment.527)"/>
            <nite:child href="Bmr018.D.segs.xml#id(Bmr018.segment.528)"/>
            <nite:child href="Bmr018.E.segs.xml#id(Bmr018.segment.529)..id(Bmr018.segment.530)"/>
            <nite:child href="Bmr018.D.segs.xml#id(Bmr018.segment.531)"/>
            <nite:child href="Bmr018.G.segs.xml#id(Bmr018.segment.532)"/>
            <nite:child href="Bmr018.E.segs.xml#id(Bmr018.segment.533)"/>
            <nite:child href="Bmr018.C.segs.xml#id(Bmr018.segment.534)"/>
            <nite:child href="Bmr018.E.segs.xml#id(Bmr018.segment.535)"/>
            <nite:child href="Bmr018.A.segs.xml#id(Bmr018.segment.536)"/>
            <nite:child href="Bmr018.C.segs.xml#id(Bmr018.segment.537)"/>
            <nite:child href="Bmr018.E.segs.xml#id(Bmr018.segment.538)..id(Bmr018.segment.539)"/>
            <nite:child href="Bmr018.C.segs.xml#id(Bmr018.segment.540)"/>
            <nite:child href="Bmr018.A.segs.xml#id(Bmr018.segment.541)"/>
            <nite:child href="Bmr018.E.segs.xml#id(Bmr018.segment.542)"/>
            <nite:child href="Bmr018.D.segs.xml#id(Bmr018.segment.543)"/>
            <nite:child href="Bmr018.A.segs.xml#id(Bmr018.segment.544)"/>
            <nite:child href="Bmr018.E.segs.xml#id(Bmr018.segment.545)"/>
            <nite:child href="Bmr018.A.segs.xml#id(Bmr018.segment.546)"/>
            <nite:child href="Bmr018.E.segs.xml#id(Bmr018.segment.547)"/>
            <nite:child href="Bmr018.A.segs.xml#id(Bmr018.segment.548)"/>
            <nite:child href="Bmr018.E.segs.xml#id(Bmr018.segment.549)..id(Bmr018.segment.550)"/>
            <nite:child href="Bmr018.A.segs.xml#id(Bmr018.segment.551)"/>
            <nite:child href="Bmr018.E.segs.xml#id(Bmr018.segment.552)..id(Bmr018.segment.553)"/>
            <nite:child href="Bmr018.A.segs.xml#id(Bmr018.segment.554)..id(Bmr018.segment.556)"/>
            <nite:child href="Bmr018.E.segs.xml#id(Bmr018.segment.557)"/>
            <nite:child href="Bmr018.A.segs.xml#id(Bmr018.segment.558)"/>
            <nite:child href="Bmr018.E.segs.xml#id(Bmr018.segment.559)"/>
            <nite:child href="Bmr018.A.segs.xml#id(Bmr018.segment.560)"/>
            <nite:child href="Bmr018.E.segs.xml#id(Bmr018.segment.561)..id(Bmr018.segment.564)"/>
            <nite:child href="Bmr018.A.segs.xml#id(Bmr018.segment.565)..id(Bmr018.segment.566)"/>
            <nite:child href="Bmr018.E.segs.xml#id(Bmr018.segment.567)"/>
            <nite:child href="Bmr018.A.segs.xml#id(Bmr018.segment.568)..id(Bmr018.segment.569)"/>
            <nite:child href="Bmr018.E.segs.xml#id(Bmr018.segment.570)..id(Bmr018.segment.571)"/>
         </topic>
      </topic>
   </topic>
   <topic nite:id="Bmr018.topic.8" description="prospective Eurospeech submissions">
      <nite:child href="Bmr018.C.segs.xml#id(Bmr018.segment.572)..id(Bmr018.segment.574)"/>
      <nite:child href="Bmr018.G.segs.xml#id(Bmr018.segment.575)"/>
      <topic nite:id="Bmr018.topic.9" description="digits experiments">
         <nite:child href="Bmr018.E.segs.xml#id(Bmr018.segment.576)..id(Bmr018.segment.583)"/>
         <nite:child href="Bmr018.C.segs.xml#id(Bmr018.segment.584)..id(Bmr018.segment.586)"/>
         <nite:child href="Bmr018.E.segs.xml#id(Bmr018.segment.587)..id(Bmr018.segment.588)"/>
         <nite:child href="Bmr018.F.segs.xml#id(Bmr018.segment.589)..id(Bmr018.segment.592)"/>
         <nite:child href="Bmr018.E.segs.xml#id(Bmr018.segment.593)"/>
         <nite:child href="Bmr018.F.segs.xml#id(Bmr018.segment.594)..id(Bmr018.segment.595)"/>
         <nite:child href="Bmr018.E.segs.xml#id(Bmr018.segment.596)..id(Bmr018.segment.607)"/>
         <nite:child href="Bmr018.C.segs.xml#id(Bmr018.segment.608)"/>
         <nite:child href="Bmr018.E.segs.xml#id(Bmr018.segment.609)"/>
         <nite:child href="Bmr018.F.segs.xml#id(Bmr018.segment.610)"/>
         <nite:child href="Bmr018.B.segs.xml#id(Bmr018.segment.611)"/>
         <nite:child href="Bmr018.F.segs.xml#id(Bmr018.segment.612)"/>
         <nite:child href="Bmr018.E.segs.xml#id(Bmr018.segment.613)"/>
         <nite:child href="Bmr018.F.segs.xml#id(Bmr018.segment.614)"/>
         <nite:child href="Bmr018.E.segs.xml#id(Bmr018.segment.615)"/>
         <nite:child href="Bmr018.F.segs.xml#id(Bmr018.segment.616)..id(Bmr018.segment.617)"/>
         <nite:child href="Bmr018.C.segs.xml#id(Bmr018.segment.618)"/>
         <nite:child href="Bmr018.F.segs.xml#id(Bmr018.segment.619)"/>
         <nite:child href="Bmr018.B.segs.xml#id(Bmr018.segment.620)"/>
         <nite:child href="Bmr018.E.segs.xml#id(Bmr018.segment.621)"/>
         <nite:child href="Bmr018.F.segs.xml#id(Bmr018.segment.622)"/>
         <nite:child href="Bmr018.E.segs.xml#id(Bmr018.segment.623)"/>
         <nite:child href="Bmr018.F.segs.xml#id(Bmr018.segment.624)"/>
         <nite:child href="Bmr018.E.segs.xml#id(Bmr018.segment.625)"/>
         <nite:child href="Bmr018.C.segs.xml#id(Bmr018.segment.626)"/>
         <nite:child href="Bmr018.F.segs.xml#id(Bmr018.segment.627)..id(Bmr018.segment.630)"/>
         <nite:child href="Bmr018.F.segs.xml#id(Bmr018.segment.632)"/>
         <nite:child href="Bmr018.F.segs.xml#id(Bmr018.segment.631)"/>
         <nite:child href="Bmr018.F.segs.xml#id(Bmr018.segment.633)"/>
         <nite:child href="Bmr018.E.segs.xml#id(Bmr018.segment.634)"/>
         <nite:child href="Bmr018.C.segs.xml#id(Bmr018.segment.636)"/>
         <nite:child href="Bmr018.F.segs.xml#id(Bmr018.segment.635)..id(Bmr018.segment.638)"/>
         <nite:child href="Bmr018.C.segs.xml#id(Bmr018.segment.637)"/>
         <nite:child href="Bmr018.B.segs.xml#id(Bmr018.segment.639)"/>
         <nite:child href="Bmr018.C.segs.xml#id(Bmr018.segment.640)"/>
         <nite:child href="Bmr018.F.segs.xml#id(Bmr018.segment.641)..id(Bmr018.segment.644)"/>
         <nite:child href="Bmr018.C.segs.xml#id(Bmr018.segment.645)"/>
         <nite:child href="Bmr018.B.segs.xml#id(Bmr018.segment.646)"/>
         <nite:child href="Bmr018.F.segs.xml#id(Bmr018.segment.647)"/>
         <nite:child href="Bmr018.E.segs.xml#id(Bmr018.segment.648)"/>
         <nite:child href="Bmr018.C.segs.xml#id(Bmr018.segment.650)"/>
         <nite:child href="Bmr018.F.segs.xml#id(Bmr018.segment.649)..id(Bmr018.segment.653)"/>
         <nite:child href="Bmr018.G.segs.xml#id(Bmr018.segment.654)"/>
         <nite:child href="Bmr018.C.segs.xml#id(Bmr018.segment.655)"/>
         <nite:child href="Bmr018.A.segs.xml#id(Bmr018.segment.656)"/>
         <nite:child href="Bmr018.F.segs.xml#id(Bmr018.segment.657)"/>
         <nite:child href="Bmr018.A.segs.xml#id(Bmr018.segment.658)"/>
         <nite:child href="Bmr018.G.segs.xml#id(Bmr018.segment.659)"/>
         <nite:child href="Bmr018.F.segs.xml#id(Bmr018.segment.660)"/>
         <nite:child href="Bmr018.E.segs.xml#id(Bmr018.segment.661)"/>
         <nite:child href="Bmr018.G.segs.xml#id(Bmr018.segment.663)"/>
         <nite:child href="Bmr018.F.segs.xml#id(Bmr018.segment.662)"/>
         <nite:child href="Bmr018.E.segs.xml#id(Bmr018.segment.664)"/>
         <nite:child href="Bmr018.F.segs.xml#id(Bmr018.segment.665)..id(Bmr018.segment.666)"/>
         <nite:child href="Bmr018.G.segs.xml#id(Bmr018.segment.667)"/>
         <nite:child href="Bmr018.F.segs.xml#id(Bmr018.segment.668)..id(Bmr018.segment.670)"/>
         <nite:child href="Bmr018.E.segs.xml#id(Bmr018.segment.671)"/>
         <nite:child href="Bmr018.F.segs.xml#id(Bmr018.segment.672)"/>
         <nite:child href="Bmr018.E.segs.xml#id(Bmr018.segment.673)..id(Bmr018.segment.674)"/>
         <nite:child href="Bmr018.G.segs.xml#id(Bmr018.segment.675)"/>
         <nite:child href="Bmr018.E.segs.xml#id(Bmr018.segment.676)..id(Bmr018.segment.677)"/>
         <nite:child href="Bmr018.F.segs.xml#id(Bmr018.segment.678)..id(Bmr018.segment.681)"/>
         <nite:child href="Bmr018.E.segs.xml#id(Bmr018.segment.682)"/>
         <nite:child href="Bmr018.F.segs.xml#id(Bmr018.segment.683)"/>
         <nite:child href="Bmr018.G.segs.xml#id(Bmr018.segment.684)"/>
         <nite:child href="Bmr018.E.segs.xml#id(Bmr018.segment.685)"/>
         <nite:child href="Bmr018.G.segs.xml#id(Bmr018.segment.686)"/>
         <nite:child href="Bmr018.F.segs.xml#id(Bmr018.segment.687)..id(Bmr018.segment.688)"/>
         <nite:child href="Bmr018.C.segs.xml#id(Bmr018.segment.689)"/>
         <nite:child href="Bmr018.F.segs.xml#id(Bmr018.segment.690)..id(Bmr018.segment.691)"/>
         <nite:child href="Bmr018.C.segs.xml#id(Bmr018.segment.692)"/>
         <nite:child href="Bmr018.F.segs.xml#id(Bmr018.segment.693)"/>
         <nite:child href="Bmr018.A.segs.xml#id(Bmr018.segment.694)"/>
         <nite:child href="Bmr018.G.segs.xml#id(Bmr018.segment.696)"/>
         <nite:child href="Bmr018.F.segs.xml#id(Bmr018.segment.695)"/>
         <nite:child href="Bmr018.A.segs.xml#id(Bmr018.segment.697)"/>
         <nite:child href="Bmr018.G.segs.xml#id(Bmr018.segment.698)"/>
         <nite:child href="Bmr018.F.segs.xml#id(Bmr018.segment.699)..id(Bmr018.segment.702)"/>
         <nite:child href="Bmr018.C.segs.xml#id(Bmr018.segment.703)"/>
         <nite:child href="Bmr018.F.segs.xml#id(Bmr018.segment.704)"/>
         <nite:child href="Bmr018.B.segs.xml#id(Bmr018.segment.705)"/>
         <nite:child href="Bmr018.F.segs.xml#id(Bmr018.segment.706)..id(Bmr018.segment.708)"/>
         <nite:child href="Bmr018.D.segs.xml#id(Bmr018.segment.709)"/>
         <nite:child href="Bmr018.G.segs.xml#id(Bmr018.segment.710)"/>
         <nite:child href="Bmr018.F.segs.xml#id(Bmr018.segment.711)"/>
         <nite:child href="Bmr018.B.segs.xml#id(Bmr018.segment.712)"/>
         <nite:child href="Bmr018.F.segs.xml#id(Bmr018.segment.713)"/>
         <nite:child href="Bmr018.C.segs.xml#id(Bmr018.segment.714)"/>
         <nite:child href="Bmr018.E.segs.xml#id(Bmr018.segment.715)"/>
         <nite:child href="Bmr018.B.segs.xml#id(Bmr018.segment.716)"/>
         <nite:child href="Bmr018.C.segs.xml#id(Bmr018.segment.717)"/>
         <nite:child href="Bmr018.E.segs.xml#id(Bmr018.segment.718)"/>
         <nite:child href="Bmr018.F.segs.xml#id(Bmr018.segment.719)"/>
         <nite:child href="Bmr018.C.segs.xml#id(Bmr018.segment.720)"/>
         <nite:child href="Bmr018.F.segs.xml#id(Bmr018.segment.721)"/>
         <nite:child href="Bmr018.C.segs.xml#id(Bmr018.segment.722)"/>
         <nite:child href="Bmr018.F.segs.xml#id(Bmr018.segment.723)..id(Bmr018.segment.724)"/>
         <nite:child href="Bmr018.C.segs.xml#id(Bmr018.segment.725)"/>
         <nite:child href="Bmr018.F.segs.xml#id(Bmr018.segment.726)"/>
         <nite:child href="Bmr018.E.segs.xml#id(Bmr018.segment.727)"/>
         <nite:child href="Bmr018.F.segs.xml#id(Bmr018.segment.728)..id(Bmr018.segment.729)"/>
         <nite:child href="Bmr018.C.segs.xml#id(Bmr018.segment.730)"/>
         <nite:child href="Bmr018.F.segs.xml#id(Bmr018.segment.731)..id(Bmr018.segment.732)"/>
         <nite:child href="Bmr018.C.segs.xml#id(Bmr018.segment.733)"/>
         <nite:child href="Bmr018.A.segs.xml#id(Bmr018.segment.734)..id(Bmr018.segment.735)"/>
         <nite:child href="Bmr018.E.segs.xml#id(Bmr018.segment.736)"/>
         <nite:child href="Bmr018.C.segs.xml#id(Bmr018.segment.737)"/>
      </topic>
      <topic nite:id="Bmr018.topic.10" description="forced alignments">
         <nite:child href="Bmr018.A.segs.xml#id(Bmr018.segment.738)"/>
         <nite:child href="Bmr018.F.segs.xml#id(Bmr018.segment.739)..id(Bmr018.segment.755)"/>
         <nite:child href="Bmr018.C.segs.xml#id(Bmr018.segment.756)"/>
         <nite:child href="Bmr018.F.segs.xml#id(Bmr018.segment.757)..id(Bmr018.segment.774)"/>
         <nite:child href="Bmr018.C.segs.xml#id(Bmr018.segment.775)"/>
         <nite:child href="Bmr018.E.segs.xml#id(Bmr018.segment.776)"/>
         <nite:child href="Bmr018.F.segs.xml#id(Bmr018.segment.777)"/>
         <nite:child href="Bmr018.G.segs.xml#id(Bmr018.segment.778)"/>
         <nite:child href="Bmr018.A.segs.xml#id(Bmr018.segment.779)"/>
         <nite:child href="Bmr018.F.segs.xml#id(Bmr018.segment.780)..id(Bmr018.segment.803)"/>
         <nite:child href="Bmr018.E.segs.xml#id(Bmr018.segment.804)"/>
         <nite:child href="Bmr018.F.segs.xml#id(Bmr018.segment.805)..id(Bmr018.segment.812)"/>
         <nite:child href="Bmr018.C.segs.xml#id(Bmr018.segment.813)"/>
         <nite:child href="Bmr018.D.segs.xml#id(Bmr018.segment.814)"/>
         <nite:child href="Bmr018.F.segs.xml#id(Bmr018.segment.815)..id(Bmr018.segment.817)"/>
         <nite:child href="Bmr018.C.segs.xml#id(Bmr018.segment.818)"/>
         <nite:child href="Bmr018.D.segs.xml#id(Bmr018.segment.819)"/>
         <nite:child href="Bmr018.G.segs.xml#id(Bmr018.segment.820)"/>
         <nite:child href="Bmr018.F.segs.xml#id(Bmr018.segment.821)"/>
         <nite:child href="Bmr018.E.segs.xml#id(Bmr018.segment.822)"/>
         <nite:child href="Bmr018.C.segs.xml#id(Bmr018.segment.823)"/>
         <nite:child href="Bmr018.D.segs.xml#id(Bmr018.segment.824)..id(Bmr018.segment.825)"/>
         <nite:child href="Bmr018.E.segs.xml#id(Bmr018.segment.826)"/>
         <nite:child href="Bmr018.D.segs.xml#id(Bmr018.segment.827)..id(Bmr018.segment.834)"/>
         <nite:child href="Bmr018.B.segs.xml#id(Bmr018.segment.835)"/>
         <nite:child href="Bmr018.E.segs.xml#id(Bmr018.segment.836)"/>
         <nite:child href="Bmr018.C.segs.xml#id(Bmr018.segment.837)"/>
         <nite:child href="Bmr018.E.segs.xml#id(Bmr018.segment.838)"/>
         <nite:child href="Bmr018.B.segs.xml#id(Bmr018.segment.839)"/>
         <nite:child href="Bmr018.D.segs.xml#id(Bmr018.segment.840)"/>
         <nite:child href="Bmr018.C.segs.xml#id(Bmr018.segment.841)"/>
         <nite:child href="Bmr018.B.segs.xml#id(Bmr018.segment.842)"/>
         <nite:child href="Bmr018.E.segs.xml#id(Bmr018.segment.843)..id(Bmr018.segment.844)"/>
         <nite:child href="Bmr018.C.segs.xml#id(Bmr018.segment.845)"/>
         <nite:child href="Bmr018.E.segs.xml#id(Bmr018.segment.846)"/>
         <nite:child href="Bmr018.F.segs.xml#id(Bmr018.segment.847)..id(Bmr018.segment.849)"/>
         <nite:child href="Bmr018.D.segs.xml#id(Bmr018.segment.850)"/>
         <nite:child href="Bmr018.E.segs.xml#id(Bmr018.segment.851)"/>
         <nite:child href="Bmr018.F.segs.xml#id(Bmr018.segment.852)..id(Bmr018.segment.854)"/>
         <nite:child href="Bmr018.D.segs.xml#id(Bmr018.segment.855)..id(Bmr018.segment.857)"/>
         <nite:child href="Bmr018.E.segs.xml#id(Bmr018.segment.858)"/>
         <nite:child href="Bmr018.D.segs.xml#id(Bmr018.segment.859)"/>
         <nite:child href="Bmr018.E.segs.xml#id(Bmr018.segment.860)"/>
         <nite:child href="Bmr018.D.segs.xml#id(Bmr018.segment.861)..id(Bmr018.segment.864)"/>
         <nite:child href="Bmr018.B.segs.xml#id(Bmr018.segment.865)"/>
         <nite:child href="Bmr018.E.segs.xml#id(Bmr018.segment.866)"/>
         <nite:child href="Bmr018.F.segs.xml#id(Bmr018.segment.867)..id(Bmr018.segment.869)"/>
         <nite:child href="Bmr018.B.segs.xml#id(Bmr018.segment.870)"/>
         <nite:child href="Bmr018.F.segs.xml#id(Bmr018.segment.871)..id(Bmr018.segment.881)"/>
         <nite:child href="Bmr018.B.segs.xml#id(Bmr018.segment.883)"/>
         <nite:child href="Bmr018.E.segs.xml#id(Bmr018.segment.882)"/>
         <nite:child href="Bmr018.F.segs.xml#id(Bmr018.segment.884)"/>
         <nite:child href="Bmr018.B.segs.xml#id(Bmr018.segment.885)"/>
         <nite:child href="Bmr018.F.segs.xml#id(Bmr018.segment.886)..id(Bmr018.segment.887)"/>
         <nite:child href="Bmr018.D.segs.xml#id(Bmr018.segment.888)"/>
         <nite:child href="Bmr018.B.segs.xml#id(Bmr018.segment.889)..id(Bmr018.segment.890)"/>
         <nite:child href="Bmr018.F.segs.xml#id(Bmr018.segment.891)..id(Bmr018.segment.892)"/>
         <nite:child href="Bmr018.B.segs.xml#id(Bmr018.segment.893)..id(Bmr018.segment.894)"/>
         <nite:child href="Bmr018.F.segs.xml#id(Bmr018.segment.895)"/>
         <nite:child href="Bmr018.G.segs.xml#id(Bmr018.segment.896)"/>
         <nite:child href="Bmr018.F.segs.xml#id(Bmr018.segment.897)..id(Bmr018.segment.915)"/>
         <nite:child href="Bmr018.E.segs.xml#id(Bmr018.segment.916)"/>
         <nite:child href="Bmr018.F.segs.xml#id(Bmr018.segment.917)"/>
         <nite:child href="Bmr018.E.segs.xml#id(Bmr018.segment.918)"/>
         <nite:child href="Bmr018.F.segs.xml#id(Bmr018.segment.919)..id(Bmr018.segment.922)"/>
         <nite:child href="Bmr018.B.segs.xml#id(Bmr018.segment.921)"/>
         <nite:child href="Bmr018.F.segs.xml#id(Bmr018.segment.923)"/>
         <nite:child href="Bmr018.B.segs.xml#id(Bmr018.segment.924)..id(Bmr018.segment.925)"/>
         <nite:child href="Bmr018.E.segs.xml#id(Bmr018.segment.926)"/>
         <nite:child href="Bmr018.B.segs.xml#id(Bmr018.segment.927)"/>
         <nite:child href="Bmr018.D.segs.xml#id(Bmr018.segment.928)"/>
         <nite:child href="Bmr018.F.segs.xml#id(Bmr018.segment.929)"/>
         <nite:child href="Bmr018.C.segs.xml#id(Bmr018.segment.930)"/>
         <nite:child href="Bmr018.F.segs.xml#id(Bmr018.segment.931)..id(Bmr018.segment.934)"/>
         <nite:child href="Bmr018.D.segs.xml#id(Bmr018.segment.935)..id(Bmr018.segment.941)"/>
         <nite:child href="Bmr018.B.segs.xml#id(Bmr018.segment.942)..id(Bmr018.segment.943)"/>
         <nite:child href="Bmr018.D.segs.xml#id(Bmr018.segment.944)..id(Bmr018.segment.949)"/>
         <nite:child href="Bmr018.B.segs.xml#id(Bmr018.segment.950)"/>
         <nite:child href="Bmr018.D.segs.xml#id(Bmr018.segment.951)"/>
         <nite:child href="Bmr018.B.segs.xml#id(Bmr018.segment.952)"/>
         <nite:child href="Bmr018.D.segs.xml#id(Bmr018.segment.953)..id(Bmr018.segment.958)"/>
         <nite:child href="Bmr018.E.segs.xml#id(Bmr018.segment.959)..id(Bmr018.segment.960)"/>
         <nite:child href="Bmr018.D.segs.xml#id(Bmr018.segment.961)..id(Bmr018.segment.963)"/>
         <nite:child href="Bmr018.E.segs.xml#id(Bmr018.segment.964)"/>
         <nite:child href="Bmr018.D.segs.xml#id(Bmr018.segment.965)..id(Bmr018.segment.966)"/>
         <nite:child href="Bmr018.E.segs.xml#id(Bmr018.segment.967)"/>
         <nite:child href="Bmr018.D.segs.xml#id(Bmr018.segment.968)"/>
         <nite:child href="Bmr018.B.segs.xml#id(Bmr018.segment.969)"/>
         <nite:child href="Bmr018.D.segs.xml#id(Bmr018.segment.971)"/>
         <nite:child href="Bmr018.E.segs.xml#id(Bmr018.segment.970)"/>
         <nite:child href="Bmr018.D.segs.xml#id(Bmr018.segment.972)"/>
         <nite:child href="Bmr018.A.segs.xml#id(Bmr018.segment.973)"/>
         <nite:child href="Bmr018.D.segs.xml#id(Bmr018.segment.974)"/>
         <nite:child href="Bmr018.A.segs.xml#id(Bmr018.segment.975)..id(Bmr018.segment.976)"/>
         <nite:child href="Bmr018.E.segs.xml#id(Bmr018.segment.977)..id(Bmr018.segment.979)"/>
         <nite:child href="Bmr018.D.segs.xml#id(Bmr018.segment.980)"/>
         <nite:child href="Bmr018.E.segs.xml#id(Bmr018.segment.981)..id(Bmr018.segment.982)"/>
         <nite:child href="Bmr018.F.segs.xml#id(Bmr018.segment.983)"/>
         <nite:child href="Bmr018.A.segs.xml#id(Bmr018.segment.984)"/>
         <nite:child href="Bmr018.E.segs.xml#id(Bmr018.segment.985)"/>
         <nite:child href="Bmr018.D.segs.xml#id(Bmr018.segment.986)"/>
         <nite:child href="Bmr018.A.segs.xml#id(Bmr018.segment.987)..id(Bmr018.segment.989)"/>
         <nite:child href="Bmr018.E.segs.xml#id(Bmr018.segment.990)..id(Bmr018.segment.991)"/>
         <nite:child href="Bmr018.A.segs.xml#id(Bmr018.segment.992)"/>
         <nite:child href="Bmr018.E.segs.xml#id(Bmr018.segment.993)"/>
         <nite:child href="Bmr018.D.segs.xml#id(Bmr018.segment.994)"/>
         <nite:child href="Bmr018.E.segs.xml#id(Bmr018.segment.995)"/>
         <nite:child href="Bmr018.A.segs.xml#id(Bmr018.segment.996)..id(Bmr018.segment.997)"/>
         <nite:child href="Bmr018.E.segs.xml#id(Bmr018.segment.998)"/>
         <nite:child href="Bmr018.A.segs.xml#id(Bmr018.segment.999)"/>
         <nite:child href="Bmr018.F.segs.xml#id(Bmr018.segment.1,000)"/>
         <nite:child href="Bmr018.D.segs.xml#id(Bmr018.segment.1,001)..id(Bmr018.segment.1,003)"/>
         <nite:child href="Bmr018.A.segs.xml#id(Bmr018.segment.1,004)"/>
         <nite:child href="Bmr018.E.segs.xml#id(Bmr018.segment.1,005)..id(Bmr018.segment.1,006)"/>
         <nite:child href="Bmr018.D.segs.xml#id(Bmr018.segment.1,007)"/>
         <nite:child href="Bmr018.A.segs.xml#id(Bmr018.segment.1,008)"/>
         <nite:child href="Bmr018.E.segs.xml#id(Bmr018.segment.1,009)"/>
         <nite:child href="Bmr018.A.segs.xml#id(Bmr018.segment.1,010)"/>
         <nite:child href="Bmr018.E.segs.xml#id(Bmr018.segment.1,011)"/>
         <nite:child href="Bmr018.D.segs.xml#id(Bmr018.segment.1,012)"/>
         <nite:child href="Bmr018.E.segs.xml#id(Bmr018.segment.1,013)"/>
         <nite:child href="Bmr018.A.segs.xml#id(Bmr018.segment.1,014)"/>
         <nite:child href="Bmr018.D.segs.xml#id(Bmr018.segment.1,015)"/>
         <nite:child href="Bmr018.A.segs.xml#id(Bmr018.segment.1,016)"/>
         <nite:child href="Bmr018.E.segs.xml#id(Bmr018.segment.1,017)"/>
         <nite:child href="Bmr018.D.segs.xml#id(Bmr018.segment.1,018)"/>
         <nite:child href="Bmr018.E.segs.xml#id(Bmr018.segment.1,019)"/>
         <nite:child href="Bmr018.D.segs.xml#id(Bmr018.segment.1,020)"/>
         <nite:child href="Bmr018.A.segs.xml#id(Bmr018.segment.1,022)"/>
         <nite:child href="Bmr018.C.segs.xml#id(Bmr018.segment.1,021)"/>
         <nite:child href="Bmr018.D.segs.xml#id(Bmr018.segment.1,023)"/>
         <nite:child href="Bmr018.E.segs.xml#id(Bmr018.segment.1,024)"/>
         <nite:child href="Bmr018.D.segs.xml#id(Bmr018.segment.1,025)"/>
         <nite:child href="Bmr018.A.segs.xml#id(Bmr018.segment.1,026)..id(Bmr018.segment.1,030)"/>
         <nite:child href="Bmr018.E.segs.xml#id(Bmr018.segment.1,031)"/>
         <nite:child href="Bmr018.D.segs.xml#id(Bmr018.segment.1,032)..id(Bmr018.segment.1,033)"/>
         <nite:child href="Bmr018.E.segs.xml#id(Bmr018.segment.1,034)"/>
         <nite:child href="Bmr018.D.segs.xml#id(Bmr018.segment.1,035)"/>
         <nite:child href="Bmr018.A.segs.xml#id(Bmr018.segment.1,036)"/>
         <nite:child href="Bmr018.D.segs.xml#id(Bmr018.segment.1,037)"/>
         <nite:child href="Bmr018.E.segs.xml#id(Bmr018.segment.1,038)"/>
         <nite:child href="Bmr018.A.segs.xml#id(Bmr018.segment.1,039)"/>
         <nite:child href="Bmr018.E.segs.xml#id(Bmr018.segment.1,040)"/>
         <nite:child href="Bmr018.D.segs.xml#id(Bmr018.segment.1,041)"/>
         <nite:child href="Bmr018.E.segs.xml#id(Bmr018.segment.1,042)"/>
         <nite:child href="Bmr018.A.segs.xml#id(Bmr018.segment.1,043)"/>
         <nite:child href="Bmr018.E.segs.xml#id(Bmr018.segment.1,044)..id(Bmr018.segment.1,046)"/>
         <nite:child href="Bmr018.D.segs.xml#id(Bmr018.segment.1,047)..id(Bmr018.segment.1,049)"/>
         <nite:child href="Bmr018.E.segs.xml#id(Bmr018.segment.1,050)..id(Bmr018.segment.1,052)"/>
         <nite:child href="Bmr018.D.segs.xml#id(Bmr018.segment.1,053)"/>
         <nite:child href="Bmr018.E.segs.xml#id(Bmr018.segment.1,054)..id(Bmr018.segment.1,055)"/>
         <nite:child href="Bmr018.D.segs.xml#id(Bmr018.segment.1,056)"/>
         <nite:child href="Bmr018.E.segs.xml#id(Bmr018.segment.1,057)"/>
         <nite:child href="Bmr018.A.segs.xml#id(Bmr018.segment.1,058)"/>
         <nite:child href="Bmr018.D.segs.xml#id(Bmr018.segment.1,059)"/>
         <nite:child href="Bmr018.A.segs.xml#id(Bmr018.segment.1,060)..id(Bmr018.segment.1,063)"/>
         <topic nite:id="Bmr018.topic.11" description="synchronous versus non-synchronous meeting data">
            <nite:child href="Bmr018.D.segs.xml#id(Bmr018.segment.1,064)..id(Bmr018.segment.1,068)"/>
            <nite:child href="Bmr018.F.segs.xml#id(Bmr018.segment.1,069)"/>
            <nite:child href="Bmr018.E.segs.xml#id(Bmr018.segment.1,070)"/>
            <nite:child href="Bmr018.F.segs.xml#id(Bmr018.segment.1,071)"/>
            <nite:child href="Bmr018.E.segs.xml#id(Bmr018.segment.1,072)"/>
            <nite:child href="Bmr018.D.segs.xml#id(Bmr018.segment.1,073)"/>
            <nite:child href="Bmr018.A.segs.xml#id(Bmr018.segment.1,074)"/>
            <nite:child href="Bmr018.E.segs.xml#id(Bmr018.segment.1,076)"/>
            <nite:child href="Bmr018.D.segs.xml#id(Bmr018.segment.1,075)"/>
            <nite:child href="Bmr018.E.segs.xml#id(Bmr018.segment.1,077)"/>
            <nite:child href="Bmr018.D.segs.xml#id(Bmr018.segment.1,078)"/>
            <nite:child href="Bmr018.E.segs.xml#id(Bmr018.segment.1,079)"/>
            <nite:child href="Bmr018.D.segs.xml#id(Bmr018.segment.1,080)"/>
            <nite:child href="Bmr018.A.segs.xml#id(Bmr018.segment.1,081)"/>
            <nite:child href="Bmr018.E.segs.xml#id(Bmr018.segment.1,082)"/>
            <nite:child href="Bmr018.A.segs.xml#id(Bmr018.segment.1,083)"/>
            <nite:child href="Bmr018.D.segs.xml#id(Bmr018.segment.1,084)"/>
            <nite:child href="Bmr018.E.segs.xml#id(Bmr018.segment.1,085)..id(Bmr018.segment.1,086)"/>
            <nite:child href="Bmr018.A.segs.xml#id(Bmr018.segment.1,087)"/>
            <nite:child href="Bmr018.E.segs.xml#id(Bmr018.segment.1,088)"/>
            <nite:child href="Bmr018.A.segs.xml#id(Bmr018.segment.1,089)"/>
            <nite:child href="Bmr018.D.segs.xml#id(Bmr018.segment.1,090)"/>
            <nite:child href="Bmr018.A.segs.xml#id(Bmr018.segment.1,091)"/>
            <nite:child href="Bmr018.E.segs.xml#id(Bmr018.segment.1,092)"/>
            <nite:child href="Bmr018.D.segs.xml#id(Bmr018.segment.1,093)..id(Bmr018.segment.1,094)"/>
            <nite:child href="Bmr018.A.segs.xml#id(Bmr018.segment.1,095)..id(Bmr018.segment.1,096)"/>
            <nite:child href="Bmr018.E.segs.xml#id(Bmr018.segment.1,097)"/>
            <nite:child href="Bmr018.F.segs.xml#id(Bmr018.segment.1,098)..id(Bmr018.segment.1,101)"/>
            <nite:child href="Bmr018.D.segs.xml#id(Bmr018.segment.1,102)..id(Bmr018.segment.1,103)"/>
            <nite:child href="Bmr018.B.segs.xml#id(Bmr018.segment.1,104)"/>
            <nite:child href="Bmr018.A.segs.xml#id(Bmr018.segment.1,105)"/>
            <nite:child href="Bmr018.D.segs.xml#id(Bmr018.segment.1,106)..id(Bmr018.segment.1,107)"/>
            <nite:child href="Bmr018.A.segs.xml#id(Bmr018.segment.1,108)"/>
            <nite:child href="Bmr018.F.segs.xml#id(Bmr018.segment.1,109)..id(Bmr018.segment.1,134)"/>
            <nite:child href="Bmr018.B.segs.xml#id(Bmr018.segment.1,135)..id(Bmr018.segment.1,137)"/>
            <nite:child href="Bmr018.C.segs.xml#id(Bmr018.segment.1,138)"/>
            <nite:child href="Bmr018.E.segs.xml#id(Bmr018.segment.1,139)"/>
            <nite:child href="Bmr018.F.segs.xml#id(Bmr018.segment.1,140)"/>
            <nite:child href="Bmr018.D.segs.xml#id(Bmr018.segment.1,141)"/>
            <nite:child href="Bmr018.F.segs.xml#id(Bmr018.segment.1,142)"/>
            <nite:child href="Bmr018.B.segs.xml#id(Bmr018.segment.1,143)"/>
            <nite:child href="Bmr018.F.segs.xml#id(Bmr018.segment.1,144)"/>
            <nite:child href="Bmr018.D.segs.xml#id(Bmr018.segment.1,145)"/>
            <nite:child href="Bmr018.B.segs.xml#id(Bmr018.segment.1,146)"/>
            <nite:child href="Bmr018.F.segs.xml#id(Bmr018.segment.1,147)"/>
            <nite:child href="Bmr018.E.segs.xml#id(Bmr018.segment.1,148)..id(Bmr018.segment.1,149)"/>
            <nite:child href="Bmr018.C.segs.xml#id(Bmr018.segment.1,150)"/>
            <nite:child href="Bmr018.F.segs.xml#id(Bmr018.segment.1,151)..id(Bmr018.segment.1,154)"/>
            <nite:child href="Bmr018.D.segs.xml#id(Bmr018.segment.1,156)"/>
            <nite:child href="Bmr018.F.segs.xml#id(Bmr018.segment.1,155)"/>
            <nite:child href="Bmr018.D.segs.xml#id(Bmr018.segment.1,157)"/>
            <nite:child href="Bmr018.F.segs.xml#id(Bmr018.segment.1,158)..id(Bmr018.segment.1,160)"/>
            <nite:child href="Bmr018.B.segs.xml#id(Bmr018.segment.1,161)"/>
            <nite:child href="Bmr018.F.segs.xml#id(Bmr018.segment.1,162)"/>
            <nite:child href="Bmr018.D.segs.xml#id(Bmr018.segment.1,163)"/>
            <nite:child href="Bmr018.F.segs.xml#id(Bmr018.segment.1,164)"/>
            <nite:child href="Bmr018.E.segs.xml#id(Bmr018.segment.1,165)"/>
            <nite:child href="Bmr018.D.segs.xml#id(Bmr018.segment.1,166)"/>
            <nite:child href="Bmr018.G.segs.xml#id(Bmr018.segment.1,167)"/>
            <nite:child href="Bmr018.F.segs.xml#id(Bmr018.segment.1,168)..id(Bmr018.segment.1,169)"/>
         </topic>
      </topic>
      <nite:child href="Bmr018.C.segs.xml#id(Bmr018.segment.1,170)"/>
      <nite:child href="Bmr018.F.segs.xml#id(Bmr018.segment.1,171)"/>
      <nite:child href="Bmr018.E.segs.xml#id(Bmr018.segment.1,172)"/>
      <nite:child href="Bmr018.D.segs.xml#id(Bmr018.segment.1,173)"/>
      <nite:child href="Bmr018.F.segs.xml#id(Bmr018.segment.1,174)"/>
      <nite:child href="Bmr018.C.segs.xml#id(Bmr018.segment.1,175)"/>
      <nite:child href="Bmr018.E.segs.xml#id(Bmr018.segment.1,176)"/>
      <nite:child href="Bmr018.D.segs.xml#id(Bmr018.segment.1,177)"/>
      <nite:child href="Bmr018.F.segs.xml#id(Bmr018.segment.1,178)"/>
      <nite:child href="Bmr018.D.segs.xml#id(Bmr018.segment.1,179)"/>
      <nite:child href="Bmr018.C.segs.xml#id(Bmr018.segment.1,180)"/>
      <nite:child href="Bmr018.E.segs.xml#id(Bmr018.segment.1,181)"/>
      <nite:child href="Bmr018.A.segs.xml#id(Bmr018.segment.1,182)"/>
      <nite:child href="Bmr018.F.segs.xml#id(Bmr018.segment.1,183)"/>
      <nite:child href="Bmr018.A.segs.xml#id(Bmr018.segment.1,184)"/>
      <nite:child href="Bmr018.F.segs.xml#id(Bmr018.segment.1,185)"/>
      <nite:child href="Bmr018.E.segs.xml#id(Bmr018.segment.1,186)"/>
      <nite:child href="Bmr018.D.segs.xml#id(Bmr018.segment.1,187)"/>
      <nite:child href="Bmr018.C.segs.xml#id(Bmr018.segment.1,188)"/>
      <nite:child href="Bmr018.E.segs.xml#id(Bmr018.segment.1,189)"/>
      <nite:child href="Bmr018.A.segs.xml#id(Bmr018.segment.1,190)"/>
      <nite:child href="Bmr018.E.segs.xml#id(Bmr018.segment.1,191)"/>
      <nite:child href="Bmr018.C.segs.xml#id(Bmr018.segment.1,193)"/>
      <nite:child href="Bmr018.E.segs.xml#id(Bmr018.segment.1,192)"/>
      <nite:child href="Bmr018.A.segs.xml#id(Bmr018.segment.1,194)"/>
      <nite:child href="Bmr018.F.segs.xml#id(Bmr018.segment.1,195)"/>
      <nite:child href="Bmr018.E.segs.xml#id(Bmr018.segment.1,196)"/>
      <nite:child href="Bmr018.F.segs.xml#id(Bmr018.segment.1,197)"/>
      <nite:child href="Bmr018.C.segs.xml#id(Bmr018.segment.1,198)"/>
      <nite:child href="Bmr018.A.segs.xml#id(Bmr018.segment.1,199)"/>
      <nite:child href="Bmr018.B.segs.xml#id(Bmr018.segment.1,200)"/>
      <nite:child href="Bmr018.G.segs.xml#id(Bmr018.segment.1,201)"/>
      <nite:child href="Bmr018.A.segs.xml#id(Bmr018.segment.1,202)"/>
      <nite:child href="Bmr018.E.segs.xml#id(Bmr018.segment.1,203)"/>
      <nite:child href="Bmr018.C.segs.xml#id(Bmr018.segment.1,204)"/>
      <nite:child href="Bmr018.D.segs.xml#id(Bmr018.segment.1,205)"/>
      <nite:child href="Bmr018.C.segs.xml#id(Bmr018.segment.1,206)"/>
      <nite:child href="Bmr018.B.segs.xml#id(Bmr018.segment.1,207)"/>
      <nite:child href="Bmr018.C.segs.xml#id(Bmr018.segment.1,208)..id(Bmr018.segment.1,210)"/>
      <nite:child href="Bmr018.F.segs.xml#id(Bmr018.segment.1,211)"/>
      <nite:child href="Bmr018.E.segs.xml#id(Bmr018.segment.1,212)"/>
      <nite:child href="Bmr018.C.segs.xml#id(Bmr018.segment.1,213)..id(Bmr018.segment.1,214)"/>
      <nite:child href="Bmr018.D.segs.xml#id(Bmr018.segment.1,215)..id(Bmr018.segment.1,216)"/>
      <nite:child href="Bmr018.C.segs.xml#id(Bmr018.segment.1,217)"/>
      <nite:child href="Bmr018.E.segs.xml#id(Bmr018.segment.1,218)"/>
      <nite:child href="Bmr018.D.segs.xml#id(Bmr018.segment.1,219)"/>
      <nite:child href="Bmr018.C.segs.xml#id(Bmr018.segment.1,220)..id(Bmr018.segment.1,222)"/>
      <nite:child href="Bmr018.E.segs.xml#id(Bmr018.segment.1,223)"/>
      <nite:child href="Bmr018.D.segs.xml#id(Bmr018.segment.1,224)"/>
      <nite:child href="Bmr018.A.segs.xml#id(Bmr018.segment.1,225)"/>
      <nite:child href="Bmr018.D.segs.xml#id(Bmr018.segment.1,226)"/>
      <nite:child href="Bmr018.A.segs.xml#id(Bmr018.segment.1,227)"/>
      <nite:child href="Bmr018.D.segs.xml#id(Bmr018.segment.1,228)"/>
      <nite:child href="Bmr018.G.segs.xml#id(Bmr018.segment.1,229)"/>
      <nite:child href="Bmr018.F.segs.xml#id(Bmr018.segment.1,230)"/>
      <nite:child href="Bmr018.A.segs.xml#id(Bmr018.segment.1,231)"/>
      <nite:child href="Bmr018.E.segs.xml#id(Bmr018.segment.1,232)"/>
      <nite:child href="Bmr018.G.segs.xml#id(Bmr018.segment.1,233)"/>
      <nite:child href="Bmr018.D.segs.xml#id(Bmr018.segment.1,234)"/>
      <nite:child href="Bmr018.A.segs.xml#id(Bmr018.segment.1,235)"/>
      <nite:child href="Bmr018.F.segs.xml#id(Bmr018.segment.1,236)"/>
      <nite:child href="Bmr018.G.segs.xml#id(Bmr018.segment.1,237)"/>
      <nite:child href="Bmr018.A.segs.xml#id(Bmr018.segment.1,238)"/>
      <nite:child href="Bmr018.G.segs.xml#id(Bmr018.segment.1,239)"/>
      <nite:child href="Bmr018.F.segs.xml#id(Bmr018.segment.1,241)"/>
      <nite:child href="Bmr018.D.segs.xml#id(Bmr018.segment.1,240)"/>
      <nite:child href="Bmr018.E.segs.xml#id(Bmr018.segment.1,242)"/>
      <nite:child href="Bmr018.G.segs.xml#id(Bmr018.segment.1,243)"/>
      <nite:child href="Bmr018.F.segs.xml#id(Bmr018.segment.1,244)"/>
      <nite:child href="Bmr018.D.segs.xml#id(Bmr018.segment.1,245)"/>
      <nite:child href="Bmr018.F.segs.xml#id(Bmr018.segment.1,246)..id(Bmr018.segment.1,247)"/>
      <nite:child href="Bmr018.G.segs.xml#id(Bmr018.segment.1,248)"/>
      <nite:child href="Bmr018.F.segs.xml#id(Bmr018.segment.1,249)"/>
      <nite:child href="Bmr018.G.segs.xml#id(Bmr018.segment.1,250)"/>
      <nite:child href="Bmr018.F.segs.xml#id(Bmr018.segment.1,252)"/>
      <nite:child href="Bmr018.A.segs.xml#id(Bmr018.segment.1,251)"/>
      <nite:child href="Bmr018.F.segs.xml#id(Bmr018.segment.1,253)..id(Bmr018.segment.1,254)"/>
      <nite:child href="Bmr018.D.segs.xml#id(Bmr018.segment.1,255)"/>
      <nite:child href="Bmr018.F.segs.xml#id(Bmr018.segment.1,256)..id(Bmr018.segment.1,257)"/>
      <nite:child href="Bmr018.G.segs.xml#id(Bmr018.segment.1,258)"/>
      <nite:child href="Bmr018.D.segs.xml#id(Bmr018.segment.1,259)"/>
      <nite:child href="Bmr018.C.segs.xml#id(Bmr018.segment.1,260)"/>
   </topic>
   <topic nite:id="Bmr018.topic.12" description="head-mounted microphones, comfort">
      <nite:child href="Bmr018.E.segs.xml#id(Bmr018.segment.1,261)"/>
      <nite:child href="Bmr018.D.segs.xml#id(Bmr018.segment.1,262)"/>
      <nite:child href="Bmr018.F.segs.xml#id(Bmr018.segment.1,263)"/>
      <nite:child href="Bmr018.G.segs.xml#id(Bmr018.segment.1,264)"/>
      <nite:child href="Bmr018.C.segs.xml#id(Bmr018.segment.1,265)"/>
      <nite:child href="Bmr018.E.segs.xml#id(Bmr018.segment.1,266)"/>
      <nite:child href="Bmr018.A.segs.xml#id(Bmr018.segment.1,267)"/>
      <nite:child href="Bmr018.C.segs.xml#id(Bmr018.segment.1,268)"/>
      <nite:child href="Bmr018.E.segs.xml#id(Bmr018.segment.1,269)"/>
      <nite:child href="Bmr018.G.segs.xml#id(Bmr018.segment.1,270)"/>
      <nite:child href="Bmr018.C.segs.xml#id(Bmr018.segment.1,271)"/>
      <nite:child href="Bmr018.E.segs.xml#id(Bmr018.segment.1,272)"/>
      <nite:child href="Bmr018.C.segs.xml#id(Bmr018.segment.1,273)"/>
      <nite:child href="Bmr018.E.segs.xml#id(Bmr018.segment.1,274)"/>
      <nite:child href="Bmr018.C.segs.xml#id(Bmr018.segment.1,275)"/>
      <nite:child href="Bmr018.E.segs.xml#id(Bmr018.segment.1,276)"/>
      <nite:child href="Bmr018.G.segs.xml#id(Bmr018.segment.1,277)"/>
      <nite:child href="Bmr018.E.segs.xml#id(Bmr018.segment.1,278)"/>
      <nite:child href="Bmr018.A.segs.xml#id(Bmr018.segment.1,279)"/>
      <nite:child href="Bmr018.E.segs.xml#id(Bmr018.segment.1,280)"/>
      <nite:child href="Bmr018.D.segs.xml#id(Bmr018.segment.1,281)"/>
      <nite:child href="Bmr018.B.segs.xml#id(Bmr018.segment.1,282)"/>
      <nite:child href="Bmr018.E.segs.xml#id(Bmr018.segment.1,283)..id(Bmr018.segment.1,284)"/>
      <nite:child href="Bmr018.C.segs.xml#id(Bmr018.segment.1,285)"/>
      <nite:child href="Bmr018.E.segs.xml#id(Bmr018.segment.1,286)"/>
      <nite:child href="Bmr018.G.segs.xml#id(Bmr018.segment.1,287)"/>
      <nite:child href="Bmr018.A.segs.xml#id(Bmr018.segment.1,288)"/>
      <nite:child href="Bmr018.E.segs.xml#id(Bmr018.segment.1,289)..id(Bmr018.segment.1,290)"/>
      <nite:child href="Bmr018.A.segs.xml#id(Bmr018.segment.1,291)"/>
      <nite:child href="Bmr018.E.segs.xml#id(Bmr018.segment.1,292)"/>
      <nite:child href="Bmr018.C.segs.xml#id(Bmr018.segment.1,293)"/>
      <nite:child href="Bmr018.B.segs.xml#id(Bmr018.segment.1,294)"/>
      <nite:child href="Bmr018.E.segs.xml#id(Bmr018.segment.1,295)"/>
      <nite:child href="Bmr018.C.segs.xml#id(Bmr018.segment.1,296)"/>
      <nite:child href="Bmr018.B.segs.xml#id(Bmr018.segment.1,297)..id(Bmr018.segment.1,303)"/>
      <nite:child href="Bmr018.D.segs.xml#id(Bmr018.segment.1,304)"/>
      <nite:child href="Bmr018.E.segs.xml#id(Bmr018.segment.1,305)"/>
      <nite:child href="Bmr018.G.segs.xml#id(Bmr018.segment.1,306)"/>
      <nite:child href="Bmr018.E.segs.xml#id(Bmr018.segment.1,307)"/>
      <nite:child href="Bmr018.D.segs.xml#id(Bmr018.segment.1,308)"/>
      <nite:child href="Bmr018.B.segs.xml#id(Bmr018.segment.1,309)"/>
      <nite:child href="Bmr018.A.segs.xml#id(Bmr018.segment.1,310)"/>
      <nite:child href="Bmr018.E.segs.xml#id(Bmr018.segment.1,311)..id(Bmr018.segment.1,312)"/>
      <nite:child href="Bmr018.A.segs.xml#id(Bmr018.segment.1,313)"/>
      <nite:child href="Bmr018.E.segs.xml#id(Bmr018.segment.1,314)"/>
      <nite:child href="Bmr018.B.segs.xml#id(Bmr018.segment.1,315)..id(Bmr018.segment.1,316)"/>
      <nite:child href="Bmr018.E.segs.xml#id(Bmr018.segment.1,317)"/>
      <nite:child href="Bmr018.B.segs.xml#id(Bmr018.segment.1,318)..id(Bmr018.segment.1,319)"/>
      <nite:child href="Bmr018.E.segs.xml#id(Bmr018.segment.1,320)..id(Bmr018.segment.1,324)"/>
      <nite:child href="Bmr018.D.segs.xml#id(Bmr018.segment.1,323)"/>
      <nite:child href="Bmr018.E.segs.xml#id(Bmr018.segment.1,325)"/>
      <nite:child href="Bmr018.G.segs.xml#id(Bmr018.segment.1,326)"/>
      <nite:child href="Bmr018.E.segs.xml#id(Bmr018.segment.1,327)"/>
      <nite:child href="Bmr018.B.segs.xml#id(Bmr018.segment.1,328)..id(Bmr018.segment.1,329)"/>
      <nite:child href="Bmr018.D.segs.xml#id(Bmr018.segment.1,330)"/>
      <nite:child href="Bmr018.B.segs.xml#id(Bmr018.segment.1,332)"/>
      <nite:child href="Bmr018.A.segs.xml#id(Bmr018.segment.1,331)"/>
      <nite:child href="Bmr018.C.segs.xml#id(Bmr018.segment.1,333)"/>
      <nite:child href="Bmr018.E.segs.xml#id(Bmr018.segment.1,334)"/>
      <nite:child href="Bmr018.C.segs.xml#id(Bmr018.segment.1,335)"/>
      <nite:child href="Bmr018.G.segs.xml#id(Bmr018.segment.1,336)"/>
      <nite:child href="Bmr018.E.segs.xml#id(Bmr018.segment.1,337)"/>
      <nite:child href="Bmr018.A.segs.xml#id(Bmr018.segment.1,338)"/>
      <nite:child href="Bmr018.E.segs.xml#id(Bmr018.segment.1,339)"/>
      <nite:child href="Bmr018.B.segs.xml#id(Bmr018.segment.1,340)"/>
      <nite:child href="Bmr018.E.segs.xml#id(Bmr018.segment.1,341)"/>
      <nite:child href="Bmr018.C.segs.xml#id(Bmr018.segment.1,342)"/>
      <nite:child href="Bmr018.D.segs.xml#id(Bmr018.segment.1,343)"/>
      <nite:child href="Bmr018.A.segs.xml#id(Bmr018.segment.1,344)"/>
      <nite:child href="Bmr018.E.segs.xml#id(Bmr018.segment.1,345)"/>
      <nite:child href="Bmr018.D.segs.xml#id(Bmr018.segment.1,346)"/>
      <nite:child href="Bmr018.C.segs.xml#id(Bmr018.segment.1,347)"/>
      <nite:child href="Bmr018.E.segs.xml#id(Bmr018.segment.1,348)"/>
      <nite:child href="Bmr018.B.segs.xml#id(Bmr018.segment.1,349)"/>
      <nite:child href="Bmr018.G.segs.xml#id(Bmr018.segment.1,350)"/>
      <nite:child href="Bmr018.A.segs.xml#id(Bmr018.segment.1,351)"/>
      <nite:child href="Bmr018.E.segs.xml#id(Bmr018.segment.1,352)"/>
      <nite:child href="Bmr018.D.segs.xml#id(Bmr018.segment.1,353)"/>
      <nite:child href="Bmr018.B.segs.xml#id(Bmr018.segment.1,354)..id(Bmr018.segment.1,355)"/>
      <nite:child href="Bmr018.E.segs.xml#id(Bmr018.segment.1,356)"/>
      <nite:child href="Bmr018.B.segs.xml#id(Bmr018.segment.1,357)"/>
      <nite:child href="Bmr018.C.segs.xml#id(Bmr018.segment.1,358)"/>
      <nite:child href="Bmr018.D.segs.xml#id(Bmr018.segment.1,359)"/>
      <nite:child href="Bmr018.A.segs.xml#id(Bmr018.segment.1,360)"/>
      <nite:child href="Bmr018.E.segs.xml#id(Bmr018.segment.1,361)"/>
      <nite:child href="Bmr018.G.segs.xml#id(Bmr018.segment.1,362)"/>
      <nite:child href="Bmr018.B.segs.xml#id(Bmr018.segment.1,363)"/>
      <nite:child href="Bmr018.E.segs.xml#id(Bmr018.segment.1,364)"/>
      <nite:child href="Bmr018.C.segs.xml#id(Bmr018.segment.1,365)"/>
   </topic>
   <topic nite:id="Bmr018.topic.13" description="conference proceedings (unspecified), impressions">
      <nite:child href="Bmr018.E.segs.xml#id(Bmr018.segment.1,366)"/>
      <topic nite:id="Bmr018.topic.14" description="discussions with NIST representatives, recording setups">
         <nite:child href="Bmr018.C.segs.xml#id(Bmr018.segment.1,367)..id(Bmr018.segment.1,368)"/>
         <nite:child href="Bmr018.E.segs.xml#id(Bmr018.segment.1,369)"/>
         <nite:child href="Bmr018.C.segs.xml#id(Bmr018.segment.1,370)..id(Bmr018.segment.1,373)"/>
         <nite:child href="Bmr018.D.segs.xml#id(Bmr018.segment.1,374)"/>
         <nite:child href="Bmr018.E.segs.xml#id(Bmr018.segment.1,375)"/>
         <nite:child href="Bmr018.C.segs.xml#id(Bmr018.segment.1,376)..id(Bmr018.segment.1,377)"/>
         <nite:child href="Bmr018.G.segs.xml#id(Bmr018.segment.1,378)"/>
         <nite:child href="Bmr018.E.segs.xml#id(Bmr018.segment.1,379)"/>
         <nite:child href="Bmr018.C.segs.xml#id(Bmr018.segment.1,380)"/>
         <nite:child href="Bmr018.E.segs.xml#id(Bmr018.segment.1,381)"/>
         <nite:child href="Bmr018.G.segs.xml#id(Bmr018.segment.1,382)"/>
         <nite:child href="Bmr018.D.segs.xml#id(Bmr018.segment.1,383)"/>
         <nite:child href="Bmr018.C.segs.xml#id(Bmr018.segment.1,384)..id(Bmr018.segment.1,385)"/>
         <nite:child href="Bmr018.D.segs.xml#id(Bmr018.segment.1,386)"/>
         <nite:child href="Bmr018.E.segs.xml#id(Bmr018.segment.1,387)"/>
         <nite:child href="Bmr018.D.segs.xml#id(Bmr018.segment.1,388)"/>
         <nite:child href="Bmr018.C.segs.xml#id(Bmr018.segment.1,389)..id(Bmr018.segment.1,392)"/>
         <nite:child href="Bmr018.E.segs.xml#id(Bmr018.segment.1,393)..id(Bmr018.segment.1,395)"/>
         <nite:child href="Bmr018.C.segs.xml#id(Bmr018.segment.1,396)"/>
         <nite:child href="Bmr018.E.segs.xml#id(Bmr018.segment.1,397)"/>
         <nite:child href="Bmr018.D.segs.xml#id(Bmr018.segment.1,398)"/>
         <nite:child href="Bmr018.C.segs.xml#id(Bmr018.segment.1,399)"/>
         <nite:child href="Bmr018.E.segs.xml#id(Bmr018.segment.1,400)"/>
         <nite:child href="Bmr018.C.segs.xml#id(Bmr018.segment.1,401)"/>
         <nite:child href="Bmr018.D.segs.xml#id(Bmr018.segment.1,402)..id(Bmr018.segment.1,403)"/>
         <nite:child href="Bmr018.E.segs.xml#id(Bmr018.segment.1,404)..id(Bmr018.segment.1,407)"/>
         <nite:child href="Bmr018.C.segs.xml#id(Bmr018.segment.1,408)"/>
         <nite:child href="Bmr018.E.segs.xml#id(Bmr018.segment.1,409)"/>
         <nite:child href="Bmr018.D.segs.xml#id(Bmr018.segment.1,410)"/>
         <nite:child href="Bmr018.A.segs.xml#id(Bmr018.segment.1,411)"/>
         <nite:child href="Bmr018.D.segs.xml#id(Bmr018.segment.1,412)"/>
         <nite:child href="Bmr018.B.segs.xml#id(Bmr018.segment.1,413)"/>
         <nite:child href="Bmr018.E.segs.xml#id(Bmr018.segment.1,414)"/>
         <nite:child href="Bmr018.D.segs.xml#id(Bmr018.segment.1,415)"/>
         <nite:child href="Bmr018.C.segs.xml#id(Bmr018.segment.1,416)"/>
         <nite:child href="Bmr018.A.segs.xml#id(Bmr018.segment.1,417)"/>
         <nite:child href="Bmr018.E.segs.xml#id(Bmr018.segment.1,418)"/>
         <nite:child href="Bmr018.C.segs.xml#id(Bmr018.segment.1,419)"/>
      </topic>
      <topic nite:id="Bmr018.topic.15" description="Lori Lamel paper">
         <nite:child href="Bmr018.B.segs.xml#id(Bmr018.segment.1,420)..id(Bmr018.segment.1,421)"/>
         <nite:child href="Bmr018.C.segs.xml#id(Bmr018.segment.1,422)"/>
         <nite:child href="Bmr018.A.segs.xml#id(Bmr018.segment.1,423)"/>
         <nite:child href="Bmr018.C.segs.xml#id(Bmr018.segment.1,424)..id(Bmr018.segment.1,428)"/>
         <nite:child href="Bmr018.E.segs.xml#id(Bmr018.segment.1,429)"/>
         <nite:child href="Bmr018.C.segs.xml#id(Bmr018.segment.1,430)"/>
         <nite:child href="Bmr018.E.segs.xml#id(Bmr018.segment.1,431)"/>
         <nite:child href="Bmr018.C.segs.xml#id(Bmr018.segment.1,432)"/>
         <nite:child href="Bmr018.E.segs.xml#id(Bmr018.segment.1,433)..id(Bmr018.segment.1,434)"/>
         <nite:child href="Bmr018.C.segs.xml#id(Bmr018.segment.1,435)"/>
         <nite:child href="Bmr018.E.segs.xml#id(Bmr018.segment.1,436)"/>
         <nite:child href="Bmr018.C.segs.xml#id(Bmr018.segment.1,437)..id(Bmr018.segment.1,438)"/>
         <nite:child href="Bmr018.B.segs.xml#id(Bmr018.segment.1,439)"/>
         <nite:child href="Bmr018.E.segs.xml#id(Bmr018.segment.1,440)"/>
         <nite:child href="Bmr018.B.segs.xml#id(Bmr018.segment.1,441)"/>
         <nite:child href="Bmr018.E.segs.xml#id(Bmr018.segment.1,442)"/>
         <nite:child href="Bmr018.C.segs.xml#id(Bmr018.segment.1,443)..id(Bmr018.segment.1,444)"/>
         <nite:child href="Bmr018.D.segs.xml#id(Bmr018.segment.1,445)"/>
         <nite:child href="Bmr018.E.segs.xml#id(Bmr018.segment.1,446)"/>
         <nite:child href="Bmr018.C.segs.xml#id(Bmr018.segment.1,447)"/>
         <nite:child href="Bmr018.E.segs.xml#id(Bmr018.segment.1,448)"/>
         <nite:child href="Bmr018.D.segs.xml#id(Bmr018.segment.1,449)"/>
         <nite:child href="Bmr018.E.segs.xml#id(Bmr018.segment.1,450)..id(Bmr018.segment.1,451)"/>
         <nite:child href="Bmr018.C.segs.xml#id(Bmr018.segment.1,452)"/>
         <nite:child href="Bmr018.D.segs.xml#id(Bmr018.segment.1,453)"/>
         <nite:child href="Bmr018.B.segs.xml#id(Bmr018.segment.1,454)..id(Bmr018.segment.1,455)"/>
         <nite:child href="Bmr018.E.segs.xml#id(Bmr018.segment.1,456)..id(Bmr018.segment.1,457)"/>
         <nite:child href="Bmr018.C.segs.xml#id(Bmr018.segment.1,458)"/>
         <nite:child href="Bmr018.E.segs.xml#id(Bmr018.segment.1,459)..id(Bmr018.segment.1,460)"/>
         <nite:child href="Bmr018.C.segs.xml#id(Bmr018.segment.1,461)"/>
         <nite:child href="Bmr018.B.segs.xml#id(Bmr018.segment.1,462)"/>
         <nite:child href="Bmr018.C.segs.xml#id(Bmr018.segment.1,463)"/>
         <nite:child href="Bmr018.E.segs.xml#id(Bmr018.segment.1,464)"/>
         <nite:child href="Bmr018.C.segs.xml#id(Bmr018.segment.1,465)"/>
         <nite:child href="Bmr018.E.segs.xml#id(Bmr018.segment.1,466)"/>
         <nite:child href="Bmr018.C.segs.xml#id(Bmr018.segment.1,467)"/>
         <nite:child href="Bmr018.E.segs.xml#id(Bmr018.segment.1,468)"/>
         <nite:child href="Bmr018.C.segs.xml#id(Bmr018.segment.1,469)..id(Bmr018.segment.1,470)"/>
         <nite:child href="Bmr018.E.segs.xml#id(Bmr018.segment.1,471)"/>
         <nite:child href="Bmr018.C.segs.xml#id(Bmr018.segment.1,472)"/>
         <nite:child href="Bmr018.E.segs.xml#id(Bmr018.segment.1,473)"/>
      </topic>
      <nite:child href="Bmr018.C.segs.xml#id(Bmr018.segment.1,474)..id(Bmr018.segment.1,476)"/>
      <nite:child href="Bmr018.E.segs.xml#id(Bmr018.segment.1,478)"/>
      <nite:child href="Bmr018.C.segs.xml#id(Bmr018.segment.1,477)"/>
      <nite:child href="Bmr018.E.segs.xml#id(Bmr018.segment.1,479)..id(Bmr018.segment.1,480)"/>
      <topic nite:id="Bmr018.topic.16" description="summarization work">
         <nite:child href="Bmr018.D.segs.xml#id(Bmr018.segment.1,481)..id(Bmr018.segment.1,483)"/>
         <nite:child href="Bmr018.E.segs.xml#id(Bmr018.segment.1,484)"/>
         <nite:child href="Bmr018.D.segs.xml#id(Bmr018.segment.1,485)"/>
         <nite:child href="Bmr018.B.segs.xml#id(Bmr018.segment.1,486)"/>
         <nite:child href="Bmr018.D.segs.xml#id(Bmr018.segment.1,487)..id(Bmr018.segment.1,488)"/>
         <nite:child href="Bmr018.E.segs.xml#id(Bmr018.segment.1,489)"/>
         <nite:child href="Bmr018.A.segs.xml#id(Bmr018.segment.1,490)"/>
         <nite:child href="Bmr018.D.segs.xml#id(Bmr018.segment.1,491)"/>
         <nite:child href="Bmr018.B.segs.xml#id(Bmr018.segment.1,492)"/>
         <nite:child href="Bmr018.D.segs.xml#id(Bmr018.segment.1,493)..id(Bmr018.segment.1,494)"/>
         <nite:child href="Bmr018.E.segs.xml#id(Bmr018.segment.1,495)"/>
         <nite:child href="Bmr018.D.segs.xml#id(Bmr018.segment.1,496)"/>
         <nite:child href="Bmr018.E.segs.xml#id(Bmr018.segment.1,497)"/>
         <nite:child href="Bmr018.A.segs.xml#id(Bmr018.segment.1,498)"/>
         <nite:child href="Bmr018.D.segs.xml#id(Bmr018.segment.1,499)..id(Bmr018.segment.1,500)"/>
         <nite:child href="Bmr018.C.segs.xml#id(Bmr018.segment.1,501)"/>
         <nite:child href="Bmr018.E.segs.xml#id(Bmr018.segment.1,502)..id(Bmr018.segment.1,503)"/>
         <nite:child href="Bmr018.D.segs.xml#id(Bmr018.segment.1,504)..id(Bmr018.segment.1,505)"/>
         <nite:child href="Bmr018.E.segs.xml#id(Bmr018.segment.1,506)"/>
         <nite:child href="Bmr018.A.segs.xml#id(Bmr018.segment.1,507)"/>
         <nite:child href="Bmr018.D.segs.xml#id(Bmr018.segment.1,508)"/>
         <nite:child href="Bmr018.E.segs.xml#id(Bmr018.segment.1,509)"/>
         <nite:child href="Bmr018.D.segs.xml#id(Bmr018.segment.1,510)..id(Bmr018.segment.1,511)"/>
         <nite:child href="Bmr018.E.segs.xml#id(Bmr018.segment.1,513)"/>
         <nite:child href="Bmr018.C.segs.xml#id(Bmr018.segment.1,512)"/>
         <nite:child href="Bmr018.D.segs.xml#id(Bmr018.segment.1,514)"/>
         <nite:child href="Bmr018.A.segs.xml#id(Bmr018.segment.1,515)..id(Bmr018.segment.1,517)"/>
         <nite:child href="Bmr018.D.segs.xml#id(Bmr018.segment.1,518)"/>
         <nite:child href="Bmr018.A.segs.xml#id(Bmr018.segment.1,519)"/>
         <nite:child href="Bmr018.E.segs.xml#id(Bmr018.segment.1,520)"/>
         <nite:child href="Bmr018.D.segs.xml#id(Bmr018.segment.1,521)"/>
         <nite:child href="Bmr018.E.segs.xml#id(Bmr018.segment.1,522)"/>
         <nite:child href="Bmr018.D.segs.xml#id(Bmr018.segment.1,523)"/>
         <nite:child href="Bmr018.A.segs.xml#id(Bmr018.segment.1,524)"/>
         <nite:child href="Bmr018.E.segs.xml#id(Bmr018.segment.1,525)..id(Bmr018.segment.1,526)"/>
         <nite:child href="Bmr018.B.segs.xml#id(Bmr018.segment.1,527)"/>
         <nite:child href="Bmr018.D.segs.xml#id(Bmr018.segment.1,529)"/>
         <nite:child href="Bmr018.B.segs.xml#id(Bmr018.segment.1,528)"/>
         <nite:child href="Bmr018.D.segs.xml#id(Bmr018.segment.1,530)"/>
         <nite:child href="Bmr018.A.segs.xml#id(Bmr018.segment.1,531)"/>
      </topic>
      <topic nite:id="Bmr018.topic.17" description="Microsoft talk, machine learning">
         <nite:child href="Bmr018.E.segs.xml#id(Bmr018.segment.1,532)"/>
         <nite:child href="Bmr018.D.segs.xml#id(Bmr018.segment.1,533)"/>
         <nite:child href="Bmr018.C.segs.xml#id(Bmr018.segment.1,534)"/>
         <nite:child href="Bmr018.E.segs.xml#id(Bmr018.segment.1,535)"/>
         <nite:child href="Bmr018.C.segs.xml#id(Bmr018.segment.1,536)"/>
         <nite:child href="Bmr018.E.segs.xml#id(Bmr018.segment.1,537)"/>
         <nite:child href="Bmr018.D.segs.xml#id(Bmr018.segment.1,538)"/>
         <nite:child href="Bmr018.E.segs.xml#id(Bmr018.segment.1,539)"/>
         <nite:child href="Bmr018.C.segs.xml#id(Bmr018.segment.1,540)..id(Bmr018.segment.1,541)"/>
         <nite:child href="Bmr018.E.segs.xml#id(Bmr018.segment.1,542)"/>
         <nite:child href="Bmr018.C.segs.xml#id(Bmr018.segment.1,543)..id(Bmr018.segment.1,544)"/>
         <nite:child href="Bmr018.D.segs.xml#id(Bmr018.segment.1,546)"/>
         <nite:child href="Bmr018.E.segs.xml#id(Bmr018.segment.1,545)..id(Bmr018.segment.1,547)"/>
         <nite:child href="Bmr018.G.segs.xml#id(Bmr018.segment.1,548)"/>
         <nite:child href="Bmr018.D.segs.xml#id(Bmr018.segment.1,549)"/>
         <nite:child href="Bmr018.C.segs.xml#id(Bmr018.segment.1,550)..id(Bmr018.segment.1,551)"/>
         <nite:child href="Bmr018.E.segs.xml#id(Bmr018.segment.1,552)"/>
         <nite:child href="Bmr018.C.segs.xml#id(Bmr018.segment.1,553)..id(Bmr018.segment.1,557)"/>
         <nite:child href="Bmr018.E.segs.xml#id(Bmr018.segment.1,558)"/>
         <nite:child href="Bmr018.C.segs.xml#id(Bmr018.segment.1,559)"/>
         <nite:child href="Bmr018.A.segs.xml#id(Bmr018.segment.1,560)"/>
         <nite:child href="Bmr018.E.segs.xml#id(Bmr018.segment.1,561)"/>
         <nite:child href="Bmr018.A.segs.xml#id(Bmr018.segment.1,562)"/>
         <nite:child href="Bmr018.D.segs.xml#id(Bmr018.segment.1,563)"/>
         <nite:child href="Bmr018.E.segs.xml#id(Bmr018.segment.1,564)..id(Bmr018.segment.1,566)"/>
         <nite:child href="Bmr018.C.segs.xml#id(Bmr018.segment.1,567)..id(Bmr018.segment.1,571)"/>
         <nite:child href="Bmr018.B.segs.xml#id(Bmr018.segment.1,572)"/>
         <nite:child href="Bmr018.C.segs.xml#id(Bmr018.segment.1,573)"/>
         <nite:child href="Bmr018.B.segs.xml#id(Bmr018.segment.1,574)"/>
         <nite:child href="Bmr018.C.segs.xml#id(Bmr018.segment.1,575)"/>
         <nite:child href="Bmr018.E.segs.xml#id(Bmr018.segment.1,576)"/>
         <nite:child href="Bmr018.B.segs.xml#id(Bmr018.segment.1,577)"/>
         <nite:child href="Bmr018.C.segs.xml#id(Bmr018.segment.1,578)"/>
         <nite:child href="Bmr018.D.segs.xml#id(Bmr018.segment.1,579)"/>
         <nite:child href="Bmr018.C.segs.xml#id(Bmr018.segment.1,580)"/>
         <nite:child href="Bmr018.D.segs.xml#id(Bmr018.segment.1,582)"/>
         <nite:child href="Bmr018.B.segs.xml#id(Bmr018.segment.1,581)"/>
         <nite:child href="Bmr018.C.segs.xml#id(Bmr018.segment.1,583)..id(Bmr018.segment.1,591)"/>
         <nite:child href="Bmr018.B.segs.xml#id(Bmr018.segment.1,592)..id(Bmr018.segment.1,593)"/>
         <nite:child href="Bmr018.C.segs.xml#id(Bmr018.segment.1,594)"/>
         <nite:child href="Bmr018.B.segs.xml#id(Bmr018.segment.1,595)"/>
         <nite:child href="Bmr018.C.segs.xml#id(Bmr018.segment.1,596)"/>
         <nite:child href="Bmr018.D.segs.xml#id(Bmr018.segment.1,597)"/>
         <nite:child href="Bmr018.E.segs.xml#id(Bmr018.segment.1,598)"/>
         <nite:child href="Bmr018.C.segs.xml#id(Bmr018.segment.1,599)"/>
         <nite:child href="Bmr018.B.segs.xml#id(Bmr018.segment.1,600)"/>
         <nite:child href="Bmr018.E.segs.xml#id(Bmr018.segment.1,601)..id(Bmr018.segment.1,602)"/>
         <nite:child href="Bmr018.C.segs.xml#id(Bmr018.segment.1,603)"/>
         <nite:child href="Bmr018.B.segs.xml#id(Bmr018.segment.1,604)"/>
         <nite:child href="Bmr018.C.segs.xml#id(Bmr018.segment.1,605)"/>
         <nite:child href="Bmr018.E.segs.xml#id(Bmr018.segment.1,606)"/>
         <nite:child href="Bmr018.B.segs.xml#id(Bmr018.segment.1,607)"/>
         <nite:child href="Bmr018.E.segs.xml#id(Bmr018.segment.1,608)"/>
         <nite:child href="Bmr018.C.segs.xml#id(Bmr018.segment.1,609)..id(Bmr018.segment.1,611)"/>
         <nite:child href="Bmr018.E.segs.xml#id(Bmr018.segment.1,612)"/>
         <nite:child href="Bmr018.C.segs.xml#id(Bmr018.segment.1,613)..id(Bmr018.segment.1,614)"/>
         <nite:child href="Bmr018.D.segs.xml#id(Bmr018.segment.1,615)"/>
         <nite:child href="Bmr018.E.segs.xml#id(Bmr018.segment.1,616)"/>
         <nite:child href="Bmr018.C.segs.xml#id(Bmr018.segment.1,617)"/>
         <nite:child href="Bmr018.D.segs.xml#id(Bmr018.segment.1,618)..id(Bmr018.segment.1,619)"/>
         <nite:child href="Bmr018.E.segs.xml#id(Bmr018.segment.1,620)"/>
         <nite:child href="Bmr018.C.segs.xml#id(Bmr018.segment.1,622)"/>
         <nite:child href="Bmr018.E.segs.xml#id(Bmr018.segment.1,621)..id(Bmr018.segment.1,625)"/>
         <nite:child href="Bmr018.C.segs.xml#id(Bmr018.segment.1,626)"/>
         <nite:child href="Bmr018.E.segs.xml#id(Bmr018.segment.1,627)..id(Bmr018.segment.1,629)"/>
         <nite:child href="Bmr018.C.segs.xml#id(Bmr018.segment.1,630)..id(Bmr018.segment.1,631)"/>
         <nite:child href="Bmr018.E.segs.xml#id(Bmr018.segment.1,632)..id(Bmr018.segment.1,633)"/>
         <nite:child href="Bmr018.C.segs.xml#id(Bmr018.segment.1,634)..id(Bmr018.segment.1,635)"/>
         <nite:child href="Bmr018.E.segs.xml#id(Bmr018.segment.1,636)"/>
         <nite:child href="Bmr018.C.segs.xml#id(Bmr018.segment.1,637)"/>
         <nite:child href="Bmr018.E.segs.xml#id(Bmr018.segment.1,638)"/>
         <nite:child href="Bmr018.C.segs.xml#id(Bmr018.segment.1,639)..id(Bmr018.segment.1,640)"/>
         <nite:child href="Bmr018.G.segs.xml#id(Bmr018.segment.1,641)"/>
         <nite:child href="Bmr018.C.segs.xml#id(Bmr018.segment.1,642)"/>
         <nite:child href="Bmr018.G.segs.xml#id(Bmr018.segment.1,643)"/>
         <nite:child href="Bmr018.C.segs.xml#id(Bmr018.segment.1,644)..id(Bmr018.segment.1,646)"/>
         <nite:child href="Bmr018.E.segs.xml#id(Bmr018.segment.1,647)"/>
         <nite:child href="Bmr018.C.segs.xml#id(Bmr018.segment.1,648)"/>
         <nite:child href="Bmr018.E.segs.xml#id(Bmr018.segment.1,649)"/>
         <nite:child href="Bmr018.C.segs.xml#id(Bmr018.segment.1,650)"/>
         <nite:child href="Bmr018.E.segs.xml#id(Bmr018.segment.1,651)"/>
         <nite:child href="Bmr018.D.segs.xml#id(Bmr018.segment.1,652)"/>
         <nite:child href="Bmr018.E.segs.xml#id(Bmr018.segment.1,653)"/>
         <nite:child href="Bmr018.C.segs.xml#id(Bmr018.segment.1,654)"/>
         <nite:child href="Bmr018.E.segs.xml#id(Bmr018.segment.1,655)"/>
         <nite:child href="Bmr018.C.segs.xml#id(Bmr018.segment.1,656)..id(Bmr018.segment.1,657)"/>
         <nite:child href="Bmr018.E.segs.xml#id(Bmr018.segment.1,658)..id(Bmr018.segment.1,659)"/>
         <nite:child href="Bmr018.C.segs.xml#id(Bmr018.segment.1,660)"/>
         <nite:child href="Bmr018.G.segs.xml#id(Bmr018.segment.1,661)"/>
         <nite:child href="Bmr018.C.segs.xml#id(Bmr018.segment.1,662)..id(Bmr018.segment.1,667)"/>
         <nite:child href="Bmr018.E.segs.xml#id(Bmr018.segment.1,668)"/>
         <nite:child href="Bmr018.C.segs.xml#id(Bmr018.segment.1,669)..id(Bmr018.segment.1,670)"/>
         <nite:child href="Bmr018.A.segs.xml#id(Bmr018.segment.1,671)"/>
         <nite:child href="Bmr018.E.segs.xml#id(Bmr018.segment.1,672)"/>
         <nite:child href="Bmr018.D.segs.xml#id(Bmr018.segment.1,673)"/>
         <nite:child href="Bmr018.C.segs.xml#id(Bmr018.segment.1,674)"/>
         <nite:child href="Bmr018.A.segs.xml#id(Bmr018.segment.1,675)"/>
         <nite:child href="Bmr018.E.segs.xml#id(Bmr018.segment.1,676)"/>
         <nite:child href="Bmr018.D.segs.xml#id(Bmr018.segment.1,677)"/>
         <nite:child href="Bmr018.A.segs.xml#id(Bmr018.segment.1,678)"/>
         <nite:child href="Bmr018.E.segs.xml#id(Bmr018.segment.1,679)"/>
         <nite:child href="Bmr018.D.segs.xml#id(Bmr018.segment.1,680)"/>
         <nite:child href="Bmr018.G.segs.xml#id(Bmr018.segment.1,681)..id(Bmr018.segment.1,682)"/>
         <nite:child href="Bmr018.D.segs.xml#id(Bmr018.segment.1,683)..id(Bmr018.segment.1,685)"/>
         <nite:child href="Bmr018.E.segs.xml#id(Bmr018.segment.1,686)"/>
         <nite:child href="Bmr018.A.segs.xml#id(Bmr018.segment.1,687)"/>
         <nite:child href="Bmr018.D.segs.xml#id(Bmr018.segment.1,688)"/>
         <nite:child href="Bmr018.E.segs.xml#id(Bmr018.segment.1,689)"/>
         <nite:child href="Bmr018.C.segs.xml#id(Bmr018.segment.1,690)"/>
         <nite:child href="Bmr018.B.segs.xml#id(Bmr018.segment.1,691)"/>
         <nite:child href="Bmr018.E.segs.xml#id(Bmr018.segment.1,692)"/>
         <nite:child href="Bmr018.A.segs.xml#id(Bmr018.segment.1,693)"/>
         <nite:child href="Bmr018.E.segs.xml#id(Bmr018.segment.1,694)"/>
         <nite:child href="Bmr018.D.segs.xml#id(Bmr018.segment.1,695)"/>
         <nite:child href="Bmr018.E.segs.xml#id(Bmr018.segment.1,696)"/>
         <nite:child href="Bmr018.C.segs.xml#id(Bmr018.segment.1,697)"/>
         <nite:child href="Bmr018.A.segs.xml#id(Bmr018.segment.1,698)"/>
      </topic>
   </topic>
   <topic nite:id="Bmr018.topic.18" description="closing">
      <nite:child href="Bmr018.E.segs.xml#id(Bmr018.segment.1,699)"/>
      <nite:child href="Bmr018.C.segs.xml#id(Bmr018.segment.1,700)"/>
      <nite:child href="Bmr018.E.segs.xml#id(Bmr018.segment.1,701)..id(Bmr018.segment.1,702)"/>
      <nite:child href="Bmr018.C.segs.xml#id(Bmr018.segment.1,703)"/>
      <nite:child href="Bmr018.E.segs.xml#id(Bmr018.segment.1,704)"/>
      <nite:child href="Bmr018.D.segs.xml#id(Bmr018.segment.1,705)"/>
      <nite:child href="Bmr018.A.segs.xml#id(Bmr018.segment.1,706)"/>
      <nite:child href="Bmr018.E.segs.xml#id(Bmr018.segment.1,707)"/>
      <nite:child href="Bmr018.D.segs.xml#id(Bmr018.segment.1,708)"/>
      <nite:child href="Bmr018.E.segs.xml#id(Bmr018.segment.1,709)..id(Bmr018.segment.1,711)"/>
      <nite:child href="Bmr018.A.segs.xml#id(Bmr018.segment.1,712)"/>
      <topic nite:id="Bmr018.topic.19" description="digit task">
         <nite:child href="Bmr018.D.segs.xml#id(Bmr018.segment.1,713)"/>
         <nite:child href="Bmr018.G.segs.xml#id(Bmr018.segment.1,714)"/>
         <nite:child href="Bmr018.E.segs.xml#id(Bmr018.segment.1,715)"/>
         <nite:child href="Bmr018.C.segs.xml#id(Bmr018.segment.1,716)"/>
         <nite:child href="Bmr018.A.segs.xml#id(Bmr018.segment.1,717)"/>
         <nite:child href="Bmr018.B.segs.xml#id(Bmr018.segment.1,718)"/>
         <nite:child href="Bmr018.D.segs.xml#id(Bmr018.segment.1,719)"/>
         <nite:child href="Bmr018.A.segs.xml#id(Bmr018.segment.1,720)"/>
         <nite:child href="Bmr018.G.segs.xml#id(Bmr018.segment.1,721)"/>
         <nite:child href="Bmr018.E.segs.xml#id(Bmr018.segment.1,722)"/>
         <nite:child href="Bmr018.C.segs.xml#id(Bmr018.segment.1,723)"/>
         <nite:child href="Bmr018.B.segs.xml#id(Bmr018.segment.1,724)"/>
         <nite:child href="Bmr018.D.segs.xml#id(Bmr018.segment.1,725)"/>
         <nite:child href="Bmr018.A.segs.xml#id(Bmr018.segment.1,726)"/>
         <nite:child href="Bmr018.C.segs.xml#id(Bmr018.segment.1,727)"/>
         <nite:child href="Bmr018.E.segs.xml#id(Bmr018.segment.1,728)"/>
         <nite:child href="Bmr018.B.segs.xml#id(Bmr018.segment.1,729)"/>
         <nite:child href="Bmr018.D.segs.xml#id(Bmr018.segment.1,731)"/>
         <nite:child href="Bmr018.G.segs.xml#id(Bmr018.segment.1,730)"/>
         <nite:child href="Bmr018.D.segs.xml#id(Bmr018.segment.1,732)"/>
         <nite:child href="Bmr018.E.segs.xml#id(Bmr018.segment.1,733)"/>
         <nite:child href="Bmr018.G.segs.xml#id(Bmr018.segment.1,734)"/>
         <nite:child href="Bmr018.B.segs.xml#id(Bmr018.segment.1,735)"/>
         <nite:child href="Bmr018.A.segs.xml#id(Bmr018.segment.1,736)"/>
         <nite:child href="Bmr018.C.segs.xml#id(Bmr018.segment.1,737)"/>
         <nite:child href="Bmr018.D.segs.xml#id(Bmr018.segment.1,738)"/>
         <nite:child href="Bmr018.C.segs.xml#id(Bmr018.segment.1,739)"/>
         <nite:child href="Bmr018.E.segs.xml#id(Bmr018.segment.1,740)"/>
         <nite:child href="Bmr018.B.segs.xml#id(Bmr018.segment.1,741)"/>
         <nite:child href="Bmr018.A.segs.xml#id(Bmr018.segment.1,742)"/>
         <nite:child href="Bmr018.G.segs.xml#id(Bmr018.segment.1,743)"/>
         <nite:child href="Bmr018.D.segs.xml#id(Bmr018.segment.1,744)"/>
         <nite:child href="Bmr018.C.segs.xml#id(Bmr018.segment.1,745)"/>
         <nite:child href="Bmr018.A.segs.xml#id(Bmr018.segment.1,746)"/>
         <nite:child href="Bmr018.E.segs.xml#id(Bmr018.segment.1,747)"/>
         <nite:child href="Bmr018.B.segs.xml#id(Bmr018.segment.1,748)"/>
         <nite:child href="Bmr018.G.segs.xml#id(Bmr018.segment.1,749)"/>
         <nite:child href="Bmr018.C.segs.xml#id(Bmr018.segment.1,750)"/>
         <nite:child href="Bmr018.D.segs.xml#id(Bmr018.segment.1,751)"/>
         <nite:child href="Bmr018.A.segs.xml#id(Bmr018.segment.1,752)"/>
         <nite:child href="Bmr018.E.segs.xml#id(Bmr018.segment.1,753)"/>
         <nite:child href="Bmr018.B.segs.xml#id(Bmr018.segment.1,754)"/>
         <nite:child href="Bmr018.D.segs.xml#id(Bmr018.segment.1,755)"/>
         <nite:child href="Bmr018.C.segs.xml#id(Bmr018.segment.1,756)"/>
         <nite:child href="Bmr018.G.segs.xml#id(Bmr018.segment.1,757)"/>
         <nite:child href="Bmr018.A.segs.xml#id(Bmr018.segment.1,758)"/>
         <nite:child href="Bmr018.E.segs.xml#id(Bmr018.segment.1,759)"/>
         <nite:child href="Bmr018.B.segs.xml#id(Bmr018.segment.1,760)"/>
         <nite:child href="Bmr018.C.segs.xml#id(Bmr018.segment.1,761)"/>
         <nite:child href="Bmr018.A.segs.xml#id(Bmr018.segment.1,762)"/>
         <nite:child href="Bmr018.E.segs.xml#id(Bmr018.segment.1,763)"/>
         <nite:child href="Bmr018.G.segs.xml#id(Bmr018.segment.1,764)"/>
         <nite:child href="Bmr018.B.segs.xml#id(Bmr018.segment.1,765)"/>
         <nite:child href="Bmr018.G.segs.xml#id(Bmr018.segment.1,766)"/>
      </topic>
      <nite:child href="Bmr018.C.segs.xml#id(Bmr018.segment.1,767)"/>
      <nite:child href="Bmr018.E.segs.xml#id(Bmr018.segment.1,768)"/>
      <nite:child href="Bmr018.C.segs.xml#id(Bmr018.segment.1,769)..id(Bmr018.segment.1,770)"/>
   </topic>
</nite:root>