<?xml version="1.0" encoding="ISO-8859-1" standalone="yes"?>
<nite:root nite:id="Bns001.topic" xmlns:nite="http://nite.sourceforge.net/">
   <topic nite:id="Bns001.topic.1" description="opening">
      <nite:child href="Bns001.A.segs.xml#id(Bns001.segment.2)..id(Bns001.segment.3)"/>
      <nite:child href="Bns001.F.segs.xml#id(Bns001.segment.4)"/>
      <nite:child href="Bns001.D.segs.xml#id(Bns001.segment.5)"/>
      <nite:child href="Bns001.F.segs.xml#id(Bns001.segment.6)..id(Bns001.segment.33)"/>
      <nite:child href="Bns001.G.segs.xml#id(Bns001.segment.34)"/>
      <nite:child href="Bns001.F.segs.xml#id(Bns001.segment.35)"/>
      <topic nite:id="Bns001.topic.2" description="digit task">
         <nite:child href="Bns001.G.segs.xml#id(Bns001.segment.36)..id(Bns001.segment.38)"/>
         <nite:child href="Bns001.D.segs.xml#id(Bns001.segment.39)"/>
         <nite:child href="Bns001.G.segs.xml#id(Bns001.segment.40)..id(Bns001.segment.57)"/>
         <nite:child href="Bns001.B.segs.xml#id(Bns001.segment.58)..id(Bns001.segment.78)"/>
         <nite:child href="Bns001.D.segs.xml#id(Bns001.segment.80)"/>
         <nite:child href="Bns001.F.segs.xml#id(Bns001.segment.79)"/>
         <nite:child href="Bns001.D.segs.xml#id(Bns001.segment.81)..id(Bns001.segment.101)"/>
         <nite:child href="Bns001.E.segs.xml#id(Bns001.segment.102)..id(Bns001.segment.122)"/>
         <nite:child href="Bns001.F.segs.xml#id(Bns001.segment.123)"/>
         <nite:child href="Bns001.A.segs.xml#id(Bns001.segment.124)..id(Bns001.segment.144)"/>
         <nite:child href="Bns001.C.segs.xml#id(Bns001.segment.145)..id(Bns001.segment.165)"/>
      </topic>
      <nite:child href="Bns001.F.segs.xml#id(Bns001.segment.166)..id(Bns001.segment.167)"/>
      <nite:child href="Bns001.C.segs.xml#id(Bns001.segment.168)"/>
      <nite:child href="Bns001.F.segs.xml#id(Bns001.segment.169)..id(Bns001.segment.174)"/>
      <nite:child href="Bns001.B.segs.xml#id(Bns001.segment.175)"/>
      <nite:child href="Bns001.D.segs.xml#id(Bns001.segment.176)..id(Bns001.segment.177)"/>
      <nite:child href="Bns001.F.segs.xml#id(Bns001.segment.178)"/>
      <nite:child href="Bns001.D.segs.xml#id(Bns001.segment.179)"/>
      <nite:child href="Bns001.F.segs.xml#id(Bns001.segment.180)"/>
      <nite:child href="Bns001.D.segs.xml#id(Bns001.segment.181)..id(Bns001.segment.182)"/>
      <nite:child href="Bns001.F.segs.xml#id(Bns001.segment.183)..id(Bns001.segment.184)"/>
      <nite:child href="Bns001.D.segs.xml#id(Bns001.segment.185)"/>
      <nite:child href="Bns001.F.segs.xml#id(Bns001.segment.186)..id(Bns001.segment.190)"/>
      <nite:child href="Bns001.B.segs.xml#id(Bns001.segment.191)"/>
      <nite:child href="Bns001.F.segs.xml#id(Bns001.segment.192)..id(Bns001.segment.196)"/>
      <nite:child href="Bns001.D.segs.xml#id(Bns001.segment.197)"/>
      <nite:child href="Bns001.F.segs.xml#id(Bns001.segment.198)"/>
      <nite:child href="Bns001.G.segs.xml#id(Bns001.segment.199)..id(Bns001.segment.201)"/>
      <nite:child href="Bns001.D.segs.xml#id(Bns001.segment.202)"/>
      <nite:child href="Bns001.G.segs.xml#id(Bns001.segment.204)"/>
      <nite:child href="Bns001.F.segs.xml#id(Bns001.segment.203)..id(Bns001.segment.205)"/>
      <nite:child href="Bns001.G.segs.xml#id(Bns001.segment.206)..id(Bns001.segment.208)"/>
      <nite:child href="Bns001.F.segs.xml#id(Bns001.segment.209)"/>
      <nite:child href="Bns001.G.segs.xml#id(Bns001.segment.210)"/>
      <nite:child href="Bns001.F.segs.xml#id(Bns001.segment.211)"/>
      <nite:child href="Bns001.G.segs.xml#id(Bns001.segment.212)"/>
      <nite:child href="Bns001.F.segs.xml#id(Bns001.segment.213)"/>
      <nite:child href="Bns001.D.segs.xml#id(Bns001.segment.214)..id(Bns001.segment.216)"/>
      <nite:child href="Bns001.F.segs.xml#id(Bns001.segment.217)"/>
      <nite:child href="Bns001.D.segs.xml#id(Bns001.segment.218)"/>
      <nite:child href="Bns001.B.segs.xml#id(Bns001.segment.219)"/>
      <nite:child href="Bns001.F.segs.xml#id(Bns001.segment.220)"/>
      <topic nite:id="Bns001.topic.3" description="summary of meeting agenda items">
         <nite:child href="Bns001.D.segs.xml#id(Bns001.segment.221)..id(Bns001.segment.223)"/>
         <nite:child href="Bns001.F.segs.xml#id(Bns001.segment.225)"/>
         <nite:child href="Bns001.D.segs.xml#id(Bns001.segment.224)..id(Bns001.segment.231)"/>
         <nite:child href="Bns001.B.segs.xml#id(Bns001.segment.230)"/>
         <nite:child href="Bns001.D.segs.xml#id(Bns001.segment.232)"/>
         <nite:child href="Bns001.G.segs.xml#id(Bns001.segment.233)"/>
         <nite:child href="Bns001.D.segs.xml#id(Bns001.segment.234)..id(Bns001.segment.238)"/>
         <nite:child href="Bns001.B.segs.xml#id(Bns001.segment.239)"/>
         <nite:child href="Bns001.D.segs.xml#id(Bns001.segment.240)..id(Bns001.segment.255)"/>
         <nite:child href="Bns001.B.segs.xml#id(Bns001.segment.256)"/>
         <nite:child href="Bns001.D.segs.xml#id(Bns001.segment.257)"/>
      </topic>
   </topic>
   <topic nite:id="Bns001.topic.4" description="Miguel Sanchez introduction">
      <nite:child href="Bns001.B.segs.xml#id(Bns001.segment.258)"/>
      <nite:child href="Bns001.D.segs.xml#id(Bns001.segment.260)"/>
      <nite:child href="Bns001.B.segs.xml#id(Bns001.segment.261)..id(Bns001.segment.262)"/>
      <nite:child href="Bns001.G.segs.xml#id(Bns001.segment.263)..id(Bns001.segment.265)"/>
      <nite:child href="Bns001.B.segs.xml#id(Bns001.segment.264)..id(Bns001.segment.335)"/>
      <nite:child href="Bns001.C.segs.xml#id(Bns001.segment.336)"/>
      <nite:child href="Bns001.B.segs.xml#id(Bns001.segment.337)..id(Bns001.segment.367)"/>
      <nite:child href="Bns001.D.segs.xml#id(Bns001.segment.368)"/>
      <nite:child href="Bns001.B.segs.xml#id(Bns001.segment.370)"/>
      <nite:child href="Bns001.D.segs.xml#id(Bns001.segment.369)..id(Bns001.segment.371)"/>
      <nite:child href="Bns001.B.segs.xml#id(Bns001.segment.372)"/>
      <nite:child href="Bns001.D.segs.xml#id(Bns001.segment.373)"/>
      <nite:child href="Bns001.B.segs.xml#id(Bns001.segment.374)"/>
      <nite:child href="Bns001.D.segs.xml#id(Bns001.segment.375)..id(Bns001.segment.376)"/>
      <nite:child href="Bns001.B.segs.xml#id(Bns001.segment.377)"/>
      <nite:child href="Bns001.D.segs.xml#id(Bns001.segment.378)"/>
      <nite:child href="Bns001.B.segs.xml#id(Bns001.segment.379)"/>
      <nite:child href="Bns001.D.segs.xml#id(Bns001.segment.380)..id(Bns001.segment.381)"/>
   </topic>
   <topic nite:id="Bns001.topic.5" description="web page submissions">
      <nite:child href="Bns001.D.segs.xml#id(Bns001.segment.382)..id(Bns001.segment.384)"/>
      <nite:child href="Bns001.G.segs.xml#id(Bns001.segment.385)"/>
      <nite:child href="Bns001.D.segs.xml#id(Bns001.segment.386)..id(Bns001.segment.388)"/>
      <nite:child href="Bns001.G.segs.xml#id(Bns001.segment.389)"/>
      <nite:child href="Bns001.D.segs.xml#id(Bns001.segment.390)..id(Bns001.segment.392)"/>
      <nite:child href="Bns001.B.segs.xml#id(Bns001.segment.393)"/>
      <nite:child href="Bns001.D.segs.xml#id(Bns001.segment.394)..id(Bns001.segment.404)"/>
      <nite:child href="Bns001.B.segs.xml#id(Bns001.segment.405)"/>
      <nite:child href="Bns001.D.segs.xml#id(Bns001.segment.406)..id(Bns001.segment.410)"/>
      <nite:child href="Bns001.G.segs.xml#id(Bns001.segment.411)..id(Bns001.segment.412)"/>
      <nite:child href="Bns001.D.segs.xml#id(Bns001.segment.413)..id(Bns001.segment.415)"/>
      <nite:child href="Bns001.G.segs.xml#id(Bns001.segment.414)..id(Bns001.segment.418)"/>
      <nite:child href="Bns001.B.segs.xml#id(Bns001.segment.419)"/>
      <nite:child href="Bns001.D.segs.xml#id(Bns001.segment.420)"/>
      <nite:child href="Bns001.G.segs.xml#id(Bns001.segment.421)..id(Bns001.segment.423)"/>
      <nite:child href="Bns001.D.segs.xml#id(Bns001.segment.424)..id(Bns001.segment.426)"/>
      <nite:child href="Bns001.G.segs.xml#id(Bns001.segment.427)"/>
      <nite:child href="Bns001.D.segs.xml#id(Bns001.segment.428)..id(Bns001.segment.430)"/>
      <nite:child href="Bns001.G.segs.xml#id(Bns001.segment.431)"/>
      <nite:child href="Bns001.D.segs.xml#id(Bns001.segment.432)..id(Bns001.segment.433)"/>
      <nite:child href="Bns001.G.segs.xml#id(Bns001.segment.434)..id(Bns001.segment.437)"/>
      <nite:child href="Bns001.D.segs.xml#id(Bns001.segment.438)..id(Bns001.segment.440)"/>
      <nite:child href="Bns001.G.segs.xml#id(Bns001.segment.439)"/>
      <nite:child href="Bns001.B.segs.xml#id(Bns001.segment.442)"/>
      <nite:child href="Bns001.D.segs.xml#id(Bns001.segment.441)"/>
      <nite:child href="Bns001.G.segs.xml#id(Bns001.segment.443)"/>
      <nite:child href="Bns001.E.segs.xml#id(Bns001.segment.444)..id(Bns001.segment.445)"/>
      <nite:child href="Bns001.D.segs.xml#id(Bns001.segment.446)..id(Bns001.segment.448)"/>
      <nite:child href="Bns001.E.segs.xml#id(Bns001.segment.450)"/>
      <nite:child href="Bns001.D.segs.xml#id(Bns001.segment.449)"/>
      <nite:child href="Bns001.G.segs.xml#id(Bns001.segment.451)"/>
      <nite:child href="Bns001.B.segs.xml#id(Bns001.segment.452)"/>
      <nite:child href="Bns001.D.segs.xml#id(Bns001.segment.453)"/>
      <nite:child href="Bns001.E.segs.xml#id(Bns001.segment.454)"/>
      <nite:child href="Bns001.D.segs.xml#id(Bns001.segment.456)"/>
      <nite:child href="Bns001.E.segs.xml#id(Bns001.segment.455)"/>
      <nite:child href="Bns001.D.segs.xml#id(Bns001.segment.457)"/>
      <nite:child href="Bns001.E.segs.xml#id(Bns001.segment.458)"/>
      <nite:child href="Bns001.G.segs.xml#id(Bns001.segment.459)"/>
      <nite:child href="Bns001.D.segs.xml#id(Bns001.segment.460)..id(Bns001.segment.462)"/>
      <nite:child href="Bns001.G.segs.xml#id(Bns001.segment.463)"/>
      <nite:child href="Bns001.E.segs.xml#id(Bns001.segment.464)"/>
      <nite:child href="Bns001.G.segs.xml#id(Bns001.segment.465)..id(Bns001.segment.467)"/>
      <nite:child href="Bns001.E.segs.xml#id(Bns001.segment.468)..id(Bns001.segment.471)"/>
      <nite:child href="Bns001.B.segs.xml#id(Bns001.segment.469)"/>
      <nite:child href="Bns001.G.segs.xml#id(Bns001.segment.470)"/>
      <nite:child href="Bns001.E.segs.xml#id(Bns001.segment.472)"/>
      <nite:child href="Bns001.G.segs.xml#id(Bns001.segment.473)"/>
      <nite:child href="Bns001.D.segs.xml#id(Bns001.segment.474)..id(Bns001.segment.476)"/>
   </topic>
   <topic nite:id="Bns001.topic.6" description="selecting a research project proposal">
      <nite:child href="Bns001.D.segs.xml#id(Bns001.segment.477)..id(Bns001.segment.482)"/>
      <nite:child href="Bns001.E.segs.xml#id(Bns001.segment.483)"/>
      <nite:child href="Bns001.D.segs.xml#id(Bns001.segment.484)"/>
      <nite:child href="Bns001.E.segs.xml#id(Bns001.segment.485)"/>
      <nite:child href="Bns001.G.segs.xml#id(Bns001.segment.486)"/>
      <nite:child href="Bns001.D.segs.xml#id(Bns001.segment.487)..id(Bns001.segment.536)"/>
      <nite:child href="Bns001.C.segs.xml#id(Bns001.segment.537)"/>
      <nite:child href="Bns001.D.segs.xml#id(Bns001.segment.538)"/>
      <nite:child href="Bns001.C.segs.xml#id(Bns001.segment.539)..id(Bns001.segment.540)"/>
      <nite:child href="Bns001.D.segs.xml#id(Bns001.segment.541)..id(Bns001.segment.545)"/>
      <nite:child href="Bns001.C.segs.xml#id(Bns001.segment.546)"/>
      <nite:child href="Bns001.D.segs.xml#id(Bns001.segment.547)..id(Bns001.segment.576)"/>
      <nite:child href="Bns001.E.segs.xml#id(Bns001.segment.577)"/>
      <nite:child href="Bns001.D.segs.xml#id(Bns001.segment.578)..id(Bns001.segment.596)"/>
      <topic nite:id="Bns001.topic.7" description="seamless WaveLAN to UMTS handovers">
         <nite:child href="Bns001.C.segs.xml#id(Bns001.segment.597)..id(Bns001.segment.598)"/>
         <nite:child href="Bns001.D.segs.xml#id(Bns001.segment.599)"/>
         <nite:child href="Bns001.C.segs.xml#id(Bns001.segment.600)..id(Bns001.segment.613)"/>
         <nite:child href="Bns001.B.segs.xml#id(Bns001.segment.614)"/>
         <nite:child href="Bns001.C.segs.xml#id(Bns001.segment.615)..id(Bns001.segment.625)"/>
         <nite:child href="Bns001.B.segs.xml#id(Bns001.segment.626)"/>
         <nite:child href="Bns001.C.segs.xml#id(Bns001.segment.627)..id(Bns001.segment.634)"/>
         <nite:child href="Bns001.D.segs.xml#id(Bns001.segment.635)"/>
         <nite:child href="Bns001.B.segs.xml#id(Bns001.segment.636)"/>
         <nite:child href="Bns001.C.segs.xml#id(Bns001.segment.637)..id(Bns001.segment.640)"/>
         <nite:child href="Bns001.D.segs.xml#id(Bns001.segment.641)"/>
         <nite:child href="Bns001.C.segs.xml#id(Bns001.segment.642)..id(Bns001.segment.644)"/>
         <nite:child href="Bns001.B.segs.xml#id(Bns001.segment.645)..id(Bns001.segment.650)"/>
         <nite:child href="Bns001.C.segs.xml#id(Bns001.segment.651)"/>
         <nite:child href="Bns001.B.segs.xml#id(Bns001.segment.652)..id(Bns001.segment.656)"/>
         <nite:child href="Bns001.C.segs.xml#id(Bns001.segment.658)"/>
         <nite:child href="Bns001.B.segs.xml#id(Bns001.segment.657)..id(Bns001.segment.659)"/>
         <nite:child href="Bns001.C.segs.xml#id(Bns001.segment.660)..id(Bns001.segment.662)"/>
         <nite:child href="Bns001.B.segs.xml#id(Bns001.segment.663)"/>
         <nite:child href="Bns001.C.segs.xml#id(Bns001.segment.664)..id(Bns001.segment.667)"/>
         <nite:child href="Bns001.B.segs.xml#id(Bns001.segment.668)..id(Bns001.segment.669)"/>
         <nite:child href="Bns001.C.segs.xml#id(Bns001.segment.670)"/>
         <nite:child href="Bns001.B.segs.xml#id(Bns001.segment.671)"/>
         <nite:child href="Bns001.D.segs.xml#id(Bns001.segment.672)..id(Bns001.segment.674)"/>
         <nite:child href="Bns001.C.segs.xml#id(Bns001.segment.675)"/>
         <nite:child href="Bns001.D.segs.xml#id(Bns001.segment.676)..id(Bns001.segment.686)"/>
         <nite:child href="Bns001.C.segs.xml#id(Bns001.segment.687)"/>
         <nite:child href="Bns001.D.segs.xml#id(Bns001.segment.688)..id(Bns001.segment.689)"/>
         <nite:child href="Bns001.C.segs.xml#id(Bns001.segment.690)"/>
         <nite:child href="Bns001.D.segs.xml#id(Bns001.segment.691)..id(Bns001.segment.694)"/>
         <nite:child href="Bns001.C.segs.xml#id(Bns001.segment.695)..id(Bns001.segment.696)"/>
         <nite:child href="Bns001.D.segs.xml#id(Bns001.segment.697)"/>
         <nite:child href="Bns001.C.segs.xml#id(Bns001.segment.698)..id(Bns001.segment.699)"/>
         <nite:child href="Bns001.A.segs.xml#id(Bns001.segment.700)"/>
         <nite:child href="Bns001.C.segs.xml#id(Bns001.segment.701)..id(Bns001.segment.708)"/>
         <nite:child href="Bns001.D.segs.xml#id(Bns001.segment.709)"/>
         <nite:child href="Bns001.B.segs.xml#id(Bns001.segment.710)"/>
         <nite:child href="Bns001.D.segs.xml#id(Bns001.segment.711)"/>
         <nite:child href="Bns001.B.segs.xml#id(Bns001.segment.712)..id(Bns001.segment.735)"/>
         <nite:child href="Bns001.D.segs.xml#id(Bns001.segment.736)"/>
         <nite:child href="Bns001.B.segs.xml#id(Bns001.segment.737)..id(Bns001.segment.757)"/>
         <nite:child href="Bns001.A.segs.xml#id(Bns001.segment.758)"/>
         <nite:child href="Bns001.D.segs.xml#id(Bns001.segment.759)..id(Bns001.segment.780)"/>
         <nite:child href="Bns001.C.segs.xml#id(Bns001.segment.781)"/>
         <nite:child href="Bns001.D.segs.xml#id(Bns001.segment.782)..id(Bns001.segment.784)"/>
         <nite:child href="Bns001.C.segs.xml#id(Bns001.segment.785)"/>
         <nite:child href="Bns001.D.segs.xml#id(Bns001.segment.786)..id(Bns001.segment.790)"/>
         <nite:child href="Bns001.C.segs.xml#id(Bns001.segment.791)..id(Bns001.segment.792)"/>
         <nite:child href="Bns001.D.segs.xml#id(Bns001.segment.794)"/>
         <nite:child href="Bns001.C.segs.xml#id(Bns001.segment.793)..id(Bns001.segment.798)"/>
         <nite:child href="Bns001.A.segs.xml#id(Bns001.segment.799)"/>
         <nite:child href="Bns001.D.segs.xml#id(Bns001.segment.800)..id(Bns001.segment.804)"/>
         <nite:child href="Bns001.C.segs.xml#id(Bns001.segment.805)"/>
         <nite:child href="Bns001.D.segs.xml#id(Bns001.segment.806)..id(Bns001.segment.807)"/>
         <nite:child href="Bns001.C.segs.xml#id(Bns001.segment.808)"/>
         <nite:child href="Bns001.D.segs.xml#id(Bns001.segment.809)..id(Bns001.segment.811)"/>
         <nite:child href="Bns001.C.segs.xml#id(Bns001.segment.812)"/>
         <nite:child href="Bns001.D.segs.xml#id(Bns001.segment.813)..id(Bns001.segment.817)"/>
         <nite:child href="Bns001.B.segs.xml#id(Bns001.segment.818)"/>
         <nite:child href="Bns001.D.segs.xml#id(Bns001.segment.819)..id(Bns001.segment.863)"/>
         <nite:child href="Bns001.C.segs.xml#id(Bns001.segment.864)"/>
         <nite:child href="Bns001.D.segs.xml#id(Bns001.segment.865)..id(Bns001.segment.867)"/>
         <nite:child href="Bns001.B.segs.xml#id(Bns001.segment.868)"/>
         <nite:child href="Bns001.D.segs.xml#id(Bns001.segment.869)..id(Bns001.segment.870)"/>
         <nite:child href="Bns001.C.segs.xml#id(Bns001.segment.871)..id(Bns001.segment.875)"/>
         <nite:child href="Bns001.B.segs.xml#id(Bns001.segment.876)"/>
         <nite:child href="Bns001.C.segs.xml#id(Bns001.segment.877)"/>
         <nite:child href="Bns001.B.segs.xml#id(Bns001.segment.878)..id(Bns001.segment.892)"/>
         <nite:child href="Bns001.D.segs.xml#id(Bns001.segment.893)"/>
         <nite:child href="Bns001.A.segs.xml#id(Bns001.segment.894)"/>
         <nite:child href="Bns001.D.segs.xml#id(Bns001.segment.895)"/>
         <nite:child href="Bns001.B.segs.xml#id(Bns001.segment.896)..id(Bns001.segment.897)"/>
         <nite:child href="Bns001.D.segs.xml#id(Bns001.segment.898)"/>
         <nite:child href="Bns001.A.segs.xml#id(Bns001.segment.900)"/>
         <nite:child href="Bns001.D.segs.xml#id(Bns001.segment.899)"/>
         <nite:child href="Bns001.A.segs.xml#id(Bns001.segment.901)"/>
         <nite:child href="Bns001.D.segs.xml#id(Bns001.segment.902)"/>
         <nite:child href="Bns001.A.segs.xml#id(Bns001.segment.903)..id(Bns001.segment.904)"/>
         <nite:child href="Bns001.D.segs.xml#id(Bns001.segment.905)"/>
         <nite:child href="Bns001.A.segs.xml#id(Bns001.segment.906)..id(Bns001.segment.916)"/>
         <nite:child href="Bns001.D.segs.xml#id(Bns001.segment.917)..id(Bns001.segment.918)"/>
         <nite:child href="Bns001.A.segs.xml#id(Bns001.segment.919)..id(Bns001.segment.920)"/>
         <nite:child href="Bns001.B.segs.xml#id(Bns001.segment.921)..id(Bns001.segment.923)"/>
         <nite:child href="Bns001.A.segs.xml#id(Bns001.segment.924)"/>
         <nite:child href="Bns001.B.segs.xml#id(Bns001.segment.925)"/>
         <nite:child href="Bns001.A.segs.xml#id(Bns001.segment.926)"/>
         <nite:child href="Bns001.B.segs.xml#id(Bns001.segment.927)"/>
         <nite:child href="Bns001.A.segs.xml#id(Bns001.segment.928)"/>
         <nite:child href="Bns001.B.segs.xml#id(Bns001.segment.929)"/>
         <nite:child href="Bns001.A.segs.xml#id(Bns001.segment.930)..id(Bns001.segment.931)"/>
         <nite:child href="Bns001.B.segs.xml#id(Bns001.segment.932)"/>
         <nite:child href="Bns001.A.segs.xml#id(Bns001.segment.933)..id(Bns001.segment.940)"/>
         <nite:child href="Bns001.B.segs.xml#id(Bns001.segment.941)..id(Bns001.segment.942)"/>
         <nite:child href="Bns001.A.segs.xml#id(Bns001.segment.943)"/>
         <nite:child href="Bns001.B.segs.xml#id(Bns001.segment.944)..id(Bns001.segment.945)"/>
         <nite:child href="Bns001.A.segs.xml#id(Bns001.segment.946)..id(Bns001.segment.947)"/>
         <nite:child href="Bns001.B.segs.xml#id(Bns001.segment.948)..id(Bns001.segment.951)"/>
         <nite:child href="Bns001.A.segs.xml#id(Bns001.segment.952)"/>
         <nite:child href="Bns001.B.segs.xml#id(Bns001.segment.953)"/>
         <nite:child href="Bns001.A.segs.xml#id(Bns001.segment.954)..id(Bns001.segment.955)"/>
         <nite:child href="Bns001.B.segs.xml#id(Bns001.segment.956)..id(Bns001.segment.963)"/>
         <nite:child href="Bns001.D.segs.xml#id(Bns001.segment.966)"/>
         <nite:child href="Bns001.B.segs.xml#id(Bns001.segment.968)"/>
         <nite:child href="Bns001.A.segs.xml#id(Bns001.segment.967)"/>
         <nite:child href="Bns001.G.segs.xml#id(Bns001.segment.970)..id(Bns001.segment.973)"/>
         <nite:child href="Bns001.A.segs.xml#id(Bns001.segment.974)"/>
         <nite:child href="Bns001.D.segs.xml#id(Bns001.segment.975)"/>
         <nite:child href="Bns001.B.segs.xml#id(Bns001.segment.976)"/>
         <nite:child href="Bns001.D.segs.xml#id(Bns001.segment.977)"/>
         <nite:child href="Bns001.E.segs.xml#id(Bns001.segment.978)"/>
         <nite:child href="Bns001.C.segs.xml#id(Bns001.segment.979)..id(Bns001.segment.980)"/>
         <nite:child href="Bns001.D.segs.xml#id(Bns001.segment.981)"/>
         <nite:child href="Bns001.C.segs.xml#id(Bns001.segment.982)"/>
         <nite:child href="Bns001.D.segs.xml#id(Bns001.segment.983)..id(Bns001.segment.984)"/>
         <nite:child href="Bns001.C.segs.xml#id(Bns001.segment.985)..id(Bns001.segment.986)"/>
         <nite:child href="Bns001.D.segs.xml#id(Bns001.segment.987)"/>
         <nite:child href="Bns001.C.segs.xml#id(Bns001.segment.988)..id(Bns001.segment.996)"/>
         <topic nite:id="Bns001.topic.8" description="related projects">
            <nite:child href="Bns001.B.segs.xml#id(Bns001.segment.997)"/>
            <nite:child href="Bns001.D.segs.xml#id(Bns001.segment.998)"/>
            <nite:child href="Bns001.C.segs.xml#id(Bns001.segment.999)"/>
            <nite:child href="Bns001.B.segs.xml#id(Bns001.segment.1,000)"/>
            <nite:child href="Bns001.D.segs.xml#id(Bns001.segment.1,001)"/>
            <nite:child href="Bns001.B.segs.xml#id(Bns001.segment.1,002)"/>
            <nite:child href="Bns001.D.segs.xml#id(Bns001.segment.1,003)..id(Bns001.segment.1,004)"/>
            <nite:child href="Bns001.C.segs.xml#id(Bns001.segment.1,005)"/>
            <nite:child href="Bns001.B.segs.xml#id(Bns001.segment.1,006)"/>
            <nite:child href="Bns001.C.segs.xml#id(Bns001.segment.1,007)"/>
            <nite:child href="Bns001.B.segs.xml#id(Bns001.segment.1,008)"/>
            <nite:child href="Bns001.A.segs.xml#id(Bns001.segment.1,009)"/>
            <nite:child href="Bns001.C.segs.xml#id(Bns001.segment.1,010)"/>
            <nite:child href="Bns001.B.segs.xml#id(Bns001.segment.1,011)..id(Bns001.segment.1,012)"/>
            <nite:child href="Bns001.C.segs.xml#id(Bns001.segment.1,013)"/>
            <nite:child href="Bns001.B.segs.xml#id(Bns001.segment.1,014)..id(Bns001.segment.1,016)"/>
            <nite:child href="Bns001.C.segs.xml#id(Bns001.segment.1,017)"/>
            <nite:child href="Bns001.B.segs.xml#id(Bns001.segment.1,018)..id(Bns001.segment.1,019)"/>
            <nite:child href="Bns001.C.segs.xml#id(Bns001.segment.1,020)..id(Bns001.segment.1,021)"/>
            <nite:child href="Bns001.B.segs.xml#id(Bns001.segment.1,022)..id(Bns001.segment.1,030)"/>
            <nite:child href="Bns001.C.segs.xml#id(Bns001.segment.1,031)"/>
            <nite:child href="Bns001.B.segs.xml#id(Bns001.segment.1,032)..id(Bns001.segment.1,042)"/>
            <nite:child href="Bns001.G.segs.xml#id(Bns001.segment.1,043)"/>
            <nite:child href="Bns001.B.segs.xml#id(Bns001.segment.1,044)..id(Bns001.segment.1,048)"/>
            <nite:child href="Bns001.D.segs.xml#id(Bns001.segment.1,049)"/>
            <nite:child href="Bns001.B.segs.xml#id(Bns001.segment.1,050)"/>
            <nite:child href="Bns001.D.segs.xml#id(Bns001.segment.1,051)..id(Bns001.segment.1,053)"/>
            <nite:child href="Bns001.B.segs.xml#id(Bns001.segment.1,054)..id(Bns001.segment.1,065)"/>
            <nite:child href="Bns001.C.segs.xml#id(Bns001.segment.1,066)"/>
            <nite:child href="Bns001.B.segs.xml#id(Bns001.segment.1,067)"/>
            <nite:child href="Bns001.C.segs.xml#id(Bns001.segment.1,068)"/>
            <nite:child href="Bns001.B.segs.xml#id(Bns001.segment.1,069)"/>
            <nite:child href="Bns001.C.segs.xml#id(Bns001.segment.1,070)"/>
            <nite:child href="Bns001.B.segs.xml#id(Bns001.segment.1,071)"/>
            <nite:child href="Bns001.D.segs.xml#id(Bns001.segment.1,072)"/>
            <nite:child href="Bns001.E.segs.xml#id(Bns001.segment.1,073)"/>
            <nite:child href="Bns001.B.segs.xml#id(Bns001.segment.1,074)"/>
            <nite:child href="Bns001.D.segs.xml#id(Bns001.segment.1,075)"/>
            <nite:child href="Bns001.C.segs.xml#id(Bns001.segment.1,076)"/>
            <nite:child href="Bns001.D.segs.xml#id(Bns001.segment.1,077)"/>
            <nite:child href="Bns001.G.segs.xml#id(Bns001.segment.1,078)"/>
            <nite:child href="Bns001.B.segs.xml#id(Bns001.segment.1,079)"/>
            <nite:child href="Bns001.C.segs.xml#id(Bns001.segment.1,080)"/>
            <nite:child href="Bns001.B.segs.xml#id(Bns001.segment.1,081)..id(Bns001.segment.1,086)"/>
            <nite:child href="Bns001.C.segs.xml#id(Bns001.segment.1,088)"/>
            <nite:child href="Bns001.B.segs.xml#id(Bns001.segment.1,087)..id(Bns001.segment.1,090)"/>
            <nite:child href="Bns001.C.segs.xml#id(Bns001.segment.1,091)"/>
            <nite:child href="Bns001.B.segs.xml#id(Bns001.segment.1,092)"/>
            <nite:child href="Bns001.C.segs.xml#id(Bns001.segment.1,093)"/>
            <nite:child href="Bns001.D.segs.xml#id(Bns001.segment.1,094)..id(Bns001.segment.1,096)"/>
            <nite:child href="Bns001.B.segs.xml#id(Bns001.segment.1,097)..id(Bns001.segment.1,098)"/>
            <nite:child href="Bns001.D.segs.xml#id(Bns001.segment.1,099)..id(Bns001.segment.1,102)"/>
            <nite:child href="Bns001.C.segs.xml#id(Bns001.segment.1,104)"/>
            <nite:child href="Bns001.D.segs.xml#id(Bns001.segment.1,103)..id(Bns001.segment.1,106)"/>
            <nite:child href="Bns001.E.segs.xml#id(Bns001.segment.1,107)"/>
            <nite:child href="Bns001.D.segs.xml#id(Bns001.segment.1,108)"/>
            <nite:child href="Bns001.B.segs.xml#id(Bns001.segment.1,109)..id(Bns001.segment.1,110)"/>
            <nite:child href="Bns001.E.segs.xml#id(Bns001.segment.1,111)"/>
            <nite:child href="Bns001.D.segs.xml#id(Bns001.segment.1,112)"/>
            <nite:child href="Bns001.C.segs.xml#id(Bns001.segment.1,113)"/>
            <nite:child href="Bns001.B.segs.xml#id(Bns001.segment.1,114)..id(Bns001.segment.1,117)"/>
            <nite:child href="Bns001.C.segs.xml#id(Bns001.segment.1,118)"/>
            <nite:child href="Bns001.B.segs.xml#id(Bns001.segment.1,120)"/>
            <nite:child href="Bns001.C.segs.xml#id(Bns001.segment.1,119)"/>
            <nite:child href="Bns001.B.segs.xml#id(Bns001.segment.1,121)"/>
            <nite:child href="Bns001.C.segs.xml#id(Bns001.segment.1,122)"/>
            <nite:child href="Bns001.D.segs.xml#id(Bns001.segment.1,123)..id(Bns001.segment.1,125)"/>
            <nite:child href="Bns001.C.segs.xml#id(Bns001.segment.1,124)"/>
            <nite:child href="Bns001.D.segs.xml#id(Bns001.segment.1,126)"/>
            <nite:child href="Bns001.C.segs.xml#id(Bns001.segment.1,127)"/>
            <nite:child href="Bns001.D.segs.xml#id(Bns001.segment.1,128)"/>
            <nite:child href="Bns001.C.segs.xml#id(Bns001.segment.1,129)"/>
            <nite:child href="Bns001.D.segs.xml#id(Bns001.segment.1,130)"/>
            <nite:child href="Bns001.B.segs.xml#id(Bns001.segment.1,131)"/>
            <nite:child href="Bns001.C.segs.xml#id(Bns001.segment.1,132)..id(Bns001.segment.1,134)"/>
            <nite:child href="Bns001.B.segs.xml#id(Bns001.segment.1,135)"/>
            <nite:child href="Bns001.C.segs.xml#id(Bns001.segment.1,136)"/>
         </topic>
         <nite:child href="Bns001.D.segs.xml#id(Bns001.segment.1,137)..id(Bns001.segment.1,139)"/>
         <nite:child href="Bns001.B.segs.xml#id(Bns001.segment.1,140)"/>
         <nite:child href="Bns001.D.segs.xml#id(Bns001.segment.1,141)..id(Bns001.segment.1,152)"/>
         <nite:child href="Bns001.B.segs.xml#id(Bns001.segment.1,153)"/>
         <nite:child href="Bns001.D.segs.xml#id(Bns001.segment.1,154)..id(Bns001.segment.1,164)"/>
         <topic nite:id="Bns001.topic.9" description="UMTS">
            <nite:child href="Bns001.D.segs.xml#id(Bns001.segment.1,165)..id(Bns001.segment.1,172)"/>
            <nite:child href="Bns001.B.segs.xml#id(Bns001.segment.1,173)"/>
            <nite:child href="Bns001.D.segs.xml#id(Bns001.segment.1,174)..id(Bns001.segment.1,181)"/>
            <nite:child href="Bns001.B.segs.xml#id(Bns001.segment.1,182)"/>
            <nite:child href="Bns001.D.segs.xml#id(Bns001.segment.1,183)"/>
            <nite:child href="Bns001.B.segs.xml#id(Bns001.segment.1,184)"/>
            <nite:child href="Bns001.D.segs.xml#id(Bns001.segment.1,185)"/>
            <nite:child href="Bns001.B.segs.xml#id(Bns001.segment.1,186)"/>
            <nite:child href="Bns001.D.segs.xml#id(Bns001.segment.1,187)"/>
            <nite:child href="Bns001.B.segs.xml#id(Bns001.segment.1,188)..id(Bns001.segment.1,195)"/>
            <nite:child href="Bns001.D.segs.xml#id(Bns001.segment.1,196)"/>
            <nite:child href="Bns001.B.segs.xml#id(Bns001.segment.1,197)"/>
            <nite:child href="Bns001.D.segs.xml#id(Bns001.segment.1,198)..id(Bns001.segment.1,200)"/>
            <nite:child href="Bns001.B.segs.xml#id(Bns001.segment.1,201)"/>
            <nite:child href="Bns001.D.segs.xml#id(Bns001.segment.1,202)"/>
            <nite:child href="Bns001.B.segs.xml#id(Bns001.segment.1,203)"/>
            <nite:child href="Bns001.D.segs.xml#id(Bns001.segment.1,204)..id(Bns001.segment.1,211)"/>
            <nite:child href="Bns001.B.segs.xml#id(Bns001.segment.1,212)"/>
            <nite:child href="Bns001.D.segs.xml#id(Bns001.segment.1,213)"/>
            <nite:child href="Bns001.B.segs.xml#id(Bns001.segment.1,215)"/>
            <nite:child href="Bns001.D.segs.xml#id(Bns001.segment.1,214)"/>
            <nite:child href="Bns001.B.segs.xml#id(Bns001.segment.1,216)..id(Bns001.segment.1,229)"/>
            <nite:child href="Bns001.D.segs.xml#id(Bns001.segment.1,230)"/>
            <nite:child href="Bns001.B.segs.xml#id(Bns001.segment.1,231)..id(Bns001.segment.1,232)"/>
            <nite:child href="Bns001.D.segs.xml#id(Bns001.segment.1,233)..id(Bns001.segment.1,234)"/>
            <nite:child href="Bns001.B.segs.xml#id(Bns001.segment.1,235)"/>
            <nite:child href="Bns001.D.segs.xml#id(Bns001.segment.1,236)"/>
            <nite:child href="Bns001.B.segs.xml#id(Bns001.segment.1,237)"/>
            <nite:child href="Bns001.D.segs.xml#id(Bns001.segment.1,238)..id(Bns001.segment.1,239)"/>
            <nite:child href="Bns001.B.segs.xml#id(Bns001.segment.1,240)..id(Bns001.segment.1,268)"/>
            <nite:child href="Bns001.D.segs.xml#id(Bns001.segment.1,269)..id(Bns001.segment.1,273)"/>
            <nite:child href="Bns001.B.segs.xml#id(Bns001.segment.1,274)"/>
            <nite:child href="Bns001.D.segs.xml#id(Bns001.segment.1,275)..id(Bns001.segment.1,280)"/>
            <nite:child href="Bns001.B.segs.xml#id(Bns001.segment.1,281)..id(Bns001.segment.1,282)"/>
            <nite:child href="Bns001.D.segs.xml#id(Bns001.segment.1,283)"/>
            <nite:child href="Bns001.B.segs.xml#id(Bns001.segment.1,284)..id(Bns001.segment.1,306)"/>
            <nite:child href="Bns001.D.segs.xml#id(Bns001.segment.1,307)..id(Bns001.segment.1,308)"/>
            <nite:child href="Bns001.B.segs.xml#id(Bns001.segment.1,309)"/>
            <nite:child href="Bns001.D.segs.xml#id(Bns001.segment.1,310)"/>
            <nite:child href="Bns001.B.segs.xml#id(Bns001.segment.1,311)"/>
            <nite:child href="Bns001.D.segs.xml#id(Bns001.segment.1,312)..id(Bns001.segment.1,313)"/>
            <nite:child href="Bns001.B.segs.xml#id(Bns001.segment.1,314)..id(Bns001.segment.1,317)"/>
            <nite:child href="Bns001.E.segs.xml#id(Bns001.segment.1,318)..id(Bns001.segment.1,319)"/>
            <nite:child href="Bns001.B.segs.xml#id(Bns001.segment.1,320)..id(Bns001.segment.1,322)"/>
            <nite:child href="Bns001.D.segs.xml#id(Bns001.segment.1,323)..id(Bns001.segment.1,329)"/>
            <nite:child href="Bns001.B.segs.xml#id(Bns001.segment.1,330)"/>
            <nite:child href="Bns001.D.segs.xml#id(Bns001.segment.1,331)..id(Bns001.segment.1,339)"/>
            <nite:child href="Bns001.B.segs.xml#id(Bns001.segment.1,340)"/>
            <nite:child href="Bns001.D.segs.xml#id(Bns001.segment.1,341)..id(Bns001.segment.1,344)"/>
            <nite:child href="Bns001.C.segs.xml#id(Bns001.segment.1,345)"/>
            <nite:child href="Bns001.D.segs.xml#id(Bns001.segment.1,346)..id(Bns001.segment.1,352)"/>
            <nite:child href="Bns001.B.segs.xml#id(Bns001.segment.1,353)"/>
            <nite:child href="Bns001.D.segs.xml#id(Bns001.segment.1,354)"/>
            <nite:child href="Bns001.B.segs.xml#id(Bns001.segment.1,355)"/>
            <nite:child href="Bns001.D.segs.xml#id(Bns001.segment.1,356)..id(Bns001.segment.1,377)"/>
         </topic>
         <topic nite:id="Bns001.topic.10" description="session management">
            <nite:child href="Bns001.C.segs.xml#id(Bns001.segment.1,378)"/>
            <nite:child href="Bns001.D.segs.xml#id(Bns001.segment.1,379)"/>
            <nite:child href="Bns001.C.segs.xml#id(Bns001.segment.1,380)..id(Bns001.segment.1,421)"/>
            <nite:child href="Bns001.D.segs.xml#id(Bns001.segment.1,422)..id(Bns001.segment.1,424)"/>
            <nite:child href="Bns001.C.segs.xml#id(Bns001.segment.1,425)"/>
            <nite:child href="Bns001.D.segs.xml#id(Bns001.segment.1,426)"/>
            <nite:child href="Bns001.C.segs.xml#id(Bns001.segment.1,428)"/>
            <nite:child href="Bns001.D.segs.xml#id(Bns001.segment.1,427)..id(Bns001.segment.1,429)"/>
         </topic>
         <topic nite:id="Bns001.topic.11" description="defining network applications">
            <nite:child href="Bns001.C.segs.xml#id(Bns001.segment.1,430)..id(Bns001.segment.1,444)"/>
            <nite:child href="Bns001.D.segs.xml#id(Bns001.segment.1,445)..id(Bns001.segment.1,450)"/>
            <nite:child href="Bns001.C.segs.xml#id(Bns001.segment.1,451)"/>
            <nite:child href="Bns001.D.segs.xml#id(Bns001.segment.1,452)"/>
            <nite:child href="Bns001.C.segs.xml#id(Bns001.segment.1,453)..id(Bns001.segment.1,454)"/>
            <nite:child href="Bns001.D.segs.xml#id(Bns001.segment.1,455)..id(Bns001.segment.1,458)"/>
            <nite:child href="Bns001.C.segs.xml#id(Bns001.segment.1,459)"/>
            <nite:child href="Bns001.D.segs.xml#id(Bns001.segment.1,460)"/>
            <nite:child href="Bns001.E.segs.xml#id(Bns001.segment.1,461)"/>
            <nite:child href="Bns001.D.segs.xml#id(Bns001.segment.1,462)..id(Bns001.segment.1,464)"/>
            <nite:child href="Bns001.C.segs.xml#id(Bns001.segment.1,465)"/>
            <nite:child href="Bns001.D.segs.xml#id(Bns001.segment.1,466)..id(Bns001.segment.1,472)"/>
         </topic>
      </topic>
      <nite:child href="Bns001.D.segs.xml#id(Bns001.segment.1,473)..id(Bns001.segment.1,509)"/>
      <nite:child href="Bns001.E.segs.xml#id(Bns001.segment.1,510)"/>
      <topic nite:id="Bns001.topic.12" description="selecting an alternate application">
         <nite:child href="Bns001.E.segs.xml#id(Bns001.segment.1,511)..id(Bns001.segment.1,520)"/>
         <nite:child href="Bns001.D.segs.xml#id(Bns001.segment.1,522)"/>
         <nite:child href="Bns001.E.segs.xml#id(Bns001.segment.1,521)"/>
         <nite:child href="Bns001.D.segs.xml#id(Bns001.segment.1,523)..id(Bns001.segment.1,542)"/>
         <nite:child href="Bns001.E.segs.xml#id(Bns001.segment.1,543)"/>
         <nite:child href="Bns001.D.segs.xml#id(Bns001.segment.1,544)..id(Bns001.segment.1,553)"/>
      </topic>
      <nite:child href="Bns001.D.segs.xml#id(Bns001.segment.1,554)..id(Bns001.segment.1,576)"/>
      <nite:child href="Bns001.C.segs.xml#id(Bns001.segment.1,577)"/>
      <nite:child href="Bns001.D.segs.xml#id(Bns001.segment.1,578)"/>
      <nite:child href="Bns001.C.segs.xml#id(Bns001.segment.1,579)"/>
      <nite:child href="Bns001.D.segs.xml#id(Bns001.segment.1,580)"/>
      <nite:child href="Bns001.C.segs.xml#id(Bns001.segment.1,581)..id(Bns001.segment.1,588)"/>
      <topic nite:id="Bns001.topic.13" description="KPN interests, mapping Multicast">
         <nite:child href="Bns001.D.segs.xml#id(Bns001.segment.1,589)..id(Bns001.segment.1,602)"/>
         <nite:child href="Bns001.C.segs.xml#id(Bns001.segment.1,603)"/>
         <nite:child href="Bns001.D.segs.xml#id(Bns001.segment.1,604)"/>
         <nite:child href="Bns001.B.segs.xml#id(Bns001.segment.1,606)"/>
         <nite:child href="Bns001.C.segs.xml#id(Bns001.segment.1,605)..id(Bns001.segment.1,616)"/>
         <nite:child href="Bns001.D.segs.xml#id(Bns001.segment.1,617)"/>
         <nite:child href="Bns001.C.segs.xml#id(Bns001.segment.1,618)..id(Bns001.segment.1,619)"/>
      </topic>
      <topic nite:id="Bns001.topic.14" description="UMTS availability, WAP">
         <nite:child href="Bns001.B.segs.xml#id(Bns001.segment.1,620)..id(Bns001.segment.1,659)"/>
         <nite:child href="Bns001.C.segs.xml#id(Bns001.segment.1,660)..id(Bns001.segment.1,664)"/>
         <nite:child href="Bns001.D.segs.xml#id(Bns001.segment.1,665)"/>
         <nite:child href="Bns001.C.segs.xml#id(Bns001.segment.1,666)"/>
         <nite:child href="Bns001.D.segs.xml#id(Bns001.segment.1,667)..id(Bns001.segment.1,668)"/>
         <nite:child href="Bns001.C.segs.xml#id(Bns001.segment.1,669)"/>
         <nite:child href="Bns001.D.segs.xml#id(Bns001.segment.1,670)..id(Bns001.segment.1,671)"/>
         <nite:child href="Bns001.C.segs.xml#id(Bns001.segment.1,672)"/>
         <nite:child href="Bns001.D.segs.xml#id(Bns001.segment.1,673)"/>
         <nite:child href="Bns001.C.segs.xml#id(Bns001.segment.1,675)"/>
         <nite:child href="Bns001.D.segs.xml#id(Bns001.segment.1,674)"/>
         <nite:child href="Bns001.C.segs.xml#id(Bns001.segment.1,676)..id(Bns001.segment.1,677)"/>
         <nite:child href="Bns001.D.segs.xml#id(Bns001.segment.1,678)"/>
         <nite:child href="Bns001.C.segs.xml#id(Bns001.segment.1,679)"/>
         <nite:child href="Bns001.B.segs.xml#id(Bns001.segment.1,680)"/>
         <nite:child href="Bns001.C.segs.xml#id(Bns001.segment.1,681)"/>
         <nite:child href="Bns001.B.segs.xml#id(Bns001.segment.1,682)"/>
         <nite:child href="Bns001.C.segs.xml#id(Bns001.segment.1,683)..id(Bns001.segment.1,693)"/>
         <nite:child href="Bns001.D.segs.xml#id(Bns001.segment.1,694)"/>
         <nite:child href="Bns001.C.segs.xml#id(Bns001.segment.1,695)..id(Bns001.segment.1,700)"/>
         <nite:child href="Bns001.D.segs.xml#id(Bns001.segment.1,701)..id(Bns001.segment.1,704)"/>
         <nite:child href="Bns001.C.segs.xml#id(Bns001.segment.1,705)"/>
         <nite:child href="Bns001.D.segs.xml#id(Bns001.segment.1,706)..id(Bns001.segment.1,708)"/>
         <nite:child href="Bns001.C.segs.xml#id(Bns001.segment.1,707)"/>
         <nite:child href="Bns001.D.segs.xml#id(Bns001.segment.1,709)..id(Bns001.segment.1,711)"/>
         <nite:child href="Bns001.B.segs.xml#id(Bns001.segment.1,712)"/>
         <nite:child href="Bns001.D.segs.xml#id(Bns001.segment.1,713)..id(Bns001.segment.1,714)"/>
         <nite:child href="Bns001.C.segs.xml#id(Bns001.segment.1,715)"/>
         <nite:child href="Bns001.D.segs.xml#id(Bns001.segment.1,716)..id(Bns001.segment.1,720)"/>
         <nite:child href="Bns001.C.segs.xml#id(Bns001.segment.1,721)"/>
         <nite:child href="Bns001.D.segs.xml#id(Bns001.segment.1,722)"/>
         <nite:child href="Bns001.C.segs.xml#id(Bns001.segment.1,723)"/>
         <nite:child href="Bns001.D.segs.xml#id(Bns001.segment.1,724)"/>
         <nite:child href="Bns001.C.segs.xml#id(Bns001.segment.1,726)"/>
         <nite:child href="Bns001.B.segs.xml#id(Bns001.segment.1,727)"/>
         <nite:child href="Bns001.D.segs.xml#id(Bns001.segment.1,725)..id(Bns001.segment.1,729)"/>
         <nite:child href="Bns001.C.segs.xml#id(Bns001.segment.1,730)"/>
         <nite:child href="Bns001.D.segs.xml#id(Bns001.segment.1,731)..id(Bns001.segment.1,732)"/>
         <nite:child href="Bns001.C.segs.xml#id(Bns001.segment.1,733)"/>
         <nite:child href="Bns001.B.segs.xml#id(Bns001.segment.1,734)"/>
         <nite:child href="Bns001.D.segs.xml#id(Bns001.segment.1,735)..id(Bns001.segment.1,738)"/>
         <nite:child href="Bns001.E.segs.xml#id(Bns001.segment.1,739)"/>
         <nite:child href="Bns001.D.segs.xml#id(Bns001.segment.1,740)"/>
         <nite:child href="Bns001.E.segs.xml#id(Bns001.segment.1,741)"/>
         <nite:child href="Bns001.D.segs.xml#id(Bns001.segment.1,743)"/>
         <nite:child href="Bns001.C.segs.xml#id(Bns001.segment.1,742)..id(Bns001.segment.1,744)"/>
         <nite:child href="Bns001.B.segs.xml#id(Bns001.segment.1,745)"/>
         <nite:child href="Bns001.A.segs.xml#id(Bns001.segment.1,746)"/>
         <nite:child href="Bns001.C.segs.xml#id(Bns001.segment.1,747)"/>
         <nite:child href="Bns001.E.segs.xml#id(Bns001.segment.1,748)"/>
         <nite:child href="Bns001.B.segs.xml#id(Bns001.segment.1,749)"/>
         <nite:child href="Bns001.C.segs.xml#id(Bns001.segment.1,750)"/>
         <nite:child href="Bns001.B.segs.xml#id(Bns001.segment.1,751)"/>
         <nite:child href="Bns001.D.segs.xml#id(Bns001.segment.1,752)..id(Bns001.segment.1,753)"/>
         <nite:child href="Bns001.C.segs.xml#id(Bns001.segment.1,754)..id(Bns001.segment.1,755)"/>
         <nite:child href="Bns001.B.segs.xml#id(Bns001.segment.1,756)"/>
         <nite:child href="Bns001.C.segs.xml#id(Bns001.segment.1,757)"/>
         <nite:child href="Bns001.B.segs.xml#id(Bns001.segment.1,758)..id(Bns001.segment.1,763)"/>
         <nite:child href="Bns001.C.segs.xml#id(Bns001.segment.1,764)..id(Bns001.segment.1,770)"/>
         <nite:child href="Bns001.B.segs.xml#id(Bns001.segment.1,771)"/>
         <nite:child href="Bns001.C.segs.xml#id(Bns001.segment.1,772)"/>
         <nite:child href="Bns001.D.segs.xml#id(Bns001.segment.1,773)"/>
         <nite:child href="Bns001.C.segs.xml#id(Bns001.segment.1,774)..id(Bns001.segment.1,775)"/>
         <nite:child href="Bns001.B.segs.xml#id(Bns001.segment.1,776)..id(Bns001.segment.1,777)"/>
         <nite:child href="Bns001.C.segs.xml#id(Bns001.segment.1,778)"/>
         <nite:child href="Bns001.A.segs.xml#id(Bns001.segment.1,779)"/>
         <nite:child href="Bns001.B.segs.xml#id(Bns001.segment.1,780)"/>
         <nite:child href="Bns001.A.segs.xml#id(Bns001.segment.1,781)..id(Bns001.segment.1,786)"/>
         <nite:child href="Bns001.C.segs.xml#id(Bns001.segment.1,787)"/>
         <nite:child href="Bns001.A.segs.xml#id(Bns001.segment.1,788)"/>
         <nite:child href="Bns001.D.segs.xml#id(Bns001.segment.1,789)"/>
         <nite:child href="Bns001.C.segs.xml#id(Bns001.segment.1,790)"/>
         <nite:child href="Bns001.D.segs.xml#id(Bns001.segment.1,791)..id(Bns001.segment.1,793)"/>
         <nite:child href="Bns001.C.segs.xml#id(Bns001.segment.1,794)"/>
         <nite:child href="Bns001.A.segs.xml#id(Bns001.segment.1,795)"/>
         <nite:child href="Bns001.C.segs.xml#id(Bns001.segment.1,796)..id(Bns001.segment.1,797)"/>
         <nite:child href="Bns001.A.segs.xml#id(Bns001.segment.1,798)"/>
         <nite:child href="Bns001.D.segs.xml#id(Bns001.segment.1,799)..id(Bns001.segment.1,800)"/>
      </topic>
      <topic nite:id="Bns001.topic.15" description="establishing a theoretical framework, integrating features">
         <nite:child href="Bns001.D.segs.xml#id(Bns001.segment.1,801)"/>
         <nite:child href="Bns001.C.segs.xml#id(Bns001.segment.1,802)"/>
         <nite:child href="Bns001.G.segs.xml#id(Bns001.segment.1,803)"/>
         <nite:child href="Bns001.D.segs.xml#id(Bns001.segment.1,804)..id(Bns001.segment.1,807)"/>
         <nite:child href="Bns001.G.segs.xml#id(Bns001.segment.1,808)..id(Bns001.segment.1,810)"/>
         <nite:child href="Bns001.D.segs.xml#id(Bns001.segment.1,811)"/>
         <nite:child href="Bns001.G.segs.xml#id(Bns001.segment.1,812)..id(Bns001.segment.1,815)"/>
         <nite:child href="Bns001.C.segs.xml#id(Bns001.segment.1,816)"/>
         <nite:child href="Bns001.D.segs.xml#id(Bns001.segment.1,817)"/>
         <nite:child href="Bns001.C.segs.xml#id(Bns001.segment.1,818)..id(Bns001.segment.1,827)"/>
         <nite:child href="Bns001.D.segs.xml#id(Bns001.segment.1,828)..id(Bns001.segment.1,830)"/>
         <nite:child href="Bns001.C.segs.xml#id(Bns001.segment.1,831)..id(Bns001.segment.1,832)"/>
         <nite:child href="Bns001.D.segs.xml#id(Bns001.segment.1,833)"/>
         <nite:child href="Bns001.C.segs.xml#id(Bns001.segment.1,834)..id(Bns001.segment.1,836)"/>
         <nite:child href="Bns001.D.segs.xml#id(Bns001.segment.1,837)"/>
         <nite:child href="Bns001.C.segs.xml#id(Bns001.segment.1,838)..id(Bns001.segment.1,839)"/>
         <nite:child href="Bns001.D.segs.xml#id(Bns001.segment.1,840)..id(Bns001.segment.1,843)"/>
         <nite:child href="Bns001.C.segs.xml#id(Bns001.segment.1,844)"/>
         <nite:child href="Bns001.A.segs.xml#id(Bns001.segment.1,845)..id(Bns001.segment.1,851)"/>
         <nite:child href="Bns001.D.segs.xml#id(Bns001.segment.1,852)"/>
         <nite:child href="Bns001.A.segs.xml#id(Bns001.segment.1,853)"/>
         <nite:child href="Bns001.D.segs.xml#id(Bns001.segment.1,854)"/>
         <nite:child href="Bns001.A.segs.xml#id(Bns001.segment.1,855)..id(Bns001.segment.1,856)"/>
         <nite:child href="Bns001.G.segs.xml#id(Bns001.segment.1,857)"/>
         <nite:child href="Bns001.A.segs.xml#id(Bns001.segment.1,858)"/>
         <nite:child href="Bns001.D.segs.xml#id(Bns001.segment.1,859)"/>
         <nite:child href="Bns001.A.segs.xml#id(Bns001.segment.1,860)..id(Bns001.segment.1,862)"/>
         <nite:child href="Bns001.D.segs.xml#id(Bns001.segment.1,861)"/>
         <nite:child href="Bns001.G.segs.xml#id(Bns001.segment.1,863)"/>
         <nite:child href="Bns001.A.segs.xml#id(Bns001.segment.1,864)"/>
         <nite:child href="Bns001.D.segs.xml#id(Bns001.segment.1,865)"/>
         <nite:child href="Bns001.G.segs.xml#id(Bns001.segment.1,866)"/>
         <nite:child href="Bns001.A.segs.xml#id(Bns001.segment.1,867)"/>
         <nite:child href="Bns001.G.segs.xml#id(Bns001.segment.1,868)..id(Bns001.segment.1,869)"/>
         <nite:child href="Bns001.D.segs.xml#id(Bns001.segment.1,870)"/>
         <nite:child href="Bns001.G.segs.xml#id(Bns001.segment.1,871)..id(Bns001.segment.1,872)"/>
         <nite:child href="Bns001.D.segs.xml#id(Bns001.segment.1,873)"/>
         <nite:child href="Bns001.G.segs.xml#id(Bns001.segment.1,874)"/>
         <nite:child href="Bns001.D.segs.xml#id(Bns001.segment.1,875)"/>
         <nite:child href="Bns001.G.segs.xml#id(Bns001.segment.1,876)"/>
         <nite:child href="Bns001.D.segs.xml#id(Bns001.segment.1,877)..id(Bns001.segment.1,879)"/>
         <nite:child href="Bns001.G.segs.xml#id(Bns001.segment.1,880)"/>
         <nite:child href="Bns001.D.segs.xml#id(Bns001.segment.1,881)"/>
         <nite:child href="Bns001.G.segs.xml#id(Bns001.segment.1,882)..id(Bns001.segment.1,887)"/>
         <nite:child href="Bns001.D.segs.xml#id(Bns001.segment.1,888)"/>
         <nite:child href="Bns001.G.segs.xml#id(Bns001.segment.1,889)"/>
         <nite:child href="Bns001.D.segs.xml#id(Bns001.segment.1,890)..id(Bns001.segment.1,921)"/>
         <nite:child href="Bns001.G.segs.xml#id(Bns001.segment.1,922)"/>
         <nite:child href="Bns001.D.segs.xml#id(Bns001.segment.1,923)"/>
         <nite:child href="Bns001.G.segs.xml#id(Bns001.segment.1,924)"/>
         <nite:child href="Bns001.D.segs.xml#id(Bns001.segment.1,925)..id(Bns001.segment.1,929)"/>
         <nite:child href="Bns001.G.segs.xml#id(Bns001.segment.1,928)"/>
         <nite:child href="Bns001.D.segs.xml#id(Bns001.segment.1,930)"/>
         <nite:child href="Bns001.G.segs.xml#id(Bns001.segment.1,931)"/>
         <nite:child href="Bns001.D.segs.xml#id(Bns001.segment.1,932)..id(Bns001.segment.1,935)"/>
         <nite:child href="Bns001.G.segs.xml#id(Bns001.segment.1,936)"/>
         <nite:child href="Bns001.D.segs.xml#id(Bns001.segment.1,937)..id(Bns001.segment.1,942)"/>
         <nite:child href="Bns001.G.segs.xml#id(Bns001.segment.1,943)"/>
         <nite:child href="Bns001.D.segs.xml#id(Bns001.segment.1,944)..id(Bns001.segment.1,963)"/>
         <nite:child href="Bns001.B.segs.xml#id(Bns001.segment.1,964)"/>
         <nite:child href="Bns001.D.segs.xml#id(Bns001.segment.1,965)..id(Bns001.segment.2,012)"/>
         <nite:child href="Bns001.B.segs.xml#id(Bns001.segment.2,013)..id(Bns001.segment.2,016)"/>
         <nite:child href="Bns001.D.segs.xml#id(Bns001.segment.2,017)"/>
         <nite:child href="Bns001.B.segs.xml#id(Bns001.segment.2,018)..id(Bns001.segment.2,028)"/>
         <nite:child href="Bns001.D.segs.xml#id(Bns001.segment.2,029)"/>
         <nite:child href="Bns001.C.segs.xml#id(Bns001.segment.2,030)..id(Bns001.segment.2,034)"/>
         <nite:child href="Bns001.D.segs.xml#id(Bns001.segment.2,035)"/>
         <nite:child href="Bns001.C.segs.xml#id(Bns001.segment.2,036)..id(Bns001.segment.2,044)"/>
         <nite:child href="Bns001.D.segs.xml#id(Bns001.segment.2,045)"/>
         <nite:child href="Bns001.A.segs.xml#id(Bns001.segment.2,048)"/>
         <nite:child href="Bns001.C.segs.xml#id(Bns001.segment.2,046)"/>
         <nite:child href="Bns001.D.segs.xml#id(Bns001.segment.2,047)"/>
         <nite:child href="Bns001.B.segs.xml#id(Bns001.segment.2,049)"/>
         <nite:child href="Bns001.G.segs.xml#id(Bns001.segment.2,050)"/>
         <nite:child href="Bns001.D.segs.xml#id(Bns001.segment.2,051)..id(Bns001.segment.2,052)"/>
         <nite:child href="Bns001.G.segs.xml#id(Bns001.segment.2,053)"/>
         <nite:child href="Bns001.A.segs.xml#id(Bns001.segment.2,054)"/>
         <nite:child href="Bns001.C.segs.xml#id(Bns001.segment.2,055)"/>
         <nite:child href="Bns001.A.segs.xml#id(Bns001.segment.2,056)"/>
         <nite:child href="Bns001.D.segs.xml#id(Bns001.segment.2,057)"/>
         <nite:child href="Bns001.A.segs.xml#id(Bns001.segment.2,058)"/>
         <nite:child href="Bns001.E.segs.xml#id(Bns001.segment.2,061)"/>
         <nite:child href="Bns001.D.segs.xml#id(Bns001.segment.2,059)"/>
         <nite:child href="Bns001.B.segs.xml#id(Bns001.segment.2,060)"/>
         <nite:child href="Bns001.A.segs.xml#id(Bns001.segment.2,062)"/>
         <nite:child href="Bns001.G.segs.xml#id(Bns001.segment.2,063)"/>
         <nite:child href="Bns001.A.segs.xml#id(Bns001.segment.2,064)"/>
         <nite:child href="Bns001.D.segs.xml#id(Bns001.segment.2,065)"/>
         <nite:child href="Bns001.A.segs.xml#id(Bns001.segment.2,066)..id(Bns001.segment.2,067)"/>
         <nite:child href="Bns001.D.segs.xml#id(Bns001.segment.2,068)"/>
         <nite:child href="Bns001.A.segs.xml#id(Bns001.segment.2,069)"/>
         <nite:child href="Bns001.D.segs.xml#id(Bns001.segment.2,070)..id(Bns001.segment.2,075)"/>
         <nite:child href="Bns001.A.segs.xml#id(Bns001.segment.2,076)"/>
         <nite:child href="Bns001.B.segs.xml#id(Bns001.segment.2,077)..id(Bns001.segment.2,079)"/>
         <nite:child href="Bns001.A.segs.xml#id(Bns001.segment.2,080)..id(Bns001.segment.2,081)"/>
         <nite:child href="Bns001.B.segs.xml#id(Bns001.segment.2,082)..id(Bns001.segment.2,114)"/>
         <nite:child href="Bns001.D.segs.xml#id(Bns001.segment.2,115)..id(Bns001.segment.2,119)"/>
         <nite:child href="Bns001.B.segs.xml#id(Bns001.segment.2,120)"/>
         <nite:child href="Bns001.D.segs.xml#id(Bns001.segment.2,121)..id(Bns001.segment.2,124)"/>
         <nite:child href="Bns001.B.segs.xml#id(Bns001.segment.2,125)"/>
         <nite:child href="Bns001.D.segs.xml#id(Bns001.segment.2,126)..id(Bns001.segment.2,128)"/>
         <nite:child href="Bns001.B.segs.xml#id(Bns001.segment.2,129)"/>
         <nite:child href="Bns001.D.segs.xml#id(Bns001.segment.2,130)..id(Bns001.segment.2,138)"/>
         <nite:child href="Bns001.B.segs.xml#id(Bns001.segment.2,139)"/>
         <nite:child href="Bns001.D.segs.xml#id(Bns001.segment.2,140)..id(Bns001.segment.2,151)"/>
         <nite:child href="Bns001.B.segs.xml#id(Bns001.segment.2,152)"/>
         <nite:child href="Bns001.D.segs.xml#id(Bns001.segment.2,153)..id(Bns001.segment.2,158)"/>
         <nite:child href="Bns001.B.segs.xml#id(Bns001.segment.2,159)"/>
         <nite:child href="Bns001.D.segs.xml#id(Bns001.segment.2,160)..id(Bns001.segment.2,164)"/>
         <nite:child href="Bns001.B.segs.xml#id(Bns001.segment.2,165)"/>
         <nite:child href="Bns001.D.segs.xml#id(Bns001.segment.2,166)..id(Bns001.segment.2,167)"/>
         <nite:child href="Bns001.B.segs.xml#id(Bns001.segment.2,168)"/>
         <nite:child href="Bns001.D.segs.xml#id(Bns001.segment.2,169)..id(Bns001.segment.2,173)"/>
         <nite:child href="Bns001.B.segs.xml#id(Bns001.segment.2,174)"/>
         <nite:child href="Bns001.D.segs.xml#id(Bns001.segment.2,175)"/>
         <nite:child href="Bns001.B.segs.xml#id(Bns001.segment.2,176)"/>
         <nite:child href="Bns001.D.segs.xml#id(Bns001.segment.2,177)..id(Bns001.segment.2,183)"/>
         <nite:child href="Bns001.B.segs.xml#id(Bns001.segment.2,184)"/>
         <nite:child href="Bns001.D.segs.xml#id(Bns001.segment.2,185)..id(Bns001.segment.2,191)"/>
         <nite:child href="Bns001.B.segs.xml#id(Bns001.segment.2,192)"/>
         <nite:child href="Bns001.D.segs.xml#id(Bns001.segment.2,193)..id(Bns001.segment.2,197)"/>
         <nite:child href="Bns001.B.segs.xml#id(Bns001.segment.2,198)"/>
         <nite:child href="Bns001.D.segs.xml#id(Bns001.segment.2,199)..id(Bns001.segment.2,205)"/>
         <nite:child href="Bns001.B.segs.xml#id(Bns001.segment.2,206)"/>
         <nite:child href="Bns001.D.segs.xml#id(Bns001.segment.2,207)..id(Bns001.segment.2,209)"/>
         <nite:child href="Bns001.B.segs.xml#id(Bns001.segment.2,210)"/>
         <nite:child href="Bns001.D.segs.xml#id(Bns001.segment.2,211)..id(Bns001.segment.2,217)"/>
         <nite:child href="Bns001.G.segs.xml#id(Bns001.segment.2,219)"/>
         <nite:child href="Bns001.D.segs.xml#id(Bns001.segment.2,218)..id(Bns001.segment.2,221)"/>
         <nite:child href="Bns001.A.segs.xml#id(Bns001.segment.2,223)"/>
         <nite:child href="Bns001.D.segs.xml#id(Bns001.segment.2,222)"/>
         <nite:child href="Bns001.B.segs.xml#id(Bns001.segment.2,224)"/>
         <nite:child href="Bns001.G.segs.xml#id(Bns001.segment.2,225)"/>
         <nite:child href="Bns001.D.segs.xml#id(Bns001.segment.2,226)..id(Bns001.segment.2,228)"/>
         <nite:child href="Bns001.B.segs.xml#id(Bns001.segment.2,229)"/>
         <nite:child href="Bns001.D.segs.xml#id(Bns001.segment.2,230)..id(Bns001.segment.2,238)"/>
         <nite:child href="Bns001.B.segs.xml#id(Bns001.segment.2,240)"/>
         <nite:child href="Bns001.D.segs.xml#id(Bns001.segment.2,239)..id(Bns001.segment.2,244)"/>
         <nite:child href="Bns001.B.segs.xml#id(Bns001.segment.2,245)"/>
         <nite:child href="Bns001.D.segs.xml#id(Bns001.segment.2,246)..id(Bns001.segment.2,247)"/>
         <nite:child href="Bns001.B.segs.xml#id(Bns001.segment.2,248)..id(Bns001.segment.2,249)"/>
         <nite:child href="Bns001.D.segs.xml#id(Bns001.segment.2,250)..id(Bns001.segment.2,251)"/>
         <nite:child href="Bns001.E.segs.xml#id(Bns001.segment.2,252)"/>
         <nite:child href="Bns001.D.segs.xml#id(Bns001.segment.2,253)..id(Bns001.segment.2,254)"/>
         <nite:child href="Bns001.E.segs.xml#id(Bns001.segment.2,255)..id(Bns001.segment.2,256)"/>
         <nite:child href="Bns001.D.segs.xml#id(Bns001.segment.2,257)..id(Bns001.segment.2,258)"/>
         <nite:child href="Bns001.E.segs.xml#id(Bns001.segment.2,259)"/>
         <nite:child href="Bns001.D.segs.xml#id(Bns001.segment.2,260)"/>
         <nite:child href="Bns001.E.segs.xml#id(Bns001.segment.2,261)"/>
         <nite:child href="Bns001.D.segs.xml#id(Bns001.segment.2,262)..id(Bns001.segment.2,266)"/>
         <nite:child href="Bns001.B.segs.xml#id(Bns001.segment.2,267)"/>
         <nite:child href="Bns001.D.segs.xml#id(Bns001.segment.2,268)"/>
         <nite:child href="Bns001.B.segs.xml#id(Bns001.segment.2,269)..id(Bns001.segment.2,270)"/>
         <nite:child href="Bns001.D.segs.xml#id(Bns001.segment.2,271)..id(Bns001.segment.2,272)"/>
         <nite:child href="Bns001.B.segs.xml#id(Bns001.segment.2,275)"/>
         <nite:child href="Bns001.B.segs.xml#id(Bns001.segment.2,273)"/>
         <nite:child href="Bns001.D.segs.xml#id(Bns001.segment.2,274)..id(Bns001.segment.2,276)"/>
         <nite:child href="Bns001.B.segs.xml#id(Bns001.segment.2,277)..id(Bns001.segment.2,280)"/>
         <nite:child href="Bns001.D.segs.xml#id(Bns001.segment.2,281)"/>
         <nite:child href="Bns001.B.segs.xml#id(Bns001.segment.2,282)"/>
         <nite:child href="Bns001.D.segs.xml#id(Bns001.segment.2,283)..id(Bns001.segment.2,284)"/>
         <nite:child href="Bns001.B.segs.xml#id(Bns001.segment.2,285)..id(Bns001.segment.2,291)"/>
         <nite:child href="Bns001.D.segs.xml#id(Bns001.segment.2,292)"/>
         <nite:child href="Bns001.E.segs.xml#id(Bns001.segment.2,293)"/>
      </topic>
      <topic nite:id="Bns001.topic.16" description="KPN interests">
         <nite:child href="Bns001.D.segs.xml#id(Bns001.segment.2,294)..id(Bns001.segment.2,298)"/>
         <nite:child href="Bns001.C.segs.xml#id(Bns001.segment.2,299)"/>
         <nite:child href="Bns001.D.segs.xml#id(Bns001.segment.2,300)"/>
         <nite:child href="Bns001.C.segs.xml#id(Bns001.segment.2,301)..id(Bns001.segment.2,302)"/>
         <nite:child href="Bns001.D.segs.xml#id(Bns001.segment.2,303)..id(Bns001.segment.2,305)"/>
         <nite:child href="Bns001.C.segs.xml#id(Bns001.segment.2,306)..id(Bns001.segment.2,307)"/>
         <nite:child href="Bns001.D.segs.xml#id(Bns001.segment.2,308)..id(Bns001.segment.2,311)"/>
         <nite:child href="Bns001.C.segs.xml#id(Bns001.segment.2,312)"/>
         <nite:child href="Bns001.D.segs.xml#id(Bns001.segment.2,313)..id(Bns001.segment.2,314)"/>
         <nite:child href="Bns001.C.segs.xml#id(Bns001.segment.2,316)"/>
         <nite:child href="Bns001.D.segs.xml#id(Bns001.segment.2,315)"/>
         <nite:child href="Bns001.C.segs.xml#id(Bns001.segment.2,317)"/>
         <nite:child href="Bns001.D.segs.xml#id(Bns001.segment.2,318)"/>
         <nite:child href="Bns001.C.segs.xml#id(Bns001.segment.2,319)..id(Bns001.segment.2,323)"/>
         <nite:child href="Bns001.B.segs.xml#id(Bns001.segment.2,324)"/>
         <nite:child href="Bns001.C.segs.xml#id(Bns001.segment.2,325)..id(Bns001.segment.2,329)"/>
         <nite:child href="Bns001.D.segs.xml#id(Bns001.segment.2,330)"/>
         <nite:child href="Bns001.C.segs.xml#id(Bns001.segment.2,331)..id(Bns001.segment.2,332)"/>
         <nite:child href="Bns001.D.segs.xml#id(Bns001.segment.2,333)..id(Bns001.segment.2,336)"/>
         <nite:child href="Bns001.C.segs.xml#id(Bns001.segment.2,337)"/>
         <nite:child href="Bns001.D.segs.xml#id(Bns001.segment.2,338)"/>
         <nite:child href="Bns001.C.segs.xml#id(Bns001.segment.2,339)..id(Bns001.segment.2,344)"/>
         <nite:child href="Bns001.D.segs.xml#id(Bns001.segment.2,345)"/>
         <nite:child href="Bns001.C.segs.xml#id(Bns001.segment.2,346)"/>
         <nite:child href="Bns001.D.segs.xml#id(Bns001.segment.2,347)"/>
         <nite:child href="Bns001.C.segs.xml#id(Bns001.segment.2,348)"/>
         <nite:child href="Bns001.D.segs.xml#id(Bns001.segment.2,349)..id(Bns001.segment.2,351)"/>
         <nite:child href="Bns001.C.segs.xml#id(Bns001.segment.2,352)"/>
         <nite:child href="Bns001.D.segs.xml#id(Bns001.segment.2,353)"/>
         <nite:child href="Bns001.C.segs.xml#id(Bns001.segment.2,354)"/>
         <nite:child href="Bns001.D.segs.xml#id(Bns001.segment.2,355)..id(Bns001.segment.2,357)"/>
         <nite:child href="Bns001.C.segs.xml#id(Bns001.segment.2,358)"/>
         <nite:child href="Bns001.D.segs.xml#id(Bns001.segment.2,359)..id(Bns001.segment.2,369)"/>
         <nite:child href="Bns001.C.segs.xml#id(Bns001.segment.2,370)"/>
         <nite:child href="Bns001.D.segs.xml#id(Bns001.segment.2,371)..id(Bns001.segment.2,373)"/>
         <nite:child href="Bns001.C.segs.xml#id(Bns001.segment.2,374)..id(Bns001.segment.2,376)"/>
         <nite:child href="Bns001.D.segs.xml#id(Bns001.segment.2,378)"/>
         <nite:child href="Bns001.C.segs.xml#id(Bns001.segment.2,377)..id(Bns001.segment.2,382)"/>
         <nite:child href="Bns001.D.segs.xml#id(Bns001.segment.2,383)"/>
         <nite:child href="Bns001.C.segs.xml#id(Bns001.segment.2,384)"/>
         <nite:child href="Bns001.D.segs.xml#id(Bns001.segment.2,385)..id(Bns001.segment.2,395)"/>
         <nite:child href="Bns001.C.segs.xml#id(Bns001.segment.2,396)"/>
         <nite:child href="Bns001.D.segs.xml#id(Bns001.segment.2,397)"/>
         <topic nite:id="Bns001.topic.17" description="IP versus non-networks">
            <nite:child href="Bns001.C.segs.xml#id(Bns001.segment.2,398)"/>
            <nite:child href="Bns001.G.segs.xml#id(Bns001.segment.2,399)"/>
            <nite:child href="Bns001.B.segs.xml#id(Bns001.segment.2,400)"/>
            <nite:child href="Bns001.C.segs.xml#id(Bns001.segment.2,402)"/>
            <nite:child href="Bns001.D.segs.xml#id(Bns001.segment.2,401)"/>
            <nite:child href="Bns001.E.segs.xml#id(Bns001.segment.2,403)"/>
            <nite:child href="Bns001.C.segs.xml#id(Bns001.segment.2,404)"/>
            <nite:child href="Bns001.D.segs.xml#id(Bns001.segment.2,405)..id(Bns001.segment.2,407)"/>
            <nite:child href="Bns001.C.segs.xml#id(Bns001.segment.2,406)..id(Bns001.segment.2,408)"/>
            <nite:child href="Bns001.G.segs.xml#id(Bns001.segment.2,409)"/>
            <nite:child href="Bns001.D.segs.xml#id(Bns001.segment.2,410)"/>
            <nite:child href="Bns001.C.segs.xml#id(Bns001.segment.2,411)..id(Bns001.segment.2,414)"/>
            <nite:child href="Bns001.D.segs.xml#id(Bns001.segment.2,415)"/>
            <nite:child href="Bns001.C.segs.xml#id(Bns001.segment.2,416)..id(Bns001.segment.2,419)"/>
            <nite:child href="Bns001.D.segs.xml#id(Bns001.segment.2,420)..id(Bns001.segment.2,421)"/>
            <nite:child href="Bns001.C.segs.xml#id(Bns001.segment.2,422)"/>
            <nite:child href="Bns001.D.segs.xml#id(Bns001.segment.2,423)..id(Bns001.segment.2,425)"/>
            <nite:child href="Bns001.C.segs.xml#id(Bns001.segment.2,424)"/>
            <nite:child href="Bns001.D.segs.xml#id(Bns001.segment.2,426)..id(Bns001.segment.2,431)"/>
            <nite:child href="Bns001.C.segs.xml#id(Bns001.segment.2,432)"/>
            <nite:child href="Bns001.D.segs.xml#id(Bns001.segment.2,433)"/>
            <nite:child href="Bns001.B.segs.xml#id(Bns001.segment.2,434)"/>
            <nite:child href="Bns001.D.segs.xml#id(Bns001.segment.2,435)..id(Bns001.segment.2,440)"/>
            <nite:child href="Bns001.B.segs.xml#id(Bns001.segment.2,442)"/>
            <nite:child href="Bns001.D.segs.xml#id(Bns001.segment.2,441)"/>
            <nite:child href="Bns001.B.segs.xml#id(Bns001.segment.2,443)"/>
            <nite:child href="Bns001.D.segs.xml#id(Bns001.segment.2,444)..id(Bns001.segment.2,445)"/>
            <nite:child href="Bns001.B.segs.xml#id(Bns001.segment.2,446)"/>
            <nite:child href="Bns001.D.segs.xml#id(Bns001.segment.2,447)"/>
            <nite:child href="Bns001.B.segs.xml#id(Bns001.segment.2,448)"/>
            <nite:child href="Bns001.D.segs.xml#id(Bns001.segment.2,449)"/>
            <nite:child href="Bns001.B.segs.xml#id(Bns001.segment.2,450)"/>
            <nite:child href="Bns001.D.segs.xml#id(Bns001.segment.2,451)"/>
            <nite:child href="Bns001.C.segs.xml#id(Bns001.segment.2,452)"/>
         </topic>
      </topic>
   </topic>
   <topic nite:id="Bns001.topic.18" description="closing">
      <nite:child href="Bns001.D.segs.xml#id(Bns001.segment.2,453)"/>
      <nite:child href="Bns001.B.segs.xml#id(Bns001.segment.2,454)"/>
      <nite:child href="Bns001.G.segs.xml#id(Bns001.segment.2,455)"/>
      <nite:child href="Bns001.E.segs.xml#id(Bns001.segment.2,456)..id(Bns001.segment.2,457)"/>
      <nite:child href="Bns001.D.segs.xml#id(Bns001.segment.2,458)..id(Bns001.segment.2,473)"/>
      <nite:child href="Bns001.B.segs.xml#id(Bns001.segment.2,474)"/>
      <nite:child href="Bns001.D.segs.xml#id(Bns001.segment.2,475)..id(Bns001.segment.2,477)"/>
      <nite:child href="Bns001.B.segs.xml#id(Bns001.segment.2,478)..id(Bns001.segment.2,479)"/>
      <nite:child href="Bns001.D.segs.xml#id(Bns001.segment.2,480)..id(Bns001.segment.2,487)"/>
      <nite:child href="Bns001.B.segs.xml#id(Bns001.segment.2,488)"/>
      <nite:child href="Bns001.C.segs.xml#id(Bns001.segment.2,489)"/>
      <nite:child href="Bns001.D.segs.xml#id(Bns001.segment.2,490)"/>
      <nite:child href="Bns001.G.segs.xml#id(Bns001.segment.2,491)"/>
      <nite:child href="Bns001.C.segs.xml#id(Bns001.segment.2,492)"/>
      <nite:child href="Bns001.E.segs.xml#id(Bns001.segment.2,493)"/>
      <nite:child href="Bns001.D.segs.xml#id(Bns001.segment.2,494)"/>
      <nite:child href="Bns001.A.segs.xml#id(Bns001.segment.2,495)"/>
      <nite:child href="Bns001.E.segs.xml#id(Bns001.segment.2,496)"/>
      <nite:child href="Bns001.C.segs.xml#id(Bns001.segment.2,497)"/>
      <nite:child href="Bns001.G.segs.xml#id(Bns001.segment.2,498)..id(Bns001.segment.2,500)"/>
      <nite:child href="Bns001.D.segs.xml#id(Bns001.segment.2,501)"/>
      <nite:child href="Bns001.B.segs.xml#id(Bns001.segment.2,499)"/>
      <nite:child href="Bns001.E.segs.xml#id(Bns001.segment.2,502)"/>
      <nite:child href="Bns001.B.segs.xml#id(Bns001.segment.2,503)"/>
      <nite:child href="Bns001.D.segs.xml#id(Bns001.segment.2,505)"/>
      <nite:child href="Bns001.B.segs.xml#id(Bns001.segment.2,506)"/>
      <nite:child href="Bns001.D.segs.xml#id(Bns001.segment.2,507)..id(Bns001.segment.2,508)"/>
      <nite:child href="Bns001.B.segs.xml#id(Bns001.segment.2,509)"/>
      <nite:child href="Bns001.D.segs.xml#id(Bns001.segment.2,510)..id(Bns001.segment.2,511)"/>
      <nite:child href="Bns001.F.segs.xml#id(Bns001.segment.2,512)..id(Bns001.segment.2,513)"/>
   </topic>
</nite:root>