<?xml version="1.0" encoding="ISO-8859-1" standalone="yes"?>
<nite:root nite:id="Bro028.topic" xmlns:nite="http://nite.sourceforge.net/">
   <topic nite:id="Bro028.topic.1" description="opening">
      <nite:child href="Bro028.E.segs.xml#id(Bro028.segment.1)"/>
      <nite:child href="Bro028.A.segs.xml#id(Bro028.segment.2)"/>
      <nite:child href="Bro028.D.segs.xml#id(Bro028.segment.3)"/>
      <nite:child href="Bro028.B.segs.xml#id(Bro028.segment.4)"/>
      <topic nite:id="Bro028.topic.2" description="upcoming meetings, absences">
         <nite:child href="Bro028.B.segs.xml#id(Bro028.segment.5)..id(Bro028.segment.7)"/>
         <nite:child href="Bro028.D.segs.xml#id(Bro028.segment.8)"/>
         <nite:child href="Bro028.B.segs.xml#id(Bro028.segment.9)..id(Bro028.segment.14)"/>
         <nite:child href="Bro028.D.segs.xml#id(Bro028.segment.15)..id(Bro028.segment.16)"/>
         <nite:child href="Bro028.E.segs.xml#id(Bro028.segment.17)"/>
         <nite:child href="Bro028.B.segs.xml#id(Bro028.segment.18)..id(Bro028.segment.20)"/>
         <nite:child href="Bro028.D.segs.xml#id(Bro028.segment.21)"/>
         <nite:child href="Bro028.B.segs.xml#id(Bro028.segment.22)..id(Bro028.segment.24)"/>
         <nite:child href="Bro028.D.segs.xml#id(Bro028.segment.25)..id(Bro028.segment.26)"/>
      </topic>
   </topic>
   <topic nite:id="Bro028.topic.3" description="conference call with Aurora group, latency">
      <nite:child href="Bro028.D.segs.xml#id(Bro028.segment.27)..id(Bro028.segment.30)"/>
      <nite:child href="Bro028.B.segs.xml#id(Bro028.segment.31)..id(Bro028.segment.33)"/>
      <nite:child href="Bro028.D.segs.xml#id(Bro028.segment.34)"/>
      <nite:child href="Bro028.B.segs.xml#id(Bro028.segment.35)..id(Bro028.segment.36)"/>
      <nite:child href="Bro028.D.segs.xml#id(Bro028.segment.37)"/>
      <nite:child href="Bro028.B.segs.xml#id(Bro028.segment.38)"/>
      <nite:child href="Bro028.D.segs.xml#id(Bro028.segment.39)..id(Bro028.segment.45)"/>
      <nite:child href="Bro028.B.segs.xml#id(Bro028.segment.46)..id(Bro028.segment.47)"/>
      <nite:child href="Bro028.D.segs.xml#id(Bro028.segment.48)..id(Bro028.segment.49)"/>
      <nite:child href="Bro028.B.segs.xml#id(Bro028.segment.50)..id(Bro028.segment.52)"/>
      <nite:child href="Bro028.D.segs.xml#id(Bro028.segment.53)..id(Bro028.segment.58)"/>
      <nite:child href="Bro028.B.segs.xml#id(Bro028.segment.59)"/>
      <nite:child href="Bro028.D.segs.xml#id(Bro028.segment.60)..id(Bro028.segment.61)"/>
      <nite:child href="Bro028.B.segs.xml#id(Bro028.segment.62)"/>
      <nite:child href="Bro028.D.segs.xml#id(Bro028.segment.63)..id(Bro028.segment.68)"/>
      <nite:child href="Bro028.B.segs.xml#id(Bro028.segment.69)"/>
      <nite:child href="Bro028.D.segs.xml#id(Bro028.segment.70)"/>
      <nite:child href="Bro028.B.segs.xml#id(Bro028.segment.71)"/>
      <nite:child href="Bro028.D.segs.xml#id(Bro028.segment.72)..id(Bro028.segment.73)"/>
      <nite:child href="Bro028.B.segs.xml#id(Bro028.segment.74)"/>
      <nite:child href="Bro028.D.segs.xml#id(Bro028.segment.75)"/>
      <nite:child href="Bro028.B.segs.xml#id(Bro028.segment.76)"/>
      <nite:child href="Bro028.D.segs.xml#id(Bro028.segment.77)..id(Bro028.segment.78)"/>
      <nite:child href="Bro028.B.segs.xml#id(Bro028.segment.79)..id(Bro028.segment.80)"/>
      <nite:child href="Bro028.D.segs.xml#id(Bro028.segment.81)..id(Bro028.segment.83)"/>
      <nite:child href="Bro028.B.segs.xml#id(Bro028.segment.84)"/>
      <nite:child href="Bro028.D.segs.xml#id(Bro028.segment.85)"/>
      <nite:child href="Bro028.B.segs.xml#id(Bro028.segment.86)..id(Bro028.segment.87)"/>
      <nite:child href="Bro028.D.segs.xml#id(Bro028.segment.88)"/>
      <nite:child href="Bro028.B.segs.xml#id(Bro028.segment.89)"/>
      <nite:child href="Bro028.D.segs.xml#id(Bro028.segment.90)"/>
      <nite:child href="Bro028.B.segs.xml#id(Bro028.segment.91)"/>
      <nite:child href="Bro028.D.segs.xml#id(Bro028.segment.92)"/>
      <nite:child href="Bro028.B.segs.xml#id(Bro028.segment.93)"/>
      <nite:child href="Bro028.D.segs.xml#id(Bro028.segment.94)"/>
      <nite:child href="Bro028.B.segs.xml#id(Bro028.segment.95)"/>
      <nite:child href="Bro028.D.segs.xml#id(Bro028.segment.96)"/>
      <nite:child href="Bro028.B.segs.xml#id(Bro028.segment.97)"/>
      <nite:child href="Bro028.D.segs.xml#id(Bro028.segment.98)"/>
      <nite:child href="Bro028.B.segs.xml#id(Bro028.segment.99)..id(Bro028.segment.100)"/>
      <nite:child href="Bro028.D.segs.xml#id(Bro028.segment.101)"/>
      <nite:child href="Bro028.B.segs.xml#id(Bro028.segment.102)"/>
      <nite:child href="Bro028.D.segs.xml#id(Bro028.segment.103)"/>
      <nite:child href="Bro028.B.segs.xml#id(Bro028.segment.104)"/>
      <nite:child href="Bro028.D.segs.xml#id(Bro028.segment.105)..id(Bro028.segment.106)"/>
      <nite:child href="Bro028.B.segs.xml#id(Bro028.segment.107)"/>
      <nite:child href="Bro028.D.segs.xml#id(Bro028.segment.108)..id(Bro028.segment.109)"/>
      <nite:child href="Bro028.B.segs.xml#id(Bro028.segment.110)"/>
      <nite:child href="Bro028.D.segs.xml#id(Bro028.segment.111)..id(Bro028.segment.112)"/>
   </topic>
   <topic nite:id="Bro028.topic.4" description="Stephane: tandem neural network status">
      <topic nite:id="Bro028.topic.5" description="latency">
         <nite:child href="Bro028.D.segs.xml#id(Bro028.segment.113)..id(Bro028.segment.129)"/>
         <nite:child href="Bro028.B.segs.xml#id(Bro028.segment.130)..id(Bro028.segment.131)"/>
         <nite:child href="Bro028.D.segs.xml#id(Bro028.segment.132)"/>
         <nite:child href="Bro028.B.segs.xml#id(Bro028.segment.133)..id(Bro028.segment.135)"/>
         <nite:child href="Bro028.D.segs.xml#id(Bro028.segment.136)"/>
         <nite:child href="Bro028.B.segs.xml#id(Bro028.segment.137)"/>
         <nite:child href="Bro028.D.segs.xml#id(Bro028.segment.138)"/>
         <nite:child href="Bro028.B.segs.xml#id(Bro028.segment.139)"/>
         <nite:child href="Bro028.D.segs.xml#id(Bro028.segment.140)"/>
         <nite:child href="Bro028.B.segs.xml#id(Bro028.segment.142)"/>
         <nite:child href="Bro028.D.segs.xml#id(Bro028.segment.141)..id(Bro028.segment.143)"/>
         <nite:child href="Bro028.B.segs.xml#id(Bro028.segment.144)"/>
         <nite:child href="Bro028.D.segs.xml#id(Bro028.segment.145)..id(Bro028.segment.146)"/>
         <nite:child href="Bro028.B.segs.xml#id(Bro028.segment.147)"/>
         <nite:child href="Bro028.D.segs.xml#id(Bro028.segment.148)..id(Bro028.segment.153)"/>
         <nite:child href="Bro028.B.segs.xml#id(Bro028.segment.154)..id(Bro028.segment.155)"/>
         <nite:child href="Bro028.D.segs.xml#id(Bro028.segment.156)..id(Bro028.segment.157)"/>
         <nite:child href="Bro028.B.segs.xml#id(Bro028.segment.158)..id(Bro028.segment.162)"/>
         <nite:child href="Bro028.D.segs.xml#id(Bro028.segment.163)"/>
         <nite:child href="Bro028.B.segs.xml#id(Bro028.segment.164)"/>
         <nite:child href="Bro028.D.segs.xml#id(Bro028.segment.165)"/>
         <nite:child href="Bro028.B.segs.xml#id(Bro028.segment.166)..id(Bro028.segment.171)"/>
         <nite:child href="Bro028.D.segs.xml#id(Bro028.segment.172)..id(Bro028.segment.173)"/>
         <nite:child href="Bro028.B.segs.xml#id(Bro028.segment.174)..id(Bro028.segment.175)"/>
         <nite:child href="Bro028.D.segs.xml#id(Bro028.segment.176)"/>
         <nite:child href="Bro028.B.segs.xml#id(Bro028.segment.177)..id(Bro028.segment.179)"/>
         <nite:child href="Bro028.D.segs.xml#id(Bro028.segment.180)"/>
         <nite:child href="Bro028.B.segs.xml#id(Bro028.segment.181)"/>
         <nite:child href="Bro028.E.segs.xml#id(Bro028.segment.182)"/>
      </topic>
      <topic nite:id="Bro028.topic.6" description="silence probability computation">
         <nite:child href="Bro028.D.segs.xml#id(Bro028.segment.183)..id(Bro028.segment.192)"/>
         <nite:child href="Bro028.B.segs.xml#id(Bro028.segment.193)..id(Bro028.segment.194)"/>
         <nite:child href="Bro028.D.segs.xml#id(Bro028.segment.195)..id(Bro028.segment.198)"/>
         <nite:child href="Bro028.B.segs.xml#id(Bro028.segment.199)"/>
         <nite:child href="Bro028.D.segs.xml#id(Bro028.segment.200)..id(Bro028.segment.201)"/>
         <nite:child href="Bro028.B.segs.xml#id(Bro028.segment.202)"/>
         <nite:child href="Bro028.E.segs.xml#id(Bro028.segment.203)"/>
         <nite:child href="Bro028.D.segs.xml#id(Bro028.segment.204)..id(Bro028.segment.205)"/>
         <nite:child href="Bro028.E.segs.xml#id(Bro028.segment.206)"/>
         <nite:child href="Bro028.D.segs.xml#id(Bro028.segment.207)..id(Bro028.segment.213)"/>
         <nite:child href="Bro028.E.segs.xml#id(Bro028.segment.214)"/>
         <nite:child href="Bro028.D.segs.xml#id(Bro028.segment.215)..id(Bro028.segment.218)"/>
         <nite:child href="Bro028.B.segs.xml#id(Bro028.segment.219)"/>
         <nite:child href="Bro028.D.segs.xml#id(Bro028.segment.220)..id(Bro028.segment.222)"/>
         <nite:child href="Bro028.B.segs.xml#id(Bro028.segment.223)"/>
         <nite:child href="Bro028.D.segs.xml#id(Bro028.segment.224)"/>
         <nite:child href="Bro028.B.segs.xml#id(Bro028.segment.225)..id(Bro028.segment.226)"/>
         <nite:child href="Bro028.A.segs.xml#id(Bro028.segment.227)"/>
         <nite:child href="Bro028.D.segs.xml#id(Bro028.segment.228)"/>
         <nite:child href="Bro028.B.segs.xml#id(Bro028.segment.229)"/>
         <nite:child href="Bro028.D.segs.xml#id(Bro028.segment.230)..id(Bro028.segment.235)"/>
         <nite:child href="Bro028.B.segs.xml#id(Bro028.segment.236)"/>
         <nite:child href="Bro028.D.segs.xml#id(Bro028.segment.237)"/>
         <nite:child href="Bro028.B.segs.xml#id(Bro028.segment.238)"/>
         <nite:child href="Bro028.D.segs.xml#id(Bro028.segment.239)..id(Bro028.segment.243)"/>
         <nite:child href="Bro028.E.segs.xml#id(Bro028.segment.244)"/>
         <nite:child href="Bro028.D.segs.xml#id(Bro028.segment.245)..id(Bro028.segment.249)"/>
         <nite:child href="Bro028.B.segs.xml#id(Bro028.segment.250)"/>
         <nite:child href="Bro028.D.segs.xml#id(Bro028.segment.251)..id(Bro028.segment.254)"/>
         <nite:child href="Bro028.B.segs.xml#id(Bro028.segment.255)"/>
         <nite:child href="Bro028.E.segs.xml#id(Bro028.segment.256)"/>
         <nite:child href="Bro028.B.segs.xml#id(Bro028.segment.257)"/>
         <nite:child href="Bro028.D.segs.xml#id(Bro028.segment.258)..id(Bro028.segment.259)"/>
         <nite:child href="Bro028.B.segs.xml#id(Bro028.segment.260)"/>
         <nite:child href="Bro028.D.segs.xml#id(Bro028.segment.261)..id(Bro028.segment.263)"/>
         <nite:child href="Bro028.B.segs.xml#id(Bro028.segment.264)"/>
         <nite:child href="Bro028.D.segs.xml#id(Bro028.segment.265)..id(Bro028.segment.267)"/>
         <nite:child href="Bro028.E.segs.xml#id(Bro028.segment.268)"/>
         <nite:child href="Bro028.D.segs.xml#id(Bro028.segment.270)"/>
         <nite:child href="Bro028.E.segs.xml#id(Bro028.segment.269)"/>
         <nite:child href="Bro028.D.segs.xml#id(Bro028.segment.271)..id(Bro028.segment.275)"/>
         <nite:child href="Bro028.B.segs.xml#id(Bro028.segment.276)"/>
         <nite:child href="Bro028.D.segs.xml#id(Bro028.segment.277)..id(Bro028.segment.278)"/>
         <nite:child href="Bro028.B.segs.xml#id(Bro028.segment.279)"/>
         <nite:child href="Bro028.D.segs.xml#id(Bro028.segment.280)..id(Bro028.segment.282)"/>
         <nite:child href="Bro028.B.segs.xml#id(Bro028.segment.283)"/>
         <nite:child href="Bro028.D.segs.xml#id(Bro028.segment.284)..id(Bro028.segment.291)"/>
         <nite:child href="Bro028.B.segs.xml#id(Bro028.segment.292)"/>
         <nite:child href="Bro028.D.segs.xml#id(Bro028.segment.293)"/>
         <nite:child href="Bro028.B.segs.xml#id(Bro028.segment.294)..id(Bro028.segment.297)"/>
         <nite:child href="Bro028.D.segs.xml#id(Bro028.segment.298)"/>
         <nite:child href="Bro028.B.segs.xml#id(Bro028.segment.299)..id(Bro028.segment.305)"/>
         <nite:child href="Bro028.D.segs.xml#id(Bro028.segment.306)"/>
         <nite:child href="Bro028.B.segs.xml#id(Bro028.segment.307)..id(Bro028.segment.315)"/>
         <nite:child href="Bro028.D.segs.xml#id(Bro028.segment.316)"/>
         <nite:child href="Bro028.B.segs.xml#id(Bro028.segment.317)..id(Bro028.segment.318)"/>
         <nite:child href="Bro028.D.segs.xml#id(Bro028.segment.319)..id(Bro028.segment.321)"/>
         <nite:child href="Bro028.B.segs.xml#id(Bro028.segment.322)"/>
         <nite:child href="Bro028.E.segs.xml#id(Bro028.segment.323)"/>
         <nite:child href="Bro028.D.segs.xml#id(Bro028.segment.324)"/>
         <nite:child href="Bro028.B.segs.xml#id(Bro028.segment.325)"/>
         <nite:child href="Bro028.D.segs.xml#id(Bro028.segment.326)"/>
         <nite:child href="Bro028.B.segs.xml#id(Bro028.segment.327)"/>
         <nite:child href="Bro028.D.segs.xml#id(Bro028.segment.328)"/>
         <nite:child href="Bro028.B.segs.xml#id(Bro028.segment.329)..id(Bro028.segment.331)"/>
         <nite:child href="Bro028.D.segs.xml#id(Bro028.segment.332)"/>
         <nite:child href="Bro028.B.segs.xml#id(Bro028.segment.333)..id(Bro028.segment.334)"/>
         <nite:child href="Bro028.D.segs.xml#id(Bro028.segment.335)..id(Bro028.segment.336)"/>
      </topic>
      <topic nite:id="Bro028.topic.7" description="plans for improvement">
         <nite:child href="Bro028.D.segs.xml#id(Bro028.segment.337)..id(Bro028.segment.347)"/>
         <nite:child href="Bro028.B.segs.xml#id(Bro028.segment.348)"/>
         <nite:child href="Bro028.D.segs.xml#id(Bro028.segment.349)..id(Bro028.segment.359)"/>
         <nite:child href="Bro028.B.segs.xml#id(Bro028.segment.360)"/>
         <topic nite:id="Bro028.topic.8" description="second stream integration">
            <nite:child href="Bro028.B.segs.xml#id(Bro028.segment.361)..id(Bro028.segment.363)"/>
            <nite:child href="Bro028.D.segs.xml#id(Bro028.segment.364)"/>
            <nite:child href="Bro028.B.segs.xml#id(Bro028.segment.365)..id(Bro028.segment.367)"/>
            <nite:child href="Bro028.D.segs.xml#id(Bro028.segment.368)"/>
            <nite:child href="Bro028.B.segs.xml#id(Bro028.segment.369)..id(Bro028.segment.370)"/>
            <nite:child href="Bro028.D.segs.xml#id(Bro028.segment.371)"/>
            <nite:child href="Bro028.B.segs.xml#id(Bro028.segment.372)"/>
            <nite:child href="Bro028.D.segs.xml#id(Bro028.segment.373)..id(Bro028.segment.376)"/>
            <nite:child href="Bro028.B.segs.xml#id(Bro028.segment.377)"/>
            <nite:child href="Bro028.D.segs.xml#id(Bro028.segment.378)"/>
            <nite:child href="Bro028.B.segs.xml#id(Bro028.segment.379)"/>
            <nite:child href="Bro028.D.segs.xml#id(Bro028.segment.380)"/>
            <nite:child href="Bro028.E.segs.xml#id(Bro028.segment.381)"/>
            <nite:child href="Bro028.D.segs.xml#id(Bro028.segment.382)..id(Bro028.segment.385)"/>
            <nite:child href="Bro028.B.segs.xml#id(Bro028.segment.386)"/>
            <nite:child href="Bro028.D.segs.xml#id(Bro028.segment.387)"/>
            <nite:child href="Bro028.B.segs.xml#id(Bro028.segment.388)..id(Bro028.segment.390)"/>
            <nite:child href="Bro028.D.segs.xml#id(Bro028.segment.391)"/>
            <nite:child href="Bro028.E.segs.xml#id(Bro028.segment.392)"/>
            <nite:child href="Bro028.B.segs.xml#id(Bro028.segment.393)"/>
            <nite:child href="Bro028.D.segs.xml#id(Bro028.segment.394)..id(Bro028.segment.396)"/>
         </topic>
      </topic>
      <topic nite:id="Bro028.topic.9" description="noise estimaton, training">
         <nite:child href="Bro028.D.segs.xml#id(Bro028.segment.397)"/>
         <nite:child href="Bro028.B.segs.xml#id(Bro028.segment.398)"/>
         <nite:child href="Bro028.D.segs.xml#id(Bro028.segment.399)..id(Bro028.segment.409)"/>
         <nite:child href="Bro028.B.segs.xml#id(Bro028.segment.410)"/>
         <nite:child href="Bro028.D.segs.xml#id(Bro028.segment.411)..id(Bro028.segment.413)"/>
         <nite:child href="Bro028.E.segs.xml#id(Bro028.segment.414)"/>
         <nite:child href="Bro028.B.segs.xml#id(Bro028.segment.415)"/>
         <nite:child href="Bro028.D.segs.xml#id(Bro028.segment.416)"/>
         <nite:child href="Bro028.B.segs.xml#id(Bro028.segment.417)"/>
         <nite:child href="Bro028.D.segs.xml#id(Bro028.segment.418)..id(Bro028.segment.419)"/>
         <nite:child href="Bro028.B.segs.xml#id(Bro028.segment.420)"/>
         <nite:child href="Bro028.D.segs.xml#id(Bro028.segment.421)"/>
         <nite:child href="Bro028.B.segs.xml#id(Bro028.segment.422)"/>
         <nite:child href="Bro028.D.segs.xml#id(Bro028.segment.423)"/>
         <nite:child href="Bro028.B.segs.xml#id(Bro028.segment.424)..id(Bro028.segment.425)"/>
         <nite:child href="Bro028.D.segs.xml#id(Bro028.segment.426)..id(Bro028.segment.427)"/>
         <nite:child href="Bro028.B.segs.xml#id(Bro028.segment.428)"/>
         <nite:child href="Bro028.D.segs.xml#id(Bro028.segment.429)..id(Bro028.segment.430)"/>
      </topic>
      <topic nite:id="Bro028.topic.10" description="human performance issues">
         <nite:child href="Bro028.D.segs.xml#id(Bro028.segment.431)..id(Bro028.segment.439)"/>
         <nite:child href="Bro028.B.segs.xml#id(Bro028.segment.440)"/>
         <nite:child href="Bro028.D.segs.xml#id(Bro028.segment.441)"/>
         <nite:child href="Bro028.B.segs.xml#id(Bro028.segment.442)"/>
         <nite:child href="Bro028.D.segs.xml#id(Bro028.segment.443)"/>
         <nite:child href="Bro028.E.segs.xml#id(Bro028.segment.444)"/>
         <nite:child href="Bro028.B.segs.xml#id(Bro028.segment.445)"/>
         <nite:child href="Bro028.D.segs.xml#id(Bro028.segment.446)"/>
         <nite:child href="Bro028.B.segs.xml#id(Bro028.segment.447)"/>
         <nite:child href="Bro028.E.segs.xml#id(Bro028.segment.448)"/>
         <nite:child href="Bro028.D.segs.xml#id(Bro028.segment.449)..id(Bro028.segment.450)"/>
         <nite:child href="Bro028.B.segs.xml#id(Bro028.segment.451)"/>
         <nite:child href="Bro028.D.segs.xml#id(Bro028.segment.452)..id(Bro028.segment.453)"/>
         <nite:child href="Bro028.E.segs.xml#id(Bro028.segment.454)"/>
         <nite:child href="Bro028.A.segs.xml#id(Bro028.segment.455)"/>
         <nite:child href="Bro028.D.segs.xml#id(Bro028.segment.456)..id(Bro028.segment.460)"/>
         <nite:child href="Bro028.B.segs.xml#id(Bro028.segment.461)"/>
         <nite:child href="Bro028.D.segs.xml#id(Bro028.segment.462)..id(Bro028.segment.465)"/>
         <nite:child href="Bro028.B.segs.xml#id(Bro028.segment.466)"/>
         <nite:child href="Bro028.D.segs.xml#id(Bro028.segment.467)..id(Bro028.segment.470)"/>
         <nite:child href="Bro028.B.segs.xml#id(Bro028.segment.471)"/>
         <nite:child href="Bro028.D.segs.xml#id(Bro028.segment.472)"/>
         <nite:child href="Bro028.E.segs.xml#id(Bro028.segment.473)"/>
         <nite:child href="Bro028.D.segs.xml#id(Bro028.segment.474)..id(Bro028.segment.476)"/>
         <nite:child href="Bro028.B.segs.xml#id(Bro028.segment.477)"/>
         <nite:child href="Bro028.D.segs.xml#id(Bro028.segment.478)"/>
         <nite:child href="Bro028.B.segs.xml#id(Bro028.segment.479)"/>
         <nite:child href="Bro028.D.segs.xml#id(Bro028.segment.480)"/>
         <nite:child href="Bro028.B.segs.xml#id(Bro028.segment.481)"/>
         <nite:child href="Bro028.D.segs.xml#id(Bro028.segment.482)"/>
         <nite:child href="Bro028.B.segs.xml#id(Bro028.segment.483)"/>
         <nite:child href="Bro028.D.segs.xml#id(Bro028.segment.484)"/>
         <topic nite:id="Bro028.topic.11" description="resynthesis with LPC, degredation issues">
            <nite:child href="Bro028.B.segs.xml#id(Bro028.segment.485)"/>
            <nite:child href="Bro028.D.segs.xml#id(Bro028.segment.486)"/>
            <nite:child href="Bro028.B.segs.xml#id(Bro028.segment.487)..id(Bro028.segment.489)"/>
            <nite:child href="Bro028.D.segs.xml#id(Bro028.segment.491)"/>
            <nite:child href="Bro028.B.segs.xml#id(Bro028.segment.490)..id(Bro028.segment.496)"/>
            <nite:child href="Bro028.D.segs.xml#id(Bro028.segment.497)"/>
            <nite:child href="Bro028.B.segs.xml#id(Bro028.segment.498)..id(Bro028.segment.504)"/>
            <nite:child href="Bro028.D.segs.xml#id(Bro028.segment.505)"/>
            <nite:child href="Bro028.B.segs.xml#id(Bro028.segment.506)"/>
            <nite:child href="Bro028.D.segs.xml#id(Bro028.segment.507)"/>
            <nite:child href="Bro028.B.segs.xml#id(Bro028.segment.508)..id(Bro028.segment.513)"/>
            <nite:child href="Bro028.D.segs.xml#id(Bro028.segment.512)"/>
            <nite:child href="Bro028.B.segs.xml#id(Bro028.segment.514)..id(Bro028.segment.516)"/>
            <nite:child href="Bro028.D.segs.xml#id(Bro028.segment.517)"/>
            <nite:child href="Bro028.B.segs.xml#id(Bro028.segment.518)..id(Bro028.segment.524)"/>
            <nite:child href="Bro028.D.segs.xml#id(Bro028.segment.525)"/>
            <nite:child href="Bro028.B.segs.xml#id(Bro028.segment.526)..id(Bro028.segment.527)"/>
            <nite:child href="Bro028.D.segs.xml#id(Bro028.segment.528)..id(Bro028.segment.529)"/>
            <nite:child href="Bro028.B.segs.xml#id(Bro028.segment.530)"/>
            <nite:child href="Bro028.D.segs.xml#id(Bro028.segment.531)"/>
            <nite:child href="Bro028.B.segs.xml#id(Bro028.segment.532)"/>
            <nite:child href="Bro028.D.segs.xml#id(Bro028.segment.533)..id(Bro028.segment.543)"/>
            <nite:child href="Bro028.B.segs.xml#id(Bro028.segment.544)"/>
            <nite:child href="Bro028.D.segs.xml#id(Bro028.segment.545)"/>
            <nite:child href="Bro028.B.segs.xml#id(Bro028.segment.546)"/>
            <nite:child href="Bro028.D.segs.xml#id(Bro028.segment.547)..id(Bro028.segment.549)"/>
            <nite:child href="Bro028.B.segs.xml#id(Bro028.segment.550)"/>
            <nite:child href="Bro028.D.segs.xml#id(Bro028.segment.551)"/>
            <nite:child href="Bro028.B.segs.xml#id(Bro028.segment.552)..id(Bro028.segment.555)"/>
            <nite:child href="Bro028.D.segs.xml#id(Bro028.segment.556)"/>
            <nite:child href="Bro028.B.segs.xml#id(Bro028.segment.557)"/>
            <nite:child href="Bro028.D.segs.xml#id(Bro028.segment.558)"/>
            <nite:child href="Bro028.B.segs.xml#id(Bro028.segment.559)..id(Bro028.segment.561)"/>
            <nite:child href="Bro028.D.segs.xml#id(Bro028.segment.562)"/>
            <nite:child href="Bro028.B.segs.xml#id(Bro028.segment.563)..id(Bro028.segment.568)"/>
            <nite:child href="Bro028.D.segs.xml#id(Bro028.segment.569)"/>
            <nite:child href="Bro028.B.segs.xml#id(Bro028.segment.570)..id(Bro028.segment.571)"/>
            <nite:child href="Bro028.D.segs.xml#id(Bro028.segment.572)..id(Bro028.segment.574)"/>
            <nite:child href="Bro028.B.segs.xml#id(Bro028.segment.575)"/>
            <nite:child href="Bro028.A.segs.xml#id(Bro028.segment.576)"/>
            <nite:child href="Bro028.B.segs.xml#id(Bro028.segment.577)..id(Bro028.segment.578)"/>
            <nite:child href="Bro028.D.segs.xml#id(Bro028.segment.579)..id(Bro028.segment.580)"/>
            <nite:child href="Bro028.B.segs.xml#id(Bro028.segment.581)..id(Bro028.segment.583)"/>
            <nite:child href="Bro028.D.segs.xml#id(Bro028.segment.584)..id(Bro028.segment.585)"/>
            <nite:child href="Bro028.A.segs.xml#id(Bro028.segment.586)"/>
            <nite:child href="Bro028.D.segs.xml#id(Bro028.segment.587)"/>
            <nite:child href="Bro028.A.segs.xml#id(Bro028.segment.588)..id(Bro028.segment.590)"/>
            <nite:child href="Bro028.D.segs.xml#id(Bro028.segment.591)"/>
            <nite:child href="Bro028.B.segs.xml#id(Bro028.segment.592)"/>
            <nite:child href="Bro028.D.segs.xml#id(Bro028.segment.593)"/>
            <nite:child href="Bro028.A.segs.xml#id(Bro028.segment.594)"/>
            <nite:child href="Bro028.B.segs.xml#id(Bro028.segment.595)"/>
            <nite:child href="Bro028.A.segs.xml#id(Bro028.segment.596)"/>
            <nite:child href="Bro028.D.segs.xml#id(Bro028.segment.597)"/>
            <nite:child href="Bro028.B.segs.xml#id(Bro028.segment.598)"/>
            <nite:child href="Bro028.D.segs.xml#id(Bro028.segment.599)"/>
            <nite:child href="Bro028.B.segs.xml#id(Bro028.segment.600)"/>
            <nite:child href="Bro028.A.segs.xml#id(Bro028.segment.601)"/>
            <nite:child href="Bro028.B.segs.xml#id(Bro028.segment.602)"/>
            <nite:child href="Bro028.A.segs.xml#id(Bro028.segment.603)..id(Bro028.segment.605)"/>
            <nite:child href="Bro028.D.segs.xml#id(Bro028.segment.604)"/>
            <nite:child href="Bro028.A.segs.xml#id(Bro028.segment.606)"/>
            <nite:child href="Bro028.D.segs.xml#id(Bro028.segment.607)"/>
            <nite:child href="Bro028.A.segs.xml#id(Bro028.segment.608)"/>
            <nite:child href="Bro028.B.segs.xml#id(Bro028.segment.609)..id(Bro028.segment.611)"/>
            <nite:child href="Bro028.D.segs.xml#id(Bro028.segment.612)"/>
            <nite:child href="Bro028.B.segs.xml#id(Bro028.segment.613)"/>
            <nite:child href="Bro028.A.segs.xml#id(Bro028.segment.614)"/>
            <nite:child href="Bro028.D.segs.xml#id(Bro028.segment.615)"/>
            <nite:child href="Bro028.B.segs.xml#id(Bro028.segment.616)..id(Bro028.segment.621)"/>
            <nite:child href="Bro028.D.segs.xml#id(Bro028.segment.622)"/>
            <nite:child href="Bro028.B.segs.xml#id(Bro028.segment.623)..id(Bro028.segment.629)"/>
            <nite:child href="Bro028.D.segs.xml#id(Bro028.segment.630)"/>
            <nite:child href="Bro028.B.segs.xml#id(Bro028.segment.631)..id(Bro028.segment.638)"/>
            <nite:child href="Bro028.D.segs.xml#id(Bro028.segment.639)"/>
            <nite:child href="Bro028.B.segs.xml#id(Bro028.segment.640)..id(Bro028.segment.642)"/>
            <nite:child href="Bro028.A.segs.xml#id(Bro028.segment.643)..id(Bro028.segment.644)"/>
            <nite:child href="Bro028.B.segs.xml#id(Bro028.segment.645)..id(Bro028.segment.657)"/>
            <nite:child href="Bro028.D.segs.xml#id(Bro028.segment.658)"/>
            <nite:child href="Bro028.B.segs.xml#id(Bro028.segment.659)..id(Bro028.segment.669)"/>
            <nite:child href="Bro028.D.segs.xml#id(Bro028.segment.670)"/>
            <nite:child href="Bro028.A.segs.xml#id(Bro028.segment.671)"/>
            <nite:child href="Bro028.D.segs.xml#id(Bro028.segment.672)"/>
            <nite:child href="Bro028.E.segs.xml#id(Bro028.segment.674)"/>
            <nite:child href="Bro028.A.segs.xml#id(Bro028.segment.673)..id(Bro028.segment.676)"/>
            <nite:child href="Bro028.D.segs.xml#id(Bro028.segment.677)"/>
            <nite:child href="Bro028.A.segs.xml#id(Bro028.segment.678)"/>
            <nite:child href="Bro028.B.segs.xml#id(Bro028.segment.679)"/>
            <nite:child href="Bro028.A.segs.xml#id(Bro028.segment.680)"/>
            <nite:child href="Bro028.B.segs.xml#id(Bro028.segment.681)"/>
            <nite:child href="Bro028.A.segs.xml#id(Bro028.segment.682)..id(Bro028.segment.683)"/>
            <nite:child href="Bro028.B.segs.xml#id(Bro028.segment.684)"/>
            <nite:child href="Bro028.D.segs.xml#id(Bro028.segment.685)"/>
            <nite:child href="Bro028.B.segs.xml#id(Bro028.segment.686)"/>
            <nite:child href="Bro028.D.segs.xml#id(Bro028.segment.687)"/>
            <nite:child href="Bro028.B.segs.xml#id(Bro028.segment.688)"/>
            <nite:child href="Bro028.D.segs.xml#id(Bro028.segment.689)"/>
            <nite:child href="Bro028.B.segs.xml#id(Bro028.segment.690)"/>
            <nite:child href="Bro028.D.segs.xml#id(Bro028.segment.691)"/>
            <nite:child href="Bro028.B.segs.xml#id(Bro028.segment.692)..id(Bro028.segment.693)"/>
            <nite:child href="Bro028.D.segs.xml#id(Bro028.segment.694)"/>
            <nite:child href="Bro028.B.segs.xml#id(Bro028.segment.695)..id(Bro028.segment.698)"/>
            <nite:child href="Bro028.D.segs.xml#id(Bro028.segment.699)..id(Bro028.segment.701)"/>
            <nite:child href="Bro028.B.segs.xml#id(Bro028.segment.702)"/>
            <nite:child href="Bro028.D.segs.xml#id(Bro028.segment.703)..id(Bro028.segment.704)"/>
            <nite:child href="Bro028.A.segs.xml#id(Bro028.segment.705)"/>
            <nite:child href="Bro028.B.segs.xml#id(Bro028.segment.706)"/>
            <nite:child href="Bro028.D.segs.xml#id(Bro028.segment.707)"/>
            <nite:child href="Bro028.B.segs.xml#id(Bro028.segment.708)"/>
            <nite:child href="Bro028.A.segs.xml#id(Bro028.segment.709)"/>
            <nite:child href="Bro028.D.segs.xml#id(Bro028.segment.710)..id(Bro028.segment.711)"/>
            <nite:child href="Bro028.B.segs.xml#id(Bro028.segment.712)..id(Bro028.segment.713)"/>
            <nite:child href="Bro028.D.segs.xml#id(Bro028.segment.714)"/>
            <nite:child href="Bro028.B.segs.xml#id(Bro028.segment.715)..id(Bro028.segment.716)"/>
            <nite:child href="Bro028.E.segs.xml#id(Bro028.segment.717)"/>
            <nite:child href="Bro028.B.segs.xml#id(Bro028.segment.718)..id(Bro028.segment.719)"/>
            <nite:child href="Bro028.D.segs.xml#id(Bro028.segment.720)"/>
            <nite:child href="Bro028.B.segs.xml#id(Bro028.segment.722)"/>
            <nite:child href="Bro028.D.segs.xml#id(Bro028.segment.721)"/>
            <nite:child href="Bro028.E.segs.xml#id(Bro028.segment.723)"/>
            <nite:child href="Bro028.D.segs.xml#id(Bro028.segment.724)"/>
            <nite:child href="Bro028.E.segs.xml#id(Bro028.segment.725)"/>
            <nite:child href="Bro028.B.segs.xml#id(Bro028.segment.726)..id(Bro028.segment.727)"/>
            <nite:child href="Bro028.D.segs.xml#id(Bro028.segment.728)..id(Bro028.segment.729)"/>
            <nite:child href="Bro028.B.segs.xml#id(Bro028.segment.730)..id(Bro028.segment.732)"/>
            <nite:child href="Bro028.D.segs.xml#id(Bro028.segment.733)..id(Bro028.segment.734)"/>
            <nite:child href="Bro028.B.segs.xml#id(Bro028.segment.735)..id(Bro028.segment.737)"/>
            <nite:child href="Bro028.D.segs.xml#id(Bro028.segment.738)..id(Bro028.segment.739)"/>
            <nite:child href="Bro028.B.segs.xml#id(Bro028.segment.740)..id(Bro028.segment.742)"/>
            <nite:child href="Bro028.D.segs.xml#id(Bro028.segment.743)..id(Bro028.segment.744)"/>
            <nite:child href="Bro028.B.segs.xml#id(Bro028.segment.745)..id(Bro028.segment.746)"/>
            <nite:child href="Bro028.E.segs.xml#id(Bro028.segment.747)"/>
            <nite:child href="Bro028.B.segs.xml#id(Bro028.segment.748)..id(Bro028.segment.755)"/>
            <nite:child href="Bro028.D.segs.xml#id(Bro028.segment.756)..id(Bro028.segment.758)"/>
            <nite:child href="Bro028.B.segs.xml#id(Bro028.segment.759)"/>
            <nite:child href="Bro028.D.segs.xml#id(Bro028.segment.760)..id(Bro028.segment.761)"/>
            <nite:child href="Bro028.B.segs.xml#id(Bro028.segment.762)"/>
            <nite:child href="Bro028.A.segs.xml#id(Bro028.segment.763)"/>
            <nite:child href="Bro028.B.segs.xml#id(Bro028.segment.764)..id(Bro028.segment.769)"/>
            <nite:child href="Bro028.D.segs.xml#id(Bro028.segment.770)..id(Bro028.segment.771)"/>
            <nite:child href="Bro028.B.segs.xml#id(Bro028.segment.772)..id(Bro028.segment.774)"/>
            <nite:child href="Bro028.D.segs.xml#id(Bro028.segment.775)..id(Bro028.segment.776)"/>
            <nite:child href="Bro028.B.segs.xml#id(Bro028.segment.777)"/>
            <nite:child href="Bro028.D.segs.xml#id(Bro028.segment.778)"/>
            <nite:child href="Bro028.B.segs.xml#id(Bro028.segment.779)..id(Bro028.segment.781)"/>
         </topic>
         <nite:child href="Bro028.D.segs.xml#id(Bro028.segment.782)..id(Bro028.segment.783)"/>
         <nite:child href="Bro028.B.segs.xml#id(Bro028.segment.784)..id(Bro028.segment.793)"/>
         <nite:child href="Bro028.E.segs.xml#id(Bro028.segment.794)"/>
         <nite:child href="Bro028.B.segs.xml#id(Bro028.segment.795)"/>
         <nite:child href="Bro028.D.segs.xml#id(Bro028.segment.796)"/>
         <nite:child href="Bro028.B.segs.xml#id(Bro028.segment.797)..id(Bro028.segment.798)"/>
         <nite:child href="Bro028.D.segs.xml#id(Bro028.segment.799)"/>
         <nite:child href="Bro028.B.segs.xml#id(Bro028.segment.800)..id(Bro028.segment.801)"/>
         <nite:child href="Bro028.D.segs.xml#id(Bro028.segment.802)"/>
         <nite:child href="Bro028.B.segs.xml#id(Bro028.segment.803)..id(Bro028.segment.807)"/>
         <nite:child href="Bro028.D.segs.xml#id(Bro028.segment.808)"/>
         <nite:child href="Bro028.B.segs.xml#id(Bro028.segment.809)..id(Bro028.segment.810)"/>
         <nite:child href="Bro028.D.segs.xml#id(Bro028.segment.811)"/>
         <nite:child href="Bro028.E.segs.xml#id(Bro028.segment.813)"/>
         <nite:child href="Bro028.B.segs.xml#id(Bro028.segment.812)..id(Bro028.segment.814)"/>
         <nite:child href="Bro028.D.segs.xml#id(Bro028.segment.815)..id(Bro028.segment.816)"/>
         <nite:child href="Bro028.B.segs.xml#id(Bro028.segment.817)..id(Bro028.segment.818)"/>
      </topic>
   </topic>
   <topic nite:id="Bro028.topic.12" description="Adam: Mississippi State recognizer">
      <nite:child href="Bro028.B.segs.xml#id(Bro028.segment.819)..id(Bro028.segment.823)"/>
      <nite:child href="Bro028.A.segs.xml#id(Bro028.segment.824)..id(Bro028.segment.848)"/>
      <topic nite:id="Bro028.topic.13" description="performance, word error rates for cleaned speech">
         <nite:child href="Bro028.A.segs.xml#id(Bro028.segment.849)..id(Bro028.segment.856)"/>
         <nite:child href="Bro028.E.segs.xml#id(Bro028.segment.857)"/>
         <nite:child href="Bro028.A.segs.xml#id(Bro028.segment.858)..id(Bro028.segment.867)"/>
         <nite:child href="Bro028.B.segs.xml#id(Bro028.segment.868)"/>
         <nite:child href="Bro028.A.segs.xml#id(Bro028.segment.869)"/>
         <nite:child href="Bro028.B.segs.xml#id(Bro028.segment.870)"/>
         <nite:child href="Bro028.A.segs.xml#id(Bro028.segment.871)"/>
         <nite:child href="Bro028.B.segs.xml#id(Bro028.segment.872)"/>
         <nite:child href="Bro028.A.segs.xml#id(Bro028.segment.873)..id(Bro028.segment.875)"/>
         <nite:child href="Bro028.B.segs.xml#id(Bro028.segment.876)"/>
         <nite:child href="Bro028.A.segs.xml#id(Bro028.segment.877)..id(Bro028.segment.883)"/>
         <nite:child href="Bro028.B.segs.xml#id(Bro028.segment.884)"/>
         <nite:child href="Bro028.A.segs.xml#id(Bro028.segment.885)..id(Bro028.segment.886)"/>
         <nite:child href="Bro028.E.segs.xml#id(Bro028.segment.887)"/>
         <nite:child href="Bro028.A.segs.xml#id(Bro028.segment.888)..id(Bro028.segment.892)"/>
         <nite:child href="Bro028.B.segs.xml#id(Bro028.segment.893)"/>
         <nite:child href="Bro028.A.segs.xml#id(Bro028.segment.894)..id(Bro028.segment.896)"/>
         <nite:child href="Bro028.B.segs.xml#id(Bro028.segment.897)"/>
         <nite:child href="Bro028.A.segs.xml#id(Bro028.segment.898)..id(Bro028.segment.899)"/>
         <nite:child href="Bro028.B.segs.xml#id(Bro028.segment.900)"/>
         <nite:child href="Bro028.D.segs.xml#id(Bro028.segment.901)"/>
         <nite:child href="Bro028.A.segs.xml#id(Bro028.segment.902)"/>
         <nite:child href="Bro028.E.segs.xml#id(Bro028.segment.903)"/>
         <nite:child href="Bro028.A.segs.xml#id(Bro028.segment.904)"/>
         <nite:child href="Bro028.B.segs.xml#id(Bro028.segment.905)"/>
         <nite:child href="Bro028.A.segs.xml#id(Bro028.segment.906)"/>
         <nite:child href="Bro028.B.segs.xml#id(Bro028.segment.907)..id(Bro028.segment.911)"/>
         <nite:child href="Bro028.D.segs.xml#id(Bro028.segment.912)"/>
         <nite:child href="Bro028.A.segs.xml#id(Bro028.segment.913)"/>
         <nite:child href="Bro028.D.segs.xml#id(Bro028.segment.914)"/>
         <nite:child href="Bro028.A.segs.xml#id(Bro028.segment.915)"/>
         <nite:child href="Bro028.D.segs.xml#id(Bro028.segment.916)"/>
         <nite:child href="Bro028.B.segs.xml#id(Bro028.segment.917)..id(Bro028.segment.918)"/>
         <nite:child href="Bro028.D.segs.xml#id(Bro028.segment.919)"/>
         <nite:child href="Bro028.B.segs.xml#id(Bro028.segment.920)"/>
         <nite:child href="Bro028.D.segs.xml#id(Bro028.segment.921)"/>
         <nite:child href="Bro028.B.segs.xml#id(Bro028.segment.922)"/>
         <nite:child href="Bro028.D.segs.xml#id(Bro028.segment.924)"/>
         <nite:child href="Bro028.B.segs.xml#id(Bro028.segment.923)"/>
         <nite:child href="Bro028.A.segs.xml#id(Bro028.segment.925)"/>
         <nite:child href="Bro028.D.segs.xml#id(Bro028.segment.926)"/>
         <nite:child href="Bro028.B.segs.xml#id(Bro028.segment.927)"/>
         <nite:child href="Bro028.A.segs.xml#id(Bro028.segment.928)"/>
         <nite:child href="Bro028.B.segs.xml#id(Bro028.segment.929)..id(Bro028.segment.931)"/>
         <nite:child href="Bro028.A.segs.xml#id(Bro028.segment.932)"/>
         <nite:child href="Bro028.D.segs.xml#id(Bro028.segment.933)"/>
         <nite:child href="Bro028.A.segs.xml#id(Bro028.segment.934)"/>
         <nite:child href="Bro028.E.segs.xml#id(Bro028.segment.935)"/>
         <nite:child href="Bro028.D.segs.xml#id(Bro028.segment.936)"/>
         <nite:child href="Bro028.A.segs.xml#id(Bro028.segment.937)"/>
         <nite:child href="Bro028.D.segs.xml#id(Bro028.segment.938)"/>
         <nite:child href="Bro028.A.segs.xml#id(Bro028.segment.939)"/>
         <nite:child href="Bro028.D.segs.xml#id(Bro028.segment.940)"/>
         <nite:child href="Bro028.B.segs.xml#id(Bro028.segment.941)"/>
         <nite:child href="Bro028.A.segs.xml#id(Bro028.segment.942)"/>
         <nite:child href="Bro028.B.segs.xml#id(Bro028.segment.943)"/>
         <nite:child href="Bro028.A.segs.xml#id(Bro028.segment.944)"/>
         <nite:child href="Bro028.B.segs.xml#id(Bro028.segment.945)"/>
         <nite:child href="Bro028.D.segs.xml#id(Bro028.segment.946)"/>
         <nite:child href="Bro028.A.segs.xml#id(Bro028.segment.947)"/>
         <nite:child href="Bro028.E.segs.xml#id(Bro028.segment.948)"/>
         <nite:child href="Bro028.A.segs.xml#id(Bro028.segment.949)"/>
         <nite:child href="Bro028.E.segs.xml#id(Bro028.segment.950)"/>
      </topic>
      <topic nite:id="Bro028.topic.14" description="scripts">
         <nite:child href="Bro028.A.segs.xml#id(Bro028.segment.951)..id(Bro028.segment.959)"/>
         <nite:child href="Bro028.B.segs.xml#id(Bro028.segment.960)"/>
         <nite:child href="Bro028.A.segs.xml#id(Bro028.segment.961)..id(Bro028.segment.964)"/>
         <nite:child href="Bro028.B.segs.xml#id(Bro028.segment.965)"/>
         <nite:child href="Bro028.A.segs.xml#id(Bro028.segment.966)"/>
         <nite:child href="Bro028.B.segs.xml#id(Bro028.segment.967)..id(Bro028.segment.968)"/>
         <nite:child href="Bro028.A.segs.xml#id(Bro028.segment.969)"/>
         <nite:child href="Bro028.B.segs.xml#id(Bro028.segment.970)..id(Bro028.segment.971)"/>
         <nite:child href="Bro028.A.segs.xml#id(Bro028.segment.972)..id(Bro028.segment.973)"/>
         <nite:child href="Bro028.B.segs.xml#id(Bro028.segment.974)..id(Bro028.segment.975)"/>
         <nite:child href="Bro028.A.segs.xml#id(Bro028.segment.976)..id(Bro028.segment.978)"/>
         <nite:child href="Bro028.B.segs.xml#id(Bro028.segment.979)"/>
         <nite:child href="Bro028.A.segs.xml#id(Bro028.segment.980)"/>
         <nite:child href="Bro028.B.segs.xml#id(Bro028.segment.981)"/>
         <nite:child href="Bro028.A.segs.xml#id(Bro028.segment.982)"/>
         <nite:child href="Bro028.E.segs.xml#id(Bro028.segment.983)"/>
         <nite:child href="Bro028.B.segs.xml#id(Bro028.segment.984)..id(Bro028.segment.985)"/>
      </topic>
      <topic nite:id="Bro028.topic.15" description="upcoming evaluation">
         <nite:child href="Bro028.B.segs.xml#id(Bro028.segment.986)..id(Bro028.segment.988)"/>
         <nite:child href="Bro028.D.segs.xml#id(Bro028.segment.989)..id(Bro028.segment.990)"/>
         <nite:child href="Bro028.B.segs.xml#id(Bro028.segment.991)"/>
         <nite:child href="Bro028.D.segs.xml#id(Bro028.segment.992)..id(Bro028.segment.993)"/>
         <nite:child href="Bro028.B.segs.xml#id(Bro028.segment.994)"/>
         <topic nite:id="Bro028.topic.16" description="Aurora group decisions">
            <nite:child href="Bro028.A.segs.xml#id(Bro028.segment.995)"/>
            <nite:child href="Bro028.D.segs.xml#id(Bro028.segment.996)"/>
            <nite:child href="Bro028.A.segs.xml#id(Bro028.segment.997)..id(Bro028.segment.1,002)"/>
            <nite:child href="Bro028.D.segs.xml#id(Bro028.segment.1,003)"/>
            <nite:child href="Bro028.A.segs.xml#id(Bro028.segment.1,004)..id(Bro028.segment.1,011)"/>
            <nite:child href="Bro028.D.segs.xml#id(Bro028.segment.1,012)..id(Bro028.segment.1,014)"/>
            <nite:child href="Bro028.A.segs.xml#id(Bro028.segment.1,015)"/>
            <nite:child href="Bro028.D.segs.xml#id(Bro028.segment.1,016)..id(Bro028.segment.1,017)"/>
            <nite:child href="Bro028.B.segs.xml#id(Bro028.segment.1,018)"/>
            <nite:child href="Bro028.D.segs.xml#id(Bro028.segment.1,019)..id(Bro028.segment.1,026)"/>
            <nite:child href="Bro028.A.segs.xml#id(Bro028.segment.1,027)..id(Bro028.segment.1,029)"/>
            <nite:child href="Bro028.B.segs.xml#id(Bro028.segment.1,030)"/>
            <nite:child href="Bro028.D.segs.xml#id(Bro028.segment.1,031)"/>
            <nite:child href="Bro028.A.segs.xml#id(Bro028.segment.1,032)"/>
            <nite:child href="Bro028.D.segs.xml#id(Bro028.segment.1,033)"/>
            <nite:child href="Bro028.A.segs.xml#id(Bro028.segment.1,034)"/>
         </topic>
         <topic nite:id="Bro028.topic.17" description="who will run it">
            <nite:child href="Bro028.B.segs.xml#id(Bro028.segment.1,035)..id(Bro028.segment.1,036)"/>
            <nite:child href="Bro028.A.segs.xml#id(Bro028.segment.1,037)..id(Bro028.segment.1,038)"/>
            <nite:child href="Bro028.E.segs.xml#id(Bro028.segment.1,040)"/>
            <nite:child href="Bro028.B.segs.xml#id(Bro028.segment.1,039)"/>
            <nite:child href="Bro028.E.segs.xml#id(Bro028.segment.1,041)"/>
            <nite:child href="Bro028.B.segs.xml#id(Bro028.segment.1,042)"/>
            <nite:child href="Bro028.A.segs.xml#id(Bro028.segment.1,043)"/>
            <nite:child href="Bro028.B.segs.xml#id(Bro028.segment.1,044)"/>
            <nite:child href="Bro028.A.segs.xml#id(Bro028.segment.1,045)..id(Bro028.segment.1,049)"/>
            <nite:child href="Bro028.D.segs.xml#id(Bro028.segment.1,050)"/>
            <nite:child href="Bro028.A.segs.xml#id(Bro028.segment.1,051)..id(Bro028.segment.1,053)"/>
            <nite:child href="Bro028.D.segs.xml#id(Bro028.segment.1,054)"/>
            <nite:child href="Bro028.A.segs.xml#id(Bro028.segment.1,055)..id(Bro028.segment.1,060)"/>
            <nite:child href="Bro028.D.segs.xml#id(Bro028.segment.1,061)"/>
            <nite:child href="Bro028.A.segs.xml#id(Bro028.segment.1,062)..id(Bro028.segment.1,063)"/>
            <nite:child href="Bro028.D.segs.xml#id(Bro028.segment.1,064)"/>
            <nite:child href="Bro028.A.segs.xml#id(Bro028.segment.1,065)"/>
            <nite:child href="Bro028.D.segs.xml#id(Bro028.segment.1,066)"/>
            <nite:child href="Bro028.A.segs.xml#id(Bro028.segment.1,067)..id(Bro028.segment.1,074)"/>
            <nite:child href="Bro028.E.segs.xml#id(Bro028.segment.1,075)"/>
            <nite:child href="Bro028.A.segs.xml#id(Bro028.segment.1,076)..id(Bro028.segment.1,079)"/>
            <nite:child href="Bro028.D.segs.xml#id(Bro028.segment.1,080)"/>
            <nite:child href="Bro028.A.segs.xml#id(Bro028.segment.1,081)..id(Bro028.segment.1,082)"/>
            <nite:child href="Bro028.B.segs.xml#id(Bro028.segment.1,083)"/>
            <nite:child href="Bro028.A.segs.xml#id(Bro028.segment.1,084)"/>
         </topic>
      </topic>
      <topic nite:id="Bro028.topic.18" description="what to scale">
         <nite:child href="Bro028.B.segs.xml#id(Bro028.segment.1,085)..id(Bro028.segment.1,087)"/>
         <nite:child href="Bro028.D.segs.xml#id(Bro028.segment.1,088)"/>
         <nite:child href="Bro028.B.segs.xml#id(Bro028.segment.1,089)"/>
         <nite:child href="Bro028.E.segs.xml#id(Bro028.segment.1,090)"/>
         <nite:child href="Bro028.B.segs.xml#id(Bro028.segment.1,091)..id(Bro028.segment.1,105)"/>
         <nite:child href="Bro028.D.segs.xml#id(Bro028.segment.1,106)..id(Bro028.segment.1,107)"/>
         <nite:child href="Bro028.B.segs.xml#id(Bro028.segment.1,108)..id(Bro028.segment.1,116)"/>
         <nite:child href="Bro028.E.segs.xml#id(Bro028.segment.1,118)"/>
         <nite:child href="Bro028.B.segs.xml#id(Bro028.segment.1,117)..id(Bro028.segment.1,124)"/>
         <nite:child href="Bro028.D.segs.xml#id(Bro028.segment.1,125)"/>
         <nite:child href="Bro028.B.segs.xml#id(Bro028.segment.1,126)..id(Bro028.segment.1,127)"/>
         <nite:child href="Bro028.D.segs.xml#id(Bro028.segment.1,128)"/>
         <nite:child href="Bro028.B.segs.xml#id(Bro028.segment.1,129)"/>
         <nite:child href="Bro028.D.segs.xml#id(Bro028.segment.1,130)"/>
         <nite:child href="Bro028.E.segs.xml#id(Bro028.segment.1,131)"/>
         <nite:child href="Bro028.D.segs.xml#id(Bro028.segment.1,132)"/>
         <nite:child href="Bro028.B.segs.xml#id(Bro028.segment.1,133)..id(Bro028.segment.1,136)"/>
         <nite:child href="Bro028.D.segs.xml#id(Bro028.segment.1,137)"/>
         <nite:child href="Bro028.B.segs.xml#id(Bro028.segment.1,138)"/>
         <nite:child href="Bro028.D.segs.xml#id(Bro028.segment.1,139)"/>
         <nite:child href="Bro028.B.segs.xml#id(Bro028.segment.1,140)..id(Bro028.segment.1,145)"/>
         <nite:child href="Bro028.D.segs.xml#id(Bro028.segment.1,146)"/>
         <nite:child href="Bro028.B.segs.xml#id(Bro028.segment.1,147)"/>
         <nite:child href="Bro028.E.segs.xml#id(Bro028.segment.1,148)"/>
         <nite:child href="Bro028.B.segs.xml#id(Bro028.segment.1,149)..id(Bro028.segment.1,153)"/>
         <nite:child href="Bro028.D.segs.xml#id(Bro028.segment.1,154)"/>
         <nite:child href="Bro028.B.segs.xml#id(Bro028.segment.1,155)..id(Bro028.segment.1,167)"/>
         <nite:child href="Bro028.A.segs.xml#id(Bro028.segment.1,168)..id(Bro028.segment.1,171)"/>
         <nite:child href="Bro028.E.segs.xml#id(Bro028.segment.1,172)"/>
         <nite:child href="Bro028.A.segs.xml#id(Bro028.segment.1,173)..id(Bro028.segment.1,178)"/>
         <nite:child href="Bro028.B.segs.xml#id(Bro028.segment.1,179)"/>
         <nite:child href="Bro028.A.segs.xml#id(Bro028.segment.1,180)..id(Bro028.segment.1,185)"/>
         <nite:child href="Bro028.B.segs.xml#id(Bro028.segment.1,186)"/>
         <nite:child href="Bro028.A.segs.xml#id(Bro028.segment.1,187)..id(Bro028.segment.1,190)"/>
         <nite:child href="Bro028.B.segs.xml#id(Bro028.segment.1,191)..id(Bro028.segment.1,192)"/>
         <nite:child href="Bro028.A.segs.xml#id(Bro028.segment.1,193)"/>
         <nite:child href="Bro028.B.segs.xml#id(Bro028.segment.1,194)"/>
         <nite:child href="Bro028.A.segs.xml#id(Bro028.segment.1,195)"/>
         <nite:child href="Bro028.B.segs.xml#id(Bro028.segment.1,196)..id(Bro028.segment.1,197)"/>
         <nite:child href="Bro028.A.segs.xml#id(Bro028.segment.1,198)"/>
         <nite:child href="Bro028.B.segs.xml#id(Bro028.segment.1,199)..id(Bro028.segment.1,200)"/>
         <nite:child href="Bro028.A.segs.xml#id(Bro028.segment.1,201)"/>
         <nite:child href="Bro028.B.segs.xml#id(Bro028.segment.1,202)..id(Bro028.segment.1,203)"/>
         <nite:child href="Bro028.A.segs.xml#id(Bro028.segment.1,204)"/>
         <nite:child href="Bro028.B.segs.xml#id(Bro028.segment.1,205)..id(Bro028.segment.1,207)"/>
         <nite:child href="Bro028.D.segs.xml#id(Bro028.segment.1,208)"/>
         <nite:child href="Bro028.A.segs.xml#id(Bro028.segment.1,209)"/>
      </topic>
      <topic nite:id="Bro028.topic.19" description="system description">
         <nite:child href="Bro028.E.segs.xml#id(Bro028.segment.1,210)"/>
         <nite:child href="Bro028.A.segs.xml#id(Bro028.segment.1,211)..id(Bro028.segment.1,212)"/>
         <nite:child href="Bro028.E.segs.xml#id(Bro028.segment.1,213)..id(Bro028.segment.1,214)"/>
         <nite:child href="Bro028.A.segs.xml#id(Bro028.segment.1,215)..id(Bro028.segment.1,216)"/>
         <nite:child href="Bro028.E.segs.xml#id(Bro028.segment.1,217)"/>
         <nite:child href="Bro028.A.segs.xml#id(Bro028.segment.1,218)..id(Bro028.segment.1,225)"/>
         <nite:child href="Bro028.B.segs.xml#id(Bro028.segment.1,226)"/>
         <nite:child href="Bro028.E.segs.xml#id(Bro028.segment.1,227)"/>
         <nite:child href="Bro028.A.segs.xml#id(Bro028.segment.1,228)"/>
         <nite:child href="Bro028.B.segs.xml#id(Bro028.segment.1,229)..id(Bro028.segment.1,230)"/>
         <nite:child href="Bro028.A.segs.xml#id(Bro028.segment.1,231)..id(Bro028.segment.1,232)"/>
         <nite:child href="Bro028.B.segs.xml#id(Bro028.segment.1,233)"/>
         <nite:child href="Bro028.E.segs.xml#id(Bro028.segment.1,234)"/>
         <nite:child href="Bro028.B.segs.xml#id(Bro028.segment.1,235)..id(Bro028.segment.1,237)"/>
         <nite:child href="Bro028.E.segs.xml#id(Bro028.segment.1,238)"/>
         <nite:child href="Bro028.A.segs.xml#id(Bro028.segment.1,239)"/>
         <nite:child href="Bro028.B.segs.xml#id(Bro028.segment.1,240)"/>
         <nite:child href="Bro028.A.segs.xml#id(Bro028.segment.1,241)"/>
         <nite:child href="Bro028.E.segs.xml#id(Bro028.segment.1,243)"/>
         <nite:child href="Bro028.B.segs.xml#id(Bro028.segment.1,242)"/>
         <nite:child href="Bro028.E.segs.xml#id(Bro028.segment.1,244)"/>
         <nite:child href="Bro028.A.segs.xml#id(Bro028.segment.1,245)..id(Bro028.segment.1,246)"/>
         <nite:child href="Bro028.B.segs.xml#id(Bro028.segment.1,247)"/>
         <nite:child href="Bro028.A.segs.xml#id(Bro028.segment.1,248)..id(Bro028.segment.1,249)"/>
         <nite:child href="Bro028.B.segs.xml#id(Bro028.segment.1,250)"/>
         <nite:child href="Bro028.A.segs.xml#id(Bro028.segment.1,251)..id(Bro028.segment.1,256)"/>
         <nite:child href="Bro028.E.segs.xml#id(Bro028.segment.1,257)"/>
         <nite:child href="Bro028.B.segs.xml#id(Bro028.segment.1,258)"/>
      </topic>
   </topic>
   <topic nite:id="Bro028.topic.20" description="Guenter's role in the Aurora project">
      <nite:child href="Bro028.B.segs.xml#id(Bro028.segment.1,259)..id(Bro028.segment.1,263)"/>
      <nite:child href="Bro028.D.segs.xml#id(Bro028.segment.1,264)"/>
      <nite:child href="Bro028.B.segs.xml#id(Bro028.segment.1,265)..id(Bro028.segment.1,270)"/>
      <nite:child href="Bro028.D.segs.xml#id(Bro028.segment.1,271)..id(Bro028.segment.1,272)"/>
      <nite:child href="Bro028.B.segs.xml#id(Bro028.segment.1,273)"/>
      <nite:child href="Bro028.E.segs.xml#id(Bro028.segment.1,274)"/>
      <nite:child href="Bro028.D.segs.xml#id(Bro028.segment.1,275)"/>
      <nite:child href="Bro028.B.segs.xml#id(Bro028.segment.1,276)"/>
      <nite:child href="Bro028.E.segs.xml#id(Bro028.segment.1,277)"/>
      <nite:child href="Bro028.B.segs.xml#id(Bro028.segment.1,278)..id(Bro028.segment.1,280)"/>
      <nite:child href="Bro028.D.segs.xml#id(Bro028.segment.1,281)"/>
      <nite:child href="Bro028.B.segs.xml#id(Bro028.segment.1,282)"/>
      <topic nite:id="Bro028.topic.21" description="histogram equalization">
         <nite:child href="Bro028.B.segs.xml#id(Bro028.segment.1,283)..id(Bro028.segment.1,287)"/>
         <nite:child href="Bro028.D.segs.xml#id(Bro028.segment.1,288)"/>
         <nite:child href="Bro028.B.segs.xml#id(Bro028.segment.1,289)"/>
         <nite:child href="Bro028.D.segs.xml#id(Bro028.segment.1,290)..id(Bro028.segment.1,293)"/>
         <nite:child href="Bro028.B.segs.xml#id(Bro028.segment.1,294)"/>
         <nite:child href="Bro028.D.segs.xml#id(Bro028.segment.1,295)..id(Bro028.segment.1,296)"/>
         <nite:child href="Bro028.B.segs.xml#id(Bro028.segment.1,297)..id(Bro028.segment.1,298)"/>
         <nite:child href="Bro028.D.segs.xml#id(Bro028.segment.1,299)"/>
         <nite:child href="Bro028.B.segs.xml#id(Bro028.segment.1,300)..id(Bro028.segment.1,304)"/>
         <nite:child href="Bro028.E.segs.xml#id(Bro028.segment.1,305)"/>
         <nite:child href="Bro028.D.segs.xml#id(Bro028.segment.1,306)"/>
         <nite:child href="Bro028.B.segs.xml#id(Bro028.segment.1,307)..id(Bro028.segment.1,308)"/>
         <nite:child href="Bro028.E.segs.xml#id(Bro028.segment.1,309)"/>
         <nite:child href="Bro028.B.segs.xml#id(Bro028.segment.1,310)..id(Bro028.segment.1,311)"/>
         <nite:child href="Bro028.A.segs.xml#id(Bro028.segment.1,312)"/>
         <nite:child href="Bro028.B.segs.xml#id(Bro028.segment.1,313)..id(Bro028.segment.1,327)"/>
         <nite:child href="Bro028.E.segs.xml#id(Bro028.segment.1,328)"/>
         <nite:child href="Bro028.A.segs.xml#id(Bro028.segment.1,329)"/>
         <nite:child href="Bro028.B.segs.xml#id(Bro028.segment.1,330)"/>
         <nite:child href="Bro028.D.segs.xml#id(Bro028.segment.1,331)"/>
         <nite:child href="Bro028.A.segs.xml#id(Bro028.segment.1,332)..id(Bro028.segment.1,333)"/>
         <nite:child href="Bro028.B.segs.xml#id(Bro028.segment.1,334)"/>
         <nite:child href="Bro028.A.segs.xml#id(Bro028.segment.1,335)"/>
         <nite:child href="Bro028.B.segs.xml#id(Bro028.segment.1,336)..id(Bro028.segment.1,338)"/>
         <nite:child href="Bro028.D.segs.xml#id(Bro028.segment.1,339)"/>
         <nite:child href="Bro028.E.segs.xml#id(Bro028.segment.1,340)"/>
         <nite:child href="Bro028.D.segs.xml#id(Bro028.segment.1,341)"/>
         <nite:child href="Bro028.B.segs.xml#id(Bro028.segment.1,342)..id(Bro028.segment.1,344)"/>
         <nite:child href="Bro028.A.segs.xml#id(Bro028.segment.1,343)"/>
         <nite:child href="Bro028.B.segs.xml#id(Bro028.segment.1,345)"/>
         <nite:child href="Bro028.D.segs.xml#id(Bro028.segment.1,346)..id(Bro028.segment.1,347)"/>
         <nite:child href="Bro028.A.segs.xml#id(Bro028.segment.1,348)"/>
         <nite:child href="Bro028.B.segs.xml#id(Bro028.segment.1,349)..id(Bro028.segment.1,350)"/>
         <nite:child href="Bro028.A.segs.xml#id(Bro028.segment.1,351)..id(Bro028.segment.1,352)"/>
         <nite:child href="Bro028.B.segs.xml#id(Bro028.segment.1,353)"/>
         <nite:child href="Bro028.A.segs.xml#id(Bro028.segment.1,354)..id(Bro028.segment.1,356)"/>
         <nite:child href="Bro028.B.segs.xml#id(Bro028.segment.1,357)"/>
         <nite:child href="Bro028.A.segs.xml#id(Bro028.segment.1,358)"/>
         <nite:child href="Bro028.B.segs.xml#id(Bro028.segment.1,359)"/>
         <nite:child href="Bro028.E.segs.xml#id(Bro028.segment.1,360)"/>
         <nite:child href="Bro028.A.segs.xml#id(Bro028.segment.1,361)"/>
         <nite:child href="Bro028.B.segs.xml#id(Bro028.segment.1,362)..id(Bro028.segment.1,366)"/>
         <nite:child href="Bro028.A.segs.xml#id(Bro028.segment.1,367)..id(Bro028.segment.1,370)"/>
         <nite:child href="Bro028.B.segs.xml#id(Bro028.segment.1,371)"/>
         <nite:child href="Bro028.A.segs.xml#id(Bro028.segment.1,372)"/>
         <nite:child href="Bro028.B.segs.xml#id(Bro028.segment.1,373)"/>
         <nite:child href="Bro028.A.segs.xml#id(Bro028.segment.1,374)"/>
         <nite:child href="Bro028.B.segs.xml#id(Bro028.segment.1,375)..id(Bro028.segment.1,376)"/>
         <nite:child href="Bro028.A.segs.xml#id(Bro028.segment.1,377)..id(Bro028.segment.1,379)"/>
         <nite:child href="Bro028.B.segs.xml#id(Bro028.segment.1,380)"/>
         <nite:child href="Bro028.A.segs.xml#id(Bro028.segment.1,381)"/>
         <nite:child href="Bro028.B.segs.xml#id(Bro028.segment.1,382)"/>
         <nite:child href="Bro028.A.segs.xml#id(Bro028.segment.1,383)"/>
         <nite:child href="Bro028.B.segs.xml#id(Bro028.segment.1,384)..id(Bro028.segment.1,389)"/>
         <nite:child href="Bro028.A.segs.xml#id(Bro028.segment.1,390)"/>
         <nite:child href="Bro028.B.segs.xml#id(Bro028.segment.1,391)..id(Bro028.segment.1,401)"/>
         <nite:child href="Bro028.A.segs.xml#id(Bro028.segment.1,402)"/>
         <nite:child href="Bro028.B.segs.xml#id(Bro028.segment.1,403)..id(Bro028.segment.1,413)"/>
      </topic>
      <nite:child href="Bro028.B.segs.xml#id(Bro028.segment.1,414)..id(Bro028.segment.1,417)"/>
      <nite:child href="Bro028.D.segs.xml#id(Bro028.segment.1,418)..id(Bro028.segment.1,420)"/>
      <nite:child href="Bro028.E.segs.xml#id(Bro028.segment.1,421)"/>
      <nite:child href="Bro028.B.segs.xml#id(Bro028.segment.1,422)"/>
      <nite:child href="Bro028.D.segs.xml#id(Bro028.segment.1,423)"/>
      <nite:child href="Bro028.B.segs.xml#id(Bro028.segment.1,424)"/>
      <nite:child href="Bro028.D.segs.xml#id(Bro028.segment.1,425)"/>
      <nite:child href="Bro028.B.segs.xml#id(Bro028.segment.1,426)"/>
      <nite:child href="Bro028.D.segs.xml#id(Bro028.segment.1,427)"/>
      <nite:child href="Bro028.B.segs.xml#id(Bro028.segment.1,428)"/>
      <nite:child href="Bro028.D.segs.xml#id(Bro028.segment.1,429)"/>
      <nite:child href="Bro028.B.segs.xml#id(Bro028.segment.1,430)..id(Bro028.segment.1,431)"/>
      <nite:child href="Bro028.D.segs.xml#id(Bro028.segment.1,432)"/>
      <nite:child href="Bro028.B.segs.xml#id(Bro028.segment.1,433)..id(Bro028.segment.1,436)"/>
   </topic>
   <topic nite:id="Bro028.topic.22" description="report from Barry">
      <topic nite:id="Bro028.topic.23" description="Michael Kleinschmidt's auditory model, collaboration">
         <nite:child href="Bro028.B.segs.xml#id(Bro028.segment.1,437)"/>
         <nite:child href="Bro028.D.segs.xml#id(Bro028.segment.1,438)"/>
         <nite:child href="Bro028.B.segs.xml#id(Bro028.segment.1,439)..id(Bro028.segment.1,446)"/>
         <nite:child href="Bro028.C.segs.xml#id(Bro028.segment.1,447)..id(Bro028.segment.1,457)"/>
         <nite:child href="Bro028.D.segs.xml#id(Bro028.segment.1,458)"/>
         <nite:child href="Bro028.C.segs.xml#id(Bro028.segment.1,459)..id(Bro028.segment.1,473)"/>
         <nite:child href="Bro028.B.segs.xml#id(Bro028.segment.1,474)"/>
         <topic nite:id="Bro028.topic.24" description="speech recognition features">
            <nite:child href="Bro028.C.segs.xml#id(Bro028.segment.1,475)..id(Bro028.segment.1,559)"/>
            <nite:child href="Bro028.A.segs.xml#id(Bro028.segment.1,560)"/>
            <nite:child href="Bro028.B.segs.xml#id(Bro028.segment.1,561)"/>
         </topic>
         <topic nite:id="Bro028.topic.25" description="feature selection methods">
            <nite:child href="Bro028.A.segs.xml#id(Bro028.segment.1,562)"/>
            <nite:child href="Bro028.C.segs.xml#id(Bro028.segment.1,563)..id(Bro028.segment.1,565)"/>
            <nite:child href="Bro028.E.segs.xml#id(Bro028.segment.1,566)"/>
            <nite:child href="Bro028.C.segs.xml#id(Bro028.segment.1,567)..id(Bro028.segment.1,580)"/>
            <nite:child href="Bro028.D.segs.xml#id(Bro028.segment.1,581)"/>
            <nite:child href="Bro028.C.segs.xml#id(Bro028.segment.1,582)..id(Bro028.segment.1,588)"/>
            <nite:child href="Bro028.B.segs.xml#id(Bro028.segment.1,589)"/>
            <nite:child href="Bro028.C.segs.xml#id(Bro028.segment.1,590)..id(Bro028.segment.1,591)"/>
            <nite:child href="Bro028.B.segs.xml#id(Bro028.segment.1,592)"/>
            <nite:child href="Bro028.C.segs.xml#id(Bro028.segment.1,593)"/>
            <nite:child href="Bro028.B.segs.xml#id(Bro028.segment.1,594)"/>
            <nite:child href="Bro028.C.segs.xml#id(Bro028.segment.1,595)..id(Bro028.segment.1,597)"/>
            <nite:child href="Bro028.A.segs.xml#id(Bro028.segment.1,598)..id(Bro028.segment.1,599)"/>
            <nite:child href="Bro028.B.segs.xml#id(Bro028.segment.1,600)"/>
            <nite:child href="Bro028.A.segs.xml#id(Bro028.segment.1,601)..id(Bro028.segment.1,602)"/>
            <nite:child href="Bro028.B.segs.xml#id(Bro028.segment.1,603)"/>
            <nite:child href="Bro028.E.segs.xml#id(Bro028.segment.1,604)"/>
            <nite:child href="Bro028.B.segs.xml#id(Bro028.segment.1,605)"/>
            <nite:child href="Bro028.A.segs.xml#id(Bro028.segment.1,606)"/>
            <nite:child href="Bro028.B.segs.xml#id(Bro028.segment.1,607)..id(Bro028.segment.1,655)"/>
            <nite:child href="Bro028.C.segs.xml#id(Bro028.segment.1,656)"/>
            <nite:child href="Bro028.B.segs.xml#id(Bro028.segment.1,657)..id(Bro028.segment.1,658)"/>
            <nite:child href="Bro028.E.segs.xml#id(Bro028.segment.1,659)"/>
            <nite:child href="Bro028.C.segs.xml#id(Bro028.segment.1,660)"/>
            <nite:child href="Bro028.B.segs.xml#id(Bro028.segment.1,661)..id(Bro028.segment.1,676)"/>
            <nite:child href="Bro028.A.segs.xml#id(Bro028.segment.1,677)"/>
            <nite:child href="Bro028.B.segs.xml#id(Bro028.segment.1,678)..id(Bro028.segment.1,699)"/>
            <nite:child href="Bro028.E.segs.xml#id(Bro028.segment.1,700)"/>
         </topic>
         <topic nite:id="Bro028.topic.26" description="multi-stream application">
            <nite:child href="Bro028.B.segs.xml#id(Bro028.segment.1,701)..id(Bro028.segment.1,703)"/>
            <nite:child href="Bro028.E.segs.xml#id(Bro028.segment.1,704)"/>
            <nite:child href="Bro028.B.segs.xml#id(Bro028.segment.1,705)..id(Bro028.segment.1,707)"/>
            <nite:child href="Bro028.E.segs.xml#id(Bro028.segment.1,708)"/>
            <nite:child href="Bro028.B.segs.xml#id(Bro028.segment.1,709)"/>
            <nite:child href="Bro028.E.segs.xml#id(Bro028.segment.1,710)"/>
            <nite:child href="Bro028.B.segs.xml#id(Bro028.segment.1,711)..id(Bro028.segment.1,736)"/>
            <nite:child href="Bro028.E.segs.xml#id(Bro028.segment.1,737)"/>
            <nite:child href="Bro028.B.segs.xml#id(Bro028.segment.1,738)"/>
            <nite:child href="Bro028.E.segs.xml#id(Bro028.segment.1,739)"/>
            <nite:child href="Bro028.B.segs.xml#id(Bro028.segment.1,740)"/>
         </topic>
         <topic nite:id="Bro028.topic.27" description="correlation with human neural processing, constraints">
            <nite:child href="Bro028.E.segs.xml#id(Bro028.segment.1,741)"/>
            <nite:child href="Bro028.B.segs.xml#id(Bro028.segment.1,742)"/>
            <nite:child href="Bro028.E.segs.xml#id(Bro028.segment.1,743)..id(Bro028.segment.1,749)"/>
            <nite:child href="Bro028.C.segs.xml#id(Bro028.segment.1,750)"/>
            <nite:child href="Bro028.E.segs.xml#id(Bro028.segment.1,751)..id(Bro028.segment.1,756)"/>
            <nite:child href="Bro028.B.segs.xml#id(Bro028.segment.1,757)"/>
            <nite:child href="Bro028.E.segs.xml#id(Bro028.segment.1,758)..id(Bro028.segment.1,767)"/>
            <nite:child href="Bro028.B.segs.xml#id(Bro028.segment.1,768)..id(Bro028.segment.1,769)"/>
            <nite:child href="Bro028.A.segs.xml#id(Bro028.segment.1,771)"/>
            <nite:child href="Bro028.B.segs.xml#id(Bro028.segment.1,770)..id(Bro028.segment.1,772)"/>
            <nite:child href="Bro028.E.segs.xml#id(Bro028.segment.1,773)"/>
            <nite:child href="Bro028.B.segs.xml#id(Bro028.segment.1,774)..id(Bro028.segment.1,786)"/>
            <nite:child href="Bro028.E.segs.xml#id(Bro028.segment.1,787)"/>
            <nite:child href="Bro028.C.segs.xml#id(Bro028.segment.1,788)"/>
            <nite:child href="Bro028.B.segs.xml#id(Bro028.segment.1,789)..id(Bro028.segment.1,798)"/>
            <nite:child href="Bro028.E.segs.xml#id(Bro028.segment.1,799)"/>
            <nite:child href="Bro028.B.segs.xml#id(Bro028.segment.1,800)..id(Bro028.segment.1,806)"/>
            <nite:child href="Bro028.D.segs.xml#id(Bro028.segment.1,807)"/>
            <nite:child href="Bro028.E.segs.xml#id(Bro028.segment.1,808)"/>
            <nite:child href="Bro028.B.segs.xml#id(Bro028.segment.1,809)"/>
            <nite:child href="Bro028.D.segs.xml#id(Bro028.segment.1,811)"/>
            <nite:child href="Bro028.B.segs.xml#id(Bro028.segment.1,810)..id(Bro028.segment.1,815)"/>
            <nite:child href="Bro028.D.segs.xml#id(Bro028.segment.1,816)"/>
            <nite:child href="Bro028.E.segs.xml#id(Bro028.segment.1,817)"/>
            <nite:child href="Bro028.C.segs.xml#id(Bro028.segment.1,818)"/>
            <nite:child href="Bro028.D.segs.xml#id(Bro028.segment.1,819)"/>
            <nite:child href="Bro028.B.segs.xml#id(Bro028.segment.1,820)..id(Bro028.segment.1,821)"/>
            <nite:child href="Bro028.E.segs.xml#id(Bro028.segment.1,822)"/>
            <nite:child href="Bro028.B.segs.xml#id(Bro028.segment.1,824)"/>
            <nite:child href="Bro028.D.segs.xml#id(Bro028.segment.1,823)"/>
            <nite:child href="Bro028.B.segs.xml#id(Bro028.segment.1,825)..id(Bro028.segment.1,826)"/>
            <nite:child href="Bro028.D.segs.xml#id(Bro028.segment.1,827)"/>
            <nite:child href="Bro028.B.segs.xml#id(Bro028.segment.1,828)..id(Bro028.segment.1,832)"/>
         </topic>
      </topic>
      <topic nite:id="Bro028.topic.28" description="intermediate category classifiers, discriminating phonemic classes">
         <nite:child href="Bro028.B.segs.xml#id(Bro028.segment.1,833)"/>
         <nite:child href="Bro028.E.segs.xml#id(Bro028.segment.1,834)..id(Bro028.segment.1,835)"/>
         <nite:child href="Bro028.B.segs.xml#id(Bro028.segment.1,836)..id(Bro028.segment.1,837)"/>
         <nite:child href="Bro028.E.segs.xml#id(Bro028.segment.1,838)..id(Bro028.segment.1,842)"/>
         <nite:child href="Bro028.D.segs.xml#id(Bro028.segment.1,843)"/>
         <nite:child href="Bro028.E.segs.xml#id(Bro028.segment.1,844)..id(Bro028.segment.1,845)"/>
         <nite:child href="Bro028.B.segs.xml#id(Bro028.segment.1,846)"/>
         <nite:child href="Bro028.E.segs.xml#id(Bro028.segment.1,847)..id(Bro028.segment.1,870)"/>
         <nite:child href="Bro028.A.segs.xml#id(Bro028.segment.1,871)"/>
         <nite:child href="Bro028.E.segs.xml#id(Bro028.segment.1,872)..id(Bro028.segment.1,881)"/>
         <nite:child href="Bro028.B.segs.xml#id(Bro028.segment.1,882)..id(Bro028.segment.1,883)"/>
         <nite:child href="Bro028.E.segs.xml#id(Bro028.segment.1,884)..id(Bro028.segment.1,885)"/>
         <nite:child href="Bro028.B.segs.xml#id(Bro028.segment.1,886)..id(Bro028.segment.1,888)"/>
         <nite:child href="Bro028.E.segs.xml#id(Bro028.segment.1,889)..id(Bro028.segment.1,890)"/>
         <nite:child href="Bro028.B.segs.xml#id(Bro028.segment.1,891)..id(Bro028.segment.1,892)"/>
         <nite:child href="Bro028.E.segs.xml#id(Bro028.segment.1,893)..id(Bro028.segment.1,894)"/>
         <nite:child href="Bro028.B.segs.xml#id(Bro028.segment.1,895)..id(Bro028.segment.1,917)"/>
         <nite:child href="Bro028.C.segs.xml#id(Bro028.segment.1,918)"/>
         <nite:child href="Bro028.B.segs.xml#id(Bro028.segment.1,919)"/>
         <nite:child href="Bro028.E.segs.xml#id(Bro028.segment.1,920)"/>
         <nite:child href="Bro028.B.segs.xml#id(Bro028.segment.1,921)"/>
         <nite:child href="Bro028.E.segs.xml#id(Bro028.segment.1,922)..id(Bro028.segment.1,924)"/>
      </topic>
      <topic nite:id="Bro028.topic.29" description="graphical model creation">
         <nite:child href="Bro028.E.segs.xml#id(Bro028.segment.1,925)..id(Bro028.segment.1,938)"/>
         <nite:child href="Bro028.B.segs.xml#id(Bro028.segment.1,939)"/>
         <nite:child href="Bro028.E.segs.xml#id(Bro028.segment.1,940)..id(Bro028.segment.1,943)"/>
         <nite:child href="Bro028.D.segs.xml#id(Bro028.segment.1,945)"/>
      </topic>
   </topic>
   <topic nite:id="Bro028.topic.30" description="closing">
      <nite:child href="Bro028.B.segs.xml#id(Bro028.segment.1,944)..id(Bro028.segment.1,949)"/>
      <nite:child href="Bro028.E.segs.xml#id(Bro028.segment.1,950)..id(Bro028.segment.1,952)"/>
      <nite:child href="Bro028.B.segs.xml#id(Bro028.segment.1,953)"/>
      <nite:child href="Bro028.A.segs.xml#id(Bro028.segment.1,954)"/>
      <nite:child href="Bro028.E.segs.xml#id(Bro028.segment.1,955)"/>
      <nite:child href="Bro028.B.segs.xml#id(Bro028.segment.1,956)"/>
      <topic nite:id="Bro028.topic.31" description="digit task">
         <nite:child href="Bro028.B.segs.xml#id(Bro028.segment.1,957)..id(Bro028.segment.1,960)"/>
         <nite:child href="Bro028.E.segs.xml#id(Bro028.segment.1,961)"/>
         <nite:child href="Bro028.B.segs.xml#id(Bro028.segment.1,962)..id(Bro028.segment.1,968)"/>
         <nite:child href="Bro028.E.segs.xml#id(Bro028.segment.1,969)..id(Bro028.segment.1,978)"/>
         <nite:child href="Bro028.B.segs.xml#id(Bro028.segment.1,979)"/>
         <nite:child href="Bro028.A.segs.xml#id(Bro028.segment.1,980)..id(Bro028.segment.1,981)"/>
         <nite:child href="Bro028.B.segs.xml#id(Bro028.segment.1,982)"/>
         <nite:child href="Bro028.A.segs.xml#id(Bro028.segment.1,983)"/>
         <nite:child href="Bro028.B.segs.xml#id(Bro028.segment.1,984)"/>
         <nite:child href="Bro028.A.segs.xml#id(Bro028.segment.1,985)..id(Bro028.segment.1,986)"/>
         <nite:child href="Bro028.B.segs.xml#id(Bro028.segment.1,987)"/>
         <nite:child href="Bro028.A.segs.xml#id(Bro028.segment.1,988)..id(Bro028.segment.1,992)"/>
         <nite:child href="Bro028.D.segs.xml#id(Bro028.segment.1,993)..id(Bro028.segment.1,995)"/>
         <nite:child href="Bro028.B.segs.xml#id(Bro028.segment.1,996)"/>
         <nite:child href="Bro028.D.segs.xml#id(Bro028.segment.1,997)..id(Bro028.segment.2,000)"/>
         <nite:child href="Bro028.B.segs.xml#id(Bro028.segment.2,001)"/>
         <nite:child href="Bro028.D.segs.xml#id(Bro028.segment.2,002)..id(Bro028.segment.2,006)"/>
         <nite:child href="Bro028.C.segs.xml#id(Bro028.segment.2,007)..id(Bro028.segment.2,008)"/>
         <nite:child href="Bro028.A.segs.xml#id(Bro028.segment.2,009)"/>
         <nite:child href="Bro028.C.segs.xml#id(Bro028.segment.2,010)..id(Bro028.segment.2,013)"/>
         <nite:child href="Bro028.B.segs.xml#id(Bro028.segment.2,014)"/>
         <nite:child href="Bro028.C.segs.xml#id(Bro028.segment.2,015)..id(Bro028.segment.2,017)"/>
      </topic>
      <nite:child href="Bro028.A.segs.xml#id(Bro028.segment.2,018)"/>
      <nite:child href="Bro028.B.segs.xml#id(Bro028.segment.2,019)"/>
   </topic>
</nite:root>