<?xml version="1.0" encoding="ISO-8859-1" standalone="yes"?>
<nite:root nite:id="Bro014.topic" xmlns:nite="http://nite.sourceforge.net/">
   <topic nite:id="Bro014.topic.1" description="opening">
      <topic nite:id="Bro014.topic.2" description="chitchat">
         <nite:child href="Bro014.A.segs.xml#id(Bro014.segment.1)"/>
         <nite:child href="Bro014.D.segs.xml#id(Bro014.segment.2)"/>
         <nite:child href="Bro014.B.segs.xml#id(Bro014.segment.3)"/>
         <nite:child href="Bro014.F.segs.xml#id(Bro014.segment.4)"/>
         <nite:child href="Bro014.B.segs.xml#id(Bro014.segment.5)"/>
         <nite:child href="Bro014.D.segs.xml#id(Bro014.segment.6)"/>
         <nite:child href="Bro014.A.segs.xml#id(Bro014.segment.7)"/>
         <nite:child href="Bro014.D.segs.xml#id(Bro014.segment.8)"/>
         <nite:child href="Bro014.E.segs.xml#id(Bro014.segment.9)"/>
         <nite:child href="Bro014.B.segs.xml#id(Bro014.segment.10)"/>
         <nite:child href="Bro014.C.segs.xml#id(Bro014.segment.11)"/>
         <nite:child href="Bro014.B.segs.xml#id(Bro014.segment.12)"/>
         <nite:child href="Bro014.F.segs.xml#id(Bro014.segment.13)"/>
         <nite:child href="Bro014.E.segs.xml#id(Bro014.segment.14)..id(Bro014.segment.15)"/>
         <nite:child href="Bro014.A.segs.xml#id(Bro014.segment.16)"/>
         <nite:child href="Bro014.B.segs.xml#id(Bro014.segment.17)"/>
         <nite:child href="Bro014.A.segs.xml#id(Bro014.segment.18)"/>
         <nite:child href="Bro014.E.segs.xml#id(Bro014.segment.19)"/>
         <nite:child href="Bro014.C.segs.xml#id(Bro014.segment.20)"/>
         <nite:child href="Bro014.A.segs.xml#id(Bro014.segment.21)"/>
         <nite:child href="Bro014.D.segs.xml#id(Bro014.segment.22)"/>
         <nite:child href="Bro014.C.segs.xml#id(Bro014.segment.23)"/>
         <nite:child href="Bro014.B.segs.xml#id(Bro014.segment.24)..id(Bro014.segment.25)"/>
         <nite:child href="Bro014.E.segs.xml#id(Bro014.segment.27)"/>
         <nite:child href="Bro014.A.segs.xml#id(Bro014.segment.28)..id(Bro014.segment.29)"/>
         <nite:child href="Bro014.B.segs.xml#id(Bro014.segment.30)"/>
         <nite:child href="Bro014.E.segs.xml#id(Bro014.segment.31)"/>
         <nite:child href="Bro014.B.segs.xml#id(Bro014.segment.32)"/>
         <nite:child href="Bro014.C.segs.xml#id(Bro014.segment.33)"/>
         <nite:child href="Bro014.B.segs.xml#id(Bro014.segment.34)..id(Bro014.segment.35)"/>
         <nite:child href="Bro014.E.segs.xml#id(Bro014.segment.36)"/>
         <nite:child href="Bro014.B.segs.xml#id(Bro014.segment.37)"/>
         <nite:child href="Bro014.C.segs.xml#id(Bro014.segment.38)"/>
         <nite:child href="Bro014.B.segs.xml#id(Bro014.segment.39)"/>
         <nite:child href="Bro014.C.segs.xml#id(Bro014.segment.40)..id(Bro014.segment.41)"/>
         <nite:child href="Bro014.B.segs.xml#id(Bro014.segment.42)"/>
         <nite:child href="Bro014.E.segs.xml#id(Bro014.segment.43)"/>
         <nite:child href="Bro014.C.segs.xml#id(Bro014.segment.44)"/>
         <nite:child href="Bro014.A.segs.xml#id(Bro014.segment.45)"/>
         <nite:child href="Bro014.E.segs.xml#id(Bro014.segment.46)..id(Bro014.segment.47)"/>
         <nite:child href="Bro014.B.segs.xml#id(Bro014.segment.48)"/>
         <nite:child href="Bro014.A.segs.xml#id(Bro014.segment.49)"/>
         <nite:child href="Bro014.B.segs.xml#id(Bro014.segment.50)"/>
         <nite:child href="Bro014.A.segs.xml#id(Bro014.segment.51)"/>
         <nite:child href="Bro014.E.segs.xml#id(Bro014.segment.52)"/>
         <nite:child href="Bro014.B.segs.xml#id(Bro014.segment.53)"/>
      </topic>
   </topic>
   <topic nite:id="Bro014.topic.3" description="speaker me018 progress report, HTK back-end">
      <topic nite:id="Bro014.topic.4" description="training iterations">
         <nite:child href="Bro014.C.segs.xml#id(Bro014.segment.54)"/>
         <nite:child href="Bro014.E.segs.xml#id(Bro014.segment.55)"/>
         <nite:child href="Bro014.C.segs.xml#id(Bro014.segment.57)"/>
         <nite:child href="Bro014.B.segs.xml#id(Bro014.segment.56)"/>
         <nite:child href="Bro014.C.segs.xml#id(Bro014.segment.58)..id(Bro014.segment.59)"/>
         <nite:child href="Bro014.E.segs.xml#id(Bro014.segment.60)"/>
         <nite:child href="Bro014.C.segs.xml#id(Bro014.segment.61)..id(Bro014.segment.68)"/>
         <nite:child href="Bro014.B.segs.xml#id(Bro014.segment.69)"/>
         <nite:child href="Bro014.C.segs.xml#id(Bro014.segment.70)..id(Bro014.segment.73)"/>
         <nite:child href="Bro014.A.segs.xml#id(Bro014.segment.74)"/>
         <nite:child href="Bro014.B.segs.xml#id(Bro014.segment.75)"/>
         <nite:child href="Bro014.E.segs.xml#id(Bro014.segment.76)"/>
         <nite:child href="Bro014.C.segs.xml#id(Bro014.segment.77)"/>
         <nite:child href="Bro014.E.segs.xml#id(Bro014.segment.78)"/>
         <nite:child href="Bro014.B.segs.xml#id(Bro014.segment.79)"/>
         <nite:child href="Bro014.C.segs.xml#id(Bro014.segment.80)"/>
         <nite:child href="Bro014.B.segs.xml#id(Bro014.segment.81)"/>
         <nite:child href="Bro014.C.segs.xml#id(Bro014.segment.82)..id(Bro014.segment.83)"/>
         <nite:child href="Bro014.B.segs.xml#id(Bro014.segment.84)"/>
         <nite:child href="Bro014.C.segs.xml#id(Bro014.segment.85)..id(Bro014.segment.86)"/>
         <nite:child href="Bro014.B.segs.xml#id(Bro014.segment.87)"/>
         <nite:child href="Bro014.E.segs.xml#id(Bro014.segment.88)"/>
         <nite:child href="Bro014.C.segs.xml#id(Bro014.segment.89)"/>
         <nite:child href="Bro014.B.segs.xml#id(Bro014.segment.90)"/>
         <nite:child href="Bro014.C.segs.xml#id(Bro014.segment.91)..id(Bro014.segment.92)"/>
         <nite:child href="Bro014.E.segs.xml#id(Bro014.segment.93)"/>
         <nite:child href="Bro014.C.segs.xml#id(Bro014.segment.94)"/>
         <nite:child href="Bro014.B.segs.xml#id(Bro014.segment.95)"/>
         <nite:child href="Bro014.C.segs.xml#id(Bro014.segment.96)"/>
         <nite:child href="Bro014.B.segs.xml#id(Bro014.segment.97)"/>
         <nite:child href="Bro014.F.segs.xml#id(Bro014.segment.98)"/>
         <nite:child href="Bro014.C.segs.xml#id(Bro014.segment.99)..id(Bro014.segment.100)"/>
         <nite:child href="Bro014.F.segs.xml#id(Bro014.segment.101)"/>
         <nite:child href="Bro014.C.segs.xml#id(Bro014.segment.102)"/>
         <nite:child href="Bro014.A.segs.xml#id(Bro014.segment.103)"/>
         <nite:child href="Bro014.B.segs.xml#id(Bro014.segment.104)..id(Bro014.segment.105)"/>
         <nite:child href="Bro014.C.segs.xml#id(Bro014.segment.106)..id(Bro014.segment.107)"/>
         <nite:child href="Bro014.B.segs.xml#id(Bro014.segment.108)"/>
         <nite:child href="Bro014.C.segs.xml#id(Bro014.segment.109)"/>
         <nite:child href="Bro014.F.segs.xml#id(Bro014.segment.110)"/>
         <nite:child href="Bro014.C.segs.xml#id(Bro014.segment.111)..id(Bro014.segment.112)"/>
         <nite:child href="Bro014.E.segs.xml#id(Bro014.segment.113)"/>
         <nite:child href="Bro014.F.segs.xml#id(Bro014.segment.114)"/>
         <nite:child href="Bro014.A.segs.xml#id(Bro014.segment.115)"/>
         <nite:child href="Bro014.F.segs.xml#id(Bro014.segment.116)"/>
         <nite:child href="Bro014.E.segs.xml#id(Bro014.segment.117)"/>
         <nite:child href="Bro014.C.segs.xml#id(Bro014.segment.118)"/>
         <nite:child href="Bro014.A.segs.xml#id(Bro014.segment.119)"/>
         <nite:child href="Bro014.C.segs.xml#id(Bro014.segment.120)"/>
         <nite:child href="Bro014.A.segs.xml#id(Bro014.segment.121)"/>
         <nite:child href="Bro014.C.segs.xml#id(Bro014.segment.122)"/>
         <nite:child href="Bro014.A.segs.xml#id(Bro014.segment.123)..id(Bro014.segment.124)"/>
         <nite:child href="Bro014.E.segs.xml#id(Bro014.segment.125)"/>
         <nite:child href="Bro014.C.segs.xml#id(Bro014.segment.126)"/>
         <nite:child href="Bro014.B.segs.xml#id(Bro014.segment.127)"/>
         <nite:child href="Bro014.C.segs.xml#id(Bro014.segment.128)"/>
         <nite:child href="Bro014.E.segs.xml#id(Bro014.segment.129)"/>
         <nite:child href="Bro014.B.segs.xml#id(Bro014.segment.131)"/>
         <nite:child href="Bro014.C.segs.xml#id(Bro014.segment.130)"/>
         <nite:child href="Bro014.F.segs.xml#id(Bro014.segment.132)..id(Bro014.segment.133)"/>
         <nite:child href="Bro014.B.segs.xml#id(Bro014.segment.134)"/>
         <nite:child href="Bro014.C.segs.xml#id(Bro014.segment.135)"/>
      </topic>
      <topic nite:id="Bro014.topic.5" description="HTK compiled for Linux, Spares">
         <nite:child href="Bro014.C.segs.xml#id(Bro014.segment.136)..id(Bro014.segment.139)"/>
         <nite:child href="Bro014.A.segs.xml#id(Bro014.segment.140)"/>
         <nite:child href="Bro014.C.segs.xml#id(Bro014.segment.141)"/>
         <nite:child href="Bro014.F.segs.xml#id(Bro014.segment.142)"/>
         <nite:child href="Bro014.C.segs.xml#id(Bro014.segment.143)..id(Bro014.segment.144)"/>
         <nite:child href="Bro014.A.segs.xml#id(Bro014.segment.145)"/>
         <nite:child href="Bro014.C.segs.xml#id(Bro014.segment.146)..id(Bro014.segment.151)"/>
         <nite:child href="Bro014.A.segs.xml#id(Bro014.segment.152)"/>
         <nite:child href="Bro014.F.segs.xml#id(Bro014.segment.153)"/>
         <nite:child href="Bro014.C.segs.xml#id(Bro014.segment.155)"/>
         <nite:child href="Bro014.E.segs.xml#id(Bro014.segment.154)"/>
         <nite:child href="Bro014.C.segs.xml#id(Bro014.segment.156)..id(Bro014.segment.157)"/>
         <nite:child href="Bro014.A.segs.xml#id(Bro014.segment.158)"/>
         <nite:child href="Bro014.E.segs.xml#id(Bro014.segment.159)"/>
      </topic>
      <topic nite:id="Bro014.topic.6" description="increasing the number of Gaussian mixtures">
         <nite:child href="Bro014.C.segs.xml#id(Bro014.segment.160)..id(Bro014.segment.161)"/>
         <nite:child href="Bro014.A.segs.xml#id(Bro014.segment.162)"/>
         <nite:child href="Bro014.C.segs.xml#id(Bro014.segment.163)"/>
         <nite:child href="Bro014.B.segs.xml#id(Bro014.segment.164)"/>
         <nite:child href="Bro014.C.segs.xml#id(Bro014.segment.165)"/>
         <nite:child href="Bro014.B.segs.xml#id(Bro014.segment.166)"/>
         <nite:child href="Bro014.C.segs.xml#id(Bro014.segment.167)"/>
         <nite:child href="Bro014.E.segs.xml#id(Bro014.segment.168)"/>
         <nite:child href="Bro014.C.segs.xml#id(Bro014.segment.169)"/>
         <nite:child href="Bro014.E.segs.xml#id(Bro014.segment.170)"/>
         <nite:child href="Bro014.C.segs.xml#id(Bro014.segment.171)"/>
         <nite:child href="Bro014.E.segs.xml#id(Bro014.segment.172)"/>
         <nite:child href="Bro014.C.segs.xml#id(Bro014.segment.173)..id(Bro014.segment.177)"/>
         <nite:child href="Bro014.B.segs.xml#id(Bro014.segment.178)"/>
         <nite:child href="Bro014.C.segs.xml#id(Bro014.segment.179)"/>
         <nite:child href="Bro014.A.segs.xml#id(Bro014.segment.180)"/>
         <nite:child href="Bro014.C.segs.xml#id(Bro014.segment.182)"/>
         <nite:child href="Bro014.E.segs.xml#id(Bro014.segment.181)"/>
         <nite:child href="Bro014.C.segs.xml#id(Bro014.segment.183)"/>
         <nite:child href="Bro014.B.segs.xml#id(Bro014.segment.184)"/>
         <nite:child href="Bro014.C.segs.xml#id(Bro014.segment.185)"/>
         <nite:child href="Bro014.B.segs.xml#id(Bro014.segment.186)"/>
         <nite:child href="Bro014.A.segs.xml#id(Bro014.segment.187)"/>
         <nite:child href="Bro014.C.segs.xml#id(Bro014.segment.188)..id(Bro014.segment.189)"/>
         <nite:child href="Bro014.E.segs.xml#id(Bro014.segment.190)"/>
         <nite:child href="Bro014.C.segs.xml#id(Bro014.segment.191)..id(Bro014.segment.192)"/>
         <nite:child href="Bro014.B.segs.xml#id(Bro014.segment.193)"/>
         <nite:child href="Bro014.C.segs.xml#id(Bro014.segment.194)..id(Bro014.segment.195)"/>
         <nite:child href="Bro014.E.segs.xml#id(Bro014.segment.196)"/>
         <nite:child href="Bro014.B.segs.xml#id(Bro014.segment.197)"/>
         <nite:child href="Bro014.A.segs.xml#id(Bro014.segment.198)"/>
         <nite:child href="Bro014.B.segs.xml#id(Bro014.segment.199)"/>
         <nite:child href="Bro014.C.segs.xml#id(Bro014.segment.200)"/>
         <nite:child href="Bro014.A.segs.xml#id(Bro014.segment.201)"/>
      </topic>
   </topic>
   <topic nite:id="Bro014.topic.7" description="conference call with Aurora project collaborators">
      <nite:child href="Bro014.B.segs.xml#id(Bro014.segment.202)"/>
      <nite:child href="Bro014.A.segs.xml#id(Bro014.segment.203)..id(Bro014.segment.210)"/>
      <nite:child href="Bro014.B.segs.xml#id(Bro014.segment.211)"/>
      <nite:child href="Bro014.E.segs.xml#id(Bro014.segment.212)"/>
      <nite:child href="Bro014.A.segs.xml#id(Bro014.segment.213)"/>
      <nite:child href="Bro014.B.segs.xml#id(Bro014.segment.214)"/>
      <nite:child href="Bro014.A.segs.xml#id(Bro014.segment.215)"/>
      <nite:child href="Bro014.B.segs.xml#id(Bro014.segment.216)..id(Bro014.segment.217)"/>
      <nite:child href="Bro014.A.segs.xml#id(Bro014.segment.218)"/>
      <nite:child href="Bro014.B.segs.xml#id(Bro014.segment.219)..id(Bro014.segment.220)"/>
      <nite:child href="Bro014.A.segs.xml#id(Bro014.segment.221)..id(Bro014.segment.222)"/>
      <topic nite:id="Bro014.topic.8" description="error rates, matched, mismatched conditions">
         <nite:child href="Bro014.A.segs.xml#id(Bro014.segment.223)..id(Bro014.segment.228)"/>
         <nite:child href="Bro014.B.segs.xml#id(Bro014.segment.229)"/>
         <nite:child href="Bro014.A.segs.xml#id(Bro014.segment.230)..id(Bro014.segment.234)"/>
         <nite:child href="Bro014.B.segs.xml#id(Bro014.segment.235)"/>
         <nite:child href="Bro014.A.segs.xml#id(Bro014.segment.236)..id(Bro014.segment.237)"/>
         <nite:child href="Bro014.B.segs.xml#id(Bro014.segment.238)"/>
         <nite:child href="Bro014.A.segs.xml#id(Bro014.segment.239)..id(Bro014.segment.244)"/>
         <nite:child href="Bro014.B.segs.xml#id(Bro014.segment.245)"/>
         <nite:child href="Bro014.C.segs.xml#id(Bro014.segment.246)"/>
         <nite:child href="Bro014.A.segs.xml#id(Bro014.segment.247)..id(Bro014.segment.249)"/>
         <nite:child href="Bro014.C.segs.xml#id(Bro014.segment.250)"/>
         <nite:child href="Bro014.A.segs.xml#id(Bro014.segment.251)..id(Bro014.segment.252)"/>
         <nite:child href="Bro014.B.segs.xml#id(Bro014.segment.253)"/>
         <nite:child href="Bro014.C.segs.xml#id(Bro014.segment.254)"/>
         <nite:child href="Bro014.B.segs.xml#id(Bro014.segment.255)"/>
         <nite:child href="Bro014.A.segs.xml#id(Bro014.segment.256)..id(Bro014.segment.257)"/>
         <nite:child href="Bro014.B.segs.xml#id(Bro014.segment.258)..id(Bro014.segment.259)"/>
         <nite:child href="Bro014.C.segs.xml#id(Bro014.segment.260)"/>
         <nite:child href="Bro014.B.segs.xml#id(Bro014.segment.261)"/>
         <nite:child href="Bro014.A.segs.xml#id(Bro014.segment.262)"/>
         <nite:child href="Bro014.B.segs.xml#id(Bro014.segment.263)"/>
         <nite:child href="Bro014.A.segs.xml#id(Bro014.segment.264)"/>
         <nite:child href="Bro014.C.segs.xml#id(Bro014.segment.265)"/>
         <nite:child href="Bro014.A.segs.xml#id(Bro014.segment.266)"/>
         <nite:child href="Bro014.B.segs.xml#id(Bro014.segment.267)..id(Bro014.segment.270)"/>
         <nite:child href="Bro014.A.segs.xml#id(Bro014.segment.271)..id(Bro014.segment.272)"/>
         <nite:child href="Bro014.B.segs.xml#id(Bro014.segment.273)..id(Bro014.segment.274)"/>
         <nite:child href="Bro014.C.segs.xml#id(Bro014.segment.275)"/>
         <nite:child href="Bro014.B.segs.xml#id(Bro014.segment.276)..id(Bro014.segment.278)"/>
         <nite:child href="Bro014.A.segs.xml#id(Bro014.segment.279)..id(Bro014.segment.283)"/>
         <nite:child href="Bro014.B.segs.xml#id(Bro014.segment.284)"/>
         <nite:child href="Bro014.C.segs.xml#id(Bro014.segment.285)"/>
         <nite:child href="Bro014.A.segs.xml#id(Bro014.segment.286)"/>
         <nite:child href="Bro014.C.segs.xml#id(Bro014.segment.287)"/>
         <nite:child href="Bro014.B.segs.xml#id(Bro014.segment.288)"/>
         <nite:child href="Bro014.A.segs.xml#id(Bro014.segment.289)..id(Bro014.segment.290)"/>
         <nite:child href="Bro014.B.segs.xml#id(Bro014.segment.291)..id(Bro014.segment.292)"/>
         <nite:child href="Bro014.C.segs.xml#id(Bro014.segment.293)"/>
         <nite:child href="Bro014.B.segs.xml#id(Bro014.segment.294)..id(Bro014.segment.295)"/>
         <nite:child href="Bro014.A.segs.xml#id(Bro014.segment.296)"/>
         <nite:child href="Bro014.C.segs.xml#id(Bro014.segment.297)"/>
         <nite:child href="Bro014.A.segs.xml#id(Bro014.segment.298)"/>
         <nite:child href="Bro014.B.segs.xml#id(Bro014.segment.299)..id(Bro014.segment.300)"/>
         <nite:child href="Bro014.C.segs.xml#id(Bro014.segment.301)"/>
         <nite:child href="Bro014.B.segs.xml#id(Bro014.segment.302)..id(Bro014.segment.303)"/>
         <nite:child href="Bro014.A.segs.xml#id(Bro014.segment.304)"/>
         <nite:child href="Bro014.B.segs.xml#id(Bro014.segment.305)"/>
         <nite:child href="Bro014.A.segs.xml#id(Bro014.segment.306)..id(Bro014.segment.308)"/>
         <nite:child href="Bro014.B.segs.xml#id(Bro014.segment.309)"/>
         <nite:child href="Bro014.A.segs.xml#id(Bro014.segment.310)..id(Bro014.segment.318)"/>
         <nite:child href="Bro014.C.segs.xml#id(Bro014.segment.319)"/>
         <nite:child href="Bro014.A.segs.xml#id(Bro014.segment.320)"/>
         <nite:child href="Bro014.B.segs.xml#id(Bro014.segment.321)"/>
         <nite:child href="Bro014.A.segs.xml#id(Bro014.segment.322)"/>
         <nite:child href="Bro014.B.segs.xml#id(Bro014.segment.323)..id(Bro014.segment.328)"/>
         <nite:child href="Bro014.C.segs.xml#id(Bro014.segment.329)"/>
         <nite:child href="Bro014.A.segs.xml#id(Bro014.segment.330)"/>
         <nite:child href="Bro014.B.segs.xml#id(Bro014.segment.331)..id(Bro014.segment.335)"/>
         <nite:child href="Bro014.A.segs.xml#id(Bro014.segment.336)"/>
         <nite:child href="Bro014.C.segs.xml#id(Bro014.segment.337)..id(Bro014.segment.339)"/>
         <nite:child href="Bro014.A.segs.xml#id(Bro014.segment.340)"/>
         <nite:child href="Bro014.C.segs.xml#id(Bro014.segment.341)..id(Bro014.segment.342)"/>
         <nite:child href="Bro014.B.segs.xml#id(Bro014.segment.343)..id(Bro014.segment.344)"/>
         <nite:child href="Bro014.C.segs.xml#id(Bro014.segment.345)..id(Bro014.segment.346)"/>
         <nite:child href="Bro014.B.segs.xml#id(Bro014.segment.347)"/>
         <nite:child href="Bro014.C.segs.xml#id(Bro014.segment.348)..id(Bro014.segment.349)"/>
         <nite:child href="Bro014.B.segs.xml#id(Bro014.segment.350)"/>
         <nite:child href="Bro014.C.segs.xml#id(Bro014.segment.351)"/>
         <nite:child href="Bro014.B.segs.xml#id(Bro014.segment.352)"/>
         <nite:child href="Bro014.C.segs.xml#id(Bro014.segment.353)"/>
         <nite:child href="Bro014.B.segs.xml#id(Bro014.segment.354)..id(Bro014.segment.355)"/>
         <nite:child href="Bro014.C.segs.xml#id(Bro014.segment.356)"/>
         <nite:child href="Bro014.B.segs.xml#id(Bro014.segment.357)"/>
         <nite:child href="Bro014.C.segs.xml#id(Bro014.segment.358)..id(Bro014.segment.359)"/>
         <nite:child href="Bro014.B.segs.xml#id(Bro014.segment.360)..id(Bro014.segment.361)"/>
         <nite:child href="Bro014.C.segs.xml#id(Bro014.segment.362)"/>
         <nite:child href="Bro014.B.segs.xml#id(Bro014.segment.363)"/>
         <nite:child href="Bro014.C.segs.xml#id(Bro014.segment.364)"/>
         <nite:child href="Bro014.A.segs.xml#id(Bro014.segment.365)"/>
         <nite:child href="Bro014.B.segs.xml#id(Bro014.segment.366)"/>
         <nite:child href="Bro014.E.segs.xml#id(Bro014.segment.367)"/>
         <nite:child href="Bro014.B.segs.xml#id(Bro014.segment.368)..id(Bro014.segment.369)"/>
         <nite:child href="Bro014.C.segs.xml#id(Bro014.segment.370)"/>
         <nite:child href="Bro014.A.segs.xml#id(Bro014.segment.371)"/>
         <nite:child href="Bro014.B.segs.xml#id(Bro014.segment.372)"/>
         <nite:child href="Bro014.E.segs.xml#id(Bro014.segment.373)"/>
         <nite:child href="Bro014.C.segs.xml#id(Bro014.segment.374)"/>
         <nite:child href="Bro014.B.segs.xml#id(Bro014.segment.375)"/>
         <nite:child href="Bro014.C.segs.xml#id(Bro014.segment.376)..id(Bro014.segment.377)"/>
         <nite:child href="Bro014.B.segs.xml#id(Bro014.segment.378)..id(Bro014.segment.379)"/>
         <nite:child href="Bro014.C.segs.xml#id(Bro014.segment.380)"/>
         <nite:child href="Bro014.B.segs.xml#id(Bro014.segment.381)"/>
         <nite:child href="Bro014.C.segs.xml#id(Bro014.segment.382)"/>
         <nite:child href="Bro014.B.segs.xml#id(Bro014.segment.383)..id(Bro014.segment.384)"/>
         <nite:child href="Bro014.E.segs.xml#id(Bro014.segment.385)"/>
         <nite:child href="Bro014.C.segs.xml#id(Bro014.segment.386)..id(Bro014.segment.387)"/>
         <nite:child href="Bro014.B.segs.xml#id(Bro014.segment.388)"/>
         <nite:child href="Bro014.C.segs.xml#id(Bro014.segment.389)"/>
         <nite:child href="Bro014.E.segs.xml#id(Bro014.segment.390)"/>
         <nite:child href="Bro014.B.segs.xml#id(Bro014.segment.391)..id(Bro014.segment.397)"/>
         <nite:child href="Bro014.C.segs.xml#id(Bro014.segment.398)"/>
         <nite:child href="Bro014.B.segs.xml#id(Bro014.segment.399)"/>
         <nite:child href="Bro014.C.segs.xml#id(Bro014.segment.400)"/>
         <nite:child href="Bro014.E.segs.xml#id(Bro014.segment.401)"/>
         <nite:child href="Bro014.B.segs.xml#id(Bro014.segment.402)"/>
         <nite:child href="Bro014.E.segs.xml#id(Bro014.segment.403)"/>
         <nite:child href="Bro014.B.segs.xml#id(Bro014.segment.404)"/>
         <nite:child href="Bro014.C.segs.xml#id(Bro014.segment.405)"/>
         <nite:child href="Bro014.B.segs.xml#id(Bro014.segment.406)..id(Bro014.segment.417)"/>
         <nite:child href="Bro014.E.segs.xml#id(Bro014.segment.418)"/>
         <nite:child href="Bro014.F.segs.xml#id(Bro014.segment.419)"/>
         <nite:child href="Bro014.B.segs.xml#id(Bro014.segment.420)..id(Bro014.segment.423)"/>
         <nite:child href="Bro014.C.segs.xml#id(Bro014.segment.424)"/>
         <nite:child href="Bro014.B.segs.xml#id(Bro014.segment.425)..id(Bro014.segment.426)"/>
         <nite:child href="Bro014.A.segs.xml#id(Bro014.segment.427)..id(Bro014.segment.429)"/>
         <nite:child href="Bro014.B.segs.xml#id(Bro014.segment.430)"/>
         <nite:child href="Bro014.A.segs.xml#id(Bro014.segment.431)"/>
         <nite:child href="Bro014.B.segs.xml#id(Bro014.segment.432)..id(Bro014.segment.434)"/>
         <nite:child href="Bro014.C.segs.xml#id(Bro014.segment.435)"/>
         <nite:child href="Bro014.B.segs.xml#id(Bro014.segment.436)"/>
         <nite:child href="Bro014.A.segs.xml#id(Bro014.segment.437)"/>
         <nite:child href="Bro014.C.segs.xml#id(Bro014.segment.438)"/>
         <nite:child href="Bro014.B.segs.xml#id(Bro014.segment.439)..id(Bro014.segment.440)"/>
         <nite:child href="Bro014.A.segs.xml#id(Bro014.segment.441)"/>
         <nite:child href="Bro014.B.segs.xml#id(Bro014.segment.442)"/>
         <nite:child href="Bro014.A.segs.xml#id(Bro014.segment.443)"/>
         <nite:child href="Bro014.B.segs.xml#id(Bro014.segment.444)"/>
         <nite:child href="Bro014.A.segs.xml#id(Bro014.segment.445)"/>
         <nite:child href="Bro014.B.segs.xml#id(Bro014.segment.446)..id(Bro014.segment.449)"/>
         <nite:child href="Bro014.A.segs.xml#id(Bro014.segment.450)"/>
         <nite:child href="Bro014.B.segs.xml#id(Bro014.segment.451)..id(Bro014.segment.452)"/>
         <nite:child href="Bro014.A.segs.xml#id(Bro014.segment.453)"/>
         <nite:child href="Bro014.B.segs.xml#id(Bro014.segment.454)..id(Bro014.segment.455)"/>
         <nite:child href="Bro014.A.segs.xml#id(Bro014.segment.456)"/>
         <nite:child href="Bro014.B.segs.xml#id(Bro014.segment.457)..id(Bro014.segment.458)"/>
         <nite:child href="Bro014.A.segs.xml#id(Bro014.segment.459)"/>
         <nite:child href="Bro014.B.segs.xml#id(Bro014.segment.460)..id(Bro014.segment.464)"/>
         <nite:child href="Bro014.A.segs.xml#id(Bro014.segment.465)"/>
         <nite:child href="Bro014.B.segs.xml#id(Bro014.segment.466)..id(Bro014.segment.467)"/>
         <nite:child href="Bro014.C.segs.xml#id(Bro014.segment.468)"/>
         <nite:child href="Bro014.A.segs.xml#id(Bro014.segment.469)"/>
         <nite:child href="Bro014.B.segs.xml#id(Bro014.segment.470)"/>
         <nite:child href="Bro014.A.segs.xml#id(Bro014.segment.471)"/>
         <nite:child href="Bro014.C.segs.xml#id(Bro014.segment.472)"/>
         <nite:child href="Bro014.A.segs.xml#id(Bro014.segment.473)"/>
         <nite:child href="Bro014.B.segs.xml#id(Bro014.segment.474)"/>
      </topic>
      <topic nite:id="Bro014.topic.9" description="MFCC baseline with added VAD">
         <nite:child href="Bro014.A.segs.xml#id(Bro014.segment.475)"/>
         <nite:child href="Bro014.B.segs.xml#id(Bro014.segment.476)..id(Bro014.segment.477)"/>
         <nite:child href="Bro014.A.segs.xml#id(Bro014.segment.478)..id(Bro014.segment.485)"/>
         <nite:child href="Bro014.B.segs.xml#id(Bro014.segment.486)"/>
         <nite:child href="Bro014.A.segs.xml#id(Bro014.segment.487)"/>
         <nite:child href="Bro014.B.segs.xml#id(Bro014.segment.488)"/>
         <nite:child href="Bro014.A.segs.xml#id(Bro014.segment.489)..id(Bro014.segment.490)"/>
         <nite:child href="Bro014.B.segs.xml#id(Bro014.segment.491)"/>
         <nite:child href="Bro014.A.segs.xml#id(Bro014.segment.492)..id(Bro014.segment.494)"/>
         <nite:child href="Bro014.B.segs.xml#id(Bro014.segment.495)"/>
         <nite:child href="Bro014.A.segs.xml#id(Bro014.segment.496)..id(Bro014.segment.497)"/>
         <nite:child href="Bro014.B.segs.xml#id(Bro014.segment.498)"/>
         <nite:child href="Bro014.A.segs.xml#id(Bro014.segment.499)"/>
         <nite:child href="Bro014.B.segs.xml#id(Bro014.segment.500)"/>
         <nite:child href="Bro014.C.segs.xml#id(Bro014.segment.501)"/>
         <nite:child href="Bro014.A.segs.xml#id(Bro014.segment.502)..id(Bro014.segment.503)"/>
         <nite:child href="Bro014.E.segs.xml#id(Bro014.segment.504)"/>
         <nite:child href="Bro014.A.segs.xml#id(Bro014.segment.505)"/>
         <nite:child href="Bro014.B.segs.xml#id(Bro014.segment.506)"/>
         <nite:child href="Bro014.A.segs.xml#id(Bro014.segment.507)..id(Bro014.segment.509)"/>
         <nite:child href="Bro014.E.segs.xml#id(Bro014.segment.510)"/>
         <nite:child href="Bro014.B.segs.xml#id(Bro014.segment.511)..id(Bro014.segment.515)"/>
         <nite:child href="Bro014.A.segs.xml#id(Bro014.segment.516)"/>
         <nite:child href="Bro014.B.segs.xml#id(Bro014.segment.517)"/>
         <nite:child href="Bro014.A.segs.xml#id(Bro014.segment.518)"/>
         <nite:child href="Bro014.B.segs.xml#id(Bro014.segment.519)"/>
         <nite:child href="Bro014.A.segs.xml#id(Bro014.segment.520)..id(Bro014.segment.524)"/>
         <nite:child href="Bro014.E.segs.xml#id(Bro014.segment.525)"/>
         <nite:child href="Bro014.A.segs.xml#id(Bro014.segment.526)..id(Bro014.segment.532)"/>
         <nite:child href="Bro014.B.segs.xml#id(Bro014.segment.533)"/>
         <nite:child href="Bro014.A.segs.xml#id(Bro014.segment.534)"/>
         <nite:child href="Bro014.B.segs.xml#id(Bro014.segment.535)"/>
         <nite:child href="Bro014.A.segs.xml#id(Bro014.segment.536)"/>
         <nite:child href="Bro014.B.segs.xml#id(Bro014.segment.537)"/>
         <nite:child href="Bro014.C.segs.xml#id(Bro014.segment.538)"/>
         <nite:child href="Bro014.A.segs.xml#id(Bro014.segment.539)..id(Bro014.segment.540)"/>
         <nite:child href="Bro014.B.segs.xml#id(Bro014.segment.541)..id(Bro014.segment.542)"/>
         <nite:child href="Bro014.A.segs.xml#id(Bro014.segment.543)"/>
         <nite:child href="Bro014.B.segs.xml#id(Bro014.segment.544)..id(Bro014.segment.546)"/>
         <nite:child href="Bro014.C.segs.xml#id(Bro014.segment.547)"/>
         <nite:child href="Bro014.B.segs.xml#id(Bro014.segment.548)"/>
         <nite:child href="Bro014.A.segs.xml#id(Bro014.segment.549)"/>
         <nite:child href="Bro014.B.segs.xml#id(Bro014.segment.550)..id(Bro014.segment.551)"/>
         <nite:child href="Bro014.C.segs.xml#id(Bro014.segment.552)"/>
         <nite:child href="Bro014.A.segs.xml#id(Bro014.segment.553)"/>
         <nite:child href="Bro014.B.segs.xml#id(Bro014.segment.554)"/>
         <nite:child href="Bro014.C.segs.xml#id(Bro014.segment.555)"/>
         <nite:child href="Bro014.B.segs.xml#id(Bro014.segment.556)"/>
         <nite:child href="Bro014.C.segs.xml#id(Bro014.segment.557)..id(Bro014.segment.558)"/>
         <nite:child href="Bro014.B.segs.xml#id(Bro014.segment.559)"/>
         <nite:child href="Bro014.A.segs.xml#id(Bro014.segment.560)"/>
         <nite:child href="Bro014.E.segs.xml#id(Bro014.segment.561)"/>
         <nite:child href="Bro014.C.segs.xml#id(Bro014.segment.562)"/>
         <nite:child href="Bro014.B.segs.xml#id(Bro014.segment.563)"/>
         <nite:child href="Bro014.C.segs.xml#id(Bro014.segment.564)"/>
         <nite:child href="Bro014.B.segs.xml#id(Bro014.segment.565)..id(Bro014.segment.570)"/>
         <nite:child href="Bro014.A.segs.xml#id(Bro014.segment.569)"/>
         <nite:child href="Bro014.C.segs.xml#id(Bro014.segment.571)"/>
         <nite:child href="Bro014.B.segs.xml#id(Bro014.segment.572)..id(Bro014.segment.574)"/>
         <nite:child href="Bro014.A.segs.xml#id(Bro014.segment.575)"/>
         <nite:child href="Bro014.B.segs.xml#id(Bro014.segment.576)..id(Bro014.segment.578)"/>
         <nite:child href="Bro014.A.segs.xml#id(Bro014.segment.577)"/>
         <nite:child href="Bro014.B.segs.xml#id(Bro014.segment.579)"/>
         <nite:child href="Bro014.A.segs.xml#id(Bro014.segment.580)"/>
         <nite:child href="Bro014.B.segs.xml#id(Bro014.segment.581)"/>
         <nite:child href="Bro014.A.segs.xml#id(Bro014.segment.582)"/>
         <nite:child href="Bro014.B.segs.xml#id(Bro014.segment.583)..id(Bro014.segment.584)"/>
         <nite:child href="Bro014.A.segs.xml#id(Bro014.segment.585)"/>
         <nite:child href="Bro014.B.segs.xml#id(Bro014.segment.586)..id(Bro014.segment.589)"/>
         <nite:child href="Bro014.A.segs.xml#id(Bro014.segment.590)"/>
         <nite:child href="Bro014.B.segs.xml#id(Bro014.segment.591)"/>
         <nite:child href="Bro014.A.segs.xml#id(Bro014.segment.592)..id(Bro014.segment.593)"/>
         <nite:child href="Bro014.C.segs.xml#id(Bro014.segment.594)"/>
         <nite:child href="Bro014.B.segs.xml#id(Bro014.segment.595)"/>
         <nite:child href="Bro014.C.segs.xml#id(Bro014.segment.596)..id(Bro014.segment.598)"/>
         <nite:child href="Bro014.B.segs.xml#id(Bro014.segment.599)..id(Bro014.segment.608)"/>
         <nite:child href="Bro014.C.segs.xml#id(Bro014.segment.609)..id(Bro014.segment.610)"/>
         <nite:child href="Bro014.B.segs.xml#id(Bro014.segment.611)..id(Bro014.segment.614)"/>
         <nite:child href="Bro014.C.segs.xml#id(Bro014.segment.615)"/>
         <nite:child href="Bro014.B.segs.xml#id(Bro014.segment.617)"/>
         <nite:child href="Bro014.A.segs.xml#id(Bro014.segment.616)"/>
         <nite:child href="Bro014.C.segs.xml#id(Bro014.segment.618)"/>
         <nite:child href="Bro014.A.segs.xml#id(Bro014.segment.619)..id(Bro014.segment.620)"/>
         <nite:child href="Bro014.B.segs.xml#id(Bro014.segment.621)"/>
         <nite:child href="Bro014.A.segs.xml#id(Bro014.segment.622)..id(Bro014.segment.624)"/>
      </topic>
   </topic>
   <topic nite:id="Bro014.topic.10" description="speaker mn007 progress report, proposal two additions">
      <topic nite:id="Bro014.topic.11" description="spectral subtraction, OGI's approach">
         <nite:child href="Bro014.A.segs.xml#id(Bro014.segment.625)..id(Bro014.segment.637)"/>
         <nite:child href="Bro014.C.segs.xml#id(Bro014.segment.638)"/>
         <nite:child href="Bro014.A.segs.xml#id(Bro014.segment.639)..id(Bro014.segment.641)"/>
         <nite:child href="Bro014.B.segs.xml#id(Bro014.segment.642)"/>
         <nite:child href="Bro014.C.segs.xml#id(Bro014.segment.643)"/>
         <nite:child href="Bro014.A.segs.xml#id(Bro014.segment.644)..id(Bro014.segment.646)"/>
         <nite:child href="Bro014.E.segs.xml#id(Bro014.segment.647)"/>
         <nite:child href="Bro014.A.segs.xml#id(Bro014.segment.648)..id(Bro014.segment.649)"/>
         <nite:child href="Bro014.E.segs.xml#id(Bro014.segment.650)"/>
         <nite:child href="Bro014.A.segs.xml#id(Bro014.segment.651)..id(Bro014.segment.654)"/>
      </topic>
      <topic nite:id="Bro014.topic.12" description="new, improved reference system">
         <nite:child href="Bro014.A.segs.xml#id(Bro014.segment.655)..id(Bro014.segment.658)"/>
         <nite:child href="Bro014.B.segs.xml#id(Bro014.segment.659)"/>
         <nite:child href="Bro014.A.segs.xml#id(Bro014.segment.660)"/>
         <nite:child href="Bro014.B.segs.xml#id(Bro014.segment.661)..id(Bro014.segment.662)"/>
         <nite:child href="Bro014.A.segs.xml#id(Bro014.segment.663)..id(Bro014.segment.664)"/>
         <nite:child href="Bro014.B.segs.xml#id(Bro014.segment.665)"/>
         <nite:child href="Bro014.A.segs.xml#id(Bro014.segment.666)"/>
         <nite:child href="Bro014.C.segs.xml#id(Bro014.segment.667)"/>
         <nite:child href="Bro014.B.segs.xml#id(Bro014.segment.668)"/>
         <nite:child href="Bro014.A.segs.xml#id(Bro014.segment.669)..id(Bro014.segment.673)"/>
         <nite:child href="Bro014.B.segs.xml#id(Bro014.segment.674)..id(Bro014.segment.675)"/>
         <nite:child href="Bro014.A.segs.xml#id(Bro014.segment.676)..id(Bro014.segment.677)"/>
         <nite:child href="Bro014.B.segs.xml#id(Bro014.segment.678)"/>
         <nite:child href="Bro014.A.segs.xml#id(Bro014.segment.679)..id(Bro014.segment.682)"/>
         <nite:child href="Bro014.C.segs.xml#id(Bro014.segment.683)"/>
         <nite:child href="Bro014.A.segs.xml#id(Bro014.segment.684)"/>
         <nite:child href="Bro014.B.segs.xml#id(Bro014.segment.685)"/>
         <nite:child href="Bro014.A.segs.xml#id(Bro014.segment.686)"/>
         <nite:child href="Bro014.B.segs.xml#id(Bro014.segment.687)..id(Bro014.segment.689)"/>
         <nite:child href="Bro014.E.segs.xml#id(Bro014.segment.690)"/>
         <nite:child href="Bro014.A.segs.xml#id(Bro014.segment.691)"/>
         <nite:child href="Bro014.E.segs.xml#id(Bro014.segment.692)"/>
         <nite:child href="Bro014.B.segs.xml#id(Bro014.segment.693)..id(Bro014.segment.694)"/>
         <nite:child href="Bro014.A.segs.xml#id(Bro014.segment.695)"/>
         <nite:child href="Bro014.B.segs.xml#id(Bro014.segment.696)..id(Bro014.segment.697)"/>
         <nite:child href="Bro014.A.segs.xml#id(Bro014.segment.698)..id(Bro014.segment.700)"/>
         <nite:child href="Bro014.B.segs.xml#id(Bro014.segment.701)"/>
         <nite:child href="Bro014.A.segs.xml#id(Bro014.segment.702)"/>
         <nite:child href="Bro014.C.segs.xml#id(Bro014.segment.703)"/>
         <nite:child href="Bro014.A.segs.xml#id(Bro014.segment.704)..id(Bro014.segment.705)"/>
         <nite:child href="Bro014.E.segs.xml#id(Bro014.segment.706)"/>
         <nite:child href="Bro014.A.segs.xml#id(Bro014.segment.707)..id(Bro014.segment.709)"/>
         <nite:child href="Bro014.B.segs.xml#id(Bro014.segment.710)"/>
         <nite:child href="Bro014.A.segs.xml#id(Bro014.segment.711)..id(Bro014.segment.712)"/>
         <nite:child href="Bro014.B.segs.xml#id(Bro014.segment.713)"/>
         <nite:child href="Bro014.A.segs.xml#id(Bro014.segment.714)"/>
         <nite:child href="Bro014.F.segs.xml#id(Bro014.segment.715)..id(Bro014.segment.716)"/>
         <nite:child href="Bro014.A.segs.xml#id(Bro014.segment.717)..id(Bro014.segment.718)"/>
         <nite:child href="Bro014.B.segs.xml#id(Bro014.segment.719)"/>
         <nite:child href="Bro014.A.segs.xml#id(Bro014.segment.720)"/>
         <nite:child href="Bro014.B.segs.xml#id(Bro014.segment.721)"/>
         <nite:child href="Bro014.A.segs.xml#id(Bro014.segment.722)..id(Bro014.segment.727)"/>
         <nite:child href="Bro014.B.segs.xml#id(Bro014.segment.728)..id(Bro014.segment.729)"/>
         <nite:child href="Bro014.A.segs.xml#id(Bro014.segment.730)..id(Bro014.segment.733)"/>
         <nite:child href="Bro014.B.segs.xml#id(Bro014.segment.734)..id(Bro014.segment.735)"/>
         <nite:child href="Bro014.A.segs.xml#id(Bro014.segment.736)"/>
         <nite:child href="Bro014.B.segs.xml#id(Bro014.segment.737)..id(Bro014.segment.739)"/>
         <nite:child href="Bro014.A.segs.xml#id(Bro014.segment.740)..id(Bro014.segment.741)"/>
         <nite:child href="Bro014.B.segs.xml#id(Bro014.segment.742)"/>
         <nite:child href="Bro014.E.segs.xml#id(Bro014.segment.743)"/>
         <nite:child href="Bro014.A.segs.xml#id(Bro014.segment.744)..id(Bro014.segment.752)"/>
         <nite:child href="Bro014.B.segs.xml#id(Bro014.segment.753)..id(Bro014.segment.754)"/>
         <nite:child href="Bro014.A.segs.xml#id(Bro014.segment.755)..id(Bro014.segment.756)"/>
         <nite:child href="Bro014.B.segs.xml#id(Bro014.segment.757)"/>
         <nite:child href="Bro014.A.segs.xml#id(Bro014.segment.758)..id(Bro014.segment.760)"/>
         <nite:child href="Bro014.E.segs.xml#id(Bro014.segment.761)"/>
         <nite:child href="Bro014.A.segs.xml#id(Bro014.segment.762)..id(Bro014.segment.764)"/>
         <nite:child href="Bro014.E.segs.xml#id(Bro014.segment.765)..id(Bro014.segment.766)"/>
         <nite:child href="Bro014.B.segs.xml#id(Bro014.segment.767)"/>
         <topic nite:id="Bro014.topic.13" description="voicing detection, variance of spectral envelope">
            <nite:child href="Bro014.B.segs.xml#id(Bro014.segment.768)"/>
            <nite:child href="Bro014.E.segs.xml#id(Bro014.segment.769)"/>
            <nite:child href="Bro014.A.segs.xml#id(Bro014.segment.770)"/>
            <nite:child href="Bro014.E.segs.xml#id(Bro014.segment.771)"/>
            <nite:child href="Bro014.A.segs.xml#id(Bro014.segment.772)..id(Bro014.segment.776)"/>
            <nite:child href="Bro014.F.segs.xml#id(Bro014.segment.777)"/>
            <nite:child href="Bro014.A.segs.xml#id(Bro014.segment.778)..id(Bro014.segment.779)"/>
            <nite:child href="Bro014.B.segs.xml#id(Bro014.segment.780)"/>
            <nite:child href="Bro014.C.segs.xml#id(Bro014.segment.781)"/>
            <nite:child href="Bro014.F.segs.xml#id(Bro014.segment.782)..id(Bro014.segment.783)"/>
            <nite:child href="Bro014.A.segs.xml#id(Bro014.segment.784)"/>
            <nite:child href="Bro014.F.segs.xml#id(Bro014.segment.785)"/>
            <nite:child href="Bro014.C.segs.xml#id(Bro014.segment.786)"/>
            <nite:child href="Bro014.A.segs.xml#id(Bro014.segment.787)"/>
            <nite:child href="Bro014.F.segs.xml#id(Bro014.segment.788)"/>
            <nite:child href="Bro014.A.segs.xml#id(Bro014.segment.789)..id(Bro014.segment.791)"/>
            <nite:child href="Bro014.C.segs.xml#id(Bro014.segment.792)"/>
            <nite:child href="Bro014.E.segs.xml#id(Bro014.segment.793)"/>
            <nite:child href="Bro014.C.segs.xml#id(Bro014.segment.794)"/>
            <nite:child href="Bro014.A.segs.xml#id(Bro014.segment.795)..id(Bro014.segment.796)"/>
            <nite:child href="Bro014.E.segs.xml#id(Bro014.segment.797)"/>
            <nite:child href="Bro014.B.segs.xml#id(Bro014.segment.798)..id(Bro014.segment.799)"/>
            <nite:child href="Bro014.A.segs.xml#id(Bro014.segment.800)"/>
            <nite:child href="Bro014.B.segs.xml#id(Bro014.segment.801)"/>
            <nite:child href="Bro014.A.segs.xml#id(Bro014.segment.802)"/>
            <nite:child href="Bro014.F.segs.xml#id(Bro014.segment.803)..id(Bro014.segment.804)"/>
            <nite:child href="Bro014.A.segs.xml#id(Bro014.segment.805)"/>
            <nite:child href="Bro014.B.segs.xml#id(Bro014.segment.806)"/>
            <nite:child href="Bro014.A.segs.xml#id(Bro014.segment.807)..id(Bro014.segment.808)"/>
            <nite:child href="Bro014.B.segs.xml#id(Bro014.segment.809)"/>
            <nite:child href="Bro014.A.segs.xml#id(Bro014.segment.810)"/>
            <nite:child href="Bro014.F.segs.xml#id(Bro014.segment.811)..id(Bro014.segment.812)"/>
            <nite:child href="Bro014.A.segs.xml#id(Bro014.segment.813)"/>
            <nite:child href="Bro014.E.segs.xml#id(Bro014.segment.814)"/>
            <nite:child href="Bro014.A.segs.xml#id(Bro014.segment.815)..id(Bro014.segment.818)"/>
            <nite:child href="Bro014.C.segs.xml#id(Bro014.segment.819)..id(Bro014.segment.820)"/>
            <nite:child href="Bro014.A.segs.xml#id(Bro014.segment.821)"/>
            <nite:child href="Bro014.F.segs.xml#id(Bro014.segment.822)..id(Bro014.segment.823)"/>
            <nite:child href="Bro014.A.segs.xml#id(Bro014.segment.824)"/>
            <nite:child href="Bro014.F.segs.xml#id(Bro014.segment.825)"/>
            <nite:child href="Bro014.A.segs.xml#id(Bro014.segment.826)..id(Bro014.segment.829)"/>
            <nite:child href="Bro014.E.segs.xml#id(Bro014.segment.830)"/>
            <nite:child href="Bro014.F.segs.xml#id(Bro014.segment.831)"/>
            <nite:child href="Bro014.A.segs.xml#id(Bro014.segment.832)..id(Bro014.segment.834)"/>
            <nite:child href="Bro014.B.segs.xml#id(Bro014.segment.835)"/>
            <nite:child href="Bro014.A.segs.xml#id(Bro014.segment.836)..id(Bro014.segment.837)"/>
            <nite:child href="Bro014.F.segs.xml#id(Bro014.segment.838)"/>
            <nite:child href="Bro014.A.segs.xml#id(Bro014.segment.839)"/>
            <nite:child href="Bro014.C.segs.xml#id(Bro014.segment.840)..id(Bro014.segment.841)"/>
            <nite:child href="Bro014.A.segs.xml#id(Bro014.segment.842)"/>
            <nite:child href="Bro014.C.segs.xml#id(Bro014.segment.843)"/>
            <nite:child href="Bro014.A.segs.xml#id(Bro014.segment.844)..id(Bro014.segment.846)"/>
            <nite:child href="Bro014.C.segs.xml#id(Bro014.segment.847)"/>
            <nite:child href="Bro014.A.segs.xml#id(Bro014.segment.848)"/>
            <nite:child href="Bro014.C.segs.xml#id(Bro014.segment.849)..id(Bro014.segment.850)"/>
            <nite:child href="Bro014.A.segs.xml#id(Bro014.segment.851)"/>
            <nite:child href="Bro014.C.segs.xml#id(Bro014.segment.852)"/>
            <nite:child href="Bro014.B.segs.xml#id(Bro014.segment.853)"/>
            <nite:child href="Bro014.A.segs.xml#id(Bro014.segment.854)..id(Bro014.segment.855)"/>
            <nite:child href="Bro014.C.segs.xml#id(Bro014.segment.856)..id(Bro014.segment.857)"/>
            <nite:child href="Bro014.A.segs.xml#id(Bro014.segment.858)"/>
            <nite:child href="Bro014.C.segs.xml#id(Bro014.segment.859)..id(Bro014.segment.862)"/>
            <nite:child href="Bro014.A.segs.xml#id(Bro014.segment.861)"/>
            <nite:child href="Bro014.C.segs.xml#id(Bro014.segment.863)"/>
            <nite:child href="Bro014.B.segs.xml#id(Bro014.segment.864)"/>
            <nite:child href="Bro014.A.segs.xml#id(Bro014.segment.865)"/>
            <nite:child href="Bro014.B.segs.xml#id(Bro014.segment.866)..id(Bro014.segment.879)"/>
            <nite:child href="Bro014.C.segs.xml#id(Bro014.segment.880)"/>
            <nite:child href="Bro014.A.segs.xml#id(Bro014.segment.881)"/>
            <nite:child href="Bro014.B.segs.xml#id(Bro014.segment.882)"/>
            <nite:child href="Bro014.C.segs.xml#id(Bro014.segment.883)..id(Bro014.segment.884)"/>
            <nite:child href="Bro014.B.segs.xml#id(Bro014.segment.885)"/>
            <nite:child href="Bro014.A.segs.xml#id(Bro014.segment.886)..id(Bro014.segment.890)"/>
            <nite:child href="Bro014.B.segs.xml#id(Bro014.segment.891)..id(Bro014.segment.892)"/>
            <nite:child href="Bro014.A.segs.xml#id(Bro014.segment.893)"/>
            <nite:child href="Bro014.B.segs.xml#id(Bro014.segment.894)"/>
            <nite:child href="Bro014.A.segs.xml#id(Bro014.segment.895)"/>
            <nite:child href="Bro014.B.segs.xml#id(Bro014.segment.896)"/>
            <nite:child href="Bro014.A.segs.xml#id(Bro014.segment.897)"/>
            <nite:child href="Bro014.B.segs.xml#id(Bro014.segment.898)"/>
            <nite:child href="Bro014.A.segs.xml#id(Bro014.segment.899)"/>
            <nite:child href="Bro014.E.segs.xml#id(Bro014.segment.900)"/>
            <nite:child href="Bro014.B.segs.xml#id(Bro014.segment.901)..id(Bro014.segment.903)"/>
            <nite:child href="Bro014.A.segs.xml#id(Bro014.segment.904)"/>
            <nite:child href="Bro014.B.segs.xml#id(Bro014.segment.905)..id(Bro014.segment.906)"/>
            <nite:child href="Bro014.A.segs.xml#id(Bro014.segment.907)"/>
            <nite:child href="Bro014.B.segs.xml#id(Bro014.segment.908)"/>
            <nite:child href="Bro014.A.segs.xml#id(Bro014.segment.909)"/>
            <nite:child href="Bro014.B.segs.xml#id(Bro014.segment.910)"/>
            <nite:child href="Bro014.A.segs.xml#id(Bro014.segment.911)"/>
            <nite:child href="Bro014.B.segs.xml#id(Bro014.segment.912)..id(Bro014.segment.913)"/>
            <nite:child href="Bro014.A.segs.xml#id(Bro014.segment.914)"/>
            <nite:child href="Bro014.B.segs.xml#id(Bro014.segment.915)..id(Bro014.segment.923)"/>
            <nite:child href="Bro014.A.segs.xml#id(Bro014.segment.924)"/>
            <nite:child href="Bro014.C.segs.xml#id(Bro014.segment.925)"/>
            <nite:child href="Bro014.A.segs.xml#id(Bro014.segment.926)"/>
            <nite:child href="Bro014.C.segs.xml#id(Bro014.segment.927)"/>
            <nite:child href="Bro014.A.segs.xml#id(Bro014.segment.928)"/>
            <nite:child href="Bro014.F.segs.xml#id(Bro014.segment.929)"/>
            <nite:child href="Bro014.A.segs.xml#id(Bro014.segment.930)..id(Bro014.segment.931)"/>
            <nite:child href="Bro014.C.segs.xml#id(Bro014.segment.932)"/>
            <nite:child href="Bro014.F.segs.xml#id(Bro014.segment.933)"/>
            <nite:child href="Bro014.A.segs.xml#id(Bro014.segment.934)"/>
            <nite:child href="Bro014.C.segs.xml#id(Bro014.segment.935)"/>
            <nite:child href="Bro014.B.segs.xml#id(Bro014.segment.936)"/>
            <nite:child href="Bro014.C.segs.xml#id(Bro014.segment.937)"/>
            <nite:child href="Bro014.A.segs.xml#id(Bro014.segment.938)..id(Bro014.segment.940)"/>
            <nite:child href="Bro014.C.segs.xml#id(Bro014.segment.941)"/>
            <nite:child href="Bro014.A.segs.xml#id(Bro014.segment.942)"/>
            <nite:child href="Bro014.C.segs.xml#id(Bro014.segment.943)"/>
            <nite:child href="Bro014.A.segs.xml#id(Bro014.segment.944)"/>
            <nite:child href="Bro014.B.segs.xml#id(Bro014.segment.945)..id(Bro014.segment.949)"/>
            <nite:child href="Bro014.C.segs.xml#id(Bro014.segment.950)"/>
            <nite:child href="Bro014.B.segs.xml#id(Bro014.segment.951)..id(Bro014.segment.954)"/>
            <nite:child href="Bro014.A.segs.xml#id(Bro014.segment.955)"/>
            <nite:child href="Bro014.B.segs.xml#id(Bro014.segment.956)..id(Bro014.segment.957)"/>
            <nite:child href="Bro014.E.segs.xml#id(Bro014.segment.958)"/>
            <nite:child href="Bro014.B.segs.xml#id(Bro014.segment.959)..id(Bro014.segment.960)"/>
            <nite:child href="Bro014.A.segs.xml#id(Bro014.segment.961)"/>
            <nite:child href="Bro014.B.segs.xml#id(Bro014.segment.962)"/>
            <nite:child href="Bro014.C.segs.xml#id(Bro014.segment.964)"/>
            <nite:child href="Bro014.B.segs.xml#id(Bro014.segment.963)"/>
         </topic>
         <topic nite:id="Bro014.topic.14" description="FFT, smoothed signal difference">
            <nite:child href="Bro014.C.segs.xml#id(Bro014.segment.965)..id(Bro014.segment.966)"/>
            <nite:child href="Bro014.A.segs.xml#id(Bro014.segment.967)..id(Bro014.segment.968)"/>
            <nite:child href="Bro014.F.segs.xml#id(Bro014.segment.969)"/>
            <nite:child href="Bro014.A.segs.xml#id(Bro014.segment.970)"/>
            <nite:child href="Bro014.F.segs.xml#id(Bro014.segment.971)"/>
            <nite:child href="Bro014.C.segs.xml#id(Bro014.segment.972)"/>
            <nite:child href="Bro014.F.segs.xml#id(Bro014.segment.973)..id(Bro014.segment.974)"/>
            <nite:child href="Bro014.B.segs.xml#id(Bro014.segment.975)"/>
            <nite:child href="Bro014.F.segs.xml#id(Bro014.segment.976)"/>
            <nite:child href="Bro014.A.segs.xml#id(Bro014.segment.977)"/>
            <nite:child href="Bro014.B.segs.xml#id(Bro014.segment.978)"/>
            <nite:child href="Bro014.F.segs.xml#id(Bro014.segment.979)..id(Bro014.segment.980)"/>
            <nite:child href="Bro014.B.segs.xml#id(Bro014.segment.981)"/>
            <nite:child href="Bro014.A.segs.xml#id(Bro014.segment.982)"/>
            <nite:child href="Bro014.F.segs.xml#id(Bro014.segment.983)"/>
            <nite:child href="Bro014.C.segs.xml#id(Bro014.segment.984)"/>
            <nite:child href="Bro014.A.segs.xml#id(Bro014.segment.985)"/>
            <nite:child href="Bro014.B.segs.xml#id(Bro014.segment.986)"/>
            <nite:child href="Bro014.F.segs.xml#id(Bro014.segment.987)..id(Bro014.segment.989)"/>
            <nite:child href="Bro014.B.segs.xml#id(Bro014.segment.990)"/>
            <nite:child href="Bro014.C.segs.xml#id(Bro014.segment.991)"/>
            <nite:child href="Bro014.A.segs.xml#id(Bro014.segment.992)"/>
            <nite:child href="Bro014.F.segs.xml#id(Bro014.segment.993)..id(Bro014.segment.995)"/>
            <nite:child href="Bro014.A.segs.xml#id(Bro014.segment.996)"/>
            <nite:child href="Bro014.C.segs.xml#id(Bro014.segment.997)"/>
            <nite:child href="Bro014.B.segs.xml#id(Bro014.segment.998)"/>
            <nite:child href="Bro014.A.segs.xml#id(Bro014.segment.999)..id(Bro014.segment.1,000)"/>
            <nite:child href="Bro014.C.segs.xml#id(Bro014.segment.1,001)"/>
            <nite:child href="Bro014.B.segs.xml#id(Bro014.segment.1,002)"/>
            <nite:child href="Bro014.F.segs.xml#id(Bro014.segment.1,003)"/>
            <nite:child href="Bro014.B.segs.xml#id(Bro014.segment.1,004)"/>
            <nite:child href="Bro014.A.segs.xml#id(Bro014.segment.1,005)"/>
            <nite:child href="Bro014.B.segs.xml#id(Bro014.segment.1,006)"/>
            <nite:child href="Bro014.F.segs.xml#id(Bro014.segment.1,007)"/>
            <nite:child href="Bro014.A.segs.xml#id(Bro014.segment.1,008)"/>
            <nite:child href="Bro014.F.segs.xml#id(Bro014.segment.1,009)"/>
            <nite:child href="Bro014.A.segs.xml#id(Bro014.segment.1,010)"/>
            <nite:child href="Bro014.F.segs.xml#id(Bro014.segment.1,011)"/>
            <nite:child href="Bro014.A.segs.xml#id(Bro014.segment.1,012)..id(Bro014.segment.1,014)"/>
            <nite:child href="Bro014.B.segs.xml#id(Bro014.segment.1,015)"/>
            <nite:child href="Bro014.A.segs.xml#id(Bro014.segment.1,016)"/>
            <nite:child href="Bro014.C.segs.xml#id(Bro014.segment.1,017)..id(Bro014.segment.1,018)"/>
            <nite:child href="Bro014.F.segs.xml#id(Bro014.segment.1,019)"/>
            <nite:child href="Bro014.B.segs.xml#id(Bro014.segment.1,020)..id(Bro014.segment.1,021)"/>
            <nite:child href="Bro014.A.segs.xml#id(Bro014.segment.1,022)"/>
            <nite:child href="Bro014.C.segs.xml#id(Bro014.segment.1,023)"/>
            <nite:child href="Bro014.B.segs.xml#id(Bro014.segment.1,024)"/>
            <nite:child href="Bro014.C.segs.xml#id(Bro014.segment.1,025)"/>
            <nite:child href="Bro014.B.segs.xml#id(Bro014.segment.1,026)"/>
            <nite:child href="Bro014.A.segs.xml#id(Bro014.segment.1,027)"/>
            <nite:child href="Bro014.C.segs.xml#id(Bro014.segment.1,028)"/>
            <nite:child href="Bro014.B.segs.xml#id(Bro014.segment.1,029)..id(Bro014.segment.1,030)"/>
            <nite:child href="Bro014.C.segs.xml#id(Bro014.segment.1,031)"/>
            <nite:child href="Bro014.A.segs.xml#id(Bro014.segment.1,032)"/>
            <nite:child href="Bro014.F.segs.xml#id(Bro014.segment.1,033)"/>
            <nite:child href="Bro014.B.segs.xml#id(Bro014.segment.1,034)"/>
            <nite:child href="Bro014.F.segs.xml#id(Bro014.segment.1,035)"/>
            <nite:child href="Bro014.A.segs.xml#id(Bro014.segment.1,036)"/>
            <nite:child href="Bro014.B.segs.xml#id(Bro014.segment.1,037)"/>
            <nite:child href="Bro014.C.segs.xml#id(Bro014.segment.1,038)"/>
            <nite:child href="Bro014.B.segs.xml#id(Bro014.segment.1,039)..id(Bro014.segment.1,040)"/>
            <nite:child href="Bro014.C.segs.xml#id(Bro014.segment.1,041)"/>
            <nite:child href="Bro014.A.segs.xml#id(Bro014.segment.1,042)..id(Bro014.segment.1,043)"/>
            <nite:child href="Bro014.C.segs.xml#id(Bro014.segment.1,044)"/>
            <nite:child href="Bro014.A.segs.xml#id(Bro014.segment.1,045)"/>
            <nite:child href="Bro014.C.segs.xml#id(Bro014.segment.1,046)"/>
            <nite:child href="Bro014.A.segs.xml#id(Bro014.segment.1,047)"/>
            <nite:child href="Bro014.B.segs.xml#id(Bro014.segment.1,048)"/>
            <nite:child href="Bro014.A.segs.xml#id(Bro014.segment.1,049)"/>
            <nite:child href="Bro014.C.segs.xml#id(Bro014.segment.1,050)"/>
            <nite:child href="Bro014.A.segs.xml#id(Bro014.segment.1,051)"/>
            <nite:child href="Bro014.C.segs.xml#id(Bro014.segment.1,052)"/>
            <nite:child href="Bro014.A.segs.xml#id(Bro014.segment.1,053)"/>
            <nite:child href="Bro014.C.segs.xml#id(Bro014.segment.1,054)"/>
            <nite:child href="Bro014.A.segs.xml#id(Bro014.segment.1,055)"/>
            <nite:child href="Bro014.C.segs.xml#id(Bro014.segment.1,056)"/>
            <nite:child href="Bro014.A.segs.xml#id(Bro014.segment.1,057)..id(Bro014.segment.1,061)"/>
            <nite:child href="Bro014.E.segs.xml#id(Bro014.segment.1,062)"/>
            <nite:child href="Bro014.C.segs.xml#id(Bro014.segment.1,063)"/>
            <nite:child href="Bro014.A.segs.xml#id(Bro014.segment.1,064)"/>
            <nite:child href="Bro014.C.segs.xml#id(Bro014.segment.1,065)"/>
            <nite:child href="Bro014.B.segs.xml#id(Bro014.segment.1,066)"/>
            <nite:child href="Bro014.A.segs.xml#id(Bro014.segment.1,067)..id(Bro014.segment.1,068)"/>
            <nite:child href="Bro014.C.segs.xml#id(Bro014.segment.1,069)"/>
            <nite:child href="Bro014.B.segs.xml#id(Bro014.segment.1,070)"/>
            <nite:child href="Bro014.C.segs.xml#id(Bro014.segment.1,071)..id(Bro014.segment.1,072)"/>
            <nite:child href="Bro014.B.segs.xml#id(Bro014.segment.1,073)"/>
            <nite:child href="Bro014.E.segs.xml#id(Bro014.segment.1,074)"/>
            <nite:child href="Bro014.A.segs.xml#id(Bro014.segment.1,075)"/>
            <nite:child href="Bro014.F.segs.xml#id(Bro014.segment.1,076)"/>
            <nite:child href="Bro014.C.segs.xml#id(Bro014.segment.1,077)"/>
            <nite:child href="Bro014.A.segs.xml#id(Bro014.segment.1,078)"/>
            <nite:child href="Bro014.F.segs.xml#id(Bro014.segment.1,079)"/>
            <nite:child href="Bro014.A.segs.xml#id(Bro014.segment.1,080)"/>
            <nite:child href="Bro014.B.segs.xml#id(Bro014.segment.1,081)"/>
            <nite:child href="Bro014.A.segs.xml#id(Bro014.segment.1,082)..id(Bro014.segment.1,083)"/>
            <nite:child href="Bro014.F.segs.xml#id(Bro014.segment.1,084)"/>
            <nite:child href="Bro014.A.segs.xml#id(Bro014.segment.1,085)"/>
            <nite:child href="Bro014.F.segs.xml#id(Bro014.segment.1,086)"/>
            <nite:child href="Bro014.A.segs.xml#id(Bro014.segment.1,087)"/>
            <nite:child href="Bro014.F.segs.xml#id(Bro014.segment.1,088)"/>
            <nite:child href="Bro014.A.segs.xml#id(Bro014.segment.1,089)..id(Bro014.segment.1,091)"/>
            <nite:child href="Bro014.C.segs.xml#id(Bro014.segment.1,092)"/>
            <nite:child href="Bro014.A.segs.xml#id(Bro014.segment.1,093)..id(Bro014.segment.1,095)"/>
            <nite:child href="Bro014.B.segs.xml#id(Bro014.segment.1,094)"/>
            <nite:child href="Bro014.E.segs.xml#id(Bro014.segment.1,096)..id(Bro014.segment.1,097)"/>
            <nite:child href="Bro014.C.segs.xml#id(Bro014.segment.1,098)"/>
            <nite:child href="Bro014.F.segs.xml#id(Bro014.segment.1,099)..id(Bro014.segment.1,100)"/>
            <nite:child href="Bro014.C.segs.xml#id(Bro014.segment.1,101)"/>
            <nite:child href="Bro014.F.segs.xml#id(Bro014.segment.1,102)"/>
            <nite:child href="Bro014.C.segs.xml#id(Bro014.segment.1,103)"/>
            <nite:child href="Bro014.F.segs.xml#id(Bro014.segment.1,104)"/>
            <nite:child href="Bro014.A.segs.xml#id(Bro014.segment.1,105)"/>
            <nite:child href="Bro014.B.segs.xml#id(Bro014.segment.1,106)"/>
            <nite:child href="Bro014.A.segs.xml#id(Bro014.segment.1,107)"/>
            <nite:child href="Bro014.C.segs.xml#id(Bro014.segment.1,108)"/>
            <nite:child href="Bro014.B.segs.xml#id(Bro014.segment.1,109)"/>
            <nite:child href="Bro014.A.segs.xml#id(Bro014.segment.1,110)"/>
            <nite:child href="Bro014.B.segs.xml#id(Bro014.segment.1,111)"/>
            <nite:child href="Bro014.C.segs.xml#id(Bro014.segment.1,112)"/>
            <nite:child href="Bro014.A.segs.xml#id(Bro014.segment.1,113)"/>
            <nite:child href="Bro014.B.segs.xml#id(Bro014.segment.1,114)"/>
            <nite:child href="Bro014.A.segs.xml#id(Bro014.segment.1,115)..id(Bro014.segment.1,116)"/>
            <nite:child href="Bro014.C.segs.xml#id(Bro014.segment.1,117)"/>
            <nite:child href="Bro014.B.segs.xml#id(Bro014.segment.1,118)..id(Bro014.segment.1,119)"/>
            <nite:child href="Bro014.F.segs.xml#id(Bro014.segment.1,121)"/>
            <nite:child href="Bro014.C.segs.xml#id(Bro014.segment.1,122)"/>
            <nite:child href="Bro014.F.segs.xml#id(Bro014.segment.1,123)"/>
            <nite:child href="Bro014.B.segs.xml#id(Bro014.segment.1,124)"/>
            <nite:child href="Bro014.A.segs.xml#id(Bro014.segment.1,125)"/>
            <nite:child href="Bro014.B.segs.xml#id(Bro014.segment.1,126)"/>
            <nite:child href="Bro014.F.segs.xml#id(Bro014.segment.1,127)"/>
            <nite:child href="Bro014.A.segs.xml#id(Bro014.segment.1,128)"/>
            <nite:child href="Bro014.F.segs.xml#id(Bro014.segment.1,129)"/>
            <nite:child href="Bro014.A.segs.xml#id(Bro014.segment.1,130)"/>
            <nite:child href="Bro014.C.segs.xml#id(Bro014.segment.1,131)"/>
            <nite:child href="Bro014.B.segs.xml#id(Bro014.segment.1,132)"/>
            <nite:child href="Bro014.F.segs.xml#id(Bro014.segment.1,133)"/>
            <nite:child href="Bro014.A.segs.xml#id(Bro014.segment.1,134)"/>
            <nite:child href="Bro014.F.segs.xml#id(Bro014.segment.1,135)"/>
            <nite:child href="Bro014.B.segs.xml#id(Bro014.segment.1,136)"/>
            <nite:child href="Bro014.F.segs.xml#id(Bro014.segment.1,137)"/>
            <nite:child href="Bro014.C.segs.xml#id(Bro014.segment.1,138)"/>
            <nite:child href="Bro014.A.segs.xml#id(Bro014.segment.1,139)"/>
            <nite:child href="Bro014.F.segs.xml#id(Bro014.segment.1,140)"/>
            <nite:child href="Bro014.B.segs.xml#id(Bro014.segment.1,141)"/>
            <nite:child href="Bro014.A.segs.xml#id(Bro014.segment.1,142)"/>
            <nite:child href="Bro014.F.segs.xml#id(Bro014.segment.1,143)"/>
            <nite:child href="Bro014.B.segs.xml#id(Bro014.segment.1,144)"/>
            <nite:child href="Bro014.A.segs.xml#id(Bro014.segment.1,145)"/>
            <nite:child href="Bro014.B.segs.xml#id(Bro014.segment.1,146)"/>
            <nite:child href="Bro014.C.segs.xml#id(Bro014.segment.1,147)"/>
            <nite:child href="Bro014.F.segs.xml#id(Bro014.segment.1,148)"/>
            <nite:child href="Bro014.B.segs.xml#id(Bro014.segment.1,149)"/>
            <nite:child href="Bro014.C.segs.xml#id(Bro014.segment.1,150)"/>
            <nite:child href="Bro014.F.segs.xml#id(Bro014.segment.1,151)"/>
            <nite:child href="Bro014.C.segs.xml#id(Bro014.segment.1,152)"/>
            <nite:child href="Bro014.B.segs.xml#id(Bro014.segment.1,153)..id(Bro014.segment.1,157)"/>
            <nite:child href="Bro014.C.segs.xml#id(Bro014.segment.1,158)"/>
            <nite:child href="Bro014.B.segs.xml#id(Bro014.segment.1,159)..id(Bro014.segment.1,161)"/>
            <nite:child href="Bro014.E.segs.xml#id(Bro014.segment.1,162)"/>
            <nite:child href="Bro014.B.segs.xml#id(Bro014.segment.1,163)..id(Bro014.segment.1,165)"/>
            <nite:child href="Bro014.A.segs.xml#id(Bro014.segment.1,166)"/>
            <nite:child href="Bro014.C.segs.xml#id(Bro014.segment.1,167)"/>
            <nite:child href="Bro014.B.segs.xml#id(Bro014.segment.1,168)"/>
            <nite:child href="Bro014.C.segs.xml#id(Bro014.segment.1,169)"/>
            <nite:child href="Bro014.B.segs.xml#id(Bro014.segment.1,170)"/>
            <nite:child href="Bro014.C.segs.xml#id(Bro014.segment.1,171)"/>
            <nite:child href="Bro014.B.segs.xml#id(Bro014.segment.1,172)"/>
            <nite:child href="Bro014.C.segs.xml#id(Bro014.segment.1,173)"/>
            <nite:child href="Bro014.B.segs.xml#id(Bro014.segment.1,174)..id(Bro014.segment.1,176)"/>
            <nite:child href="Bro014.C.segs.xml#id(Bro014.segment.1,177)"/>
            <nite:child href="Bro014.B.segs.xml#id(Bro014.segment.1,178)"/>
            <nite:child href="Bro014.C.segs.xml#id(Bro014.segment.1,179)"/>
            <nite:child href="Bro014.B.segs.xml#id(Bro014.segment.1,180)"/>
            <nite:child href="Bro014.C.segs.xml#id(Bro014.segment.1,181)"/>
            <nite:child href="Bro014.B.segs.xml#id(Bro014.segment.1,182)..id(Bro014.segment.1,183)"/>
            <nite:child href="Bro014.C.segs.xml#id(Bro014.segment.1,185)"/>
            <nite:child href="Bro014.B.segs.xml#id(Bro014.segment.1,184)"/>
            <nite:child href="Bro014.C.segs.xml#id(Bro014.segment.1,186)..id(Bro014.segment.1,187)"/>
            <nite:child href="Bro014.F.segs.xml#id(Bro014.segment.1,188)"/>
            <nite:child href="Bro014.A.segs.xml#id(Bro014.segment.1,189)"/>
            <nite:child href="Bro014.C.segs.xml#id(Bro014.segment.1,190)"/>
            <nite:child href="Bro014.A.segs.xml#id(Bro014.segment.1,191)"/>
            <nite:child href="Bro014.B.segs.xml#id(Bro014.segment.1,192)..id(Bro014.segment.1,193)"/>
            <nite:child href="Bro014.E.segs.xml#id(Bro014.segment.1,194)"/>
            <nite:child href="Bro014.A.segs.xml#id(Bro014.segment.1,195)..id(Bro014.segment.1,197)"/>
            <nite:child href="Bro014.F.segs.xml#id(Bro014.segment.1,198)..id(Bro014.segment.1,199)"/>
            <nite:child href="Bro014.C.segs.xml#id(Bro014.segment.1,200)"/>
            <nite:child href="Bro014.F.segs.xml#id(Bro014.segment.1,201)"/>
            <nite:child href="Bro014.B.segs.xml#id(Bro014.segment.1,202)"/>
            <nite:child href="Bro014.F.segs.xml#id(Bro014.segment.1,203)"/>
            <nite:child href="Bro014.B.segs.xml#id(Bro014.segment.1,204)"/>
            <nite:child href="Bro014.F.segs.xml#id(Bro014.segment.1,205)"/>
            <nite:child href="Bro014.B.segs.xml#id(Bro014.segment.1,206)"/>
            <nite:child href="Bro014.F.segs.xml#id(Bro014.segment.1,207)"/>
            <nite:child href="Bro014.A.segs.xml#id(Bro014.segment.1,208)"/>
            <nite:child href="Bro014.C.segs.xml#id(Bro014.segment.1,209)"/>
            <nite:child href="Bro014.A.segs.xml#id(Bro014.segment.1,210)"/>
            <nite:child href="Bro014.F.segs.xml#id(Bro014.segment.1,211)"/>
            <nite:child href="Bro014.C.segs.xml#id(Bro014.segment.1,212)"/>
            <nite:child href="Bro014.F.segs.xml#id(Bro014.segment.1,213)"/>
            <nite:child href="Bro014.A.segs.xml#id(Bro014.segment.1,214)"/>
            <nite:child href="Bro014.B.segs.xml#id(Bro014.segment.1,215)"/>
            <nite:child href="Bro014.A.segs.xml#id(Bro014.segment.1,216)"/>
            <nite:child href="Bro014.F.segs.xml#id(Bro014.segment.1,217)"/>
            <nite:child href="Bro014.A.segs.xml#id(Bro014.segment.1,218)"/>
            <nite:child href="Bro014.C.segs.xml#id(Bro014.segment.1,219)"/>
            <nite:child href="Bro014.A.segs.xml#id(Bro014.segment.1,220)"/>
            <nite:child href="Bro014.C.segs.xml#id(Bro014.segment.1,221)"/>
            <nite:child href="Bro014.F.segs.xml#id(Bro014.segment.1,222)"/>
            <nite:child href="Bro014.A.segs.xml#id(Bro014.segment.1,223)"/>
            <nite:child href="Bro014.C.segs.xml#id(Bro014.segment.1,224)"/>
            <nite:child href="Bro014.F.segs.xml#id(Bro014.segment.1,225)"/>
            <nite:child href="Bro014.C.segs.xml#id(Bro014.segment.1,226)"/>
            <nite:child href="Bro014.F.segs.xml#id(Bro014.segment.1,227)"/>
            <nite:child href="Bro014.A.segs.xml#id(Bro014.segment.1,228)"/>
            <nite:child href="Bro014.F.segs.xml#id(Bro014.segment.1,229)"/>
            <nite:child href="Bro014.C.segs.xml#id(Bro014.segment.1,230)..id(Bro014.segment.1,231)"/>
            <nite:child href="Bro014.A.segs.xml#id(Bro014.segment.1,232)"/>
            <nite:child href="Bro014.F.segs.xml#id(Bro014.segment.1,233)"/>
            <nite:child href="Bro014.A.segs.xml#id(Bro014.segment.1,234)..id(Bro014.segment.1,237)"/>
            <nite:child href="Bro014.B.segs.xml#id(Bro014.segment.1,238)"/>
            <nite:child href="Bro014.A.segs.xml#id(Bro014.segment.1,239)"/>
            <nite:child href="Bro014.C.segs.xml#id(Bro014.segment.1,240)"/>
            <nite:child href="Bro014.A.segs.xml#id(Bro014.segment.1,241)"/>
            <nite:child href="Bro014.F.segs.xml#id(Bro014.segment.1,242)"/>
            <nite:child href="Bro014.A.segs.xml#id(Bro014.segment.1,243)"/>
            <nite:child href="Bro014.C.segs.xml#id(Bro014.segment.1,244)"/>
            <nite:child href="Bro014.A.segs.xml#id(Bro014.segment.1,245)"/>
            <nite:child href="Bro014.C.segs.xml#id(Bro014.segment.1,246)..id(Bro014.segment.1,247)"/>
            <nite:child href="Bro014.A.segs.xml#id(Bro014.segment.1,250)"/>
            <nite:child href="Bro014.B.segs.xml#id(Bro014.segment.1,248)"/>
            <nite:child href="Bro014.C.segs.xml#id(Bro014.segment.1,249)"/>
            <nite:child href="Bro014.F.segs.xml#id(Bro014.segment.1,251)"/>
            <nite:child href="Bro014.C.segs.xml#id(Bro014.segment.1,252)"/>
            <nite:child href="Bro014.A.segs.xml#id(Bro014.segment.1,253)"/>
            <nite:child href="Bro014.F.segs.xml#id(Bro014.segment.1,254)"/>
            <nite:child href="Bro014.C.segs.xml#id(Bro014.segment.1,255)"/>
            <nite:child href="Bro014.F.segs.xml#id(Bro014.segment.1,256)"/>
            <nite:child href="Bro014.A.segs.xml#id(Bro014.segment.1,257)"/>
            <nite:child href="Bro014.C.segs.xml#id(Bro014.segment.1,258)"/>
            <nite:child href="Bro014.F.segs.xml#id(Bro014.segment.1,259)..id(Bro014.segment.1,260)"/>
            <nite:child href="Bro014.A.segs.xml#id(Bro014.segment.1,261)"/>
            <nite:child href="Bro014.C.segs.xml#id(Bro014.segment.1,262)"/>
            <nite:child href="Bro014.E.segs.xml#id(Bro014.segment.1,263)"/>
            <nite:child href="Bro014.C.segs.xml#id(Bro014.segment.1,264)"/>
            <nite:child href="Bro014.B.segs.xml#id(Bro014.segment.1,265)"/>
            <nite:child href="Bro014.F.segs.xml#id(Bro014.segment.1,266)"/>
            <nite:child href="Bro014.B.segs.xml#id(Bro014.segment.1,267)"/>
            <nite:child href="Bro014.A.segs.xml#id(Bro014.segment.1,268)"/>
            <nite:child href="Bro014.B.segs.xml#id(Bro014.segment.1,269)..id(Bro014.segment.1,271)"/>
            <nite:child href="Bro014.A.segs.xml#id(Bro014.segment.1,272)"/>
            <nite:child href="Bro014.B.segs.xml#id(Bro014.segment.1,273)"/>
         </topic>
         <topic nite:id="Bro014.topic.15" description="spectral subtraction, level of execution">
            <nite:child href="Bro014.C.segs.xml#id(Bro014.segment.1,274)"/>
            <nite:child href="Bro014.A.segs.xml#id(Bro014.segment.1,275)"/>
            <nite:child href="Bro014.F.segs.xml#id(Bro014.segment.1,276)..id(Bro014.segment.1,277)"/>
            <nite:child href="Bro014.A.segs.xml#id(Bro014.segment.1,278)"/>
            <nite:child href="Bro014.B.segs.xml#id(Bro014.segment.1,279)..id(Bro014.segment.1,282)"/>
            <nite:child href="Bro014.A.segs.xml#id(Bro014.segment.1,283)..id(Bro014.segment.1,284)"/>
            <nite:child href="Bro014.B.segs.xml#id(Bro014.segment.1,285)"/>
            <nite:child href="Bro014.A.segs.xml#id(Bro014.segment.1,286)..id(Bro014.segment.1,288)"/>
            <nite:child href="Bro014.F.segs.xml#id(Bro014.segment.1,289)"/>
            <nite:child href="Bro014.A.segs.xml#id(Bro014.segment.1,290)"/>
            <nite:child href="Bro014.B.segs.xml#id(Bro014.segment.1,291)"/>
            <nite:child href="Bro014.A.segs.xml#id(Bro014.segment.1,292)"/>
            <nite:child href="Bro014.C.segs.xml#id(Bro014.segment.1,293)"/>
            <nite:child href="Bro014.B.segs.xml#id(Bro014.segment.1,294)"/>
            <nite:child href="Bro014.C.segs.xml#id(Bro014.segment.1,295)..id(Bro014.segment.1,296)"/>
            <nite:child href="Bro014.A.segs.xml#id(Bro014.segment.1,297)"/>
            <nite:child href="Bro014.B.segs.xml#id(Bro014.segment.1,298)..id(Bro014.segment.1,300)"/>
            <nite:child href="Bro014.A.segs.xml#id(Bro014.segment.1,301)"/>
            <nite:child href="Bro014.B.segs.xml#id(Bro014.segment.1,302)"/>
            <nite:child href="Bro014.A.segs.xml#id(Bro014.segment.1,303)"/>
         </topic>
      </topic>
      <topic nite:id="Bro014.topic.16" description="OGI, collaboration details">
         <nite:child href="Bro014.B.segs.xml#id(Bro014.segment.1,304)"/>
         <nite:child href="Bro014.F.segs.xml#id(Bro014.segment.1,305)"/>
         <nite:child href="Bro014.A.segs.xml#id(Bro014.segment.1,306)"/>
         <nite:child href="Bro014.B.segs.xml#id(Bro014.segment.1,307)"/>
         <nite:child href="Bro014.A.segs.xml#id(Bro014.segment.1,308)..id(Bro014.segment.1,309)"/>
         <nite:child href="Bro014.F.segs.xml#id(Bro014.segment.1,310)"/>
         <nite:child href="Bro014.A.segs.xml#id(Bro014.segment.1,311)"/>
         <nite:child href="Bro014.B.segs.xml#id(Bro014.segment.1,312)"/>
         <nite:child href="Bro014.A.segs.xml#id(Bro014.segment.1,313)"/>
         <nite:child href="Bro014.B.segs.xml#id(Bro014.segment.1,314)..id(Bro014.segment.1,315)"/>
         <nite:child href="Bro014.A.segs.xml#id(Bro014.segment.1,316)"/>
         <nite:child href="Bro014.B.segs.xml#id(Bro014.segment.1,317)"/>
         <nite:child href="Bro014.A.segs.xml#id(Bro014.segment.1,318)"/>
         <nite:child href="Bro014.B.segs.xml#id(Bro014.segment.1,319)"/>
         <nite:child href="Bro014.A.segs.xml#id(Bro014.segment.1,320)..id(Bro014.segment.1,321)"/>
         <nite:child href="Bro014.B.segs.xml#id(Bro014.segment.1,322)"/>
         <nite:child href="Bro014.C.segs.xml#id(Bro014.segment.1,323)"/>
         <nite:child href="Bro014.A.segs.xml#id(Bro014.segment.1,324)"/>
         <nite:child href="Bro014.F.segs.xml#id(Bro014.segment.1,325)"/>
         <nite:child href="Bro014.C.segs.xml#id(Bro014.segment.1,326)"/>
         <nite:child href="Bro014.A.segs.xml#id(Bro014.segment.1,327)"/>
         <nite:child href="Bro014.B.segs.xml#id(Bro014.segment.1,328)"/>
         <nite:child href="Bro014.A.segs.xml#id(Bro014.segment.1,329)"/>
         <nite:child href="Bro014.B.segs.xml#id(Bro014.segment.1,330)"/>
         <nite:child href="Bro014.E.segs.xml#id(Bro014.segment.1,331)"/>
         <nite:child href="Bro014.B.segs.xml#id(Bro014.segment.1,332)"/>
      </topic>
      <topic nite:id="Bro014.topic.17" description="chitchat">
         <nite:child href="Bro014.B.segs.xml#id(Bro014.segment.1,333)..id(Bro014.segment.1,334)"/>
         <nite:child href="Bro014.F.segs.xml#id(Bro014.segment.1,335)"/>
         <nite:child href="Bro014.A.segs.xml#id(Bro014.segment.1,336)"/>
         <nite:child href="Bro014.E.segs.xml#id(Bro014.segment.1,337)"/>
         <nite:child href="Bro014.B.segs.xml#id(Bro014.segment.1,338)..id(Bro014.segment.1,339)"/>
         <nite:child href="Bro014.D.segs.xml#id(Bro014.segment.1,340)"/>
         <nite:child href="Bro014.F.segs.xml#id(Bro014.segment.1,341)"/>
         <nite:child href="Bro014.A.segs.xml#id(Bro014.segment.1,342)"/>
         <nite:child href="Bro014.B.segs.xml#id(Bro014.segment.1,343)..id(Bro014.segment.1,344)"/>
         <nite:child href="Bro014.C.segs.xml#id(Bro014.segment.1,345)"/>
         <nite:child href="Bro014.F.segs.xml#id(Bro014.segment.1,346)..id(Bro014.segment.1,347)"/>
         <nite:child href="Bro014.B.segs.xml#id(Bro014.segment.1,348)..id(Bro014.segment.1,349)"/>
         <nite:child href="Bro014.F.segs.xml#id(Bro014.segment.1,350)"/>
         <nite:child href="Bro014.E.segs.xml#id(Bro014.segment.1,351)"/>
         <nite:child href="Bro014.D.segs.xml#id(Bro014.segment.1,352)"/>
         <nite:child href="Bro014.C.segs.xml#id(Bro014.segment.1,353)"/>
         <nite:child href="Bro014.B.segs.xml#id(Bro014.segment.1,354)"/>
         <nite:child href="Bro014.A.segs.xml#id(Bro014.segment.1,355)"/>
         <nite:child href="Bro014.F.segs.xml#id(Bro014.segment.1,356)"/>
         <nite:child href="Bro014.E.segs.xml#id(Bro014.segment.1,357)"/>
         <nite:child href="Bro014.D.segs.xml#id(Bro014.segment.1,358)"/>
         <nite:child href="Bro014.B.segs.xml#id(Bro014.segment.1,359)"/>
         <nite:child href="Bro014.F.segs.xml#id(Bro014.segment.1,360)"/>
         <nite:child href="Bro014.C.segs.xml#id(Bro014.segment.1,361)"/>
         <nite:child href="Bro014.F.segs.xml#id(Bro014.segment.1,362)"/>
         <nite:child href="Bro014.A.segs.xml#id(Bro014.segment.1,363)"/>
         <nite:child href="Bro014.E.segs.xml#id(Bro014.segment.1,364)"/>
         <nite:child href="Bro014.C.segs.xml#id(Bro014.segment.1,365)"/>
         <nite:child href="Bro014.E.segs.xml#id(Bro014.segment.1,366)"/>
         <nite:child href="Bro014.F.segs.xml#id(Bro014.segment.1,367)"/>
         <nite:child href="Bro014.A.segs.xml#id(Bro014.segment.1,368)"/>
         <nite:child href="Bro014.C.segs.xml#id(Bro014.segment.1,369)"/>
         <nite:child href="Bro014.B.segs.xml#id(Bro014.segment.1,370)"/>
         <nite:child href="Bro014.E.segs.xml#id(Bro014.segment.1,371)"/>
         <nite:child href="Bro014.A.segs.xml#id(Bro014.segment.1,372)"/>
         <nite:child href="Bro014.B.segs.xml#id(Bro014.segment.1,373)..id(Bro014.segment.1,374)"/>
         <nite:child href="Bro014.D.segs.xml#id(Bro014.segment.1,375)"/>
         <nite:child href="Bro014.B.segs.xml#id(Bro014.segment.1,376)..id(Bro014.segment.1,377)"/>
         <nite:child href="Bro014.F.segs.xml#id(Bro014.segment.1,378)"/>
         <nite:child href="Bro014.E.segs.xml#id(Bro014.segment.1,379)"/>
         <nite:child href="Bro014.A.segs.xml#id(Bro014.segment.1,380)"/>
         <nite:child href="Bro014.E.segs.xml#id(Bro014.segment.1,381)"/>
      </topic>
   </topic>
   <topic nite:id="Bro014.topic.18" description="speaker me026 progress report, reverberation removal">
      <nite:child href="Bro014.B.segs.xml#id(Bro014.segment.1,382)"/>
      <nite:child href="Bro014.A.segs.xml#id(Bro014.segment.1,383)"/>
      <nite:child href="Bro014.B.segs.xml#id(Bro014.segment.1,384)"/>
      <nite:child href="Bro014.D.segs.xml#id(Bro014.segment.1,385)..id(Bro014.segment.1,386)"/>
      <nite:child href="Bro014.B.segs.xml#id(Bro014.segment.1,387)"/>
      <nite:child href="Bro014.D.segs.xml#id(Bro014.segment.1,388)..id(Bro014.segment.1,396)"/>
      <nite:child href="Bro014.B.segs.xml#id(Bro014.segment.1,397)"/>
      <nite:child href="Bro014.D.segs.xml#id(Bro014.segment.1,398)..id(Bro014.segment.1,400)"/>
      <nite:child href="Bro014.B.segs.xml#id(Bro014.segment.1,401)"/>
      <nite:child href="Bro014.D.segs.xml#id(Bro014.segment.1,402)..id(Bro014.segment.1,403)"/>
      <nite:child href="Bro014.B.segs.xml#id(Bro014.segment.1,404)"/>
      <nite:child href="Bro014.D.segs.xml#id(Bro014.segment.1,405)"/>
      <nite:child href="Bro014.E.segs.xml#id(Bro014.segment.1,406)"/>
      <nite:child href="Bro014.B.segs.xml#id(Bro014.segment.1,407)..id(Bro014.segment.1,410)"/>
      <nite:child href="Bro014.F.segs.xml#id(Bro014.segment.1,411)"/>
      <nite:child href="Bro014.D.segs.xml#id(Bro014.segment.1,412)"/>
      <nite:child href="Bro014.B.segs.xml#id(Bro014.segment.1,413)"/>
      <nite:child href="Bro014.D.segs.xml#id(Bro014.segment.1,414)"/>
      <nite:child href="Bro014.B.segs.xml#id(Bro014.segment.1,415)..id(Bro014.segment.1,416)"/>
      <nite:child href="Bro014.D.segs.xml#id(Bro014.segment.1,417)"/>
      <nite:child href="Bro014.B.segs.xml#id(Bro014.segment.1,418)"/>
      <nite:child href="Bro014.D.segs.xml#id(Bro014.segment.1,419)"/>
      <nite:child href="Bro014.B.segs.xml#id(Bro014.segment.1,420)..id(Bro014.segment.1,422)"/>
      <nite:child href="Bro014.F.segs.xml#id(Bro014.segment.1,423)"/>
      <nite:child href="Bro014.B.segs.xml#id(Bro014.segment.1,424)..id(Bro014.segment.1,429)"/>
      <nite:child href="Bro014.D.segs.xml#id(Bro014.segment.1,430)"/>
      <nite:child href="Bro014.B.segs.xml#id(Bro014.segment.1,431)..id(Bro014.segment.1,432)"/>
      <nite:child href="Bro014.D.segs.xml#id(Bro014.segment.1,433)"/>
      <nite:child href="Bro014.B.segs.xml#id(Bro014.segment.1,434)..id(Bro014.segment.1,436)"/>
   </topic>
   <topic nite:id="Bro014.topic.19" description="speaker me006 progress report, acoustic feature detection">
      <nite:child href="Bro014.B.segs.xml#id(Bro014.segment.1,437)"/>
      <nite:child href="Bro014.E.segs.xml#id(Bro014.segment.1,438)..id(Bro014.segment.1,444)"/>
      <nite:child href="Bro014.A.segs.xml#id(Bro014.segment.1,445)"/>
      <nite:child href="Bro014.E.segs.xml#id(Bro014.segment.1,446)..id(Bro014.segment.1,448)"/>
      <nite:child href="Bro014.B.segs.xml#id(Bro014.segment.1,449)"/>
      <nite:child href="Bro014.E.segs.xml#id(Bro014.segment.1,450)"/>
      <nite:child href="Bro014.A.segs.xml#id(Bro014.segment.1,451)"/>
      <nite:child href="Bro014.C.segs.xml#id(Bro014.segment.1,452)"/>
      <nite:child href="Bro014.E.segs.xml#id(Bro014.segment.1,453)..id(Bro014.segment.1,454)"/>
      <nite:child href="Bro014.B.segs.xml#id(Bro014.segment.1,455)"/>
      <nite:child href="Bro014.E.segs.xml#id(Bro014.segment.1,456)"/>
      <nite:child href="Bro014.B.segs.xml#id(Bro014.segment.1,457)"/>
      <nite:child href="Bro014.E.segs.xml#id(Bro014.segment.1,458)"/>
      <nite:child href="Bro014.B.segs.xml#id(Bro014.segment.1,459)"/>
      <nite:child href="Bro014.E.segs.xml#id(Bro014.segment.1,460)"/>
      <nite:child href="Bro014.B.segs.xml#id(Bro014.segment.1,461)"/>
      <nite:child href="Bro014.E.segs.xml#id(Bro014.segment.1,462)..id(Bro014.segment.1,463)"/>
      <nite:child href="Bro014.B.segs.xml#id(Bro014.segment.1,464)..id(Bro014.segment.1,465)"/>
      <nite:child href="Bro014.E.segs.xml#id(Bro014.segment.1,466)..id(Bro014.segment.1,468)"/>
      <nite:child href="Bro014.B.segs.xml#id(Bro014.segment.1,469)..id(Bro014.segment.1,470)"/>
      <nite:child href="Bro014.E.segs.xml#id(Bro014.segment.1,471)"/>
      <nite:child href="Bro014.B.segs.xml#id(Bro014.segment.1,472)"/>
      <nite:child href="Bro014.E.segs.xml#id(Bro014.segment.1,473)"/>
      <nite:child href="Bro014.B.segs.xml#id(Bro014.segment.1,474)"/>
      <nite:child href="Bro014.E.segs.xml#id(Bro014.segment.1,475)"/>
      <nite:child href="Bro014.B.segs.xml#id(Bro014.segment.1,476)"/>
      <nite:child href="Bro014.E.segs.xml#id(Bro014.segment.1,477)"/>
      <nite:child href="Bro014.B.segs.xml#id(Bro014.segment.1,478)"/>
      <nite:child href="Bro014.E.segs.xml#id(Bro014.segment.1,479)"/>
      <nite:child href="Bro014.B.segs.xml#id(Bro014.segment.1,480)"/>
      <nite:child href="Bro014.E.segs.xml#id(Bro014.segment.1,481)"/>
      <nite:child href="Bro014.B.segs.xml#id(Bro014.segment.1,482)"/>
      <nite:child href="Bro014.E.segs.xml#id(Bro014.segment.1,483)"/>
   </topic>
   <topic nite:id="Bro014.topic.20" description="closing">
      <nite:child href="Bro014.B.segs.xml#id(Bro014.segment.1,484)"/>
      <nite:child href="Bro014.C.segs.xml#id(Bro014.segment.1,485)"/>
      <nite:child href="Bro014.F.segs.xml#id(Bro014.segment.1,486)"/>
      <nite:child href="Bro014.A.segs.xml#id(Bro014.segment.1,487)"/>
      <nite:child href="Bro014.B.segs.xml#id(Bro014.segment.1,488)"/>
      <nite:child href="Bro014.F.segs.xml#id(Bro014.segment.1,489)"/>
      <nite:child href="Bro014.D.segs.xml#id(Bro014.segment.1,490)..id(Bro014.segment.1,491)"/>
      <nite:child href="Bro014.F.segs.xml#id(Bro014.segment.1,492)"/>
      <nite:child href="Bro014.D.segs.xml#id(Bro014.segment.1,493)"/>
      <topic nite:id="Bro014.topic.21" description="digit task">
         <nite:child href="Bro014.D.segs.xml#id(Bro014.segment.1,494)..id(Bro014.segment.1,495)"/>
         <nite:child href="Bro014.F.segs.xml#id(Bro014.segment.1,496)"/>
         <nite:child href="Bro014.D.segs.xml#id(Bro014.segment.1,497)..id(Bro014.segment.1,500)"/>
         <nite:child href="Bro014.C.segs.xml#id(Bro014.segment.1,501)"/>
         <nite:child href="Bro014.A.segs.xml#id(Bro014.segment.1,502)"/>
         <nite:child href="Bro014.D.segs.xml#id(Bro014.segment.1,503)..id(Bro014.segment.1,505)"/>
         <nite:child href="Bro014.B.segs.xml#id(Bro014.segment.1,506)"/>
         <nite:child href="Bro014.E.segs.xml#id(Bro014.segment.1,507)"/>
         <nite:child href="Bro014.C.segs.xml#id(Bro014.segment.1,508)"/>
         <nite:child href="Bro014.F.segs.xml#id(Bro014.segment.1,509)"/>
         <nite:child href="Bro014.B.segs.xml#id(Bro014.segment.1,510)"/>
         <nite:child href="Bro014.A.segs.xml#id(Bro014.segment.1,511)"/>
         <nite:child href="Bro014.B.segs.xml#id(Bro014.segment.1,512)"/>
         <nite:child href="Bro014.E.segs.xml#id(Bro014.segment.1,513)"/>
         <nite:child href="Bro014.B.segs.xml#id(Bro014.segment.1,514)..id(Bro014.segment.1,521)"/>
         <nite:child href="Bro014.C.segs.xml#id(Bro014.segment.1,522)..id(Bro014.segment.1,528)"/>
         <nite:child href="Bro014.F.segs.xml#id(Bro014.segment.1,529)"/>
         <nite:child href="Bro014.C.segs.xml#id(Bro014.segment.1,530)..id(Bro014.segment.1,531)"/>
         <nite:child href="Bro014.B.segs.xml#id(Bro014.segment.1,532)"/>
         <nite:child href="Bro014.C.segs.xml#id(Bro014.segment.1,533)"/>
         <nite:child href="Bro014.E.segs.xml#id(Bro014.segment.1,534)..id(Bro014.segment.1,535)"/>
         <nite:child href="Bro014.B.segs.xml#id(Bro014.segment.1,536)"/>
         <nite:child href="Bro014.A.segs.xml#id(Bro014.segment.1,537)"/>
         <nite:child href="Bro014.E.segs.xml#id(Bro014.segment.1,538)..id(Bro014.segment.1,545)"/>
         <nite:child href="Bro014.A.segs.xml#id(Bro014.segment.1,546)..id(Bro014.segment.1,549)"/>
         <nite:child href="Bro014.E.segs.xml#id(Bro014.segment.1,550)"/>
         <nite:child href="Bro014.A.segs.xml#id(Bro014.segment.1,551)..id(Bro014.segment.1,556)"/>
         <nite:child href="Bro014.F.segs.xml#id(Bro014.segment.1,557)..id(Bro014.segment.1,566)"/>
      </topic>
      <nite:child href="Bro014.A.segs.xml#id(Bro014.segment.1,567)"/>
      <nite:child href="Bro014.D.segs.xml#id(Bro014.segment.1,568)"/>
      <nite:child href="Bro014.F.segs.xml#id(Bro014.segment.1,569)"/>
      <nite:child href="Bro014.A.segs.xml#id(Bro014.segment.1,570)"/>
   </topic>
</nite:root>