<?xml version="1.0" encoding="ISO-8859-1" standalone="yes"?>
<nite:root nite:id="Bro018.topic" xmlns:nite="http://nite.sourceforge.net/">
   <topic nite:id="Bro018.topic.1" description="update from speaker fn002, voicing detector experiments">
      <nite:child href="Bro018.C.segs.xml#id(Bro018.segment.1)"/>
      <nite:child href="Bro018.D.segs.xml#id(Bro018.segment.2)..id(Bro018.segment.4)"/>
      <nite:child href="Bro018.E.segs.xml#id(Bro018.segment.5)"/>
      <nite:child href="Bro018.C.segs.xml#id(Bro018.segment.6)"/>
      <nite:child href="Bro018.D.segs.xml#id(Bro018.segment.7)..id(Bro018.segment.8)"/>
      <nite:child href="Bro018.E.segs.xml#id(Bro018.segment.9)"/>
      <nite:child href="Bro018.D.segs.xml#id(Bro018.segment.10)..id(Bro018.segment.13)"/>
      <nite:child href="Bro018.E.segs.xml#id(Bro018.segment.14)..id(Bro018.segment.15)"/>
      <nite:child href="Bro018.D.segs.xml#id(Bro018.segment.16)"/>
      <nite:child href="Bro018.E.segs.xml#id(Bro018.segment.17)"/>
      <nite:child href="Bro018.D.segs.xml#id(Bro018.segment.18)"/>
      <nite:child href="Bro018.E.segs.xml#id(Bro018.segment.19)"/>
      <topic nite:id="Bro018.topic.2" description="voiced/unvoiced silence net, MLP input features">
         <nite:child href="Bro018.D.segs.xml#id(Bro018.segment.20)..id(Bro018.segment.21)"/>
         <nite:child href="Bro018.C.segs.xml#id(Bro018.segment.22)"/>
         <nite:child href="Bro018.D.segs.xml#id(Bro018.segment.23)..id(Bro018.segment.29)"/>
         <nite:child href="Bro018.C.segs.xml#id(Bro018.segment.30)"/>
         <nite:child href="Bro018.E.segs.xml#id(Bro018.segment.31)"/>
         <nite:child href="Bro018.D.segs.xml#id(Bro018.segment.32)"/>
         <nite:child href="Bro018.C.segs.xml#id(Bro018.segment.33)"/>
         <nite:child href="Bro018.D.segs.xml#id(Bro018.segment.34)..id(Bro018.segment.36)"/>
         <nite:child href="Bro018.C.segs.xml#id(Bro018.segment.38)"/>
         <nite:child href="Bro018.D.segs.xml#id(Bro018.segment.37)..id(Bro018.segment.39)"/>
         <nite:child href="Bro018.C.segs.xml#id(Bro018.segment.40)"/>
         <nite:child href="Bro018.D.segs.xml#id(Bro018.segment.41)"/>
         <nite:child href="Bro018.C.segs.xml#id(Bro018.segment.42)..id(Bro018.segment.45)"/>
         <nite:child href="Bro018.D.segs.xml#id(Bro018.segment.46)"/>
         <nite:child href="Bro018.C.segs.xml#id(Bro018.segment.47)"/>
         <nite:child href="Bro018.D.segs.xml#id(Bro018.segment.48)"/>
         <nite:child href="Bro018.C.segs.xml#id(Bro018.segment.49)..id(Bro018.segment.50)"/>
         <nite:child href="Bro018.D.segs.xml#id(Bro018.segment.51)..id(Bro018.segment.52)"/>
         <nite:child href="Bro018.E.segs.xml#id(Bro018.segment.53)..id(Bro018.segment.54)"/>
         <nite:child href="Bro018.C.segs.xml#id(Bro018.segment.55)"/>
         <nite:child href="Bro018.D.segs.xml#id(Bro018.segment.56)"/>
         <nite:child href="Bro018.E.segs.xml#id(Bro018.segment.57)"/>
         <nite:child href="Bro018.D.segs.xml#id(Bro018.segment.58)"/>
         <nite:child href="Bro018.C.segs.xml#id(Bro018.segment.59)..id(Bro018.segment.61)"/>
         <nite:child href="Bro018.D.segs.xml#id(Bro018.segment.63)"/>
         <nite:child href="Bro018.C.segs.xml#id(Bro018.segment.62)"/>
         <nite:child href="Bro018.D.segs.xml#id(Bro018.segment.64)"/>
         <nite:child href="Bro018.C.segs.xml#id(Bro018.segment.65)"/>
         <nite:child href="Bro018.D.segs.xml#id(Bro018.segment.66)"/>
         <nite:child href="Bro018.C.segs.xml#id(Bro018.segment.67)"/>
         <nite:child href="Bro018.D.segs.xml#id(Bro018.segment.68)"/>
         <nite:child href="Bro018.C.segs.xml#id(Bro018.segment.69)..id(Bro018.segment.71)"/>
         <nite:child href="Bro018.D.segs.xml#id(Bro018.segment.72)"/>
         <nite:child href="Bro018.C.segs.xml#id(Bro018.segment.73)"/>
         <nite:child href="Bro018.A.segs.xml#id(Bro018.segment.74)"/>
         <nite:child href="Bro018.C.segs.xml#id(Bro018.segment.75)"/>
         <nite:child href="Bro018.D.segs.xml#id(Bro018.segment.76)"/>
         <nite:child href="Bro018.C.segs.xml#id(Bro018.segment.77)..id(Bro018.segment.78)"/>
         <nite:child href="Bro018.D.segs.xml#id(Bro018.segment.79)"/>
         <nite:child href="Bro018.C.segs.xml#id(Bro018.segment.80)..id(Bro018.segment.82)"/>
         <nite:child href="Bro018.D.segs.xml#id(Bro018.segment.83)"/>
         <nite:child href="Bro018.C.segs.xml#id(Bro018.segment.84)..id(Bro018.segment.86)"/>
         <nite:child href="Bro018.D.segs.xml#id(Bro018.segment.87)"/>
         <nite:child href="Bro018.C.segs.xml#id(Bro018.segment.88)..id(Bro018.segment.89)"/>
         <nite:child href="Bro018.D.segs.xml#id(Bro018.segment.90)"/>
         <nite:child href="Bro018.C.segs.xml#id(Bro018.segment.91)"/>
         <nite:child href="Bro018.D.segs.xml#id(Bro018.segment.92)"/>
         <nite:child href="Bro018.C.segs.xml#id(Bro018.segment.93)"/>
         <nite:child href="Bro018.D.segs.xml#id(Bro018.segment.94)..id(Bro018.segment.95)"/>
         <nite:child href="Bro018.C.segs.xml#id(Bro018.segment.96)"/>
         <nite:child href="Bro018.D.segs.xml#id(Bro018.segment.97)"/>
         <nite:child href="Bro018.C.segs.xml#id(Bro018.segment.98)"/>
         <nite:child href="Bro018.D.segs.xml#id(Bro018.segment.99)"/>
         <nite:child href="Bro018.C.segs.xml#id(Bro018.segment.100)..id(Bro018.segment.101)"/>
         <nite:child href="Bro018.D.segs.xml#id(Bro018.segment.102)"/>
         <nite:child href="Bro018.C.segs.xml#id(Bro018.segment.103)..id(Bro018.segment.104)"/>
         <nite:child href="Bro018.D.segs.xml#id(Bro018.segment.105)"/>
         <nite:child href="Bro018.C.segs.xml#id(Bro018.segment.106)..id(Bro018.segment.107)"/>
         <nite:child href="Bro018.D.segs.xml#id(Bro018.segment.108)"/>
         <nite:child href="Bro018.C.segs.xml#id(Bro018.segment.109)"/>
         <nite:child href="Bro018.D.segs.xml#id(Bro018.segment.110)..id(Bro018.segment.111)"/>
         <nite:child href="Bro018.C.segs.xml#id(Bro018.segment.112)"/>
         <nite:child href="Bro018.D.segs.xml#id(Bro018.segment.113)..id(Bro018.segment.114)"/>
         <nite:child href="Bro018.C.segs.xml#id(Bro018.segment.115)"/>
         <nite:child href="Bro018.E.segs.xml#id(Bro018.segment.116)"/>
         <nite:child href="Bro018.D.segs.xml#id(Bro018.segment.117)"/>
         <nite:child href="Bro018.C.segs.xml#id(Bro018.segment.118)"/>
         <nite:child href="Bro018.E.segs.xml#id(Bro018.segment.119)"/>
         <nite:child href="Bro018.C.segs.xml#id(Bro018.segment.120)"/>
         <nite:child href="Bro018.D.segs.xml#id(Bro018.segment.121)"/>
         <nite:child href="Bro018.C.segs.xml#id(Bro018.segment.122)"/>
         <nite:child href="Bro018.E.segs.xml#id(Bro018.segment.123)"/>
         <nite:child href="Bro018.C.segs.xml#id(Bro018.segment.124)..id(Bro018.segment.129)"/>
         <nite:child href="Bro018.D.segs.xml#id(Bro018.segment.130)"/>
         <nite:child href="Bro018.C.segs.xml#id(Bro018.segment.131)..id(Bro018.segment.132)"/>
         <nite:child href="Bro018.D.segs.xml#id(Bro018.segment.133)"/>
         <nite:child href="Bro018.C.segs.xml#id(Bro018.segment.134)..id(Bro018.segment.135)"/>
         <nite:child href="Bro018.A.segs.xml#id(Bro018.segment.136)"/>
         <nite:child href="Bro018.D.segs.xml#id(Bro018.segment.137)"/>
         <nite:child href="Bro018.C.segs.xml#id(Bro018.segment.138)"/>
         <nite:child href="Bro018.D.segs.xml#id(Bro018.segment.139)"/>
         <nite:child href="Bro018.C.segs.xml#id(Bro018.segment.140)..id(Bro018.segment.142)"/>
         <nite:child href="Bro018.D.segs.xml#id(Bro018.segment.143)"/>
         <nite:child href="Bro018.C.segs.xml#id(Bro018.segment.144)..id(Bro018.segment.145)"/>
         <nite:child href="Bro018.D.segs.xml#id(Bro018.segment.146)"/>
         <nite:child href="Bro018.C.segs.xml#id(Bro018.segment.147)..id(Bro018.segment.148)"/>
         <nite:child href="Bro018.D.segs.xml#id(Bro018.segment.149)"/>
         <nite:child href="Bro018.C.segs.xml#id(Bro018.segment.150)"/>
         <nite:child href="Bro018.E.segs.xml#id(Bro018.segment.151)"/>
         <nite:child href="Bro018.D.segs.xml#id(Bro018.segment.152)"/>
         <nite:child href="Bro018.C.segs.xml#id(Bro018.segment.153)"/>
         <nite:child href="Bro018.A.segs.xml#id(Bro018.segment.154)"/>
         <nite:child href="Bro018.C.segs.xml#id(Bro018.segment.155)"/>
         <nite:child href="Bro018.A.segs.xml#id(Bro018.segment.156)"/>
         <nite:child href="Bro018.D.segs.xml#id(Bro018.segment.157)"/>
         <nite:child href="Bro018.C.segs.xml#id(Bro018.segment.158)..id(Bro018.segment.161)"/>
         <nite:child href="Bro018.E.segs.xml#id(Bro018.segment.162)"/>
         <nite:child href="Bro018.C.segs.xml#id(Bro018.segment.163)..id(Bro018.segment.166)"/>
         <nite:child href="Bro018.D.segs.xml#id(Bro018.segment.167)"/>
         <nite:child href="Bro018.C.segs.xml#id(Bro018.segment.168)..id(Bro018.segment.169)"/>
         <nite:child href="Bro018.D.segs.xml#id(Bro018.segment.170)"/>
         <nite:child href="Bro018.C.segs.xml#id(Bro018.segment.171)"/>
         <nite:child href="Bro018.E.segs.xml#id(Bro018.segment.172)..id(Bro018.segment.174)"/>
         <nite:child href="Bro018.C.segs.xml#id(Bro018.segment.175)"/>
         <nite:child href="Bro018.D.segs.xml#id(Bro018.segment.176)"/>
         <nite:child href="Bro018.C.segs.xml#id(Bro018.segment.177)..id(Bro018.segment.178)"/>
         <nite:child href="Bro018.D.segs.xml#id(Bro018.segment.179)"/>
         <nite:child href="Bro018.E.segs.xml#id(Bro018.segment.180)"/>
         <nite:child href="Bro018.C.segs.xml#id(Bro018.segment.181)..id(Bro018.segment.183)"/>
         <nite:child href="Bro018.E.segs.xml#id(Bro018.segment.184)..id(Bro018.segment.185)"/>
         <nite:child href="Bro018.C.segs.xml#id(Bro018.segment.186)..id(Bro018.segment.187)"/>
         <nite:child href="Bro018.A.segs.xml#id(Bro018.segment.189)"/>
         <nite:child href="Bro018.E.segs.xml#id(Bro018.segment.188)"/>
         <nite:child href="Bro018.D.segs.xml#id(Bro018.segment.190)..id(Bro018.segment.191)"/>
         <nite:child href="Bro018.E.segs.xml#id(Bro018.segment.192)"/>
         <nite:child href="Bro018.D.segs.xml#id(Bro018.segment.193)"/>
         <nite:child href="Bro018.E.segs.xml#id(Bro018.segment.194)"/>
         <nite:child href="Bro018.C.segs.xml#id(Bro018.segment.195)"/>
         <topic nite:id="Bro018.topic.3" description="frame error rates">
            <nite:child href="Bro018.A.segs.xml#id(Bro018.segment.196)"/>
            <nite:child href="Bro018.D.segs.xml#id(Bro018.segment.197)..id(Bro018.segment.199)"/>
            <nite:child href="Bro018.A.segs.xml#id(Bro018.segment.200)"/>
            <nite:child href="Bro018.C.segs.xml#id(Bro018.segment.201)"/>
            <nite:child href="Bro018.D.segs.xml#id(Bro018.segment.202)..id(Bro018.segment.203)"/>
            <nite:child href="Bro018.A.segs.xml#id(Bro018.segment.204)"/>
            <nite:child href="Bro018.D.segs.xml#id(Bro018.segment.205)..id(Bro018.segment.207)"/>
            <nite:child href="Bro018.A.segs.xml#id(Bro018.segment.208)"/>
            <nite:child href="Bro018.D.segs.xml#id(Bro018.segment.209)"/>
            <nite:child href="Bro018.A.segs.xml#id(Bro018.segment.210)"/>
            <nite:child href="Bro018.D.segs.xml#id(Bro018.segment.212)"/>
            <nite:child href="Bro018.C.segs.xml#id(Bro018.segment.211)"/>
            <nite:child href="Bro018.A.segs.xml#id(Bro018.segment.213)"/>
            <nite:child href="Bro018.D.segs.xml#id(Bro018.segment.214)"/>
            <nite:child href="Bro018.A.segs.xml#id(Bro018.segment.215)"/>
            <nite:child href="Bro018.D.segs.xml#id(Bro018.segment.216)"/>
            <nite:child href="Bro018.A.segs.xml#id(Bro018.segment.217)"/>
            <nite:child href="Bro018.D.segs.xml#id(Bro018.segment.218)"/>
            <nite:child href="Bro018.A.segs.xml#id(Bro018.segment.219)"/>
            <nite:child href="Bro018.D.segs.xml#id(Bro018.segment.220)"/>
            <nite:child href="Bro018.A.segs.xml#id(Bro018.segment.221)"/>
            <nite:child href="Bro018.D.segs.xml#id(Bro018.segment.222)..id(Bro018.segment.223)"/>
            <nite:child href="Bro018.C.segs.xml#id(Bro018.segment.224)"/>
            <nite:child href="Bro018.D.segs.xml#id(Bro018.segment.225)"/>
            <nite:child href="Bro018.C.segs.xml#id(Bro018.segment.226)"/>
            <nite:child href="Bro018.A.segs.xml#id(Bro018.segment.227)"/>
            <nite:child href="Bro018.D.segs.xml#id(Bro018.segment.228)"/>
            <nite:child href="Bro018.C.segs.xml#id(Bro018.segment.229)"/>
            <nite:child href="Bro018.D.segs.xml#id(Bro018.segment.230)"/>
            <nite:child href="Bro018.C.segs.xml#id(Bro018.segment.231)"/>
            <nite:child href="Bro018.D.segs.xml#id(Bro018.segment.232)..id(Bro018.segment.233)"/>
            <nite:child href="Bro018.C.segs.xml#id(Bro018.segment.234)"/>
            <nite:child href="Bro018.A.segs.xml#id(Bro018.segment.235)"/>
            <nite:child href="Bro018.D.segs.xml#id(Bro018.segment.236)"/>
            <nite:child href="Bro018.A.segs.xml#id(Bro018.segment.237)"/>
            <nite:child href="Bro018.D.segs.xml#id(Bro018.segment.238)"/>
            <nite:child href="Bro018.A.segs.xml#id(Bro018.segment.239)..id(Bro018.segment.240)"/>
            <nite:child href="Bro018.C.segs.xml#id(Bro018.segment.241)..id(Bro018.segment.242)"/>
            <nite:child href="Bro018.D.segs.xml#id(Bro018.segment.243)"/>
            <nite:child href="Bro018.C.segs.xml#id(Bro018.segment.244)..id(Bro018.segment.249)"/>
            <nite:child href="Bro018.D.segs.xml#id(Bro018.segment.250)"/>
            <nite:child href="Bro018.C.segs.xml#id(Bro018.segment.251)..id(Bro018.segment.253)"/>
            <nite:child href="Bro018.D.segs.xml#id(Bro018.segment.254)"/>
            <nite:child href="Bro018.C.segs.xml#id(Bro018.segment.255)"/>
            <nite:child href="Bro018.D.segs.xml#id(Bro018.segment.256)"/>
            <nite:child href="Bro018.A.segs.xml#id(Bro018.segment.257)"/>
            <nite:child href="Bro018.C.segs.xml#id(Bro018.segment.258)"/>
            <nite:child href="Bro018.D.segs.xml#id(Bro018.segment.259)..id(Bro018.segment.262)"/>
            <nite:child href="Bro018.C.segs.xml#id(Bro018.segment.263)..id(Bro018.segment.264)"/>
            <nite:child href="Bro018.D.segs.xml#id(Bro018.segment.265)"/>
            <nite:child href="Bro018.C.segs.xml#id(Bro018.segment.266)"/>
            <nite:child href="Bro018.A.segs.xml#id(Bro018.segment.267)"/>
            <nite:child href="Bro018.C.segs.xml#id(Bro018.segment.268)..id(Bro018.segment.270)"/>
            <nite:child href="Bro018.D.segs.xml#id(Bro018.segment.271)"/>
            <nite:child href="Bro018.C.segs.xml#id(Bro018.segment.272)"/>
            <nite:child href="Bro018.D.segs.xml#id(Bro018.segment.273)..id(Bro018.segment.274)"/>
            <nite:child href="Bro018.E.segs.xml#id(Bro018.segment.275)"/>
            <nite:child href="Bro018.D.segs.xml#id(Bro018.segment.277)"/>
         </topic>
         <topic nite:id="Bro018.topic.4" description="neural net targets">
            <nite:child href="Bro018.E.segs.xml#id(Bro018.segment.276)..id(Bro018.segment.278)"/>
            <nite:child href="Bro018.D.segs.xml#id(Bro018.segment.279)"/>
            <nite:child href="Bro018.A.segs.xml#id(Bro018.segment.280)"/>
            <nite:child href="Bro018.D.segs.xml#id(Bro018.segment.281)"/>
            <nite:child href="Bro018.A.segs.xml#id(Bro018.segment.282)"/>
            <nite:child href="Bro018.D.segs.xml#id(Bro018.segment.283)"/>
            <nite:child href="Bro018.E.segs.xml#id(Bro018.segment.284)"/>
            <nite:child href="Bro018.C.segs.xml#id(Bro018.segment.285)"/>
            <nite:child href="Bro018.E.segs.xml#id(Bro018.segment.286)"/>
            <nite:child href="Bro018.D.segs.xml#id(Bro018.segment.287)"/>
            <nite:child href="Bro018.A.segs.xml#id(Bro018.segment.288)"/>
            <nite:child href="Bro018.C.segs.xml#id(Bro018.segment.289)"/>
            <nite:child href="Bro018.D.segs.xml#id(Bro018.segment.290)"/>
            <nite:child href="Bro018.C.segs.xml#id(Bro018.segment.291)"/>
            <nite:child href="Bro018.D.segs.xml#id(Bro018.segment.293)"/>
            <nite:child href="Bro018.A.segs.xml#id(Bro018.segment.292)"/>
            <nite:child href="Bro018.D.segs.xml#id(Bro018.segment.294)..id(Bro018.segment.295)"/>
            <nite:child href="Bro018.C.segs.xml#id(Bro018.segment.296)"/>
            <nite:child href="Bro018.A.segs.xml#id(Bro018.segment.297)"/>
            <nite:child href="Bro018.C.segs.xml#id(Bro018.segment.298)..id(Bro018.segment.301)"/>
            <nite:child href="Bro018.E.segs.xml#id(Bro018.segment.302)"/>
            <nite:child href="Bro018.C.segs.xml#id(Bro018.segment.303)..id(Bro018.segment.304)"/>
            <nite:child href="Bro018.A.segs.xml#id(Bro018.segment.305)"/>
            <nite:child href="Bro018.E.segs.xml#id(Bro018.segment.307)"/>
            <nite:child href="Bro018.C.segs.xml#id(Bro018.segment.306)"/>
            <nite:child href="Bro018.E.segs.xml#id(Bro018.segment.308)"/>
            <nite:child href="Bro018.C.segs.xml#id(Bro018.segment.309)"/>
            <nite:child href="Bro018.E.segs.xml#id(Bro018.segment.310)"/>
            <nite:child href="Bro018.C.segs.xml#id(Bro018.segment.311)..id(Bro018.segment.314)"/>
            <nite:child href="Bro018.E.segs.xml#id(Bro018.segment.315)"/>
            <nite:child href="Bro018.C.segs.xml#id(Bro018.segment.316)"/>
            <nite:child href="Bro018.E.segs.xml#id(Bro018.segment.317)..id(Bro018.segment.318)"/>
            <nite:child href="Bro018.C.segs.xml#id(Bro018.segment.319)"/>
            <nite:child href="Bro018.E.segs.xml#id(Bro018.segment.320)"/>
            <nite:child href="Bro018.C.segs.xml#id(Bro018.segment.321)..id(Bro018.segment.322)"/>
            <nite:child href="Bro018.D.segs.xml#id(Bro018.segment.323)"/>
         </topic>
      </topic>
      <topic nite:id="Bro018.topic.5" description="French Telecom proposal, code">
         <nite:child href="Bro018.D.segs.xml#id(Bro018.segment.324)"/>
         <nite:child href="Bro018.C.segs.xml#id(Bro018.segment.325)"/>
         <nite:child href="Bro018.D.segs.xml#id(Bro018.segment.326)..id(Bro018.segment.327)"/>
         <nite:child href="Bro018.C.segs.xml#id(Bro018.segment.328)"/>
         <nite:child href="Bro018.D.segs.xml#id(Bro018.segment.329)"/>
         <nite:child href="Bro018.C.segs.xml#id(Bro018.segment.330)"/>
         <nite:child href="Bro018.D.segs.xml#id(Bro018.segment.331)..id(Bro018.segment.337)"/>
         <nite:child href="Bro018.E.segs.xml#id(Bro018.segment.338)"/>
         <nite:child href="Bro018.D.segs.xml#id(Bro018.segment.339)..id(Bro018.segment.340)"/>
         <nite:child href="Bro018.C.segs.xml#id(Bro018.segment.341)..id(Bro018.segment.342)"/>
         <nite:child href="Bro018.D.segs.xml#id(Bro018.segment.343)..id(Bro018.segment.344)"/>
         <nite:child href="Bro018.C.segs.xml#id(Bro018.segment.345)..id(Bro018.segment.347)"/>
         <nite:child href="Bro018.D.segs.xml#id(Bro018.segment.348)"/>
         <nite:child href="Bro018.E.segs.xml#id(Bro018.segment.349)"/>
         <nite:child href="Bro018.C.segs.xml#id(Bro018.segment.350)..id(Bro018.segment.354)"/>
         <nite:child href="Bro018.A.segs.xml#id(Bro018.segment.355)"/>
         <nite:child href="Bro018.C.segs.xml#id(Bro018.segment.356)"/>
         <nite:child href="Bro018.D.segs.xml#id(Bro018.segment.357)"/>
         <nite:child href="Bro018.C.segs.xml#id(Bro018.segment.358)"/>
         <nite:child href="Bro018.D.segs.xml#id(Bro018.segment.359)"/>
         <nite:child href="Bro018.E.segs.xml#id(Bro018.segment.360)"/>
         <nite:child href="Bro018.C.segs.xml#id(Bro018.segment.361)"/>
         <nite:child href="Bro018.E.segs.xml#id(Bro018.segment.362)"/>
         <nite:child href="Bro018.A.segs.xml#id(Bro018.segment.363)"/>
         <nite:child href="Bro018.D.segs.xml#id(Bro018.segment.364)"/>
         <nite:child href="Bro018.C.segs.xml#id(Bro018.segment.365)"/>
         <nite:child href="Bro018.E.segs.xml#id(Bro018.segment.366)"/>
         <nite:child href="Bro018.C.segs.xml#id(Bro018.segment.367)"/>
         <nite:child href="Bro018.E.segs.xml#id(Bro018.segment.368)..id(Bro018.segment.369)"/>
         <nite:child href="Bro018.C.segs.xml#id(Bro018.segment.370)"/>
         <nite:child href="Bro018.D.segs.xml#id(Bro018.segment.371)"/>
         <nite:child href="Bro018.C.segs.xml#id(Bro018.segment.372)..id(Bro018.segment.374)"/>
         <nite:child href="Bro018.E.segs.xml#id(Bro018.segment.375)"/>
         <nite:child href="Bro018.C.segs.xml#id(Bro018.segment.376)..id(Bro018.segment.380)"/>
         <nite:child href="Bro018.D.segs.xml#id(Bro018.segment.381)"/>
         <nite:child href="Bro018.E.segs.xml#id(Bro018.segment.382)"/>
         <nite:child href="Bro018.C.segs.xml#id(Bro018.segment.383)"/>
         <nite:child href="Bro018.D.segs.xml#id(Bro018.segment.384)"/>
         <nite:child href="Bro018.C.segs.xml#id(Bro018.segment.385)"/>
         <nite:child href="Bro018.D.segs.xml#id(Bro018.segment.386)"/>
         <nite:child href="Bro018.C.segs.xml#id(Bro018.segment.387)"/>
         <nite:child href="Bro018.D.segs.xml#id(Bro018.segment.388)..id(Bro018.segment.391)"/>
         <nite:child href="Bro018.C.segs.xml#id(Bro018.segment.392)"/>
         <nite:child href="Bro018.D.segs.xml#id(Bro018.segment.393)"/>
         <nite:child href="Bro018.C.segs.xml#id(Bro018.segment.394)..id(Bro018.segment.401)"/>
         <nite:child href="Bro018.D.segs.xml#id(Bro018.segment.402)"/>
         <nite:child href="Bro018.C.segs.xml#id(Bro018.segment.403)..id(Bro018.segment.404)"/>
         <nite:child href="Bro018.D.segs.xml#id(Bro018.segment.405)"/>
         <nite:child href="Bro018.C.segs.xml#id(Bro018.segment.406)..id(Bro018.segment.407)"/>
         <nite:child href="Bro018.D.segs.xml#id(Bro018.segment.408)"/>
         <nite:child href="Bro018.C.segs.xml#id(Bro018.segment.409)"/>
         <nite:child href="Bro018.D.segs.xml#id(Bro018.segment.410)"/>
         <nite:child href="Bro018.C.segs.xml#id(Bro018.segment.411)..id(Bro018.segment.414)"/>
         <nite:child href="Bro018.E.segs.xml#id(Bro018.segment.415)"/>
         <nite:child href="Bro018.C.segs.xml#id(Bro018.segment.416)..id(Bro018.segment.419)"/>
         <nite:child href="Bro018.E.segs.xml#id(Bro018.segment.420)"/>
         <nite:child href="Bro018.C.segs.xml#id(Bro018.segment.421)"/>
         <nite:child href="Bro018.D.segs.xml#id(Bro018.segment.422)..id(Bro018.segment.424)"/>
         <nite:child href="Bro018.C.segs.xml#id(Bro018.segment.423)..id(Bro018.segment.425)"/>
         <nite:child href="Bro018.D.segs.xml#id(Bro018.segment.426)..id(Bro018.segment.427)"/>
         <nite:child href="Bro018.C.segs.xml#id(Bro018.segment.428)"/>
         <nite:child href="Bro018.D.segs.xml#id(Bro018.segment.429)"/>
         <nite:child href="Bro018.C.segs.xml#id(Bro018.segment.430)..id(Bro018.segment.431)"/>
         <nite:child href="Bro018.D.segs.xml#id(Bro018.segment.432)"/>
         <nite:child href="Bro018.C.segs.xml#id(Bro018.segment.433)"/>
         <nite:child href="Bro018.D.segs.xml#id(Bro018.segment.434)..id(Bro018.segment.436)"/>
         <nite:child href="Bro018.C.segs.xml#id(Bro018.segment.437)"/>
         <nite:child href="Bro018.E.segs.xml#id(Bro018.segment.438)"/>
         <nite:child href="Bro018.C.segs.xml#id(Bro018.segment.439)"/>
      </topic>
   </topic>
   <topic nite:id="Bro018.topic.6" description="ICASSP">
      <nite:child href="Bro018.C.segs.xml#id(Bro018.segment.440)..id(Bro018.segment.441)"/>
      <nite:child href="Bro018.D.segs.xml#id(Bro018.segment.442)"/>
      <nite:child href="Bro018.C.segs.xml#id(Bro018.segment.443)"/>
      <nite:child href="Bro018.D.segs.xml#id(Bro018.segment.444)"/>
      <nite:child href="Bro018.E.segs.xml#id(Bro018.segment.445)..id(Bro018.segment.446)"/>
      <nite:child href="Bro018.C.segs.xml#id(Bro018.segment.447)..id(Bro018.segment.453)"/>
      <nite:child href="Bro018.E.segs.xml#id(Bro018.segment.455)..id(Bro018.segment.457)"/>
      <nite:child href="Bro018.C.segs.xml#id(Bro018.segment.454)..id(Bro018.segment.458)"/>
      <nite:child href="Bro018.E.segs.xml#id(Bro018.segment.459)"/>
      <nite:child href="Bro018.C.segs.xml#id(Bro018.segment.460)..id(Bro018.segment.463)"/>
      <nite:child href="Bro018.E.segs.xml#id(Bro018.segment.464)"/>
      <nite:child href="Bro018.C.segs.xml#id(Bro018.segment.465)..id(Bro018.segment.466)"/>
      <nite:child href="Bro018.E.segs.xml#id(Bro018.segment.467)"/>
   </topic>
   <topic nite:id="Bro018.topic.12" description="update from Barry, morning meeting report">
      <nite:child href="Bro018.C.segs.xml#id(Bro018.segment.468)..id(Bro018.segment.469)"/>
      <nite:child href="Bro018.A.segs.xml#id(Bro018.segment.470)"/>
      <nite:child href="Bro018.C.segs.xml#id(Bro018.segment.471)"/>
      <nite:child href="Bro018.A.segs.xml#id(Bro018.segment.472)..id(Bro018.segment.474)"/>
      <nite:child href="Bro018.C.segs.xml#id(Bro018.segment.475)"/>
      <nite:child href="Bro018.A.segs.xml#id(Bro018.segment.476)..id(Bro018.segment.480)"/>
      <nite:child href="Bro018.E.segs.xml#id(Bro018.segment.481)"/>
      <nite:child href="Bro018.A.segs.xml#id(Bro018.segment.482)..id(Bro018.segment.488)"/>
      <topic nite:id="Bro018.topic.8" description="dynamic acoustic events">
         <nite:child href="Bro018.A.segs.xml#id(Bro018.segment.489)..id(Bro018.segment.497)"/>
         <nite:child href="Bro018.C.segs.xml#id(Bro018.segment.498)"/>
         <nite:child href="Bro018.A.segs.xml#id(Bro018.segment.499)..id(Bro018.segment.549)"/>
         <nite:child href="Bro018.C.segs.xml#id(Bro018.segment.550)"/>
         <nite:child href="Bro018.A.segs.xml#id(Bro018.segment.551)"/>
         <nite:child href="Bro018.C.segs.xml#id(Bro018.segment.552)"/>
         <nite:child href="Bro018.A.segs.xml#id(Bro018.segment.553)..id(Bro018.segment.554)"/>
         <nite:child href="Bro018.C.segs.xml#id(Bro018.segment.555)..id(Bro018.segment.561)"/>
         <nite:child href="Bro018.E.segs.xml#id(Bro018.segment.562)"/>
         <nite:child href="Bro018.C.segs.xml#id(Bro018.segment.563)..id(Bro018.segment.567)"/>
         <nite:child href="Bro018.E.segs.xml#id(Bro018.segment.568)"/>
         <nite:child href="Bro018.C.segs.xml#id(Bro018.segment.569)..id(Bro018.segment.578)"/>
         <nite:child href="Bro018.E.segs.xml#id(Bro018.segment.579)"/>
         <nite:child href="Bro018.C.segs.xml#id(Bro018.segment.580)"/>
         <nite:child href="Bro018.E.segs.xml#id(Bro018.segment.581)"/>
         <nite:child href="Bro018.A.segs.xml#id(Bro018.segment.582)"/>
         <nite:child href="Bro018.C.segs.xml#id(Bro018.segment.583)..id(Bro018.segment.591)"/>
         <nite:child href="Bro018.E.segs.xml#id(Bro018.segment.592)"/>
         <nite:child href="Bro018.C.segs.xml#id(Bro018.segment.593)..id(Bro018.segment.594)"/>
         <nite:child href="Bro018.E.segs.xml#id(Bro018.segment.595)"/>
         <nite:child href="Bro018.C.segs.xml#id(Bro018.segment.596)"/>
         <nite:child href="Bro018.E.segs.xml#id(Bro018.segment.597)"/>
         <nite:child href="Bro018.C.segs.xml#id(Bro018.segment.598)"/>
         <nite:child href="Bro018.E.segs.xml#id(Bro018.segment.599)"/>
         <nite:child href="Bro018.C.segs.xml#id(Bro018.segment.600)"/>
         <nite:child href="Bro018.E.segs.xml#id(Bro018.segment.601)"/>
         <nite:child href="Bro018.C.segs.xml#id(Bro018.segment.602)"/>
         <nite:child href="Bro018.E.segs.xml#id(Bro018.segment.603)..id(Bro018.segment.611)"/>
         <nite:child href="Bro018.C.segs.xml#id(Bro018.segment.612)"/>
         <nite:child href="Bro018.E.segs.xml#id(Bro018.segment.613)"/>
         <nite:child href="Bro018.C.segs.xml#id(Bro018.segment.614)"/>
         <nite:child href="Bro018.E.segs.xml#id(Bro018.segment.615)"/>
         <nite:child href="Bro018.C.segs.xml#id(Bro018.segment.616)"/>
         <nite:child href="Bro018.E.segs.xml#id(Bro018.segment.617)..id(Bro018.segment.620)"/>
         <nite:child href="Bro018.C.segs.xml#id(Bro018.segment.621)..id(Bro018.segment.625)"/>
         <nite:child href="Bro018.E.segs.xml#id(Bro018.segment.626)..id(Bro018.segment.630)"/>
         <nite:child href="Bro018.C.segs.xml#id(Bro018.segment.631)..id(Bro018.segment.632)"/>
         <nite:child href="Bro018.D.segs.xml#id(Bro018.segment.633)"/>
         <nite:child href="Bro018.C.segs.xml#id(Bro018.segment.634)"/>
         <nite:child href="Bro018.E.segs.xml#id(Bro018.segment.635)"/>
         <nite:child href="Bro018.C.segs.xml#id(Bro018.segment.636)"/>
         <nite:child href="Bro018.E.segs.xml#id(Bro018.segment.637)"/>
         <nite:child href="Bro018.C.segs.xml#id(Bro018.segment.638)..id(Bro018.segment.639)"/>
         <nite:child href="Bro018.E.segs.xml#id(Bro018.segment.640)"/>
         <nite:child href="Bro018.C.segs.xml#id(Bro018.segment.641)"/>
         <nite:child href="Bro018.E.segs.xml#id(Bro018.segment.642)..id(Bro018.segment.643)"/>
         <nite:child href="Bro018.C.segs.xml#id(Bro018.segment.644)"/>
         <nite:child href="Bro018.E.segs.xml#id(Bro018.segment.645)"/>
         <nite:child href="Bro018.A.segs.xml#id(Bro018.segment.646)"/>
         <nite:child href="Bro018.C.segs.xml#id(Bro018.segment.647)"/>
         <nite:child href="Bro018.A.segs.xml#id(Bro018.segment.648)"/>
         <nite:child href="Bro018.E.segs.xml#id(Bro018.segment.649)"/>
         <nite:child href="Bro018.C.segs.xml#id(Bro018.segment.650)..id(Bro018.segment.651)"/>
      </topic>
      <topic nite:id="Bro018.topic.11" description="support vector machines, detecting phonological features">
         <nite:child href="Bro018.C.segs.xml#id(Bro018.segment.652)"/>
         <nite:child href="Bro018.A.segs.xml#id(Bro018.segment.653)..id(Bro018.segment.654)"/>
         <nite:child href="Bro018.C.segs.xml#id(Bro018.segment.655)"/>
         <nite:child href="Bro018.A.segs.xml#id(Bro018.segment.656)"/>
         <nite:child href="Bro018.D.segs.xml#id(Bro018.segment.657)"/>
         <nite:child href="Bro018.A.segs.xml#id(Bro018.segment.658)..id(Bro018.segment.681)"/>
         <nite:child href="Bro018.E.segs.xml#id(Bro018.segment.683)..id(Bro018.segment.684)"/>
         <nite:child href="Bro018.A.segs.xml#id(Bro018.segment.685)..id(Bro018.segment.686)"/>
         <nite:child href="Bro018.E.segs.xml#id(Bro018.segment.687)"/>
         <nite:child href="Bro018.A.segs.xml#id(Bro018.segment.688)"/>
         <nite:child href="Bro018.E.segs.xml#id(Bro018.segment.689)"/>
         <nite:child href="Bro018.A.segs.xml#id(Bro018.segment.690)..id(Bro018.segment.693)"/>
         <nite:child href="Bro018.E.segs.xml#id(Bro018.segment.694)"/>
         <nite:child href="Bro018.A.segs.xml#id(Bro018.segment.695)..id(Bro018.segment.697)"/>
         <nite:child href="Bro018.C.segs.xml#id(Bro018.segment.698)..id(Bro018.segment.700)"/>
         <nite:child href="Bro018.A.segs.xml#id(Bro018.segment.701)"/>
         <nite:child href="Bro018.C.segs.xml#id(Bro018.segment.702)"/>
         <nite:child href="Bro018.E.segs.xml#id(Bro018.segment.703)..id(Bro018.segment.705)"/>
         <nite:child href="Bro018.A.segs.xml#id(Bro018.segment.706)..id(Bro018.segment.714)"/>
         <nite:child href="Bro018.E.segs.xml#id(Bro018.segment.715)..id(Bro018.segment.716)"/>
         <nite:child href="Bro018.A.segs.xml#id(Bro018.segment.717)..id(Bro018.segment.719)"/>
         <nite:child href="Bro018.E.segs.xml#id(Bro018.segment.718)"/>
         <nite:child href="Bro018.A.segs.xml#id(Bro018.segment.720)..id(Bro018.segment.730)"/>
         <nite:child href="Bro018.E.segs.xml#id(Bro018.segment.731)"/>
         <nite:child href="Bro018.A.segs.xml#id(Bro018.segment.732)..id(Bro018.segment.742)"/>
         <nite:child href="Bro018.E.segs.xml#id(Bro018.segment.743)"/>
         <nite:child href="Bro018.A.segs.xml#id(Bro018.segment.744)..id(Bro018.segment.753)"/>
         <nite:child href="Bro018.E.segs.xml#id(Bro018.segment.754)"/>
         <nite:child href="Bro018.A.segs.xml#id(Bro018.segment.755)..id(Bro018.segment.756)"/>
         <nite:child href="Bro018.E.segs.xml#id(Bro018.segment.757)"/>
         <nite:child href="Bro018.A.segs.xml#id(Bro018.segment.758)..id(Bro018.segment.761)"/>
         <nite:child href="Bro018.C.segs.xml#id(Bro018.segment.762)..id(Bro018.segment.765)"/>
         <nite:child href="Bro018.E.segs.xml#id(Bro018.segment.764)..id(Bro018.segment.766)"/>
         <nite:child href="Bro018.C.segs.xml#id(Bro018.segment.767)"/>
         <nite:child href="Bro018.E.segs.xml#id(Bro018.segment.768)"/>
         <nite:child href="Bro018.C.segs.xml#id(Bro018.segment.769)..id(Bro018.segment.773)"/>
         <nite:child href="Bro018.E.segs.xml#id(Bro018.segment.774)"/>
         <nite:child href="Bro018.D.segs.xml#id(Bro018.segment.775)"/>
         <nite:child href="Bro018.E.segs.xml#id(Bro018.segment.776)"/>
         <nite:child href="Bro018.C.segs.xml#id(Bro018.segment.777)..id(Bro018.segment.779)"/>
         <nite:child href="Bro018.E.segs.xml#id(Bro018.segment.780)"/>
         <nite:child href="Bro018.C.segs.xml#id(Bro018.segment.781)"/>
         <nite:child href="Bro018.E.segs.xml#id(Bro018.segment.783)..id(Bro018.segment.785)"/>
         <nite:child href="Bro018.C.segs.xml#id(Bro018.segment.786)"/>
         <nite:child href="Bro018.E.segs.xml#id(Bro018.segment.787)"/>
         <nite:child href="Bro018.C.segs.xml#id(Bro018.segment.788)..id(Bro018.segment.796)"/>
         <nite:child href="Bro018.D.segs.xml#id(Bro018.segment.797)"/>
         <nite:child href="Bro018.C.segs.xml#id(Bro018.segment.798)..id(Bro018.segment.800)"/>
         <nite:child href="Bro018.E.segs.xml#id(Bro018.segment.801)"/>
         <nite:child href="Bro018.C.segs.xml#id(Bro018.segment.802)"/>
         <nite:child href="Bro018.D.segs.xml#id(Bro018.segment.803)"/>
         <nite:child href="Bro018.A.segs.xml#id(Bro018.segment.804)"/>
         <nite:child href="Bro018.E.segs.xml#id(Bro018.segment.805)"/>
         <nite:child href="Bro018.A.segs.xml#id(Bro018.segment.806)..id(Bro018.segment.807)"/>
         <nite:child href="Bro018.C.segs.xml#id(Bro018.segment.808)..id(Bro018.segment.811)"/>
         <nite:child href="Bro018.A.segs.xml#id(Bro018.segment.812)"/>
         <nite:child href="Bro018.C.segs.xml#id(Bro018.segment.813)"/>
         <nite:child href="Bro018.B.segs.xml#id(Bro018.segment.814)..id(Bro018.segment.815)"/>
         <nite:child href="Bro018.A.segs.xml#id(Bro018.segment.816)..id(Bro018.segment.821)"/>
         <nite:child href="Bro018.C.segs.xml#id(Bro018.segment.822)"/>
         <nite:child href="Bro018.A.segs.xml#id(Bro018.segment.823)..id(Bro018.segment.824)"/>
         <nite:child href="Bro018.C.segs.xml#id(Bro018.segment.825)"/>
         <nite:child href="Bro018.A.segs.xml#id(Bro018.segment.826)..id(Bro018.segment.831)"/>
         <nite:child href="Bro018.C.segs.xml#id(Bro018.segment.832)..id(Bro018.segment.833)"/>
         <nite:child href="Bro018.A.segs.xml#id(Bro018.segment.834)"/>
         <nite:child href="Bro018.E.segs.xml#id(Bro018.segment.835)"/>
         <nite:child href="Bro018.A.segs.xml#id(Bro018.segment.836)"/>
         <nite:child href="Bro018.C.segs.xml#id(Bro018.segment.837)..id(Bro018.segment.838)"/>
         <nite:child href="Bro018.A.segs.xml#id(Bro018.segment.839)"/>
         <nite:child href="Bro018.C.segs.xml#id(Bro018.segment.840)..id(Bro018.segment.841)"/>
         <nite:child href="Bro018.A.segs.xml#id(Bro018.segment.842)..id(Bro018.segment.851)"/>
         <nite:child href="Bro018.C.segs.xml#id(Bro018.segment.852)"/>
         <nite:child href="Bro018.A.segs.xml#id(Bro018.segment.853)..id(Bro018.segment.854)"/>
         <nite:child href="Bro018.C.segs.xml#id(Bro018.segment.855)..id(Bro018.segment.856)"/>
         <nite:child href="Bro018.A.segs.xml#id(Bro018.segment.857)"/>
         <nite:child href="Bro018.C.segs.xml#id(Bro018.segment.858)..id(Bro018.segment.859)"/>
         <nite:child href="Bro018.E.segs.xml#id(Bro018.segment.860)..id(Bro018.segment.861)"/>
         <nite:child href="Bro018.C.segs.xml#id(Bro018.segment.862)"/>
         <nite:child href="Bro018.D.segs.xml#id(Bro018.segment.863)"/>
         <nite:child href="Bro018.E.segs.xml#id(Bro018.segment.864)"/>
         <nite:child href="Bro018.C.segs.xml#id(Bro018.segment.865)..id(Bro018.segment.870)"/>
         <nite:child href="Bro018.E.segs.xml#id(Bro018.segment.871)"/>
         <nite:child href="Bro018.C.segs.xml#id(Bro018.segment.872)..id(Bro018.segment.875)"/>
         <nite:child href="Bro018.E.segs.xml#id(Bro018.segment.876)"/>
         <nite:child href="Bro018.C.segs.xml#id(Bro018.segment.877)..id(Bro018.segment.878)"/>
         <nite:child href="Bro018.E.segs.xml#id(Bro018.segment.879)"/>
         <nite:child href="Bro018.C.segs.xml#id(Bro018.segment.880)"/>
         <nite:child href="Bro018.A.segs.xml#id(Bro018.segment.881)"/>
         <nite:child href="Bro018.C.segs.xml#id(Bro018.segment.882)..id(Bro018.segment.883)"/>
         <nite:child href="Bro018.E.segs.xml#id(Bro018.segment.884)"/>
         <nite:child href="Bro018.A.segs.xml#id(Bro018.segment.886)"/>
         <nite:child href="Bro018.B.segs.xml#id(Bro018.segment.885)"/>
         <nite:child href="Bro018.D.segs.xml#id(Bro018.segment.887)"/>
         <nite:child href="Bro018.A.segs.xml#id(Bro018.segment.888)"/>
         <nite:child href="Bro018.D.segs.xml#id(Bro018.segment.889)"/>
         <nite:child href="Bro018.B.segs.xml#id(Bro018.segment.890)"/>
         <nite:child href="Bro018.A.segs.xml#id(Bro018.segment.891)..id(Bro018.segment.906)"/>
         <nite:child href="Bro018.B.segs.xml#id(Bro018.segment.907)"/>
         <nite:child href="Bro018.A.segs.xml#id(Bro018.segment.908)"/>
         <nite:child href="Bro018.C.segs.xml#id(Bro018.segment.909)"/>
         <nite:child href="Bro018.E.segs.xml#id(Bro018.segment.910)"/>
         <nite:child href="Bro018.A.segs.xml#id(Bro018.segment.911)..id(Bro018.segment.912)"/>
         <nite:child href="Bro018.D.segs.xml#id(Bro018.segment.913)"/>
         <nite:child href="Bro018.E.segs.xml#id(Bro018.segment.914)"/>
         <nite:child href="Bro018.A.segs.xml#id(Bro018.segment.915)..id(Bro018.segment.917)"/>
         <nite:child href="Bro018.D.segs.xml#id(Bro018.segment.918)"/>
         <nite:child href="Bro018.A.segs.xml#id(Bro018.segment.919)"/>
         <nite:child href="Bro018.C.segs.xml#id(Bro018.segment.920)..id(Bro018.segment.922)"/>
         <nite:child href="Bro018.B.segs.xml#id(Bro018.segment.923)..id(Bro018.segment.924)"/>
         <nite:child href="Bro018.C.segs.xml#id(Bro018.segment.925)"/>
         <nite:child href="Bro018.B.segs.xml#id(Bro018.segment.926)"/>
         <nite:child href="Bro018.C.segs.xml#id(Bro018.segment.927)"/>
         <nite:child href="Bro018.A.segs.xml#id(Bro018.segment.928)"/>
         <nite:child href="Bro018.C.segs.xml#id(Bro018.segment.929)..id(Bro018.segment.930)"/>
         <nite:child href="Bro018.A.segs.xml#id(Bro018.segment.931)"/>
         <nite:child href="Bro018.C.segs.xml#id(Bro018.segment.932)"/>
         <nite:child href="Bro018.B.segs.xml#id(Bro018.segment.933)"/>
         <nite:child href="Bro018.A.segs.xml#id(Bro018.segment.934)"/>
         <nite:child href="Bro018.E.segs.xml#id(Bro018.segment.935)"/>
         <nite:child href="Bro018.A.segs.xml#id(Bro018.segment.936)"/>
         <nite:child href="Bro018.E.segs.xml#id(Bro018.segment.937)"/>
         <nite:child href="Bro018.A.segs.xml#id(Bro018.segment.938)"/>
         <nite:child href="Bro018.E.segs.xml#id(Bro018.segment.939)"/>
         <nite:child href="Bro018.A.segs.xml#id(Bro018.segment.940)..id(Bro018.segment.941)"/>
         <nite:child href="Bro018.E.segs.xml#id(Bro018.segment.942)"/>
         <nite:child href="Bro018.A.segs.xml#id(Bro018.segment.943)..id(Bro018.segment.946)"/>
         <nite:child href="Bro018.C.segs.xml#id(Bro018.segment.947)"/>
         <nite:child href="Bro018.E.segs.xml#id(Bro018.segment.948)"/>
         <nite:child href="Bro018.A.segs.xml#id(Bro018.segment.949)"/>
         <nite:child href="Bro018.E.segs.xml#id(Bro018.segment.950)..id(Bro018.segment.952)"/>
         <nite:child href="Bro018.A.segs.xml#id(Bro018.segment.953)"/>
         <nite:child href="Bro018.E.segs.xml#id(Bro018.segment.954)"/>
         <nite:child href="Bro018.A.segs.xml#id(Bro018.segment.955)..id(Bro018.segment.956)"/>
         <nite:child href="Bro018.E.segs.xml#id(Bro018.segment.957)"/>
         <nite:child href="Bro018.A.segs.xml#id(Bro018.segment.958)..id(Bro018.segment.969)"/>
         <nite:child href="Bro018.E.segs.xml#id(Bro018.segment.970)"/>
         <nite:child href="Bro018.A.segs.xml#id(Bro018.segment.971)..id(Bro018.segment.972)"/>
         <nite:child href="Bro018.E.segs.xml#id(Bro018.segment.973)..id(Bro018.segment.975)"/>
         <nite:child href="Bro018.A.segs.xml#id(Bro018.segment.976)"/>
         <nite:child href="Bro018.E.segs.xml#id(Bro018.segment.977)..id(Bro018.segment.978)"/>
         <nite:child href="Bro018.A.segs.xml#id(Bro018.segment.979)..id(Bro018.segment.980)"/>
         <nite:child href="Bro018.E.segs.xml#id(Bro018.segment.981)"/>
         <nite:child href="Bro018.A.segs.xml#id(Bro018.segment.982)..id(Bro018.segment.985)"/>
         <nite:child href="Bro018.E.segs.xml#id(Bro018.segment.986)..id(Bro018.segment.987)"/>
         <nite:child href="Bro018.A.segs.xml#id(Bro018.segment.988)..id(Bro018.segment.991)"/>
         <nite:child href="Bro018.E.segs.xml#id(Bro018.segment.992)"/>
         <nite:child href="Bro018.A.segs.xml#id(Bro018.segment.993)..id(Bro018.segment.994)"/>
         <nite:child href="Bro018.E.segs.xml#id(Bro018.segment.995)"/>
         <nite:child href="Bro018.A.segs.xml#id(Bro018.segment.996)..id(Bro018.segment.1,002)"/>
         <nite:child href="Bro018.E.segs.xml#id(Bro018.segment.1,003)"/>
         <nite:child href="Bro018.A.segs.xml#id(Bro018.segment.1,004)"/>
         <nite:child href="Bro018.E.segs.xml#id(Bro018.segment.1,005)..id(Bro018.segment.1,007)"/>
         <nite:child href="Bro018.A.segs.xml#id(Bro018.segment.1,008)..id(Bro018.segment.1,010)"/>
         <nite:child href="Bro018.E.segs.xml#id(Bro018.segment.1,011)"/>
         <nite:child href="Bro018.A.segs.xml#id(Bro018.segment.1,012)"/>
         <nite:child href="Bro018.D.segs.xml#id(Bro018.segment.1,013)"/>
         <nite:child href="Bro018.A.segs.xml#id(Bro018.segment.1,014)"/>
         <nite:child href="Bro018.E.segs.xml#id(Bro018.segment.1,015)"/>
         <nite:child href="Bro018.A.segs.xml#id(Bro018.segment.1,016)"/>
         <nite:child href="Bro018.E.segs.xml#id(Bro018.segment.1,017)"/>
         <nite:child href="Bro018.A.segs.xml#id(Bro018.segment.1,018)"/>
         <nite:child href="Bro018.E.segs.xml#id(Bro018.segment.1,019)"/>
         <nite:child href="Bro018.C.segs.xml#id(Bro018.segment.1,020)"/>
         <nite:child href="Bro018.A.segs.xml#id(Bro018.segment.1,021)"/>
         <nite:child href="Bro018.E.segs.xml#id(Bro018.segment.1,022)..id(Bro018.segment.1,023)"/>
         <nite:child href="Bro018.C.segs.xml#id(Bro018.segment.1,024)..id(Bro018.segment.1,025)"/>
         <nite:child href="Bro018.E.segs.xml#id(Bro018.segment.1,026)"/>
      </topic>
   </topic>
   <topic nite:id="Bro018.topic.13" description="update from Adam, SRI system normalization">
      <topic nite:id="Bro018.topic.14" description="comparing PLP, mel cepstrum results">
         <nite:child href="Bro018.C.segs.xml#id(Bro018.segment.1,027)"/>
         <nite:child href="Bro018.A.segs.xml#id(Bro018.segment.1,028)"/>
         <nite:child href="Bro018.C.segs.xml#id(Bro018.segment.1,029)..id(Bro018.segment.1,031)"/>
         <nite:child href="Bro018.E.segs.xml#id(Bro018.segment.1,032)"/>
         <nite:child href="Bro018.C.segs.xml#id(Bro018.segment.1,033)"/>
         <nite:child href="Bro018.E.segs.xml#id(Bro018.segment.1,034)"/>
         <nite:child href="Bro018.C.segs.xml#id(Bro018.segment.1,035)..id(Bro018.segment.1,040)"/>
         <nite:child href="Bro018.E.segs.xml#id(Bro018.segment.1,041)..id(Bro018.segment.1,043)"/>
         <nite:child href="Bro018.C.segs.xml#id(Bro018.segment.1,044)..id(Bro018.segment.1,046)"/>
         <nite:child href="Bro018.E.segs.xml#id(Bro018.segment.1,047)"/>
         <nite:child href="Bro018.C.segs.xml#id(Bro018.segment.1,048)"/>
         <nite:child href="Bro018.E.segs.xml#id(Bro018.segment.1,049)"/>
         <nite:child href="Bro018.C.segs.xml#id(Bro018.segment.1,050)"/>
         <nite:child href="Bro018.E.segs.xml#id(Bro018.segment.1,051)..id(Bro018.segment.1,052)"/>
         <nite:child href="Bro018.C.segs.xml#id(Bro018.segment.1,053)..id(Bro018.segment.1,058)"/>
         <nite:child href="Bro018.E.segs.xml#id(Bro018.segment.1,059)"/>
         <nite:child href="Bro018.C.segs.xml#id(Bro018.segment.1,060)"/>
         <nite:child href="Bro018.E.segs.xml#id(Bro018.segment.1,061)..id(Bro018.segment.1,063)"/>
         <nite:child href="Bro018.C.segs.xml#id(Bro018.segment.1,064)"/>
         <nite:child href="Bro018.E.segs.xml#id(Bro018.segment.1,065)..id(Bro018.segment.1,072)"/>
         <nite:child href="Bro018.C.segs.xml#id(Bro018.segment.1,073)..id(Bro018.segment.1,074)"/>
         <nite:child href="Bro018.E.segs.xml#id(Bro018.segment.1,075)..id(Bro018.segment.1,076)"/>
         <nite:child href="Bro018.C.segs.xml#id(Bro018.segment.1,077)"/>
         <nite:child href="Bro018.E.segs.xml#id(Bro018.segment.1,078)..id(Bro018.segment.1,080)"/>
         <nite:child href="Bro018.C.segs.xml#id(Bro018.segment.1,081)"/>
         <nite:child href="Bro018.E.segs.xml#id(Bro018.segment.1,082)..id(Bro018.segment.1,087)"/>
         <nite:child href="Bro018.C.segs.xml#id(Bro018.segment.1,088)"/>
         <nite:child href="Bro018.E.segs.xml#id(Bro018.segment.1,089)..id(Bro018.segment.1,091)"/>
         <nite:child href="Bro018.C.segs.xml#id(Bro018.segment.1,092)"/>
         <nite:child href="Bro018.E.segs.xml#id(Bro018.segment.1,093)..id(Bro018.segment.1,095)"/>
         <nite:child href="Bro018.C.segs.xml#id(Bro018.segment.1,094)..id(Bro018.segment.1,096)"/>
         <nite:child href="Bro018.E.segs.xml#id(Bro018.segment.1,097)..id(Bro018.segment.1,099)"/>
         <nite:child href="Bro018.C.segs.xml#id(Bro018.segment.1,098)..id(Bro018.segment.1,101)"/>
         <nite:child href="Bro018.E.segs.xml#id(Bro018.segment.1,102)"/>
         <nite:child href="Bro018.C.segs.xml#id(Bro018.segment.1,103)..id(Bro018.segment.1,111)"/>
         <nite:child href="Bro018.E.segs.xml#id(Bro018.segment.1,112)..id(Bro018.segment.1,121)"/>
         <nite:child href="Bro018.C.segs.xml#id(Bro018.segment.1,122)"/>
         <nite:child href="Bro018.E.segs.xml#id(Bro018.segment.1,123)"/>
         <nite:child href="Bro018.C.segs.xml#id(Bro018.segment.1,124)"/>
         <nite:child href="Bro018.E.segs.xml#id(Bro018.segment.1,125)..id(Bro018.segment.1,126)"/>
         <nite:child href="Bro018.C.segs.xml#id(Bro018.segment.1,127)..id(Bro018.segment.1,129)"/>
         <nite:child href="Bro018.E.segs.xml#id(Bro018.segment.1,130)"/>
         <nite:child href="Bro018.C.segs.xml#id(Bro018.segment.1,131)..id(Bro018.segment.1,135)"/>
         <nite:child href="Bro018.E.segs.xml#id(Bro018.segment.1,136)"/>
         <nite:child href="Bro018.C.segs.xml#id(Bro018.segment.1,137)..id(Bro018.segment.1,145)"/>
         <nite:child href="Bro018.E.segs.xml#id(Bro018.segment.1,146)..id(Bro018.segment.1,150)"/>
         <nite:child href="Bro018.C.segs.xml#id(Bro018.segment.1,151)"/>
         <nite:child href="Bro018.A.segs.xml#id(Bro018.segment.1,152)"/>
         <nite:child href="Bro018.E.segs.xml#id(Bro018.segment.1,153)..id(Bro018.segment.1,155)"/>
         <nite:child href="Bro018.C.segs.xml#id(Bro018.segment.1,156)"/>
         <nite:child href="Bro018.E.segs.xml#id(Bro018.segment.1,157)"/>
         <nite:child href="Bro018.C.segs.xml#id(Bro018.segment.1,158)"/>
         <nite:child href="Bro018.E.segs.xml#id(Bro018.segment.1,159)..id(Bro018.segment.1,164)"/>
         <nite:child href="Bro018.C.segs.xml#id(Bro018.segment.1,165)"/>
         <nite:child href="Bro018.E.segs.xml#id(Bro018.segment.1,166)..id(Bro018.segment.1,170)"/>
         <nite:child href="Bro018.C.segs.xml#id(Bro018.segment.1,171)"/>
         <nite:child href="Bro018.E.segs.xml#id(Bro018.segment.1,172)..id(Bro018.segment.1,173)"/>
         <nite:child href="Bro018.C.segs.xml#id(Bro018.segment.1,174)"/>
         <nite:child href="Bro018.E.segs.xml#id(Bro018.segment.1,175)..id(Bro018.segment.1,177)"/>
         <nite:child href="Bro018.C.segs.xml#id(Bro018.segment.1,178)..id(Bro018.segment.1,179)"/>
         <nite:child href="Bro018.E.segs.xml#id(Bro018.segment.1,180)..id(Bro018.segment.1,181)"/>
         <nite:child href="Bro018.C.segs.xml#id(Bro018.segment.1,182)..id(Bro018.segment.1,183)"/>
         <nite:child href="Bro018.E.segs.xml#id(Bro018.segment.1,184)"/>
         <nite:child href="Bro018.C.segs.xml#id(Bro018.segment.1,185)"/>
         <nite:child href="Bro018.E.segs.xml#id(Bro018.segment.1,186)"/>
         <nite:child href="Bro018.C.segs.xml#id(Bro018.segment.1,187)"/>
         <nite:child href="Bro018.A.segs.xml#id(Bro018.segment.1,188)"/>
         <nite:child href="Bro018.C.segs.xml#id(Bro018.segment.1,189)"/>
         <nite:child href="Bro018.E.segs.xml#id(Bro018.segment.1,190)..id(Bro018.segment.1,192)"/>
         <nite:child href="Bro018.A.segs.xml#id(Bro018.segment.1,193)"/>
         <nite:child href="Bro018.E.segs.xml#id(Bro018.segment.1,194)..id(Bro018.segment.1,196)"/>
         <nite:child href="Bro018.C.segs.xml#id(Bro018.segment.1,198)"/>
         <nite:child href="Bro018.E.segs.xml#id(Bro018.segment.1,197)"/>
      </topic>
      <topic nite:id="Bro018.topic.15" description="RASTA code, controlling the frequency range">
         <nite:child href="Bro018.E.segs.xml#id(Bro018.segment.1,199)..id(Bro018.segment.1,200)"/>
         <nite:child href="Bro018.C.segs.xml#id(Bro018.segment.1,201)"/>
         <nite:child href="Bro018.E.segs.xml#id(Bro018.segment.1,202)..id(Bro018.segment.1,207)"/>
         <nite:child href="Bro018.C.segs.xml#id(Bro018.segment.1,208)"/>
         <nite:child href="Bro018.E.segs.xml#id(Bro018.segment.1,209)"/>
         <nite:child href="Bro018.C.segs.xml#id(Bro018.segment.1,210)..id(Bro018.segment.1,216)"/>
         <nite:child href="Bro018.E.segs.xml#id(Bro018.segment.1,217)"/>
         <nite:child href="Bro018.C.segs.xml#id(Bro018.segment.1,218)..id(Bro018.segment.1,219)"/>
         <nite:child href="Bro018.E.segs.xml#id(Bro018.segment.1,220)"/>
         <nite:child href="Bro018.C.segs.xml#id(Bro018.segment.1,221)"/>
         <nite:child href="Bro018.E.segs.xml#id(Bro018.segment.1,222)..id(Bro018.segment.1,223)"/>
         <nite:child href="Bro018.C.segs.xml#id(Bro018.segment.1,224)..id(Bro018.segment.1,240)"/>
         <nite:child href="Bro018.E.segs.xml#id(Bro018.segment.1,241)..id(Bro018.segment.1,243)"/>
         <nite:child href="Bro018.C.segs.xml#id(Bro018.segment.1,244)"/>
         <nite:child href="Bro018.E.segs.xml#id(Bro018.segment.1,245)"/>
         <nite:child href="Bro018.C.segs.xml#id(Bro018.segment.1,246)..id(Bro018.segment.1,248)"/>
         <nite:child href="Bro018.E.segs.xml#id(Bro018.segment.1,249)"/>
         <nite:child href="Bro018.C.segs.xml#id(Bro018.segment.1,250)"/>
         <nite:child href="Bro018.E.segs.xml#id(Bro018.segment.1,251)"/>
         <nite:child href="Bro018.C.segs.xml#id(Bro018.segment.1,252)"/>
         <nite:child href="Bro018.E.segs.xml#id(Bro018.segment.1,253)"/>
         <nite:child href="Bro018.C.segs.xml#id(Bro018.segment.1,254)..id(Bro018.segment.1,260)"/>
         <nite:child href="Bro018.E.segs.xml#id(Bro018.segment.1,261)"/>
         <nite:child href="Bro018.C.segs.xml#id(Bro018.segment.1,262)..id(Bro018.segment.1,264)"/>
         <nite:child href="Bro018.E.segs.xml#id(Bro018.segment.1,265)"/>
         <nite:child href="Bro018.C.segs.xml#id(Bro018.segment.1,266)..id(Bro018.segment.1,267)"/>
         <nite:child href="Bro018.E.segs.xml#id(Bro018.segment.1,268)"/>
         <nite:child href="Bro018.C.segs.xml#id(Bro018.segment.1,269)..id(Bro018.segment.1,270)"/>
         <nite:child href="Bro018.E.segs.xml#id(Bro018.segment.1,271)..id(Bro018.segment.1,277)"/>
         <nite:child href="Bro018.C.segs.xml#id(Bro018.segment.1,278)..id(Bro018.segment.1,279)"/>
         <nite:child href="Bro018.E.segs.xml#id(Bro018.segment.1,280)"/>
         <nite:child href="Bro018.C.segs.xml#id(Bro018.segment.1,281)"/>
         <nite:child href="Bro018.E.segs.xml#id(Bro018.segment.1,282)"/>
         <nite:child href="Bro018.C.segs.xml#id(Bro018.segment.1,283)..id(Bro018.segment.1,289)"/>
         <nite:child href="Bro018.E.segs.xml#id(Bro018.segment.1,290)"/>
         <nite:child href="Bro018.C.segs.xml#id(Bro018.segment.1,291)..id(Bro018.segment.1,294)"/>
         <nite:child href="Bro018.E.segs.xml#id(Bro018.segment.1,295)"/>
         <nite:child href="Bro018.C.segs.xml#id(Bro018.segment.1,296)"/>
      </topic>
      <topic nite:id="Bro018.topic.16" description="debugging, obtaining mel cepstrum output">
         <nite:child href="Bro018.E.segs.xml#id(Bro018.segment.1,297)..id(Bro018.segment.1,300)"/>
         <nite:child href="Bro018.C.segs.xml#id(Bro018.segment.1,301)"/>
         <nite:child href="Bro018.E.segs.xml#id(Bro018.segment.1,302)"/>
         <nite:child href="Bro018.C.segs.xml#id(Bro018.segment.1,303)"/>
         <nite:child href="Bro018.E.segs.xml#id(Bro018.segment.1,304)"/>
         <nite:child href="Bro018.C.segs.xml#id(Bro018.segment.1,305)..id(Bro018.segment.1,306)"/>
         <nite:child href="Bro018.E.segs.xml#id(Bro018.segment.1,307)"/>
         <nite:child href="Bro018.C.segs.xml#id(Bro018.segment.1,308)..id(Bro018.segment.1,315)"/>
         <nite:child href="Bro018.E.segs.xml#id(Bro018.segment.1,314)"/>
         <nite:child href="Bro018.C.segs.xml#id(Bro018.segment.1,316)"/>
         <nite:child href="Bro018.E.segs.xml#id(Bro018.segment.1,317)"/>
         <nite:child href="Bro018.C.segs.xml#id(Bro018.segment.1,318)..id(Bro018.segment.1,322)"/>
         <nite:child href="Bro018.E.segs.xml#id(Bro018.segment.1,323)"/>
         <nite:child href="Bro018.C.segs.xml#id(Bro018.segment.1,324)..id(Bro018.segment.1,330)"/>
         <nite:child href="Bro018.E.segs.xml#id(Bro018.segment.1,331)"/>
         <nite:child href="Bro018.C.segs.xml#id(Bro018.segment.1,332)..id(Bro018.segment.1,335)"/>
         <nite:child href="Bro018.E.segs.xml#id(Bro018.segment.1,336)"/>
         <nite:child href="Bro018.C.segs.xml#id(Bro018.segment.1,337)..id(Bro018.segment.1,340)"/>
         <nite:child href="Bro018.E.segs.xml#id(Bro018.segment.1,341)"/>
         <nite:child href="Bro018.C.segs.xml#id(Bro018.segment.1,342)..id(Bro018.segment.1,353)"/>
         <nite:child href="Bro018.E.segs.xml#id(Bro018.segment.1,354)"/>
         <nite:child href="Bro018.C.segs.xml#id(Bro018.segment.1,355)..id(Bro018.segment.1,358)"/>
         <nite:child href="Bro018.E.segs.xml#id(Bro018.segment.1,359)..id(Bro018.segment.1,360)"/>
         <nite:child href="Bro018.C.segs.xml#id(Bro018.segment.1,361)"/>
         <nite:child href="Bro018.E.segs.xml#id(Bro018.segment.1,362)..id(Bro018.segment.1,363)"/>
         <nite:child href="Bro018.C.segs.xml#id(Bro018.segment.1,364)"/>
         <topic nite:id="Bro018.topic.17" description="pruning thresholds">
            <nite:child href="Bro018.E.segs.xml#id(Bro018.segment.1,365)..id(Bro018.segment.1,377)"/>
            <nite:child href="Bro018.C.segs.xml#id(Bro018.segment.1,378)"/>
            <nite:child href="Bro018.E.segs.xml#id(Bro018.segment.1,379)..id(Bro018.segment.1,380)"/>
            <nite:child href="Bro018.C.segs.xml#id(Bro018.segment.1,381)..id(Bro018.segment.1,384)"/>
            <nite:child href="Bro018.E.segs.xml#id(Bro018.segment.1,385)"/>
            <nite:child href="Bro018.C.segs.xml#id(Bro018.segment.1,386)"/>
            <nite:child href="Bro018.E.segs.xml#id(Bro018.segment.1,387)"/>
            <nite:child href="Bro018.C.segs.xml#id(Bro018.segment.1,388)"/>
            <nite:child href="Bro018.E.segs.xml#id(Bro018.segment.1,389)"/>
            <nite:child href="Bro018.C.segs.xml#id(Bro018.segment.1,390)"/>
            <nite:child href="Bro018.E.segs.xml#id(Bro018.segment.1,391)"/>
            <nite:child href="Bro018.C.segs.xml#id(Bro018.segment.1,392)..id(Bro018.segment.1,394)"/>
            <nite:child href="Bro018.E.segs.xml#id(Bro018.segment.1,395)..id(Bro018.segment.1,401)"/>
            <nite:child href="Bro018.C.segs.xml#id(Bro018.segment.1,403)"/>
            <nite:child href="Bro018.E.segs.xml#id(Bro018.segment.1,402)"/>
            <nite:child href="Bro018.C.segs.xml#id(Bro018.segment.1,404)..id(Bro018.segment.1,407)"/>
            <nite:child href="Bro018.E.segs.xml#id(Bro018.segment.1,406)"/>
            <nite:child href="Bro018.C.segs.xml#id(Bro018.segment.1,408)..id(Bro018.segment.1,411)"/>
            <nite:child href="Bro018.E.segs.xml#id(Bro018.segment.1,412)"/>
            <nite:child href="Bro018.C.segs.xml#id(Bro018.segment.1,413)"/>
            <nite:child href="Bro018.E.segs.xml#id(Bro018.segment.1,414)"/>
            <nite:child href="Bro018.C.segs.xml#id(Bro018.segment.1,415)..id(Bro018.segment.1,418)"/>
            <nite:child href="Bro018.E.segs.xml#id(Bro018.segment.1,419)..id(Bro018.segment.1,424)"/>
            <nite:child href="Bro018.C.segs.xml#id(Bro018.segment.1,425)"/>
            <nite:child href="Bro018.E.segs.xml#id(Bro018.segment.1,426)..id(Bro018.segment.1,436)"/>
            <nite:child href="Bro018.C.segs.xml#id(Bro018.segment.1,437)..id(Bro018.segment.1,438)"/>
            <nite:child href="Bro018.E.segs.xml#id(Bro018.segment.1,439)"/>
            <nite:child href="Bro018.C.segs.xml#id(Bro018.segment.1,440)..id(Bro018.segment.1,441)"/>
            <nite:child href="Bro018.E.segs.xml#id(Bro018.segment.1,442)"/>
            <nite:child href="Bro018.C.segs.xml#id(Bro018.segment.1,443)..id(Bro018.segment.1,444)"/>
            <nite:child href="Bro018.E.segs.xml#id(Bro018.segment.1,445)..id(Bro018.segment.1,447)"/>
            <nite:child href="Bro018.C.segs.xml#id(Bro018.segment.1,448)"/>
            <nite:child href="Bro018.E.segs.xml#id(Bro018.segment.1,449)..id(Bro018.segment.1,450)"/>
            <nite:child href="Bro018.C.segs.xml#id(Bro018.segment.1,451)"/>
            <nite:child href="Bro018.E.segs.xml#id(Bro018.segment.1,452)"/>
            <nite:child href="Bro018.C.segs.xml#id(Bro018.segment.1,453)"/>
            <nite:child href="Bro018.E.segs.xml#id(Bro018.segment.1,454)"/>
            <nite:child href="Bro018.C.segs.xml#id(Bro018.segment.1,455)..id(Bro018.segment.1,457)"/>
            <nite:child href="Bro018.E.segs.xml#id(Bro018.segment.1,458)"/>
            <nite:child href="Bro018.C.segs.xml#id(Bro018.segment.1,459)..id(Bro018.segment.1,460)"/>
            <nite:child href="Bro018.E.segs.xml#id(Bro018.segment.1,461)"/>
            <nite:child href="Bro018.C.segs.xml#id(Bro018.segment.1,462)..id(Bro018.segment.1,464)"/>
         </topic>
      </topic>
   </topic>
   <topic nite:id="Bro018.topic.18" description="update from speaker me026, mean subtraction method">
      <nite:child href="Bro018.C.segs.xml#id(Bro018.segment.1,465)..id(Bro018.segment.1,466)"/>
      <nite:child href="Bro018.B.segs.xml#id(Bro018.segment.1,467)..id(Bro018.segment.1,468)"/>
      <nite:child href="Bro018.C.segs.xml#id(Bro018.segment.1,469)"/>
      <nite:child href="Bro018.B.segs.xml#id(Bro018.segment.1,470)"/>
      <nite:child href="Bro018.C.segs.xml#id(Bro018.segment.1,471)"/>
      <nite:child href="Bro018.B.segs.xml#id(Bro018.segment.1,472)..id(Bro018.segment.1,492)"/>
      <nite:child href="Bro018.A.segs.xml#id(Bro018.segment.1,493)"/>
      <nite:child href="Bro018.B.segs.xml#id(Bro018.segment.1,494)..id(Bro018.segment.1,497)"/>
      <nite:child href="Bro018.E.segs.xml#id(Bro018.segment.1,498)..id(Bro018.segment.1,500)"/>
      <nite:child href="Bro018.B.segs.xml#id(Bro018.segment.1,501)..id(Bro018.segment.1,506)"/>
      <nite:child href="Bro018.D.segs.xml#id(Bro018.segment.1,507)"/>
      <nite:child href="Bro018.B.segs.xml#id(Bro018.segment.1,508)..id(Bro018.segment.1,509)"/>
      <nite:child href="Bro018.A.segs.xml#id(Bro018.segment.1,510)"/>
      <nite:child href="Bro018.B.segs.xml#id(Bro018.segment.1,511)..id(Bro018.segment.1,519)"/>
      <nite:child href="Bro018.A.segs.xml#id(Bro018.segment.1,520)"/>
      <nite:child href="Bro018.B.segs.xml#id(Bro018.segment.1,521)..id(Bro018.segment.1,531)"/>
      <nite:child href="Bro018.E.segs.xml#id(Bro018.segment.1,532)"/>
      <nite:child href="Bro018.B.segs.xml#id(Bro018.segment.1,533)"/>
      <nite:child href="Bro018.E.segs.xml#id(Bro018.segment.1,534)"/>
      <nite:child href="Bro018.B.segs.xml#id(Bro018.segment.1,535)..id(Bro018.segment.1,538)"/>
      <nite:child href="Bro018.C.segs.xml#id(Bro018.segment.1,539)"/>
      <nite:child href="Bro018.B.segs.xml#id(Bro018.segment.1,540)"/>
      <nite:child href="Bro018.C.segs.xml#id(Bro018.segment.1,541)..id(Bro018.segment.1,546)"/>
      <nite:child href="Bro018.E.segs.xml#id(Bro018.segment.1,547)"/>
      <nite:child href="Bro018.C.segs.xml#id(Bro018.segment.1,548)..id(Bro018.segment.1,549)"/>
      <nite:child href="Bro018.B.segs.xml#id(Bro018.segment.1,550)..id(Bro018.segment.1,551)"/>
      <nite:child href="Bro018.C.segs.xml#id(Bro018.segment.1,552)..id(Bro018.segment.1,553)"/>
      <nite:child href="Bro018.B.segs.xml#id(Bro018.segment.1,554)"/>
      <nite:child href="Bro018.C.segs.xml#id(Bro018.segment.1,555)..id(Bro018.segment.1,557)"/>
      <nite:child href="Bro018.B.segs.xml#id(Bro018.segment.1,558)..id(Bro018.segment.1,560)"/>
      <nite:child href="Bro018.C.segs.xml#id(Bro018.segment.1,561)"/>
      <nite:child href="Bro018.B.segs.xml#id(Bro018.segment.1,562)"/>
      <nite:child href="Bro018.C.segs.xml#id(Bro018.segment.1,563)"/>
      <nite:child href="Bro018.B.segs.xml#id(Bro018.segment.1,564)..id(Bro018.segment.1,573)"/>
      <nite:child href="Bro018.C.segs.xml#id(Bro018.segment.1,574)..id(Bro018.segment.1,582)"/>
      <nite:child href="Bro018.E.segs.xml#id(Bro018.segment.1,583)"/>
      <nite:child href="Bro018.C.segs.xml#id(Bro018.segment.1,584)"/>
      <nite:child href="Bro018.E.segs.xml#id(Bro018.segment.1,585)"/>
      <nite:child href="Bro018.C.segs.xml#id(Bro018.segment.1,586)..id(Bro018.segment.1,587)"/>
      <nite:child href="Bro018.B.segs.xml#id(Bro018.segment.1,588)"/>
      <nite:child href="Bro018.C.segs.xml#id(Bro018.segment.1,590)"/>
      <nite:child href="Bro018.B.segs.xml#id(Bro018.segment.1,589)"/>
      <nite:child href="Bro018.C.segs.xml#id(Bro018.segment.1,591)..id(Bro018.segment.1,592)"/>
      <nite:child href="Bro018.B.segs.xml#id(Bro018.segment.1,593)"/>
      <nite:child href="Bro018.C.segs.xml#id(Bro018.segment.1,594)..id(Bro018.segment.1,597)"/>
      <nite:child href="Bro018.A.segs.xml#id(Bro018.segment.1,598)"/>
      <nite:child href="Bro018.C.segs.xml#id(Bro018.segment.1,599)..id(Bro018.segment.1,601)"/>
      <nite:child href="Bro018.B.segs.xml#id(Bro018.segment.1,602)"/>
      <nite:child href="Bro018.C.segs.xml#id(Bro018.segment.1,603)..id(Bro018.segment.1,604)"/>
      <nite:child href="Bro018.B.segs.xml#id(Bro018.segment.1,605)"/>
      <nite:child href="Bro018.C.segs.xml#id(Bro018.segment.1,606)..id(Bro018.segment.1,612)"/>
      <nite:child href="Bro018.A.segs.xml#id(Bro018.segment.1,613)"/>
      <nite:child href="Bro018.C.segs.xml#id(Bro018.segment.1,614)..id(Bro018.segment.1,615)"/>
      <nite:child href="Bro018.B.segs.xml#id(Bro018.segment.1,616)"/>
      <nite:child href="Bro018.C.segs.xml#id(Bro018.segment.1,617)..id(Bro018.segment.1,622)"/>
      <nite:child href="Bro018.B.segs.xml#id(Bro018.segment.1,623)..id(Bro018.segment.1,625)"/>
      <nite:child href="Bro018.C.segs.xml#id(Bro018.segment.1,626)"/>
      <nite:child href="Bro018.B.segs.xml#id(Bro018.segment.1,627)"/>
      <nite:child href="Bro018.E.segs.xml#id(Bro018.segment.1,628)..id(Bro018.segment.1,630)"/>
      <nite:child href="Bro018.B.segs.xml#id(Bro018.segment.1,631)"/>
      <nite:child href="Bro018.E.segs.xml#id(Bro018.segment.1,632)..id(Bro018.segment.1,633)"/>
      <nite:child href="Bro018.B.segs.xml#id(Bro018.segment.1,634)..id(Bro018.segment.1,635)"/>
      <nite:child href="Bro018.A.segs.xml#id(Bro018.segment.1,636)"/>
      <nite:child href="Bro018.B.segs.xml#id(Bro018.segment.1,637)..id(Bro018.segment.1,639)"/>
      <nite:child href="Bro018.A.segs.xml#id(Bro018.segment.1,640)"/>
      <nite:child href="Bro018.B.segs.xml#id(Bro018.segment.1,641)"/>
      <nite:child href="Bro018.C.segs.xml#id(Bro018.segment.1,642)"/>
      <nite:child href="Bro018.B.segs.xml#id(Bro018.segment.1,643)"/>
      <nite:child href="Bro018.C.segs.xml#id(Bro018.segment.1,644)"/>
      <nite:child href="Bro018.B.segs.xml#id(Bro018.segment.1,645)..id(Bro018.segment.1,646)"/>
      <nite:child href="Bro018.C.segs.xml#id(Bro018.segment.1,647)..id(Bro018.segment.1,648)"/>
      <nite:child href="Bro018.B.segs.xml#id(Bro018.segment.1,649)"/>
      <nite:child href="Bro018.C.segs.xml#id(Bro018.segment.1,650)"/>
      <nite:child href="Bro018.B.segs.xml#id(Bro018.segment.1,651)"/>
      <nite:child href="Bro018.C.segs.xml#id(Bro018.segment.1,652)"/>
      <nite:child href="Bro018.B.segs.xml#id(Bro018.segment.1,653)"/>
      <nite:child href="Bro018.C.segs.xml#id(Bro018.segment.1,654)"/>
      <nite:child href="Bro018.B.segs.xml#id(Bro018.segment.1,655)..id(Bro018.segment.1,656)"/>
      <nite:child href="Bro018.C.segs.xml#id(Bro018.segment.1,657)..id(Bro018.segment.1,661)"/>
      <nite:child href="Bro018.B.segs.xml#id(Bro018.segment.1,662)"/>
      <nite:child href="Bro018.C.segs.xml#id(Bro018.segment.1,663)..id(Bro018.segment.1,670)"/>
      <nite:child href="Bro018.B.segs.xml#id(Bro018.segment.1,671)"/>
      <nite:child href="Bro018.C.segs.xml#id(Bro018.segment.1,672)..id(Bro018.segment.1,675)"/>
      <nite:child href="Bro018.B.segs.xml#id(Bro018.segment.1,676)"/>
      <nite:child href="Bro018.C.segs.xml#id(Bro018.segment.1,677)"/>
      <nite:child href="Bro018.B.segs.xml#id(Bro018.segment.1,678)"/>
      <nite:child href="Bro018.C.segs.xml#id(Bro018.segment.1,679)..id(Bro018.segment.1,680)"/>
      <nite:child href="Bro018.E.segs.xml#id(Bro018.segment.1,681)"/>
      <nite:child href="Bro018.C.segs.xml#id(Bro018.segment.1,682)..id(Bro018.segment.1,683)"/>
      <nite:child href="Bro018.B.segs.xml#id(Bro018.segment.1,684)"/>
      <nite:child href="Bro018.C.segs.xml#id(Bro018.segment.1,685)..id(Bro018.segment.1,686)"/>
      <nite:child href="Bro018.B.segs.xml#id(Bro018.segment.1,687)"/>
      <nite:child href="Bro018.C.segs.xml#id(Bro018.segment.1,688)..id(Bro018.segment.1,694)"/>
      <nite:child href="Bro018.B.segs.xml#id(Bro018.segment.1,693)"/>
      <nite:child href="Bro018.C.segs.xml#id(Bro018.segment.1,695)..id(Bro018.segment.1,696)"/>
      <nite:child href="Bro018.B.segs.xml#id(Bro018.segment.1,697)"/>
      <nite:child href="Bro018.C.segs.xml#id(Bro018.segment.1,698)..id(Bro018.segment.1,700)"/>
      <nite:child href="Bro018.B.segs.xml#id(Bro018.segment.1,701)..id(Bro018.segment.1,702)"/>
      <nite:child href="Bro018.C.segs.xml#id(Bro018.segment.1,703)..id(Bro018.segment.1,704)"/>
   </topic>
   <topic nite:id="Bro018.topic.19" description="closing">
      <nite:child href="Bro018.C.segs.xml#id(Bro018.segment.1,705)..id(Bro018.segment.1,710)"/>
      <nite:child href="Bro018.E.segs.xml#id(Bro018.segment.1,711)"/>
      <nite:child href="Bro018.C.segs.xml#id(Bro018.segment.1,712)"/>
      <nite:child href="Bro018.E.segs.xml#id(Bro018.segment.1,713)"/>
      <nite:child href="Bro018.C.segs.xml#id(Bro018.segment.1,714)..id(Bro018.segment.1,716)"/>
      <nite:child href="Bro018.A.segs.xml#id(Bro018.segment.1,717)"/>
      <nite:child href="Bro018.E.segs.xml#id(Bro018.segment.1,718)"/>
      <nite:child href="Bro018.C.segs.xml#id(Bro018.segment.1,719)"/>
      <nite:child href="Bro018.E.segs.xml#id(Bro018.segment.1,720)"/>
      <nite:child href="Bro018.A.segs.xml#id(Bro018.segment.1,721)"/>
      <nite:child href="Bro018.C.segs.xml#id(Bro018.segment.1,722)..id(Bro018.segment.1,724)"/>
      <nite:child href="Bro018.D.segs.xml#id(Bro018.segment.1,725)"/>
      <nite:child href="Bro018.C.segs.xml#id(Bro018.segment.1,726)"/>
      <topic nite:id="Bro018.topic.20" description="digit task">
         <nite:child href="Bro018.C.segs.xml#id(Bro018.segment.1,727)..id(Bro018.segment.1,731)"/>
         <nite:child href="Bro018.A.segs.xml#id(Bro018.segment.1,732)"/>
         <nite:child href="Bro018.C.segs.xml#id(Bro018.segment.1,733)..id(Bro018.segment.1,736)"/>
         <nite:child href="Bro018.A.segs.xml#id(Bro018.segment.1,737)..id(Bro018.segment.1,746)"/>
         <nite:child href="Bro018.E.segs.xml#id(Bro018.segment.1,747)..id(Bro018.segment.1,755)"/>
         <nite:child href="Bro018.B.segs.xml#id(Bro018.segment.1,756)..id(Bro018.segment.1,760)"/>
         <nite:child href="Bro018.A.segs.xml#id(Bro018.segment.1,761)"/>
         <nite:child href="Bro018.B.segs.xml#id(Bro018.segment.1,762)..id(Bro018.segment.1,765)"/>
         <nite:child href="Bro018.D.segs.xml#id(Bro018.segment.1,766)..id(Bro018.segment.1,774)"/>
      </topic>
   </topic>
</nite:root>