<?xml version="1.0" encoding="ISO-8859-1" standalone="yes"?>
<nite:root nite:id="Bro026.topic" xmlns:nite="http://nite.sourceforge.net/">
   <topic nite:id="Bro026.topic.1" description="opening">
      <nite:child href="Bro026.C.segs.xml#id(Bro026.segment.1)"/>
      <nite:child href="Bro026.B.segs.xml#id(Bro026.segment.2)"/>
      <nite:child href="Bro026.C.segs.xml#id(Bro026.segment.3)"/>
      <nite:child href="Bro026.E.segs.xml#id(Bro026.segment.4)"/>
      <nite:child href="Bro026.D.segs.xml#id(Bro026.segment.6)"/>
      <nite:child href="Bro026.B.segs.xml#id(Bro026.segment.7)"/>
      <nite:child href="Bro026.D.segs.xml#id(Bro026.segment.8)"/>
      <nite:child href="Bro026.B.segs.xml#id(Bro026.segment.9)"/>
      <topic nite:id="Bro026.topic.2" description="Stephane, Sunil's software code, update">
         <nite:child href="Bro026.B.segs.xml#id(Bro026.segment.10)"/>
         <nite:child href="Bro026.D.segs.xml#id(Bro026.segment.11)"/>
         <nite:child href="Bro026.B.segs.xml#id(Bro026.segment.12)"/>
         <nite:child href="Bro026.C.segs.xml#id(Bro026.segment.13)"/>
         <nite:child href="Bro026.B.segs.xml#id(Bro026.segment.14)..id(Bro026.segment.17)"/>
         <nite:child href="Bro026.C.segs.xml#id(Bro026.segment.18)"/>
         <nite:child href="Bro026.B.segs.xml#id(Bro026.segment.19)..id(Bro026.segment.22)"/>
         <nite:child href="Bro026.E.segs.xml#id(Bro026.segment.23)"/>
         <nite:child href="Bro026.B.segs.xml#id(Bro026.segment.24)"/>
         <nite:child href="Bro026.C.segs.xml#id(Bro026.segment.26)"/>
         <nite:child href="Bro026.D.segs.xml#id(Bro026.segment.25)"/>
         <nite:child href="Bro026.E.segs.xml#id(Bro026.segment.27)"/>
         <nite:child href="Bro026.D.segs.xml#id(Bro026.segment.28)..id(Bro026.segment.29)"/>
         <nite:child href="Bro026.E.segs.xml#id(Bro026.segment.30)"/>
         <nite:child href="Bro026.A.segs.xml#id(Bro026.segment.31)"/>
         <nite:child href="Bro026.D.segs.xml#id(Bro026.segment.32)"/>
         <nite:child href="Bro026.E.segs.xml#id(Bro026.segment.33)"/>
         <nite:child href="Bro026.A.segs.xml#id(Bro026.segment.34)"/>
         <nite:child href="Bro026.E.segs.xml#id(Bro026.segment.35)"/>
         <nite:child href="Bro026.D.segs.xml#id(Bro026.segment.36)"/>
         <nite:child href="Bro026.B.segs.xml#id(Bro026.segment.37)"/>
         <nite:child href="Bro026.A.segs.xml#id(Bro026.segment.38)"/>
         <nite:child href="Bro026.B.segs.xml#id(Bro026.segment.39)"/>
         <nite:child href="Bro026.A.segs.xml#id(Bro026.segment.40)..id(Bro026.segment.42)"/>
         <nite:child href="Bro026.C.segs.xml#id(Bro026.segment.43)"/>
         <nite:child href="Bro026.A.segs.xml#id(Bro026.segment.44)"/>
         <topic nite:id="Bro026.topic.3" description="CVS mechanism, remote, anonymous access">
            <nite:child href="Bro026.E.segs.xml#id(Bro026.segment.45)"/>
            <nite:child href="Bro026.A.segs.xml#id(Bro026.segment.46)"/>
            <nite:child href="Bro026.E.segs.xml#id(Bro026.segment.47)..id(Bro026.segment.50)"/>
            <nite:child href="Bro026.D.segs.xml#id(Bro026.segment.51)"/>
            <nite:child href="Bro026.E.segs.xml#id(Bro026.segment.52)"/>
            <nite:child href="Bro026.A.segs.xml#id(Bro026.segment.53)"/>
            <nite:child href="Bro026.E.segs.xml#id(Bro026.segment.54)"/>
            <nite:child href="Bro026.D.segs.xml#id(Bro026.segment.55)..id(Bro026.segment.56)"/>
            <nite:child href="Bro026.B.segs.xml#id(Bro026.segment.57)"/>
            <nite:child href="Bro026.E.segs.xml#id(Bro026.segment.58)"/>
            <nite:child href="Bro026.B.segs.xml#id(Bro026.segment.59)..id(Bro026.segment.60)"/>
            <nite:child href="Bro026.D.segs.xml#id(Bro026.segment.61)"/>
            <nite:child href="Bro026.B.segs.xml#id(Bro026.segment.62)"/>
            <nite:child href="Bro026.D.segs.xml#id(Bro026.segment.63)"/>
            <nite:child href="Bro026.C.segs.xml#id(Bro026.segment.64)"/>
            <nite:child href="Bro026.E.segs.xml#id(Bro026.segment.65)"/>
            <nite:child href="Bro026.D.segs.xml#id(Bro026.segment.66)"/>
            <nite:child href="Bro026.E.segs.xml#id(Bro026.segment.67)"/>
            <nite:child href="Bro026.B.segs.xml#id(Bro026.segment.68)"/>
            <nite:child href="Bro026.E.segs.xml#id(Bro026.segment.69)"/>
            <nite:child href="Bro026.D.segs.xml#id(Bro026.segment.70)"/>
            <nite:child href="Bro026.E.segs.xml#id(Bro026.segment.71)"/>
            <nite:child href="Bro026.B.segs.xml#id(Bro026.segment.72)..id(Bro026.segment.74)"/>
            <nite:child href="Bro026.E.segs.xml#id(Bro026.segment.75)"/>
            <nite:child href="Bro026.B.segs.xml#id(Bro026.segment.76)..id(Bro026.segment.81)"/>
            <nite:child href="Bro026.E.segs.xml#id(Bro026.segment.82)"/>
            <nite:child href="Bro026.D.segs.xml#id(Bro026.segment.83)"/>
            <nite:child href="Bro026.E.segs.xml#id(Bro026.segment.84)..id(Bro026.segment.86)"/>
            <nite:child href="Bro026.C.segs.xml#id(Bro026.segment.87)"/>
            <nite:child href="Bro026.A.segs.xml#id(Bro026.segment.88)..id(Bro026.segment.89)"/>
            <nite:child href="Bro026.D.segs.xml#id(Bro026.segment.90)..id(Bro026.segment.91)"/>
            <nite:child href="Bro026.E.segs.xml#id(Bro026.segment.92)"/>
            <nite:child href="Bro026.D.segs.xml#id(Bro026.segment.93)"/>
            <nite:child href="Bro026.E.segs.xml#id(Bro026.segment.94)"/>
            <nite:child href="Bro026.B.segs.xml#id(Bro026.segment.95)"/>
            <nite:child href="Bro026.D.segs.xml#id(Bro026.segment.96)"/>
            <nite:child href="Bro026.B.segs.xml#id(Bro026.segment.97)..id(Bro026.segment.100)"/>
            <nite:child href="Bro026.A.segs.xml#id(Bro026.segment.99)"/>
            <nite:child href="Bro026.D.segs.xml#id(Bro026.segment.98)"/>
            <nite:child href="Bro026.B.segs.xml#id(Bro026.segment.101)"/>
            <nite:child href="Bro026.D.segs.xml#id(Bro026.segment.102)"/>
            <nite:child href="Bro026.A.segs.xml#id(Bro026.segment.103)..id(Bro026.segment.105)"/>
            <nite:child href="Bro026.E.segs.xml#id(Bro026.segment.106)"/>
            <nite:child href="Bro026.A.segs.xml#id(Bro026.segment.107)"/>
            <nite:child href="Bro026.E.segs.xml#id(Bro026.segment.108)"/>
            <nite:child href="Bro026.A.segs.xml#id(Bro026.segment.109)..id(Bro026.segment.110)"/>
            <nite:child href="Bro026.E.segs.xml#id(Bro026.segment.111)..id(Bro026.segment.112)"/>
            <nite:child href="Bro026.D.segs.xml#id(Bro026.segment.113)"/>
            <nite:child href="Bro026.A.segs.xml#id(Bro026.segment.114)..id(Bro026.segment.119)"/>
            <nite:child href="Bro026.E.segs.xml#id(Bro026.segment.120)"/>
            <nite:child href="Bro026.D.segs.xml#id(Bro026.segment.121)"/>
            <nite:child href="Bro026.E.segs.xml#id(Bro026.segment.122)"/>
            <nite:child href="Bro026.A.segs.xml#id(Bro026.segment.123)"/>
            <nite:child href="Bro026.E.segs.xml#id(Bro026.segment.124)"/>
            <nite:child href="Bro026.A.segs.xml#id(Bro026.segment.125)..id(Bro026.segment.129)"/>
            <nite:child href="Bro026.E.segs.xml#id(Bro026.segment.130)..id(Bro026.segment.136)"/>
            <nite:child href="Bro026.A.segs.xml#id(Bro026.segment.137)..id(Bro026.segment.138)"/>
            <nite:child href="Bro026.E.segs.xml#id(Bro026.segment.139)"/>
            <nite:child href="Bro026.A.segs.xml#id(Bro026.segment.140)"/>
            <nite:child href="Bro026.E.segs.xml#id(Bro026.segment.141)"/>
            <nite:child href="Bro026.A.segs.xml#id(Bro026.segment.142)..id(Bro026.segment.143)"/>
            <nite:child href="Bro026.E.segs.xml#id(Bro026.segment.145)"/>
            <nite:child href="Bro026.A.segs.xml#id(Bro026.segment.144)"/>
            <nite:child href="Bro026.E.segs.xml#id(Bro026.segment.146)"/>
            <nite:child href="Bro026.C.segs.xml#id(Bro026.segment.147)"/>
            <nite:child href="Bro026.E.segs.xml#id(Bro026.segment.148)"/>
            <nite:child href="Bro026.A.segs.xml#id(Bro026.segment.149)"/>
            <nite:child href="Bro026.E.segs.xml#id(Bro026.segment.150)..id(Bro026.segment.151)"/>
            <nite:child href="Bro026.C.segs.xml#id(Bro026.segment.152)"/>
            <nite:child href="Bro026.B.segs.xml#id(Bro026.segment.153)"/>
            <nite:child href="Bro026.E.segs.xml#id(Bro026.segment.154)"/>
            <nite:child href="Bro026.B.segs.xml#id(Bro026.segment.155)..id(Bro026.segment.156)"/>
            <nite:child href="Bro026.E.segs.xml#id(Bro026.segment.158)"/>
            <nite:child href="Bro026.B.segs.xml#id(Bro026.segment.157)"/>
            <nite:child href="Bro026.E.segs.xml#id(Bro026.segment.159)..id(Bro026.segment.161)"/>
            <nite:child href="Bro026.B.segs.xml#id(Bro026.segment.162)"/>
            <nite:child href="Bro026.E.segs.xml#id(Bro026.segment.163)"/>
            <nite:child href="Bro026.B.segs.xml#id(Bro026.segment.164)..id(Bro026.segment.165)"/>
         </topic>
         <nite:child href="Bro026.B.segs.xml#id(Bro026.segment.166)"/>
         <nite:child href="Bro026.E.segs.xml#id(Bro026.segment.167)..id(Bro026.segment.168)"/>
         <nite:child href="Bro026.C.segs.xml#id(Bro026.segment.169)"/>
         <nite:child href="Bro026.B.segs.xml#id(Bro026.segment.170)"/>
         <nite:child href="Bro026.A.segs.xml#id(Bro026.segment.171)"/>
         <nite:child href="Bro026.B.segs.xml#id(Bro026.segment.172)..id(Bro026.segment.176)"/>
         <nite:child href="Bro026.A.segs.xml#id(Bro026.segment.177)"/>
         <nite:child href="Bro026.B.segs.xml#id(Bro026.segment.178)"/>
         <nite:child href="Bro026.A.segs.xml#id(Bro026.segment.179)..id(Bro026.segment.180)"/>
         <nite:child href="Bro026.B.segs.xml#id(Bro026.segment.181)"/>
         <nite:child href="Bro026.A.segs.xml#id(Bro026.segment.182)..id(Bro026.segment.183)"/>
         <nite:child href="Bro026.B.segs.xml#id(Bro026.segment.184)..id(Bro026.segment.192)"/>
         <nite:child href="Bro026.A.segs.xml#id(Bro026.segment.194)"/>
         <nite:child href="Bro026.E.segs.xml#id(Bro026.segment.193)..id(Bro026.segment.195)"/>
         <nite:child href="Bro026.B.segs.xml#id(Bro026.segment.196)..id(Bro026.segment.198)"/>
         <nite:child href="Bro026.E.segs.xml#id(Bro026.segment.199)"/>
         <nite:child href="Bro026.B.segs.xml#id(Bro026.segment.200)..id(Bro026.segment.205)"/>
         <nite:child href="Bro026.E.segs.xml#id(Bro026.segment.206)"/>
         <nite:child href="Bro026.B.segs.xml#id(Bro026.segment.207)..id(Bro026.segment.216)"/>
         <nite:child href="Bro026.E.segs.xml#id(Bro026.segment.217)..id(Bro026.segment.218)"/>
         <nite:child href="Bro026.B.segs.xml#id(Bro026.segment.219)..id(Bro026.segment.228)"/>
      </topic>
   </topic>
   <topic nite:id="Bro026.topic.4" description="report from Stephane, Sunil, software development">
      <topic nite:id="Bro026.topic.5" description="Wiener filtering, noise suppression issues">
         <nite:child href="Bro026.A.segs.xml#id(Bro026.segment.229)..id(Bro026.segment.234)"/>
         <nite:child href="Bro026.C.segs.xml#id(Bro026.segment.235)"/>
         <nite:child href="Bro026.B.segs.xml#id(Bro026.segment.236)"/>
         <nite:child href="Bro026.A.segs.xml#id(Bro026.segment.237)"/>
         <nite:child href="Bro026.E.segs.xml#id(Bro026.segment.238)"/>
         <nite:child href="Bro026.A.segs.xml#id(Bro026.segment.239)..id(Bro026.segment.247)"/>
         <nite:child href="Bro026.C.segs.xml#id(Bro026.segment.248)"/>
         <nite:child href="Bro026.A.segs.xml#id(Bro026.segment.249)..id(Bro026.segment.253)"/>
         <nite:child href="Bro026.E.segs.xml#id(Bro026.segment.254)..id(Bro026.segment.256)"/>
         <nite:child href="Bro026.A.segs.xml#id(Bro026.segment.257)"/>
         <nite:child href="Bro026.B.segs.xml#id(Bro026.segment.258)"/>
         <nite:child href="Bro026.A.segs.xml#id(Bro026.segment.260)"/>
         <nite:child href="Bro026.B.segs.xml#id(Bro026.segment.259)"/>
         <nite:child href="Bro026.A.segs.xml#id(Bro026.segment.261)"/>
         <nite:child href="Bro026.B.segs.xml#id(Bro026.segment.262)..id(Bro026.segment.263)"/>
         <nite:child href="Bro026.A.segs.xml#id(Bro026.segment.264)..id(Bro026.segment.267)"/>
         <nite:child href="Bro026.B.segs.xml#id(Bro026.segment.268)"/>
         <nite:child href="Bro026.A.segs.xml#id(Bro026.segment.269)"/>
         <nite:child href="Bro026.B.segs.xml#id(Bro026.segment.270)"/>
         <nite:child href="Bro026.A.segs.xml#id(Bro026.segment.271)..id(Bro026.segment.274)"/>
         <nite:child href="Bro026.E.segs.xml#id(Bro026.segment.275)"/>
         <nite:child href="Bro026.B.segs.xml#id(Bro026.segment.276)..id(Bro026.segment.279)"/>
         <topic nite:id="Bro026.topic.6" description="artificial versus natural reverberative effects">
            <nite:child href="Bro026.B.segs.xml#id(Bro026.segment.280)..id(Bro026.segment.283)"/>
            <nite:child href="Bro026.A.segs.xml#id(Bro026.segment.284)"/>
            <nite:child href="Bro026.B.segs.xml#id(Bro026.segment.285)..id(Bro026.segment.287)"/>
            <nite:child href="Bro026.A.segs.xml#id(Bro026.segment.288)"/>
            <nite:child href="Bro026.B.segs.xml#id(Bro026.segment.289)"/>
            <nite:child href="Bro026.A.segs.xml#id(Bro026.segment.290)..id(Bro026.segment.291)"/>
            <nite:child href="Bro026.B.segs.xml#id(Bro026.segment.292)"/>
            <nite:child href="Bro026.A.segs.xml#id(Bro026.segment.293)"/>
            <nite:child href="Bro026.B.segs.xml#id(Bro026.segment.294)..id(Bro026.segment.301)"/>
            <nite:child href="Bro026.A.segs.xml#id(Bro026.segment.302)"/>
            <nite:child href="Bro026.B.segs.xml#id(Bro026.segment.303)..id(Bro026.segment.304)"/>
            <nite:child href="Bro026.A.segs.xml#id(Bro026.segment.305)"/>
            <nite:child href="Bro026.B.segs.xml#id(Bro026.segment.306)..id(Bro026.segment.309)"/>
            <nite:child href="Bro026.C.segs.xml#id(Bro026.segment.310)"/>
            <nite:child href="Bro026.D.segs.xml#id(Bro026.segment.311)"/>
            <nite:child href="Bro026.B.segs.xml#id(Bro026.segment.312)"/>
            <nite:child href="Bro026.E.segs.xml#id(Bro026.segment.313)"/>
            <nite:child href="Bro026.B.segs.xml#id(Bro026.segment.314)..id(Bro026.segment.315)"/>
            <nite:child href="Bro026.C.segs.xml#id(Bro026.segment.316)"/>
            <nite:child href="Bro026.E.segs.xml#id(Bro026.segment.317)"/>
            <nite:child href="Bro026.B.segs.xml#id(Bro026.segment.318)"/>
            <nite:child href="Bro026.C.segs.xml#id(Bro026.segment.319)"/>
            <nite:child href="Bro026.E.segs.xml#id(Bro026.segment.320)"/>
            <nite:child href="Bro026.B.segs.xml#id(Bro026.segment.321)"/>
            <nite:child href="Bro026.E.segs.xml#id(Bro026.segment.322)..id(Bro026.segment.323)"/>
            <nite:child href="Bro026.B.segs.xml#id(Bro026.segment.324)..id(Bro026.segment.326)"/>
            <nite:child href="Bro026.C.segs.xml#id(Bro026.segment.327)..id(Bro026.segment.328)"/>
            <nite:child href="Bro026.B.segs.xml#id(Bro026.segment.329)..id(Bro026.segment.331)"/>
            <nite:child href="Bro026.C.segs.xml#id(Bro026.segment.332)"/>
            <nite:child href="Bro026.B.segs.xml#id(Bro026.segment.333)..id(Bro026.segment.341)"/>
            <nite:child href="Bro026.C.segs.xml#id(Bro026.segment.342)"/>
            <nite:child href="Bro026.B.segs.xml#id(Bro026.segment.343)..id(Bro026.segment.345)"/>
            <nite:child href="Bro026.A.segs.xml#id(Bro026.segment.346)"/>
            <nite:child href="Bro026.B.segs.xml#id(Bro026.segment.347)..id(Bro026.segment.354)"/>
            <nite:child href="Bro026.C.segs.xml#id(Bro026.segment.355)"/>
            <nite:child href="Bro026.B.segs.xml#id(Bro026.segment.356)..id(Bro026.segment.357)"/>
            <nite:child href="Bro026.E.segs.xml#id(Bro026.segment.358)"/>
         </topic>
      </topic>
      <topic nite:id="Bro026.topic.7" description="architectural scheme">
         <nite:child href="Bro026.B.segs.xml#id(Bro026.segment.359)..id(Bro026.segment.361)"/>
         <nite:child href="Bro026.A.segs.xml#id(Bro026.segment.362)"/>
         <nite:child href="Bro026.B.segs.xml#id(Bro026.segment.363)"/>
         <nite:child href="Bro026.A.segs.xml#id(Bro026.segment.364)..id(Bro026.segment.366)"/>
         <nite:child href="Bro026.B.segs.xml#id(Bro026.segment.367)..id(Bro026.segment.370)"/>
         <nite:child href="Bro026.A.segs.xml#id(Bro026.segment.371)"/>
         <nite:child href="Bro026.B.segs.xml#id(Bro026.segment.372)"/>
         <nite:child href="Bro026.A.segs.xml#id(Bro026.segment.373)"/>
         <nite:child href="Bro026.B.segs.xml#id(Bro026.segment.374)"/>
         <nite:child href="Bro026.A.segs.xml#id(Bro026.segment.375)"/>
         <nite:child href="Bro026.B.segs.xml#id(Bro026.segment.376)..id(Bro026.segment.377)"/>
         <nite:child href="Bro026.A.segs.xml#id(Bro026.segment.378)"/>
         <nite:child href="Bro026.B.segs.xml#id(Bro026.segment.379)..id(Bro026.segment.381)"/>
         <nite:child href="Bro026.A.segs.xml#id(Bro026.segment.382)"/>
         <nite:child href="Bro026.B.segs.xml#id(Bro026.segment.383)"/>
         <nite:child href="Bro026.A.segs.xml#id(Bro026.segment.384)"/>
         <nite:child href="Bro026.B.segs.xml#id(Bro026.segment.385)..id(Bro026.segment.386)"/>
         <nite:child href="Bro026.A.segs.xml#id(Bro026.segment.387)"/>
         <nite:child href="Bro026.B.segs.xml#id(Bro026.segment.388)"/>
         <nite:child href="Bro026.A.segs.xml#id(Bro026.segment.389)"/>
         <nite:child href="Bro026.B.segs.xml#id(Bro026.segment.390)"/>
         <nite:child href="Bro026.A.segs.xml#id(Bro026.segment.391)"/>
         <nite:child href="Bro026.B.segs.xml#id(Bro026.segment.392)"/>
         <nite:child href="Bro026.A.segs.xml#id(Bro026.segment.393)..id(Bro026.segment.396)"/>
         <nite:child href="Bro026.B.segs.xml#id(Bro026.segment.397)"/>
         <nite:child href="Bro026.A.segs.xml#id(Bro026.segment.398)"/>
         <nite:child href="Bro026.C.segs.xml#id(Bro026.segment.399)"/>
         <nite:child href="Bro026.B.segs.xml#id(Bro026.segment.400)"/>
         <nite:child href="Bro026.A.segs.xml#id(Bro026.segment.401)..id(Bro026.segment.408)"/>
         <nite:child href="Bro026.B.segs.xml#id(Bro026.segment.409)"/>
         <nite:child href="Bro026.A.segs.xml#id(Bro026.segment.410)"/>
         <nite:child href="Bro026.B.segs.xml#id(Bro026.segment.411)"/>
         <nite:child href="Bro026.A.segs.xml#id(Bro026.segment.412)"/>
         <nite:child href="Bro026.B.segs.xml#id(Bro026.segment.413)..id(Bro026.segment.415)"/>
         <topic nite:id="Bro026.topic.8" description="components needing modification">
            <nite:child href="Bro026.B.segs.xml#id(Bro026.segment.416)..id(Bro026.segment.432)"/>
            <nite:child href="Bro026.C.segs.xml#id(Bro026.segment.433)"/>
            <nite:child href="Bro026.B.segs.xml#id(Bro026.segment.434)"/>
            <nite:child href="Bro026.E.segs.xml#id(Bro026.segment.435)"/>
            <nite:child href="Bro026.B.segs.xml#id(Bro026.segment.436)"/>
            <nite:child href="Bro026.E.segs.xml#id(Bro026.segment.437)"/>
            <nite:child href="Bro026.B.segs.xml#id(Bro026.segment.438)..id(Bro026.segment.440)"/>
         </topic>
      </topic>
      <nite:child href="Bro026.B.segs.xml#id(Bro026.segment.441)"/>
      <nite:child href="Bro026.E.segs.xml#id(Bro026.segment.442)"/>
      <nite:child href="Bro026.B.segs.xml#id(Bro026.segment.443)..id(Bro026.segment.450)"/>
      <nite:child href="Bro026.E.segs.xml#id(Bro026.segment.451)"/>
      <nite:child href="Bro026.B.segs.xml#id(Bro026.segment.452)..id(Bro026.segment.458)"/>
      <nite:child href="Bro026.E.segs.xml#id(Bro026.segment.459)"/>
      <nite:child href="Bro026.B.segs.xml#id(Bro026.segment.460)..id(Bro026.segment.461)"/>
      <topic nite:id="Bro026.topic.9" description="system performance, comparison with other systems">
         <nite:child href="Bro026.E.segs.xml#id(Bro026.segment.462)"/>
         <nite:child href="Bro026.A.segs.xml#id(Bro026.segment.463)"/>
         <nite:child href="Bro026.E.segs.xml#id(Bro026.segment.464)"/>
         <nite:child href="Bro026.A.segs.xml#id(Bro026.segment.465)"/>
         <nite:child href="Bro026.E.segs.xml#id(Bro026.segment.466)"/>
         <nite:child href="Bro026.D.segs.xml#id(Bro026.segment.467)"/>
         <nite:child href="Bro026.A.segs.xml#id(Bro026.segment.468)..id(Bro026.segment.469)"/>
         <nite:child href="Bro026.E.segs.xml#id(Bro026.segment.470)"/>
         <nite:child href="Bro026.B.segs.xml#id(Bro026.segment.471)..id(Bro026.segment.472)"/>
         <nite:child href="Bro026.A.segs.xml#id(Bro026.segment.473)"/>
         <nite:child href="Bro026.B.segs.xml#id(Bro026.segment.474)"/>
         <nite:child href="Bro026.E.segs.xml#id(Bro026.segment.475)"/>
         <nite:child href="Bro026.B.segs.xml#id(Bro026.segment.476)..id(Bro026.segment.479)"/>
         <nite:child href="Bro026.A.segs.xml#id(Bro026.segment.480)"/>
         <nite:child href="Bro026.C.segs.xml#id(Bro026.segment.481)"/>
         <nite:child href="Bro026.B.segs.xml#id(Bro026.segment.482)..id(Bro026.segment.483)"/>
         <nite:child href="Bro026.D.segs.xml#id(Bro026.segment.484)..id(Bro026.segment.485)"/>
         <nite:child href="Bro026.B.segs.xml#id(Bro026.segment.486)..id(Bro026.segment.487)"/>
         <nite:child href="Bro026.A.segs.xml#id(Bro026.segment.488)"/>
         <nite:child href="Bro026.B.segs.xml#id(Bro026.segment.489)"/>
         <nite:child href="Bro026.A.segs.xml#id(Bro026.segment.490)"/>
         <nite:child href="Bro026.D.segs.xml#id(Bro026.segment.491)"/>
         <nite:child href="Bro026.B.segs.xml#id(Bro026.segment.492)"/>
         <nite:child href="Bro026.D.segs.xml#id(Bro026.segment.493)"/>
         <nite:child href="Bro026.A.segs.xml#id(Bro026.segment.494)"/>
         <nite:child href="Bro026.D.segs.xml#id(Bro026.segment.495)"/>
         <nite:child href="Bro026.B.segs.xml#id(Bro026.segment.496)"/>
         <nite:child href="Bro026.E.segs.xml#id(Bro026.segment.497)..id(Bro026.segment.498)"/>
         <nite:child href="Bro026.B.segs.xml#id(Bro026.segment.499)..id(Bro026.segment.504)"/>
         <nite:child href="Bro026.E.segs.xml#id(Bro026.segment.505)..id(Bro026.segment.506)"/>
         <nite:child href="Bro026.B.segs.xml#id(Bro026.segment.507)"/>
         <nite:child href="Bro026.E.segs.xml#id(Bro026.segment.508)"/>
         <nite:child href="Bro026.B.segs.xml#id(Bro026.segment.509)..id(Bro026.segment.510)"/>
         <nite:child href="Bro026.C.segs.xml#id(Bro026.segment.511)"/>
         <nite:child href="Bro026.B.segs.xml#id(Bro026.segment.512)"/>
         <nite:child href="Bro026.E.segs.xml#id(Bro026.segment.513)..id(Bro026.segment.514)"/>
         <nite:child href="Bro026.B.segs.xml#id(Bro026.segment.515)..id(Bro026.segment.516)"/>
         <nite:child href="Bro026.E.segs.xml#id(Bro026.segment.517)"/>
         <nite:child href="Bro026.A.segs.xml#id(Bro026.segment.518)"/>
         <nite:child href="Bro026.B.segs.xml#id(Bro026.segment.519)"/>
         <nite:child href="Bro026.A.segs.xml#id(Bro026.segment.520)"/>
         <nite:child href="Bro026.D.segs.xml#id(Bro026.segment.521)"/>
         <nite:child href="Bro026.A.segs.xml#id(Bro026.segment.522)"/>
         <nite:child href="Bro026.D.segs.xml#id(Bro026.segment.524)"/>
         <nite:child href="Bro026.B.segs.xml#id(Bro026.segment.523)"/>
         <nite:child href="Bro026.D.segs.xml#id(Bro026.segment.525)"/>
         <nite:child href="Bro026.A.segs.xml#id(Bro026.segment.526)"/>
         <nite:child href="Bro026.D.segs.xml#id(Bro026.segment.527)"/>
         <nite:child href="Bro026.A.segs.xml#id(Bro026.segment.528)"/>
         <nite:child href="Bro026.E.segs.xml#id(Bro026.segment.529)"/>
         <nite:child href="Bro026.B.segs.xml#id(Bro026.segment.530)"/>
         <nite:child href="Bro026.E.segs.xml#id(Bro026.segment.531)"/>
         <nite:child href="Bro026.A.segs.xml#id(Bro026.segment.532)"/>
         <nite:child href="Bro026.D.segs.xml#id(Bro026.segment.533)"/>
         <nite:child href="Bro026.E.segs.xml#id(Bro026.segment.534)"/>
         <nite:child href="Bro026.B.segs.xml#id(Bro026.segment.535)..id(Bro026.segment.537)"/>
         <nite:child href="Bro026.E.segs.xml#id(Bro026.segment.538)..id(Bro026.segment.539)"/>
         <nite:child href="Bro026.B.segs.xml#id(Bro026.segment.540)"/>
         <nite:child href="Bro026.E.segs.xml#id(Bro026.segment.541)"/>
         <nite:child href="Bro026.B.segs.xml#id(Bro026.segment.542)"/>
         <nite:child href="Bro026.E.segs.xml#id(Bro026.segment.543)"/>
         <topic nite:id="Bro026.topic.10" description="normalization, downsampling">
            <nite:child href="Bro026.B.segs.xml#id(Bro026.segment.544)"/>
            <nite:child href="Bro026.E.segs.xml#id(Bro026.segment.545)"/>
            <nite:child href="Bro026.B.segs.xml#id(Bro026.segment.546)..id(Bro026.segment.548)"/>
            <nite:child href="Bro026.A.segs.xml#id(Bro026.segment.549)"/>
            <nite:child href="Bro026.B.segs.xml#id(Bro026.segment.550)..id(Bro026.segment.552)"/>
            <nite:child href="Bro026.A.segs.xml#id(Bro026.segment.553)"/>
            <nite:child href="Bro026.B.segs.xml#id(Bro026.segment.554)..id(Bro026.segment.557)"/>
            <nite:child href="Bro026.E.segs.xml#id(Bro026.segment.558)"/>
            <nite:child href="Bro026.B.segs.xml#id(Bro026.segment.559)..id(Bro026.segment.560)"/>
            <nite:child href="Bro026.C.segs.xml#id(Bro026.segment.562)"/>
            <nite:child href="Bro026.B.segs.xml#id(Bro026.segment.561)"/>
            <nite:child href="Bro026.E.segs.xml#id(Bro026.segment.563)"/>
            <nite:child href="Bro026.B.segs.xml#id(Bro026.segment.564)"/>
            <nite:child href="Bro026.C.segs.xml#id(Bro026.segment.565)"/>
            <nite:child href="Bro026.E.segs.xml#id(Bro026.segment.566)..id(Bro026.segment.567)"/>
            <nite:child href="Bro026.B.segs.xml#id(Bro026.segment.568)"/>
            <nite:child href="Bro026.E.segs.xml#id(Bro026.segment.569)..id(Bro026.segment.571)"/>
            <nite:child href="Bro026.B.segs.xml#id(Bro026.segment.572)"/>
            <nite:child href="Bro026.A.segs.xml#id(Bro026.segment.573)"/>
            <nite:child href="Bro026.E.segs.xml#id(Bro026.segment.574)..id(Bro026.segment.575)"/>
            <nite:child href="Bro026.B.segs.xml#id(Bro026.segment.576)"/>
            <nite:child href="Bro026.A.segs.xml#id(Bro026.segment.577)..id(Bro026.segment.578)"/>
            <nite:child href="Bro026.E.segs.xml#id(Bro026.segment.579)"/>
            <nite:child href="Bro026.B.segs.xml#id(Bro026.segment.580)..id(Bro026.segment.582)"/>
            <nite:child href="Bro026.E.segs.xml#id(Bro026.segment.583)..id(Bro026.segment.584)"/>
            <nite:child href="Bro026.B.segs.xml#id(Bro026.segment.585)..id(Bro026.segment.590)"/>
            <nite:child href="Bro026.E.segs.xml#id(Bro026.segment.591)"/>
            <nite:child href="Bro026.B.segs.xml#id(Bro026.segment.592)..id(Bro026.segment.593)"/>
         </topic>
         <topic nite:id="Bro026.topic.11" description="mel spectrum, normalization issues">
            <nite:child href="Bro026.E.segs.xml#id(Bro026.segment.594)..id(Bro026.segment.596)"/>
            <nite:child href="Bro026.B.segs.xml#id(Bro026.segment.597)..id(Bro026.segment.601)"/>
            <nite:child href="Bro026.C.segs.xml#id(Bro026.segment.602)"/>
            <nite:child href="Bro026.E.segs.xml#id(Bro026.segment.603)"/>
            <nite:child href="Bro026.B.segs.xml#id(Bro026.segment.604)..id(Bro026.segment.607)"/>
            <nite:child href="Bro026.D.segs.xml#id(Bro026.segment.608)"/>
            <nite:child href="Bro026.B.segs.xml#id(Bro026.segment.609)..id(Bro026.segment.611)"/>
            <nite:child href="Bro026.A.segs.xml#id(Bro026.segment.612)"/>
            <nite:child href="Bro026.B.segs.xml#id(Bro026.segment.613)..id(Bro026.segment.617)"/>
            <nite:child href="Bro026.A.segs.xml#id(Bro026.segment.618)"/>
            <nite:child href="Bro026.B.segs.xml#id(Bro026.segment.619)..id(Bro026.segment.621)"/>
            <nite:child href="Bro026.D.segs.xml#id(Bro026.segment.622)"/>
            <nite:child href="Bro026.C.segs.xml#id(Bro026.segment.623)"/>
            <nite:child href="Bro026.D.segs.xml#id(Bro026.segment.624)..id(Bro026.segment.625)"/>
            <nite:child href="Bro026.C.segs.xml#id(Bro026.segment.626)"/>
            <nite:child href="Bro026.D.segs.xml#id(Bro026.segment.627)"/>
            <nite:child href="Bro026.B.segs.xml#id(Bro026.segment.628)"/>
            <nite:child href="Bro026.D.segs.xml#id(Bro026.segment.629)"/>
            <nite:child href="Bro026.B.segs.xml#id(Bro026.segment.630)..id(Bro026.segment.638)"/>
            <nite:child href="Bro026.E.segs.xml#id(Bro026.segment.639)"/>
            <nite:child href="Bro026.B.segs.xml#id(Bro026.segment.640)"/>
            <nite:child href="Bro026.D.segs.xml#id(Bro026.segment.641)"/>
            <nite:child href="Bro026.B.segs.xml#id(Bro026.segment.642)..id(Bro026.segment.643)"/>
            <nite:child href="Bro026.C.segs.xml#id(Bro026.segment.644)"/>
            <nite:child href="Bro026.B.segs.xml#id(Bro026.segment.645)..id(Bro026.segment.652)"/>
         </topic>
      </topic>
      <nite:child href="Bro026.E.segs.xml#id(Bro026.segment.653)..id(Bro026.segment.654)"/>
      <nite:child href="Bro026.C.segs.xml#id(Bro026.segment.655)"/>
      <nite:child href="Bro026.B.segs.xml#id(Bro026.segment.656)"/>
      <nite:child href="Bro026.C.segs.xml#id(Bro026.segment.657)"/>
      <nite:child href="Bro026.E.segs.xml#id(Bro026.segment.658)"/>
      <nite:child href="Bro026.B.segs.xml#id(Bro026.segment.659)"/>
      <nite:child href="Bro026.E.segs.xml#id(Bro026.segment.660)"/>
      <nite:child href="Bro026.B.segs.xml#id(Bro026.segment.661)"/>
      <nite:child href="Bro026.E.segs.xml#id(Bro026.segment.662)"/>
      <nite:child href="Bro026.B.segs.xml#id(Bro026.segment.663)"/>
      <nite:child href="Bro026.C.segs.xml#id(Bro026.segment.664)"/>
      <nite:child href="Bro026.D.segs.xml#id(Bro026.segment.665)"/>
      <nite:child href="Bro026.C.segs.xml#id(Bro026.segment.666)"/>
      <nite:child href="Bro026.D.segs.xml#id(Bro026.segment.667)"/>
      <nite:child href="Bro026.C.segs.xml#id(Bro026.segment.668)..id(Bro026.segment.670)"/>
      <nite:child href="Bro026.B.segs.xml#id(Bro026.segment.669)"/>
      <nite:child href="Bro026.A.segs.xml#id(Bro026.segment.671)..id(Bro026.segment.672)"/>
      <nite:child href="Bro026.D.segs.xml#id(Bro026.segment.673)"/>
      <nite:child href="Bro026.A.segs.xml#id(Bro026.segment.674)..id(Bro026.segment.677)"/>
      <topic nite:id="Bro026.topic.12" description="handset, storage issues">
         <nite:child href="Bro026.C.segs.xml#id(Bro026.segment.678)..id(Bro026.segment.680)"/>
         <nite:child href="Bro026.A.segs.xml#id(Bro026.segment.681)..id(Bro026.segment.682)"/>
         <nite:child href="Bro026.C.segs.xml#id(Bro026.segment.683)"/>
         <nite:child href="Bro026.D.segs.xml#id(Bro026.segment.684)..id(Bro026.segment.685)"/>
         <nite:child href="Bro026.A.segs.xml#id(Bro026.segment.686)"/>
         <nite:child href="Bro026.D.segs.xml#id(Bro026.segment.688)"/>
         <nite:child href="Bro026.A.segs.xml#id(Bro026.segment.687)"/>
         <nite:child href="Bro026.B.segs.xml#id(Bro026.segment.689)"/>
         <nite:child href="Bro026.C.segs.xml#id(Bro026.segment.690)"/>
         <nite:child href="Bro026.D.segs.xml#id(Bro026.segment.691)"/>
         <nite:child href="Bro026.B.segs.xml#id(Bro026.segment.692)"/>
         <nite:child href="Bro026.C.segs.xml#id(Bro026.segment.693)"/>
         <nite:child href="Bro026.B.segs.xml#id(Bro026.segment.694)"/>
         <nite:child href="Bro026.D.segs.xml#id(Bro026.segment.695)"/>
         <nite:child href="Bro026.B.segs.xml#id(Bro026.segment.696)..id(Bro026.segment.700)"/>
         <nite:child href="Bro026.C.segs.xml#id(Bro026.segment.701)"/>
         <nite:child href="Bro026.B.segs.xml#id(Bro026.segment.702)"/>
         <nite:child href="Bro026.C.segs.xml#id(Bro026.segment.703)"/>
         <nite:child href="Bro026.B.segs.xml#id(Bro026.segment.704)"/>
         <nite:child href="Bro026.C.segs.xml#id(Bro026.segment.705)..id(Bro026.segment.706)"/>
         <nite:child href="Bro026.B.segs.xml#id(Bro026.segment.707)"/>
         <nite:child href="Bro026.C.segs.xml#id(Bro026.segment.708)..id(Bro026.segment.710)"/>
         <nite:child href="Bro026.B.segs.xml#id(Bro026.segment.711)"/>
         <nite:child href="Bro026.C.segs.xml#id(Bro026.segment.712)..id(Bro026.segment.714)"/>
         <nite:child href="Bro026.B.segs.xml#id(Bro026.segment.713)"/>
         <nite:child href="Bro026.C.segs.xml#id(Bro026.segment.715)"/>
         <nite:child href="Bro026.B.segs.xml#id(Bro026.segment.716)"/>
         <nite:child href="Bro026.D.segs.xml#id(Bro026.segment.717)"/>
         <nite:child href="Bro026.B.segs.xml#id(Bro026.segment.718)..id(Bro026.segment.719)"/>
         <nite:child href="Bro026.C.segs.xml#id(Bro026.segment.720)"/>
         <nite:child href="Bro026.B.segs.xml#id(Bro026.segment.721)..id(Bro026.segment.723)"/>
         <nite:child href="Bro026.C.segs.xml#id(Bro026.segment.724)"/>
         <nite:child href="Bro026.B.segs.xml#id(Bro026.segment.725)..id(Bro026.segment.726)"/>
         <nite:child href="Bro026.C.segs.xml#id(Bro026.segment.727)"/>
         <nite:child href="Bro026.B.segs.xml#id(Bro026.segment.728)"/>
         <nite:child href="Bro026.C.segs.xml#id(Bro026.segment.729)"/>
         <nite:child href="Bro026.B.segs.xml#id(Bro026.segment.730)..id(Bro026.segment.735)"/>
         <nite:child href="Bro026.C.segs.xml#id(Bro026.segment.736)"/>
      </topic>
      <nite:child href="Bro026.B.segs.xml#id(Bro026.segment.737)"/>
      <nite:child href="Bro026.C.segs.xml#id(Bro026.segment.738)"/>
      <nite:child href="Bro026.B.segs.xml#id(Bro026.segment.739)..id(Bro026.segment.741)"/>
      <nite:child href="Bro026.E.segs.xml#id(Bro026.segment.742)"/>
      <nite:child href="Bro026.C.segs.xml#id(Bro026.segment.743)"/>
      <nite:child href="Bro026.E.segs.xml#id(Bro026.segment.744)..id(Bro026.segment.746)"/>
      <nite:child href="Bro026.B.segs.xml#id(Bro026.segment.747)..id(Bro026.segment.748)"/>
      <nite:child href="Bro026.E.segs.xml#id(Bro026.segment.749)"/>
      <nite:child href="Bro026.B.segs.xml#id(Bro026.segment.750)"/>
      <nite:child href="Bro026.C.segs.xml#id(Bro026.segment.751)"/>
      <nite:child href="Bro026.B.segs.xml#id(Bro026.segment.752)..id(Bro026.segment.755)"/>
      <nite:child href="Bro026.C.segs.xml#id(Bro026.segment.756)"/>
      <nite:child href="Bro026.B.segs.xml#id(Bro026.segment.757)..id(Bro026.segment.759)"/>
      <nite:child href="Bro026.D.segs.xml#id(Bro026.segment.761)"/>
      <nite:child href="Bro026.B.segs.xml#id(Bro026.segment.760)"/>
      <nite:child href="Bro026.D.segs.xml#id(Bro026.segment.762)..id(Bro026.segment.764)"/>
      <nite:child href="Bro026.A.segs.xml#id(Bro026.segment.765)"/>
      <nite:child href="Bro026.D.segs.xml#id(Bro026.segment.766)"/>
      <nite:child href="Bro026.A.segs.xml#id(Bro026.segment.767)"/>
      <nite:child href="Bro026.D.segs.xml#id(Bro026.segment.768)"/>
      <nite:child href="Bro026.A.segs.xml#id(Bro026.segment.769)..id(Bro026.segment.770)"/>
      <nite:child href="Bro026.D.segs.xml#id(Bro026.segment.771)"/>
      <nite:child href="Bro026.C.segs.xml#id(Bro026.segment.772)"/>
      <nite:child href="Bro026.D.segs.xml#id(Bro026.segment.773)..id(Bro026.segment.774)"/>
      <nite:child href="Bro026.A.segs.xml#id(Bro026.segment.775)"/>
      <nite:child href="Bro026.D.segs.xml#id(Bro026.segment.776)"/>
      <nite:child href="Bro026.A.segs.xml#id(Bro026.segment.777)..id(Bro026.segment.778)"/>
   </topic>
   <topic nite:id="Bro026.topic.13" description="Wall Street Journal feature net evaluation">
      <nite:child href="Bro026.E.segs.xml#id(Bro026.segment.779)"/>
      <nite:child href="Bro026.C.segs.xml#id(Bro026.segment.780)"/>
      <nite:child href="Bro026.E.segs.xml#id(Bro026.segment.781)..id(Bro026.segment.782)"/>
      <nite:child href="Bro026.A.segs.xml#id(Bro026.segment.783)"/>
      <nite:child href="Bro026.B.segs.xml#id(Bro026.segment.784)..id(Bro026.segment.790)"/>
      <nite:child href="Bro026.A.segs.xml#id(Bro026.segment.791)"/>
      <nite:child href="Bro026.E.segs.xml#id(Bro026.segment.792)..id(Bro026.segment.793)"/>
      <nite:child href="Bro026.B.segs.xml#id(Bro026.segment.794)..id(Bro026.segment.797)"/>
      <nite:child href="Bro026.E.segs.xml#id(Bro026.segment.798)..id(Bro026.segment.799)"/>
      <topic nite:id="Bro026.topic.18" description="collaboration, interaction with OGI">
         <nite:child href="Bro026.E.segs.xml#id(Bro026.segment.800)..id(Bro026.segment.801)"/>
         <nite:child href="Bro026.C.segs.xml#id(Bro026.segment.802)"/>
         <nite:child href="Bro026.E.segs.xml#id(Bro026.segment.803)"/>
         <nite:child href="Bro026.C.segs.xml#id(Bro026.segment.804)"/>
         <nite:child href="Bro026.E.segs.xml#id(Bro026.segment.805)"/>
         <nite:child href="Bro026.D.segs.xml#id(Bro026.segment.806)..id(Bro026.segment.807)"/>
         <nite:child href="Bro026.E.segs.xml#id(Bro026.segment.808)"/>
         <nite:child href="Bro026.D.segs.xml#id(Bro026.segment.809)"/>
         <nite:child href="Bro026.B.segs.xml#id(Bro026.segment.810)"/>
         <nite:child href="Bro026.D.segs.xml#id(Bro026.segment.811)"/>
         <nite:child href="Bro026.C.segs.xml#id(Bro026.segment.813)"/>
         <nite:child href="Bro026.E.segs.xml#id(Bro026.segment.812)"/>
         <nite:child href="Bro026.D.segs.xml#id(Bro026.segment.814)..id(Bro026.segment.817)"/>
         <nite:child href="Bro026.C.segs.xml#id(Bro026.segment.818)"/>
         <nite:child href="Bro026.B.segs.xml#id(Bro026.segment.819)"/>
         <nite:child href="Bro026.E.segs.xml#id(Bro026.segment.820)"/>
         <nite:child href="Bro026.B.segs.xml#id(Bro026.segment.821)..id(Bro026.segment.822)"/>
         <nite:child href="Bro026.D.segs.xml#id(Bro026.segment.823)"/>
         <nite:child href="Bro026.E.segs.xml#id(Bro026.segment.824)"/>
         <nite:child href="Bro026.D.segs.xml#id(Bro026.segment.825)"/>
         <nite:child href="Bro026.E.segs.xml#id(Bro026.segment.826)..id(Bro026.segment.828)"/>
         <nite:child href="Bro026.B.segs.xml#id(Bro026.segment.829)..id(Bro026.segment.831)"/>
         <nite:child href="Bro026.E.segs.xml#id(Bro026.segment.832)"/>
         <nite:child href="Bro026.B.segs.xml#id(Bro026.segment.833)"/>
         <nite:child href="Bro026.E.segs.xml#id(Bro026.segment.834)"/>
         <nite:child href="Bro026.B.segs.xml#id(Bro026.segment.835)"/>
         <nite:child href="Bro026.C.segs.xml#id(Bro026.segment.837)"/>
         <nite:child href="Bro026.B.segs.xml#id(Bro026.segment.836)..id(Bro026.segment.838)"/>
         <nite:child href="Bro026.E.segs.xml#id(Bro026.segment.839)"/>
         <nite:child href="Bro026.B.segs.xml#id(Bro026.segment.840)"/>
         <nite:child href="Bro026.D.segs.xml#id(Bro026.segment.841)"/>
         <nite:child href="Bro026.C.segs.xml#id(Bro026.segment.842)"/>
         <nite:child href="Bro026.D.segs.xml#id(Bro026.segment.843)"/>
         <nite:child href="Bro026.E.segs.xml#id(Bro026.segment.844)"/>
         <nite:child href="Bro026.D.segs.xml#id(Bro026.segment.845)..id(Bro026.segment.848)"/>
         <nite:child href="Bro026.E.segs.xml#id(Bro026.segment.849)..id(Bro026.segment.850)"/>
         <nite:child href="Bro026.D.segs.xml#id(Bro026.segment.851)..id(Bro026.segment.852)"/>
         <nite:child href="Bro026.E.segs.xml#id(Bro026.segment.853)"/>
         <nite:child href="Bro026.D.segs.xml#id(Bro026.segment.854)..id(Bro026.segment.855)"/>
         <nite:child href="Bro026.E.segs.xml#id(Bro026.segment.856)..id(Bro026.segment.857)"/>
         <nite:child href="Bro026.D.segs.xml#id(Bro026.segment.858)..id(Bro026.segment.859)"/>
         <nite:child href="Bro026.B.segs.xml#id(Bro026.segment.860)..id(Bro026.segment.865)"/>
         <nite:child href="Bro026.E.segs.xml#id(Bro026.segment.866)"/>
         <nite:child href="Bro026.B.segs.xml#id(Bro026.segment.867)..id(Bro026.segment.872)"/>
         <nite:child href="Bro026.E.segs.xml#id(Bro026.segment.871)"/>
         <nite:child href="Bro026.B.segs.xml#id(Bro026.segment.873)..id(Bro026.segment.875)"/>
         <nite:child href="Bro026.E.segs.xml#id(Bro026.segment.876)"/>
         <nite:child href="Bro026.B.segs.xml#id(Bro026.segment.877)"/>
         <nite:child href="Bro026.E.segs.xml#id(Bro026.segment.878)..id(Bro026.segment.879)"/>
         <nite:child href="Bro026.B.segs.xml#id(Bro026.segment.880)..id(Bro026.segment.882)"/>
         <nite:child href="Bro026.E.segs.xml#id(Bro026.segment.883)"/>
         <nite:child href="Bro026.B.segs.xml#id(Bro026.segment.884)..id(Bro026.segment.895)"/>
         <nite:child href="Bro026.E.segs.xml#id(Bro026.segment.896)"/>
         <nite:child href="Bro026.B.segs.xml#id(Bro026.segment.897)"/>
         <nite:child href="Bro026.E.segs.xml#id(Bro026.segment.898)"/>
         <nite:child href="Bro026.B.segs.xml#id(Bro026.segment.899)..id(Bro026.segment.902)"/>
         <nite:child href="Bro026.C.segs.xml#id(Bro026.segment.903)"/>
         <nite:child href="Bro026.E.segs.xml#id(Bro026.segment.904)"/>
         <nite:child href="Bro026.C.segs.xml#id(Bro026.segment.905)"/>
         <nite:child href="Bro026.B.segs.xml#id(Bro026.segment.906)"/>
         <nite:child href="Bro026.E.segs.xml#id(Bro026.segment.907)"/>
         <nite:child href="Bro026.B.segs.xml#id(Bro026.segment.908)..id(Bro026.segment.910)"/>
         <nite:child href="Bro026.E.segs.xml#id(Bro026.segment.911)"/>
         <nite:child href="Bro026.B.segs.xml#id(Bro026.segment.912)..id(Bro026.segment.913)"/>
         <nite:child href="Bro026.E.segs.xml#id(Bro026.segment.914)"/>
         <nite:child href="Bro026.B.segs.xml#id(Bro026.segment.915)"/>
         <nite:child href="Bro026.D.segs.xml#id(Bro026.segment.916)"/>
         <nite:child href="Bro026.E.segs.xml#id(Bro026.segment.917)"/>
         <nite:child href="Bro026.D.segs.xml#id(Bro026.segment.918)"/>
         <nite:child href="Bro026.E.segs.xml#id(Bro026.segment.919)"/>
         <nite:child href="Bro026.B.segs.xml#id(Bro026.segment.920)..id(Bro026.segment.922)"/>
         <nite:child href="Bro026.A.segs.xml#id(Bro026.segment.923)"/>
         <nite:child href="Bro026.C.segs.xml#id(Bro026.segment.924)"/>
         <nite:child href="Bro026.B.segs.xml#id(Bro026.segment.925)..id(Bro026.segment.932)"/>
         <nite:child href="Bro026.E.segs.xml#id(Bro026.segment.933)"/>
         <nite:child href="Bro026.B.segs.xml#id(Bro026.segment.934)..id(Bro026.segment.935)"/>
         <nite:child href="Bro026.E.segs.xml#id(Bro026.segment.936)"/>
         <nite:child href="Bro026.B.segs.xml#id(Bro026.segment.937)"/>
         <nite:child href="Bro026.E.segs.xml#id(Bro026.segment.938)..id(Bro026.segment.939)"/>
         <nite:child href="Bro026.B.segs.xml#id(Bro026.segment.940)"/>
         <nite:child href="Bro026.E.segs.xml#id(Bro026.segment.941)"/>
         <nite:child href="Bro026.B.segs.xml#id(Bro026.segment.942)"/>
         <nite:child href="Bro026.E.segs.xml#id(Bro026.segment.943)"/>
         <nite:child href="Bro026.B.segs.xml#id(Bro026.segment.944)..id(Bro026.segment.946)"/>
         <nite:child href="Bro026.C.segs.xml#id(Bro026.segment.947)"/>
         <nite:child href="Bro026.B.segs.xml#id(Bro026.segment.948)"/>
         <nite:child href="Bro026.D.segs.xml#id(Bro026.segment.949)"/>
         <nite:child href="Bro026.C.segs.xml#id(Bro026.segment.950)"/>
         <nite:child href="Bro026.B.segs.xml#id(Bro026.segment.951)"/>
         <nite:child href="Bro026.E.segs.xml#id(Bro026.segment.952)"/>
         <nite:child href="Bro026.B.segs.xml#id(Bro026.segment.953)..id(Bro026.segment.955)"/>
         <nite:child href="Bro026.E.segs.xml#id(Bro026.segment.956)"/>
         <nite:child href="Bro026.B.segs.xml#id(Bro026.segment.957)..id(Bro026.segment.960)"/>
         <nite:child href="Bro026.C.segs.xml#id(Bro026.segment.961)"/>
         <nite:child href="Bro026.B.segs.xml#id(Bro026.segment.962)..id(Bro026.segment.963)"/>
         <nite:child href="Bro026.E.segs.xml#id(Bro026.segment.964)..id(Bro026.segment.966)"/>
         <nite:child href="Bro026.B.segs.xml#id(Bro026.segment.967)"/>
         <nite:child href="Bro026.E.segs.xml#id(Bro026.segment.968)"/>
         <nite:child href="Bro026.B.segs.xml#id(Bro026.segment.969)"/>
         <nite:child href="Bro026.E.segs.xml#id(Bro026.segment.970)"/>
         <nite:child href="Bro026.B.segs.xml#id(Bro026.segment.971)"/>
         <nite:child href="Bro026.C.segs.xml#id(Bro026.segment.972)"/>
         <nite:child href="Bro026.B.segs.xml#id(Bro026.segment.973)..id(Bro026.segment.975)"/>
         <nite:child href="Bro026.C.segs.xml#id(Bro026.segment.976)"/>
         <nite:child href="Bro026.B.segs.xml#id(Bro026.segment.977)"/>
      </topic>
      <topic nite:id="Bro026.topic.15" description="training, testing issues">
         <nite:child href="Bro026.E.segs.xml#id(Bro026.segment.978)..id(Bro026.segment.979)"/>
         <nite:child href="Bro026.B.segs.xml#id(Bro026.segment.980)"/>
         <nite:child href="Bro026.E.segs.xml#id(Bro026.segment.981)"/>
         <nite:child href="Bro026.B.segs.xml#id(Bro026.segment.982)"/>
         <nite:child href="Bro026.E.segs.xml#id(Bro026.segment.983)"/>
         <nite:child href="Bro026.B.segs.xml#id(Bro026.segment.984)..id(Bro026.segment.985)"/>
         <nite:child href="Bro026.C.segs.xml#id(Bro026.segment.986)"/>
         <nite:child href="Bro026.B.segs.xml#id(Bro026.segment.987)..id(Bro026.segment.988)"/>
         <nite:child href="Bro026.E.segs.xml#id(Bro026.segment.989)..id(Bro026.segment.990)"/>
         <nite:child href="Bro026.B.segs.xml#id(Bro026.segment.991)..id(Bro026.segment.994)"/>
         <nite:child href="Bro026.D.segs.xml#id(Bro026.segment.995)"/>
         <nite:child href="Bro026.B.segs.xml#id(Bro026.segment.996)"/>
         <nite:child href="Bro026.A.segs.xml#id(Bro026.segment.997)"/>
         <nite:child href="Bro026.D.segs.xml#id(Bro026.segment.998)"/>
         <nite:child href="Bro026.A.segs.xml#id(Bro026.segment.999)"/>
         <nite:child href="Bro026.C.segs.xml#id(Bro026.segment.1,000)"/>
         <nite:child href="Bro026.D.segs.xml#id(Bro026.segment.1,001)"/>
         <nite:child href="Bro026.A.segs.xml#id(Bro026.segment.1,002)"/>
         <nite:child href="Bro026.B.segs.xml#id(Bro026.segment.1,003)"/>
         <nite:child href="Bro026.A.segs.xml#id(Bro026.segment.1,004)"/>
         <nite:child href="Bro026.D.segs.xml#id(Bro026.segment.1,005)..id(Bro026.segment.1,006)"/>
         <nite:child href="Bro026.C.segs.xml#id(Bro026.segment.1,007)"/>
         <nite:child href="Bro026.A.segs.xml#id(Bro026.segment.1,009)"/>
         <nite:child href="Bro026.B.segs.xml#id(Bro026.segment.1,008)"/>
         <nite:child href="Bro026.D.segs.xml#id(Bro026.segment.1,010)"/>
         <nite:child href="Bro026.A.segs.xml#id(Bro026.segment.1,011)..id(Bro026.segment.1,013)"/>
         <nite:child href="Bro026.B.segs.xml#id(Bro026.segment.1,014)"/>
         <nite:child href="Bro026.A.segs.xml#id(Bro026.segment.1,015)..id(Bro026.segment.1,017)"/>
         <nite:child href="Bro026.B.segs.xml#id(Bro026.segment.1,018)..id(Bro026.segment.1,025)"/>
         <nite:child href="Bro026.E.segs.xml#id(Bro026.segment.1,027)"/>
      </topic>
      <topic nite:id="Bro026.topic.16" description="download version, scripts details">
         <nite:child href="Bro026.B.segs.xml#id(Bro026.segment.1,026)"/>
         <nite:child href="Bro026.E.segs.xml#id(Bro026.segment.1,028)"/>
         <nite:child href="Bro026.C.segs.xml#id(Bro026.segment.1,029)"/>
         <nite:child href="Bro026.D.segs.xml#id(Bro026.segment.1,030)..id(Bro026.segment.1,032)"/>
         <nite:child href="Bro026.E.segs.xml#id(Bro026.segment.1,033)"/>
         <nite:child href="Bro026.D.segs.xml#id(Bro026.segment.1,034)"/>
         <nite:child href="Bro026.E.segs.xml#id(Bro026.segment.1,035)"/>
         <nite:child href="Bro026.D.segs.xml#id(Bro026.segment.1,036)..id(Bro026.segment.1,037)"/>
         <nite:child href="Bro026.E.segs.xml#id(Bro026.segment.1,038)"/>
         <nite:child href="Bro026.D.segs.xml#id(Bro026.segment.1,039)..id(Bro026.segment.1,040)"/>
         <nite:child href="Bro026.B.segs.xml#id(Bro026.segment.1,041)"/>
         <nite:child href="Bro026.D.segs.xml#id(Bro026.segment.1,042)"/>
         <nite:child href="Bro026.C.segs.xml#id(Bro026.segment.1,043)"/>
         <nite:child href="Bro026.D.segs.xml#id(Bro026.segment.1,044)"/>
         <nite:child href="Bro026.C.segs.xml#id(Bro026.segment.1,045)"/>
         <nite:child href="Bro026.B.segs.xml#id(Bro026.segment.1,046)..id(Bro026.segment.1,048)"/>
         <nite:child href="Bro026.C.segs.xml#id(Bro026.segment.1,049)"/>
         <nite:child href="Bro026.B.segs.xml#id(Bro026.segment.1,050)"/>
         <nite:child href="Bro026.C.segs.xml#id(Bro026.segment.1,051)..id(Bro026.segment.1,052)"/>
         <nite:child href="Bro026.B.segs.xml#id(Bro026.segment.1,053)"/>
         <nite:child href="Bro026.D.segs.xml#id(Bro026.segment.1,054)"/>
         <nite:child href="Bro026.C.segs.xml#id(Bro026.segment.1,055)"/>
         <nite:child href="Bro026.B.segs.xml#id(Bro026.segment.1,056)..id(Bro026.segment.1,057)"/>
         <nite:child href="Bro026.D.segs.xml#id(Bro026.segment.1,058)"/>
         <nite:child href="Bro026.C.segs.xml#id(Bro026.segment.1,059)"/>
         <nite:child href="Bro026.E.segs.xml#id(Bro026.segment.1,060)..id(Bro026.segment.1,064)"/>
         <nite:child href="Bro026.D.segs.xml#id(Bro026.segment.1,065)"/>
         <nite:child href="Bro026.E.segs.xml#id(Bro026.segment.1,066)"/>
         <nite:child href="Bro026.D.segs.xml#id(Bro026.segment.1,067)..id(Bro026.segment.1,068)"/>
         <nite:child href="Bro026.C.segs.xml#id(Bro026.segment.1,069)"/>
         <nite:child href="Bro026.E.segs.xml#id(Bro026.segment.1,070)"/>
         <nite:child href="Bro026.D.segs.xml#id(Bro026.segment.1,071)"/>
         <nite:child href="Bro026.E.segs.xml#id(Bro026.segment.1,072)"/>
         <nite:child href="Bro026.D.segs.xml#id(Bro026.segment.1,073)"/>
         <nite:child href="Bro026.E.segs.xml#id(Bro026.segment.1,075)"/>
         <nite:child href="Bro026.D.segs.xml#id(Bro026.segment.1,074)"/>
         <nite:child href="Bro026.E.segs.xml#id(Bro026.segment.1,076)"/>
         <nite:child href="Bro026.B.segs.xml#id(Bro026.segment.1,077)"/>
         <nite:child href="Bro026.C.segs.xml#id(Bro026.segment.1,078)"/>
         <nite:child href="Bro026.B.segs.xml#id(Bro026.segment.1,079)..id(Bro026.segment.1,080)"/>
         <nite:child href="Bro026.E.segs.xml#id(Bro026.segment.1,081)"/>
         <nite:child href="Bro026.B.segs.xml#id(Bro026.segment.1,082)..id(Bro026.segment.1,084)"/>
         <nite:child href="Bro026.E.segs.xml#id(Bro026.segment.1,085)"/>
         <nite:child href="Bro026.C.segs.xml#id(Bro026.segment.1,086)"/>
      </topic>
      <topic nite:id="Bro026.topic.17" description="mailing lists, correspondence archive">
         <nite:child href="Bro026.D.segs.xml#id(Bro026.segment.1,087)"/>
         <nite:child href="Bro026.C.segs.xml#id(Bro026.segment.1,088)"/>
         <nite:child href="Bro026.D.segs.xml#id(Bro026.segment.1,089)"/>
         <nite:child href="Bro026.B.segs.xml#id(Bro026.segment.1,091)"/>
         <nite:child href="Bro026.D.segs.xml#id(Bro026.segment.1,090)"/>
         <nite:child href="Bro026.E.segs.xml#id(Bro026.segment.1,092)"/>
         <nite:child href="Bro026.D.segs.xml#id(Bro026.segment.1,093)..id(Bro026.segment.1,095)"/>
         <nite:child href="Bro026.E.segs.xml#id(Bro026.segment.1,096)"/>
         <nite:child href="Bro026.D.segs.xml#id(Bro026.segment.1,097)"/>
         <nite:child href="Bro026.E.segs.xml#id(Bro026.segment.1,098)"/>
         <nite:child href="Bro026.D.segs.xml#id(Bro026.segment.1,099)"/>
         <nite:child href="Bro026.C.segs.xml#id(Bro026.segment.1,100)"/>
         <nite:child href="Bro026.D.segs.xml#id(Bro026.segment.1,101)"/>
         <nite:child href="Bro026.B.segs.xml#id(Bro026.segment.1,102)"/>
         <nite:child href="Bro026.E.segs.xml#id(Bro026.segment.1,103)"/>
         <nite:child href="Bro026.C.segs.xml#id(Bro026.segment.1,104)"/>
         <nite:child href="Bro026.E.segs.xml#id(Bro026.segment.1,105)"/>
         <nite:child href="Bro026.B.segs.xml#id(Bro026.segment.1,106)"/>
         <nite:child href="Bro026.E.segs.xml#id(Bro026.segment.1,107)"/>
         <nite:child href="Bro026.B.segs.xml#id(Bro026.segment.1,108)"/>
         <nite:child href="Bro026.E.segs.xml#id(Bro026.segment.1,109)"/>
         <nite:child href="Bro026.B.segs.xml#id(Bro026.segment.1,110)"/>
         <nite:child href="Bro026.C.segs.xml#id(Bro026.segment.1,111)"/>
         <nite:child href="Bro026.B.segs.xml#id(Bro026.segment.1,112)"/>
         <nite:child href="Bro026.E.segs.xml#id(Bro026.segment.1,113)..id(Bro026.segment.1,114)"/>
         <nite:child href="Bro026.B.segs.xml#id(Bro026.segment.1,115)"/>
         <nite:child href="Bro026.D.segs.xml#id(Bro026.segment.1,116)"/>
         <nite:child href="Bro026.B.segs.xml#id(Bro026.segment.1,117)..id(Bro026.segment.1,118)"/>
         <nite:child href="Bro026.C.segs.xml#id(Bro026.segment.1,119)..id(Bro026.segment.1,120)"/>
         <nite:child href="Bro026.D.segs.xml#id(Bro026.segment.1,121)..id(Bro026.segment.1,122)"/>
         <nite:child href="Bro026.B.segs.xml#id(Bro026.segment.1,124)"/>
         <nite:child href="Bro026.D.segs.xml#id(Bro026.segment.1,123)..id(Bro026.segment.1,126)"/>
         <nite:child href="Bro026.C.segs.xml#id(Bro026.segment.1,127)"/>
         <nite:child href="Bro026.D.segs.xml#id(Bro026.segment.1,129)"/>
         <nite:child href="Bro026.E.segs.xml#id(Bro026.segment.1,128)"/>
         <nite:child href="Bro026.D.segs.xml#id(Bro026.segment.1,130)"/>
         <nite:child href="Bro026.E.segs.xml#id(Bro026.segment.1,131)..id(Bro026.segment.1,132)"/>
         <nite:child href="Bro026.D.segs.xml#id(Bro026.segment.1,133)..id(Bro026.segment.1,134)"/>
         <nite:child href="Bro026.C.segs.xml#id(Bro026.segment.1,135)"/>
         <nite:child href="Bro026.B.segs.xml#id(Bro026.segment.1,136)"/>
      </topic>
      <nite:child href="Bro026.B.segs.xml#id(Bro026.segment.1,137)..id(Bro026.segment.1,138)"/>
      <nite:child href="Bro026.A.segs.xml#id(Bro026.segment.1,139)..id(Bro026.segment.1,144)"/>
      <nite:child href="Bro026.B.segs.xml#id(Bro026.segment.1,145)..id(Bro026.segment.1,146)"/>
      <nite:child href="Bro026.A.segs.xml#id(Bro026.segment.1,147)..id(Bro026.segment.1,148)"/>
      <nite:child href="Bro026.B.segs.xml#id(Bro026.segment.1,149)"/>
      <nite:child href="Bro026.A.segs.xml#id(Bro026.segment.1,150)..id(Bro026.segment.1,152)"/>
      <nite:child href="Bro026.B.segs.xml#id(Bro026.segment.1,153)"/>
      <nite:child href="Bro026.A.segs.xml#id(Bro026.segment.1,154)..id(Bro026.segment.1,155)"/>
      <nite:child href="Bro026.B.segs.xml#id(Bro026.segment.1,156)"/>
   </topic>
   <topic nite:id="Bro026.topic.19" description="report from Barry, data clustering">
      <nite:child href="Bro026.B.segs.xml#id(Bro026.segment.1,157)..id(Bro026.segment.1,158)"/>
      <nite:child href="Bro026.C.segs.xml#id(Bro026.segment.1,159)..id(Bro026.segment.1,168)"/>
      <nite:child href="Bro026.B.segs.xml#id(Bro026.segment.1,169)"/>
      <nite:child href="Bro026.C.segs.xml#id(Bro026.segment.1,170)"/>
      <topic nite:id="Bro026.topic.20" description="TRAPS, Sangita's work">
         <nite:child href="Bro026.C.segs.xml#id(Bro026.segment.1,171)..id(Bro026.segment.1,172)"/>
         <nite:child href="Bro026.B.segs.xml#id(Bro026.segment.1,173)"/>
         <nite:child href="Bro026.C.segs.xml#id(Bro026.segment.1,174)..id(Bro026.segment.1,178)"/>
         <nite:child href="Bro026.B.segs.xml#id(Bro026.segment.1,179)"/>
         <nite:child href="Bro026.C.segs.xml#id(Bro026.segment.1,180)..id(Bro026.segment.1,187)"/>
         <nite:child href="Bro026.E.segs.xml#id(Bro026.segment.1,188)"/>
         <nite:child href="Bro026.C.segs.xml#id(Bro026.segment.1,189)"/>
         <nite:child href="Bro026.E.segs.xml#id(Bro026.segment.1,190)"/>
         <nite:child href="Bro026.C.segs.xml#id(Bro026.segment.1,191)"/>
         <nite:child href="Bro026.E.segs.xml#id(Bro026.segment.1,192)"/>
         <nite:child href="Bro026.C.segs.xml#id(Bro026.segment.1,193)..id(Bro026.segment.1,194)"/>
         <nite:child href="Bro026.E.segs.xml#id(Bro026.segment.1,195)"/>
         <nite:child href="Bro026.C.segs.xml#id(Bro026.segment.1,196)..id(Bro026.segment.1,198)"/>
         <nite:child href="Bro026.E.segs.xml#id(Bro026.segment.1,199)"/>
         <nite:child href="Bro026.C.segs.xml#id(Bro026.segment.1,200)..id(Bro026.segment.1,202)"/>
         <nite:child href="Bro026.B.segs.xml#id(Bro026.segment.1,203)"/>
         <nite:child href="Bro026.C.segs.xml#id(Bro026.segment.1,204)..id(Bro026.segment.1,205)"/>
      </topic>
      <nite:child href="Bro026.C.segs.xml#id(Bro026.segment.1,206)..id(Bro026.segment.1,213)"/>
      <nite:child href="Bro026.E.segs.xml#id(Bro026.segment.1,214)"/>
      <nite:child href="Bro026.C.segs.xml#id(Bro026.segment.1,215)"/>
      <nite:child href="Bro026.E.segs.xml#id(Bro026.segment.1,216)"/>
      <nite:child href="Bro026.C.segs.xml#id(Bro026.segment.1,217)..id(Bro026.segment.1,219)"/>
      <topic nite:id="Bro026.topic.21" description="narrow band, categorization issues">
         <nite:child href="Bro026.B.segs.xml#id(Bro026.segment.1,220)"/>
         <nite:child href="Bro026.E.segs.xml#id(Bro026.segment.1,221)"/>
         <nite:child href="Bro026.C.segs.xml#id(Bro026.segment.1,222)..id(Bro026.segment.1,225)"/>
         <nite:child href="Bro026.B.segs.xml#id(Bro026.segment.1,226)"/>
         <nite:child href="Bro026.C.segs.xml#id(Bro026.segment.1,227)..id(Bro026.segment.1,229)"/>
         <nite:child href="Bro026.B.segs.xml#id(Bro026.segment.1,230)..id(Bro026.segment.1,231)"/>
         <nite:child href="Bro026.C.segs.xml#id(Bro026.segment.1,232)"/>
         <nite:child href="Bro026.B.segs.xml#id(Bro026.segment.1,233)"/>
         <nite:child href="Bro026.C.segs.xml#id(Bro026.segment.1,234)"/>
         <nite:child href="Bro026.B.segs.xml#id(Bro026.segment.1,235)..id(Bro026.segment.1,237)"/>
         <nite:child href="Bro026.C.segs.xml#id(Bro026.segment.1,238)"/>
         <nite:child href="Bro026.B.segs.xml#id(Bro026.segment.1,239)"/>
         <nite:child href="Bro026.C.segs.xml#id(Bro026.segment.1,240)"/>
         <nite:child href="Bro026.B.segs.xml#id(Bro026.segment.1,241)..id(Bro026.segment.1,246)"/>
         <nite:child href="Bro026.C.segs.xml#id(Bro026.segment.1,247)"/>
         <nite:child href="Bro026.B.segs.xml#id(Bro026.segment.1,248)..id(Bro026.segment.1,253)"/>
         <nite:child href="Bro026.C.segs.xml#id(Bro026.segment.1,254)"/>
         <nite:child href="Bro026.B.segs.xml#id(Bro026.segment.1,255)..id(Bro026.segment.1,261)"/>
         <nite:child href="Bro026.C.segs.xml#id(Bro026.segment.1,262)"/>
         <nite:child href="Bro026.B.segs.xml#id(Bro026.segment.1,263)..id(Bro026.segment.1,264)"/>
         <nite:child href="Bro026.C.segs.xml#id(Bro026.segment.1,265)"/>
         <nite:child href="Bro026.B.segs.xml#id(Bro026.segment.1,266)..id(Bro026.segment.1,268)"/>
         <nite:child href="Bro026.C.segs.xml#id(Bro026.segment.1,269)"/>
         <nite:child href="Bro026.B.segs.xml#id(Bro026.segment.1,270)..id(Bro026.segment.1,274)"/>
         <nite:child href="Bro026.C.segs.xml#id(Bro026.segment.1,275)"/>
         <nite:child href="Bro026.B.segs.xml#id(Bro026.segment.1,276)..id(Bro026.segment.1,277)"/>
         <nite:child href="Bro026.C.segs.xml#id(Bro026.segment.1,278)"/>
         <nite:child href="Bro026.B.segs.xml#id(Bro026.segment.1,279)..id(Bro026.segment.1,281)"/>
         <nite:child href="Bro026.C.segs.xml#id(Bro026.segment.1,282)"/>
         <nite:child href="Bro026.B.segs.xml#id(Bro026.segment.1,283)..id(Bro026.segment.1,286)"/>
         <nite:child href="Bro026.C.segs.xml#id(Bro026.segment.1,287)"/>
         <nite:child href="Bro026.B.segs.xml#id(Bro026.segment.1,288)"/>
         <nite:child href="Bro026.C.segs.xml#id(Bro026.segment.1,289)"/>
         <nite:child href="Bro026.B.segs.xml#id(Bro026.segment.1,290)..id(Bro026.segment.1,292)"/>
         <nite:child href="Bro026.C.segs.xml#id(Bro026.segment.1,293)"/>
         <nite:child href="Bro026.B.segs.xml#id(Bro026.segment.1,294)..id(Bro026.segment.1,296)"/>
         <nite:child href="Bro026.C.segs.xml#id(Bro026.segment.1,297)"/>
         <nite:child href="Bro026.E.segs.xml#id(Bro026.segment.1,298)"/>
         <nite:child href="Bro026.D.segs.xml#id(Bro026.segment.1,299)"/>
         <nite:child href="Bro026.C.segs.xml#id(Bro026.segment.1,300)"/>
         <nite:child href="Bro026.B.segs.xml#id(Bro026.segment.1,301)"/>
         <nite:child href="Bro026.C.segs.xml#id(Bro026.segment.1,302)"/>
         <nite:child href="Bro026.B.segs.xml#id(Bro026.segment.1,303)"/>
         <nite:child href="Bro026.E.segs.xml#id(Bro026.segment.1,304)"/>
         <nite:child href="Bro026.B.segs.xml#id(Bro026.segment.1,305)"/>
         <nite:child href="Bro026.C.segs.xml#id(Bro026.segment.1,306)"/>
         <nite:child href="Bro026.D.segs.xml#id(Bro026.segment.1,307)"/>
         <nite:child href="Bro026.E.segs.xml#id(Bro026.segment.1,308)..id(Bro026.segment.1,312)"/>
         <nite:child href="Bro026.B.segs.xml#id(Bro026.segment.1,313)"/>
         <nite:child href="Bro026.E.segs.xml#id(Bro026.segment.1,314)..id(Bro026.segment.1,316)"/>
         <nite:child href="Bro026.B.segs.xml#id(Bro026.segment.1,317)"/>
         <nite:child href="Bro026.E.segs.xml#id(Bro026.segment.1,318)"/>
         <nite:child href="Bro026.B.segs.xml#id(Bro026.segment.1,319)..id(Bro026.segment.1,320)"/>
         <nite:child href="Bro026.E.segs.xml#id(Bro026.segment.1,321)"/>
         <nite:child href="Bro026.B.segs.xml#id(Bro026.segment.1,322)"/>
         <nite:child href="Bro026.E.segs.xml#id(Bro026.segment.1,323)"/>
         <nite:child href="Bro026.C.segs.xml#id(Bro026.segment.1,324)"/>
         <nite:child href="Bro026.B.segs.xml#id(Bro026.segment.1,325)"/>
         <nite:child href="Bro026.C.segs.xml#id(Bro026.segment.1,326)"/>
         <nite:child href="Bro026.B.segs.xml#id(Bro026.segment.1,327)..id(Bro026.segment.1,330)"/>
         <nite:child href="Bro026.E.segs.xml#id(Bro026.segment.1,331)"/>
         <nite:child href="Bro026.B.segs.xml#id(Bro026.segment.1,332)"/>
         <nite:child href="Bro026.D.segs.xml#id(Bro026.segment.1,333)"/>
         <nite:child href="Bro026.E.segs.xml#id(Bro026.segment.1,334)..id(Bro026.segment.1,335)"/>
         <nite:child href="Bro026.B.segs.xml#id(Bro026.segment.1,336)"/>
         <nite:child href="Bro026.E.segs.xml#id(Bro026.segment.1,337)"/>
         <nite:child href="Bro026.B.segs.xml#id(Bro026.segment.1,338)"/>
         <nite:child href="Bro026.E.segs.xml#id(Bro026.segment.1,339)"/>
         <nite:child href="Bro026.B.segs.xml#id(Bro026.segment.1,340)"/>
         <nite:child href="Bro026.C.segs.xml#id(Bro026.segment.1,341)"/>
         <nite:child href="Bro026.B.segs.xml#id(Bro026.segment.1,342)"/>
         <nite:child href="Bro026.C.segs.xml#id(Bro026.segment.1,343)"/>
         <nite:child href="Bro026.B.segs.xml#id(Bro026.segment.1,344)"/>
         <nite:child href="Bro026.E.segs.xml#id(Bro026.segment.1,345)"/>
         <nite:child href="Bro026.B.segs.xml#id(Bro026.segment.1,346)..id(Bro026.segment.1,348)"/>
         <nite:child href="Bro026.E.segs.xml#id(Bro026.segment.1,349)..id(Bro026.segment.1,354)"/>
         <nite:child href="Bro026.B.segs.xml#id(Bro026.segment.1,355)..id(Bro026.segment.1,356)"/>
         <nite:child href="Bro026.E.segs.xml#id(Bro026.segment.1,357)"/>
         <nite:child href="Bro026.B.segs.xml#id(Bro026.segment.1,358)"/>
         <nite:child href="Bro026.E.segs.xml#id(Bro026.segment.1,359)"/>
         <nite:child href="Bro026.B.segs.xml#id(Bro026.segment.1,360)..id(Bro026.segment.1,363)"/>
         <nite:child href="Bro026.E.segs.xml#id(Bro026.segment.1,364)..id(Bro026.segment.1,365)"/>
         <nite:child href="Bro026.B.segs.xml#id(Bro026.segment.1,366)"/>
         <nite:child href="Bro026.E.segs.xml#id(Bro026.segment.1,367)"/>
         <nite:child href="Bro026.B.segs.xml#id(Bro026.segment.1,368)"/>
         <nite:child href="Bro026.E.segs.xml#id(Bro026.segment.1,369)..id(Bro026.segment.1,370)"/>
         <nite:child href="Bro026.B.segs.xml#id(Bro026.segment.1,371)"/>
         <nite:child href="Bro026.E.segs.xml#id(Bro026.segment.1,372)"/>
         <nite:child href="Bro026.B.segs.xml#id(Bro026.segment.1,373)"/>
         <nite:child href="Bro026.E.segs.xml#id(Bro026.segment.1,374)"/>
         <nite:child href="Bro026.B.segs.xml#id(Bro026.segment.1,375)"/>
         <nite:child href="Bro026.E.segs.xml#id(Bro026.segment.1,376)..id(Bro026.segment.1,377)"/>
         <nite:child href="Bro026.B.segs.xml#id(Bro026.segment.1,378)..id(Bro026.segment.1,379)"/>
         <nite:child href="Bro026.E.segs.xml#id(Bro026.segment.1,380)"/>
         <nite:child href="Bro026.B.segs.xml#id(Bro026.segment.1,381)"/>
         <nite:child href="Bro026.E.segs.xml#id(Bro026.segment.1,382)"/>
         <nite:child href="Bro026.C.segs.xml#id(Bro026.segment.1,383)"/>
         <nite:child href="Bro026.E.segs.xml#id(Bro026.segment.1,384)..id(Bro026.segment.1,385)"/>
         <nite:child href="Bro026.B.segs.xml#id(Bro026.segment.1,386)"/>
         <nite:child href="Bro026.E.segs.xml#id(Bro026.segment.1,387)"/>
         <nite:child href="Bro026.C.segs.xml#id(Bro026.segment.1,389)"/>
         <nite:child href="Bro026.B.segs.xml#id(Bro026.segment.1,388)"/>
         <nite:child href="Bro026.E.segs.xml#id(Bro026.segment.1,390)"/>
         <nite:child href="Bro026.B.segs.xml#id(Bro026.segment.1,391)"/>
         <nite:child href="Bro026.E.segs.xml#id(Bro026.segment.1,392)..id(Bro026.segment.1,394)"/>
         <nite:child href="Bro026.B.segs.xml#id(Bro026.segment.1,395)..id(Bro026.segment.1,396)"/>
         <nite:child href="Bro026.D.segs.xml#id(Bro026.segment.1,397)"/>
         <nite:child href="Bro026.B.segs.xml#id(Bro026.segment.1,398)"/>
         <nite:child href="Bro026.E.segs.xml#id(Bro026.segment.1,399)"/>
         <nite:child href="Bro026.B.segs.xml#id(Bro026.segment.1,400)"/>
         <nite:child href="Bro026.E.segs.xml#id(Bro026.segment.1,401)"/>
         <nite:child href="Bro026.B.segs.xml#id(Bro026.segment.1,402)"/>
         <nite:child href="Bro026.E.segs.xml#id(Bro026.segment.1,403)"/>
         <nite:child href="Bro026.B.segs.xml#id(Bro026.segment.1,404)..id(Bro026.segment.1,406)"/>
         <nite:child href="Bro026.E.segs.xml#id(Bro026.segment.1,407)..id(Bro026.segment.1,408)"/>
         <nite:child href="Bro026.B.segs.xml#id(Bro026.segment.1,409)"/>
         <nite:child href="Bro026.E.segs.xml#id(Bro026.segment.1,410)..id(Bro026.segment.1,412)"/>
         <nite:child href="Bro026.B.segs.xml#id(Bro026.segment.1,413)"/>
         <nite:child href="Bro026.E.segs.xml#id(Bro026.segment.1,414)..id(Bro026.segment.1,415)"/>
         <nite:child href="Bro026.C.segs.xml#id(Bro026.segment.1,416)"/>
         <nite:child href="Bro026.E.segs.xml#id(Bro026.segment.1,417)"/>
         <nite:child href="Bro026.B.segs.xml#id(Bro026.segment.1,418)"/>
      </topic>
      <topic nite:id="Bro026.topic.22" description="implicatons of added noise">
         <nite:child href="Bro026.B.segs.xml#id(Bro026.segment.1,419)..id(Bro026.segment.1,422)"/>
         <nite:child href="Bro026.C.segs.xml#id(Bro026.segment.1,423)"/>
         <nite:child href="Bro026.B.segs.xml#id(Bro026.segment.1,424)..id(Bro026.segment.1,426)"/>
         <nite:child href="Bro026.C.segs.xml#id(Bro026.segment.1,427)"/>
         <nite:child href="Bro026.B.segs.xml#id(Bro026.segment.1,428)..id(Bro026.segment.1,429)"/>
         <nite:child href="Bro026.E.segs.xml#id(Bro026.segment.1,430)..id(Bro026.segment.1,431)"/>
         <nite:child href="Bro026.B.segs.xml#id(Bro026.segment.1,432)..id(Bro026.segment.1,433)"/>
         <nite:child href="Bro026.C.segs.xml#id(Bro026.segment.1,434)"/>
         <nite:child href="Bro026.B.segs.xml#id(Bro026.segment.1,435)..id(Bro026.segment.1,436)"/>
         <nite:child href="Bro026.E.segs.xml#id(Bro026.segment.1,437)"/>
         <nite:child href="Bro026.B.segs.xml#id(Bro026.segment.1,438)"/>
         <nite:child href="Bro026.C.segs.xml#id(Bro026.segment.1,439)"/>
         <nite:child href="Bro026.B.segs.xml#id(Bro026.segment.1,440)"/>
         <nite:child href="Bro026.A.segs.xml#id(Bro026.segment.1,441)"/>
         <nite:child href="Bro026.B.segs.xml#id(Bro026.segment.1,442)"/>
         <nite:child href="Bro026.E.segs.xml#id(Bro026.segment.1,443)"/>
         <nite:child href="Bro026.B.segs.xml#id(Bro026.segment.1,444)..id(Bro026.segment.1,447)"/>
         <nite:child href="Bro026.D.segs.xml#id(Bro026.segment.1,448)"/>
         <nite:child href="Bro026.B.segs.xml#id(Bro026.segment.1,449)"/>
      </topic>
   </topic>
   <topic nite:id="Bro026.topic.23" description="closing">
      <nite:child href="Bro026.B.segs.xml#id(Bro026.segment.1,450)"/>
      <nite:child href="Bro026.E.segs.xml#id(Bro026.segment.1,451)"/>
      <nite:child href="Bro026.B.segs.xml#id(Bro026.segment.1,452)"/>
      <nite:child href="Bro026.E.segs.xml#id(Bro026.segment.1,453)"/>
      <topic nite:id="Bro026.topic.24" description="digit task">
         <nite:child href="Bro026.B.segs.xml#id(Bro026.segment.1,454)"/>
         <nite:child href="Bro026.D.segs.xml#id(Bro026.segment.1,455)"/>
         <nite:child href="Bro026.C.segs.xml#id(Bro026.segment.1,456)"/>
         <nite:child href="Bro026.B.segs.xml#id(Bro026.segment.1,457)"/>
         <nite:child href="Bro026.E.segs.xml#id(Bro026.segment.1,458)"/>
         <nite:child href="Bro026.C.segs.xml#id(Bro026.segment.1,459)"/>
         <nite:child href="Bro026.B.segs.xml#id(Bro026.segment.1,460)"/>
         <nite:child href="Bro026.C.segs.xml#id(Bro026.segment.1,461)..id(Bro026.segment.1,462)"/>
         <nite:child href="Bro026.A.segs.xml#id(Bro026.segment.1,463)..id(Bro026.segment.1,471)"/>
         <nite:child href="Bro026.E.segs.xml#id(Bro026.segment.1,472)"/>
         <nite:child href="Bro026.D.segs.xml#id(Bro026.segment.1,473)"/>
         <nite:child href="Bro026.E.segs.xml#id(Bro026.segment.1,474)..id(Bro026.segment.1,476)"/>
         <nite:child href="Bro026.C.segs.xml#id(Bro026.segment.1,477)"/>
         <nite:child href="Bro026.D.segs.xml#id(Bro026.segment.1,478)"/>
         <nite:child href="Bro026.C.segs.xml#id(Bro026.segment.1,479)"/>
         <nite:child href="Bro026.D.segs.xml#id(Bro026.segment.1,480)"/>
         <nite:child href="Bro026.C.segs.xml#id(Bro026.segment.1,481)"/>
         <nite:child href="Bro026.D.segs.xml#id(Bro026.segment.1,482)..id(Bro026.segment.1,483)"/>
      </topic>
      <nite:child href="Bro026.B.segs.xml#id(Bro026.segment.1,484)"/>
      <nite:child href="Bro026.E.segs.xml#id(Bro026.segment.1,485)"/>
      <nite:child href="Bro026.B.segs.xml#id(Bro026.segment.1,486)..id(Bro026.segment.1,487)"/>
      <nite:child href="Bro026.E.segs.xml#id(Bro026.segment.1,488)"/>
   </topic>
</nite:root>