<?xml version="1.0" encoding="ISO-8859-1" standalone="yes"?>
<nite:root nite:id="Bro017.topic" xmlns:nite="http://nite.sourceforge.net/">
   <topic nite:id="Bro017.topic.1" description="opening">
      <nite:child href="Bro017.B.segs.xml#id(Bro017.segment.1)"/>
      <nite:child href="Bro017.E.segs.xml#id(Bro017.segment.2)..id(Bro017.segment.3)"/>
      <nite:child href="Bro017.B.segs.xml#id(Bro017.segment.4)"/>
      <nite:child href="Bro017.A.segs.xml#id(Bro017.segment.5)"/>
      <nite:child href="Bro017.B.segs.xml#id(Bro017.segment.6)"/>
      <nite:child href="Bro017.E.segs.xml#id(Bro017.segment.7)"/>
      <nite:child href="Bro017.B.segs.xml#id(Bro017.segment.9)"/>
      <nite:child href="Bro017.E.segs.xml#id(Bro017.segment.8)..id(Bro017.segment.10)"/>
      <nite:child href="Bro017.A.segs.xml#id(Bro017.segment.11)"/>
      <nite:child href="Bro017.B.segs.xml#id(Bro017.segment.12)"/>
      <nite:child href="Bro017.A.segs.xml#id(Bro017.segment.13)"/>
      <nite:child href="Bro017.B.segs.xml#id(Bro017.segment.14)"/>
      <nite:child href="Bro017.A.segs.xml#id(Bro017.segment.15)"/>
      <nite:child href="Bro017.E.segs.xml#id(Bro017.segment.16)..id(Bro017.segment.17)"/>
      <nite:child href="Bro017.B.segs.xml#id(Bro017.segment.18)"/>
   </topic>
   <topic nite:id="Bro017.topic.2" description="presentation by Hynek">
      <nite:child href="Bro017.B.segs.xml#id(Bro017.segment.19)"/>
      <nite:child href="Bro017.E.segs.xml#id(Bro017.segment.20)..id(Bro017.segment.21)"/>
      <nite:child href="Bro017.D.segs.xml#id(Bro017.segment.22)"/>
      <nite:child href="Bro017.B.segs.xml#id(Bro017.segment.23)"/>
      <topic nite:id="Bro017.topic.8" description="report on Amsterdam meeting, teleconferencing developments">
         <nite:child href="Bro017.B.segs.xml#id(Bro017.segment.24)"/>
         <nite:child href="Bro017.E.segs.xml#id(Bro017.segment.25)"/>
         <nite:child href="Bro017.B.segs.xml#id(Bro017.segment.26)"/>
         <nite:child href="Bro017.D.segs.xml#id(Bro017.segment.27)"/>
         <nite:child href="Bro017.E.segs.xml#id(Bro017.segment.28)..id(Bro017.segment.29)"/>
         <nite:child href="Bro017.B.segs.xml#id(Bro017.segment.30)..id(Bro017.segment.31)"/>
         <nite:child href="Bro017.E.segs.xml#id(Bro017.segment.32)"/>
         <nite:child href="Bro017.B.segs.xml#id(Bro017.segment.33)..id(Bro017.segment.34)"/>
         <nite:child href="Bro017.E.segs.xml#id(Bro017.segment.35)"/>
         <nite:child href="Bro017.B.segs.xml#id(Bro017.segment.36)"/>
         <nite:child href="Bro017.E.segs.xml#id(Bro017.segment.37)"/>
         <nite:child href="Bro017.B.segs.xml#id(Bro017.segment.38)"/>
         <nite:child href="Bro017.A.segs.xml#id(Bro017.segment.39)"/>
         <nite:child href="Bro017.B.segs.xml#id(Bro017.segment.40)..id(Bro017.segment.41)"/>
         <nite:child href="Bro017.E.segs.xml#id(Bro017.segment.42)..id(Bro017.segment.43)"/>
         <nite:child href="Bro017.B.segs.xml#id(Bro017.segment.44)..id(Bro017.segment.47)"/>
         <nite:child href="Bro017.E.segs.xml#id(Bro017.segment.48)..id(Bro017.segment.49)"/>
         <nite:child href="Bro017.B.segs.xml#id(Bro017.segment.50)..id(Bro017.segment.52)"/>
         <nite:child href="Bro017.E.segs.xml#id(Bro017.segment.53)"/>
         <nite:child href="Bro017.B.segs.xml#id(Bro017.segment.54)"/>
         <nite:child href="Bro017.E.segs.xml#id(Bro017.segment.55)..id(Bro017.segment.56)"/>
         <nite:child href="Bro017.B.segs.xml#id(Bro017.segment.57)..id(Bro017.segment.59)"/>
         <nite:child href="Bro017.E.segs.xml#id(Bro017.segment.60)"/>
         <nite:child href="Bro017.B.segs.xml#id(Bro017.segment.61)"/>
         <nite:child href="Bro017.E.segs.xml#id(Bro017.segment.62)..id(Bro017.segment.64)"/>
         <nite:child href="Bro017.B.segs.xml#id(Bro017.segment.65)..id(Bro017.segment.68)"/>
         <nite:child href="Bro017.E.segs.xml#id(Bro017.segment.69)"/>
         <nite:child href="Bro017.B.segs.xml#id(Bro017.segment.70)"/>
         <nite:child href="Bro017.E.segs.xml#id(Bro017.segment.71)..id(Bro017.segment.73)"/>
         <nite:child href="Bro017.B.segs.xml#id(Bro017.segment.74)..id(Bro017.segment.77)"/>
         <nite:child href="Bro017.E.segs.xml#id(Bro017.segment.78)..id(Bro017.segment.79)"/>
         <nite:child href="Bro017.B.segs.xml#id(Bro017.segment.80)..id(Bro017.segment.83)"/>
         <nite:child href="Bro017.E.segs.xml#id(Bro017.segment.84)"/>
         <nite:child href="Bro017.B.segs.xml#id(Bro017.segment.85)..id(Bro017.segment.87)"/>
         <nite:child href="Bro017.E.segs.xml#id(Bro017.segment.88)..id(Bro017.segment.89)"/>
         <nite:child href="Bro017.A.segs.xml#id(Bro017.segment.90)"/>
         <nite:child href="Bro017.B.segs.xml#id(Bro017.segment.91)..id(Bro017.segment.92)"/>
         <nite:child href="Bro017.E.segs.xml#id(Bro017.segment.93)"/>
         <nite:child href="Bro017.B.segs.xml#id(Bro017.segment.94)"/>
         <nite:child href="Bro017.E.segs.xml#id(Bro017.segment.95)"/>
         <nite:child href="Bro017.B.segs.xml#id(Bro017.segment.96)"/>
         <nite:child href="Bro017.E.segs.xml#id(Bro017.segment.97)..id(Bro017.segment.99)"/>
         <nite:child href="Bro017.B.segs.xml#id(Bro017.segment.100)"/>
         <nite:child href="Bro017.E.segs.xml#id(Bro017.segment.101)"/>
         <nite:child href="Bro017.B.segs.xml#id(Bro017.segment.102)..id(Bro017.segment.105)"/>
         <nite:child href="Bro017.E.segs.xml#id(Bro017.segment.106)"/>
         <nite:child href="Bro017.B.segs.xml#id(Bro017.segment.107)..id(Bro017.segment.108)"/>
         <nite:child href="Bro017.E.segs.xml#id(Bro017.segment.109)"/>
         <nite:child href="Bro017.A.segs.xml#id(Bro017.segment.110)"/>
         <nite:child href="Bro017.B.segs.xml#id(Bro017.segment.111)..id(Bro017.segment.113)"/>
         <nite:child href="Bro017.E.segs.xml#id(Bro017.segment.114)"/>
         <nite:child href="Bro017.B.segs.xml#id(Bro017.segment.115)"/>
         <nite:child href="Bro017.E.segs.xml#id(Bro017.segment.116)..id(Bro017.segment.117)"/>
         <nite:child href="Bro017.B.segs.xml#id(Bro017.segment.118)"/>
         <nite:child href="Bro017.E.segs.xml#id(Bro017.segment.119)"/>
         <nite:child href="Bro017.B.segs.xml#id(Bro017.segment.120)"/>
         <nite:child href="Bro017.E.segs.xml#id(Bro017.segment.121)"/>
      </topic>
      <topic nite:id="Bro017.topic.7" description="setting weighting criteria for different systems">
         <nite:child href="Bro017.E.segs.xml#id(Bro017.segment.122)..id(Bro017.segment.123)"/>
         <nite:child href="Bro017.B.segs.xml#id(Bro017.segment.124)"/>
         <nite:child href="Bro017.E.segs.xml#id(Bro017.segment.125)"/>
         <nite:child href="Bro017.B.segs.xml#id(Bro017.segment.126)"/>
         <nite:child href="Bro017.E.segs.xml#id(Bro017.segment.127)"/>
         <nite:child href="Bro017.B.segs.xml#id(Bro017.segment.128)"/>
         <nite:child href="Bro017.E.segs.xml#id(Bro017.segment.129)"/>
         <nite:child href="Bro017.B.segs.xml#id(Bro017.segment.130)..id(Bro017.segment.131)"/>
         <nite:child href="Bro017.E.segs.xml#id(Bro017.segment.132)"/>
         <nite:child href="Bro017.B.segs.xml#id(Bro017.segment.133)..id(Bro017.segment.134)"/>
         <nite:child href="Bro017.E.segs.xml#id(Bro017.segment.135)"/>
         <nite:child href="Bro017.B.segs.xml#id(Bro017.segment.136)"/>
         <nite:child href="Bro017.E.segs.xml#id(Bro017.segment.137)"/>
         <nite:child href="Bro017.A.segs.xml#id(Bro017.segment.138)"/>
         <nite:child href="Bro017.B.segs.xml#id(Bro017.segment.139)"/>
         <nite:child href="Bro017.A.segs.xml#id(Bro017.segment.140)"/>
         <nite:child href="Bro017.E.segs.xml#id(Bro017.segment.141)"/>
         <nite:child href="Bro017.B.segs.xml#id(Bro017.segment.142)"/>
         <nite:child href="Bro017.E.segs.xml#id(Bro017.segment.143)"/>
         <nite:child href="Bro017.B.segs.xml#id(Bro017.segment.144)"/>
         <nite:child href="Bro017.E.segs.xml#id(Bro017.segment.145)"/>
         <nite:child href="Bro017.B.segs.xml#id(Bro017.segment.146)..id(Bro017.segment.149)"/>
      </topic>
      <topic nite:id="Bro017.topic.3" description="current projects at OGI">
         <nite:child href="Bro017.B.segs.xml#id(Bro017.segment.150)..id(Bro017.segment.156)"/>
         <nite:child href="Bro017.E.segs.xml#id(Bro017.segment.157)"/>
         <nite:child href="Bro017.B.segs.xml#id(Bro017.segment.158)..id(Bro017.segment.161)"/>
         <nite:child href="Bro017.E.segs.xml#id(Bro017.segment.162)"/>
         <nite:child href="Bro017.B.segs.xml#id(Bro017.segment.163)"/>
         <nite:child href="Bro017.E.segs.xml#id(Bro017.segment.164)"/>
         <nite:child href="Bro017.B.segs.xml#id(Bro017.segment.165)"/>
         <nite:child href="Bro017.E.segs.xml#id(Bro017.segment.166)"/>
         <nite:child href="Bro017.B.segs.xml#id(Bro017.segment.167)..id(Bro017.segment.169)"/>
         <nite:child href="Bro017.E.segs.xml#id(Bro017.segment.170)"/>
         <nite:child href="Bro017.B.segs.xml#id(Bro017.segment.171)"/>
         <nite:child href="Bro017.E.segs.xml#id(Bro017.segment.172)"/>
         <nite:child href="Bro017.B.segs.xml#id(Bro017.segment.173)"/>
         <nite:child href="Bro017.E.segs.xml#id(Bro017.segment.174)"/>
         <nite:child href="Bro017.B.segs.xml#id(Bro017.segment.175)..id(Bro017.segment.176)"/>
         <nite:child href="Bro017.E.segs.xml#id(Bro017.segment.177)"/>
         <nite:child href="Bro017.B.segs.xml#id(Bro017.segment.178)"/>
         <nite:child href="Bro017.E.segs.xml#id(Bro017.segment.179)"/>
         <nite:child href="Bro017.A.segs.xml#id(Bro017.segment.180)"/>
         <nite:child href="Bro017.E.segs.xml#id(Bro017.segment.181)"/>
         <nite:child href="Bro017.B.segs.xml#id(Bro017.segment.182)"/>
         <nite:child href="Bro017.E.segs.xml#id(Bro017.segment.183)"/>
         <nite:child href="Bro017.B.segs.xml#id(Bro017.segment.184)"/>
         <nite:child href="Bro017.A.segs.xml#id(Bro017.segment.185)"/>
         <nite:child href="Bro017.E.segs.xml#id(Bro017.segment.186)"/>
         <nite:child href="Bro017.B.segs.xml#id(Bro017.segment.187)"/>
         <nite:child href="Bro017.E.segs.xml#id(Bro017.segment.188)"/>
         <nite:child href="Bro017.B.segs.xml#id(Bro017.segment.189)"/>
         <nite:child href="Bro017.E.segs.xml#id(Bro017.segment.190)"/>
         <nite:child href="Bro017.A.segs.xml#id(Bro017.segment.191)"/>
         <nite:child href="Bro017.B.segs.xml#id(Bro017.segment.192)"/>
         <nite:child href="Bro017.E.segs.xml#id(Bro017.segment.193)"/>
         <nite:child href="Bro017.B.segs.xml#id(Bro017.segment.194)..id(Bro017.segment.195)"/>
         <nite:child href="Bro017.E.segs.xml#id(Bro017.segment.197)"/>
         <nite:child href="Bro017.B.segs.xml#id(Bro017.segment.196)..id(Bro017.segment.203)"/>
         <nite:child href="Bro017.E.segs.xml#id(Bro017.segment.204)"/>
         <topic nite:id="Bro017.topic.4" description="TRAP recognition">
            <nite:child href="Bro017.B.segs.xml#id(Bro017.segment.205)..id(Bro017.segment.206)"/>
            <nite:child href="Bro017.E.segs.xml#id(Bro017.segment.207)"/>
            <nite:child href="Bro017.A.segs.xml#id(Bro017.segment.208)"/>
            <nite:child href="Bro017.B.segs.xml#id(Bro017.segment.209)"/>
            <nite:child href="Bro017.A.segs.xml#id(Bro017.segment.210)"/>
            <nite:child href="Bro017.E.segs.xml#id(Bro017.segment.211)"/>
            <nite:child href="Bro017.B.segs.xml#id(Bro017.segment.212)"/>
            <nite:child href="Bro017.E.segs.xml#id(Bro017.segment.213)"/>
            <nite:child href="Bro017.B.segs.xml#id(Bro017.segment.214)"/>
            <nite:child href="Bro017.E.segs.xml#id(Bro017.segment.215)"/>
            <nite:child href="Bro017.B.segs.xml#id(Bro017.segment.216)..id(Bro017.segment.217)"/>
            <nite:child href="Bro017.E.segs.xml#id(Bro017.segment.218)..id(Bro017.segment.219)"/>
            <nite:child href="Bro017.B.segs.xml#id(Bro017.segment.220)..id(Bro017.segment.221)"/>
            <nite:child href="Bro017.E.segs.xml#id(Bro017.segment.222)"/>
            <nite:child href="Bro017.B.segs.xml#id(Bro017.segment.223)..id(Bro017.segment.226)"/>
            <nite:child href="Bro017.E.segs.xml#id(Bro017.segment.227)"/>
            <nite:child href="Bro017.B.segs.xml#id(Bro017.segment.228)"/>
            <nite:child href="Bro017.E.segs.xml#id(Bro017.segment.229)"/>
            <nite:child href="Bro017.B.segs.xml#id(Bro017.segment.230)"/>
            <nite:child href="Bro017.E.segs.xml#id(Bro017.segment.231)"/>
            <nite:child href="Bro017.B.segs.xml#id(Bro017.segment.232)"/>
            <nite:child href="Bro017.E.segs.xml#id(Bro017.segment.233)"/>
            <nite:child href="Bro017.B.segs.xml#id(Bro017.segment.234)"/>
            <nite:child href="Bro017.E.segs.xml#id(Bro017.segment.235)..id(Bro017.segment.236)"/>
            <nite:child href="Bro017.B.segs.xml#id(Bro017.segment.237)"/>
            <nite:child href="Bro017.E.segs.xml#id(Bro017.segment.238)"/>
            <nite:child href="Bro017.B.segs.xml#id(Bro017.segment.239)"/>
            <nite:child href="Bro017.E.segs.xml#id(Bro017.segment.240)"/>
            <nite:child href="Bro017.B.segs.xml#id(Bro017.segment.241)..id(Bro017.segment.243)"/>
            <nite:child href="Bro017.E.segs.xml#id(Bro017.segment.244)"/>
            <nite:child href="Bro017.A.segs.xml#id(Bro017.segment.245)"/>
            <nite:child href="Bro017.B.segs.xml#id(Bro017.segment.246)..id(Bro017.segment.249)"/>
            <nite:child href="Bro017.E.segs.xml#id(Bro017.segment.250)..id(Bro017.segment.251)"/>
            <nite:child href="Bro017.B.segs.xml#id(Bro017.segment.252)..id(Bro017.segment.253)"/>
            <nite:child href="Bro017.E.segs.xml#id(Bro017.segment.254)"/>
            <nite:child href="Bro017.B.segs.xml#id(Bro017.segment.255)"/>
            <nite:child href="Bro017.E.segs.xml#id(Bro017.segment.256)"/>
            <nite:child href="Bro017.B.segs.xml#id(Bro017.segment.257)..id(Bro017.segment.258)"/>
            <nite:child href="Bro017.E.segs.xml#id(Bro017.segment.259)"/>
            <nite:child href="Bro017.B.segs.xml#id(Bro017.segment.260)"/>
            <nite:child href="Bro017.D.segs.xml#id(Bro017.segment.261)"/>
            <nite:child href="Bro017.B.segs.xml#id(Bro017.segment.262)"/>
            <nite:child href="Bro017.E.segs.xml#id(Bro017.segment.263)"/>
            <nite:child href="Bro017.B.segs.xml#id(Bro017.segment.264)"/>
            <nite:child href="Bro017.E.segs.xml#id(Bro017.segment.265)..id(Bro017.segment.266)"/>
            <nite:child href="Bro017.B.segs.xml#id(Bro017.segment.267)..id(Bro017.segment.268)"/>
            <nite:child href="Bro017.E.segs.xml#id(Bro017.segment.269)"/>
            <nite:child href="Bro017.B.segs.xml#id(Bro017.segment.270)..id(Bro017.segment.272)"/>
            <nite:child href="Bro017.E.segs.xml#id(Bro017.segment.273)..id(Bro017.segment.274)"/>
            <nite:child href="Bro017.B.segs.xml#id(Bro017.segment.275)..id(Bro017.segment.287)"/>
            <nite:child href="Bro017.A.segs.xml#id(Bro017.segment.288)"/>
            <nite:child href="Bro017.E.segs.xml#id(Bro017.segment.289)"/>
            <nite:child href="Bro017.B.segs.xml#id(Bro017.segment.290)..id(Bro017.segment.292)"/>
            <nite:child href="Bro017.E.segs.xml#id(Bro017.segment.293)"/>
            <nite:child href="Bro017.B.segs.xml#id(Bro017.segment.294)"/>
            <nite:child href="Bro017.E.segs.xml#id(Bro017.segment.295)"/>
            <nite:child href="Bro017.B.segs.xml#id(Bro017.segment.296)..id(Bro017.segment.298)"/>
            <nite:child href="Bro017.E.segs.xml#id(Bro017.segment.299)"/>
            <nite:child href="Bro017.B.segs.xml#id(Bro017.segment.300)..id(Bro017.segment.301)"/>
            <nite:child href="Bro017.A.segs.xml#id(Bro017.segment.302)"/>
            <nite:child href="Bro017.B.segs.xml#id(Bro017.segment.303)"/>
            <nite:child href="Bro017.E.segs.xml#id(Bro017.segment.304)..id(Bro017.segment.305)"/>
            <nite:child href="Bro017.B.segs.xml#id(Bro017.segment.306)"/>
            <nite:child href="Bro017.E.segs.xml#id(Bro017.segment.307)"/>
            <nite:child href="Bro017.B.segs.xml#id(Bro017.segment.308)"/>
            <nite:child href="Bro017.A.segs.xml#id(Bro017.segment.309)"/>
            <nite:child href="Bro017.B.segs.xml#id(Bro017.segment.310)..id(Bro017.segment.312)"/>
            <nite:child href="Bro017.C.segs.xml#id(Bro017.segment.313)"/>
            <nite:child href="Bro017.E.segs.xml#id(Bro017.segment.314)"/>
            <nite:child href="Bro017.B.segs.xml#id(Bro017.segment.315)..id(Bro017.segment.316)"/>
            <nite:child href="Bro017.E.segs.xml#id(Bro017.segment.317)"/>
            <nite:child href="Bro017.B.segs.xml#id(Bro017.segment.318)..id(Bro017.segment.319)"/>
            <nite:child href="Bro017.E.segs.xml#id(Bro017.segment.320)"/>
            <nite:child href="Bro017.B.segs.xml#id(Bro017.segment.321)..id(Bro017.segment.325)"/>
            <nite:child href="Bro017.E.segs.xml#id(Bro017.segment.326)"/>
            <nite:child href="Bro017.B.segs.xml#id(Bro017.segment.327)..id(Bro017.segment.328)"/>
            <nite:child href="Bro017.E.segs.xml#id(Bro017.segment.329)"/>
            <nite:child href="Bro017.B.segs.xml#id(Bro017.segment.330)..id(Bro017.segment.334)"/>
            <nite:child href="Bro017.E.segs.xml#id(Bro017.segment.335)"/>
            <nite:child href="Bro017.B.segs.xml#id(Bro017.segment.336)"/>
            <nite:child href="Bro017.E.segs.xml#id(Bro017.segment.337)"/>
            <nite:child href="Bro017.B.segs.xml#id(Bro017.segment.338)"/>
            <nite:child href="Bro017.E.segs.xml#id(Bro017.segment.339)"/>
            <nite:child href="Bro017.B.segs.xml#id(Bro017.segment.340)"/>
            <nite:child href="Bro017.A.segs.xml#id(Bro017.segment.341)"/>
            <nite:child href="Bro017.B.segs.xml#id(Bro017.segment.342)..id(Bro017.segment.344)"/>
            <nite:child href="Bro017.A.segs.xml#id(Bro017.segment.345)"/>
            <nite:child href="Bro017.B.segs.xml#id(Bro017.segment.346)..id(Bro017.segment.347)"/>
            <nite:child href="Bro017.E.segs.xml#id(Bro017.segment.348)..id(Bro017.segment.349)"/>
            <nite:child href="Bro017.B.segs.xml#id(Bro017.segment.350)"/>
            <nite:child href="Bro017.E.segs.xml#id(Bro017.segment.351)"/>
            <nite:child href="Bro017.B.segs.xml#id(Bro017.segment.352)..id(Bro017.segment.353)"/>
            <nite:child href="Bro017.E.segs.xml#id(Bro017.segment.354)"/>
            <nite:child href="Bro017.B.segs.xml#id(Bro017.segment.355)"/>
            <nite:child href="Bro017.E.segs.xml#id(Bro017.segment.356)"/>
            <nite:child href="Bro017.B.segs.xml#id(Bro017.segment.357)"/>
            <nite:child href="Bro017.E.segs.xml#id(Bro017.segment.358)"/>
            <nite:child href="Bro017.B.segs.xml#id(Bro017.segment.359)"/>
            <nite:child href="Bro017.A.segs.xml#id(Bro017.segment.360)"/>
            <nite:child href="Bro017.C.segs.xml#id(Bro017.segment.361)"/>
            <nite:child href="Bro017.B.segs.xml#id(Bro017.segment.362)..id(Bro017.segment.363)"/>
            <nite:child href="Bro017.E.segs.xml#id(Bro017.segment.364)"/>
            <nite:child href="Bro017.B.segs.xml#id(Bro017.segment.365)..id(Bro017.segment.366)"/>
            <nite:child href="Bro017.E.segs.xml#id(Bro017.segment.367)"/>
         </topic>
         <topic nite:id="Bro017.topic.5" description="graduate students, status">
            <nite:child href="Bro017.B.segs.xml#id(Bro017.segment.368)..id(Bro017.segment.370)"/>
            <nite:child href="Bro017.E.segs.xml#id(Bro017.segment.371)"/>
            <nite:child href="Bro017.B.segs.xml#id(Bro017.segment.372)"/>
            <nite:child href="Bro017.E.segs.xml#id(Bro017.segment.373)"/>
            <nite:child href="Bro017.B.segs.xml#id(Bro017.segment.374)"/>
            <nite:child href="Bro017.E.segs.xml#id(Bro017.segment.375)"/>
            <nite:child href="Bro017.B.segs.xml#id(Bro017.segment.376)"/>
            <nite:child href="Bro017.A.segs.xml#id(Bro017.segment.377)"/>
            <nite:child href="Bro017.E.segs.xml#id(Bro017.segment.378)"/>
            <nite:child href="Bro017.D.segs.xml#id(Bro017.segment.379)"/>
            <nite:child href="Bro017.E.segs.xml#id(Bro017.segment.380)"/>
            <nite:child href="Bro017.B.segs.xml#id(Bro017.segment.381)..id(Bro017.segment.382)"/>
            <nite:child href="Bro017.E.segs.xml#id(Bro017.segment.383)"/>
            <nite:child href="Bro017.A.segs.xml#id(Bro017.segment.384)"/>
            <nite:child href="Bro017.B.segs.xml#id(Bro017.segment.385)..id(Bro017.segment.386)"/>
            <nite:child href="Bro017.C.segs.xml#id(Bro017.segment.388)"/>
            <nite:child href="Bro017.B.segs.xml#id(Bro017.segment.387)"/>
            <nite:child href="Bro017.E.segs.xml#id(Bro017.segment.389)"/>
            <nite:child href="Bro017.A.segs.xml#id(Bro017.segment.390)"/>
            <nite:child href="Bro017.D.segs.xml#id(Bro017.segment.391)"/>
            <nite:child href="Bro017.A.segs.xml#id(Bro017.segment.392)"/>
            <nite:child href="Bro017.B.segs.xml#id(Bro017.segment.393)"/>
            <nite:child href="Bro017.A.segs.xml#id(Bro017.segment.394)"/>
            <nite:child href="Bro017.E.segs.xml#id(Bro017.segment.395)..id(Bro017.segment.396)"/>
            <nite:child href="Bro017.B.segs.xml#id(Bro017.segment.397)"/>
            <nite:child href="Bro017.E.segs.xml#id(Bro017.segment.398)"/>
            <nite:child href="Bro017.B.segs.xml#id(Bro017.segment.400)"/>
            <nite:child href="Bro017.E.segs.xml#id(Bro017.segment.399)"/>
            <nite:child href="Bro017.B.segs.xml#id(Bro017.segment.401)..id(Bro017.segment.402)"/>
            <nite:child href="Bro017.A.segs.xml#id(Bro017.segment.403)"/>
            <nite:child href="Bro017.B.segs.xml#id(Bro017.segment.404)..id(Bro017.segment.405)"/>
            <nite:child href="Bro017.E.segs.xml#id(Bro017.segment.406)..id(Bro017.segment.407)"/>
            <nite:child href="Bro017.B.segs.xml#id(Bro017.segment.408)"/>
            <nite:child href="Bro017.E.segs.xml#id(Bro017.segment.409)"/>
            <nite:child href="Bro017.C.segs.xml#id(Bro017.segment.410)"/>
            <nite:child href="Bro017.A.segs.xml#id(Bro017.segment.411)"/>
            <nite:child href="Bro017.B.segs.xml#id(Bro017.segment.412)"/>
            <nite:child href="Bro017.E.segs.xml#id(Bro017.segment.413)"/>
            <nite:child href="Bro017.B.segs.xml#id(Bro017.segment.414)"/>
            <nite:child href="Bro017.E.segs.xml#id(Bro017.segment.415)"/>
            <nite:child href="Bro017.B.segs.xml#id(Bro017.segment.416)"/>
            <nite:child href="Bro017.E.segs.xml#id(Bro017.segment.417)"/>
            <nite:child href="Bro017.B.segs.xml#id(Bro017.segment.418)"/>
            <nite:child href="Bro017.E.segs.xml#id(Bro017.segment.419)"/>
            <nite:child href="Bro017.B.segs.xml#id(Bro017.segment.421)"/>
            <nite:child href="Bro017.C.segs.xml#id(Bro017.segment.420)"/>
         </topic>
         <topic nite:id="Bro017.topic.6" description="next evaluation for Aurora system">
            <nite:child href="Bro017.E.segs.xml#id(Bro017.segment.422)"/>
            <nite:child href="Bro017.B.segs.xml#id(Bro017.segment.423)"/>
            <nite:child href="Bro017.E.segs.xml#id(Bro017.segment.424)"/>
            <nite:child href="Bro017.B.segs.xml#id(Bro017.segment.425)"/>
            <nite:child href="Bro017.E.segs.xml#id(Bro017.segment.426)..id(Bro017.segment.428)"/>
            <nite:child href="Bro017.B.segs.xml#id(Bro017.segment.429)"/>
            <nite:child href="Bro017.E.segs.xml#id(Bro017.segment.430)"/>
            <nite:child href="Bro017.B.segs.xml#id(Bro017.segment.431)..id(Bro017.segment.432)"/>
            <nite:child href="Bro017.E.segs.xml#id(Bro017.segment.433)"/>
            <nite:child href="Bro017.B.segs.xml#id(Bro017.segment.434)..id(Bro017.segment.438)"/>
            <nite:child href="Bro017.E.segs.xml#id(Bro017.segment.439)"/>
            <nite:child href="Bro017.B.segs.xml#id(Bro017.segment.440)"/>
            <nite:child href="Bro017.E.segs.xml#id(Bro017.segment.441)..id(Bro017.segment.442)"/>
            <nite:child href="Bro017.B.segs.xml#id(Bro017.segment.443)"/>
            <nite:child href="Bro017.E.segs.xml#id(Bro017.segment.444)"/>
            <nite:child href="Bro017.B.segs.xml#id(Bro017.segment.445)"/>
            <nite:child href="Bro017.E.segs.xml#id(Bro017.segment.446)..id(Bro017.segment.448)"/>
            <nite:child href="Bro017.B.segs.xml#id(Bro017.segment.449)..id(Bro017.segment.450)"/>
            <nite:child href="Bro017.C.segs.xml#id(Bro017.segment.451)"/>
            <nite:child href="Bro017.E.segs.xml#id(Bro017.segment.452)"/>
            <nite:child href="Bro017.B.segs.xml#id(Bro017.segment.453)"/>
            <nite:child href="Bro017.C.segs.xml#id(Bro017.segment.454)..id(Bro017.segment.455)"/>
            <nite:child href="Bro017.B.segs.xml#id(Bro017.segment.456)..id(Bro017.segment.457)"/>
            <nite:child href="Bro017.C.segs.xml#id(Bro017.segment.458)"/>
            <nite:child href="Bro017.B.segs.xml#id(Bro017.segment.459)"/>
            <nite:child href="Bro017.C.segs.xml#id(Bro017.segment.460)"/>
            <nite:child href="Bro017.E.segs.xml#id(Bro017.segment.461)"/>
            <nite:child href="Bro017.B.segs.xml#id(Bro017.segment.462)"/>
            <nite:child href="Bro017.C.segs.xml#id(Bro017.segment.463)"/>
            <nite:child href="Bro017.B.segs.xml#id(Bro017.segment.464)..id(Bro017.segment.466)"/>
            <nite:child href="Bro017.C.segs.xml#id(Bro017.segment.467)..id(Bro017.segment.468)"/>
            <nite:child href="Bro017.E.segs.xml#id(Bro017.segment.469)"/>
            <nite:child href="Bro017.B.segs.xml#id(Bro017.segment.470)..id(Bro017.segment.471)"/>
            <nite:child href="Bro017.E.segs.xml#id(Bro017.segment.472)"/>
            <nite:child href="Bro017.B.segs.xml#id(Bro017.segment.473)"/>
            <nite:child href="Bro017.C.segs.xml#id(Bro017.segment.474)"/>
            <nite:child href="Bro017.B.segs.xml#id(Bro017.segment.475)"/>
            <nite:child href="Bro017.C.segs.xml#id(Bro017.segment.476)"/>
            <nite:child href="Bro017.B.segs.xml#id(Bro017.segment.477)"/>
            <nite:child href="Bro017.E.segs.xml#id(Bro017.segment.478)"/>
            <nite:child href="Bro017.B.segs.xml#id(Bro017.segment.479)"/>
            <nite:child href="Bro017.E.segs.xml#id(Bro017.segment.480)..id(Bro017.segment.481)"/>
            <nite:child href="Bro017.C.segs.xml#id(Bro017.segment.482)"/>
            <nite:child href="Bro017.E.segs.xml#id(Bro017.segment.483)"/>
            <nite:child href="Bro017.B.segs.xml#id(Bro017.segment.484)"/>
            <nite:child href="Bro017.A.segs.xml#id(Bro017.segment.485)"/>
            <nite:child href="Bro017.E.segs.xml#id(Bro017.segment.486)"/>
            <nite:child href="Bro017.B.segs.xml#id(Bro017.segment.487)"/>
            <nite:child href="Bro017.E.segs.xml#id(Bro017.segment.488)"/>
            <nite:child href="Bro017.B.segs.xml#id(Bro017.segment.489)"/>
            <nite:child href="Bro017.E.segs.xml#id(Bro017.segment.490)"/>
            <nite:child href="Bro017.B.segs.xml#id(Bro017.segment.491)"/>
            <nite:child href="Bro017.E.segs.xml#id(Bro017.segment.492)"/>
            <nite:child href="Bro017.B.segs.xml#id(Bro017.segment.493)..id(Bro017.segment.494)"/>
            <nite:child href="Bro017.E.segs.xml#id(Bro017.segment.495)..id(Bro017.segment.496)"/>
            <nite:child href="Bro017.B.segs.xml#id(Bro017.segment.497)..id(Bro017.segment.499)"/>
            <nite:child href="Bro017.E.segs.xml#id(Bro017.segment.500)..id(Bro017.segment.501)"/>
            <nite:child href="Bro017.B.segs.xml#id(Bro017.segment.502)..id(Bro017.segment.503)"/>
            <nite:child href="Bro017.E.segs.xml#id(Bro017.segment.504)"/>
            <nite:child href="Bro017.B.segs.xml#id(Bro017.segment.505)..id(Bro017.segment.509)"/>
            <nite:child href="Bro017.C.segs.xml#id(Bro017.segment.510)"/>
            <nite:child href="Bro017.B.segs.xml#id(Bro017.segment.511)"/>
            <nite:child href="Bro017.C.segs.xml#id(Bro017.segment.512)..id(Bro017.segment.516)"/>
            <nite:child href="Bro017.B.segs.xml#id(Bro017.segment.517)"/>
            <nite:child href="Bro017.C.segs.xml#id(Bro017.segment.518)"/>
            <nite:child href="Bro017.B.segs.xml#id(Bro017.segment.519)"/>
            <nite:child href="Bro017.C.segs.xml#id(Bro017.segment.520)"/>
            <nite:child href="Bro017.B.segs.xml#id(Bro017.segment.521)..id(Bro017.segment.523)"/>
            <nite:child href="Bro017.C.segs.xml#id(Bro017.segment.522)..id(Bro017.segment.524)"/>
            <nite:child href="Bro017.B.segs.xml#id(Bro017.segment.525)..id(Bro017.segment.526)"/>
            <nite:child href="Bro017.C.segs.xml#id(Bro017.segment.527)"/>
            <nite:child href="Bro017.B.segs.xml#id(Bro017.segment.528)"/>
            <nite:child href="Bro017.C.segs.xml#id(Bro017.segment.529)..id(Bro017.segment.531)"/>
            <nite:child href="Bro017.B.segs.xml#id(Bro017.segment.532)..id(Bro017.segment.533)"/>
            <nite:child href="Bro017.C.segs.xml#id(Bro017.segment.535)"/>
            <nite:child href="Bro017.B.segs.xml#id(Bro017.segment.534)..id(Bro017.segment.536)"/>
            <nite:child href="Bro017.C.segs.xml#id(Bro017.segment.537)..id(Bro017.segment.538)"/>
            <nite:child href="Bro017.E.segs.xml#id(Bro017.segment.539)"/>
         </topic>
      </topic>
   </topic>
   <topic nite:id="Bro017.topic.9" description="ICSI report status, voicing detector">
      <nite:child href="Bro017.E.segs.xml#id(Bro017.segment.540)..id(Bro017.segment.541)"/>
      <nite:child href="Bro017.C.segs.xml#id(Bro017.segment.542)"/>
      <nite:child href="Bro017.D.segs.xml#id(Bro017.segment.543)"/>
      <nite:child href="Bro017.C.segs.xml#id(Bro017.segment.544)"/>
      <nite:child href="Bro017.D.segs.xml#id(Bro017.segment.545)..id(Bro017.segment.546)"/>
      <nite:child href="Bro017.C.segs.xml#id(Bro017.segment.547)"/>
      <nite:child href="Bro017.E.segs.xml#id(Bro017.segment.548)"/>
      <nite:child href="Bro017.C.segs.xml#id(Bro017.segment.549)..id(Bro017.segment.550)"/>
      <nite:child href="Bro017.D.segs.xml#id(Bro017.segment.551)"/>
      <nite:child href="Bro017.C.segs.xml#id(Bro017.segment.552)"/>
      <nite:child href="Bro017.E.segs.xml#id(Bro017.segment.553)"/>
      <nite:child href="Bro017.C.segs.xml#id(Bro017.segment.554)..id(Bro017.segment.555)"/>
      <topic nite:id="Bro017.topic.10" description="C-1 component not important to model">
         <nite:child href="Bro017.E.segs.xml#id(Bro017.segment.556)"/>
         <nite:child href="Bro017.C.segs.xml#id(Bro017.segment.557)..id(Bro017.segment.561)"/>
         <nite:child href="Bro017.A.segs.xml#id(Bro017.segment.562)"/>
         <nite:child href="Bro017.E.segs.xml#id(Bro017.segment.563)"/>
         <nite:child href="Bro017.C.segs.xml#id(Bro017.segment.564)"/>
         <nite:child href="Bro017.E.segs.xml#id(Bro017.segment.565)"/>
         <nite:child href="Bro017.A.segs.xml#id(Bro017.segment.566)"/>
         <nite:child href="Bro017.E.segs.xml#id(Bro017.segment.567)"/>
         <nite:child href="Bro017.C.segs.xml#id(Bro017.segment.568)"/>
         <nite:child href="Bro017.E.segs.xml#id(Bro017.segment.569)"/>
         <nite:child href="Bro017.C.segs.xml#id(Bro017.segment.570)"/>
         <nite:child href="Bro017.E.segs.xml#id(Bro017.segment.571)"/>
         <topic nite:id="Bro017.topic.11" description="modifying feature vectors of multidimensional Gaussian">
            <nite:child href="Bro017.B.segs.xml#id(Bro017.segment.572)"/>
            <nite:child href="Bro017.C.segs.xml#id(Bro017.segment.573)..id(Bro017.segment.574)"/>
            <nite:child href="Bro017.B.segs.xml#id(Bro017.segment.575)"/>
            <nite:child href="Bro017.C.segs.xml#id(Bro017.segment.576)"/>
            <nite:child href="Bro017.B.segs.xml#id(Bro017.segment.577)"/>
            <nite:child href="Bro017.E.segs.xml#id(Bro017.segment.578)"/>
            <nite:child href="Bro017.B.segs.xml#id(Bro017.segment.579)..id(Bro017.segment.581)"/>
            <nite:child href="Bro017.E.segs.xml#id(Bro017.segment.582)"/>
            <nite:child href="Bro017.B.segs.xml#id(Bro017.segment.583)..id(Bro017.segment.584)"/>
            <nite:child href="Bro017.E.segs.xml#id(Bro017.segment.585)"/>
            <nite:child href="Bro017.C.segs.xml#id(Bro017.segment.586)"/>
            <nite:child href="Bro017.B.segs.xml#id(Bro017.segment.587)"/>
            <nite:child href="Bro017.E.segs.xml#id(Bro017.segment.588)"/>
            <nite:child href="Bro017.B.segs.xml#id(Bro017.segment.589)"/>
            <nite:child href="Bro017.C.segs.xml#id(Bro017.segment.590)"/>
            <nite:child href="Bro017.B.segs.xml#id(Bro017.segment.591)..id(Bro017.segment.593)"/>
            <nite:child href="Bro017.E.segs.xml#id(Bro017.segment.594)"/>
            <nite:child href="Bro017.B.segs.xml#id(Bro017.segment.595)..id(Bro017.segment.597)"/>
            <nite:child href="Bro017.E.segs.xml#id(Bro017.segment.598)"/>
            <nite:child href="Bro017.B.segs.xml#id(Bro017.segment.599)..id(Bro017.segment.601)"/>
            <nite:child href="Bro017.E.segs.xml#id(Bro017.segment.602)"/>
            <nite:child href="Bro017.B.segs.xml#id(Bro017.segment.603)..id(Bro017.segment.605)"/>
            <nite:child href="Bro017.E.segs.xml#id(Bro017.segment.606)..id(Bro017.segment.607)"/>
            <nite:child href="Bro017.B.segs.xml#id(Bro017.segment.608)..id(Bro017.segment.609)"/>
            <nite:child href="Bro017.E.segs.xml#id(Bro017.segment.610)"/>
            <nite:child href="Bro017.B.segs.xml#id(Bro017.segment.611)"/>
            <nite:child href="Bro017.E.segs.xml#id(Bro017.segment.612)"/>
            <nite:child href="Bro017.C.segs.xml#id(Bro017.segment.613)"/>
            <nite:child href="Bro017.B.segs.xml#id(Bro017.segment.614)"/>
            <nite:child href="Bro017.E.segs.xml#id(Bro017.segment.615)..id(Bro017.segment.616)"/>
            <nite:child href="Bro017.B.segs.xml#id(Bro017.segment.617)..id(Bro017.segment.618)"/>
            <nite:child href="Bro017.E.segs.xml#id(Bro017.segment.619)"/>
            <nite:child href="Bro017.A.segs.xml#id(Bro017.segment.620)"/>
            <nite:child href="Bro017.B.segs.xml#id(Bro017.segment.621)"/>
            <nite:child href="Bro017.C.segs.xml#id(Bro017.segment.623)"/>
            <nite:child href="Bro017.B.segs.xml#id(Bro017.segment.622)"/>
            <nite:child href="Bro017.E.segs.xml#id(Bro017.segment.624)"/>
            <nite:child href="Bro017.B.segs.xml#id(Bro017.segment.625)"/>
            <nite:child href="Bro017.E.segs.xml#id(Bro017.segment.626)"/>
            <nite:child href="Bro017.B.segs.xml#id(Bro017.segment.627)"/>
            <nite:child href="Bro017.A.segs.xml#id(Bro017.segment.628)"/>
            <nite:child href="Bro017.B.segs.xml#id(Bro017.segment.629)"/>
            <nite:child href="Bro017.C.segs.xml#id(Bro017.segment.630)"/>
            <nite:child href="Bro017.B.segs.xml#id(Bro017.segment.631)"/>
            <nite:child href="Bro017.D.segs.xml#id(Bro017.segment.632)"/>
            <nite:child href="Bro017.E.segs.xml#id(Bro017.segment.633)"/>
            <nite:child href="Bro017.C.segs.xml#id(Bro017.segment.634)"/>
            <nite:child href="Bro017.A.segs.xml#id(Bro017.segment.635)"/>
            <nite:child href="Bro017.E.segs.xml#id(Bro017.segment.636)"/>
            <nite:child href="Bro017.B.segs.xml#id(Bro017.segment.637)"/>
            <nite:child href="Bro017.E.segs.xml#id(Bro017.segment.638)"/>
            <nite:child href="Bro017.D.segs.xml#id(Bro017.segment.639)"/>
            <nite:child href="Bro017.C.segs.xml#id(Bro017.segment.640)"/>
            <nite:child href="Bro017.E.segs.xml#id(Bro017.segment.641)"/>
            <nite:child href="Bro017.B.segs.xml#id(Bro017.segment.642)"/>
            <nite:child href="Bro017.E.segs.xml#id(Bro017.segment.643)"/>
            <nite:child href="Bro017.C.segs.xml#id(Bro017.segment.644)"/>
            <nite:child href="Bro017.B.segs.xml#id(Bro017.segment.645)..id(Bro017.segment.646)"/>
            <nite:child href="Bro017.E.segs.xml#id(Bro017.segment.647)"/>
            <nite:child href="Bro017.B.segs.xml#id(Bro017.segment.648)"/>
            <nite:child href="Bro017.A.segs.xml#id(Bro017.segment.649)"/>
            <nite:child href="Bro017.B.segs.xml#id(Bro017.segment.650)..id(Bro017.segment.651)"/>
            <nite:child href="Bro017.E.segs.xml#id(Bro017.segment.652)"/>
            <nite:child href="Bro017.A.segs.xml#id(Bro017.segment.653)"/>
            <nite:child href="Bro017.B.segs.xml#id(Bro017.segment.654)"/>
            <nite:child href="Bro017.E.segs.xml#id(Bro017.segment.655)"/>
            <nite:child href="Bro017.B.segs.xml#id(Bro017.segment.656)"/>
            <nite:child href="Bro017.E.segs.xml#id(Bro017.segment.657)"/>
            <nite:child href="Bro017.B.segs.xml#id(Bro017.segment.658)..id(Bro017.segment.661)"/>
            <nite:child href="Bro017.E.segs.xml#id(Bro017.segment.662)..id(Bro017.segment.663)"/>
            <nite:child href="Bro017.B.segs.xml#id(Bro017.segment.664)..id(Bro017.segment.665)"/>
            <nite:child href="Bro017.E.segs.xml#id(Bro017.segment.666)"/>
            <nite:child href="Bro017.B.segs.xml#id(Bro017.segment.667)"/>
            <nite:child href="Bro017.E.segs.xml#id(Bro017.segment.668)"/>
            <nite:child href="Bro017.B.segs.xml#id(Bro017.segment.669)"/>
            <nite:child href="Bro017.E.segs.xml#id(Bro017.segment.670)"/>
            <nite:child href="Bro017.B.segs.xml#id(Bro017.segment.671)"/>
            <nite:child href="Bro017.E.segs.xml#id(Bro017.segment.672)"/>
            <nite:child href="Bro017.B.segs.xml#id(Bro017.segment.673)..id(Bro017.segment.674)"/>
            <nite:child href="Bro017.E.segs.xml#id(Bro017.segment.675)"/>
            <nite:child href="Bro017.B.segs.xml#id(Bro017.segment.676)"/>
            <nite:child href="Bro017.E.segs.xml#id(Bro017.segment.677)..id(Bro017.segment.678)"/>
            <nite:child href="Bro017.B.segs.xml#id(Bro017.segment.679)..id(Bro017.segment.685)"/>
            <nite:child href="Bro017.E.segs.xml#id(Bro017.segment.686)"/>
            <nite:child href="Bro017.B.segs.xml#id(Bro017.segment.687)"/>
            <nite:child href="Bro017.E.segs.xml#id(Bro017.segment.688)"/>
            <nite:child href="Bro017.B.segs.xml#id(Bro017.segment.689)..id(Bro017.segment.691)"/>
            <nite:child href="Bro017.E.segs.xml#id(Bro017.segment.692)"/>
            <nite:child href="Bro017.B.segs.xml#id(Bro017.segment.693)"/>
            <nite:child href="Bro017.E.segs.xml#id(Bro017.segment.694)"/>
            <nite:child href="Bro017.B.segs.xml#id(Bro017.segment.695)"/>
            <nite:child href="Bro017.E.segs.xml#id(Bro017.segment.696)"/>
            <nite:child href="Bro017.B.segs.xml#id(Bro017.segment.697)..id(Bro017.segment.699)"/>
            <nite:child href="Bro017.E.segs.xml#id(Bro017.segment.700)..id(Bro017.segment.701)"/>
            <nite:child href="Bro017.B.segs.xml#id(Bro017.segment.702)"/>
            <nite:child href="Bro017.C.segs.xml#id(Bro017.segment.703)"/>
            <nite:child href="Bro017.B.segs.xml#id(Bro017.segment.704)"/>
            <nite:child href="Bro017.E.segs.xml#id(Bro017.segment.705)..id(Bro017.segment.706)"/>
            <nite:child href="Bro017.B.segs.xml#id(Bro017.segment.707)..id(Bro017.segment.710)"/>
            <nite:child href="Bro017.E.segs.xml#id(Bro017.segment.711)"/>
            <nite:child href="Bro017.A.segs.xml#id(Bro017.segment.712)"/>
            <nite:child href="Bro017.B.segs.xml#id(Bro017.segment.713)"/>
            <nite:child href="Bro017.E.segs.xml#id(Bro017.segment.714)"/>
            <nite:child href="Bro017.A.segs.xml#id(Bro017.segment.715)"/>
            <nite:child href="Bro017.B.segs.xml#id(Bro017.segment.716)"/>
            <nite:child href="Bro017.A.segs.xml#id(Bro017.segment.718)"/>
            <nite:child href="Bro017.C.segs.xml#id(Bro017.segment.717)"/>
            <nite:child href="Bro017.B.segs.xml#id(Bro017.segment.719)"/>
            <nite:child href="Bro017.E.segs.xml#id(Bro017.segment.720)"/>
            <nite:child href="Bro017.A.segs.xml#id(Bro017.segment.721)"/>
            <nite:child href="Bro017.B.segs.xml#id(Bro017.segment.722)..id(Bro017.segment.725)"/>
            <nite:child href="Bro017.E.segs.xml#id(Bro017.segment.727)"/>
            <nite:child href="Bro017.A.segs.xml#id(Bro017.segment.726)"/>
            <nite:child href="Bro017.B.segs.xml#id(Bro017.segment.728)"/>
            <nite:child href="Bro017.E.segs.xml#id(Bro017.segment.729)"/>
            <nite:child href="Bro017.A.segs.xml#id(Bro017.segment.730)"/>
            <nite:child href="Bro017.B.segs.xml#id(Bro017.segment.731)"/>
            <nite:child href="Bro017.E.segs.xml#id(Bro017.segment.732)"/>
            <nite:child href="Bro017.B.segs.xml#id(Bro017.segment.733)"/>
            <nite:child href="Bro017.E.segs.xml#id(Bro017.segment.734)"/>
            <nite:child href="Bro017.B.segs.xml#id(Bro017.segment.735)"/>
            <nite:child href="Bro017.E.segs.xml#id(Bro017.segment.736)..id(Bro017.segment.737)"/>
            <nite:child href="Bro017.B.segs.xml#id(Bro017.segment.738)"/>
            <nite:child href="Bro017.A.segs.xml#id(Bro017.segment.739)"/>
            <nite:child href="Bro017.B.segs.xml#id(Bro017.segment.740)..id(Bro017.segment.741)"/>
            <nite:child href="Bro017.E.segs.xml#id(Bro017.segment.742)"/>
            <nite:child href="Bro017.B.segs.xml#id(Bro017.segment.743)"/>
            <nite:child href="Bro017.E.segs.xml#id(Bro017.segment.744)..id(Bro017.segment.745)"/>
            <nite:child href="Bro017.B.segs.xml#id(Bro017.segment.746)..id(Bro017.segment.751)"/>
            <nite:child href="Bro017.E.segs.xml#id(Bro017.segment.752)..id(Bro017.segment.753)"/>
            <nite:child href="Bro017.B.segs.xml#id(Bro017.segment.754)..id(Bro017.segment.755)"/>
            <nite:child href="Bro017.E.segs.xml#id(Bro017.segment.756)"/>
            <nite:child href="Bro017.B.segs.xml#id(Bro017.segment.757)..id(Bro017.segment.761)"/>
            <nite:child href="Bro017.E.segs.xml#id(Bro017.segment.762)"/>
            <nite:child href="Bro017.B.segs.xml#id(Bro017.segment.763)..id(Bro017.segment.771)"/>
            <nite:child href="Bro017.E.segs.xml#id(Bro017.segment.772)..id(Bro017.segment.773)"/>
            <nite:child href="Bro017.B.segs.xml#id(Bro017.segment.774)"/>
            <nite:child href="Bro017.E.segs.xml#id(Bro017.segment.775)..id(Bro017.segment.782)"/>
            <nite:child href="Bro017.C.segs.xml#id(Bro017.segment.783)"/>
            <nite:child href="Bro017.E.segs.xml#id(Bro017.segment.784)..id(Bro017.segment.785)"/>
            <nite:child href="Bro017.C.segs.xml#id(Bro017.segment.786)"/>
            <nite:child href="Bro017.E.segs.xml#id(Bro017.segment.787)"/>
            <nite:child href="Bro017.B.segs.xml#id(Bro017.segment.788)"/>
            <nite:child href="Bro017.E.segs.xml#id(Bro017.segment.789)"/>
            <nite:child href="Bro017.B.segs.xml#id(Bro017.segment.790)"/>
            <nite:child href="Bro017.E.segs.xml#id(Bro017.segment.791)"/>
            <nite:child href="Bro017.B.segs.xml#id(Bro017.segment.792)"/>
            <nite:child href="Bro017.E.segs.xml#id(Bro017.segment.793)"/>
            <nite:child href="Bro017.C.segs.xml#id(Bro017.segment.794)"/>
            <nite:child href="Bro017.E.segs.xml#id(Bro017.segment.795)..id(Bro017.segment.797)"/>
            <nite:child href="Bro017.B.segs.xml#id(Bro017.segment.798)"/>
            <nite:child href="Bro017.E.segs.xml#id(Bro017.segment.799)"/>
            <nite:child href="Bro017.B.segs.xml#id(Bro017.segment.800)"/>
            <nite:child href="Bro017.C.segs.xml#id(Bro017.segment.801)"/>
            <nite:child href="Bro017.B.segs.xml#id(Bro017.segment.802)"/>
            <nite:child href="Bro017.C.segs.xml#id(Bro017.segment.803)"/>
            <nite:child href="Bro017.A.segs.xml#id(Bro017.segment.804)"/>
            <nite:child href="Bro017.B.segs.xml#id(Bro017.segment.805)..id(Bro017.segment.806)"/>
            <nite:child href="Bro017.E.segs.xml#id(Bro017.segment.807)"/>
            <nite:child href="Bro017.B.segs.xml#id(Bro017.segment.808)..id(Bro017.segment.809)"/>
            <nite:child href="Bro017.E.segs.xml#id(Bro017.segment.810)"/>
            <nite:child href="Bro017.C.segs.xml#id(Bro017.segment.811)"/>
            <nite:child href="Bro017.E.segs.xml#id(Bro017.segment.812)..id(Bro017.segment.813)"/>
            <nite:child href="Bro017.B.segs.xml#id(Bro017.segment.814)"/>
            <nite:child href="Bro017.E.segs.xml#id(Bro017.segment.815)"/>
            <nite:child href="Bro017.A.segs.xml#id(Bro017.segment.816)..id(Bro017.segment.817)"/>
            <nite:child href="Bro017.B.segs.xml#id(Bro017.segment.818)..id(Bro017.segment.822)"/>
            <nite:child href="Bro017.E.segs.xml#id(Bro017.segment.823)"/>
            <nite:child href="Bro017.B.segs.xml#id(Bro017.segment.824)"/>
            <nite:child href="Bro017.E.segs.xml#id(Bro017.segment.825)..id(Bro017.segment.826)"/>
            <nite:child href="Bro017.B.segs.xml#id(Bro017.segment.827)"/>
            <nite:child href="Bro017.E.segs.xml#id(Bro017.segment.828)"/>
            <nite:child href="Bro017.B.segs.xml#id(Bro017.segment.829)..id(Bro017.segment.830)"/>
            <nite:child href="Bro017.E.segs.xml#id(Bro017.segment.831)"/>
            <nite:child href="Bro017.B.segs.xml#id(Bro017.segment.832)"/>
            <nite:child href="Bro017.E.segs.xml#id(Bro017.segment.833)..id(Bro017.segment.834)"/>
            <nite:child href="Bro017.B.segs.xml#id(Bro017.segment.835)..id(Bro017.segment.837)"/>
            <nite:child href="Bro017.E.segs.xml#id(Bro017.segment.838)"/>
            <nite:child href="Bro017.C.segs.xml#id(Bro017.segment.839)"/>
            <nite:child href="Bro017.E.segs.xml#id(Bro017.segment.840)"/>
            <nite:child href="Bro017.B.segs.xml#id(Bro017.segment.841)"/>
            <nite:child href="Bro017.C.segs.xml#id(Bro017.segment.842)"/>
            <nite:child href="Bro017.B.segs.xml#id(Bro017.segment.843)"/>
            <nite:child href="Bro017.A.segs.xml#id(Bro017.segment.844)"/>
            <nite:child href="Bro017.C.segs.xml#id(Bro017.segment.845)..id(Bro017.segment.848)"/>
            <nite:child href="Bro017.B.segs.xml#id(Bro017.segment.849)"/>
            <nite:child href="Bro017.C.segs.xml#id(Bro017.segment.850)"/>
            <nite:child href="Bro017.D.segs.xml#id(Bro017.segment.851)"/>
            <nite:child href="Bro017.B.segs.xml#id(Bro017.segment.852)"/>
            <nite:child href="Bro017.C.segs.xml#id(Bro017.segment.853)"/>
            <nite:child href="Bro017.B.segs.xml#id(Bro017.segment.855)"/>
            <nite:child href="Bro017.D.segs.xml#id(Bro017.segment.854)"/>
            <nite:child href="Bro017.B.segs.xml#id(Bro017.segment.856)"/>
            <nite:child href="Bro017.C.segs.xml#id(Bro017.segment.857)..id(Bro017.segment.859)"/>
            <nite:child href="Bro017.A.segs.xml#id(Bro017.segment.860)"/>
            <nite:child href="Bro017.E.segs.xml#id(Bro017.segment.861)..id(Bro017.segment.863)"/>
            <nite:child href="Bro017.B.segs.xml#id(Bro017.segment.864)"/>
            <nite:child href="Bro017.E.segs.xml#id(Bro017.segment.865)..id(Bro017.segment.873)"/>
            <nite:child href="Bro017.C.segs.xml#id(Bro017.segment.874)"/>
            <nite:child href="Bro017.E.segs.xml#id(Bro017.segment.876)"/>
            <nite:child href="Bro017.B.segs.xml#id(Bro017.segment.875)"/>
            <nite:child href="Bro017.C.segs.xml#id(Bro017.segment.877)"/>
            <nite:child href="Bro017.B.segs.xml#id(Bro017.segment.878)"/>
            <nite:child href="Bro017.C.segs.xml#id(Bro017.segment.879)..id(Bro017.segment.880)"/>
            <nite:child href="Bro017.E.segs.xml#id(Bro017.segment.881)"/>
            <nite:child href="Bro017.C.segs.xml#id(Bro017.segment.882)..id(Bro017.segment.883)"/>
            <nite:child href="Bro017.E.segs.xml#id(Bro017.segment.884)"/>
            <nite:child href="Bro017.C.segs.xml#id(Bro017.segment.885)"/>
            <nite:child href="Bro017.B.segs.xml#id(Bro017.segment.886)"/>
            <nite:child href="Bro017.E.segs.xml#id(Bro017.segment.887)"/>
            <nite:child href="Bro017.B.segs.xml#id(Bro017.segment.888)..id(Bro017.segment.890)"/>
            <nite:child href="Bro017.E.segs.xml#id(Bro017.segment.891)"/>
            <nite:child href="Bro017.C.segs.xml#id(Bro017.segment.892)"/>
            <nite:child href="Bro017.B.segs.xml#id(Bro017.segment.894)"/>
            <nite:child href="Bro017.E.segs.xml#id(Bro017.segment.893)..id(Bro017.segment.896)"/>
            <nite:child href="Bro017.C.segs.xml#id(Bro017.segment.895)"/>
            <nite:child href="Bro017.E.segs.xml#id(Bro017.segment.897)..id(Bro017.segment.898)"/>
            <nite:child href="Bro017.C.segs.xml#id(Bro017.segment.899)"/>
            <nite:child href="Bro017.E.segs.xml#id(Bro017.segment.900)"/>
            <nite:child href="Bro017.B.segs.xml#id(Bro017.segment.901)..id(Bro017.segment.902)"/>
            <nite:child href="Bro017.E.segs.xml#id(Bro017.segment.903)"/>
            <nite:child href="Bro017.B.segs.xml#id(Bro017.segment.904)"/>
            <nite:child href="Bro017.C.segs.xml#id(Bro017.segment.905)"/>
            <nite:child href="Bro017.E.segs.xml#id(Bro017.segment.906)"/>
            <nite:child href="Bro017.C.segs.xml#id(Bro017.segment.907)"/>
            <nite:child href="Bro017.A.segs.xml#id(Bro017.segment.908)"/>
            <nite:child href="Bro017.E.segs.xml#id(Bro017.segment.909)"/>
            <nite:child href="Bro017.A.segs.xml#id(Bro017.segment.910)"/>
            <nite:child href="Bro017.B.segs.xml#id(Bro017.segment.911)"/>
            <nite:child href="Bro017.E.segs.xml#id(Bro017.segment.912)"/>
            <nite:child href="Bro017.C.segs.xml#id(Bro017.segment.913)"/>
            <nite:child href="Bro017.E.segs.xml#id(Bro017.segment.914)"/>
            <nite:child href="Bro017.A.segs.xml#id(Bro017.segment.915)..id(Bro017.segment.916)"/>
            <nite:child href="Bro017.B.segs.xml#id(Bro017.segment.917)"/>
            <nite:child href="Bro017.E.segs.xml#id(Bro017.segment.918)"/>
            <nite:child href="Bro017.B.segs.xml#id(Bro017.segment.919)"/>
            <nite:child href="Bro017.E.segs.xml#id(Bro017.segment.920)..id(Bro017.segment.926)"/>
            <nite:child href="Bro017.B.segs.xml#id(Bro017.segment.927)"/>
            <nite:child href="Bro017.E.segs.xml#id(Bro017.segment.928)..id(Bro017.segment.929)"/>
            <nite:child href="Bro017.B.segs.xml#id(Bro017.segment.930)"/>
            <nite:child href="Bro017.E.segs.xml#id(Bro017.segment.931)..id(Bro017.segment.932)"/>
            <nite:child href="Bro017.B.segs.xml#id(Bro017.segment.933)"/>
            <nite:child href="Bro017.C.segs.xml#id(Bro017.segment.934)"/>
            <nite:child href="Bro017.E.segs.xml#id(Bro017.segment.935)"/>
            <nite:child href="Bro017.C.segs.xml#id(Bro017.segment.936)"/>
            <nite:child href="Bro017.E.segs.xml#id(Bro017.segment.937)"/>
            <nite:child href="Bro017.B.segs.xml#id(Bro017.segment.938)"/>
            <nite:child href="Bro017.A.segs.xml#id(Bro017.segment.939)"/>
            <nite:child href="Bro017.B.segs.xml#id(Bro017.segment.940)"/>
            <nite:child href="Bro017.E.segs.xml#id(Bro017.segment.941)"/>
            <nite:child href="Bro017.C.segs.xml#id(Bro017.segment.942)"/>
            <nite:child href="Bro017.E.segs.xml#id(Bro017.segment.943)"/>
            <nite:child href="Bro017.B.segs.xml#id(Bro017.segment.944)"/>
            <nite:child href="Bro017.C.segs.xml#id(Bro017.segment.945)"/>
            <nite:child href="Bro017.A.segs.xml#id(Bro017.segment.946)"/>
            <nite:child href="Bro017.E.segs.xml#id(Bro017.segment.947)..id(Bro017.segment.950)"/>
            <nite:child href="Bro017.B.segs.xml#id(Bro017.segment.951)"/>
            <nite:child href="Bro017.C.segs.xml#id(Bro017.segment.952)"/>
            <nite:child href="Bro017.B.segs.xml#id(Bro017.segment.953)"/>
            <nite:child href="Bro017.E.segs.xml#id(Bro017.segment.954)"/>
            <nite:child href="Bro017.C.segs.xml#id(Bro017.segment.955)..id(Bro017.segment.958)"/>
            <nite:child href="Bro017.B.segs.xml#id(Bro017.segment.956)"/>
            <nite:child href="Bro017.E.segs.xml#id(Bro017.segment.957)..id(Bro017.segment.960)"/>
            <nite:child href="Bro017.B.segs.xml#id(Bro017.segment.959)"/>
            <nite:child href="Bro017.E.segs.xml#id(Bro017.segment.961)"/>
            <nite:child href="Bro017.C.segs.xml#id(Bro017.segment.962)"/>
            <nite:child href="Bro017.E.segs.xml#id(Bro017.segment.963)"/>
            <nite:child href="Bro017.B.segs.xml#id(Bro017.segment.965)"/>
            <nite:child href="Bro017.C.segs.xml#id(Bro017.segment.964)"/>
            <nite:child href="Bro017.B.segs.xml#id(Bro017.segment.966)..id(Bro017.segment.969)"/>
            <nite:child href="Bro017.C.segs.xml#id(Bro017.segment.970)"/>
            <nite:child href="Bro017.E.segs.xml#id(Bro017.segment.971)"/>
            <nite:child href="Bro017.A.segs.xml#id(Bro017.segment.972)"/>
            <nite:child href="Bro017.C.segs.xml#id(Bro017.segment.973)"/>
            <nite:child href="Bro017.E.segs.xml#id(Bro017.segment.974)"/>
            <nite:child href="Bro017.B.segs.xml#id(Bro017.segment.975)"/>
            <nite:child href="Bro017.E.segs.xml#id(Bro017.segment.976)"/>
            <nite:child href="Bro017.B.segs.xml#id(Bro017.segment.977)"/>
            <nite:child href="Bro017.E.segs.xml#id(Bro017.segment.978)"/>
            <nite:child href="Bro017.C.segs.xml#id(Bro017.segment.979)"/>
            <nite:child href="Bro017.A.segs.xml#id(Bro017.segment.980)"/>
            <nite:child href="Bro017.B.segs.xml#id(Bro017.segment.981)"/>
            <nite:child href="Bro017.E.segs.xml#id(Bro017.segment.982)..id(Bro017.segment.984)"/>
         </topic>
         <topic nite:id="Bro017.topic.12" description="chitchat">
            <nite:child href="Bro017.A.segs.xml#id(Bro017.segment.985)"/>
            <nite:child href="Bro017.E.segs.xml#id(Bro017.segment.986)"/>
            <nite:child href="Bro017.B.segs.xml#id(Bro017.segment.987)"/>
            <nite:child href="Bro017.C.segs.xml#id(Bro017.segment.988)"/>
            <nite:child href="Bro017.B.segs.xml#id(Bro017.segment.989)..id(Bro017.segment.990)"/>
            <nite:child href="Bro017.E.segs.xml#id(Bro017.segment.991)"/>
            <nite:child href="Bro017.A.segs.xml#id(Bro017.segment.992)"/>
            <nite:child href="Bro017.E.segs.xml#id(Bro017.segment.993)"/>
            <nite:child href="Bro017.D.segs.xml#id(Bro017.segment.994)"/>
            <nite:child href="Bro017.A.segs.xml#id(Bro017.segment.995)"/>
            <nite:child href="Bro017.B.segs.xml#id(Bro017.segment.996)..id(Bro017.segment.997)"/>
            <nite:child href="Bro017.A.segs.xml#id(Bro017.segment.998)"/>
            <nite:child href="Bro017.E.segs.xml#id(Bro017.segment.999)"/>
            <nite:child href="Bro017.D.segs.xml#id(Bro017.segment.1,000)"/>
            <nite:child href="Bro017.C.segs.xml#id(Bro017.segment.1,001)..id(Bro017.segment.1,002)"/>
            <nite:child href="Bro017.E.segs.xml#id(Bro017.segment.1,003)..id(Bro017.segment.1,004)"/>
            <nite:child href="Bro017.A.segs.xml#id(Bro017.segment.1,005)"/>
            <nite:child href="Bro017.E.segs.xml#id(Bro017.segment.1,006)"/>
            <nite:child href="Bro017.B.segs.xml#id(Bro017.segment.1,007)"/>
            <nite:child href="Bro017.C.segs.xml#id(Bro017.segment.1,008)"/>
            <nite:child href="Bro017.D.segs.xml#id(Bro017.segment.1,009)"/>
            <nite:child href="Bro017.A.segs.xml#id(Bro017.segment.1,010)"/>
            <nite:child href="Bro017.B.segs.xml#id(Bro017.segment.1,011)..id(Bro017.segment.1,012)"/>
            <nite:child href="Bro017.E.segs.xml#id(Bro017.segment.1,013)"/>
            <nite:child href="Bro017.C.segs.xml#id(Bro017.segment.1,014)"/>
            <nite:child href="Bro017.E.segs.xml#id(Bro017.segment.1,015)"/>
            <nite:child href="Bro017.A.segs.xml#id(Bro017.segment.1,016)"/>
            <nite:child href="Bro017.C.segs.xml#id(Bro017.segment.1,017)"/>
            <nite:child href="Bro017.B.segs.xml#id(Bro017.segment.1,018)..id(Bro017.segment.1,019)"/>
            <nite:child href="Bro017.A.segs.xml#id(Bro017.segment.1,020)"/>
            <nite:child href="Bro017.B.segs.xml#id(Bro017.segment.1,021)..id(Bro017.segment.1,024)"/>
            <nite:child href="Bro017.E.segs.xml#id(Bro017.segment.1,025)"/>
            <nite:child href="Bro017.B.segs.xml#id(Bro017.segment.1,026)..id(Bro017.segment.1,030)"/>
            <nite:child href="Bro017.E.segs.xml#id(Bro017.segment.1,031)"/>
            <nite:child href="Bro017.C.segs.xml#id(Bro017.segment.1,032)"/>
            <nite:child href="Bro017.E.segs.xml#id(Bro017.segment.1,033)"/>
            <nite:child href="Bro017.A.segs.xml#id(Bro017.segment.1,034)"/>
            <nite:child href="Bro017.E.segs.xml#id(Bro017.segment.1,035)"/>
            <nite:child href="Bro017.A.segs.xml#id(Bro017.segment.1,036)"/>
            <nite:child href="Bro017.B.segs.xml#id(Bro017.segment.1,037)..id(Bro017.segment.1,038)"/>
            <nite:child href="Bro017.E.segs.xml#id(Bro017.segment.1,039)..id(Bro017.segment.1,040)"/>
            <nite:child href="Bro017.B.segs.xml#id(Bro017.segment.1,041)"/>
            <nite:child href="Bro017.E.segs.xml#id(Bro017.segment.1,042)"/>
            <nite:child href="Bro017.B.segs.xml#id(Bro017.segment.1,043)"/>
            <nite:child href="Bro017.A.segs.xml#id(Bro017.segment.1,044)..id(Bro017.segment.1,045)"/>
            <nite:child href="Bro017.B.segs.xml#id(Bro017.segment.1,046)"/>
            <nite:child href="Bro017.E.segs.xml#id(Bro017.segment.1,047)"/>
            <nite:child href="Bro017.B.segs.xml#id(Bro017.segment.1,048)"/>
            <nite:child href="Bro017.E.segs.xml#id(Bro017.segment.1,049)"/>
            <nite:child href="Bro017.B.segs.xml#id(Bro017.segment.1,050)"/>
            <nite:child href="Bro017.E.segs.xml#id(Bro017.segment.1,051)"/>
            <nite:child href="Bro017.A.segs.xml#id(Bro017.segment.1,052)"/>
            <nite:child href="Bro017.B.segs.xml#id(Bro017.segment.1,053)..id(Bro017.segment.1,054)"/>
            <nite:child href="Bro017.E.segs.xml#id(Bro017.segment.1,055)"/>
            <nite:child href="Bro017.B.segs.xml#id(Bro017.segment.1,056)"/>
            <nite:child href="Bro017.C.segs.xml#id(Bro017.segment.1,057)"/>
            <nite:child href="Bro017.A.segs.xml#id(Bro017.segment.1,058)"/>
            <nite:child href="Bro017.B.segs.xml#id(Bro017.segment.1,059)"/>
            <nite:child href="Bro017.D.segs.xml#id(Bro017.segment.1,061)"/>
            <nite:child href="Bro017.B.segs.xml#id(Bro017.segment.1,060)"/>
            <nite:child href="Bro017.E.segs.xml#id(Bro017.segment.1,062)"/>
            <nite:child href="Bro017.B.segs.xml#id(Bro017.segment.1,063)..id(Bro017.segment.1,064)"/>
            <nite:child href="Bro017.E.segs.xml#id(Bro017.segment.1,065)"/>
            <nite:child href="Bro017.B.segs.xml#id(Bro017.segment.1,066)..id(Bro017.segment.1,068)"/>
            <nite:child href="Bro017.E.segs.xml#id(Bro017.segment.1,069)"/>
            <nite:child href="Bro017.B.segs.xml#id(Bro017.segment.1,070)"/>
            <nite:child href="Bro017.E.segs.xml#id(Bro017.segment.1,071)"/>
            <nite:child href="Bro017.B.segs.xml#id(Bro017.segment.1,072)..id(Bro017.segment.1,074)"/>
            <nite:child href="Bro017.E.segs.xml#id(Bro017.segment.1,075)"/>
            <nite:child href="Bro017.B.segs.xml#id(Bro017.segment.1,076)"/>
            <nite:child href="Bro017.E.segs.xml#id(Bro017.segment.1,077)"/>
            <nite:child href="Bro017.B.segs.xml#id(Bro017.segment.1,078)..id(Bro017.segment.1,081)"/>
            <nite:child href="Bro017.E.segs.xml#id(Bro017.segment.1,082)"/>
            <nite:child href="Bro017.B.segs.xml#id(Bro017.segment.1,083)..id(Bro017.segment.1,085)"/>
            <nite:child href="Bro017.E.segs.xml#id(Bro017.segment.1,086)"/>
            <nite:child href="Bro017.B.segs.xml#id(Bro017.segment.1,087)"/>
            <nite:child href="Bro017.A.segs.xml#id(Bro017.segment.1,088)"/>
            <nite:child href="Bro017.B.segs.xml#id(Bro017.segment.1,089)"/>
            <nite:child href="Bro017.E.segs.xml#id(Bro017.segment.1,090)"/>
            <nite:child href="Bro017.B.segs.xml#id(Bro017.segment.1,091)"/>
            <nite:child href="Bro017.E.segs.xml#id(Bro017.segment.1,092)"/>
            <nite:child href="Bro017.A.segs.xml#id(Bro017.segment.1,094)"/>
            <nite:child href="Bro017.B.segs.xml#id(Bro017.segment.1,093)"/>
            <nite:child href="Bro017.E.segs.xml#id(Bro017.segment.1,095)"/>
            <nite:child href="Bro017.B.segs.xml#id(Bro017.segment.1,096)"/>
            <nite:child href="Bro017.E.segs.xml#id(Bro017.segment.1,097)..id(Bro017.segment.1,098)"/>
            <nite:child href="Bro017.B.segs.xml#id(Bro017.segment.1,099)..id(Bro017.segment.1,101)"/>
            <nite:child href="Bro017.A.segs.xml#id(Bro017.segment.1,102)"/>
            <nite:child href="Bro017.B.segs.xml#id(Bro017.segment.1,103)..id(Bro017.segment.1,105)"/>
            <nite:child href="Bro017.A.segs.xml#id(Bro017.segment.1,106)"/>
            <nite:child href="Bro017.E.segs.xml#id(Bro017.segment.1,107)..id(Bro017.segment.1,108)"/>
            <nite:child href="Bro017.B.segs.xml#id(Bro017.segment.1,109)"/>
         </topic>
         <topic nite:id="Bro017.topic.13" description="modifying feature vectors of multidimensional Gaussian">
            <nite:child href="Bro017.E.segs.xml#id(Bro017.segment.1,110)..id(Bro017.segment.1,111)"/>
            <nite:child href="Bro017.B.segs.xml#id(Bro017.segment.1,112)..id(Bro017.segment.1,114)"/>
            <nite:child href="Bro017.C.segs.xml#id(Bro017.segment.1,113)"/>
            <nite:child href="Bro017.B.segs.xml#id(Bro017.segment.1,115)"/>
            <nite:child href="Bro017.E.segs.xml#id(Bro017.segment.1,116)..id(Bro017.segment.1,117)"/>
            <nite:child href="Bro017.B.segs.xml#id(Bro017.segment.1,118)..id(Bro017.segment.1,121)"/>
            <nite:child href="Bro017.C.segs.xml#id(Bro017.segment.1,122)"/>
            <nite:child href="Bro017.E.segs.xml#id(Bro017.segment.1,123)"/>
            <nite:child href="Bro017.B.segs.xml#id(Bro017.segment.1,124)..id(Bro017.segment.1,128)"/>
            <nite:child href="Bro017.E.segs.xml#id(Bro017.segment.1,129)..id(Bro017.segment.1,131)"/>
            <nite:child href="Bro017.B.segs.xml#id(Bro017.segment.1,132)"/>
            <nite:child href="Bro017.E.segs.xml#id(Bro017.segment.1,133)"/>
            <nite:child href="Bro017.B.segs.xml#id(Bro017.segment.1,134)"/>
            <nite:child href="Bro017.E.segs.xml#id(Bro017.segment.1,135)..id(Bro017.segment.1,136)"/>
            <nite:child href="Bro017.C.segs.xml#id(Bro017.segment.1,137)"/>
            <nite:child href="Bro017.E.segs.xml#id(Bro017.segment.1,138)"/>
            <nite:child href="Bro017.B.segs.xml#id(Bro017.segment.1,139)"/>
            <nite:child href="Bro017.E.segs.xml#id(Bro017.segment.1,141)"/>
            <nite:child href="Bro017.C.segs.xml#id(Bro017.segment.1,140)"/>
            <nite:child href="Bro017.E.segs.xml#id(Bro017.segment.1,142)"/>
            <nite:child href="Bro017.C.segs.xml#id(Bro017.segment.1,143)"/>
            <nite:child href="Bro017.E.segs.xml#id(Bro017.segment.1,144)"/>
            <nite:child href="Bro017.B.segs.xml#id(Bro017.segment.1,145)"/>
            <nite:child href="Bro017.E.segs.xml#id(Bro017.segment.1,146)"/>
            <nite:child href="Bro017.B.segs.xml#id(Bro017.segment.1,147)"/>
            <nite:child href="Bro017.E.segs.xml#id(Bro017.segment.1,148)"/>
            <nite:child href="Bro017.B.segs.xml#id(Bro017.segment.1,149)"/>
            <nite:child href="Bro017.E.segs.xml#id(Bro017.segment.1,150)"/>
            <nite:child href="Bro017.B.segs.xml#id(Bro017.segment.1,151)..id(Bro017.segment.1,152)"/>
            <nite:child href="Bro017.E.segs.xml#id(Bro017.segment.1,153)..id(Bro017.segment.1,154)"/>
            <nite:child href="Bro017.B.segs.xml#id(Bro017.segment.1,155)"/>
            <nite:child href="Bro017.E.segs.xml#id(Bro017.segment.1,156)..id(Bro017.segment.1,157)"/>
            <nite:child href="Bro017.C.segs.xml#id(Bro017.segment.1,158)"/>
         </topic>
      </topic>
   </topic>
   <topic nite:id="Bro017.topic.14" description="Aurora system, collaboration">
      <topic nite:id="Bro017.topic.15" description="improving communications">
         <nite:child href="Bro017.B.segs.xml#id(Bro017.segment.1,159)"/>
         <nite:child href="Bro017.E.segs.xml#id(Bro017.segment.1,160)"/>
         <nite:child href="Bro017.B.segs.xml#id(Bro017.segment.1,161)..id(Bro017.segment.1,162)"/>
         <nite:child href="Bro017.E.segs.xml#id(Bro017.segment.1,163)"/>
         <nite:child href="Bro017.D.segs.xml#id(Bro017.segment.1,164)"/>
         <nite:child href="Bro017.B.segs.xml#id(Bro017.segment.1,165)"/>
         <nite:child href="Bro017.E.segs.xml#id(Bro017.segment.1,166)"/>
         <nite:child href="Bro017.B.segs.xml#id(Bro017.segment.1,167)"/>
         <nite:child href="Bro017.E.segs.xml#id(Bro017.segment.1,168)"/>
         <nite:child href="Bro017.A.segs.xml#id(Bro017.segment.1,169)"/>
         <nite:child href="Bro017.E.segs.xml#id(Bro017.segment.1,170)"/>
         <nite:child href="Bro017.B.segs.xml#id(Bro017.segment.1,171)"/>
         <nite:child href="Bro017.C.segs.xml#id(Bro017.segment.1,172)..id(Bro017.segment.1,173)"/>
         <nite:child href="Bro017.B.segs.xml#id(Bro017.segment.1,174)"/>
         <nite:child href="Bro017.E.segs.xml#id(Bro017.segment.1,175)"/>
         <nite:child href="Bro017.A.segs.xml#id(Bro017.segment.1,176)..id(Bro017.segment.1,177)"/>
         <nite:child href="Bro017.B.segs.xml#id(Bro017.segment.1,178)"/>
         <nite:child href="Bro017.C.segs.xml#id(Bro017.segment.1,179)..id(Bro017.segment.1,180)"/>
         <nite:child href="Bro017.E.segs.xml#id(Bro017.segment.1,181)..id(Bro017.segment.1,182)"/>
         <nite:child href="Bro017.B.segs.xml#id(Bro017.segment.1,183)"/>
         <nite:child href="Bro017.C.segs.xml#id(Bro017.segment.1,184)"/>
         <nite:child href="Bro017.D.segs.xml#id(Bro017.segment.1,185)"/>
         <nite:child href="Bro017.E.segs.xml#id(Bro017.segment.1,186)"/>
         <nite:child href="Bro017.B.segs.xml#id(Bro017.segment.1,187)..id(Bro017.segment.1,189)"/>
         <nite:child href="Bro017.E.segs.xml#id(Bro017.segment.1,190)"/>
         <nite:child href="Bro017.A.segs.xml#id(Bro017.segment.1,188)"/>
         <nite:child href="Bro017.B.segs.xml#id(Bro017.segment.1,191)"/>
         <nite:child href="Bro017.C.segs.xml#id(Bro017.segment.1,192)"/>
         <nite:child href="Bro017.E.segs.xml#id(Bro017.segment.1,193)"/>
         <nite:child href="Bro017.B.segs.xml#id(Bro017.segment.1,194)"/>
         <nite:child href="Bro017.E.segs.xml#id(Bro017.segment.1,195)"/>
         <nite:child href="Bro017.B.segs.xml#id(Bro017.segment.1,196)"/>
         <nite:child href="Bro017.E.segs.xml#id(Bro017.segment.1,197)"/>
         <nite:child href="Bro017.B.segs.xml#id(Bro017.segment.1,198)"/>
         <nite:child href="Bro017.E.segs.xml#id(Bro017.segment.1,199)..id(Bro017.segment.1,200)"/>
         <nite:child href="Bro017.C.segs.xml#id(Bro017.segment.1,201)"/>
         <nite:child href="Bro017.E.segs.xml#id(Bro017.segment.1,202)..id(Bro017.segment.1,203)"/>
         <nite:child href="Bro017.B.segs.xml#id(Bro017.segment.1,204)..id(Bro017.segment.1,206)"/>
         <nite:child href="Bro017.E.segs.xml#id(Bro017.segment.1,207)..id(Bro017.segment.1,208)"/>
         <nite:child href="Bro017.B.segs.xml#id(Bro017.segment.1,209)"/>
      </topic>
      <topic nite:id="Bro017.topic.16" description="Aurora II system">
         <nite:child href="Bro017.B.segs.xml#id(Bro017.segment.1,210)..id(Bro017.segment.1,213)"/>
         <nite:child href="Bro017.E.segs.xml#id(Bro017.segment.1,214)"/>
         <nite:child href="Bro017.B.segs.xml#id(Bro017.segment.1,215)..id(Bro017.segment.1,217)"/>
         <nite:child href="Bro017.C.segs.xml#id(Bro017.segment.1,218)"/>
         <nite:child href="Bro017.B.segs.xml#id(Bro017.segment.1,219)"/>
         <nite:child href="Bro017.C.segs.xml#id(Bro017.segment.1,220)"/>
         <nite:child href="Bro017.B.segs.xml#id(Bro017.segment.1,221)..id(Bro017.segment.1,223)"/>
         <nite:child href="Bro017.E.segs.xml#id(Bro017.segment.1,224)..id(Bro017.segment.1,225)"/>
         <nite:child href="Bro017.B.segs.xml#id(Bro017.segment.1,226)..id(Bro017.segment.1,229)"/>
         <nite:child href="Bro017.C.segs.xml#id(Bro017.segment.1,230)..id(Bro017.segment.1,231)"/>
         <nite:child href="Bro017.B.segs.xml#id(Bro017.segment.1,232)"/>
         <nite:child href="Bro017.C.segs.xml#id(Bro017.segment.1,233)"/>
         <nite:child href="Bro017.B.segs.xml#id(Bro017.segment.1,234)"/>
         <nite:child href="Bro017.C.segs.xml#id(Bro017.segment.1,235)..id(Bro017.segment.1,237)"/>
         <nite:child href="Bro017.B.segs.xml#id(Bro017.segment.1,238)"/>
         <nite:child href="Bro017.C.segs.xml#id(Bro017.segment.1,239)"/>
         <nite:child href="Bro017.B.segs.xml#id(Bro017.segment.1,240)"/>
         <nite:child href="Bro017.E.segs.xml#id(Bro017.segment.1,241)..id(Bro017.segment.1,242)"/>
         <nite:child href="Bro017.C.segs.xml#id(Bro017.segment.1,243)"/>
         <nite:child href="Bro017.A.segs.xml#id(Bro017.segment.1,244)"/>
         <nite:child href="Bro017.E.segs.xml#id(Bro017.segment.1,245)"/>
         <nite:child href="Bro017.C.segs.xml#id(Bro017.segment.1,246)"/>
         <nite:child href="Bro017.A.segs.xml#id(Bro017.segment.1,247)"/>
         <nite:child href="Bro017.B.segs.xml#id(Bro017.segment.1,248)"/>
         <nite:child href="Bro017.E.segs.xml#id(Bro017.segment.1,249)"/>
         <nite:child href="Bro017.B.segs.xml#id(Bro017.segment.1,250)"/>
         <nite:child href="Bro017.E.segs.xml#id(Bro017.segment.1,251)"/>
         <nite:child href="Bro017.B.segs.xml#id(Bro017.segment.1,252)"/>
         <nite:child href="Bro017.A.segs.xml#id(Bro017.segment.1,253)"/>
         <nite:child href="Bro017.E.segs.xml#id(Bro017.segment.1,254)"/>
         <nite:child href="Bro017.C.segs.xml#id(Bro017.segment.1,255)"/>
         <nite:child href="Bro017.B.segs.xml#id(Bro017.segment.1,256)..id(Bro017.segment.1,257)"/>
         <nite:child href="Bro017.E.segs.xml#id(Bro017.segment.1,258)"/>
         <nite:child href="Bro017.A.segs.xml#id(Bro017.segment.1,259)"/>
         <nite:child href="Bro017.B.segs.xml#id(Bro017.segment.1,260)"/>
         <nite:child href="Bro017.C.segs.xml#id(Bro017.segment.1,261)"/>
         <nite:child href="Bro017.B.segs.xml#id(Bro017.segment.1,262)"/>
         <nite:child href="Bro017.A.segs.xml#id(Bro017.segment.1,263)..id(Bro017.segment.1,264)"/>
         <nite:child href="Bro017.B.segs.xml#id(Bro017.segment.1,265)..id(Bro017.segment.1,266)"/>
         <nite:child href="Bro017.A.segs.xml#id(Bro017.segment.1,267)"/>
         <nite:child href="Bro017.B.segs.xml#id(Bro017.segment.1,268)"/>
         <nite:child href="Bro017.A.segs.xml#id(Bro017.segment.1,269)"/>
         <nite:child href="Bro017.C.segs.xml#id(Bro017.segment.1,270)"/>
         <nite:child href="Bro017.A.segs.xml#id(Bro017.segment.1,271)"/>
         <nite:child href="Bro017.C.segs.xml#id(Bro017.segment.1,272)"/>
         <nite:child href="Bro017.B.segs.xml#id(Bro017.segment.1,273)"/>
         <nite:child href="Bro017.C.segs.xml#id(Bro017.segment.1,274)..id(Bro017.segment.1,275)"/>
         <nite:child href="Bro017.B.segs.xml#id(Bro017.segment.1,276)..id(Bro017.segment.1,278)"/>
         <nite:child href="Bro017.C.segs.xml#id(Bro017.segment.1,279)..id(Bro017.segment.1,281)"/>
         <nite:child href="Bro017.D.segs.xml#id(Bro017.segment.1,282)"/>
         <nite:child href="Bro017.B.segs.xml#id(Bro017.segment.1,283)"/>
         <nite:child href="Bro017.C.segs.xml#id(Bro017.segment.1,284)"/>
         <nite:child href="Bro017.E.segs.xml#id(Bro017.segment.1,285)"/>
         <nite:child href="Bro017.B.segs.xml#id(Bro017.segment.1,286)..id(Bro017.segment.1,287)"/>
         <nite:child href="Bro017.C.segs.xml#id(Bro017.segment.1,288)"/>
         <nite:child href="Bro017.B.segs.xml#id(Bro017.segment.1,289)"/>
         <nite:child href="Bro017.C.segs.xml#id(Bro017.segment.1,290)"/>
         <nite:child href="Bro017.B.segs.xml#id(Bro017.segment.1,291)"/>
         <nite:child href="Bro017.C.segs.xml#id(Bro017.segment.1,292)..id(Bro017.segment.1,293)"/>
         <nite:child href="Bro017.B.segs.xml#id(Bro017.segment.1,294)..id(Bro017.segment.1,295)"/>
         <nite:child href="Bro017.E.segs.xml#id(Bro017.segment.1,296)"/>
         <nite:child href="Bro017.B.segs.xml#id(Bro017.segment.1,297)"/>
         <nite:child href="Bro017.C.segs.xml#id(Bro017.segment.1,298)"/>
         <nite:child href="Bro017.B.segs.xml#id(Bro017.segment.1,299)"/>
         <nite:child href="Bro017.C.segs.xml#id(Bro017.segment.1,300)..id(Bro017.segment.1,301)"/>
         <nite:child href="Bro017.A.segs.xml#id(Bro017.segment.1,302)"/>
         <nite:child href="Bro017.C.segs.xml#id(Bro017.segment.1,303)"/>
         <nite:child href="Bro017.B.segs.xml#id(Bro017.segment.1,304)..id(Bro017.segment.1,305)"/>
         <nite:child href="Bro017.C.segs.xml#id(Bro017.segment.1,306)..id(Bro017.segment.1,307)"/>
         <nite:child href="Bro017.B.segs.xml#id(Bro017.segment.1,308)..id(Bro017.segment.1,312)"/>
         <nite:child href="Bro017.E.segs.xml#id(Bro017.segment.1,313)..id(Bro017.segment.1,314)"/>
         <nite:child href="Bro017.B.segs.xml#id(Bro017.segment.1,315)"/>
         <nite:child href="Bro017.E.segs.xml#id(Bro017.segment.1,316)"/>
         <nite:child href="Bro017.B.segs.xml#id(Bro017.segment.1,317)..id(Bro017.segment.1,318)"/>
         <nite:child href="Bro017.C.segs.xml#id(Bro017.segment.1,319)"/>
         <nite:child href="Bro017.E.segs.xml#id(Bro017.segment.1,320)"/>
      </topic>
   </topic>
   <topic nite:id="Bro017.topic.17" description="closing">
      <nite:child href="Bro017.B.segs.xml#id(Bro017.segment.1,321)"/>
      <nite:child href="Bro017.E.segs.xml#id(Bro017.segment.1,322)..id(Bro017.segment.1,323)"/>
      <nite:child href="Bro017.C.segs.xml#id(Bro017.segment.1,324)"/>
      <nite:child href="Bro017.B.segs.xml#id(Bro017.segment.1,325)"/>
      <nite:child href="Bro017.E.segs.xml#id(Bro017.segment.1,326)"/>
      <nite:child href="Bro017.B.segs.xml#id(Bro017.segment.1,327)"/>
      <nite:child href="Bro017.E.segs.xml#id(Bro017.segment.1,328)..id(Bro017.segment.1,329)"/>
      <nite:child href="Bro017.B.segs.xml#id(Bro017.segment.1,330)..id(Bro017.segment.1,331)"/>
      <nite:child href="Bro017.E.segs.xml#id(Bro017.segment.1,332)..id(Bro017.segment.1,335)"/>
      <nite:child href="Bro017.C.segs.xml#id(Bro017.segment.1,336)"/>
      <nite:child href="Bro017.B.segs.xml#id(Bro017.segment.1,337)..id(Bro017.segment.1,338)"/>
      <nite:child href="Bro017.E.segs.xml#id(Bro017.segment.1,339)"/>
      <nite:child href="Bro017.B.segs.xml#id(Bro017.segment.1,340)"/>
      <nite:child href="Bro017.E.segs.xml#id(Bro017.segment.1,341)"/>
      <topic nite:id="Bro017.topic.18" description="digit task">
         <nite:child href="Bro017.B.segs.xml#id(Bro017.segment.1,342)..id(Bro017.segment.1,350)"/>
         <nite:child href="Bro017.E.segs.xml#id(Bro017.segment.1,351)..id(Bro017.segment.1,359)"/>
         <nite:child href="Bro017.A.segs.xml#id(Bro017.segment.1,360)..id(Bro017.segment.1,368)"/>
         <nite:child href="Bro017.D.segs.xml#id(Bro017.segment.1,369)..id(Bro017.segment.1,377)"/>
         <nite:child href="Bro017.C.segs.xml#id(Bro017.segment.1,378)..id(Bro017.segment.1,382)"/>
         <nite:child href="Bro017.E.segs.xml#id(Bro017.segment.1,383)"/>
         <nite:child href="Bro017.C.segs.xml#id(Bro017.segment.1,384)..id(Bro017.segment.1,385)"/>
         <nite:child href="Bro017.D.segs.xml#id(Bro017.segment.1,386)"/>
         <nite:child href="Bro017.C.segs.xml#id(Bro017.segment.1,387)"/>
         <nite:child href="Bro017.E.segs.xml#id(Bro017.segment.1,388)"/>
         <nite:child href="Bro017.C.segs.xml#id(Bro017.segment.1,389)"/>
      </topic>
   </topic>
</nite:root>