<?xml version="1.0" encoding="ISO-8859-1" standalone="yes"?>
<nite:root nite:id="Bro019.topic" xmlns:nite="http://nite.sourceforge.net/">
   <topic nite:id="Bro019.topic.13" description="opening">
      <nite:child href="Bro019.C.segs.xml#id(Bro019.segment.1)"/>
      <nite:child href="Bro019.F.segs.xml#id(Bro019.segment.2)"/>
      <nite:child href="Bro019.A.segs.xml#id(Bro019.segment.3)"/>
      <nite:child href="Bro019.F.segs.xml#id(Bro019.segment.4)"/>
      <nite:child href="Bro019.A.segs.xml#id(Bro019.segment.5)"/>
      <nite:child href="Bro019.F.segs.xml#id(Bro019.segment.6)"/>
      <nite:child href="Bro019.C.segs.xml#id(Bro019.segment.7)"/>
      <nite:child href="Bro019.F.segs.xml#id(Bro019.segment.8)"/>
      <nite:child href="Bro019.C.segs.xml#id(Bro019.segment.9)"/>
      <nite:child href="Bro019.B.segs.xml#id(Bro019.segment.10)"/>
      <nite:child href="Bro019.A.segs.xml#id(Bro019.segment.11)"/>
      <nite:child href="Bro019.B.segs.xml#id(Bro019.segment.12)"/>
      <nite:child href="Bro019.C.segs.xml#id(Bro019.segment.13)"/>
      <nite:child href="Bro019.A.segs.xml#id(Bro019.segment.14)..id(Bro019.segment.15)"/>
      <nite:child href="Bro019.C.segs.xml#id(Bro019.segment.16)"/>
      <nite:child href="Bro019.B.segs.xml#id(Bro019.segment.17)"/>
      <nite:child href="Bro019.C.segs.xml#id(Bro019.segment.18)..id(Bro019.segment.20)"/>
      <nite:child href="Bro019.A.segs.xml#id(Bro019.segment.21)"/>
      <nite:child href="Bro019.B.segs.xml#id(Bro019.segment.22)..id(Bro019.segment.23)"/>
      <nite:child href="Bro019.C.segs.xml#id(Bro019.segment.24)"/>
      <nite:child href="Bro019.F.segs.xml#id(Bro019.segment.25)"/>
      <nite:child href="Bro019.B.segs.xml#id(Bro019.segment.26)"/>
      <nite:child href="Bro019.A.segs.xml#id(Bro019.segment.27)"/>
      <nite:child href="Bro019.C.segs.xml#id(Bro019.segment.28)"/>
      <nite:child href="Bro019.B.segs.xml#id(Bro019.segment.29)"/>
      <nite:child href="Bro019.C.segs.xml#id(Bro019.segment.30)..id(Bro019.segment.32)"/>
      <nite:child href="Bro019.A.segs.xml#id(Bro019.segment.33)"/>
      <nite:child href="Bro019.F.segs.xml#id(Bro019.segment.34)"/>
      <nite:child href="Bro019.A.segs.xml#id(Bro019.segment.35)"/>
      <nite:child href="Bro019.F.segs.xml#id(Bro019.segment.36)"/>
      <nite:child href="Bro019.G.segs.xml#id(Bro019.segment.37)"/>
      <nite:child href="Bro019.A.segs.xml#id(Bro019.segment.38)"/>
      <nite:child href="Bro019.F.segs.xml#id(Bro019.segment.39)"/>
      <nite:child href="Bro019.A.segs.xml#id(Bro019.segment.40)..id(Bro019.segment.41)"/>
      <nite:child href="Bro019.F.segs.xml#id(Bro019.segment.42)"/>
      <nite:child href="Bro019.A.segs.xml#id(Bro019.segment.43)"/>
      <nite:child href="Bro019.G.segs.xml#id(Bro019.segment.44)"/>
      <nite:child href="Bro019.F.segs.xml#id(Bro019.segment.45)"/>
      <nite:child href="Bro019.A.segs.xml#id(Bro019.segment.46)"/>
      <nite:child href="Bro019.C.segs.xml#id(Bro019.segment.47)..id(Bro019.segment.48)"/>
      <nite:child href="Bro019.F.segs.xml#id(Bro019.segment.49)"/>
      <nite:child href="Bro019.A.segs.xml#id(Bro019.segment.50)"/>
      <nite:child href="Bro019.G.segs.xml#id(Bro019.segment.51)"/>
      <nite:child href="Bro019.F.segs.xml#id(Bro019.segment.52)"/>
      <nite:child href="Bro019.C.segs.xml#id(Bro019.segment.53)..id(Bro019.segment.54)"/>
      <nite:child href="Bro019.D.segs.xml#id(Bro019.segment.55)"/>
      <nite:child href="Bro019.A.segs.xml#id(Bro019.segment.57)"/>
      <nite:child href="Bro019.C.segs.xml#id(Bro019.segment.56)"/>
      <nite:child href="Bro019.F.segs.xml#id(Bro019.segment.58)"/>
      <nite:child href="Bro019.C.segs.xml#id(Bro019.segment.59)..id(Bro019.segment.60)"/>
      <topic nite:id="Bro019.topic.14" description="summary of meeting agenda items">
         <nite:child href="Bro019.C.segs.xml#id(Bro019.segment.61)..id(Bro019.segment.64)"/>
         <nite:child href="Bro019.F.segs.xml#id(Bro019.segment.65)"/>
         <nite:child href="Bro019.C.segs.xml#id(Bro019.segment.66)..id(Bro019.segment.72)"/>
         <nite:child href="Bro019.F.segs.xml#id(Bro019.segment.73)"/>
         <nite:child href="Bro019.C.segs.xml#id(Bro019.segment.74)..id(Bro019.segment.76)"/>
         <nite:child href="Bro019.F.segs.xml#id(Bro019.segment.77)"/>
      </topic>
   </topic>
   <topic nite:id="Bro019.topic.10" description="computing environment">
      <nite:child href="Bro019.F.segs.xml#id(Bro019.segment.78)..id(Bro019.segment.82)"/>
      <topic nite:id="Bro019.topic.11" description="P-Make, Customs network">
         <nite:child href="Bro019.F.segs.xml#id(Bro019.segment.83)..id(Bro019.segment.89)"/>
         <nite:child href="Bro019.C.segs.xml#id(Bro019.segment.90)"/>
         <nite:child href="Bro019.F.segs.xml#id(Bro019.segment.91)"/>
         <nite:child href="Bro019.G.segs.xml#id(Bro019.segment.92)"/>
         <nite:child href="Bro019.F.segs.xml#id(Bro019.segment.93)..id(Bro019.segment.99)"/>
         <nite:child href="Bro019.G.segs.xml#id(Bro019.segment.100)"/>
         <nite:child href="Bro019.C.segs.xml#id(Bro019.segment.101)"/>
         <nite:child href="Bro019.F.segs.xml#id(Bro019.segment.102)"/>
         <nite:child href="Bro019.C.segs.xml#id(Bro019.segment.103)"/>
         <nite:child href="Bro019.G.segs.xml#id(Bro019.segment.104)..id(Bro019.segment.105)"/>
         <nite:child href="Bro019.F.segs.xml#id(Bro019.segment.106)..id(Bro019.segment.111)"/>
         <nite:child href="Bro019.C.segs.xml#id(Bro019.segment.112)"/>
         <nite:child href="Bro019.F.segs.xml#id(Bro019.segment.113)..id(Bro019.segment.118)"/>
         <nite:child href="Bro019.C.segs.xml#id(Bro019.segment.119)"/>
         <nite:child href="Bro019.F.segs.xml#id(Bro019.segment.120)"/>
         <nite:child href="Bro019.C.segs.xml#id(Bro019.segment.121)"/>
         <nite:child href="Bro019.A.segs.xml#id(Bro019.segment.122)"/>
         <nite:child href="Bro019.B.segs.xml#id(Bro019.segment.123)"/>
         <nite:child href="Bro019.G.segs.xml#id(Bro019.segment.124)"/>
         <nite:child href="Bro019.F.segs.xml#id(Bro019.segment.125)"/>
         <nite:child href="Bro019.A.segs.xml#id(Bro019.segment.126)"/>
         <nite:child href="Bro019.F.segs.xml#id(Bro019.segment.127)..id(Bro019.segment.128)"/>
         <nite:child href="Bro019.G.segs.xml#id(Bro019.segment.129)"/>
         <nite:child href="Bro019.F.segs.xml#id(Bro019.segment.130)..id(Bro019.segment.131)"/>
         <nite:child href="Bro019.G.segs.xml#id(Bro019.segment.132)"/>
         <nite:child href="Bro019.F.segs.xml#id(Bro019.segment.133)..id(Bro019.segment.134)"/>
         <topic nite:id="Bro019.topic.12" description="parallelization, running multiple jobs">
            <nite:child href="Bro019.G.segs.xml#id(Bro019.segment.135)..id(Bro019.segment.136)"/>
            <nite:child href="Bro019.F.segs.xml#id(Bro019.segment.137)"/>
            <nite:child href="Bro019.G.segs.xml#id(Bro019.segment.138)"/>
            <nite:child href="Bro019.F.segs.xml#id(Bro019.segment.139)"/>
            <nite:child href="Bro019.G.segs.xml#id(Bro019.segment.140)"/>
            <nite:child href="Bro019.F.segs.xml#id(Bro019.segment.141)"/>
            <nite:child href="Bro019.G.segs.xml#id(Bro019.segment.142)..id(Bro019.segment.144)"/>
            <nite:child href="Bro019.F.segs.xml#id(Bro019.segment.145)..id(Bro019.segment.148)"/>
            <nite:child href="Bro019.G.segs.xml#id(Bro019.segment.149)"/>
            <nite:child href="Bro019.F.segs.xml#id(Bro019.segment.150)..id(Bro019.segment.151)"/>
            <nite:child href="Bro019.G.segs.xml#id(Bro019.segment.152)..id(Bro019.segment.153)"/>
            <nite:child href="Bro019.F.segs.xml#id(Bro019.segment.154)..id(Bro019.segment.157)"/>
            <nite:child href="Bro019.C.segs.xml#id(Bro019.segment.158)..id(Bro019.segment.159)"/>
            <nite:child href="Bro019.F.segs.xml#id(Bro019.segment.160)..id(Bro019.segment.162)"/>
            <nite:child href="Bro019.C.segs.xml#id(Bro019.segment.163)"/>
            <nite:child href="Bro019.G.segs.xml#id(Bro019.segment.164)"/>
            <nite:child href="Bro019.F.segs.xml#id(Bro019.segment.165)..id(Bro019.segment.166)"/>
            <nite:child href="Bro019.D.segs.xml#id(Bro019.segment.167)"/>
            <nite:child href="Bro019.A.segs.xml#id(Bro019.segment.168)"/>
            <nite:child href="Bro019.D.segs.xml#id(Bro019.segment.169)"/>
            <nite:child href="Bro019.F.segs.xml#id(Bro019.segment.170)..id(Bro019.segment.171)"/>
            <nite:child href="Bro019.G.segs.xml#id(Bro019.segment.172)"/>
            <nite:child href="Bro019.F.segs.xml#id(Bro019.segment.173)"/>
            <nite:child href="Bro019.G.segs.xml#id(Bro019.segment.174)"/>
            <nite:child href="Bro019.F.segs.xml#id(Bro019.segment.175)"/>
            <nite:child href="Bro019.G.segs.xml#id(Bro019.segment.176)"/>
            <nite:child href="Bro019.F.segs.xml#id(Bro019.segment.177)"/>
            <nite:child href="Bro019.G.segs.xml#id(Bro019.segment.178)"/>
            <nite:child href="Bro019.F.segs.xml#id(Bro019.segment.179)"/>
            <nite:child href="Bro019.G.segs.xml#id(Bro019.segment.180)"/>
            <nite:child href="Bro019.F.segs.xml#id(Bro019.segment.181)..id(Bro019.segment.182)"/>
            <nite:child href="Bro019.D.segs.xml#id(Bro019.segment.183)..id(Bro019.segment.185)"/>
            <nite:child href="Bro019.F.segs.xml#id(Bro019.segment.186)"/>
            <nite:child href="Bro019.D.segs.xml#id(Bro019.segment.187)..id(Bro019.segment.188)"/>
            <nite:child href="Bro019.F.segs.xml#id(Bro019.segment.189)"/>
            <nite:child href="Bro019.D.segs.xml#id(Bro019.segment.190)"/>
            <nite:child href="Bro019.F.segs.xml#id(Bro019.segment.191)..id(Bro019.segment.192)"/>
            <nite:child href="Bro019.D.segs.xml#id(Bro019.segment.193)"/>
            <nite:child href="Bro019.F.segs.xml#id(Bro019.segment.194)"/>
            <nite:child href="Bro019.C.segs.xml#id(Bro019.segment.195)"/>
            <nite:child href="Bro019.F.segs.xml#id(Bro019.segment.196)..id(Bro019.segment.199)"/>
            <nite:child href="Bro019.D.segs.xml#id(Bro019.segment.200)"/>
         </topic>
         <nite:child href="Bro019.C.segs.xml#id(Bro019.segment.201)"/>
         <nite:child href="Bro019.F.segs.xml#id(Bro019.segment.202)..id(Bro019.segment.203)"/>
         <nite:child href="Bro019.C.segs.xml#id(Bro019.segment.204)"/>
         <nite:child href="Bro019.F.segs.xml#id(Bro019.segment.205)..id(Bro019.segment.208)"/>
         <nite:child href="Bro019.C.segs.xml#id(Bro019.segment.209)"/>
         <nite:child href="Bro019.F.segs.xml#id(Bro019.segment.210)..id(Bro019.segment.213)"/>
         <nite:child href="Bro019.C.segs.xml#id(Bro019.segment.214)"/>
         <nite:child href="Bro019.F.segs.xml#id(Bro019.segment.215)..id(Bro019.segment.219)"/>
         <nite:child href="Bro019.C.segs.xml#id(Bro019.segment.220)..id(Bro019.segment.221)"/>
         <nite:child href="Bro019.F.segs.xml#id(Bro019.segment.222)"/>
         <nite:child href="Bro019.C.segs.xml#id(Bro019.segment.223)..id(Bro019.segment.224)"/>
         <nite:child href="Bro019.F.segs.xml#id(Bro019.segment.225)"/>
         <nite:child href="Bro019.C.segs.xml#id(Bro019.segment.226)..id(Bro019.segment.228)"/>
         <nite:child href="Bro019.F.segs.xml#id(Bro019.segment.229)..id(Bro019.segment.232)"/>
         <nite:child href="Bro019.C.segs.xml#id(Bro019.segment.233)..id(Bro019.segment.235)"/>
         <nite:child href="Bro019.F.segs.xml#id(Bro019.segment.236)"/>
         <nite:child href="Bro019.G.segs.xml#id(Bro019.segment.237)"/>
         <nite:child href="Bro019.F.segs.xml#id(Bro019.segment.238)"/>
         <nite:child href="Bro019.G.segs.xml#id(Bro019.segment.239)"/>
         <nite:child href="Bro019.F.segs.xml#id(Bro019.segment.240)"/>
         <nite:child href="Bro019.C.segs.xml#id(Bro019.segment.241)..id(Bro019.segment.242)"/>
      </topic>
      <nite:child href="Bro019.A.segs.xml#id(Bro019.segment.243)..id(Bro019.segment.244)"/>
      <nite:child href="Bro019.F.segs.xml#id(Bro019.segment.245)"/>
      <nite:child href="Bro019.A.segs.xml#id(Bro019.segment.246)"/>
      <nite:child href="Bro019.F.segs.xml#id(Bro019.segment.247)..id(Bro019.segment.248)"/>
      <nite:child href="Bro019.A.segs.xml#id(Bro019.segment.249)"/>
      <nite:child href="Bro019.F.segs.xml#id(Bro019.segment.250)"/>
      <nite:child href="Bro019.D.segs.xml#id(Bro019.segment.251)"/>
      <nite:child href="Bro019.F.segs.xml#id(Bro019.segment.252)"/>
      <nite:child href="Bro019.A.segs.xml#id(Bro019.segment.253)"/>
   </topic>
   <topic nite:id="Bro019.topic.9" description="report from Sunil, speech enhancement">
      <nite:child href="Bro019.C.segs.xml#id(Bro019.segment.254)..id(Bro019.segment.256)"/>
      <nite:child href="Bro019.A.segs.xml#id(Bro019.segment.257)..id(Bro019.segment.262)"/>
      <nite:child href="Bro019.C.segs.xml#id(Bro019.segment.263)"/>
      <nite:child href="Bro019.D.segs.xml#id(Bro019.segment.264)"/>
      <nite:child href="Bro019.A.segs.xml#id(Bro019.segment.265)..id(Bro019.segment.272)"/>
      <nite:child href="Bro019.B.segs.xml#id(Bro019.segment.271)"/>
      <nite:child href="Bro019.C.segs.xml#id(Bro019.segment.267)"/>
      <nite:child href="Bro019.D.segs.xml#id(Bro019.segment.269)"/>
      <nite:child href="Bro019.E.segs.xml#id(Bro019.segment.268)"/>
      <nite:child href="Bro019.F.segs.xml#id(Bro019.segment.273)"/>
      <nite:child href="Bro019.G.segs.xml#id(Bro019.segment.274)"/>
      <nite:child href="Bro019.A.segs.xml#id(Bro019.segment.275)..id(Bro019.segment.284)"/>
      <nite:child href="Bro019.B.segs.xml#id(Bro019.segment.280)"/>
      <nite:child href="Bro019.D.segs.xml#id(Bro019.segment.283)"/>
      <nite:child href="Bro019.E.segs.xml#id(Bro019.segment.281)"/>
      <nite:child href="Bro019.F.segs.xml#id(Bro019.segment.279)"/>
      <nite:child href="Bro019.G.segs.xml#id(Bro019.segment.282)"/>
      <nite:child href="Bro019.C.segs.xml#id(Bro019.segment.285)"/>
      <nite:child href="Bro019.A.segs.xml#id(Bro019.segment.286)"/>
      <topic nite:id="Bro019.topic.16" description="LDA filter application">
         <nite:child href="Bro019.A.segs.xml#id(Bro019.segment.287)"/>
         <nite:child href="Bro019.G.segs.xml#id(Bro019.segment.288)"/>
         <nite:child href="Bro019.A.segs.xml#id(Bro019.segment.289)"/>
         <nite:child href="Bro019.B.segs.xml#id(Bro019.segment.291)"/>
         <nite:child href="Bro019.C.segs.xml#id(Bro019.segment.294)"/>
         <nite:child href="Bro019.D.segs.xml#id(Bro019.segment.293)"/>
         <nite:child href="Bro019.E.segs.xml#id(Bro019.segment.292)"/>
         <nite:child href="Bro019.F.segs.xml#id(Bro019.segment.295)"/>
         <nite:child href="Bro019.A.segs.xml#id(Bro019.segment.296)..id(Bro019.segment.297)"/>
         <nite:child href="Bro019.F.segs.xml#id(Bro019.segment.298)"/>
         <nite:child href="Bro019.A.segs.xml#id(Bro019.segment.299)"/>
         <nite:child href="Bro019.F.segs.xml#id(Bro019.segment.300)..id(Bro019.segment.301)"/>
         <nite:child href="Bro019.A.segs.xml#id(Bro019.segment.302)..id(Bro019.segment.305)"/>
         <nite:child href="Bro019.F.segs.xml#id(Bro019.segment.306)"/>
         <nite:child href="Bro019.A.segs.xml#id(Bro019.segment.307)..id(Bro019.segment.316)"/>
         <nite:child href="Bro019.C.segs.xml#id(Bro019.segment.317)"/>
         <nite:child href="Bro019.D.segs.xml#id(Bro019.segment.319)"/>
         <nite:child href="Bro019.G.segs.xml#id(Bro019.segment.318)"/>
         <nite:child href="Bro019.B.segs.xml#id(Bro019.segment.321)"/>
         <nite:child href="Bro019.E.segs.xml#id(Bro019.segment.320)"/>
         <nite:child href="Bro019.F.segs.xml#id(Bro019.segment.323)"/>
         <nite:child href="Bro019.A.segs.xml#id(Bro019.segment.324)..id(Bro019.segment.340)"/>
      </topic>
      <topic nite:id="Bro019.topic.17" description="Aurora baseline performance, on-line normalization">
         <nite:child href="Bro019.A.segs.xml#id(Bro019.segment.341)..id(Bro019.segment.350)"/>
         <nite:child href="Bro019.C.segs.xml#id(Bro019.segment.351)"/>
         <nite:child href="Bro019.D.segs.xml#id(Bro019.segment.352)"/>
         <nite:child href="Bro019.C.segs.xml#id(Bro019.segment.353)"/>
         <nite:child href="Bro019.A.segs.xml#id(Bro019.segment.354)..id(Bro019.segment.355)"/>
         <nite:child href="Bro019.C.segs.xml#id(Bro019.segment.356)"/>
         <nite:child href="Bro019.A.segs.xml#id(Bro019.segment.357)..id(Bro019.segment.359)"/>
         <nite:child href="Bro019.C.segs.xml#id(Bro019.segment.360)"/>
         <nite:child href="Bro019.A.segs.xml#id(Bro019.segment.361)..id(Bro019.segment.362)"/>
         <nite:child href="Bro019.C.segs.xml#id(Bro019.segment.363)"/>
         <nite:child href="Bro019.A.segs.xml#id(Bro019.segment.364)"/>
         <nite:child href="Bro019.C.segs.xml#id(Bro019.segment.365)"/>
         <nite:child href="Bro019.A.segs.xml#id(Bro019.segment.366)..id(Bro019.segment.367)"/>
         <nite:child href="Bro019.C.segs.xml#id(Bro019.segment.368)"/>
         <nite:child href="Bro019.A.segs.xml#id(Bro019.segment.369)"/>
         <nite:child href="Bro019.B.segs.xml#id(Bro019.segment.370)"/>
         <nite:child href="Bro019.A.segs.xml#id(Bro019.segment.371)"/>
         <nite:child href="Bro019.C.segs.xml#id(Bro019.segment.372)"/>
         <nite:child href="Bro019.A.segs.xml#id(Bro019.segment.373)..id(Bro019.segment.376)"/>
         <nite:child href="Bro019.C.segs.xml#id(Bro019.segment.377)"/>
         <nite:child href="Bro019.A.segs.xml#id(Bro019.segment.378)"/>
         <nite:child href="Bro019.F.segs.xml#id(Bro019.segment.379)"/>
         <nite:child href="Bro019.A.segs.xml#id(Bro019.segment.380)"/>
         <nite:child href="Bro019.F.segs.xml#id(Bro019.segment.382)"/>
         <nite:child href="Bro019.A.segs.xml#id(Bro019.segment.381)"/>
         <nite:child href="Bro019.F.segs.xml#id(Bro019.segment.383)"/>
         <nite:child href="Bro019.C.segs.xml#id(Bro019.segment.384)"/>
         <nite:child href="Bro019.A.segs.xml#id(Bro019.segment.385)..id(Bro019.segment.386)"/>
         <nite:child href="Bro019.C.segs.xml#id(Bro019.segment.387)"/>
         <nite:child href="Bro019.F.segs.xml#id(Bro019.segment.388)"/>
         <nite:child href="Bro019.A.segs.xml#id(Bro019.segment.389)"/>
         <nite:child href="Bro019.C.segs.xml#id(Bro019.segment.390)"/>
         <nite:child href="Bro019.A.segs.xml#id(Bro019.segment.391)"/>
         <nite:child href="Bro019.F.segs.xml#id(Bro019.segment.392)"/>
         <nite:child href="Bro019.C.segs.xml#id(Bro019.segment.393)"/>
         <nite:child href="Bro019.F.segs.xml#id(Bro019.segment.394)"/>
         <nite:child href="Bro019.C.segs.xml#id(Bro019.segment.395)"/>
         <nite:child href="Bro019.F.segs.xml#id(Bro019.segment.396)..id(Bro019.segment.397)"/>
         <nite:child href="Bro019.C.segs.xml#id(Bro019.segment.398)"/>
         <nite:child href="Bro019.A.segs.xml#id(Bro019.segment.399)"/>
         <nite:child href="Bro019.F.segs.xml#id(Bro019.segment.400)"/>
         <nite:child href="Bro019.A.segs.xml#id(Bro019.segment.401)"/>
         <nite:child href="Bro019.F.segs.xml#id(Bro019.segment.402)"/>
         <nite:child href="Bro019.A.segs.xml#id(Bro019.segment.403)..id(Bro019.segment.409)"/>
         <nite:child href="Bro019.F.segs.xml#id(Bro019.segment.410)"/>
         <nite:child href="Bro019.C.segs.xml#id(Bro019.segment.411)"/>
         <nite:child href="Bro019.A.segs.xml#id(Bro019.segment.412)"/>
         <nite:child href="Bro019.C.segs.xml#id(Bro019.segment.413)"/>
         <nite:child href="Bro019.A.segs.xml#id(Bro019.segment.414)"/>
         <nite:child href="Bro019.C.segs.xml#id(Bro019.segment.415)"/>
         <nite:child href="Bro019.A.segs.xml#id(Bro019.segment.417)"/>
         <nite:child href="Bro019.C.segs.xml#id(Bro019.segment.416)"/>
         <nite:child href="Bro019.A.segs.xml#id(Bro019.segment.418)..id(Bro019.segment.419)"/>
         <nite:child href="Bro019.F.segs.xml#id(Bro019.segment.420)"/>
         <nite:child href="Bro019.A.segs.xml#id(Bro019.segment.421)..id(Bro019.segment.422)"/>
         <nite:child href="Bro019.F.segs.xml#id(Bro019.segment.423)"/>
         <nite:child href="Bro019.A.segs.xml#id(Bro019.segment.424)"/>
         <nite:child href="Bro019.G.segs.xml#id(Bro019.segment.425)"/>
         <nite:child href="Bro019.C.segs.xml#id(Bro019.segment.426)"/>
         <nite:child href="Bro019.F.segs.xml#id(Bro019.segment.427)"/>
         <nite:child href="Bro019.C.segs.xml#id(Bro019.segment.428)"/>
         <nite:child href="Bro019.A.segs.xml#id(Bro019.segment.429)"/>
         <nite:child href="Bro019.C.segs.xml#id(Bro019.segment.430)"/>
         <nite:child href="Bro019.F.segs.xml#id(Bro019.segment.431)..id(Bro019.segment.432)"/>
         <nite:child href="Bro019.A.segs.xml#id(Bro019.segment.433)..id(Bro019.segment.436)"/>
         <nite:child href="Bro019.F.segs.xml#id(Bro019.segment.437)"/>
         <nite:child href="Bro019.A.segs.xml#id(Bro019.segment.438)"/>
         <nite:child href="Bro019.G.segs.xml#id(Bro019.segment.439)"/>
         <nite:child href="Bro019.A.segs.xml#id(Bro019.segment.440)..id(Bro019.segment.442)"/>
         <nite:child href="Bro019.F.segs.xml#id(Bro019.segment.443)"/>
         <nite:child href="Bro019.C.segs.xml#id(Bro019.segment.444)"/>
         <nite:child href="Bro019.F.segs.xml#id(Bro019.segment.445)"/>
         <nite:child href="Bro019.G.segs.xml#id(Bro019.segment.446)"/>
         <nite:child href="Bro019.F.segs.xml#id(Bro019.segment.448)"/>
         <nite:child href="Bro019.C.segs.xml#id(Bro019.segment.447)"/>
         <nite:child href="Bro019.A.segs.xml#id(Bro019.segment.449)"/>
         <nite:child href="Bro019.D.segs.xml#id(Bro019.segment.450)"/>
         <nite:child href="Bro019.A.segs.xml#id(Bro019.segment.451)..id(Bro019.segment.455)"/>
         <nite:child href="Bro019.C.segs.xml#id(Bro019.segment.456)"/>
         <nite:child href="Bro019.A.segs.xml#id(Bro019.segment.457)"/>
         <nite:child href="Bro019.D.segs.xml#id(Bro019.segment.458)"/>
         <nite:child href="Bro019.A.segs.xml#id(Bro019.segment.459)..id(Bro019.segment.461)"/>
         <nite:child href="Bro019.C.segs.xml#id(Bro019.segment.462)"/>
         <nite:child href="Bro019.A.segs.xml#id(Bro019.segment.463)..id(Bro019.segment.465)"/>
         <nite:child href="Bro019.C.segs.xml#id(Bro019.segment.466)"/>
         <nite:child href="Bro019.A.segs.xml#id(Bro019.segment.467)..id(Bro019.segment.469)"/>
         <nite:child href="Bro019.C.segs.xml#id(Bro019.segment.470)..id(Bro019.segment.472)"/>
         <nite:child href="Bro019.A.segs.xml#id(Bro019.segment.473)"/>
         <nite:child href="Bro019.C.segs.xml#id(Bro019.segment.474)..id(Bro019.segment.476)"/>
         <nite:child href="Bro019.A.segs.xml#id(Bro019.segment.477)"/>
         <nite:child href="Bro019.C.segs.xml#id(Bro019.segment.478)"/>
         <nite:child href="Bro019.A.segs.xml#id(Bro019.segment.479)..id(Bro019.segment.480)"/>
         <nite:child href="Bro019.C.segs.xml#id(Bro019.segment.481)..id(Bro019.segment.482)"/>
      </topic>
   </topic>
   <topic nite:id="Bro019.topic.7" description="report from Andreas, Sunil, related experiments">
      <topic nite:id="Bro019.topic.22" description="French Telecom feature manipulation, LDA filter">
         <nite:child href="Bro019.C.segs.xml#id(Bro019.segment.483)..id(Bro019.segment.485)"/>
         <nite:child href="Bro019.D.segs.xml#id(Bro019.segment.486)"/>
         <nite:child href="Bro019.C.segs.xml#id(Bro019.segment.487)"/>
         <nite:child href="Bro019.G.segs.xml#id(Bro019.segment.488)"/>
         <nite:child href="Bro019.D.segs.xml#id(Bro019.segment.489)"/>
         <nite:child href="Bro019.C.segs.xml#id(Bro019.segment.490)"/>
         <nite:child href="Bro019.D.segs.xml#id(Bro019.segment.491)"/>
         <nite:child href="Bro019.C.segs.xml#id(Bro019.segment.492)"/>
         <nite:child href="Bro019.D.segs.xml#id(Bro019.segment.493)"/>
         <nite:child href="Bro019.C.segs.xml#id(Bro019.segment.494)..id(Bro019.segment.495)"/>
         <nite:child href="Bro019.A.segs.xml#id(Bro019.segment.496)..id(Bro019.segment.498)"/>
         <nite:child href="Bro019.B.segs.xml#id(Bro019.segment.497)"/>
         <nite:child href="Bro019.C.segs.xml#id(Bro019.segment.500)"/>
         <nite:child href="Bro019.D.segs.xml#id(Bro019.segment.504)"/>
         <nite:child href="Bro019.E.segs.xml#id(Bro019.segment.503)"/>
         <nite:child href="Bro019.F.segs.xml#id(Bro019.segment.499)"/>
         <nite:child href="Bro019.G.segs.xml#id(Bro019.segment.501)"/>
         <nite:child href="Bro019.A.segs.xml#id(Bro019.segment.505)"/>
         <nite:child href="Bro019.C.segs.xml#id(Bro019.segment.506)"/>
         <nite:child href="Bro019.A.segs.xml#id(Bro019.segment.507)"/>
         <nite:child href="Bro019.C.segs.xml#id(Bro019.segment.508)..id(Bro019.segment.510)"/>
         <nite:child href="Bro019.A.segs.xml#id(Bro019.segment.509)"/>
         <nite:child href="Bro019.C.segs.xml#id(Bro019.segment.511)"/>
         <nite:child href="Bro019.A.segs.xml#id(Bro019.segment.512)..id(Bro019.segment.513)"/>
         <nite:child href="Bro019.C.segs.xml#id(Bro019.segment.514)"/>
         <nite:child href="Bro019.A.segs.xml#id(Bro019.segment.515)"/>
         <nite:child href="Bro019.C.segs.xml#id(Bro019.segment.516)"/>
         <nite:child href="Bro019.A.segs.xml#id(Bro019.segment.517)"/>
         <nite:child href="Bro019.B.segs.xml#id(Bro019.segment.518)"/>
         <nite:child href="Bro019.D.segs.xml#id(Bro019.segment.519)..id(Bro019.segment.520)"/>
         <nite:child href="Bro019.A.segs.xml#id(Bro019.segment.521)"/>
         <nite:child href="Bro019.D.segs.xml#id(Bro019.segment.522)"/>
         <nite:child href="Bro019.A.segs.xml#id(Bro019.segment.523)..id(Bro019.segment.524)"/>
         <nite:child href="Bro019.D.segs.xml#id(Bro019.segment.525)"/>
         <nite:child href="Bro019.C.segs.xml#id(Bro019.segment.526)..id(Bro019.segment.527)"/>
         <nite:child href="Bro019.D.segs.xml#id(Bro019.segment.528)..id(Bro019.segment.529)"/>
         <nite:child href="Bro019.C.segs.xml#id(Bro019.segment.530)"/>
         <nite:child href="Bro019.A.segs.xml#id(Bro019.segment.531)"/>
         <nite:child href="Bro019.D.segs.xml#id(Bro019.segment.532)..id(Bro019.segment.533)"/>
         <nite:child href="Bro019.C.segs.xml#id(Bro019.segment.534)"/>
         <nite:child href="Bro019.D.segs.xml#id(Bro019.segment.535)..id(Bro019.segment.536)"/>
         <nite:child href="Bro019.A.segs.xml#id(Bro019.segment.537)"/>
         <nite:child href="Bro019.D.segs.xml#id(Bro019.segment.538)"/>
         <nite:child href="Bro019.B.segs.xml#id(Bro019.segment.539)"/>
         <nite:child href="Bro019.A.segs.xml#id(Bro019.segment.540)"/>
         <nite:child href="Bro019.D.segs.xml#id(Bro019.segment.541)"/>
         <nite:child href="Bro019.A.segs.xml#id(Bro019.segment.542)..id(Bro019.segment.544)"/>
         <nite:child href="Bro019.D.segs.xml#id(Bro019.segment.545)..id(Bro019.segment.548)"/>
         <nite:child href="Bro019.A.segs.xml#id(Bro019.segment.549)"/>
         <nite:child href="Bro019.D.segs.xml#id(Bro019.segment.550)..id(Bro019.segment.554)"/>
         <nite:child href="Bro019.A.segs.xml#id(Bro019.segment.555)"/>
         <nite:child href="Bro019.D.segs.xml#id(Bro019.segment.556)"/>
         <nite:child href="Bro019.A.segs.xml#id(Bro019.segment.557)"/>
         <nite:child href="Bro019.D.segs.xml#id(Bro019.segment.558)"/>
         <nite:child href="Bro019.C.segs.xml#id(Bro019.segment.559)"/>
         <nite:child href="Bro019.D.segs.xml#id(Bro019.segment.560)"/>
         <nite:child href="Bro019.A.segs.xml#id(Bro019.segment.561)"/>
         <nite:child href="Bro019.C.segs.xml#id(Bro019.segment.562)"/>
         <nite:child href="Bro019.D.segs.xml#id(Bro019.segment.563)"/>
         <nite:child href="Bro019.C.segs.xml#id(Bro019.segment.564)..id(Bro019.segment.565)"/>
         <nite:child href="Bro019.D.segs.xml#id(Bro019.segment.566)"/>
         <nite:child href="Bro019.C.segs.xml#id(Bro019.segment.567)"/>
         <nite:child href="Bro019.D.segs.xml#id(Bro019.segment.568)"/>
         <nite:child href="Bro019.A.segs.xml#id(Bro019.segment.576)"/>
         <nite:child href="Bro019.B.segs.xml#id(Bro019.segment.571)"/>
         <nite:child href="Bro019.C.segs.xml#id(Bro019.segment.574)"/>
         <nite:child href="Bro019.D.segs.xml#id(Bro019.segment.573)"/>
         <nite:child href="Bro019.E.segs.xml#id(Bro019.segment.575)"/>
         <nite:child href="Bro019.F.segs.xml#id(Bro019.segment.569)"/>
         <nite:child href="Bro019.G.segs.xml#id(Bro019.segment.572)"/>
         <nite:child href="Bro019.A.segs.xml#id(Bro019.segment.577)"/>
         <nite:child href="Bro019.D.segs.xml#id(Bro019.segment.578)"/>
         <nite:child href="Bro019.B.segs.xml#id(Bro019.segment.579)"/>
         <nite:child href="Bro019.A.segs.xml#id(Bro019.segment.580)"/>
         <nite:child href="Bro019.D.segs.xml#id(Bro019.segment.581)"/>
         <nite:child href="Bro019.B.segs.xml#id(Bro019.segment.582)"/>
         <nite:child href="Bro019.D.segs.xml#id(Bro019.segment.583)..id(Bro019.segment.586)"/>
         <nite:child href="Bro019.A.segs.xml#id(Bro019.segment.587)"/>
         <nite:child href="Bro019.B.segs.xml#id(Bro019.segment.585)"/>
         <nite:child href="Bro019.A.segs.xml#id(Bro019.segment.588)"/>
         <nite:child href="Bro019.B.segs.xml#id(Bro019.segment.589)"/>
         <nite:child href="Bro019.D.segs.xml#id(Bro019.segment.590)..id(Bro019.segment.592)"/>
         <nite:child href="Bro019.B.segs.xml#id(Bro019.segment.593)"/>
         <nite:child href="Bro019.A.segs.xml#id(Bro019.segment.594)"/>
         <nite:child href="Bro019.D.segs.xml#id(Bro019.segment.595)..id(Bro019.segment.596)"/>
         <nite:child href="Bro019.A.segs.xml#id(Bro019.segment.597)"/>
         <nite:child href="Bro019.D.segs.xml#id(Bro019.segment.598)"/>
         <nite:child href="Bro019.A.segs.xml#id(Bro019.segment.599)"/>
         <nite:child href="Bro019.D.segs.xml#id(Bro019.segment.600)"/>
         <nite:child href="Bro019.A.segs.xml#id(Bro019.segment.601)"/>
         <nite:child href="Bro019.D.segs.xml#id(Bro019.segment.602)..id(Bro019.segment.606)"/>
         <nite:child href="Bro019.B.segs.xml#id(Bro019.segment.607)"/>
         <nite:child href="Bro019.D.segs.xml#id(Bro019.segment.608)..id(Bro019.segment.612)"/>
         <nite:child href="Bro019.C.segs.xml#id(Bro019.segment.613)"/>
         <nite:child href="Bro019.D.segs.xml#id(Bro019.segment.614)..id(Bro019.segment.616)"/>
         <nite:child href="Bro019.C.segs.xml#id(Bro019.segment.617)"/>
         <nite:child href="Bro019.D.segs.xml#id(Bro019.segment.618)..id(Bro019.segment.620)"/>
         <nite:child href="Bro019.C.segs.xml#id(Bro019.segment.621)"/>
         <nite:child href="Bro019.D.segs.xml#id(Bro019.segment.622)"/>
         <nite:child href="Bro019.B.segs.xml#id(Bro019.segment.623)"/>
         <nite:child href="Bro019.D.segs.xml#id(Bro019.segment.624)..id(Bro019.segment.626)"/>
         <nite:child href="Bro019.A.segs.xml#id(Bro019.segment.627)"/>
         <nite:child href="Bro019.D.segs.xml#id(Bro019.segment.628)..id(Bro019.segment.629)"/>
         <nite:child href="Bro019.A.segs.xml#id(Bro019.segment.630)"/>
         <nite:child href="Bro019.D.segs.xml#id(Bro019.segment.631)"/>
         <nite:child href="Bro019.A.segs.xml#id(Bro019.segment.632)"/>
         <nite:child href="Bro019.C.segs.xml#id(Bro019.segment.633)"/>
         <nite:child href="Bro019.A.segs.xml#id(Bro019.segment.634)"/>
         <nite:child href="Bro019.D.segs.xml#id(Bro019.segment.635)"/>
         <nite:child href="Bro019.A.segs.xml#id(Bro019.segment.636)"/>
         <nite:child href="Bro019.D.segs.xml#id(Bro019.segment.637)..id(Bro019.segment.640)"/>
         <nite:child href="Bro019.A.segs.xml#id(Bro019.segment.641)..id(Bro019.segment.643)"/>
         <nite:child href="Bro019.G.segs.xml#id(Bro019.segment.644)"/>
         <nite:child href="Bro019.D.segs.xml#id(Bro019.segment.645)"/>
         <nite:child href="Bro019.C.segs.xml#id(Bro019.segment.646)"/>
         <nite:child href="Bro019.G.segs.xml#id(Bro019.segment.647)"/>
         <nite:child href="Bro019.A.segs.xml#id(Bro019.segment.648)"/>
         <nite:child href="Bro019.D.segs.xml#id(Bro019.segment.649)"/>
         <nite:child href="Bro019.A.segs.xml#id(Bro019.segment.650)"/>
         <nite:child href="Bro019.G.segs.xml#id(Bro019.segment.651)"/>
         <nite:child href="Bro019.A.segs.xml#id(Bro019.segment.652)"/>
         <nite:child href="Bro019.C.segs.xml#id(Bro019.segment.653)"/>
         <nite:child href="Bro019.A.segs.xml#id(Bro019.segment.654)..id(Bro019.segment.655)"/>
         <nite:child href="Bro019.C.segs.xml#id(Bro019.segment.656)..id(Bro019.segment.658)"/>
         <nite:child href="Bro019.A.segs.xml#id(Bro019.segment.659)..id(Bro019.segment.660)"/>
         <nite:child href="Bro019.C.segs.xml#id(Bro019.segment.661)..id(Bro019.segment.664)"/>
         <nite:child href="Bro019.A.segs.xml#id(Bro019.segment.666)"/>
         <nite:child href="Bro019.C.segs.xml#id(Bro019.segment.665)..id(Bro019.segment.667)"/>
         <nite:child href="Bro019.A.segs.xml#id(Bro019.segment.668)"/>
         <nite:child href="Bro019.C.segs.xml#id(Bro019.segment.669)..id(Bro019.segment.670)"/>
         <nite:child href="Bro019.A.segs.xml#id(Bro019.segment.671)"/>
         <nite:child href="Bro019.C.segs.xml#id(Bro019.segment.672)"/>
         <nite:child href="Bro019.D.segs.xml#id(Bro019.segment.673)"/>
         <nite:child href="Bro019.A.segs.xml#id(Bro019.segment.674)..id(Bro019.segment.677)"/>
         <nite:child href="Bro019.D.segs.xml#id(Bro019.segment.678)"/>
         <nite:child href="Bro019.A.segs.xml#id(Bro019.segment.679)..id(Bro019.segment.680)"/>
         <nite:child href="Bro019.C.segs.xml#id(Bro019.segment.681)"/>
         <nite:child href="Bro019.A.segs.xml#id(Bro019.segment.682)"/>
         <nite:child href="Bro019.F.segs.xml#id(Bro019.segment.683)"/>
         <nite:child href="Bro019.C.segs.xml#id(Bro019.segment.684)..id(Bro019.segment.685)"/>
         <nite:child href="Bro019.A.segs.xml#id(Bro019.segment.686)"/>
         <nite:child href="Bro019.C.segs.xml#id(Bro019.segment.687)"/>
         <nite:child href="Bro019.A.segs.xml#id(Bro019.segment.688)..id(Bro019.segment.689)"/>
         <nite:child href="Bro019.D.segs.xml#id(Bro019.segment.690)"/>
         <nite:child href="Bro019.A.segs.xml#id(Bro019.segment.691)..id(Bro019.segment.692)"/>
         <nite:child href="Bro019.D.segs.xml#id(Bro019.segment.693)"/>
         <nite:child href="Bro019.C.segs.xml#id(Bro019.segment.694)"/>
         <nite:child href="Bro019.D.segs.xml#id(Bro019.segment.695)"/>
         <nite:child href="Bro019.F.segs.xml#id(Bro019.segment.696)"/>
         <nite:child href="Bro019.C.segs.xml#id(Bro019.segment.697)"/>
         <nite:child href="Bro019.F.segs.xml#id(Bro019.segment.698)..id(Bro019.segment.700)"/>
         <nite:child href="Bro019.A.segs.xml#id(Bro019.segment.701)"/>
         <nite:child href="Bro019.C.segs.xml#id(Bro019.segment.702)"/>
         <nite:child href="Bro019.A.segs.xml#id(Bro019.segment.703)"/>
         <nite:child href="Bro019.D.segs.xml#id(Bro019.segment.704)"/>
         <nite:child href="Bro019.A.segs.xml#id(Bro019.segment.705)..id(Bro019.segment.706)"/>
         <nite:child href="Bro019.C.segs.xml#id(Bro019.segment.707)"/>
         <nite:child href="Bro019.A.segs.xml#id(Bro019.segment.708)"/>
         <nite:child href="Bro019.C.segs.xml#id(Bro019.segment.709)"/>
         <nite:child href="Bro019.F.segs.xml#id(Bro019.segment.710)"/>
         <nite:child href="Bro019.C.segs.xml#id(Bro019.segment.711)"/>
         <nite:child href="Bro019.F.segs.xml#id(Bro019.segment.712)"/>
         <nite:child href="Bro019.A.segs.xml#id(Bro019.segment.713)"/>
         <nite:child href="Bro019.D.segs.xml#id(Bro019.segment.714)"/>
         <nite:child href="Bro019.G.segs.xml#id(Bro019.segment.715)"/>
         <nite:child href="Bro019.C.segs.xml#id(Bro019.segment.716)"/>
         <nite:child href="Bro019.G.segs.xml#id(Bro019.segment.717)"/>
         <nite:child href="Bro019.C.segs.xml#id(Bro019.segment.718)"/>
         <nite:child href="Bro019.A.segs.xml#id(Bro019.segment.719)"/>
         <nite:child href="Bro019.C.segs.xml#id(Bro019.segment.720)..id(Bro019.segment.721)"/>
      </topic>
      <topic nite:id="Bro019.topic.21" description="spectral subtraction">
         <nite:child href="Bro019.C.segs.xml#id(Bro019.segment.722)"/>
         <nite:child href="Bro019.D.segs.xml#id(Bro019.segment.723)..id(Bro019.segment.730)"/>
         <nite:child href="Bro019.F.segs.xml#id(Bro019.segment.731)"/>
         <nite:child href="Bro019.D.segs.xml#id(Bro019.segment.732)..id(Bro019.segment.733)"/>
         <nite:child href="Bro019.F.segs.xml#id(Bro019.segment.734)"/>
         <nite:child href="Bro019.D.segs.xml#id(Bro019.segment.735)..id(Bro019.segment.737)"/>
         <nite:child href="Bro019.F.segs.xml#id(Bro019.segment.738)"/>
         <nite:child href="Bro019.D.segs.xml#id(Bro019.segment.739)..id(Bro019.segment.740)"/>
         <nite:child href="Bro019.F.segs.xml#id(Bro019.segment.741)"/>
         <nite:child href="Bro019.D.segs.xml#id(Bro019.segment.742)"/>
         <nite:child href="Bro019.F.segs.xml#id(Bro019.segment.743)"/>
         <nite:child href="Bro019.D.segs.xml#id(Bro019.segment.744)"/>
         <nite:child href="Bro019.A.segs.xml#id(Bro019.segment.745)"/>
         <nite:child href="Bro019.D.segs.xml#id(Bro019.segment.746)"/>
         <nite:child href="Bro019.F.segs.xml#id(Bro019.segment.747)"/>
         <nite:child href="Bro019.D.segs.xml#id(Bro019.segment.748)"/>
         <nite:child href="Bro019.A.segs.xml#id(Bro019.segment.749)..id(Bro019.segment.751)"/>
         <nite:child href="Bro019.F.segs.xml#id(Bro019.segment.752)"/>
         <nite:child href="Bro019.A.segs.xml#id(Bro019.segment.753)..id(Bro019.segment.754)"/>
         <nite:child href="Bro019.F.segs.xml#id(Bro019.segment.755)"/>
         <nite:child href="Bro019.A.segs.xml#id(Bro019.segment.756)"/>
         <nite:child href="Bro019.D.segs.xml#id(Bro019.segment.757)"/>
         <nite:child href="Bro019.A.segs.xml#id(Bro019.segment.758)..id(Bro019.segment.759)"/>
         <nite:child href="Bro019.D.segs.xml#id(Bro019.segment.760)"/>
         <nite:child href="Bro019.C.segs.xml#id(Bro019.segment.761)"/>
         <nite:child href="Bro019.A.segs.xml#id(Bro019.segment.762)"/>
         <nite:child href="Bro019.C.segs.xml#id(Bro019.segment.763)"/>
         <nite:child href="Bro019.A.segs.xml#id(Bro019.segment.764)..id(Bro019.segment.765)"/>
         <nite:child href="Bro019.D.segs.xml#id(Bro019.segment.766)"/>
         <nite:child href="Bro019.B.segs.xml#id(Bro019.segment.767)"/>
         <nite:child href="Bro019.D.segs.xml#id(Bro019.segment.768)"/>
         <nite:child href="Bro019.A.segs.xml#id(Bro019.segment.773)"/>
         <nite:child href="Bro019.B.segs.xml#id(Bro019.segment.772)"/>
         <nite:child href="Bro019.C.segs.xml#id(Bro019.segment.770)"/>
         <nite:child href="Bro019.D.segs.xml#id(Bro019.segment.776)"/>
         <nite:child href="Bro019.E.segs.xml#id(Bro019.segment.769)"/>
         <nite:child href="Bro019.F.segs.xml#id(Bro019.segment.771)"/>
         <nite:child href="Bro019.G.segs.xml#id(Bro019.segment.774)"/>
         <nite:child href="Bro019.A.segs.xml#id(Bro019.segment.777)"/>
         <nite:child href="Bro019.C.segs.xml#id(Bro019.segment.778)"/>
         <nite:child href="Bro019.A.segs.xml#id(Bro019.segment.783)"/>
         <nite:child href="Bro019.B.segs.xml#id(Bro019.segment.784)"/>
         <nite:child href="Bro019.C.segs.xml#id(Bro019.segment.782)"/>
         <nite:child href="Bro019.D.segs.xml#id(Bro019.segment.781)"/>
         <nite:child href="Bro019.E.segs.xml#id(Bro019.segment.786)"/>
         <nite:child href="Bro019.F.segs.xml#id(Bro019.segment.780)"/>
         <nite:child href="Bro019.G.segs.xml#id(Bro019.segment.779)"/>
         <nite:child href="Bro019.A.segs.xml#id(Bro019.segment.787)..id(Bro019.segment.788)"/>
         <nite:child href="Bro019.D.segs.xml#id(Bro019.segment.789)"/>
         <nite:child href="Bro019.A.segs.xml#id(Bro019.segment.790)..id(Bro019.segment.791)"/>
         <nite:child href="Bro019.D.segs.xml#id(Bro019.segment.792)"/>
         <nite:child href="Bro019.A.segs.xml#id(Bro019.segment.793)..id(Bro019.segment.794)"/>
         <nite:child href="Bro019.D.segs.xml#id(Bro019.segment.795)"/>
         <nite:child href="Bro019.C.segs.xml#id(Bro019.segment.796)"/>
         <nite:child href="Bro019.A.segs.xml#id(Bro019.segment.797)"/>
         <nite:child href="Bro019.D.segs.xml#id(Bro019.segment.798)"/>
         <nite:child href="Bro019.C.segs.xml#id(Bro019.segment.799)"/>
         <nite:child href="Bro019.A.segs.xml#id(Bro019.segment.800)..id(Bro019.segment.802)"/>
         <nite:child href="Bro019.C.segs.xml#id(Bro019.segment.803)"/>
         <nite:child href="Bro019.D.segs.xml#id(Bro019.segment.804)"/>
         <nite:child href="Bro019.A.segs.xml#id(Bro019.segment.805)"/>
         <nite:child href="Bro019.D.segs.xml#id(Bro019.segment.807)"/>
      </topic>
      <topic nite:id="Bro019.topic.19" description="combining Wiener filtering with signal subspace">
         <nite:child href="Bro019.A.segs.xml#id(Bro019.segment.806)..id(Bro019.segment.808)"/>
         <nite:child href="Bro019.D.segs.xml#id(Bro019.segment.809)..id(Bro019.segment.813)"/>
         <nite:child href="Bro019.C.segs.xml#id(Bro019.segment.814)..id(Bro019.segment.816)"/>
         <nite:child href="Bro019.A.segs.xml#id(Bro019.segment.817)"/>
         <nite:child href="Bro019.C.segs.xml#id(Bro019.segment.818)"/>
         <nite:child href="Bro019.A.segs.xml#id(Bro019.segment.819)..id(Bro019.segment.820)"/>
         <nite:child href="Bro019.C.segs.xml#id(Bro019.segment.821)"/>
         <nite:child href="Bro019.A.segs.xml#id(Bro019.segment.822)..id(Bro019.segment.823)"/>
         <nite:child href="Bro019.C.segs.xml#id(Bro019.segment.824)"/>
         <nite:child href="Bro019.A.segs.xml#id(Bro019.segment.825)..id(Bro019.segment.827)"/>
         <nite:child href="Bro019.C.segs.xml#id(Bro019.segment.828)"/>
         <nite:child href="Bro019.A.segs.xml#id(Bro019.segment.829)"/>
         <nite:child href="Bro019.C.segs.xml#id(Bro019.segment.830)"/>
         <nite:child href="Bro019.A.segs.xml#id(Bro019.segment.831)"/>
         <nite:child href="Bro019.C.segs.xml#id(Bro019.segment.832)"/>
         <nite:child href="Bro019.A.segs.xml#id(Bro019.segment.833)"/>
         <nite:child href="Bro019.C.segs.xml#id(Bro019.segment.834)..id(Bro019.segment.837)"/>
         <nite:child href="Bro019.A.segs.xml#id(Bro019.segment.838)..id(Bro019.segment.840)"/>
         <nite:child href="Bro019.C.segs.xml#id(Bro019.segment.841)..id(Bro019.segment.844)"/>
         <nite:child href="Bro019.A.segs.xml#id(Bro019.segment.842)..id(Bro019.segment.846)"/>
         <nite:child href="Bro019.C.segs.xml#id(Bro019.segment.847)"/>
         <nite:child href="Bro019.A.segs.xml#id(Bro019.segment.848)..id(Bro019.segment.849)"/>
         <nite:child href="Bro019.F.segs.xml#id(Bro019.segment.850)"/>
         <nite:child href="Bro019.D.segs.xml#id(Bro019.segment.851)"/>
         <nite:child href="Bro019.A.segs.xml#id(Bro019.segment.852)"/>
         <nite:child href="Bro019.D.segs.xml#id(Bro019.segment.853)"/>
         <nite:child href="Bro019.A.segs.xml#id(Bro019.segment.854)..id(Bro019.segment.857)"/>
         <nite:child href="Bro019.D.segs.xml#id(Bro019.segment.858)"/>
         <nite:child href="Bro019.A.segs.xml#id(Bro019.segment.859)..id(Bro019.segment.863)"/>
         <nite:child href="Bro019.C.segs.xml#id(Bro019.segment.864)"/>
         <nite:child href="Bro019.A.segs.xml#id(Bro019.segment.865)"/>
         <nite:child href="Bro019.B.segs.xml#id(Bro019.segment.866)"/>
         <nite:child href="Bro019.C.segs.xml#id(Bro019.segment.867)"/>
         <nite:child href="Bro019.A.segs.xml#id(Bro019.segment.868)"/>
         <nite:child href="Bro019.C.segs.xml#id(Bro019.segment.869)..id(Bro019.segment.871)"/>
         <nite:child href="Bro019.D.segs.xml#id(Bro019.segment.872)"/>
         <nite:child href="Bro019.F.segs.xml#id(Bro019.segment.873)"/>
         <nite:child href="Bro019.C.segs.xml#id(Bro019.segment.874)"/>
         <nite:child href="Bro019.D.segs.xml#id(Bro019.segment.875)"/>
         <nite:child href="Bro019.A.segs.xml#id(Bro019.segment.876)..id(Bro019.segment.877)"/>
         <nite:child href="Bro019.C.segs.xml#id(Bro019.segment.878)..id(Bro019.segment.880)"/>
         <nite:child href="Bro019.A.segs.xml#id(Bro019.segment.881)..id(Bro019.segment.882)"/>
         <nite:child href="Bro019.D.segs.xml#id(Bro019.segment.883)"/>
         <nite:child href="Bro019.C.segs.xml#id(Bro019.segment.884)..id(Bro019.segment.885)"/>
         <nite:child href="Bro019.G.segs.xml#id(Bro019.segment.886)"/>
         <nite:child href="Bro019.A.segs.xml#id(Bro019.segment.887)"/>
         <nite:child href="Bro019.C.segs.xml#id(Bro019.segment.888)"/>
         <nite:child href="Bro019.D.segs.xml#id(Bro019.segment.889)"/>
         <nite:child href="Bro019.C.segs.xml#id(Bro019.segment.890)"/>
         <nite:child href="Bro019.A.segs.xml#id(Bro019.segment.891)"/>
      </topic>
      <topic nite:id="Bro019.topic.20" description="Vector Taylor Series (VTS)">
         <nite:child href="Bro019.D.segs.xml#id(Bro019.segment.892)..id(Bro019.segment.900)"/>
         <nite:child href="Bro019.C.segs.xml#id(Bro019.segment.901)"/>
         <nite:child href="Bro019.D.segs.xml#id(Bro019.segment.902)..id(Bro019.segment.904)"/>
         <nite:child href="Bro019.C.segs.xml#id(Bro019.segment.905)"/>
         <nite:child href="Bro019.D.segs.xml#id(Bro019.segment.906)..id(Bro019.segment.911)"/>
         <nite:child href="Bro019.C.segs.xml#id(Bro019.segment.912)"/>
         <nite:child href="Bro019.D.segs.xml#id(Bro019.segment.913)..id(Bro019.segment.914)"/>
         <nite:child href="Bro019.B.segs.xml#id(Bro019.segment.915)"/>
         <nite:child href="Bro019.D.segs.xml#id(Bro019.segment.918)"/>
         <nite:child href="Bro019.B.segs.xml#id(Bro019.segment.917)"/>
         <nite:child href="Bro019.D.segs.xml#id(Bro019.segment.919)"/>
         <nite:child href="Bro019.C.segs.xml#id(Bro019.segment.920)"/>
         <nite:child href="Bro019.B.segs.xml#id(Bro019.segment.921)"/>
         <nite:child href="Bro019.C.segs.xml#id(Bro019.segment.922)"/>
         <nite:child href="Bro019.A.segs.xml#id(Bro019.segment.923)"/>
         <nite:child href="Bro019.D.segs.xml#id(Bro019.segment.924)"/>
         <nite:child href="Bro019.B.segs.xml#id(Bro019.segment.925)"/>
         <nite:child href="Bro019.D.segs.xml#id(Bro019.segment.926)..id(Bro019.segment.927)"/>
         <nite:child href="Bro019.C.segs.xml#id(Bro019.segment.928)"/>
         <nite:child href="Bro019.D.segs.xml#id(Bro019.segment.929)..id(Bro019.segment.930)"/>
         <nite:child href="Bro019.C.segs.xml#id(Bro019.segment.931)"/>
         <nite:child href="Bro019.D.segs.xml#id(Bro019.segment.932)"/>
         <nite:child href="Bro019.C.segs.xml#id(Bro019.segment.933)..id(Bro019.segment.938)"/>
         <nite:child href="Bro019.D.segs.xml#id(Bro019.segment.939)"/>
         <nite:child href="Bro019.C.segs.xml#id(Bro019.segment.940)..id(Bro019.segment.941)"/>
         <nite:child href="Bro019.D.segs.xml#id(Bro019.segment.942)"/>
         <nite:child href="Bro019.C.segs.xml#id(Bro019.segment.943)"/>
         <nite:child href="Bro019.D.segs.xml#id(Bro019.segment.944)..id(Bro019.segment.945)"/>
         <nite:child href="Bro019.C.segs.xml#id(Bro019.segment.946)"/>
         <nite:child href="Bro019.D.segs.xml#id(Bro019.segment.947)..id(Bro019.segment.949)"/>
         <nite:child href="Bro019.C.segs.xml#id(Bro019.segment.950)"/>
         <nite:child href="Bro019.D.segs.xml#id(Bro019.segment.951)..id(Bro019.segment.953)"/>
         <nite:child href="Bro019.C.segs.xml#id(Bro019.segment.952)..id(Bro019.segment.957)"/>
         <nite:child href="Bro019.D.segs.xml#id(Bro019.segment.958)"/>
         <nite:child href="Bro019.C.segs.xml#id(Bro019.segment.959)..id(Bro019.segment.960)"/>
      </topic>
      <topic nite:id="Bro019.topic.18" description="large vocabulary continuous speech tasks">
         <nite:child href="Bro019.A.segs.xml#id(Bro019.segment.961)..id(Bro019.segment.964)"/>
         <nite:child href="Bro019.G.segs.xml#id(Bro019.segment.965)"/>
         <nite:child href="Bro019.A.segs.xml#id(Bro019.segment.966)"/>
         <nite:child href="Bro019.C.segs.xml#id(Bro019.segment.967)"/>
         <nite:child href="Bro019.D.segs.xml#id(Bro019.segment.968)"/>
         <nite:child href="Bro019.A.segs.xml#id(Bro019.segment.969)..id(Bro019.segment.972)"/>
         <nite:child href="Bro019.C.segs.xml#id(Bro019.segment.973)"/>
         <nite:child href="Bro019.A.segs.xml#id(Bro019.segment.974)..id(Bro019.segment.975)"/>
         <nite:child href="Bro019.C.segs.xml#id(Bro019.segment.976)"/>
         <nite:child href="Bro019.A.segs.xml#id(Bro019.segment.977)..id(Bro019.segment.980)"/>
         <nite:child href="Bro019.C.segs.xml#id(Bro019.segment.979)..id(Bro019.segment.981)"/>
         <nite:child href="Bro019.A.segs.xml#id(Bro019.segment.982)..id(Bro019.segment.984)"/>
         <nite:child href="Bro019.C.segs.xml#id(Bro019.segment.985)..id(Bro019.segment.986)"/>
         <nite:child href="Bro019.A.segs.xml#id(Bro019.segment.987)"/>
         <nite:child href="Bro019.C.segs.xml#id(Bro019.segment.988)..id(Bro019.segment.990)"/>
         <nite:child href="Bro019.A.segs.xml#id(Bro019.segment.991)"/>
         <nite:child href="Bro019.C.segs.xml#id(Bro019.segment.992)"/>
         <nite:child href="Bro019.A.segs.xml#id(Bro019.segment.993)..id(Bro019.segment.994)"/>
         <nite:child href="Bro019.C.segs.xml#id(Bro019.segment.995)..id(Bro019.segment.996)"/>
         <nite:child href="Bro019.A.segs.xml#id(Bro019.segment.997)"/>
         <nite:child href="Bro019.C.segs.xml#id(Bro019.segment.998)..id(Bro019.segment.1,000)"/>
         <nite:child href="Bro019.A.segs.xml#id(Bro019.segment.1,001)"/>
         <nite:child href="Bro019.C.segs.xml#id(Bro019.segment.1,002)..id(Bro019.segment.1,008)"/>
         <nite:child href="Bro019.A.segs.xml#id(Bro019.segment.1,009)"/>
         <nite:child href="Bro019.C.segs.xml#id(Bro019.segment.1,010)..id(Bro019.segment.1,013)"/>
         <nite:child href="Bro019.A.segs.xml#id(Bro019.segment.1,014)..id(Bro019.segment.1,015)"/>
         <nite:child href="Bro019.C.segs.xml#id(Bro019.segment.1,016)"/>
         <nite:child href="Bro019.A.segs.xml#id(Bro019.segment.1,017)"/>
         <nite:child href="Bro019.C.segs.xml#id(Bro019.segment.1,018)"/>
         <nite:child href="Bro019.A.segs.xml#id(Bro019.segment.1,019)"/>
         <nite:child href="Bro019.C.segs.xml#id(Bro019.segment.1,020)..id(Bro019.segment.1,023)"/>
         <nite:child href="Bro019.F.segs.xml#id(Bro019.segment.1,024)"/>
         <nite:child href="Bro019.C.segs.xml#id(Bro019.segment.1,025)"/>
         <nite:child href="Bro019.F.segs.xml#id(Bro019.segment.1,026)"/>
         <nite:child href="Bro019.C.segs.xml#id(Bro019.segment.1,027)"/>
         <nite:child href="Bro019.F.segs.xml#id(Bro019.segment.1,028)"/>
         <nite:child href="Bro019.A.segs.xml#id(Bro019.segment.1,029)"/>
         <nite:child href="Bro019.C.segs.xml#id(Bro019.segment.1,030)"/>
         <nite:child href="Bro019.F.segs.xml#id(Bro019.segment.1,031)"/>
         <nite:child href="Bro019.A.segs.xml#id(Bro019.segment.1,032)"/>
         <nite:child href="Bro019.C.segs.xml#id(Bro019.segment.1,033)..id(Bro019.segment.1,034)"/>
         <nite:child href="Bro019.A.segs.xml#id(Bro019.segment.1,035)"/>
         <nite:child href="Bro019.C.segs.xml#id(Bro019.segment.1,036)"/>
         <nite:child href="Bro019.F.segs.xml#id(Bro019.segment.1,037)"/>
         <nite:child href="Bro019.C.segs.xml#id(Bro019.segment.1,038)..id(Bro019.segment.1,040)"/>
      </topic>
   </topic>
   <topic nite:id="Bro019.topic.6" description="report from Carmen, voicing detection experiments">
      <nite:child href="Bro019.C.segs.xml#id(Bro019.segment.1,041)"/>
      <nite:child href="Bro019.B.segs.xml#id(Bro019.segment.1,042)..id(Bro019.segment.1,043)"/>
      <nite:child href="Bro019.A.segs.xml#id(Bro019.segment.1,044)"/>
      <nite:child href="Bro019.G.segs.xml#id(Bro019.segment.1,045)"/>
      <nite:child href="Bro019.C.segs.xml#id(Bro019.segment.1,046)"/>
      <nite:child href="Bro019.B.segs.xml#id(Bro019.segment.1,047)..id(Bro019.segment.1,048)"/>
      <nite:child href="Bro019.A.segs.xml#id(Bro019.segment.1,049)"/>
      <nite:child href="Bro019.B.segs.xml#id(Bro019.segment.1,050)..id(Bro019.segment.1,051)"/>
      <nite:child href="Bro019.A.segs.xml#id(Bro019.segment.1,052)"/>
      <nite:child href="Bro019.B.segs.xml#id(Bro019.segment.1,053)"/>
      <nite:child href="Bro019.A.segs.xml#id(Bro019.segment.1,054)"/>
      <nite:child href="Bro019.B.segs.xml#id(Bro019.segment.1,055)"/>
      <nite:child href="Bro019.A.segs.xml#id(Bro019.segment.1,056)"/>
      <nite:child href="Bro019.B.segs.xml#id(Bro019.segment.1,057)..id(Bro019.segment.1,060)"/>
      <nite:child href="Bro019.A.segs.xml#id(Bro019.segment.1,061)"/>
      <nite:child href="Bro019.B.segs.xml#id(Bro019.segment.1,062)..id(Bro019.segment.1,063)"/>
      <nite:child href="Bro019.A.segs.xml#id(Bro019.segment.1,064)"/>
      <nite:child href="Bro019.B.segs.xml#id(Bro019.segment.1,065)"/>
      <nite:child href="Bro019.A.segs.xml#id(Bro019.segment.1,066)"/>
      <nite:child href="Bro019.B.segs.xml#id(Bro019.segment.1,067)"/>
      <nite:child href="Bro019.A.segs.xml#id(Bro019.segment.1,068)..id(Bro019.segment.1,069)"/>
      <nite:child href="Bro019.B.segs.xml#id(Bro019.segment.1,070)"/>
      <nite:child href="Bro019.A.segs.xml#id(Bro019.segment.1,072)"/>
      <nite:child href="Bro019.B.segs.xml#id(Bro019.segment.1,071)"/>
      <nite:child href="Bro019.A.segs.xml#id(Bro019.segment.1,073)"/>
      <nite:child href="Bro019.B.segs.xml#id(Bro019.segment.1,074)..id(Bro019.segment.1,075)"/>
      <nite:child href="Bro019.A.segs.xml#id(Bro019.segment.1,076)"/>
      <nite:child href="Bro019.B.segs.xml#id(Bro019.segment.1,077)..id(Bro019.segment.1,078)"/>
      <nite:child href="Bro019.A.segs.xml#id(Bro019.segment.1,079)"/>
      <nite:child href="Bro019.B.segs.xml#id(Bro019.segment.1,080)..id(Bro019.segment.1,082)"/>
      <nite:child href="Bro019.A.segs.xml#id(Bro019.segment.1,083)"/>
      <nite:child href="Bro019.B.segs.xml#id(Bro019.segment.1,084)..id(Bro019.segment.1,087)"/>
      <nite:child href="Bro019.A.segs.xml#id(Bro019.segment.1,088)"/>
      <nite:child href="Bro019.B.segs.xml#id(Bro019.segment.1,089)"/>
      <nite:child href="Bro019.A.segs.xml#id(Bro019.segment.1,090)"/>
      <topic nite:id="Bro019.topic.24" description="neural network application versus feature selection">
         <nite:child href="Bro019.B.segs.xml#id(Bro019.segment.1,091)..id(Bro019.segment.1,093)"/>
         <nite:child href="Bro019.F.segs.xml#id(Bro019.segment.1,094)"/>
         <nite:child href="Bro019.B.segs.xml#id(Bro019.segment.1,095)..id(Bro019.segment.1,097)"/>
         <nite:child href="Bro019.A.segs.xml#id(Bro019.segment.1,098)..id(Bro019.segment.1,099)"/>
         <nite:child href="Bro019.B.segs.xml#id(Bro019.segment.1,100)"/>
         <nite:child href="Bro019.A.segs.xml#id(Bro019.segment.1,101)"/>
         <nite:child href="Bro019.B.segs.xml#id(Bro019.segment.1,102)..id(Bro019.segment.1,104)"/>
         <nite:child href="Bro019.A.segs.xml#id(Bro019.segment.1,105)"/>
         <nite:child href="Bro019.B.segs.xml#id(Bro019.segment.1,106)..id(Bro019.segment.1,107)"/>
         <nite:child href="Bro019.A.segs.xml#id(Bro019.segment.1,108)"/>
         <nite:child href="Bro019.B.segs.xml#id(Bro019.segment.1,109)"/>
         <nite:child href="Bro019.A.segs.xml#id(Bro019.segment.1,110)"/>
         <nite:child href="Bro019.B.segs.xml#id(Bro019.segment.1,111)..id(Bro019.segment.1,112)"/>
         <nite:child href="Bro019.A.segs.xml#id(Bro019.segment.1,113)"/>
         <nite:child href="Bro019.B.segs.xml#id(Bro019.segment.1,114)..id(Bro019.segment.1,116)"/>
         <nite:child href="Bro019.C.segs.xml#id(Bro019.segment.1,117)"/>
         <nite:child href="Bro019.D.segs.xml#id(Bro019.segment.1,118)"/>
         <nite:child href="Bro019.F.segs.xml#id(Bro019.segment.1,119)"/>
         <nite:child href="Bro019.C.segs.xml#id(Bro019.segment.1,120)..id(Bro019.segment.1,134)"/>
         <nite:child href="Bro019.B.segs.xml#id(Bro019.segment.1,136)"/>
         <nite:child href="Bro019.C.segs.xml#id(Bro019.segment.1,135)"/>
         <nite:child href="Bro019.F.segs.xml#id(Bro019.segment.1,137)"/>
         <nite:child href="Bro019.A.segs.xml#id(Bro019.segment.1,138)"/>
         <nite:child href="Bro019.C.segs.xml#id(Bro019.segment.1,139)"/>
         <nite:child href="Bro019.A.segs.xml#id(Bro019.segment.1,140)..id(Bro019.segment.1,141)"/>
         <nite:child href="Bro019.C.segs.xml#id(Bro019.segment.1,142)"/>
         <nite:child href="Bro019.F.segs.xml#id(Bro019.segment.1,143)"/>
         <nite:child href="Bro019.A.segs.xml#id(Bro019.segment.1,144)"/>
         <nite:child href="Bro019.D.segs.xml#id(Bro019.segment.1,145)"/>
         <nite:child href="Bro019.C.segs.xml#id(Bro019.segment.1,146)..id(Bro019.segment.1,147)"/>
         <nite:child href="Bro019.D.segs.xml#id(Bro019.segment.1,148)"/>
         <nite:child href="Bro019.C.segs.xml#id(Bro019.segment.1,149)..id(Bro019.segment.1,152)"/>
         <nite:child href="Bro019.D.segs.xml#id(Bro019.segment.1,153)..id(Bro019.segment.1,154)"/>
         <nite:child href="Bro019.A.segs.xml#id(Bro019.segment.1,155)"/>
         <nite:child href="Bro019.C.segs.xml#id(Bro019.segment.1,156)"/>
         <nite:child href="Bro019.D.segs.xml#id(Bro019.segment.1,157)..id(Bro019.segment.1,158)"/>
         <nite:child href="Bro019.C.segs.xml#id(Bro019.segment.1,159)..id(Bro019.segment.1,163)"/>
         <nite:child href="Bro019.F.segs.xml#id(Bro019.segment.1,164)"/>
         <nite:child href="Bro019.D.segs.xml#id(Bro019.segment.1,165)"/>
         <nite:child href="Bro019.C.segs.xml#id(Bro019.segment.1,166)"/>
         <nite:child href="Bro019.D.segs.xml#id(Bro019.segment.1,167)"/>
         <nite:child href="Bro019.C.segs.xml#id(Bro019.segment.1,168)"/>
         <nite:child href="Bro019.D.segs.xml#id(Bro019.segment.1,169)"/>
         <nite:child href="Bro019.C.segs.xml#id(Bro019.segment.1,170)..id(Bro019.segment.1,174)"/>
         <nite:child href="Bro019.A.segs.xml#id(Bro019.segment.1,176)"/>
         <nite:child href="Bro019.C.segs.xml#id(Bro019.segment.1,175)"/>
         <nite:child href="Bro019.A.segs.xml#id(Bro019.segment.1,177)"/>
         <nite:child href="Bro019.C.segs.xml#id(Bro019.segment.1,178)..id(Bro019.segment.1,179)"/>
         <nite:child href="Bro019.D.segs.xml#id(Bro019.segment.1,180)"/>
         <nite:child href="Bro019.C.segs.xml#id(Bro019.segment.1,181)..id(Bro019.segment.1,182)"/>
         <nite:child href="Bro019.D.segs.xml#id(Bro019.segment.1,183)"/>
         <nite:child href="Bro019.C.segs.xml#id(Bro019.segment.1,184)..id(Bro019.segment.1,186)"/>
         <nite:child href="Bro019.B.segs.xml#id(Bro019.segment.1,187)"/>
         <nite:child href="Bro019.C.segs.xml#id(Bro019.segment.1,188)..id(Bro019.segment.1,189)"/>
         <nite:child href="Bro019.A.segs.xml#id(Bro019.segment.1,190)..id(Bro019.segment.1,192)"/>
         <nite:child href="Bro019.D.segs.xml#id(Bro019.segment.1,193)"/>
         <nite:child href="Bro019.A.segs.xml#id(Bro019.segment.1,194)..id(Bro019.segment.1,195)"/>
         <nite:child href="Bro019.C.segs.xml#id(Bro019.segment.1,196)"/>
         <nite:child href="Bro019.A.segs.xml#id(Bro019.segment.1,197)..id(Bro019.segment.1,200)"/>
         <nite:child href="Bro019.D.segs.xml#id(Bro019.segment.1,199)"/>
         <nite:child href="Bro019.A.segs.xml#id(Bro019.segment.1,201)"/>
         <nite:child href="Bro019.D.segs.xml#id(Bro019.segment.1,202)"/>
         <nite:child href="Bro019.B.segs.xml#id(Bro019.segment.1,203)"/>
         <nite:child href="Bro019.A.segs.xml#id(Bro019.segment.1,204)..id(Bro019.segment.1,205)"/>
         <nite:child href="Bro019.D.segs.xml#id(Bro019.segment.1,206)..id(Bro019.segment.1,207)"/>
         <nite:child href="Bro019.A.segs.xml#id(Bro019.segment.1,208)"/>
         <nite:child href="Bro019.D.segs.xml#id(Bro019.segment.1,209)"/>
         <nite:child href="Bro019.A.segs.xml#id(Bro019.segment.1,210)"/>
         <nite:child href="Bro019.D.segs.xml#id(Bro019.segment.1,211)..id(Bro019.segment.1,213)"/>
         <nite:child href="Bro019.A.segs.xml#id(Bro019.segment.1,214)..id(Bro019.segment.1,217)"/>
         <nite:child href="Bro019.C.segs.xml#id(Bro019.segment.1,218)"/>
         <nite:child href="Bro019.D.segs.xml#id(Bro019.segment.1,219)..id(Bro019.segment.1,220)"/>
         <nite:child href="Bro019.C.segs.xml#id(Bro019.segment.1,221)"/>
         <nite:child href="Bro019.A.segs.xml#id(Bro019.segment.1,222)"/>
         <nite:child href="Bro019.F.segs.xml#id(Bro019.segment.1,223)"/>
         <nite:child href="Bro019.C.segs.xml#id(Bro019.segment.1,224)"/>
         <nite:child href="Bro019.F.segs.xml#id(Bro019.segment.1,225)"/>
         <nite:child href="Bro019.D.segs.xml#id(Bro019.segment.1,226)"/>
         <nite:child href="Bro019.C.segs.xml#id(Bro019.segment.1,227)..id(Bro019.segment.1,228)"/>
         <nite:child href="Bro019.A.segs.xml#id(Bro019.segment.1,229)..id(Bro019.segment.1,233)"/>
         <nite:child href="Bro019.D.segs.xml#id(Bro019.segment.1,234)"/>
         <nite:child href="Bro019.C.segs.xml#id(Bro019.segment.1,235)"/>
         <nite:child href="Bro019.A.segs.xml#id(Bro019.segment.1,236)..id(Bro019.segment.1,239)"/>
         <nite:child href="Bro019.C.segs.xml#id(Bro019.segment.1,240)"/>
         <nite:child href="Bro019.A.segs.xml#id(Bro019.segment.1,241)"/>
         <nite:child href="Bro019.C.segs.xml#id(Bro019.segment.1,242)"/>
         <nite:child href="Bro019.A.segs.xml#id(Bro019.segment.1,243)"/>
         <nite:child href="Bro019.C.segs.xml#id(Bro019.segment.1,244)"/>
         <nite:child href="Bro019.A.segs.xml#id(Bro019.segment.1,245)"/>
         <nite:child href="Bro019.C.segs.xml#id(Bro019.segment.1,246)"/>
         <nite:child href="Bro019.D.segs.xml#id(Bro019.segment.1,247)"/>
         <nite:child href="Bro019.A.segs.xml#id(Bro019.segment.1,248)"/>
         <nite:child href="Bro019.C.segs.xml#id(Bro019.segment.1,249)"/>
         <nite:child href="Bro019.A.segs.xml#id(Bro019.segment.1,250)"/>
         <nite:child href="Bro019.C.segs.xml#id(Bro019.segment.1,251)"/>
         <nite:child href="Bro019.A.segs.xml#id(Bro019.segment.1,252)"/>
         <nite:child href="Bro019.C.segs.xml#id(Bro019.segment.1,253)..id(Bro019.segment.1,254)"/>
         <nite:child href="Bro019.A.segs.xml#id(Bro019.segment.1,255)..id(Bro019.segment.1,258)"/>
         <nite:child href="Bro019.C.segs.xml#id(Bro019.segment.1,259)..id(Bro019.segment.1,260)"/>
         <nite:child href="Bro019.D.segs.xml#id(Bro019.segment.1,261)"/>
         <nite:child href="Bro019.C.segs.xml#id(Bro019.segment.1,262)"/>
         <nite:child href="Bro019.A.segs.xml#id(Bro019.segment.1,263)"/>
      </topic>
   </topic>
   <topic nite:id="Bro019.topic.5" description="report from Barry, detecting acoustic events">
      <nite:child href="Bro019.C.segs.xml#id(Bro019.segment.1,264)"/>
      <nite:child href="Bro019.G.segs.xml#id(Bro019.segment.1,265)"/>
      <nite:child href="Bro019.C.segs.xml#id(Bro019.segment.1,266)..id(Bro019.segment.1,267)"/>
      <nite:child href="Bro019.G.segs.xml#id(Bro019.segment.1,268)..id(Bro019.segment.1,280)"/>
      <nite:child href="Bro019.A.segs.xml#id(Bro019.segment.1,281)"/>
      <nite:child href="Bro019.C.segs.xml#id(Bro019.segment.1,282)"/>
      <nite:child href="Bro019.G.segs.xml#id(Bro019.segment.1,283)"/>
      <nite:child href="Bro019.D.segs.xml#id(Bro019.segment.1,284)"/>
      <nite:child href="Bro019.C.segs.xml#id(Bro019.segment.1,285)"/>
      <nite:child href="Bro019.G.segs.xml#id(Bro019.segment.1,286)..id(Bro019.segment.1,287)"/>
      <nite:child href="Bro019.C.segs.xml#id(Bro019.segment.1,288)"/>
      <nite:child href="Bro019.B.segs.xml#id(Bro019.segment.1,289)"/>
      <nite:child href="Bro019.G.segs.xml#id(Bro019.segment.1,290)..id(Bro019.segment.1,291)"/>
      <nite:child href="Bro019.F.segs.xml#id(Bro019.segment.1,292)"/>
      <nite:child href="Bro019.D.segs.xml#id(Bro019.segment.1,293)"/>
      <nite:child href="Bro019.G.segs.xml#id(Bro019.segment.1,294)..id(Bro019.segment.1,295)"/>
   </topic>
   <topic nite:id="Bro019.topic.4" description="chitchat">
      <nite:child href="Bro019.G.segs.xml#id(Bro019.segment.1,296)"/>
      <nite:child href="Bro019.C.segs.xml#id(Bro019.segment.1,297)"/>
      <nite:child href="Bro019.G.segs.xml#id(Bro019.segment.1,298)"/>
      <nite:child href="Bro019.D.segs.xml#id(Bro019.segment.1,299)"/>
      <nite:child href="Bro019.G.segs.xml#id(Bro019.segment.1,300)"/>
      <nite:child href="Bro019.D.segs.xml#id(Bro019.segment.1,301)"/>
      <nite:child href="Bro019.C.segs.xml#id(Bro019.segment.1,302)"/>
      <nite:child href="Bro019.A.segs.xml#id(Bro019.segment.1,303)"/>
      <nite:child href="Bro019.F.segs.xml#id(Bro019.segment.1,304)"/>
      <nite:child href="Bro019.A.segs.xml#id(Bro019.segment.1,305)"/>
      <nite:child href="Bro019.G.segs.xml#id(Bro019.segment.1,306)"/>
      <nite:child href="Bro019.C.segs.xml#id(Bro019.segment.1,307)"/>
      <nite:child href="Bro019.A.segs.xml#id(Bro019.segment.1,308)"/>
      <nite:child href="Bro019.C.segs.xml#id(Bro019.segment.1,309)..id(Bro019.segment.1,311)"/>
      <nite:child href="Bro019.A.segs.xml#id(Bro019.segment.1,312)..id(Bro019.segment.1,315)"/>
      <nite:child href="Bro019.D.segs.xml#id(Bro019.segment.1,316)"/>
      <nite:child href="Bro019.A.segs.xml#id(Bro019.segment.1,317)..id(Bro019.segment.1,318)"/>
      <nite:child href="Bro019.C.segs.xml#id(Bro019.segment.1,319)"/>
      <nite:child href="Bro019.A.segs.xml#id(Bro019.segment.1,320)"/>
      <nite:child href="Bro019.F.segs.xml#id(Bro019.segment.1,321)"/>
      <nite:child href="Bro019.A.segs.xml#id(Bro019.segment.1,322)"/>
      <nite:child href="Bro019.F.segs.xml#id(Bro019.segment.1,323)..id(Bro019.segment.1,324)"/>
      <nite:child href="Bro019.G.segs.xml#id(Bro019.segment.1,325)"/>
      <nite:child href="Bro019.C.segs.xml#id(Bro019.segment.1,326)"/>
      <nite:child href="Bro019.A.segs.xml#id(Bro019.segment.1,327)"/>
      <nite:child href="Bro019.C.segs.xml#id(Bro019.segment.1,328)"/>
      <nite:child href="Bro019.G.segs.xml#id(Bro019.segment.1,329)"/>
      <nite:child href="Bro019.A.segs.xml#id(Bro019.segment.1,330)"/>
      <nite:child href="Bro019.C.segs.xml#id(Bro019.segment.1,331)"/>
      <nite:child href="Bro019.A.segs.xml#id(Bro019.segment.1,332)"/>
      <nite:child href="Bro019.C.segs.xml#id(Bro019.segment.1,333)"/>
      <nite:child href="Bro019.E.segs.xml#id(Bro019.segment.1,334)"/>
      <nite:child href="Bro019.C.segs.xml#id(Bro019.segment.1,335)"/>
      <nite:child href="Bro019.A.segs.xml#id(Bro019.segment.1,336)..id(Bro019.segment.1,338)"/>
      <nite:child href="Bro019.D.segs.xml#id(Bro019.segment.1,339)"/>
      <nite:child href="Bro019.E.segs.xml#id(Bro019.segment.1,340)"/>
      <nite:child href="Bro019.G.segs.xml#id(Bro019.segment.1,341)..id(Bro019.segment.1,342)"/>
      <nite:child href="Bro019.C.segs.xml#id(Bro019.segment.1,343)"/>
      <nite:child href="Bro019.D.segs.xml#id(Bro019.segment.1,344)"/>
      <nite:child href="Bro019.C.segs.xml#id(Bro019.segment.1,345)"/>
      <nite:child href="Bro019.D.segs.xml#id(Bro019.segment.1,346)"/>
      <nite:child href="Bro019.F.segs.xml#id(Bro019.segment.1,347)"/>
      <nite:child href="Bro019.A.segs.xml#id(Bro019.segment.1,348)"/>
      <nite:child href="Bro019.C.segs.xml#id(Bro019.segment.1,349)"/>
      <nite:child href="Bro019.F.segs.xml#id(Bro019.segment.1,350)"/>
      <nite:child href="Bro019.B.segs.xml#id(Bro019.segment.1,351)"/>
      <nite:child href="Bro019.D.segs.xml#id(Bro019.segment.1,352)"/>
      <nite:child href="Bro019.C.segs.xml#id(Bro019.segment.1,353)"/>
      <nite:child href="Bro019.D.segs.xml#id(Bro019.segment.1,354)"/>
      <nite:child href="Bro019.G.segs.xml#id(Bro019.segment.1,355)"/>
      <nite:child href="Bro019.A.segs.xml#id(Bro019.segment.1,356)..id(Bro019.segment.1,357)"/>
   </topic>
   <topic nite:id="Bro019.topic.3" description="report from speaker me026, PLP formant synthesizer">
      <nite:child href="Bro019.C.segs.xml#id(Bro019.segment.1,358)"/>
      <nite:child href="Bro019.A.segs.xml#id(Bro019.segment.1,359)"/>
      <nite:child href="Bro019.C.segs.xml#id(Bro019.segment.1,360)..id(Bro019.segment.1,362)"/>
      <nite:child href="Bro019.E.segs.xml#id(Bro019.segment.1,363)..id(Bro019.segment.1,370)"/>
      <nite:child href="Bro019.A.segs.xml#id(Bro019.segment.1,371)"/>
      <nite:child href="Bro019.C.segs.xml#id(Bro019.segment.1,372)"/>
      <nite:child href="Bro019.A.segs.xml#id(Bro019.segment.1,373)"/>
      <nite:child href="Bro019.D.segs.xml#id(Bro019.segment.1,374)"/>
      <nite:child href="Bro019.C.segs.xml#id(Bro019.segment.1,375)"/>
      <nite:child href="Bro019.A.segs.xml#id(Bro019.segment.1,376)..id(Bro019.segment.1,378)"/>
      <nite:child href="Bro019.C.segs.xml#id(Bro019.segment.1,379)"/>
      <nite:child href="Bro019.A.segs.xml#id(Bro019.segment.1,380)"/>
      <nite:child href="Bro019.C.segs.xml#id(Bro019.segment.1,381)"/>
      <nite:child href="Bro019.A.segs.xml#id(Bro019.segment.1,382)..id(Bro019.segment.1,383)"/>
      <nite:child href="Bro019.C.segs.xml#id(Bro019.segment.1,384)..id(Bro019.segment.1,386)"/>
      <nite:child href="Bro019.F.segs.xml#id(Bro019.segment.1,387)"/>
      <nite:child href="Bro019.G.segs.xml#id(Bro019.segment.1,388)"/>
      <nite:child href="Bro019.C.segs.xml#id(Bro019.segment.1,389)..id(Bro019.segment.1,390)"/>
      <nite:child href="Bro019.A.segs.xml#id(Bro019.segment.1,391)"/>
      <nite:child href="Bro019.C.segs.xml#id(Bro019.segment.1,392)"/>
      <nite:child href="Bro019.D.segs.xml#id(Bro019.segment.1,393)"/>
      <nite:child href="Bro019.F.segs.xml#id(Bro019.segment.1,394)"/>
      <nite:child href="Bro019.C.segs.xml#id(Bro019.segment.1,395)"/>
      <nite:child href="Bro019.D.segs.xml#id(Bro019.segment.1,396)"/>
      <nite:child href="Bro019.E.segs.xml#id(Bro019.segment.1,397)..id(Bro019.segment.1,401)"/>
      <nite:child href="Bro019.F.segs.xml#id(Bro019.segment.1,402)"/>
      <nite:child href="Bro019.E.segs.xml#id(Bro019.segment.1,403)..id(Bro019.segment.1,407)"/>
      <nite:child href="Bro019.D.segs.xml#id(Bro019.segment.1,408)"/>
      <nite:child href="Bro019.C.segs.xml#id(Bro019.segment.1,409)"/>
      <nite:child href="Bro019.E.segs.xml#id(Bro019.segment.1,410)"/>
      <nite:child href="Bro019.A.segs.xml#id(Bro019.segment.1,411)"/>
      <nite:child href="Bro019.C.segs.xml#id(Bro019.segment.1,412)"/>
      <nite:child href="Bro019.E.segs.xml#id(Bro019.segment.1,413)"/>
      <nite:child href="Bro019.C.segs.xml#id(Bro019.segment.1,414)"/>
      <nite:child href="Bro019.F.segs.xml#id(Bro019.segment.1,415)"/>
      <nite:child href="Bro019.C.segs.xml#id(Bro019.segment.1,416)"/>
      <nite:child href="Bro019.D.segs.xml#id(Bro019.segment.1,417)..id(Bro019.segment.1,418)"/>
      <nite:child href="Bro019.E.segs.xml#id(Bro019.segment.1,419)"/>
      <nite:child href="Bro019.B.segs.xml#id(Bro019.segment.1,420)"/>
      <nite:child href="Bro019.D.segs.xml#id(Bro019.segment.1,421)"/>
      <nite:child href="Bro019.B.segs.xml#id(Bro019.segment.1,422)"/>
      <nite:child href="Bro019.C.segs.xml#id(Bro019.segment.1,423)..id(Bro019.segment.1,424)"/>
      <nite:child href="Bro019.D.segs.xml#id(Bro019.segment.1,425)"/>
      <nite:child href="Bro019.C.segs.xml#id(Bro019.segment.1,426)"/>
      <nite:child href="Bro019.D.segs.xml#id(Bro019.segment.1,427)"/>
      <nite:child href="Bro019.G.segs.xml#id(Bro019.segment.1,428)"/>
      <nite:child href="Bro019.E.segs.xml#id(Bro019.segment.1,429)"/>
      <nite:child href="Bro019.D.segs.xml#id(Bro019.segment.1,430)..id(Bro019.segment.1,431)"/>
      <nite:child href="Bro019.F.segs.xml#id(Bro019.segment.1,432)..id(Bro019.segment.1,433)"/>
      <nite:child href="Bro019.E.segs.xml#id(Bro019.segment.1,434)"/>
      <nite:child href="Bro019.F.segs.xml#id(Bro019.segment.1,435)"/>
      <nite:child href="Bro019.C.segs.xml#id(Bro019.segment.1,436)..id(Bro019.segment.1,437)"/>
      <nite:child href="Bro019.E.segs.xml#id(Bro019.segment.1,438)..id(Bro019.segment.1,442)"/>
      <nite:child href="Bro019.C.segs.xml#id(Bro019.segment.1,443)"/>
      <nite:child href="Bro019.E.segs.xml#id(Bro019.segment.1,444)"/>
      <nite:child href="Bro019.C.segs.xml#id(Bro019.segment.1,445)..id(Bro019.segment.1,447)"/>
      <nite:child href="Bro019.D.segs.xml#id(Bro019.segment.1,448)"/>
      <nite:child href="Bro019.C.segs.xml#id(Bro019.segment.1,449)"/>
      <nite:child href="Bro019.B.segs.xml#id(Bro019.segment.1,450)"/>
      <nite:child href="Bro019.F.segs.xml#id(Bro019.segment.1,451)"/>
      <nite:child href="Bro019.B.segs.xml#id(Bro019.segment.1,452)"/>
      <nite:child href="Bro019.F.segs.xml#id(Bro019.segment.1,453)"/>
      <nite:child href="Bro019.C.segs.xml#id(Bro019.segment.1,454)"/>
      <nite:child href="Bro019.F.segs.xml#id(Bro019.segment.1,455)"/>
      <nite:child href="Bro019.E.segs.xml#id(Bro019.segment.1,456)"/>
      <nite:child href="Bro019.C.segs.xml#id(Bro019.segment.1,457)..id(Bro019.segment.1,460)"/>
   </topic>
   <topic nite:id="Bro019.topic.1" description="closing">
      <nite:child href="Bro019.C.segs.xml#id(Bro019.segment.1,461)"/>
      <nite:child href="Bro019.F.segs.xml#id(Bro019.segment.1,462)"/>
      <nite:child href="Bro019.A.segs.xml#id(Bro019.segment.1,463)"/>
      <nite:child href="Bro019.C.segs.xml#id(Bro019.segment.1,464)"/>
      <nite:child href="Bro019.A.segs.xml#id(Bro019.segment.1,465)"/>
      <nite:child href="Bro019.F.segs.xml#id(Bro019.segment.1,466)"/>
      <nite:child href="Bro019.D.segs.xml#id(Bro019.segment.1,467)"/>
      <nite:child href="Bro019.C.segs.xml#id(Bro019.segment.1,468)"/>
      <nite:child href="Bro019.B.segs.xml#id(Bro019.segment.1,469)"/>
      <nite:child href="Bro019.F.segs.xml#id(Bro019.segment.1,470)"/>
      <nite:child href="Bro019.G.segs.xml#id(Bro019.segment.1,471)"/>
      <nite:child href="Bro019.F.segs.xml#id(Bro019.segment.1,472)"/>
      <nite:child href="Bro019.B.segs.xml#id(Bro019.segment.1,473)"/>
      <nite:child href="Bro019.C.segs.xml#id(Bro019.segment.1,474)"/>
      <topic nite:id="Bro019.topic.2" description="digit task">
         <nite:child href="Bro019.C.segs.xml#id(Bro019.segment.1,475)..id(Bro019.segment.1,483)"/>
         <nite:child href="Bro019.F.segs.xml#id(Bro019.segment.1,484)..id(Bro019.segment.1,493)"/>
         <nite:child href="Bro019.G.segs.xml#id(Bro019.segment.1,494)"/>
         <nite:child href="Bro019.F.segs.xml#id(Bro019.segment.1,495)"/>
         <nite:child href="Bro019.G.segs.xml#id(Bro019.segment.1,496)..id(Bro019.segment.1,503)"/>
         <nite:child href="Bro019.E.segs.xml#id(Bro019.segment.1,504)..id(Bro019.segment.1,509)"/>
         <nite:child href="Bro019.G.segs.xml#id(Bro019.segment.1,510)"/>
         <nite:child href="Bro019.E.segs.xml#id(Bro019.segment.1,511)..id(Bro019.segment.1,513)"/>
         <nite:child href="Bro019.A.segs.xml#id(Bro019.segment.1,514)..id(Bro019.segment.1,522)"/>
         <nite:child href="Bro019.B.segs.xml#id(Bro019.segment.1,523)..id(Bro019.segment.1,525)"/>
         <nite:child href="Bro019.F.segs.xml#id(Bro019.segment.1,526)..id(Bro019.segment.1,527)"/>
         <nite:child href="Bro019.B.segs.xml#id(Bro019.segment.1,528)"/>
         <nite:child href="Bro019.F.segs.xml#id(Bro019.segment.1,529)..id(Bro019.segment.1,531)"/>
         <nite:child href="Bro019.B.segs.xml#id(Bro019.segment.1,532)"/>
         <nite:child href="Bro019.F.segs.xml#id(Bro019.segment.1,533)"/>
         <nite:child href="Bro019.B.segs.xml#id(Bro019.segment.1,534)..id(Bro019.segment.1,535)"/>
         <nite:child href="Bro019.F.segs.xml#id(Bro019.segment.1,536)"/>
         <nite:child href="Bro019.B.segs.xml#id(Bro019.segment.1,537)..id(Bro019.segment.1,538)"/>
         <nite:child href="Bro019.D.segs.xml#id(Bro019.segment.1,539)..id(Bro019.segment.1,540)"/>
         <nite:child href="Bro019.F.segs.xml#id(Bro019.segment.1,541)"/>
         <nite:child href="Bro019.D.segs.xml#id(Bro019.segment.1,542)"/>
         <nite:child href="Bro019.F.segs.xml#id(Bro019.segment.1,543)"/>
         <nite:child href="Bro019.D.segs.xml#id(Bro019.segment.1,544)"/>
         <nite:child href="Bro019.F.segs.xml#id(Bro019.segment.1,545)"/>
         <nite:child href="Bro019.D.segs.xml#id(Bro019.segment.1,546)..id(Bro019.segment.1,550)"/>
      </topic>
      <nite:child href="Bro019.F.segs.xml#id(Bro019.segment.1,551)"/>
   </topic>
</nite:root>