<?xml version="1.0" encoding="ISO-8859-1" standalone="yes"?>
<nite:root nite:id="Bed004.topic" xmlns:nite="http://nite.sourceforge.net/">
   <topic nite:id="Bed004.topic.1" description="digits">
      <nite:child href="Bed004.C.segs.xml#id(Bed004.segment.1)"/>
      <nite:child href="Bed004.A.segs.xml#id(Bed004.segment.2)"/>
      <nite:child href="Bed004.E.segs.xml#id(Bed004.segment.3)..id(Bed004.segment.4)"/>
      <nite:child href="Bed004.D.segs.xml#id(Bed004.segment.5)"/>
      <nite:child href="Bed004.A.segs.xml#id(Bed004.segment.6)"/>
      <nite:child href="Bed004.D.segs.xml#id(Bed004.segment.8)..id(Bed004.segment.9)"/>
      <nite:child href="Bed004.C.segs.xml#id(Bed004.segment.10)"/>
      <nite:child href="Bed004.D.segs.xml#id(Bed004.segment.11)..id(Bed004.segment.13)"/>
      <nite:child href="Bed004.C.segs.xml#id(Bed004.segment.14)"/>
      <nite:child href="Bed004.D.segs.xml#id(Bed004.segment.15)"/>
      <nite:child href="Bed004.C.segs.xml#id(Bed004.segment.16)"/>
      <nite:child href="Bed004.D.segs.xml#id(Bed004.segment.17)..id(Bed004.segment.18)"/>
      <nite:child href="Bed004.A.segs.xml#id(Bed004.segment.19)"/>
      <nite:child href="Bed004.D.segs.xml#id(Bed004.segment.20)..id(Bed004.segment.24)"/>
      <nite:child href="Bed004.C.segs.xml#id(Bed004.segment.25)"/>
      <nite:child href="Bed004.D.segs.xml#id(Bed004.segment.26)..id(Bed004.segment.33)"/>
      <nite:child href="Bed004.A.segs.xml#id(Bed004.segment.34)..id(Bed004.segment.37)"/>
      <nite:child href="Bed004.D.segs.xml#id(Bed004.segment.38)"/>
      <nite:child href="Bed004.A.segs.xml#id(Bed004.segment.39)..id(Bed004.segment.58)"/>
      <nite:child href="Bed004.C.segs.xml#id(Bed004.segment.59)..id(Bed004.segment.80)"/>
      <nite:child href="Bed004.E.segs.xml#id(Bed004.segment.81)..id(Bed004.segment.83)"/>
      <nite:child href="Bed004.C.segs.xml#id(Bed004.segment.84)"/>
      <nite:child href="Bed004.E.segs.xml#id(Bed004.segment.85)"/>
      <nite:child href="Bed004.C.segs.xml#id(Bed004.segment.86)"/>
      <nite:child href="Bed004.E.segs.xml#id(Bed004.segment.87)"/>
      <nite:child href="Bed004.C.segs.xml#id(Bed004.segment.88)"/>
      <nite:child href="Bed004.E.segs.xml#id(Bed004.segment.89)"/>
      <nite:child href="Bed004.C.segs.xml#id(Bed004.segment.90)"/>
      <nite:child href="Bed004.E.segs.xml#id(Bed004.segment.91)..id(Bed004.segment.93)"/>
   </topic>
   <topic nite:id="Bed004.topic.2" description="cut">
      <nite:child href="Bed004.C.segs.xml#id(Bed004.segment.94)"/>
      <nite:child href="Bed004.A.segs.xml#id(Bed004.segment.96)"/>
      <nite:child href="Bed004.D.segs.xml#id(Bed004.segment.97)"/>
      <nite:child href="Bed004.C.segs.xml#id(Bed004.segment.98)"/>
      <nite:child href="Bed004.D.segs.xml#id(Bed004.segment.99)"/>
      <nite:child href="Bed004.A.segs.xml#id(Bed004.segment.100)"/>
      <nite:child href="Bed004.C.segs.xml#id(Bed004.segment.101)"/>
      <nite:child href="Bed004.D.segs.xml#id(Bed004.segment.102)"/>
      <nite:child href="Bed004.A.segs.xml#id(Bed004.segment.103)..id(Bed004.segment.104)"/>
      <nite:child href="Bed004.C.segs.xml#id(Bed004.segment.105)..id(Bed004.segment.106)"/>
      <nite:child href="Bed004.A.segs.xml#id(Bed004.segment.107)"/>
      <nite:child href="Bed004.D.segs.xml#id(Bed004.segment.108)"/>
      <nite:child href="Bed004.C.segs.xml#id(Bed004.segment.109)"/>
      <nite:child href="Bed004.D.segs.xml#id(Bed004.segment.110)"/>
      <nite:child href="Bed004.A.segs.xml#id(Bed004.segment.111)"/>
      <nite:child href="Bed004.C.segs.xml#id(Bed004.segment.112)"/>
      <nite:child href="Bed004.A.segs.xml#id(Bed004.segment.113)..id(Bed004.segment.115)"/>
      <nite:child href="Bed004.D.segs.xml#id(Bed004.segment.116)..id(Bed004.segment.117)"/>
      <nite:child href="Bed004.A.segs.xml#id(Bed004.segment.118)"/>
      <nite:child href="Bed004.D.segs.xml#id(Bed004.segment.119)"/>
      <nite:child href="Bed004.A.segs.xml#id(Bed004.segment.120)..id(Bed004.segment.127)"/>
      <nite:child href="Bed004.C.segs.xml#id(Bed004.segment.128)"/>
      <nite:child href="Bed004.A.segs.xml#id(Bed004.segment.129)"/>
      <nite:child href="Bed004.D.segs.xml#id(Bed004.segment.130)..id(Bed004.segment.131)"/>
      <nite:child href="Bed004.A.segs.xml#id(Bed004.segment.132)..id(Bed004.segment.134)"/>
      <nite:child href="Bed004.D.segs.xml#id(Bed004.segment.135)..id(Bed004.segment.136)"/>
      <nite:child href="Bed004.A.segs.xml#id(Bed004.segment.137)"/>
      <nite:child href="Bed004.D.segs.xml#id(Bed004.segment.138)"/>
      <nite:child href="Bed004.C.segs.xml#id(Bed004.segment.139)"/>
      <nite:child href="Bed004.A.segs.xml#id(Bed004.segment.140)"/>
      <nite:child href="Bed004.D.segs.xml#id(Bed004.segment.141)"/>
      <nite:child href="Bed004.A.segs.xml#id(Bed004.segment.142)"/>
      <nite:child href="Bed004.D.segs.xml#id(Bed004.segment.143)..id(Bed004.segment.144)"/>
      <nite:child href="Bed004.A.segs.xml#id(Bed004.segment.145)..id(Bed004.segment.147)"/>
      <nite:child href="Bed004.D.segs.xml#id(Bed004.segment.148)..id(Bed004.segment.153)"/>
      <nite:child href="Bed004.A.segs.xml#id(Bed004.segment.154)"/>
      <nite:child href="Bed004.C.segs.xml#id(Bed004.segment.155)"/>
      <nite:child href="Bed004.A.segs.xml#id(Bed004.segment.156)..id(Bed004.segment.158)"/>
      <nite:child href="Bed004.D.segs.xml#id(Bed004.segment.159)..id(Bed004.segment.160)"/>
      <nite:child href="Bed004.A.segs.xml#id(Bed004.segment.161)"/>
      <nite:child href="Bed004.D.segs.xml#id(Bed004.segment.162)"/>
      <nite:child href="Bed004.C.segs.xml#id(Bed004.segment.163)"/>
      <nite:child href="Bed004.D.segs.xml#id(Bed004.segment.164)"/>
      <nite:child href="Bed004.B.segs.xml#id(Bed004.segment.166)"/>
      <nite:child href="Bed004.C.segs.xml#id(Bed004.segment.167)"/>
      <nite:child href="Bed004.B.segs.xml#id(Bed004.segment.168)"/>
      <nite:child href="Bed004.A.segs.xml#id(Bed004.segment.169)"/>
      <nite:child href="Bed004.B.segs.xml#id(Bed004.segment.170)"/>
      <nite:child href="Bed004.A.segs.xml#id(Bed004.segment.171)"/>
      <nite:child href="Bed004.B.segs.xml#id(Bed004.segment.172)"/>
      <nite:child href="Bed004.A.segs.xml#id(Bed004.segment.173)"/>
      <nite:child href="Bed004.B.segs.xml#id(Bed004.segment.174)"/>
      <nite:child href="Bed004.A.segs.xml#id(Bed004.segment.175)..id(Bed004.segment.177)"/>
      <nite:child href="Bed004.C.segs.xml#id(Bed004.segment.178)"/>
      <nite:child href="Bed004.A.segs.xml#id(Bed004.segment.179)"/>
      <nite:child href="Bed004.B.segs.xml#id(Bed004.segment.180)"/>
      <nite:child href="Bed004.A.segs.xml#id(Bed004.segment.181)"/>
      <nite:child href="Bed004.D.segs.xml#id(Bed004.segment.182)"/>
      <nite:child href="Bed004.B.segs.xml#id(Bed004.segment.183)..id(Bed004.segment.184)"/>
      <nite:child href="Bed004.D.segs.xml#id(Bed004.segment.185)"/>
      <nite:child href="Bed004.A.segs.xml#id(Bed004.segment.186)"/>
      <nite:child href="Bed004.B.segs.xml#id(Bed004.segment.187)"/>
   </topic>
   <topic nite:id="Bed004.topic.3">
      <nite:child href="Bed004.D.segs.xml#id(Bed004.segment.189)"/>
      <nite:child href="Bed004.C.segs.xml#id(Bed004.segment.191)"/>
      <nite:child href="Bed004.D.segs.xml#id(Bed004.segment.190)..id(Bed004.segment.195)"/>
      <nite:child href="Bed004.B.segs.xml#id(Bed004.segment.196)..id(Bed004.segment.197)"/>
      <nite:child href="Bed004.D.segs.xml#id(Bed004.segment.198)..id(Bed004.segment.205)"/>
      <nite:child href="Bed004.B.segs.xml#id(Bed004.segment.206)"/>
      <nite:child href="Bed004.D.segs.xml#id(Bed004.segment.207)"/>
      <nite:child href="Bed004.B.segs.xml#id(Bed004.segment.208)"/>
      <nite:child href="Bed004.D.segs.xml#id(Bed004.segment.209)..id(Bed004.segment.213)"/>
      <nite:child href="Bed004.C.segs.xml#id(Bed004.segment.214)"/>
      <nite:child href="Bed004.D.segs.xml#id(Bed004.segment.215)..id(Bed004.segment.223)"/>
      <nite:child href="Bed004.G.segs.xml#id(Bed004.segment.225)"/>
      <nite:child href="Bed004.D.segs.xml#id(Bed004.segment.226)..id(Bed004.segment.229)"/>
      <nite:child href="Bed004.F.segs.xml#id(Bed004.segment.231)"/>
      <nite:child href="Bed004.C.segs.xml#id(Bed004.segment.232)"/>
      <nite:child href="Bed004.G.segs.xml#id(Bed004.segment.233)"/>
      <nite:child href="Bed004.C.segs.xml#id(Bed004.segment.234)"/>
      <nite:child href="Bed004.D.segs.xml#id(Bed004.segment.235)"/>
      <nite:child href="Bed004.C.segs.xml#id(Bed004.segment.236)"/>
      <nite:child href="Bed004.D.segs.xml#id(Bed004.segment.237)"/>
      <nite:child href="Bed004.C.segs.xml#id(Bed004.segment.238)..id(Bed004.segment.239)"/>
      <nite:child href="Bed004.D.segs.xml#id(Bed004.segment.240)..id(Bed004.segment.245)"/>
      <nite:child href="Bed004.C.segs.xml#id(Bed004.segment.244)"/>
      <nite:child href="Bed004.D.segs.xml#id(Bed004.segment.246)..id(Bed004.segment.248)"/>
      <nite:child href="Bed004.G.segs.xml#id(Bed004.segment.249)..id(Bed004.segment.251)"/>
      <nite:child href="Bed004.F.segs.xml#id(Bed004.segment.252)"/>
      <nite:child href="Bed004.G.segs.xml#id(Bed004.segment.253)..id(Bed004.segment.254)"/>
      <nite:child href="Bed004.A.segs.xml#id(Bed004.segment.255)"/>
      <nite:child href="Bed004.G.segs.xml#id(Bed004.segment.256)"/>
      <nite:child href="Bed004.D.segs.xml#id(Bed004.segment.257)"/>
      <nite:child href="Bed004.A.segs.xml#id(Bed004.segment.258)"/>
      <nite:child href="Bed004.F.segs.xml#id(Bed004.segment.259)"/>
      <nite:child href="Bed004.C.segs.xml#id(Bed004.segment.260)"/>
      <nite:child href="Bed004.A.segs.xml#id(Bed004.segment.261)"/>
      <nite:child href="Bed004.G.segs.xml#id(Bed004.segment.262)"/>
      <nite:child href="Bed004.A.segs.xml#id(Bed004.segment.263)"/>
      <nite:child href="Bed004.G.segs.xml#id(Bed004.segment.264)..id(Bed004.segment.265)"/>
      <nite:child href="Bed004.F.segs.xml#id(Bed004.segment.266)"/>
      <nite:child href="Bed004.G.segs.xml#id(Bed004.segment.267)"/>
      <nite:child href="Bed004.D.segs.xml#id(Bed004.segment.269)..id(Bed004.segment.270)"/>
      <nite:child href="Bed004.F.segs.xml#id(Bed004.segment.271)"/>
      <nite:child href="Bed004.G.segs.xml#id(Bed004.segment.272)"/>
      <nite:child href="Bed004.F.segs.xml#id(Bed004.segment.273)"/>
      <nite:child href="Bed004.A.segs.xml#id(Bed004.segment.274)"/>
      <nite:child href="Bed004.G.segs.xml#id(Bed004.segment.275)"/>
      <nite:child href="Bed004.C.segs.xml#id(Bed004.segment.276)"/>
      <nite:child href="Bed004.F.segs.xml#id(Bed004.segment.277)"/>
      <nite:child href="Bed004.G.segs.xml#id(Bed004.segment.278)..id(Bed004.segment.279)"/>
      <nite:child href="Bed004.F.segs.xml#id(Bed004.segment.280)"/>
      <nite:child href="Bed004.G.segs.xml#id(Bed004.segment.281)"/>
      <nite:child href="Bed004.C.segs.xml#id(Bed004.segment.282)"/>
      <nite:child href="Bed004.F.segs.xml#id(Bed004.segment.283)"/>
      <nite:child href="Bed004.G.segs.xml#id(Bed004.segment.284)"/>
      <nite:child href="Bed004.F.segs.xml#id(Bed004.segment.285)..id(Bed004.segment.286)"/>
      <nite:child href="Bed004.G.segs.xml#id(Bed004.segment.287)"/>
      <nite:child href="Bed004.F.segs.xml#id(Bed004.segment.288)"/>
      <nite:child href="Bed004.G.segs.xml#id(Bed004.segment.289)..id(Bed004.segment.290)"/>
      <nite:child href="Bed004.F.segs.xml#id(Bed004.segment.291)"/>
      <nite:child href="Bed004.G.segs.xml#id(Bed004.segment.292)"/>
      <nite:child href="Bed004.F.segs.xml#id(Bed004.segment.293)"/>
      <nite:child href="Bed004.G.segs.xml#id(Bed004.segment.294)"/>
      <nite:child href="Bed004.A.segs.xml#id(Bed004.segment.295)"/>
      <nite:child href="Bed004.F.segs.xml#id(Bed004.segment.296)"/>
      <nite:child href="Bed004.B.segs.xml#id(Bed004.segment.297)"/>
      <nite:child href="Bed004.G.segs.xml#id(Bed004.segment.298)"/>
      <nite:child href="Bed004.F.segs.xml#id(Bed004.segment.299)"/>
      <nite:child href="Bed004.G.segs.xml#id(Bed004.segment.300)"/>
      <nite:child href="Bed004.F.segs.xml#id(Bed004.segment.301)"/>
      <nite:child href="Bed004.G.segs.xml#id(Bed004.segment.302)..id(Bed004.segment.303)"/>
      <nite:child href="Bed004.D.segs.xml#id(Bed004.segment.304)"/>
      <nite:child href="Bed004.G.segs.xml#id(Bed004.segment.305)..id(Bed004.segment.309)"/>
      <nite:child href="Bed004.D.segs.xml#id(Bed004.segment.308)"/>
      <nite:child href="Bed004.G.segs.xml#id(Bed004.segment.310)"/>
      <nite:child href="Bed004.D.segs.xml#id(Bed004.segment.311)..id(Bed004.segment.315)"/>
      <nite:child href="Bed004.B.segs.xml#id(Bed004.segment.316)"/>
      <nite:child href="Bed004.D.segs.xml#id(Bed004.segment.317)..id(Bed004.segment.318)"/>
      <nite:child href="Bed004.C.segs.xml#id(Bed004.segment.319)"/>
      <nite:child href="Bed004.B.segs.xml#id(Bed004.segment.320)"/>
      <nite:child href="Bed004.D.segs.xml#id(Bed004.segment.321)..id(Bed004.segment.324)"/>
      <nite:child href="Bed004.C.segs.xml#id(Bed004.segment.325)..id(Bed004.segment.326)"/>
      <nite:child href="Bed004.B.segs.xml#id(Bed004.segment.327)"/>
      <nite:child href="Bed004.D.segs.xml#id(Bed004.segment.328)"/>
      <nite:child href="Bed004.B.segs.xml#id(Bed004.segment.329)..id(Bed004.segment.330)"/>
      <nite:child href="Bed004.D.segs.xml#id(Bed004.segment.331)"/>
      <nite:child href="Bed004.B.segs.xml#id(Bed004.segment.332)..id(Bed004.segment.333)"/>
      <nite:child href="Bed004.D.segs.xml#id(Bed004.segment.334)"/>
      <nite:child href="Bed004.B.segs.xml#id(Bed004.segment.335)"/>
      <nite:child href="Bed004.D.segs.xml#id(Bed004.segment.336)..id(Bed004.segment.338)"/>
      <nite:child href="Bed004.C.segs.xml#id(Bed004.segment.339)"/>
      <nite:child href="Bed004.D.segs.xml#id(Bed004.segment.340)..id(Bed004.segment.341)"/>
      <nite:child href="Bed004.B.segs.xml#id(Bed004.segment.342)"/>
      <nite:child href="Bed004.D.segs.xml#id(Bed004.segment.343)"/>
      <nite:child href="Bed004.B.segs.xml#id(Bed004.segment.344)"/>
      <nite:child href="Bed004.D.segs.xml#id(Bed004.segment.345)"/>
      <nite:child href="Bed004.A.segs.xml#id(Bed004.segment.346)..id(Bed004.segment.348)"/>
      <nite:child href="Bed004.D.segs.xml#id(Bed004.segment.349)"/>
      <nite:child href="Bed004.C.segs.xml#id(Bed004.segment.350)"/>
      <nite:child href="Bed004.A.segs.xml#id(Bed004.segment.351)"/>
      <nite:child href="Bed004.C.segs.xml#id(Bed004.segment.352)"/>
      <nite:child href="Bed004.A.segs.xml#id(Bed004.segment.353)"/>
      <nite:child href="Bed004.B.segs.xml#id(Bed004.segment.354)"/>
      <nite:child href="Bed004.D.segs.xml#id(Bed004.segment.355)"/>
      <nite:child href="Bed004.C.segs.xml#id(Bed004.segment.356)"/>
      <nite:child href="Bed004.A.segs.xml#id(Bed004.segment.357)"/>
      <nite:child href="Bed004.B.segs.xml#id(Bed004.segment.358)..id(Bed004.segment.359)"/>
      <nite:child href="Bed004.D.segs.xml#id(Bed004.segment.360)"/>
      <nite:child href="Bed004.B.segs.xml#id(Bed004.segment.361)"/>
      <nite:child href="Bed004.C.segs.xml#id(Bed004.segment.362)"/>
      <nite:child href="Bed004.D.segs.xml#id(Bed004.segment.363)..id(Bed004.segment.365)"/>
      <nite:child href="Bed004.C.segs.xml#id(Bed004.segment.366)"/>
      <nite:child href="Bed004.D.segs.xml#id(Bed004.segment.367)..id(Bed004.segment.369)"/>
   </topic>
   <topic nite:id="Bed004.topic.4">
      <nite:child href="Bed004.B.segs.xml#id(Bed004.segment.370)..id(Bed004.segment.372)"/>
      <nite:child href="Bed004.D.segs.xml#id(Bed004.segment.373)"/>
      <nite:child href="Bed004.B.segs.xml#id(Bed004.segment.374)"/>
      <nite:child href="Bed004.A.segs.xml#id(Bed004.segment.375)"/>
      <nite:child href="Bed004.D.segs.xml#id(Bed004.segment.376)"/>
      <nite:child href="Bed004.B.segs.xml#id(Bed004.segment.377)..id(Bed004.segment.379)"/>
      <nite:child href="Bed004.D.segs.xml#id(Bed004.segment.380)"/>
      <nite:child href="Bed004.B.segs.xml#id(Bed004.segment.381)..id(Bed004.segment.382)"/>
      <nite:child href="Bed004.D.segs.xml#id(Bed004.segment.383)"/>
      <nite:child href="Bed004.B.segs.xml#id(Bed004.segment.384)"/>
      <nite:child href="Bed004.D.segs.xml#id(Bed004.segment.385)"/>
      <nite:child href="Bed004.B.segs.xml#id(Bed004.segment.386)"/>
      <nite:child href="Bed004.D.segs.xml#id(Bed004.segment.387)"/>
      <nite:child href="Bed004.B.segs.xml#id(Bed004.segment.388)"/>
      <nite:child href="Bed004.D.segs.xml#id(Bed004.segment.389)"/>
      <nite:child href="Bed004.B.segs.xml#id(Bed004.segment.390)..id(Bed004.segment.391)"/>
      <nite:child href="Bed004.D.segs.xml#id(Bed004.segment.392)..id(Bed004.segment.393)"/>
      <nite:child href="Bed004.B.segs.xml#id(Bed004.segment.394)..id(Bed004.segment.395)"/>
      <nite:child href="Bed004.D.segs.xml#id(Bed004.segment.396)"/>
      <nite:child href="Bed004.B.segs.xml#id(Bed004.segment.397)..id(Bed004.segment.398)"/>
      <nite:child href="Bed004.D.segs.xml#id(Bed004.segment.399)"/>
      <nite:child href="Bed004.C.segs.xml#id(Bed004.segment.400)"/>
      <nite:child href="Bed004.B.segs.xml#id(Bed004.segment.401)"/>
      <nite:child href="Bed004.D.segs.xml#id(Bed004.segment.402)"/>
      <nite:child href="Bed004.B.segs.xml#id(Bed004.segment.403)"/>
      <nite:child href="Bed004.D.segs.xml#id(Bed004.segment.404)..id(Bed004.segment.405)"/>
      <nite:child href="Bed004.B.segs.xml#id(Bed004.segment.406)"/>
      <nite:child href="Bed004.D.segs.xml#id(Bed004.segment.407)..id(Bed004.segment.408)"/>
      <nite:child href="Bed004.B.segs.xml#id(Bed004.segment.409)"/>
      <nite:child href="Bed004.D.segs.xml#id(Bed004.segment.410)..id(Bed004.segment.411)"/>
      <nite:child href="Bed004.B.segs.xml#id(Bed004.segment.412)"/>
      <nite:child href="Bed004.D.segs.xml#id(Bed004.segment.413)"/>
      <nite:child href="Bed004.C.segs.xml#id(Bed004.segment.414)"/>
      <nite:child href="Bed004.B.segs.xml#id(Bed004.segment.415)..id(Bed004.segment.416)"/>
      <nite:child href="Bed004.D.segs.xml#id(Bed004.segment.417)..id(Bed004.segment.418)"/>
   </topic>
   <topic nite:id="Bed004.topic.5" description="agenda">
      <nite:child href="Bed004.B.segs.xml#id(Bed004.segment.419)..id(Bed004.segment.420)"/>
      <nite:child href="Bed004.D.segs.xml#id(Bed004.segment.421)"/>
      <nite:child href="Bed004.B.segs.xml#id(Bed004.segment.422)"/>
      <nite:child href="Bed004.A.segs.xml#id(Bed004.segment.424)"/>
      <nite:child href="Bed004.C.segs.xml#id(Bed004.segment.423)"/>
      <nite:child href="Bed004.B.segs.xml#id(Bed004.segment.425)..id(Bed004.segment.431)"/>
      <nite:child href="Bed004.D.segs.xml#id(Bed004.segment.432)"/>
      <nite:child href="Bed004.B.segs.xml#id(Bed004.segment.433)..id(Bed004.segment.435)"/>
      <nite:child href="Bed004.D.segs.xml#id(Bed004.segment.436)"/>
      <nite:child href="Bed004.A.segs.xml#id(Bed004.segment.437)"/>
      <nite:child href="Bed004.B.segs.xml#id(Bed004.segment.438)..id(Bed004.segment.444)"/>
      <nite:child href="Bed004.D.segs.xml#id(Bed004.segment.445)"/>
      <nite:child href="Bed004.B.segs.xml#id(Bed004.segment.446)..id(Bed004.segment.452)"/>
      <nite:child href="Bed004.D.segs.xml#id(Bed004.segment.453)..id(Bed004.segment.457)"/>
      <nite:child href="Bed004.B.segs.xml#id(Bed004.segment.458)"/>
      <nite:child href="Bed004.D.segs.xml#id(Bed004.segment.459)"/>
   </topic>
   <topic nite:id="Bed004.topic.6">
      <nite:child href="Bed004.A.segs.xml#id(Bed004.segment.460)..id(Bed004.segment.462)"/>
      <nite:child href="Bed004.B.segs.xml#id(Bed004.segment.463)"/>
      <nite:child href="Bed004.A.segs.xml#id(Bed004.segment.464)"/>
      <nite:child href="Bed004.B.segs.xml#id(Bed004.segment.465)"/>
      <nite:child href="Bed004.A.segs.xml#id(Bed004.segment.466)..id(Bed004.segment.467)"/>
      <nite:child href="Bed004.B.segs.xml#id(Bed004.segment.468)"/>
      <nite:child href="Bed004.A.segs.xml#id(Bed004.segment.469)"/>
      <nite:child href="Bed004.B.segs.xml#id(Bed004.segment.470)"/>
      <nite:child href="Bed004.A.segs.xml#id(Bed004.segment.471)"/>
      <nite:child href="Bed004.B.segs.xml#id(Bed004.segment.472)..id(Bed004.segment.473)"/>
      <nite:child href="Bed004.A.segs.xml#id(Bed004.segment.474)"/>
      <nite:child href="Bed004.D.segs.xml#id(Bed004.segment.475)"/>
      <nite:child href="Bed004.B.segs.xml#id(Bed004.segment.476)"/>
      <nite:child href="Bed004.C.segs.xml#id(Bed004.segment.478)"/>
      <nite:child href="Bed004.A.segs.xml#id(Bed004.segment.477)"/>
      <nite:child href="Bed004.B.segs.xml#id(Bed004.segment.479)"/>
      <nite:child href="Bed004.A.segs.xml#id(Bed004.segment.480)..id(Bed004.segment.481)"/>
      <nite:child href="Bed004.B.segs.xml#id(Bed004.segment.482)"/>
      <nite:child href="Bed004.A.segs.xml#id(Bed004.segment.483)"/>
      <nite:child href="Bed004.B.segs.xml#id(Bed004.segment.484)"/>
      <nite:child href="Bed004.A.segs.xml#id(Bed004.segment.485)"/>
      <nite:child href="Bed004.B.segs.xml#id(Bed004.segment.486)"/>
      <nite:child href="Bed004.A.segs.xml#id(Bed004.segment.487)..id(Bed004.segment.488)"/>
      <nite:child href="Bed004.B.segs.xml#id(Bed004.segment.489)"/>
      <nite:child href="Bed004.A.segs.xml#id(Bed004.segment.490)..id(Bed004.segment.492)"/>
      <nite:child href="Bed004.D.segs.xml#id(Bed004.segment.493)"/>
      <nite:child href="Bed004.A.segs.xml#id(Bed004.segment.494)..id(Bed004.segment.499)"/>
      <nite:child href="Bed004.B.segs.xml#id(Bed004.segment.500)"/>
      <nite:child href="Bed004.A.segs.xml#id(Bed004.segment.501)..id(Bed004.segment.512)"/>
      <nite:child href="Bed004.C.segs.xml#id(Bed004.segment.513)"/>
      <nite:child href="Bed004.A.segs.xml#id(Bed004.segment.514)"/>
      <nite:child href="Bed004.B.segs.xml#id(Bed004.segment.515)"/>
      <nite:child href="Bed004.A.segs.xml#id(Bed004.segment.516)..id(Bed004.segment.517)"/>
      <nite:child href="Bed004.B.segs.xml#id(Bed004.segment.518)"/>
      <nite:child href="Bed004.A.segs.xml#id(Bed004.segment.519)..id(Bed004.segment.521)"/>
      <nite:child href="Bed004.B.segs.xml#id(Bed004.segment.522)"/>
      <nite:child href="Bed004.A.segs.xml#id(Bed004.segment.523)"/>
      <nite:child href="Bed004.D.segs.xml#id(Bed004.segment.524)"/>
      <nite:child href="Bed004.A.segs.xml#id(Bed004.segment.525)"/>
      <nite:child href="Bed004.D.segs.xml#id(Bed004.segment.526)"/>
      <nite:child href="Bed004.A.segs.xml#id(Bed004.segment.527)"/>
      <nite:child href="Bed004.B.segs.xml#id(Bed004.segment.528)..id(Bed004.segment.533)"/>
      <nite:child href="Bed004.A.segs.xml#id(Bed004.segment.534)"/>
      <nite:child href="Bed004.B.segs.xml#id(Bed004.segment.535)..id(Bed004.segment.542)"/>
      <nite:child href="Bed004.C.segs.xml#id(Bed004.segment.543)"/>
      <nite:child href="Bed004.B.segs.xml#id(Bed004.segment.544)..id(Bed004.segment.546)"/>
      <nite:child href="Bed004.A.segs.xml#id(Bed004.segment.547)"/>
      <nite:child href="Bed004.B.segs.xml#id(Bed004.segment.548)"/>
      <nite:child href="Bed004.C.segs.xml#id(Bed004.segment.549)"/>
      <nite:child href="Bed004.A.segs.xml#id(Bed004.segment.550)..id(Bed004.segment.551)"/>
      <nite:child href="Bed004.B.segs.xml#id(Bed004.segment.552)..id(Bed004.segment.553)"/>
      <nite:child href="Bed004.A.segs.xml#id(Bed004.segment.554)..id(Bed004.segment.555)"/>
      <nite:child href="Bed004.B.segs.xml#id(Bed004.segment.556)"/>
      <nite:child href="Bed004.A.segs.xml#id(Bed004.segment.557)"/>
      <nite:child href="Bed004.B.segs.xml#id(Bed004.segment.558)..id(Bed004.segment.562)"/>
      <nite:child href="Bed004.A.segs.xml#id(Bed004.segment.563)"/>
      <nite:child href="Bed004.B.segs.xml#id(Bed004.segment.564)"/>
      <nite:child href="Bed004.A.segs.xml#id(Bed004.segment.565)"/>
      <nite:child href="Bed004.B.segs.xml#id(Bed004.segment.566)..id(Bed004.segment.573)"/>
      <nite:child href="Bed004.A.segs.xml#id(Bed004.segment.574)"/>
      <nite:child href="Bed004.B.segs.xml#id(Bed004.segment.575)..id(Bed004.segment.577)"/>
      <nite:child href="Bed004.D.segs.xml#id(Bed004.segment.578)"/>
      <nite:child href="Bed004.A.segs.xml#id(Bed004.segment.579)"/>
      <nite:child href="Bed004.B.segs.xml#id(Bed004.segment.580)"/>
      <nite:child href="Bed004.A.segs.xml#id(Bed004.segment.581)"/>
      <nite:child href="Bed004.B.segs.xml#id(Bed004.segment.582)..id(Bed004.segment.584)"/>
      <nite:child href="Bed004.A.segs.xml#id(Bed004.segment.585)"/>
      <nite:child href="Bed004.B.segs.xml#id(Bed004.segment.586)"/>
      <nite:child href="Bed004.A.segs.xml#id(Bed004.segment.587)"/>
      <nite:child href="Bed004.D.segs.xml#id(Bed004.segment.588)"/>
      <nite:child href="Bed004.B.segs.xml#id(Bed004.segment.589)"/>
      <nite:child href="Bed004.A.segs.xml#id(Bed004.segment.590)"/>
      <nite:child href="Bed004.B.segs.xml#id(Bed004.segment.591)..id(Bed004.segment.596)"/>
      <nite:child href="Bed004.A.segs.xml#id(Bed004.segment.597)"/>
      <nite:child href="Bed004.B.segs.xml#id(Bed004.segment.598)..id(Bed004.segment.606)"/>
      <nite:child href="Bed004.A.segs.xml#id(Bed004.segment.607)"/>
      <nite:child href="Bed004.B.segs.xml#id(Bed004.segment.608)..id(Bed004.segment.612)"/>
      <nite:child href="Bed004.A.segs.xml#id(Bed004.segment.613)"/>
      <nite:child href="Bed004.B.segs.xml#id(Bed004.segment.614)..id(Bed004.segment.619)"/>
      <nite:child href="Bed004.A.segs.xml#id(Bed004.segment.620)"/>
      <nite:child href="Bed004.B.segs.xml#id(Bed004.segment.621)..id(Bed004.segment.629)"/>
      <nite:child href="Bed004.A.segs.xml#id(Bed004.segment.630)"/>
      <nite:child href="Bed004.B.segs.xml#id(Bed004.segment.631)..id(Bed004.segment.635)"/>
      <nite:child href="Bed004.A.segs.xml#id(Bed004.segment.636)"/>
      <nite:child href="Bed004.B.segs.xml#id(Bed004.segment.637)..id(Bed004.segment.639)"/>
      <nite:child href="Bed004.C.segs.xml#id(Bed004.segment.640)"/>
      <nite:child href="Bed004.B.segs.xml#id(Bed004.segment.641)..id(Bed004.segment.643)"/>
      <nite:child href="Bed004.D.segs.xml#id(Bed004.segment.644)..id(Bed004.segment.648)"/>
      <nite:child href="Bed004.A.segs.xml#id(Bed004.segment.649)..id(Bed004.segment.650)"/>
      <nite:child href="Bed004.D.segs.xml#id(Bed004.segment.651)..id(Bed004.segment.655)"/>
      <nite:child href="Bed004.B.segs.xml#id(Bed004.segment.656)..id(Bed004.segment.660)"/>
      <nite:child href="Bed004.D.segs.xml#id(Bed004.segment.661)..id(Bed004.segment.662)"/>
      <nite:child href="Bed004.B.segs.xml#id(Bed004.segment.663)"/>
      <nite:child href="Bed004.D.segs.xml#id(Bed004.segment.664)..id(Bed004.segment.666)"/>
      <nite:child href="Bed004.C.segs.xml#id(Bed004.segment.667)"/>
      <nite:child href="Bed004.D.segs.xml#id(Bed004.segment.668)..id(Bed004.segment.678)"/>
      <nite:child href="Bed004.B.segs.xml#id(Bed004.segment.679)"/>
      <nite:child href="Bed004.D.segs.xml#id(Bed004.segment.680)..id(Bed004.segment.683)"/>
      <nite:child href="Bed004.B.segs.xml#id(Bed004.segment.684)..id(Bed004.segment.685)"/>
      <nite:child href="Bed004.D.segs.xml#id(Bed004.segment.686)..id(Bed004.segment.702)"/>
      <nite:child href="Bed004.B.segs.xml#id(Bed004.segment.703)"/>
      <nite:child href="Bed004.D.segs.xml#id(Bed004.segment.704)"/>
      <nite:child href="Bed004.B.segs.xml#id(Bed004.segment.705)..id(Bed004.segment.715)"/>
      <nite:child href="Bed004.D.segs.xml#id(Bed004.segment.716)"/>
      <nite:child href="Bed004.B.segs.xml#id(Bed004.segment.717)"/>
      <nite:child href="Bed004.D.segs.xml#id(Bed004.segment.718)"/>
      <nite:child href="Bed004.B.segs.xml#id(Bed004.segment.719)..id(Bed004.segment.720)"/>
      <nite:child href="Bed004.D.segs.xml#id(Bed004.segment.721)"/>
      <nite:child href="Bed004.B.segs.xml#id(Bed004.segment.722)..id(Bed004.segment.728)"/>
      <nite:child href="Bed004.D.segs.xml#id(Bed004.segment.729)..id(Bed004.segment.730)"/>
      <nite:child href="Bed004.B.segs.xml#id(Bed004.segment.731)"/>
      <nite:child href="Bed004.D.segs.xml#id(Bed004.segment.732)"/>
      <nite:child href="Bed004.B.segs.xml#id(Bed004.segment.733)..id(Bed004.segment.745)"/>
      <nite:child href="Bed004.D.segs.xml#id(Bed004.segment.746)"/>
      <nite:child href="Bed004.B.segs.xml#id(Bed004.segment.747)"/>
      <nite:child href="Bed004.D.segs.xml#id(Bed004.segment.748)"/>
      <nite:child href="Bed004.B.segs.xml#id(Bed004.segment.749)..id(Bed004.segment.754)"/>
      <nite:child href="Bed004.D.segs.xml#id(Bed004.segment.755)..id(Bed004.segment.759)"/>
      <nite:child href="Bed004.B.segs.xml#id(Bed004.segment.760)"/>
      <nite:child href="Bed004.D.segs.xml#id(Bed004.segment.761)"/>
      <nite:child href="Bed004.B.segs.xml#id(Bed004.segment.762)..id(Bed004.segment.763)"/>
      <nite:child href="Bed004.D.segs.xml#id(Bed004.segment.764)..id(Bed004.segment.770)"/>
      <nite:child href="Bed004.B.segs.xml#id(Bed004.segment.771)"/>
      <nite:child href="Bed004.D.segs.xml#id(Bed004.segment.772)..id(Bed004.segment.773)"/>
      <nite:child href="Bed004.B.segs.xml#id(Bed004.segment.774)"/>
      <nite:child href="Bed004.D.segs.xml#id(Bed004.segment.775)"/>
      <nite:child href="Bed004.B.segs.xml#id(Bed004.segment.776)..id(Bed004.segment.778)"/>
      <nite:child href="Bed004.D.segs.xml#id(Bed004.segment.779)"/>
      <nite:child href="Bed004.A.segs.xml#id(Bed004.segment.780)..id(Bed004.segment.782)"/>
      <nite:child href="Bed004.B.segs.xml#id(Bed004.segment.783)"/>
      <nite:child href="Bed004.A.segs.xml#id(Bed004.segment.784)"/>
      <nite:child href="Bed004.B.segs.xml#id(Bed004.segment.785)"/>
      <nite:child href="Bed004.A.segs.xml#id(Bed004.segment.786)"/>
      <nite:child href="Bed004.B.segs.xml#id(Bed004.segment.787)..id(Bed004.segment.789)"/>
      <nite:child href="Bed004.A.segs.xml#id(Bed004.segment.790)"/>
      <nite:child href="Bed004.B.segs.xml#id(Bed004.segment.791)..id(Bed004.segment.795)"/>
      <nite:child href="Bed004.A.segs.xml#id(Bed004.segment.796)"/>
      <nite:child href="Bed004.B.segs.xml#id(Bed004.segment.797)..id(Bed004.segment.798)"/>
      <nite:child href="Bed004.A.segs.xml#id(Bed004.segment.799)"/>
      <nite:child href="Bed004.B.segs.xml#id(Bed004.segment.800)"/>
      <nite:child href="Bed004.A.segs.xml#id(Bed004.segment.801)..id(Bed004.segment.802)"/>
      <nite:child href="Bed004.D.segs.xml#id(Bed004.segment.803)"/>
      <nite:child href="Bed004.B.segs.xml#id(Bed004.segment.804)"/>
      <nite:child href="Bed004.A.segs.xml#id(Bed004.segment.805)"/>
      <nite:child href="Bed004.B.segs.xml#id(Bed004.segment.806)"/>
      <nite:child href="Bed004.A.segs.xml#id(Bed004.segment.807)"/>
      <nite:child href="Bed004.B.segs.xml#id(Bed004.segment.808)..id(Bed004.segment.810)"/>
      <nite:child href="Bed004.A.segs.xml#id(Bed004.segment.811)"/>
      <nite:child href="Bed004.B.segs.xml#id(Bed004.segment.812)..id(Bed004.segment.819)"/>
      <nite:child href="Bed004.A.segs.xml#id(Bed004.segment.820)"/>
      <nite:child href="Bed004.B.segs.xml#id(Bed004.segment.821)..id(Bed004.segment.822)"/>
      <nite:child href="Bed004.A.segs.xml#id(Bed004.segment.824)"/>
      <nite:child href="Bed004.B.segs.xml#id(Bed004.segment.823)..id(Bed004.segment.825)"/>
      <nite:child href="Bed004.A.segs.xml#id(Bed004.segment.826)"/>
      <nite:child href="Bed004.B.segs.xml#id(Bed004.segment.827)..id(Bed004.segment.828)"/>
      <nite:child href="Bed004.A.segs.xml#id(Bed004.segment.829)..id(Bed004.segment.830)"/>
      <nite:child href="Bed004.B.segs.xml#id(Bed004.segment.831)"/>
      <nite:child href="Bed004.A.segs.xml#id(Bed004.segment.832)"/>
      <nite:child href="Bed004.B.segs.xml#id(Bed004.segment.833)..id(Bed004.segment.839)"/>
      <nite:child href="Bed004.A.segs.xml#id(Bed004.segment.840)"/>
      <nite:child href="Bed004.B.segs.xml#id(Bed004.segment.841)"/>
      <nite:child href="Bed004.A.segs.xml#id(Bed004.segment.842)"/>
      <nite:child href="Bed004.B.segs.xml#id(Bed004.segment.843)"/>
      <nite:child href="Bed004.A.segs.xml#id(Bed004.segment.844)"/>
      <nite:child href="Bed004.B.segs.xml#id(Bed004.segment.845)"/>
      <nite:child href="Bed004.A.segs.xml#id(Bed004.segment.846)"/>
      <nite:child href="Bed004.B.segs.xml#id(Bed004.segment.847)..id(Bed004.segment.848)"/>
      <nite:child href="Bed004.A.segs.xml#id(Bed004.segment.849)..id(Bed004.segment.852)"/>
      <nite:child href="Bed004.B.segs.xml#id(Bed004.segment.853)..id(Bed004.segment.855)"/>
      <nite:child href="Bed004.A.segs.xml#id(Bed004.segment.856)"/>
      <nite:child href="Bed004.B.segs.xml#id(Bed004.segment.857)..id(Bed004.segment.862)"/>
      <nite:child href="Bed004.A.segs.xml#id(Bed004.segment.863)..id(Bed004.segment.864)"/>
      <nite:child href="Bed004.B.segs.xml#id(Bed004.segment.865)"/>
      <nite:child href="Bed004.A.segs.xml#id(Bed004.segment.866)..id(Bed004.segment.867)"/>
      <nite:child href="Bed004.B.segs.xml#id(Bed004.segment.868)..id(Bed004.segment.870)"/>
      <nite:child href="Bed004.D.segs.xml#id(Bed004.segment.871)"/>
      <nite:child href="Bed004.B.segs.xml#id(Bed004.segment.872)"/>
      <nite:child href="Bed004.A.segs.xml#id(Bed004.segment.873)..id(Bed004.segment.874)"/>
      <nite:child href="Bed004.B.segs.xml#id(Bed004.segment.875)..id(Bed004.segment.877)"/>
      <nite:child href="Bed004.D.segs.xml#id(Bed004.segment.878)..id(Bed004.segment.892)"/>
      <nite:child href="Bed004.C.segs.xml#id(Bed004.segment.893)"/>
      <nite:child href="Bed004.D.segs.xml#id(Bed004.segment.894)..id(Bed004.segment.897)"/>
      <nite:child href="Bed004.B.segs.xml#id(Bed004.segment.898)"/>
      <nite:child href="Bed004.C.segs.xml#id(Bed004.segment.899)"/>
      <nite:child href="Bed004.D.segs.xml#id(Bed004.segment.900)"/>
      <nite:child href="Bed004.B.segs.xml#id(Bed004.segment.901)..id(Bed004.segment.902)"/>
      <nite:child href="Bed004.D.segs.xml#id(Bed004.segment.903)"/>
      <nite:child href="Bed004.B.segs.xml#id(Bed004.segment.904)..id(Bed004.segment.912)"/>
      <nite:child href="Bed004.A.segs.xml#id(Bed004.segment.913)"/>
      <nite:child href="Bed004.B.segs.xml#id(Bed004.segment.914)..id(Bed004.segment.920)"/>
      <nite:child href="Bed004.A.segs.xml#id(Bed004.segment.921)"/>
      <nite:child href="Bed004.B.segs.xml#id(Bed004.segment.922)..id(Bed004.segment.924)"/>
      <nite:child href="Bed004.D.segs.xml#id(Bed004.segment.925)..id(Bed004.segment.934)"/>
      <nite:child href="Bed004.B.segs.xml#id(Bed004.segment.935)"/>
      <nite:child href="Bed004.D.segs.xml#id(Bed004.segment.936)..id(Bed004.segment.940)"/>
      <nite:child href="Bed004.B.segs.xml#id(Bed004.segment.941)"/>
      <nite:child href="Bed004.D.segs.xml#id(Bed004.segment.942)"/>
      <nite:child href="Bed004.B.segs.xml#id(Bed004.segment.943)..id(Bed004.segment.960)"/>
      <nite:child href="Bed004.D.segs.xml#id(Bed004.segment.959)"/>
      <nite:child href="Bed004.B.segs.xml#id(Bed004.segment.961)..id(Bed004.segment.964)"/>
      <nite:child href="Bed004.A.segs.xml#id(Bed004.segment.965)"/>
      <nite:child href="Bed004.B.segs.xml#id(Bed004.segment.966)..id(Bed004.segment.968)"/>
      <nite:child href="Bed004.D.segs.xml#id(Bed004.segment.969)..id(Bed004.segment.970)"/>
      <nite:child href="Bed004.C.segs.xml#id(Bed004.segment.971)"/>
      <nite:child href="Bed004.D.segs.xml#id(Bed004.segment.972)..id(Bed004.segment.975)"/>
      <nite:child href="Bed004.C.segs.xml#id(Bed004.segment.976)"/>
      <nite:child href="Bed004.B.segs.xml#id(Bed004.segment.977)"/>
      <nite:child href="Bed004.D.segs.xml#id(Bed004.segment.978)..id(Bed004.segment.979)"/>
      <nite:child href="Bed004.B.segs.xml#id(Bed004.segment.980)"/>
      <nite:child href="Bed004.A.segs.xml#id(Bed004.segment.981)"/>
      <nite:child href="Bed004.B.segs.xml#id(Bed004.segment.982)"/>
      <nite:child href="Bed004.A.segs.xml#id(Bed004.segment.983)"/>
      <nite:child href="Bed004.B.segs.xml#id(Bed004.segment.984)..id(Bed004.segment.985)"/>
      <nite:child href="Bed004.D.segs.xml#id(Bed004.segment.986)"/>
      <nite:child href="Bed004.B.segs.xml#id(Bed004.segment.987)"/>
      <nite:child href="Bed004.D.segs.xml#id(Bed004.segment.988)..id(Bed004.segment.989)"/>
      <nite:child href="Bed004.C.segs.xml#id(Bed004.segment.990)"/>
      <nite:child href="Bed004.B.segs.xml#id(Bed004.segment.991)..id(Bed004.segment.993)"/>
      <nite:child href="Bed004.D.segs.xml#id(Bed004.segment.994)"/>
      <nite:child href="Bed004.A.segs.xml#id(Bed004.segment.995)"/>
      <nite:child href="Bed004.B.segs.xml#id(Bed004.segment.996)"/>
      <nite:child href="Bed004.A.segs.xml#id(Bed004.segment.997)"/>
      <nite:child href="Bed004.B.segs.xml#id(Bed004.segment.998)"/>
      <nite:child href="Bed004.A.segs.xml#id(Bed004.segment.999)"/>
      <nite:child href="Bed004.B.segs.xml#id(Bed004.segment.1,000)..id(Bed004.segment.1,002)"/>
      <nite:child href="Bed004.A.segs.xml#id(Bed004.segment.1,003)"/>
      <nite:child href="Bed004.B.segs.xml#id(Bed004.segment.1,004)..id(Bed004.segment.1,005)"/>
      <nite:child href="Bed004.A.segs.xml#id(Bed004.segment.1,006)"/>
      <nite:child href="Bed004.B.segs.xml#id(Bed004.segment.1,007)"/>
      <nite:child href="Bed004.D.segs.xml#id(Bed004.segment.1,008)"/>
      <nite:child href="Bed004.B.segs.xml#id(Bed004.segment.1,009)..id(Bed004.segment.1,016)"/>
      <nite:child href="Bed004.A.segs.xml#id(Bed004.segment.1,017)"/>
      <nite:child href="Bed004.B.segs.xml#id(Bed004.segment.1,018)..id(Bed004.segment.1,020)"/>
      <nite:child href="Bed004.A.segs.xml#id(Bed004.segment.1,021)"/>
      <nite:child href="Bed004.B.segs.xml#id(Bed004.segment.1,022)"/>
      <nite:child href="Bed004.A.segs.xml#id(Bed004.segment.1,023)"/>
      <nite:child href="Bed004.B.segs.xml#id(Bed004.segment.1,024)..id(Bed004.segment.1,026)"/>
      <nite:child href="Bed004.A.segs.xml#id(Bed004.segment.1,027)"/>
      <nite:child href="Bed004.B.segs.xml#id(Bed004.segment.1,028)..id(Bed004.segment.1,029)"/>
      <nite:child href="Bed004.A.segs.xml#id(Bed004.segment.1,030)"/>
      <nite:child href="Bed004.B.segs.xml#id(Bed004.segment.1,031)..id(Bed004.segment.1,037)"/>
      <nite:child href="Bed004.A.segs.xml#id(Bed004.segment.1,038)"/>
      <nite:child href="Bed004.B.segs.xml#id(Bed004.segment.1,039)..id(Bed004.segment.1,043)"/>
      <nite:child href="Bed004.A.segs.xml#id(Bed004.segment.1,044)"/>
      <nite:child href="Bed004.B.segs.xml#id(Bed004.segment.1,045)..id(Bed004.segment.1,049)"/>
      <nite:child href="Bed004.A.segs.xml#id(Bed004.segment.1,050)"/>
      <nite:child href="Bed004.B.segs.xml#id(Bed004.segment.1,051)"/>
      <nite:child href="Bed004.D.segs.xml#id(Bed004.segment.1,052)"/>
      <nite:child href="Bed004.B.segs.xml#id(Bed004.segment.1,053)"/>
      <nite:child href="Bed004.D.segs.xml#id(Bed004.segment.1,054)..id(Bed004.segment.1,058)"/>
      <nite:child href="Bed004.B.segs.xml#id(Bed004.segment.1,059)"/>
      <nite:child href="Bed004.D.segs.xml#id(Bed004.segment.1,060)"/>
      <nite:child href="Bed004.B.segs.xml#id(Bed004.segment.1,061)"/>
      <nite:child href="Bed004.D.segs.xml#id(Bed004.segment.1,062)..id(Bed004.segment.1,063)"/>
      <nite:child href="Bed004.B.segs.xml#id(Bed004.segment.1,064)"/>
      <nite:child href="Bed004.D.segs.xml#id(Bed004.segment.1,065)..id(Bed004.segment.1,076)"/>
      <nite:child href="Bed004.B.segs.xml#id(Bed004.segment.1,077)"/>
   </topic>
   <topic nite:id="Bed004.topic.7">
      <nite:child href="Bed004.B.segs.xml#id(Bed004.segment.1,078)"/>
      <nite:child href="Bed004.C.segs.xml#id(Bed004.segment.1,079)"/>
      <nite:child href="Bed004.D.segs.xml#id(Bed004.segment.1,080)"/>
      <nite:child href="Bed004.B.segs.xml#id(Bed004.segment.1,081)..id(Bed004.segment.1,085)"/>
      <nite:child href="Bed004.D.segs.xml#id(Bed004.segment.1,086)"/>
      <nite:child href="Bed004.B.segs.xml#id(Bed004.segment.1,087)"/>
      <nite:child href="Bed004.D.segs.xml#id(Bed004.segment.1,088)"/>
   </topic>
   <topic nite:id="Bed004.topic.8">
      <nite:child href="Bed004.D.segs.xml#id(Bed004.segment.1,089)"/>
      <nite:child href="Bed004.B.segs.xml#id(Bed004.segment.1,090)"/>
      <nite:child href="Bed004.D.segs.xml#id(Bed004.segment.1,091)"/>
      <nite:child href="Bed004.B.segs.xml#id(Bed004.segment.1,092)"/>
      <nite:child href="Bed004.D.segs.xml#id(Bed004.segment.1,093)..id(Bed004.segment.1,095)"/>
      <nite:child href="Bed004.B.segs.xml#id(Bed004.segment.1,096)..id(Bed004.segment.1,097)"/>
      <nite:child href="Bed004.D.segs.xml#id(Bed004.segment.1,098)"/>
      <nite:child href="Bed004.B.segs.xml#id(Bed004.segment.1,099)"/>
      <nite:child href="Bed004.D.segs.xml#id(Bed004.segment.1,100)..id(Bed004.segment.1,105)"/>
      <nite:child href="Bed004.C.segs.xml#id(Bed004.segment.1,106)"/>
      <nite:child href="Bed004.D.segs.xml#id(Bed004.segment.1,107)..id(Bed004.segment.1,112)"/>
      <nite:child href="Bed004.C.segs.xml#id(Bed004.segment.1,113)"/>
      <nite:child href="Bed004.D.segs.xml#id(Bed004.segment.1,114)"/>
      <nite:child href="Bed004.C.segs.xml#id(Bed004.segment.1,115)"/>
      <nite:child href="Bed004.D.segs.xml#id(Bed004.segment.1,116)..id(Bed004.segment.1,119)"/>
      <nite:child href="Bed004.C.segs.xml#id(Bed004.segment.1,120)"/>
      <nite:child href="Bed004.B.segs.xml#id(Bed004.segment.1,122)..id(Bed004.segment.1,123)"/>
   </topic>
</nite:root>