<?xml version="1.0" encoding="ISO-8859-1" standalone="yes"?>
<nite:root nite:id="Bmr013.topic" xmlns:nite="http://nite.sourceforge.net/">
   <topic nite:id="Bmr013.topic.1" description="cut">
      <nite:child href="Bmr013.C.segs.xml#id(Bmr013.segment.2)"/>
      <nite:child href="Bmr013.B.segs.xml#id(Bmr013.segment.3)..id(Bmr013.segment.4)"/>
      <nite:child href="Bmr013.E.segs.xml#id(Bmr013.segment.5)"/>
      <nite:child href="Bmr013.B.segs.xml#id(Bmr013.segment.6)"/>
      <nite:child href="Bmr013.A.segs.xml#id(Bmr013.segment.7)"/>
      <nite:child href="Bmr013.E.segs.xml#id(Bmr013.segment.8)"/>
      <nite:child href="Bmr013.D.segs.xml#id(Bmr013.segment.9)"/>
      <nite:child href="Bmr013.A.segs.xml#id(Bmr013.segment.10)"/>
      <nite:child href="Bmr013.B.segs.xml#id(Bmr013.segment.11)"/>
      <nite:child href="Bmr013.A.segs.xml#id(Bmr013.segment.12)"/>
      <nite:child href="Bmr013.C.segs.xml#id(Bmr013.segment.13)"/>
      <nite:child href="Bmr013.E.segs.xml#id(Bmr013.segment.14)"/>
      <nite:child href="Bmr013.D.segs.xml#id(Bmr013.segment.15)"/>
      <nite:child href="Bmr013.C.segs.xml#id(Bmr013.segment.16)"/>
      <nite:child href="Bmr013.E.segs.xml#id(Bmr013.segment.17)"/>
      <nite:child href="Bmr013.D.segs.xml#id(Bmr013.segment.18)"/>
      <nite:child href="Bmr013.C.segs.xml#id(Bmr013.segment.19)"/>
      <nite:child href="Bmr013.D.segs.xml#id(Bmr013.segment.20)"/>
      <nite:child href="Bmr013.A.segs.xml#id(Bmr013.segment.21)"/>
      <nite:child href="Bmr013.B.segs.xml#id(Bmr013.segment.22)"/>
      <nite:child href="Bmr013.E.segs.xml#id(Bmr013.segment.23)"/>
      <nite:child href="Bmr013.B.segs.xml#id(Bmr013.segment.24)"/>
      <nite:child href="Bmr013.C.segs.xml#id(Bmr013.segment.25)"/>
      <nite:child href="Bmr013.D.segs.xml#id(Bmr013.segment.26)"/>
      <nite:child href="Bmr013.C.segs.xml#id(Bmr013.segment.27)"/>
      <nite:child href="Bmr013.E.segs.xml#id(Bmr013.segment.28)"/>
      <nite:child href="Bmr013.B.segs.xml#id(Bmr013.segment.29)"/>
      <nite:child href="Bmr013.D.segs.xml#id(Bmr013.segment.30)"/>
      <nite:child href="Bmr013.A.segs.xml#id(Bmr013.segment.31)"/>
      <nite:child href="Bmr013.B.segs.xml#id(Bmr013.segment.32)"/>
      <nite:child href="Bmr013.C.segs.xml#id(Bmr013.segment.33)"/>
      <nite:child href="Bmr013.E.segs.xml#id(Bmr013.segment.34)"/>
      <nite:child href="Bmr013.D.segs.xml#id(Bmr013.segment.35)"/>
      <nite:child href="Bmr013.C.segs.xml#id(Bmr013.segment.36)"/>
      <nite:child href="Bmr013.E.segs.xml#id(Bmr013.segment.37)"/>
      <nite:child href="Bmr013.B.segs.xml#id(Bmr013.segment.38)"/>
      <nite:child href="Bmr013.D.segs.xml#id(Bmr013.segment.39)"/>
      <nite:child href="Bmr013.E.segs.xml#id(Bmr013.segment.40)"/>
      <nite:child href="Bmr013.C.segs.xml#id(Bmr013.segment.41)"/>
      <nite:child href="Bmr013.D.segs.xml#id(Bmr013.segment.42)..id(Bmr013.segment.43)"/>
      <nite:child href="Bmr013.B.segs.xml#id(Bmr013.segment.44)"/>
      <nite:child href="Bmr013.C.segs.xml#id(Bmr013.segment.45)..id(Bmr013.segment.46)"/>
      <nite:child href="Bmr013.B.segs.xml#id(Bmr013.segment.47)..id(Bmr013.segment.49)"/>
      <nite:child href="Bmr013.C.segs.xml#id(Bmr013.segment.48)"/>
      <nite:child href="Bmr013.E.segs.xml#id(Bmr013.segment.50)"/>
      <nite:child href="Bmr013.A.segs.xml#id(Bmr013.segment.51)"/>
      <nite:child href="Bmr013.F.segs.xml#id(Bmr013.segment.52)..id(Bmr013.segment.53)"/>
      <nite:child href="Bmr013.B.segs.xml#id(Bmr013.segment.54)"/>
      <nite:child href="Bmr013.F.segs.xml#id(Bmr013.segment.55)"/>
      <nite:child href="Bmr013.B.segs.xml#id(Bmr013.segment.56)"/>
      <nite:child href="Bmr013.F.segs.xml#id(Bmr013.segment.57)"/>
      <nite:child href="Bmr013.D.segs.xml#id(Bmr013.segment.58)"/>
      <nite:child href="Bmr013.F.segs.xml#id(Bmr013.segment.59)"/>
      <nite:child href="Bmr013.C.segs.xml#id(Bmr013.segment.60)"/>
      <nite:child href="Bmr013.D.segs.xml#id(Bmr013.segment.61)"/>
      <nite:child href="Bmr013.F.segs.xml#id(Bmr013.segment.62)..id(Bmr013.segment.63)"/>
      <nite:child href="Bmr013.G.segs.xml#id(Bmr013.segment.64)"/>
      <nite:child href="Bmr013.F.segs.xml#id(Bmr013.segment.65)"/>
      <nite:child href="Bmr013.G.segs.xml#id(Bmr013.segment.66)"/>
      <nite:child href="Bmr013.C.segs.xml#id(Bmr013.segment.67)..id(Bmr013.segment.69)"/>
      <nite:child href="Bmr013.F.segs.xml#id(Bmr013.segment.70)"/>
      <nite:child href="Bmr013.D.segs.xml#id(Bmr013.segment.71)"/>
      <nite:child href="Bmr013.B.segs.xml#id(Bmr013.segment.72)"/>
      <nite:child href="Bmr013.G.segs.xml#id(Bmr013.segment.73)"/>
      <nite:child href="Bmr013.D.segs.xml#id(Bmr013.segment.74)"/>
      <nite:child href="Bmr013.B.segs.xml#id(Bmr013.segment.75)"/>
      <nite:child href="Bmr013.F.segs.xml#id(Bmr013.segment.76)"/>
   </topic>
   <topic nite:id="Bmr013.topic.2" description="agenda">
      <nite:child href="Bmr013.C.segs.xml#id(Bmr013.segment.77)"/>
      <nite:child href="Bmr013.B.segs.xml#id(Bmr013.segment.78)"/>
      <nite:child href="Bmr013.F.segs.xml#id(Bmr013.segment.79)"/>
      <nite:child href="Bmr013.C.segs.xml#id(Bmr013.segment.80)"/>
      <nite:child href="Bmr013.F.segs.xml#id(Bmr013.segment.81)"/>
      <nite:child href="Bmr013.C.segs.xml#id(Bmr013.segment.82)..id(Bmr013.segment.84)"/>
      <nite:child href="Bmr013.F.segs.xml#id(Bmr013.segment.85)"/>
      <nite:child href="Bmr013.C.segs.xml#id(Bmr013.segment.86)"/>
      <nite:child href="Bmr013.A.segs.xml#id(Bmr013.segment.87)"/>
      <nite:child href="Bmr013.F.segs.xml#id(Bmr013.segment.88)"/>
      <nite:child href="Bmr013.C.segs.xml#id(Bmr013.segment.89)"/>
      <nite:child href="Bmr013.F.segs.xml#id(Bmr013.segment.90)"/>
      <nite:child href="Bmr013.B.segs.xml#id(Bmr013.segment.91)..id(Bmr013.segment.92)"/>
      <nite:child href="Bmr013.G.segs.xml#id(Bmr013.segment.93)"/>
      <nite:child href="Bmr013.B.segs.xml#id(Bmr013.segment.94)"/>
      <nite:child href="Bmr013.C.segs.xml#id(Bmr013.segment.95)"/>
      <nite:child href="Bmr013.G.segs.xml#id(Bmr013.segment.96)..id(Bmr013.segment.98)"/>
      <nite:child href="Bmr013.B.segs.xml#id(Bmr013.segment.99)"/>
      <nite:child href="Bmr013.C.segs.xml#id(Bmr013.segment.100)"/>
      <nite:child href="Bmr013.G.segs.xml#id(Bmr013.segment.101)..id(Bmr013.segment.102)"/>
      <nite:child href="Bmr013.B.segs.xml#id(Bmr013.segment.103)"/>
      <nite:child href="Bmr013.C.segs.xml#id(Bmr013.segment.104)"/>
      <nite:child href="Bmr013.G.segs.xml#id(Bmr013.segment.105)"/>
      <nite:child href="Bmr013.B.segs.xml#id(Bmr013.segment.106)"/>
      <nite:child href="Bmr013.C.segs.xml#id(Bmr013.segment.107)..id(Bmr013.segment.108)"/>
      <nite:child href="Bmr013.F.segs.xml#id(Bmr013.segment.109)"/>
   </topic>
   <topic nite:id="Bmr013.topic.3">
      <nite:child href="Bmr013.C.segs.xml#id(Bmr013.segment.110)"/>
      <nite:child href="Bmr013.F.segs.xml#id(Bmr013.segment.111)..id(Bmr013.segment.123)"/>
      <nite:child href="Bmr013.D.segs.xml#id(Bmr013.segment.124)"/>
      <nite:child href="Bmr013.F.segs.xml#id(Bmr013.segment.125)..id(Bmr013.segment.126)"/>
      <nite:child href="Bmr013.D.segs.xml#id(Bmr013.segment.127)"/>
      <nite:child href="Bmr013.F.segs.xml#id(Bmr013.segment.128)..id(Bmr013.segment.130)"/>
      <nite:child href="Bmr013.D.segs.xml#id(Bmr013.segment.131)"/>
      <nite:child href="Bmr013.F.segs.xml#id(Bmr013.segment.132)"/>
      <nite:child href="Bmr013.D.segs.xml#id(Bmr013.segment.133)"/>
      <nite:child href="Bmr013.F.segs.xml#id(Bmr013.segment.134)"/>
      <nite:child href="Bmr013.C.segs.xml#id(Bmr013.segment.135)..id(Bmr013.segment.139)"/>
      <nite:child href="Bmr013.D.segs.xml#id(Bmr013.segment.140)"/>
      <nite:child href="Bmr013.F.segs.xml#id(Bmr013.segment.141)"/>
      <nite:child href="Bmr013.C.segs.xml#id(Bmr013.segment.142)"/>
      <nite:child href="Bmr013.F.segs.xml#id(Bmr013.segment.143)..id(Bmr013.segment.144)"/>
      <nite:child href="Bmr013.C.segs.xml#id(Bmr013.segment.145)..id(Bmr013.segment.146)"/>
      <nite:child href="Bmr013.E.segs.xml#id(Bmr013.segment.147)"/>
      <nite:child href="Bmr013.D.segs.xml#id(Bmr013.segment.148)"/>
      <nite:child href="Bmr013.F.segs.xml#id(Bmr013.segment.149)"/>
      <nite:child href="Bmr013.C.segs.xml#id(Bmr013.segment.150)"/>
      <nite:child href="Bmr013.F.segs.xml#id(Bmr013.segment.151)..id(Bmr013.segment.152)"/>
      <nite:child href="Bmr013.C.segs.xml#id(Bmr013.segment.153)"/>
      <nite:child href="Bmr013.F.segs.xml#id(Bmr013.segment.154)..id(Bmr013.segment.165)"/>
      <nite:child href="Bmr013.C.segs.xml#id(Bmr013.segment.166)"/>
      <nite:child href="Bmr013.F.segs.xml#id(Bmr013.segment.167)..id(Bmr013.segment.174)"/>
      <nite:child href="Bmr013.C.segs.xml#id(Bmr013.segment.175)"/>
      <nite:child href="Bmr013.B.segs.xml#id(Bmr013.segment.176)..id(Bmr013.segment.178)"/>
      <nite:child href="Bmr013.F.segs.xml#id(Bmr013.segment.179)"/>
      <nite:child href="Bmr013.C.segs.xml#id(Bmr013.segment.180)"/>
      <nite:child href="Bmr013.B.segs.xml#id(Bmr013.segment.181)"/>
      <nite:child href="Bmr013.C.segs.xml#id(Bmr013.segment.182)"/>
      <nite:child href="Bmr013.F.segs.xml#id(Bmr013.segment.183)"/>
      <nite:child href="Bmr013.D.segs.xml#id(Bmr013.segment.184)"/>
      <nite:child href="Bmr013.F.segs.xml#id(Bmr013.segment.185)..id(Bmr013.segment.186)"/>
      <nite:child href="Bmr013.C.segs.xml#id(Bmr013.segment.187)"/>
      <nite:child href="Bmr013.F.segs.xml#id(Bmr013.segment.188)..id(Bmr013.segment.192)"/>
      <nite:child href="Bmr013.D.segs.xml#id(Bmr013.segment.193)"/>
      <nite:child href="Bmr013.F.segs.xml#id(Bmr013.segment.194)..id(Bmr013.segment.196)"/>
      <nite:child href="Bmr013.B.segs.xml#id(Bmr013.segment.197)..id(Bmr013.segment.202)"/>
      <nite:child href="Bmr013.C.segs.xml#id(Bmr013.segment.203)"/>
      <nite:child href="Bmr013.B.segs.xml#id(Bmr013.segment.204)"/>
      <nite:child href="Bmr013.D.segs.xml#id(Bmr013.segment.205)..id(Bmr013.segment.206)"/>
      <nite:child href="Bmr013.F.segs.xml#id(Bmr013.segment.207)..id(Bmr013.segment.210)"/>
      <nite:child href="Bmr013.D.segs.xml#id(Bmr013.segment.211)"/>
      <nite:child href="Bmr013.F.segs.xml#id(Bmr013.segment.212)..id(Bmr013.segment.216)"/>
      <nite:child href="Bmr013.D.segs.xml#id(Bmr013.segment.217)"/>
      <nite:child href="Bmr013.F.segs.xml#id(Bmr013.segment.218)..id(Bmr013.segment.222)"/>
      <nite:child href="Bmr013.C.segs.xml#id(Bmr013.segment.223)..id(Bmr013.segment.224)"/>
      <nite:child href="Bmr013.F.segs.xml#id(Bmr013.segment.225)"/>
      <nite:child href="Bmr013.C.segs.xml#id(Bmr013.segment.226)..id(Bmr013.segment.228)"/>
      <nite:child href="Bmr013.D.segs.xml#id(Bmr013.segment.229)"/>
      <nite:child href="Bmr013.C.segs.xml#id(Bmr013.segment.230)..id(Bmr013.segment.235)"/>
      <nite:child href="Bmr013.F.segs.xml#id(Bmr013.segment.236)"/>
      <nite:child href="Bmr013.A.segs.xml#id(Bmr013.segment.237)"/>
      <nite:child href="Bmr013.C.segs.xml#id(Bmr013.segment.238)..id(Bmr013.segment.239)"/>
      <nite:child href="Bmr013.D.segs.xml#id(Bmr013.segment.240)"/>
      <nite:child href="Bmr013.C.segs.xml#id(Bmr013.segment.241)..id(Bmr013.segment.245)"/>
      <nite:child href="Bmr013.F.segs.xml#id(Bmr013.segment.246)"/>
      <nite:child href="Bmr013.C.segs.xml#id(Bmr013.segment.247)"/>
      <nite:child href="Bmr013.D.segs.xml#id(Bmr013.segment.248)"/>
      <nite:child href="Bmr013.C.segs.xml#id(Bmr013.segment.249)..id(Bmr013.segment.250)"/>
      <nite:child href="Bmr013.D.segs.xml#id(Bmr013.segment.251)"/>
      <nite:child href="Bmr013.C.segs.xml#id(Bmr013.segment.252)"/>
      <nite:child href="Bmr013.D.segs.xml#id(Bmr013.segment.253)..id(Bmr013.segment.254)"/>
      <nite:child href="Bmr013.C.segs.xml#id(Bmr013.segment.255)..id(Bmr013.segment.259)"/>
      <nite:child href="Bmr013.D.segs.xml#id(Bmr013.segment.260)"/>
      <nite:child href="Bmr013.C.segs.xml#id(Bmr013.segment.261)..id(Bmr013.segment.262)"/>
      <nite:child href="Bmr013.B.segs.xml#id(Bmr013.segment.263)..id(Bmr013.segment.265)"/>
      <nite:child href="Bmr013.D.segs.xml#id(Bmr013.segment.266)"/>
      <nite:child href="Bmr013.C.segs.xml#id(Bmr013.segment.267)"/>
      <nite:child href="Bmr013.B.segs.xml#id(Bmr013.segment.268)"/>
      <nite:child href="Bmr013.F.segs.xml#id(Bmr013.segment.269)..id(Bmr013.segment.271)"/>
      <nite:child href="Bmr013.C.segs.xml#id(Bmr013.segment.272)"/>
      <nite:child href="Bmr013.F.segs.xml#id(Bmr013.segment.273)"/>
      <nite:child href="Bmr013.D.segs.xml#id(Bmr013.segment.274)"/>
      <nite:child href="Bmr013.G.segs.xml#id(Bmr013.segment.275)"/>
      <nite:child href="Bmr013.F.segs.xml#id(Bmr013.segment.276)..id(Bmr013.segment.280)"/>
      <nite:child href="Bmr013.G.segs.xml#id(Bmr013.segment.281)"/>
      <nite:child href="Bmr013.F.segs.xml#id(Bmr013.segment.282)..id(Bmr013.segment.283)"/>
      <nite:child href="Bmr013.G.segs.xml#id(Bmr013.segment.284)"/>
      <nite:child href="Bmr013.C.segs.xml#id(Bmr013.segment.285)"/>
      <nite:child href="Bmr013.G.segs.xml#id(Bmr013.segment.286)..id(Bmr013.segment.287)"/>
      <nite:child href="Bmr013.C.segs.xml#id(Bmr013.segment.288)"/>
      <nite:child href="Bmr013.G.segs.xml#id(Bmr013.segment.289)"/>
      <nite:child href="Bmr013.C.segs.xml#id(Bmr013.segment.290)"/>
      <nite:child href="Bmr013.F.segs.xml#id(Bmr013.segment.291)"/>
      <nite:child href="Bmr013.G.segs.xml#id(Bmr013.segment.292)..id(Bmr013.segment.293)"/>
      <nite:child href="Bmr013.F.segs.xml#id(Bmr013.segment.294)..id(Bmr013.segment.295)"/>
      <nite:child href="Bmr013.D.segs.xml#id(Bmr013.segment.296)"/>
      <nite:child href="Bmr013.F.segs.xml#id(Bmr013.segment.297)"/>
      <nite:child href="Bmr013.G.segs.xml#id(Bmr013.segment.298)"/>
      <nite:child href="Bmr013.D.segs.xml#id(Bmr013.segment.299)"/>
      <nite:child href="Bmr013.F.segs.xml#id(Bmr013.segment.300)"/>
      <nite:child href="Bmr013.C.segs.xml#id(Bmr013.segment.301)"/>
      <nite:child href="Bmr013.F.segs.xml#id(Bmr013.segment.302)"/>
      <nite:child href="Bmr013.C.segs.xml#id(Bmr013.segment.303)"/>
      <nite:child href="Bmr013.F.segs.xml#id(Bmr013.segment.304)"/>
      <nite:child href="Bmr013.B.segs.xml#id(Bmr013.segment.305)"/>
      <nite:child href="Bmr013.C.segs.xml#id(Bmr013.segment.306)"/>
      <nite:child href="Bmr013.F.segs.xml#id(Bmr013.segment.307)"/>
      <nite:child href="Bmr013.C.segs.xml#id(Bmr013.segment.308)"/>
      <nite:child href="Bmr013.D.segs.xml#id(Bmr013.segment.309)"/>
      <nite:child href="Bmr013.C.segs.xml#id(Bmr013.segment.310)"/>
      <nite:child href="Bmr013.F.segs.xml#id(Bmr013.segment.311)..id(Bmr013.segment.312)"/>
      <nite:child href="Bmr013.G.segs.xml#id(Bmr013.segment.313)"/>
      <nite:child href="Bmr013.F.segs.xml#id(Bmr013.segment.314)"/>
      <nite:child href="Bmr013.C.segs.xml#id(Bmr013.segment.315)"/>
      <nite:child href="Bmr013.F.segs.xml#id(Bmr013.segment.316)"/>
      <nite:child href="Bmr013.G.segs.xml#id(Bmr013.segment.317)"/>
      <nite:child href="Bmr013.F.segs.xml#id(Bmr013.segment.318)"/>
      <nite:child href="Bmr013.C.segs.xml#id(Bmr013.segment.319)"/>
      <nite:child href="Bmr013.D.segs.xml#id(Bmr013.segment.320)"/>
      <nite:child href="Bmr013.C.segs.xml#id(Bmr013.segment.321)"/>
      <nite:child href="Bmr013.F.segs.xml#id(Bmr013.segment.322)"/>
      <nite:child href="Bmr013.G.segs.xml#id(Bmr013.segment.323)..id(Bmr013.segment.324)"/>
      <nite:child href="Bmr013.D.segs.xml#id(Bmr013.segment.325)..id(Bmr013.segment.327)"/>
      <nite:child href="Bmr013.G.segs.xml#id(Bmr013.segment.326)..id(Bmr013.segment.328)"/>
      <nite:child href="Bmr013.C.segs.xml#id(Bmr013.segment.329)"/>
      <nite:child href="Bmr013.F.segs.xml#id(Bmr013.segment.330)"/>
      <nite:child href="Bmr013.G.segs.xml#id(Bmr013.segment.331)"/>
      <nite:child href="Bmr013.C.segs.xml#id(Bmr013.segment.332)"/>
      <nite:child href="Bmr013.F.segs.xml#id(Bmr013.segment.333)"/>
      <nite:child href="Bmr013.C.segs.xml#id(Bmr013.segment.334)"/>
      <nite:child href="Bmr013.E.segs.xml#id(Bmr013.segment.335)"/>
      <nite:child href="Bmr013.F.segs.xml#id(Bmr013.segment.336)"/>
      <nite:child href="Bmr013.C.segs.xml#id(Bmr013.segment.337)"/>
      <nite:child href="Bmr013.D.segs.xml#id(Bmr013.segment.338)"/>
      <nite:child href="Bmr013.G.segs.xml#id(Bmr013.segment.339)"/>
      <nite:child href="Bmr013.F.segs.xml#id(Bmr013.segment.340)"/>
      <nite:child href="Bmr013.D.segs.xml#id(Bmr013.segment.341)"/>
      <nite:child href="Bmr013.A.segs.xml#id(Bmr013.segment.342)"/>
      <nite:child href="Bmr013.C.segs.xml#id(Bmr013.segment.343)"/>
      <nite:child href="Bmr013.F.segs.xml#id(Bmr013.segment.344)..id(Bmr013.segment.348)"/>
      <nite:child href="Bmr013.C.segs.xml#id(Bmr013.segment.349)..id(Bmr013.segment.352)"/>
      <nite:child href="Bmr013.F.segs.xml#id(Bmr013.segment.353)"/>
      <nite:child href="Bmr013.C.segs.xml#id(Bmr013.segment.354)..id(Bmr013.segment.378)"/>
      <nite:child href="Bmr013.B.segs.xml#id(Bmr013.segment.379)..id(Bmr013.segment.380)"/>
      <nite:child href="Bmr013.C.segs.xml#id(Bmr013.segment.383)"/>
      <nite:child href="Bmr013.D.segs.xml#id(Bmr013.segment.381)"/>
      <nite:child href="Bmr013.B.segs.xml#id(Bmr013.segment.382)"/>
      <nite:child href="Bmr013.F.segs.xml#id(Bmr013.segment.384)"/>
      <nite:child href="Bmr013.C.segs.xml#id(Bmr013.segment.385)"/>
      <nite:child href="Bmr013.D.segs.xml#id(Bmr013.segment.386)"/>
      <nite:child href="Bmr013.B.segs.xml#id(Bmr013.segment.387)"/>
      <nite:child href="Bmr013.C.segs.xml#id(Bmr013.segment.388)"/>
      <nite:child href="Bmr013.G.segs.xml#id(Bmr013.segment.389)"/>
      <nite:child href="Bmr013.F.segs.xml#id(Bmr013.segment.390)"/>
      <nite:child href="Bmr013.G.segs.xml#id(Bmr013.segment.391)..id(Bmr013.segment.393)"/>
      <nite:child href="Bmr013.C.segs.xml#id(Bmr013.segment.394)"/>
      <nite:child href="Bmr013.G.segs.xml#id(Bmr013.segment.395)..id(Bmr013.segment.397)"/>
      <nite:child href="Bmr013.C.segs.xml#id(Bmr013.segment.398)"/>
      <nite:child href="Bmr013.G.segs.xml#id(Bmr013.segment.399)"/>
      <nite:child href="Bmr013.F.segs.xml#id(Bmr013.segment.400)"/>
      <nite:child href="Bmr013.G.segs.xml#id(Bmr013.segment.401)"/>
      <nite:child href="Bmr013.F.segs.xml#id(Bmr013.segment.402)..id(Bmr013.segment.403)"/>
      <nite:child href="Bmr013.B.segs.xml#id(Bmr013.segment.404)"/>
      <nite:child href="Bmr013.C.segs.xml#id(Bmr013.segment.405)..id(Bmr013.segment.412)"/>
      <nite:child href="Bmr013.B.segs.xml#id(Bmr013.segment.413)"/>
      <nite:child href="Bmr013.C.segs.xml#id(Bmr013.segment.414)..id(Bmr013.segment.418)"/>
      <nite:child href="Bmr013.B.segs.xml#id(Bmr013.segment.417)"/>
      <nite:child href="Bmr013.D.segs.xml#id(Bmr013.segment.419)"/>
      <nite:child href="Bmr013.C.segs.xml#id(Bmr013.segment.420)"/>
      <nite:child href="Bmr013.D.segs.xml#id(Bmr013.segment.421)"/>
      <nite:child href="Bmr013.B.segs.xml#id(Bmr013.segment.422)"/>
      <nite:child href="Bmr013.C.segs.xml#id(Bmr013.segment.423)"/>
      <nite:child href="Bmr013.B.segs.xml#id(Bmr013.segment.424)..id(Bmr013.segment.425)"/>
      <nite:child href="Bmr013.C.segs.xml#id(Bmr013.segment.426)"/>
      <nite:child href="Bmr013.D.segs.xml#id(Bmr013.segment.427)..id(Bmr013.segment.428)"/>
      <nite:child href="Bmr013.C.segs.xml#id(Bmr013.segment.429)"/>
      <nite:child href="Bmr013.D.segs.xml#id(Bmr013.segment.430)..id(Bmr013.segment.436)"/>
      <nite:child href="Bmr013.F.segs.xml#id(Bmr013.segment.437)"/>
      <nite:child href="Bmr013.B.segs.xml#id(Bmr013.segment.438)"/>
      <nite:child href="Bmr013.F.segs.xml#id(Bmr013.segment.439)"/>
      <nite:child href="Bmr013.D.segs.xml#id(Bmr013.segment.440)"/>
      <nite:child href="Bmr013.B.segs.xml#id(Bmr013.segment.441)"/>
      <nite:child href="Bmr013.C.segs.xml#id(Bmr013.segment.442)..id(Bmr013.segment.443)"/>
      <nite:child href="Bmr013.B.segs.xml#id(Bmr013.segment.444)..id(Bmr013.segment.446)"/>
      <nite:child href="Bmr013.C.segs.xml#id(Bmr013.segment.447)..id(Bmr013.segment.448)"/>
      <nite:child href="Bmr013.F.segs.xml#id(Bmr013.segment.449)"/>
      <nite:child href="Bmr013.C.segs.xml#id(Bmr013.segment.450)"/>
      <nite:child href="Bmr013.B.segs.xml#id(Bmr013.segment.451)"/>
      <nite:child href="Bmr013.C.segs.xml#id(Bmr013.segment.452)..id(Bmr013.segment.459)"/>
      <nite:child href="Bmr013.D.segs.xml#id(Bmr013.segment.460)"/>
      <nite:child href="Bmr013.C.segs.xml#id(Bmr013.segment.461)..id(Bmr013.segment.463)"/>
      <nite:child href="Bmr013.B.segs.xml#id(Bmr013.segment.462)"/>
      <nite:child href="Bmr013.F.segs.xml#id(Bmr013.segment.464)..id(Bmr013.segment.467)"/>
      <nite:child href="Bmr013.B.segs.xml#id(Bmr013.segment.468)..id(Bmr013.segment.471)"/>
      <nite:child href="Bmr013.F.segs.xml#id(Bmr013.segment.472)"/>
      <nite:child href="Bmr013.D.segs.xml#id(Bmr013.segment.473)"/>
      <nite:child href="Bmr013.B.segs.xml#id(Bmr013.segment.474)..id(Bmr013.segment.475)"/>
      <nite:child href="Bmr013.C.segs.xml#id(Bmr013.segment.476)"/>
      <nite:child href="Bmr013.A.segs.xml#id(Bmr013.segment.477)"/>
      <nite:child href="Bmr013.B.segs.xml#id(Bmr013.segment.478)"/>
      <nite:child href="Bmr013.F.segs.xml#id(Bmr013.segment.479)"/>
      <nite:child href="Bmr013.D.segs.xml#id(Bmr013.segment.480)"/>
      <nite:child href="Bmr013.C.segs.xml#id(Bmr013.segment.481)"/>
      <nite:child href="Bmr013.A.segs.xml#id(Bmr013.segment.482)"/>
      <nite:child href="Bmr013.B.segs.xml#id(Bmr013.segment.483)"/>
      <nite:child href="Bmr013.C.segs.xml#id(Bmr013.segment.484)"/>
      <nite:child href="Bmr013.D.segs.xml#id(Bmr013.segment.485)"/>
      <nite:child href="Bmr013.C.segs.xml#id(Bmr013.segment.486)"/>
      <nite:child href="Bmr013.D.segs.xml#id(Bmr013.segment.487)"/>
      <nite:child href="Bmr013.B.segs.xml#id(Bmr013.segment.488)"/>
      <nite:child href="Bmr013.C.segs.xml#id(Bmr013.segment.489)..id(Bmr013.segment.490)"/>
      <nite:child href="Bmr013.F.segs.xml#id(Bmr013.segment.491)"/>
      <nite:child href="Bmr013.B.segs.xml#id(Bmr013.segment.492)"/>
      <nite:child href="Bmr013.C.segs.xml#id(Bmr013.segment.493)"/>
      <nite:child href="Bmr013.G.segs.xml#id(Bmr013.segment.494)..id(Bmr013.segment.500)"/>
      <nite:child href="Bmr013.C.segs.xml#id(Bmr013.segment.501)"/>
      <nite:child href="Bmr013.G.segs.xml#id(Bmr013.segment.502)"/>
      <nite:child href="Bmr013.F.segs.xml#id(Bmr013.segment.503)"/>
      <nite:child href="Bmr013.G.segs.xml#id(Bmr013.segment.504)..id(Bmr013.segment.517)"/>
      <nite:child href="Bmr013.C.segs.xml#id(Bmr013.segment.518)..id(Bmr013.segment.527)"/>
      <nite:child href="Bmr013.G.segs.xml#id(Bmr013.segment.528)"/>
      <nite:child href="Bmr013.F.segs.xml#id(Bmr013.segment.529)"/>
      <nite:child href="Bmr013.G.segs.xml#id(Bmr013.segment.530)"/>
      <nite:child href="Bmr013.F.segs.xml#id(Bmr013.segment.531)"/>
      <nite:child href="Bmr013.D.segs.xml#id(Bmr013.segment.532)"/>
      <nite:child href="Bmr013.C.segs.xml#id(Bmr013.segment.533)"/>
      <nite:child href="Bmr013.G.segs.xml#id(Bmr013.segment.534)"/>
      <nite:child href="Bmr013.F.segs.xml#id(Bmr013.segment.535)"/>
      <nite:child href="Bmr013.G.segs.xml#id(Bmr013.segment.536)"/>
      <nite:child href="Bmr013.C.segs.xml#id(Bmr013.segment.537)"/>
      <nite:child href="Bmr013.G.segs.xml#id(Bmr013.segment.538)..id(Bmr013.segment.539)"/>
      <nite:child href="Bmr013.F.segs.xml#id(Bmr013.segment.540)"/>
      <nite:child href="Bmr013.C.segs.xml#id(Bmr013.segment.541)"/>
      <nite:child href="Bmr013.G.segs.xml#id(Bmr013.segment.542)..id(Bmr013.segment.543)"/>
      <nite:child href="Bmr013.C.segs.xml#id(Bmr013.segment.544)..id(Bmr013.segment.545)"/>
      <nite:child href="Bmr013.F.segs.xml#id(Bmr013.segment.546)"/>
      <nite:child href="Bmr013.G.segs.xml#id(Bmr013.segment.547)..id(Bmr013.segment.548)"/>
      <nite:child href="Bmr013.E.segs.xml#id(Bmr013.segment.549)"/>
      <nite:child href="Bmr013.A.segs.xml#id(Bmr013.segment.550)"/>
      <nite:child href="Bmr013.G.segs.xml#id(Bmr013.segment.551)..id(Bmr013.segment.555)"/>
      <nite:child href="Bmr013.C.segs.xml#id(Bmr013.segment.556)"/>
      <nite:child href="Bmr013.G.segs.xml#id(Bmr013.segment.557)..id(Bmr013.segment.563)"/>
      <nite:child href="Bmr013.F.segs.xml#id(Bmr013.segment.564)"/>
      <nite:child href="Bmr013.C.segs.xml#id(Bmr013.segment.565)"/>
      <nite:child href="Bmr013.A.segs.xml#id(Bmr013.segment.566)"/>
      <nite:child href="Bmr013.C.segs.xml#id(Bmr013.segment.567)..id(Bmr013.segment.568)"/>
      <nite:child href="Bmr013.D.segs.xml#id(Bmr013.segment.569)"/>
      <nite:child href="Bmr013.C.segs.xml#id(Bmr013.segment.570)..id(Bmr013.segment.577)"/>
      <nite:child href="Bmr013.F.segs.xml#id(Bmr013.segment.578)"/>
      <nite:child href="Bmr013.C.segs.xml#id(Bmr013.segment.580)"/>
      <nite:child href="Bmr013.F.segs.xml#id(Bmr013.segment.579)..id(Bmr013.segment.582)"/>
      <nite:child href="Bmr013.C.segs.xml#id(Bmr013.segment.583)"/>
      <nite:child href="Bmr013.F.segs.xml#id(Bmr013.segment.584)"/>
      <nite:child href="Bmr013.C.segs.xml#id(Bmr013.segment.585)..id(Bmr013.segment.588)"/>
      <nite:child href="Bmr013.F.segs.xml#id(Bmr013.segment.589)"/>
      <nite:child href="Bmr013.C.segs.xml#id(Bmr013.segment.590)..id(Bmr013.segment.592)"/>
      <nite:child href="Bmr013.F.segs.xml#id(Bmr013.segment.593)"/>
      <nite:child href="Bmr013.C.segs.xml#id(Bmr013.segment.594)"/>
      <nite:child href="Bmr013.F.segs.xml#id(Bmr013.segment.595)"/>
      <nite:child href="Bmr013.C.segs.xml#id(Bmr013.segment.596)"/>
      <nite:child href="Bmr013.G.segs.xml#id(Bmr013.segment.597)"/>
      <nite:child href="Bmr013.C.segs.xml#id(Bmr013.segment.598)"/>
      <nite:child href="Bmr013.G.segs.xml#id(Bmr013.segment.599)"/>
      <nite:child href="Bmr013.C.segs.xml#id(Bmr013.segment.600)"/>
      <nite:child href="Bmr013.G.segs.xml#id(Bmr013.segment.601)..id(Bmr013.segment.607)"/>
      <nite:child href="Bmr013.C.segs.xml#id(Bmr013.segment.608)..id(Bmr013.segment.609)"/>
      <nite:child href="Bmr013.G.segs.xml#id(Bmr013.segment.610)..id(Bmr013.segment.611)"/>
      <nite:child href="Bmr013.C.segs.xml#id(Bmr013.segment.612)"/>
      <nite:child href="Bmr013.G.segs.xml#id(Bmr013.segment.613)..id(Bmr013.segment.614)"/>
      <nite:child href="Bmr013.D.segs.xml#id(Bmr013.segment.615)..id(Bmr013.segment.619)"/>
      <nite:child href="Bmr013.G.segs.xml#id(Bmr013.segment.620)..id(Bmr013.segment.622)"/>
      <nite:child href="Bmr013.D.segs.xml#id(Bmr013.segment.623)"/>
      <nite:child href="Bmr013.C.segs.xml#id(Bmr013.segment.624)"/>
      <nite:child href="Bmr013.G.segs.xml#id(Bmr013.segment.625)"/>
      <nite:child href="Bmr013.C.segs.xml#id(Bmr013.segment.626)"/>
      <nite:child href="Bmr013.G.segs.xml#id(Bmr013.segment.627)..id(Bmr013.segment.630)"/>
      <nite:child href="Bmr013.C.segs.xml#id(Bmr013.segment.631)..id(Bmr013.segment.637)"/>
      <nite:child href="Bmr013.G.segs.xml#id(Bmr013.segment.638)"/>
      <nite:child href="Bmr013.D.segs.xml#id(Bmr013.segment.639)"/>
      <nite:child href="Bmr013.C.segs.xml#id(Bmr013.segment.640)..id(Bmr013.segment.641)"/>
      <nite:child href="Bmr013.F.segs.xml#id(Bmr013.segment.643)"/>
      <nite:child href="Bmr013.D.segs.xml#id(Bmr013.segment.642)..id(Bmr013.segment.644)"/>
      <nite:child href="Bmr013.C.segs.xml#id(Bmr013.segment.645)"/>
      <nite:child href="Bmr013.D.segs.xml#id(Bmr013.segment.646)"/>
      <nite:child href="Bmr013.G.segs.xml#id(Bmr013.segment.647)..id(Bmr013.segment.650)"/>
      <nite:child href="Bmr013.C.segs.xml#id(Bmr013.segment.651)..id(Bmr013.segment.652)"/>
      <nite:child href="Bmr013.F.segs.xml#id(Bmr013.segment.653)"/>
      <nite:child href="Bmr013.G.segs.xml#id(Bmr013.segment.654)"/>
      <nite:child href="Bmr013.D.segs.xml#id(Bmr013.segment.656)"/>
      <nite:child href="Bmr013.G.segs.xml#id(Bmr013.segment.655)"/>
      <nite:child href="Bmr013.D.segs.xml#id(Bmr013.segment.657)"/>
      <nite:child href="Bmr013.G.segs.xml#id(Bmr013.segment.658)..id(Bmr013.segment.659)"/>
      <nite:child href="Bmr013.D.segs.xml#id(Bmr013.segment.660)..id(Bmr013.segment.661)"/>
      <nite:child href="Bmr013.G.segs.xml#id(Bmr013.segment.662)"/>
      <nite:child href="Bmr013.D.segs.xml#id(Bmr013.segment.663)"/>
      <nite:child href="Bmr013.G.segs.xml#id(Bmr013.segment.664)"/>
      <nite:child href="Bmr013.D.segs.xml#id(Bmr013.segment.665)"/>
      <nite:child href="Bmr013.G.segs.xml#id(Bmr013.segment.666)"/>
      <nite:child href="Bmr013.D.segs.xml#id(Bmr013.segment.667)"/>
      <nite:child href="Bmr013.G.segs.xml#id(Bmr013.segment.668)"/>
      <nite:child href="Bmr013.C.segs.xml#id(Bmr013.segment.669)"/>
      <nite:child href="Bmr013.G.segs.xml#id(Bmr013.segment.672)"/>
      <nite:child href="Bmr013.D.segs.xml#id(Bmr013.segment.670)"/>
      <nite:child href="Bmr013.B.segs.xml#id(Bmr013.segment.673)"/>
      <nite:child href="Bmr013.F.segs.xml#id(Bmr013.segment.671)"/>
      <nite:child href="Bmr013.G.segs.xml#id(Bmr013.segment.674)"/>
      <nite:child href="Bmr013.F.segs.xml#id(Bmr013.segment.675)"/>
      <nite:child href="Bmr013.D.segs.xml#id(Bmr013.segment.676)..id(Bmr013.segment.677)"/>
      <nite:child href="Bmr013.F.segs.xml#id(Bmr013.segment.678)"/>
      <nite:child href="Bmr013.C.segs.xml#id(Bmr013.segment.679)"/>
      <nite:child href="Bmr013.F.segs.xml#id(Bmr013.segment.680)"/>
      <nite:child href="Bmr013.G.segs.xml#id(Bmr013.segment.681)..id(Bmr013.segment.682)"/>
      <nite:child href="Bmr013.B.segs.xml#id(Bmr013.segment.683)"/>
      <nite:child href="Bmr013.F.segs.xml#id(Bmr013.segment.684)"/>
      <nite:child href="Bmr013.G.segs.xml#id(Bmr013.segment.685)..id(Bmr013.segment.686)"/>
      <nite:child href="Bmr013.F.segs.xml#id(Bmr013.segment.687)"/>
   </topic>
   <topic nite:id="Bmr013.topic.4">
      <nite:child href="Bmr013.G.segs.xml#id(Bmr013.segment.688)"/>
      <nite:child href="Bmr013.B.segs.xml#id(Bmr013.segment.689)"/>
      <nite:child href="Bmr013.G.segs.xml#id(Bmr013.segment.690)..id(Bmr013.segment.691)"/>
      <nite:child href="Bmr013.F.segs.xml#id(Bmr013.segment.692)"/>
      <nite:child href="Bmr013.G.segs.xml#id(Bmr013.segment.693)"/>
      <nite:child href="Bmr013.B.segs.xml#id(Bmr013.segment.694)..id(Bmr013.segment.695)"/>
      <nite:child href="Bmr013.C.segs.xml#id(Bmr013.segment.696)..id(Bmr013.segment.741)"/>
      <nite:child href="Bmr013.D.segs.xml#id(Bmr013.segment.742)..id(Bmr013.segment.750)"/>
      <nite:child href="Bmr013.F.segs.xml#id(Bmr013.segment.751)"/>
      <nite:child href="Bmr013.B.segs.xml#id(Bmr013.segment.752)..id(Bmr013.segment.753)"/>
      <nite:child href="Bmr013.C.segs.xml#id(Bmr013.segment.754)"/>
      <nite:child href="Bmr013.B.segs.xml#id(Bmr013.segment.755)..id(Bmr013.segment.756)"/>
      <nite:child href="Bmr013.C.segs.xml#id(Bmr013.segment.757)"/>
      <nite:child href="Bmr013.B.segs.xml#id(Bmr013.segment.758)..id(Bmr013.segment.760)"/>
      <nite:child href="Bmr013.C.segs.xml#id(Bmr013.segment.761)"/>
      <nite:child href="Bmr013.D.segs.xml#id(Bmr013.segment.762)"/>
      <nite:child href="Bmr013.B.segs.xml#id(Bmr013.segment.763)"/>
      <nite:child href="Bmr013.D.segs.xml#id(Bmr013.segment.764)"/>
      <nite:child href="Bmr013.B.segs.xml#id(Bmr013.segment.765)"/>
      <nite:child href="Bmr013.D.segs.xml#id(Bmr013.segment.766)..id(Bmr013.segment.767)"/>
      <nite:child href="Bmr013.B.segs.xml#id(Bmr013.segment.768)"/>
      <nite:child href="Bmr013.G.segs.xml#id(Bmr013.segment.769)"/>
      <nite:child href="Bmr013.B.segs.xml#id(Bmr013.segment.771)"/>
      <nite:child href="Bmr013.D.segs.xml#id(Bmr013.segment.770)..id(Bmr013.segment.772)"/>
      <nite:child href="Bmr013.B.segs.xml#id(Bmr013.segment.773)"/>
      <nite:child href="Bmr013.G.segs.xml#id(Bmr013.segment.774)"/>
      <nite:child href="Bmr013.D.segs.xml#id(Bmr013.segment.775)"/>
      <nite:child href="Bmr013.C.segs.xml#id(Bmr013.segment.776)"/>
      <nite:child href="Bmr013.G.segs.xml#id(Bmr013.segment.777)"/>
      <nite:child href="Bmr013.C.segs.xml#id(Bmr013.segment.778)"/>
      <nite:child href="Bmr013.B.segs.xml#id(Bmr013.segment.779)"/>
      <nite:child href="Bmr013.C.segs.xml#id(Bmr013.segment.780)..id(Bmr013.segment.781)"/>
      <nite:child href="Bmr013.B.segs.xml#id(Bmr013.segment.782)..id(Bmr013.segment.784)"/>
      <nite:child href="Bmr013.D.segs.xml#id(Bmr013.segment.783)"/>
      <nite:child href="Bmr013.C.segs.xml#id(Bmr013.segment.785)"/>
      <nite:child href="Bmr013.D.segs.xml#id(Bmr013.segment.786)..id(Bmr013.segment.789)"/>
      <nite:child href="Bmr013.F.segs.xml#id(Bmr013.segment.790)"/>
      <nite:child href="Bmr013.D.segs.xml#id(Bmr013.segment.791)"/>
      <nite:child href="Bmr013.F.segs.xml#id(Bmr013.segment.792)"/>
      <nite:child href="Bmr013.D.segs.xml#id(Bmr013.segment.793)"/>
      <nite:child href="Bmr013.B.segs.xml#id(Bmr013.segment.794)"/>
      <nite:child href="Bmr013.F.segs.xml#id(Bmr013.segment.795)"/>
      <nite:child href="Bmr013.C.segs.xml#id(Bmr013.segment.796)..id(Bmr013.segment.808)"/>
      <nite:child href="Bmr013.B.segs.xml#id(Bmr013.segment.809)..id(Bmr013.segment.811)"/>
      <nite:child href="Bmr013.C.segs.xml#id(Bmr013.segment.810)..id(Bmr013.segment.813)"/>
      <nite:child href="Bmr013.D.segs.xml#id(Bmr013.segment.814)"/>
      <nite:child href="Bmr013.B.segs.xml#id(Bmr013.segment.815)"/>
      <nite:child href="Bmr013.D.segs.xml#id(Bmr013.segment.816)..id(Bmr013.segment.818)"/>
      <nite:child href="Bmr013.B.segs.xml#id(Bmr013.segment.819)"/>
      <nite:child href="Bmr013.C.segs.xml#id(Bmr013.segment.820)"/>
      <nite:child href="Bmr013.G.segs.xml#id(Bmr013.segment.821)"/>
      <nite:child href="Bmr013.B.segs.xml#id(Bmr013.segment.822)"/>
      <nite:child href="Bmr013.F.segs.xml#id(Bmr013.segment.823)"/>
      <nite:child href="Bmr013.D.segs.xml#id(Bmr013.segment.824)"/>
      <nite:child href="Bmr013.G.segs.xml#id(Bmr013.segment.825)..id(Bmr013.segment.828)"/>
      <nite:child href="Bmr013.D.segs.xml#id(Bmr013.segment.829)"/>
      <nite:child href="Bmr013.G.segs.xml#id(Bmr013.segment.830)..id(Bmr013.segment.832)"/>
      <nite:child href="Bmr013.B.segs.xml#id(Bmr013.segment.833)"/>
      <nite:child href="Bmr013.G.segs.xml#id(Bmr013.segment.834)"/>
      <nite:child href="Bmr013.C.segs.xml#id(Bmr013.segment.835)"/>
      <nite:child href="Bmr013.B.segs.xml#id(Bmr013.segment.836)"/>
      <nite:child href="Bmr013.G.segs.xml#id(Bmr013.segment.837)"/>
      <nite:child href="Bmr013.C.segs.xml#id(Bmr013.segment.839)"/>
      <nite:child href="Bmr013.F.segs.xml#id(Bmr013.segment.838)"/>
      <nite:child href="Bmr013.C.segs.xml#id(Bmr013.segment.840)..id(Bmr013.segment.845)"/>
      <nite:child href="Bmr013.G.segs.xml#id(Bmr013.segment.846)"/>
      <nite:child href="Bmr013.C.segs.xml#id(Bmr013.segment.847)..id(Bmr013.segment.853)"/>
      <nite:child href="Bmr013.D.segs.xml#id(Bmr013.segment.854)"/>
      <nite:child href="Bmr013.B.segs.xml#id(Bmr013.segment.855)"/>
      <nite:child href="Bmr013.C.segs.xml#id(Bmr013.segment.856)"/>
      <nite:child href="Bmr013.D.segs.xml#id(Bmr013.segment.857)"/>
      <nite:child href="Bmr013.B.segs.xml#id(Bmr013.segment.858)"/>
      <nite:child href="Bmr013.C.segs.xml#id(Bmr013.segment.859)"/>
      <nite:child href="Bmr013.B.segs.xml#id(Bmr013.segment.860)"/>
      <nite:child href="Bmr013.D.segs.xml#id(Bmr013.segment.861)"/>
      <nite:child href="Bmr013.F.segs.xml#id(Bmr013.segment.862)"/>
      <nite:child href="Bmr013.G.segs.xml#id(Bmr013.segment.863)"/>
      <nite:child href="Bmr013.B.segs.xml#id(Bmr013.segment.864)"/>
      <nite:child href="Bmr013.A.segs.xml#id(Bmr013.segment.865)"/>
      <nite:child href="Bmr013.D.segs.xml#id(Bmr013.segment.866)"/>
      <nite:child href="Bmr013.B.segs.xml#id(Bmr013.segment.867)..id(Bmr013.segment.874)"/>
      <nite:child href="Bmr013.C.segs.xml#id(Bmr013.segment.875)"/>
      <nite:child href="Bmr013.B.segs.xml#id(Bmr013.segment.876)"/>
      <nite:child href="Bmr013.C.segs.xml#id(Bmr013.segment.877)..id(Bmr013.segment.878)"/>
      <nite:child href="Bmr013.B.segs.xml#id(Bmr013.segment.879)"/>
      <nite:child href="Bmr013.C.segs.xml#id(Bmr013.segment.880)"/>
      <nite:child href="Bmr013.D.segs.xml#id(Bmr013.segment.881)"/>
      <nite:child href="Bmr013.G.segs.xml#id(Bmr013.segment.882)"/>
      <nite:child href="Bmr013.F.segs.xml#id(Bmr013.segment.883)"/>
      <nite:child href="Bmr013.B.segs.xml#id(Bmr013.segment.884)"/>
      <nite:child href="Bmr013.G.segs.xml#id(Bmr013.segment.885)..id(Bmr013.segment.886)"/>
      <nite:child href="Bmr013.B.segs.xml#id(Bmr013.segment.887)"/>
      <nite:child href="Bmr013.F.segs.xml#id(Bmr013.segment.888)"/>
      <nite:child href="Bmr013.G.segs.xml#id(Bmr013.segment.889)"/>
      <nite:child href="Bmr013.F.segs.xml#id(Bmr013.segment.890)"/>
      <nite:child href="Bmr013.G.segs.xml#id(Bmr013.segment.891)"/>
      <nite:child href="Bmr013.D.segs.xml#id(Bmr013.segment.892)"/>
      <nite:child href="Bmr013.G.segs.xml#id(Bmr013.segment.893)"/>
      <nite:child href="Bmr013.F.segs.xml#id(Bmr013.segment.894)"/>
      <nite:child href="Bmr013.D.segs.xml#id(Bmr013.segment.895)"/>
      <nite:child href="Bmr013.F.segs.xml#id(Bmr013.segment.896)"/>
      <nite:child href="Bmr013.D.segs.xml#id(Bmr013.segment.897)"/>
      <nite:child href="Bmr013.B.segs.xml#id(Bmr013.segment.898)"/>
      <nite:child href="Bmr013.C.segs.xml#id(Bmr013.segment.899)"/>
      <nite:child href="Bmr013.B.segs.xml#id(Bmr013.segment.900)"/>
      <nite:child href="Bmr013.C.segs.xml#id(Bmr013.segment.901)"/>
      <nite:child href="Bmr013.G.segs.xml#id(Bmr013.segment.902)..id(Bmr013.segment.905)"/>
      <nite:child href="Bmr013.C.segs.xml#id(Bmr013.segment.906)"/>
      <nite:child href="Bmr013.G.segs.xml#id(Bmr013.segment.907)"/>
      <nite:child href="Bmr013.A.segs.xml#id(Bmr013.segment.908)"/>
      <nite:child href="Bmr013.G.segs.xml#id(Bmr013.segment.909)"/>
      <nite:child href="Bmr013.D.segs.xml#id(Bmr013.segment.910)"/>
      <nite:child href="Bmr013.G.segs.xml#id(Bmr013.segment.911)..id(Bmr013.segment.912)"/>
      <nite:child href="Bmr013.F.segs.xml#id(Bmr013.segment.913)"/>
      <nite:child href="Bmr013.G.segs.xml#id(Bmr013.segment.914)"/>
      <nite:child href="Bmr013.A.segs.xml#id(Bmr013.segment.915)"/>
      <nite:child href="Bmr013.C.segs.xml#id(Bmr013.segment.916)"/>
      <nite:child href="Bmr013.G.segs.xml#id(Bmr013.segment.917)"/>
      <nite:child href="Bmr013.A.segs.xml#id(Bmr013.segment.918)"/>
      <nite:child href="Bmr013.G.segs.xml#id(Bmr013.segment.919)..id(Bmr013.segment.921)"/>
      <nite:child href="Bmr013.E.segs.xml#id(Bmr013.segment.922)"/>
      <nite:child href="Bmr013.B.segs.xml#id(Bmr013.segment.923)"/>
      <nite:child href="Bmr013.A.segs.xml#id(Bmr013.segment.924)"/>
      <nite:child href="Bmr013.B.segs.xml#id(Bmr013.segment.925)"/>
      <nite:child href="Bmr013.E.segs.xml#id(Bmr013.segment.926)"/>
      <nite:child href="Bmr013.G.segs.xml#id(Bmr013.segment.927)"/>
      <nite:child href="Bmr013.B.segs.xml#id(Bmr013.segment.928)"/>
      <nite:child href="Bmr013.F.segs.xml#id(Bmr013.segment.929)"/>
      <nite:child href="Bmr013.D.segs.xml#id(Bmr013.segment.930)..id(Bmr013.segment.931)"/>
      <nite:child href="Bmr013.C.segs.xml#id(Bmr013.segment.932)"/>
      <nite:child href="Bmr013.B.segs.xml#id(Bmr013.segment.933)"/>
      <nite:child href="Bmr013.D.segs.xml#id(Bmr013.segment.934)"/>
   </topic>
   <topic nite:id="Bmr013.topic.5">
      <nite:child href="Bmr013.C.segs.xml#id(Bmr013.segment.935)"/>
      <nite:child href="Bmr013.B.segs.xml#id(Bmr013.segment.936)"/>
      <nite:child href="Bmr013.C.segs.xml#id(Bmr013.segment.937)"/>
      <nite:child href="Bmr013.A.segs.xml#id(Bmr013.segment.938)..id(Bmr013.segment.946)"/>
      <nite:child href="Bmr013.F.segs.xml#id(Bmr013.segment.947)"/>
      <nite:child href="Bmr013.A.segs.xml#id(Bmr013.segment.948)..id(Bmr013.segment.952)"/>
      <nite:child href="Bmr013.F.segs.xml#id(Bmr013.segment.953)"/>
      <nite:child href="Bmr013.A.segs.xml#id(Bmr013.segment.954)"/>
      <nite:child href="Bmr013.F.segs.xml#id(Bmr013.segment.956)"/>
      <nite:child href="Bmr013.A.segs.xml#id(Bmr013.segment.955)..id(Bmr013.segment.957)"/>
      <nite:child href="Bmr013.F.segs.xml#id(Bmr013.segment.958)"/>
      <nite:child href="Bmr013.A.segs.xml#id(Bmr013.segment.959)"/>
      <nite:child href="Bmr013.F.segs.xml#id(Bmr013.segment.960)"/>
      <nite:child href="Bmr013.A.segs.xml#id(Bmr013.segment.961)..id(Bmr013.segment.962)"/>
      <nite:child href="Bmr013.F.segs.xml#id(Bmr013.segment.963)..id(Bmr013.segment.964)"/>
      <nite:child href="Bmr013.A.segs.xml#id(Bmr013.segment.965)..id(Bmr013.segment.966)"/>
      <nite:child href="Bmr013.F.segs.xml#id(Bmr013.segment.967)"/>
      <nite:child href="Bmr013.B.segs.xml#id(Bmr013.segment.968)"/>
      <nite:child href="Bmr013.A.segs.xml#id(Bmr013.segment.969)"/>
      <nite:child href="Bmr013.B.segs.xml#id(Bmr013.segment.970)"/>
      <nite:child href="Bmr013.A.segs.xml#id(Bmr013.segment.971)..id(Bmr013.segment.978)"/>
      <nite:child href="Bmr013.C.segs.xml#id(Bmr013.segment.979)"/>
      <nite:child href="Bmr013.G.segs.xml#id(Bmr013.segment.980)"/>
      <nite:child href="Bmr013.C.segs.xml#id(Bmr013.segment.981)"/>
      <nite:child href="Bmr013.E.segs.xml#id(Bmr013.segment.982)..id(Bmr013.segment.983)"/>
      <nite:child href="Bmr013.C.segs.xml#id(Bmr013.segment.984)"/>
      <nite:child href="Bmr013.A.segs.xml#id(Bmr013.segment.985)..id(Bmr013.segment.989)"/>
      <nite:child href="Bmr013.F.segs.xml#id(Bmr013.segment.990)"/>
      <nite:child href="Bmr013.A.segs.xml#id(Bmr013.segment.991)"/>
      <nite:child href="Bmr013.C.segs.xml#id(Bmr013.segment.992)"/>
      <nite:child href="Bmr013.F.segs.xml#id(Bmr013.segment.993)"/>
      <nite:child href="Bmr013.D.segs.xml#id(Bmr013.segment.994)"/>
      <nite:child href="Bmr013.A.segs.xml#id(Bmr013.segment.995)..id(Bmr013.segment.996)"/>
      <nite:child href="Bmr013.F.segs.xml#id(Bmr013.segment.997)"/>
      <nite:child href="Bmr013.A.segs.xml#id(Bmr013.segment.998)"/>
      <nite:child href="Bmr013.D.segs.xml#id(Bmr013.segment.999)"/>
      <nite:child href="Bmr013.B.segs.xml#id(Bmr013.segment.1,000)..id(Bmr013.segment.1,001)"/>
      <nite:child href="Bmr013.F.segs.xml#id(Bmr013.segment.1,002)"/>
      <nite:child href="Bmr013.A.segs.xml#id(Bmr013.segment.1,003)"/>
      <nite:child href="Bmr013.B.segs.xml#id(Bmr013.segment.1,004)"/>
      <nite:child href="Bmr013.A.segs.xml#id(Bmr013.segment.1,005)"/>
      <nite:child href="Bmr013.B.segs.xml#id(Bmr013.segment.1,006)"/>
      <nite:child href="Bmr013.A.segs.xml#id(Bmr013.segment.1,007)..id(Bmr013.segment.1,009)"/>
      <nite:child href="Bmr013.B.segs.xml#id(Bmr013.segment.1,010)"/>
      <nite:child href="Bmr013.F.segs.xml#id(Bmr013.segment.1,011)"/>
      <nite:child href="Bmr013.B.segs.xml#id(Bmr013.segment.1,012)..id(Bmr013.segment.1,013)"/>
      <nite:child href="Bmr013.F.segs.xml#id(Bmr013.segment.1,014)"/>
      <nite:child href="Bmr013.B.segs.xml#id(Bmr013.segment.1,015)"/>
      <nite:child href="Bmr013.A.segs.xml#id(Bmr013.segment.1,016)"/>
      <nite:child href="Bmr013.B.segs.xml#id(Bmr013.segment.1,017)"/>
      <nite:child href="Bmr013.A.segs.xml#id(Bmr013.segment.1,018)..id(Bmr013.segment.1,019)"/>
      <nite:child href="Bmr013.B.segs.xml#id(Bmr013.segment.1,020)..id(Bmr013.segment.1,024)"/>
      <nite:child href="Bmr013.A.segs.xml#id(Bmr013.segment.1,025)"/>
      <nite:child href="Bmr013.B.segs.xml#id(Bmr013.segment.1,026)..id(Bmr013.segment.1,028)"/>
      <nite:child href="Bmr013.A.segs.xml#id(Bmr013.segment.1,029)..id(Bmr013.segment.1,031)"/>
      <nite:child href="Bmr013.B.segs.xml#id(Bmr013.segment.1,032)"/>
      <nite:child href="Bmr013.D.segs.xml#id(Bmr013.segment.1,033)"/>
      <nite:child href="Bmr013.A.segs.xml#id(Bmr013.segment.1,034)"/>
      <nite:child href="Bmr013.B.segs.xml#id(Bmr013.segment.1,035)..id(Bmr013.segment.1,037)"/>
      <nite:child href="Bmr013.A.segs.xml#id(Bmr013.segment.1,038)"/>
      <nite:child href="Bmr013.F.segs.xml#id(Bmr013.segment.1,039)"/>
      <nite:child href="Bmr013.A.segs.xml#id(Bmr013.segment.1,040)"/>
      <nite:child href="Bmr013.B.segs.xml#id(Bmr013.segment.1,041)"/>
      <nite:child href="Bmr013.A.segs.xml#id(Bmr013.segment.1,042)"/>
      <nite:child href="Bmr013.B.segs.xml#id(Bmr013.segment.1,043)"/>
      <nite:child href="Bmr013.A.segs.xml#id(Bmr013.segment.1,044)..id(Bmr013.segment.1,046)"/>
      <nite:child href="Bmr013.B.segs.xml#id(Bmr013.segment.1,047)"/>
      <nite:child href="Bmr013.A.segs.xml#id(Bmr013.segment.1,048)"/>
      <nite:child href="Bmr013.B.segs.xml#id(Bmr013.segment.1,049)"/>
      <nite:child href="Bmr013.C.segs.xml#id(Bmr013.segment.1,050)"/>
      <nite:child href="Bmr013.F.segs.xml#id(Bmr013.segment.1,051)"/>
      <nite:child href="Bmr013.C.segs.xml#id(Bmr013.segment.1,052)"/>
      <nite:child href="Bmr013.A.segs.xml#id(Bmr013.segment.1,053)"/>
      <nite:child href="Bmr013.C.segs.xml#id(Bmr013.segment.1,054)"/>
      <nite:child href="Bmr013.A.segs.xml#id(Bmr013.segment.1,055)"/>
      <nite:child href="Bmr013.C.segs.xml#id(Bmr013.segment.1,057)"/>
      <nite:child href="Bmr013.B.segs.xml#id(Bmr013.segment.1,056)"/>
      <nite:child href="Bmr013.C.segs.xml#id(Bmr013.segment.1,058)"/>
      <nite:child href="Bmr013.E.segs.xml#id(Bmr013.segment.1,059)"/>
      <nite:child href="Bmr013.A.segs.xml#id(Bmr013.segment.1,060)"/>
      <nite:child href="Bmr013.C.segs.xml#id(Bmr013.segment.1,061)"/>
      <nite:child href="Bmr013.E.segs.xml#id(Bmr013.segment.1,062)"/>
      <nite:child href="Bmr013.C.segs.xml#id(Bmr013.segment.1,063)"/>
      <nite:child href="Bmr013.G.segs.xml#id(Bmr013.segment.1,064)..id(Bmr013.segment.1,067)"/>
      <nite:child href="Bmr013.A.segs.xml#id(Bmr013.segment.1,068)"/>
      <nite:child href="Bmr013.G.segs.xml#id(Bmr013.segment.1,069)..id(Bmr013.segment.1,074)"/>
      <nite:child href="Bmr013.F.segs.xml#id(Bmr013.segment.1,075)"/>
      <nite:child href="Bmr013.G.segs.xml#id(Bmr013.segment.1,076)..id(Bmr013.segment.1,078)"/>
      <nite:child href="Bmr013.A.segs.xml#id(Bmr013.segment.1,079)..id(Bmr013.segment.1,080)"/>
      <nite:child href="Bmr013.G.segs.xml#id(Bmr013.segment.1,081)"/>
      <nite:child href="Bmr013.B.segs.xml#id(Bmr013.segment.1,082)"/>
      <nite:child href="Bmr013.G.segs.xml#id(Bmr013.segment.1,083)"/>
      <nite:child href="Bmr013.A.segs.xml#id(Bmr013.segment.1,084)"/>
      <nite:child href="Bmr013.G.segs.xml#id(Bmr013.segment.1,085)..id(Bmr013.segment.1,088)"/>
      <nite:child href="Bmr013.A.segs.xml#id(Bmr013.segment.1,089)"/>
      <nite:child href="Bmr013.G.segs.xml#id(Bmr013.segment.1,090)..id(Bmr013.segment.1,091)"/>
      <nite:child href="Bmr013.A.segs.xml#id(Bmr013.segment.1,092)"/>
      <nite:child href="Bmr013.G.segs.xml#id(Bmr013.segment.1,093)..id(Bmr013.segment.1,094)"/>
      <nite:child href="Bmr013.A.segs.xml#id(Bmr013.segment.1,095)"/>
      <nite:child href="Bmr013.G.segs.xml#id(Bmr013.segment.1,096)"/>
      <nite:child href="Bmr013.A.segs.xml#id(Bmr013.segment.1,097)"/>
      <nite:child href="Bmr013.G.segs.xml#id(Bmr013.segment.1,098)..id(Bmr013.segment.1,099)"/>
      <nite:child href="Bmr013.A.segs.xml#id(Bmr013.segment.1,100)"/>
      <nite:child href="Bmr013.B.segs.xml#id(Bmr013.segment.1,101)"/>
      <nite:child href="Bmr013.A.segs.xml#id(Bmr013.segment.1,102)"/>
      <nite:child href="Bmr013.G.segs.xml#id(Bmr013.segment.1,103)"/>
      <nite:child href="Bmr013.A.segs.xml#id(Bmr013.segment.1,104)"/>
      <nite:child href="Bmr013.G.segs.xml#id(Bmr013.segment.1,105)"/>
      <nite:child href="Bmr013.B.segs.xml#id(Bmr013.segment.1,106)"/>
      <nite:child href="Bmr013.A.segs.xml#id(Bmr013.segment.1,107)"/>
      <nite:child href="Bmr013.G.segs.xml#id(Bmr013.segment.1,108)..id(Bmr013.segment.1,109)"/>
      <nite:child href="Bmr013.A.segs.xml#id(Bmr013.segment.1,110)..id(Bmr013.segment.1,112)"/>
      <nite:child href="Bmr013.G.segs.xml#id(Bmr013.segment.1,113)"/>
      <nite:child href="Bmr013.A.segs.xml#id(Bmr013.segment.1,114)..id(Bmr013.segment.1,115)"/>
      <nite:child href="Bmr013.G.segs.xml#id(Bmr013.segment.1,116)"/>
      <nite:child href="Bmr013.A.segs.xml#id(Bmr013.segment.1,117)"/>
      <nite:child href="Bmr013.G.segs.xml#id(Bmr013.segment.1,118)"/>
      <nite:child href="Bmr013.B.segs.xml#id(Bmr013.segment.1,119)..id(Bmr013.segment.1,123)"/>
      <nite:child href="Bmr013.A.segs.xml#id(Bmr013.segment.1,124)..id(Bmr013.segment.1,130)"/>
      <nite:child href="Bmr013.B.segs.xml#id(Bmr013.segment.1,131)"/>
      <nite:child href="Bmr013.A.segs.xml#id(Bmr013.segment.1,132)"/>
      <nite:child href="Bmr013.B.segs.xml#id(Bmr013.segment.1,133)..id(Bmr013.segment.1,141)"/>
      <nite:child href="Bmr013.A.segs.xml#id(Bmr013.segment.1,142)"/>
      <nite:child href="Bmr013.B.segs.xml#id(Bmr013.segment.1,143)"/>
      <nite:child href="Bmr013.A.segs.xml#id(Bmr013.segment.1,144)"/>
      <nite:child href="Bmr013.B.segs.xml#id(Bmr013.segment.1,145)"/>
      <nite:child href="Bmr013.A.segs.xml#id(Bmr013.segment.1,146)"/>
      <nite:child href="Bmr013.B.segs.xml#id(Bmr013.segment.1,147)..id(Bmr013.segment.1,149)"/>
      <nite:child href="Bmr013.A.segs.xml#id(Bmr013.segment.1,148)"/>
      <nite:child href="Bmr013.B.segs.xml#id(Bmr013.segment.1,150)"/>
      <nite:child href="Bmr013.A.segs.xml#id(Bmr013.segment.1,151)..id(Bmr013.segment.1,161)"/>
      <nite:child href="Bmr013.B.segs.xml#id(Bmr013.segment.1,162)"/>
      <nite:child href="Bmr013.G.segs.xml#id(Bmr013.segment.1,163)..id(Bmr013.segment.1,165)"/>
      <nite:child href="Bmr013.A.segs.xml#id(Bmr013.segment.1,166)..id(Bmr013.segment.1,167)"/>
      <nite:child href="Bmr013.G.segs.xml#id(Bmr013.segment.1,168)"/>
      <nite:child href="Bmr013.A.segs.xml#id(Bmr013.segment.1,169)..id(Bmr013.segment.1,170)"/>
      <nite:child href="Bmr013.B.segs.xml#id(Bmr013.segment.1,171)..id(Bmr013.segment.1,173)"/>
      <nite:child href="Bmr013.C.segs.xml#id(Bmr013.segment.1,174)"/>
      <nite:child href="Bmr013.A.segs.xml#id(Bmr013.segment.1,175)"/>
      <nite:child href="Bmr013.C.segs.xml#id(Bmr013.segment.1,176)..id(Bmr013.segment.1,177)"/>
      <nite:child href="Bmr013.B.segs.xml#id(Bmr013.segment.1,178)"/>
      <nite:child href="Bmr013.C.segs.xml#id(Bmr013.segment.1,179)"/>
      <nite:child href="Bmr013.B.segs.xml#id(Bmr013.segment.1,180)"/>
      <nite:child href="Bmr013.A.segs.xml#id(Bmr013.segment.1,181)"/>
      <nite:child href="Bmr013.B.segs.xml#id(Bmr013.segment.1,182)..id(Bmr013.segment.1,185)"/>
      <nite:child href="Bmr013.A.segs.xml#id(Bmr013.segment.1,186)"/>
      <nite:child href="Bmr013.C.segs.xml#id(Bmr013.segment.1,187)"/>
      <nite:child href="Bmr013.A.segs.xml#id(Bmr013.segment.1,188)"/>
      <nite:child href="Bmr013.B.segs.xml#id(Bmr013.segment.1,189)"/>
      <nite:child href="Bmr013.A.segs.xml#id(Bmr013.segment.1,190)"/>
      <nite:child href="Bmr013.C.segs.xml#id(Bmr013.segment.1,191)..id(Bmr013.segment.1,192)"/>
      <nite:child href="Bmr013.B.segs.xml#id(Bmr013.segment.1,193)"/>
      <nite:child href="Bmr013.C.segs.xml#id(Bmr013.segment.1,194)"/>
      <nite:child href="Bmr013.B.segs.xml#id(Bmr013.segment.1,195)"/>
      <nite:child href="Bmr013.F.segs.xml#id(Bmr013.segment.1,196)"/>
      <nite:child href="Bmr013.D.segs.xml#id(Bmr013.segment.1,197)"/>
      <nite:child href="Bmr013.G.segs.xml#id(Bmr013.segment.1,198)"/>
      <nite:child href="Bmr013.F.segs.xml#id(Bmr013.segment.1,199)"/>
      <nite:child href="Bmr013.C.segs.xml#id(Bmr013.segment.1,200)..id(Bmr013.segment.1,201)"/>
      <nite:child href="Bmr013.G.segs.xml#id(Bmr013.segment.1,202)"/>
      <nite:child href="Bmr013.B.segs.xml#id(Bmr013.segment.1,203)"/>
      <nite:child href="Bmr013.A.segs.xml#id(Bmr013.segment.1,204)..id(Bmr013.segment.1,205)"/>
      <nite:child href="Bmr013.B.segs.xml#id(Bmr013.segment.1,206)..id(Bmr013.segment.1,209)"/>
      <nite:child href="Bmr013.C.segs.xml#id(Bmr013.segment.1,210)..id(Bmr013.segment.1,212)"/>
      <nite:child href="Bmr013.A.segs.xml#id(Bmr013.segment.1,213)"/>
      <nite:child href="Bmr013.B.segs.xml#id(Bmr013.segment.1,214)"/>
      <nite:child href="Bmr013.C.segs.xml#id(Bmr013.segment.1,215)"/>
      <nite:child href="Bmr013.B.segs.xml#id(Bmr013.segment.1,216)..id(Bmr013.segment.1,222)"/>
      <nite:child href="Bmr013.C.segs.xml#id(Bmr013.segment.1,223)"/>
      <nite:child href="Bmr013.B.segs.xml#id(Bmr013.segment.1,224)..id(Bmr013.segment.1,225)"/>
      <nite:child href="Bmr013.C.segs.xml#id(Bmr013.segment.1,226)"/>
      <nite:child href="Bmr013.B.segs.xml#id(Bmr013.segment.1,227)"/>
      <nite:child href="Bmr013.A.segs.xml#id(Bmr013.segment.1,228)"/>
      <nite:child href="Bmr013.B.segs.xml#id(Bmr013.segment.1,229)..id(Bmr013.segment.1,232)"/>
      <nite:child href="Bmr013.A.segs.xml#id(Bmr013.segment.1,231)"/>
      <nite:child href="Bmr013.B.segs.xml#id(Bmr013.segment.1,233)"/>
      <nite:child href="Bmr013.A.segs.xml#id(Bmr013.segment.1,234)"/>
      <nite:child href="Bmr013.B.segs.xml#id(Bmr013.segment.1,235)"/>
      <nite:child href="Bmr013.A.segs.xml#id(Bmr013.segment.1,236)"/>
      <nite:child href="Bmr013.B.segs.xml#id(Bmr013.segment.1,237)"/>
      <nite:child href="Bmr013.A.segs.xml#id(Bmr013.segment.1,238)"/>
      <nite:child href="Bmr013.B.segs.xml#id(Bmr013.segment.1,239)"/>
      <nite:child href="Bmr013.G.segs.xml#id(Bmr013.segment.1,240)..id(Bmr013.segment.1,241)"/>
      <nite:child href="Bmr013.B.segs.xml#id(Bmr013.segment.1,242)"/>
      <nite:child href="Bmr013.G.segs.xml#id(Bmr013.segment.1,243)..id(Bmr013.segment.1,244)"/>
      <nite:child href="Bmr013.C.segs.xml#id(Bmr013.segment.1,245)"/>
      <nite:child href="Bmr013.G.segs.xml#id(Bmr013.segment.1,246)"/>
      <nite:child href="Bmr013.C.segs.xml#id(Bmr013.segment.1,247)..id(Bmr013.segment.1,248)"/>
      <nite:child href="Bmr013.B.segs.xml#id(Bmr013.segment.1,249)"/>
      <nite:child href="Bmr013.A.segs.xml#id(Bmr013.segment.1,250)..id(Bmr013.segment.1,251)"/>
      <nite:child href="Bmr013.C.segs.xml#id(Bmr013.segment.1,252)"/>
      <nite:child href="Bmr013.B.segs.xml#id(Bmr013.segment.1,253)..id(Bmr013.segment.1,255)"/>
      <nite:child href="Bmr013.C.segs.xml#id(Bmr013.segment.1,256)"/>
      <nite:child href="Bmr013.B.segs.xml#id(Bmr013.segment.1,257)"/>
      <nite:child href="Bmr013.G.segs.xml#id(Bmr013.segment.1,258)"/>
      <nite:child href="Bmr013.C.segs.xml#id(Bmr013.segment.1,259)"/>
   </topic>
   <topic nite:id="Bmr013.topic.6">
      <nite:child href="Bmr013.B.segs.xml#id(Bmr013.segment.1,260)..id(Bmr013.segment.1,261)"/>
      <nite:child href="Bmr013.G.segs.xml#id(Bmr013.segment.1,262)"/>
      <nite:child href="Bmr013.B.segs.xml#id(Bmr013.segment.1,263)..id(Bmr013.segment.1,265)"/>
      <nite:child href="Bmr013.G.segs.xml#id(Bmr013.segment.1,266)"/>
      <nite:child href="Bmr013.E.segs.xml#id(Bmr013.segment.1,267)"/>
      <nite:child href="Bmr013.B.segs.xml#id(Bmr013.segment.1,268)"/>
      <nite:child href="Bmr013.G.segs.xml#id(Bmr013.segment.1,269)..id(Bmr013.segment.1,270)"/>
      <nite:child href="Bmr013.B.segs.xml#id(Bmr013.segment.1,271)..id(Bmr013.segment.1,281)"/>
      <nite:child href="Bmr013.D.segs.xml#id(Bmr013.segment.1,282)"/>
      <nite:child href="Bmr013.B.segs.xml#id(Bmr013.segment.1,283)..id(Bmr013.segment.1,312)"/>
      <nite:child href="Bmr013.C.segs.xml#id(Bmr013.segment.1,313)"/>
      <nite:child href="Bmr013.B.segs.xml#id(Bmr013.segment.1,314)..id(Bmr013.segment.1,324)"/>
      <nite:child href="Bmr013.G.segs.xml#id(Bmr013.segment.1,325)"/>
      <nite:child href="Bmr013.B.segs.xml#id(Bmr013.segment.1,326)"/>
      <nite:child href="Bmr013.G.segs.xml#id(Bmr013.segment.1,327)..id(Bmr013.segment.1,328)"/>
      <nite:child href="Bmr013.B.segs.xml#id(Bmr013.segment.1,329)..id(Bmr013.segment.1,335)"/>
      <nite:child href="Bmr013.C.segs.xml#id(Bmr013.segment.1,337)"/>
      <nite:child href="Bmr013.B.segs.xml#id(Bmr013.segment.1,336)..id(Bmr013.segment.1,355)"/>
      <nite:child href="Bmr013.G.segs.xml#id(Bmr013.segment.1,356)..id(Bmr013.segment.1,368)"/>
      <nite:child href="Bmr013.F.segs.xml#id(Bmr013.segment.1,369)"/>
      <nite:child href="Bmr013.G.segs.xml#id(Bmr013.segment.1,370)..id(Bmr013.segment.1,378)"/>
      <nite:child href="Bmr013.F.segs.xml#id(Bmr013.segment.1,380)"/>
      <nite:child href="Bmr013.A.segs.xml#id(Bmr013.segment.1,379)"/>
      <nite:child href="Bmr013.G.segs.xml#id(Bmr013.segment.1,381)..id(Bmr013.segment.1,383)"/>
      <nite:child href="Bmr013.F.segs.xml#id(Bmr013.segment.1,384)"/>
      <nite:child href="Bmr013.G.segs.xml#id(Bmr013.segment.1,385)"/>
      <nite:child href="Bmr013.B.segs.xml#id(Bmr013.segment.1,386)"/>
      <nite:child href="Bmr013.G.segs.xml#id(Bmr013.segment.1,387)..id(Bmr013.segment.1,388)"/>
      <nite:child href="Bmr013.C.segs.xml#id(Bmr013.segment.1,389)..id(Bmr013.segment.1,390)"/>
      <nite:child href="Bmr013.G.segs.xml#id(Bmr013.segment.1,391)"/>
      <nite:child href="Bmr013.B.segs.xml#id(Bmr013.segment.1,392)"/>
      <nite:child href="Bmr013.C.segs.xml#id(Bmr013.segment.1,394)"/>
      <nite:child href="Bmr013.G.segs.xml#id(Bmr013.segment.1,393)..id(Bmr013.segment.1,401)"/>
      <nite:child href="Bmr013.D.segs.xml#id(Bmr013.segment.1,402)"/>
      <nite:child href="Bmr013.G.segs.xml#id(Bmr013.segment.1,403)..id(Bmr013.segment.1,409)"/>
      <nite:child href="Bmr013.B.segs.xml#id(Bmr013.segment.1,410)"/>
      <nite:child href="Bmr013.G.segs.xml#id(Bmr013.segment.1,411)..id(Bmr013.segment.1,413)"/>
      <nite:child href="Bmr013.B.segs.xml#id(Bmr013.segment.1,414)..id(Bmr013.segment.1,419)"/>
      <nite:child href="Bmr013.G.segs.xml#id(Bmr013.segment.1,420)..id(Bmr013.segment.1,421)"/>
      <nite:child href="Bmr013.E.segs.xml#id(Bmr013.segment.1,422)..id(Bmr013.segment.1,424)"/>
      <nite:child href="Bmr013.G.segs.xml#id(Bmr013.segment.1,425)"/>
      <nite:child href="Bmr013.B.segs.xml#id(Bmr013.segment.1,426)"/>
      <nite:child href="Bmr013.E.segs.xml#id(Bmr013.segment.1,427)"/>
      <nite:child href="Bmr013.B.segs.xml#id(Bmr013.segment.1,428)"/>
      <nite:child href="Bmr013.E.segs.xml#id(Bmr013.segment.1,429)..id(Bmr013.segment.1,432)"/>
      <nite:child href="Bmr013.G.segs.xml#id(Bmr013.segment.1,433)"/>
      <nite:child href="Bmr013.D.segs.xml#id(Bmr013.segment.1,434)"/>
      <nite:child href="Bmr013.G.segs.xml#id(Bmr013.segment.1,435)..id(Bmr013.segment.1,436)"/>
      <nite:child href="Bmr013.F.segs.xml#id(Bmr013.segment.1,437)"/>
      <nite:child href="Bmr013.E.segs.xml#id(Bmr013.segment.1,438)"/>
      <nite:child href="Bmr013.G.segs.xml#id(Bmr013.segment.1,439)"/>
      <nite:child href="Bmr013.B.segs.xml#id(Bmr013.segment.1,440)"/>
      <nite:child href="Bmr013.G.segs.xml#id(Bmr013.segment.1,441)..id(Bmr013.segment.1,443)"/>
      <nite:child href="Bmr013.A.segs.xml#id(Bmr013.segment.1,444)"/>
      <nite:child href="Bmr013.G.segs.xml#id(Bmr013.segment.1,445)"/>
      <nite:child href="Bmr013.A.segs.xml#id(Bmr013.segment.1,446)..id(Bmr013.segment.1,447)"/>
      <nite:child href="Bmr013.G.segs.xml#id(Bmr013.segment.1,449)"/>
      <nite:child href="Bmr013.A.segs.xml#id(Bmr013.segment.1,448)"/>
      <nite:child href="Bmr013.B.segs.xml#id(Bmr013.segment.1,450)"/>
      <nite:child href="Bmr013.A.segs.xml#id(Bmr013.segment.1,451)"/>
      <nite:child href="Bmr013.G.segs.xml#id(Bmr013.segment.1,452)"/>
      <nite:child href="Bmr013.B.segs.xml#id(Bmr013.segment.1,453)"/>
      <nite:child href="Bmr013.A.segs.xml#id(Bmr013.segment.1,454)"/>
      <nite:child href="Bmr013.G.segs.xml#id(Bmr013.segment.1,455)..id(Bmr013.segment.1,456)"/>
      <nite:child href="Bmr013.B.segs.xml#id(Bmr013.segment.1,457)"/>
      <nite:child href="Bmr013.A.segs.xml#id(Bmr013.segment.1,458)"/>
      <nite:child href="Bmr013.G.segs.xml#id(Bmr013.segment.1,459)..id(Bmr013.segment.1,461)"/>
      <nite:child href="Bmr013.A.segs.xml#id(Bmr013.segment.1,462)"/>
      <nite:child href="Bmr013.G.segs.xml#id(Bmr013.segment.1,463)"/>
      <nite:child href="Bmr013.A.segs.xml#id(Bmr013.segment.1,464)"/>
      <nite:child href="Bmr013.G.segs.xml#id(Bmr013.segment.1,465)"/>
      <nite:child href="Bmr013.C.segs.xml#id(Bmr013.segment.1,466)"/>
   </topic>
   <topic nite:id="Bmr013.topic.7">
      <nite:child href="Bmr013.C.segs.xml#id(Bmr013.segment.1,467)"/>
      <nite:child href="Bmr013.B.segs.xml#id(Bmr013.segment.1,468)"/>
      <nite:child href="Bmr013.C.segs.xml#id(Bmr013.segment.1,469)"/>
      <nite:child href="Bmr013.B.segs.xml#id(Bmr013.segment.1,470)"/>
      <nite:child href="Bmr013.F.segs.xml#id(Bmr013.segment.1,471)"/>
      <nite:child href="Bmr013.B.segs.xml#id(Bmr013.segment.1,472)..id(Bmr013.segment.1,473)"/>
      <nite:child href="Bmr013.C.segs.xml#id(Bmr013.segment.1,474)"/>
      <nite:child href="Bmr013.D.segs.xml#id(Bmr013.segment.1,475)"/>
      <nite:child href="Bmr013.F.segs.xml#id(Bmr013.segment.1,476)"/>
      <nite:child href="Bmr013.D.segs.xml#id(Bmr013.segment.1,477)"/>
      <nite:child href="Bmr013.G.segs.xml#id(Bmr013.segment.1,478)"/>
      <nite:child href="Bmr013.C.segs.xml#id(Bmr013.segment.1,479)"/>
      <nite:child href="Bmr013.F.segs.xml#id(Bmr013.segment.1,480)"/>
      <nite:child href="Bmr013.G.segs.xml#id(Bmr013.segment.1,481)"/>
      <nite:child href="Bmr013.C.segs.xml#id(Bmr013.segment.1,482)"/>
      <nite:child href="Bmr013.B.segs.xml#id(Bmr013.segment.1,483)"/>
      <nite:child href="Bmr013.D.segs.xml#id(Bmr013.segment.1,484)"/>
      <nite:child href="Bmr013.F.segs.xml#id(Bmr013.segment.1,485)"/>
      <nite:child href="Bmr013.G.segs.xml#id(Bmr013.segment.1,486)"/>
      <nite:child href="Bmr013.F.segs.xml#id(Bmr013.segment.1,487)..id(Bmr013.segment.1,488)"/>
      <nite:child href="Bmr013.G.segs.xml#id(Bmr013.segment.1,489)"/>
      <nite:child href="Bmr013.F.segs.xml#id(Bmr013.segment.1,490)..id(Bmr013.segment.1,492)"/>
      <nite:child href="Bmr013.G.segs.xml#id(Bmr013.segment.1,493)"/>
      <nite:child href="Bmr013.F.segs.xml#id(Bmr013.segment.1,494)..id(Bmr013.segment.1,497)"/>
      <nite:child href="Bmr013.G.segs.xml#id(Bmr013.segment.1,498)"/>
      <nite:child href="Bmr013.F.segs.xml#id(Bmr013.segment.1,499)"/>
      <nite:child href="Bmr013.G.segs.xml#id(Bmr013.segment.1,500)"/>
      <nite:child href="Bmr013.C.segs.xml#id(Bmr013.segment.1,501)"/>
      <nite:child href="Bmr013.F.segs.xml#id(Bmr013.segment.1,502)..id(Bmr013.segment.1,503)"/>
      <nite:child href="Bmr013.D.segs.xml#id(Bmr013.segment.1,504)"/>
      <nite:child href="Bmr013.F.segs.xml#id(Bmr013.segment.1,505)..id(Bmr013.segment.1,506)"/>
      <nite:child href="Bmr013.C.segs.xml#id(Bmr013.segment.1,507)"/>
      <nite:child href="Bmr013.F.segs.xml#id(Bmr013.segment.1,508)"/>
      <nite:child href="Bmr013.D.segs.xml#id(Bmr013.segment.1,509)"/>
      <nite:child href="Bmr013.F.segs.xml#id(Bmr013.segment.1,510)..id(Bmr013.segment.1,514)"/>
      <nite:child href="Bmr013.D.segs.xml#id(Bmr013.segment.1,515)"/>
      <nite:child href="Bmr013.F.segs.xml#id(Bmr013.segment.1,516)..id(Bmr013.segment.1,520)"/>
      <nite:child href="Bmr013.B.segs.xml#id(Bmr013.segment.1,521)"/>
      <nite:child href="Bmr013.F.segs.xml#id(Bmr013.segment.1,522)..id(Bmr013.segment.1,523)"/>
      <nite:child href="Bmr013.E.segs.xml#id(Bmr013.segment.1,524)"/>
      <nite:child href="Bmr013.B.segs.xml#id(Bmr013.segment.1,525)..id(Bmr013.segment.1,526)"/>
      <nite:child href="Bmr013.F.segs.xml#id(Bmr013.segment.1,527)"/>
      <nite:child href="Bmr013.C.segs.xml#id(Bmr013.segment.1,528)"/>
      <nite:child href="Bmr013.D.segs.xml#id(Bmr013.segment.1,529)"/>
      <nite:child href="Bmr013.F.segs.xml#id(Bmr013.segment.1,530)"/>
      <nite:child href="Bmr013.G.segs.xml#id(Bmr013.segment.1,531)"/>
      <nite:child href="Bmr013.C.segs.xml#id(Bmr013.segment.1,532)"/>
      <nite:child href="Bmr013.G.segs.xml#id(Bmr013.segment.1,533)"/>
      <nite:child href="Bmr013.B.segs.xml#id(Bmr013.segment.1,534)"/>
      <nite:child href="Bmr013.F.segs.xml#id(Bmr013.segment.1,535)"/>
      <nite:child href="Bmr013.C.segs.xml#id(Bmr013.segment.1,537)"/>
      <nite:child href="Bmr013.G.segs.xml#id(Bmr013.segment.1,536)..id(Bmr013.segment.1,538)"/>
      <nite:child href="Bmr013.B.segs.xml#id(Bmr013.segment.1,539)"/>
      <nite:child href="Bmr013.F.segs.xml#id(Bmr013.segment.1,540)"/>
      <nite:child href="Bmr013.G.segs.xml#id(Bmr013.segment.1,541)"/>
      <nite:child href="Bmr013.B.segs.xml#id(Bmr013.segment.1,542)"/>
      <nite:child href="Bmr013.F.segs.xml#id(Bmr013.segment.1,543)"/>
      <nite:child href="Bmr013.C.segs.xml#id(Bmr013.segment.1,544)"/>
      <nite:child href="Bmr013.D.segs.xml#id(Bmr013.segment.1,545)"/>
      <nite:child href="Bmr013.E.segs.xml#id(Bmr013.segment.1,546)"/>
      <nite:child href="Bmr013.D.segs.xml#id(Bmr013.segment.1,547)"/>
      <nite:child href="Bmr013.B.segs.xml#id(Bmr013.segment.1,548)"/>
      <nite:child href="Bmr013.G.segs.xml#id(Bmr013.segment.1,549)"/>
      <nite:child href="Bmr013.F.segs.xml#id(Bmr013.segment.1,550)"/>
      <nite:child href="Bmr013.G.segs.xml#id(Bmr013.segment.1,551)"/>
      <nite:child href="Bmr013.C.segs.xml#id(Bmr013.segment.1,552)"/>
      <nite:child href="Bmr013.F.segs.xml#id(Bmr013.segment.1,554)"/>
      <nite:child href="Bmr013.C.segs.xml#id(Bmr013.segment.1,553)..id(Bmr013.segment.1,555)"/>
      <nite:child href="Bmr013.B.segs.xml#id(Bmr013.segment.1,556)"/>
      <nite:child href="Bmr013.F.segs.xml#id(Bmr013.segment.1,557)"/>
      <nite:child href="Bmr013.C.segs.xml#id(Bmr013.segment.1,558)"/>
      <nite:child href="Bmr013.A.segs.xml#id(Bmr013.segment.1,559)"/>
      <nite:child href="Bmr013.F.segs.xml#id(Bmr013.segment.1,560)"/>
      <nite:child href="Bmr013.B.segs.xml#id(Bmr013.segment.1,561)"/>
      <nite:child href="Bmr013.E.segs.xml#id(Bmr013.segment.1,562)"/>
      <nite:child href="Bmr013.G.segs.xml#id(Bmr013.segment.1,563)"/>
      <nite:child href="Bmr013.A.segs.xml#id(Bmr013.segment.1,564)"/>
      <nite:child href="Bmr013.B.segs.xml#id(Bmr013.segment.1,565)"/>
      <nite:child href="Bmr013.C.segs.xml#id(Bmr013.segment.1,566)"/>
      <nite:child href="Bmr013.D.segs.xml#id(Bmr013.segment.1,567)"/>
      <nite:child href="Bmr013.E.segs.xml#id(Bmr013.segment.1,568)"/>
      <nite:child href="Bmr013.B.segs.xml#id(Bmr013.segment.1,569)"/>
      <nite:child href="Bmr013.F.segs.xml#id(Bmr013.segment.1,570)"/>
      <nite:child href="Bmr013.A.segs.xml#id(Bmr013.segment.1,571)"/>
      <nite:child href="Bmr013.G.segs.xml#id(Bmr013.segment.1,572)"/>
      <nite:child href="Bmr013.F.segs.xml#id(Bmr013.segment.1,573)"/>
      <nite:child href="Bmr013.E.segs.xml#id(Bmr013.segment.1,574)"/>
      <nite:child href="Bmr013.G.segs.xml#id(Bmr013.segment.1,575)"/>
      <nite:child href="Bmr013.C.segs.xml#id(Bmr013.segment.1,576)"/>
      <nite:child href="Bmr013.F.segs.xml#id(Bmr013.segment.1,577)"/>
      <nite:child href="Bmr013.D.segs.xml#id(Bmr013.segment.1,579)"/>
      <nite:child href="Bmr013.C.segs.xml#id(Bmr013.segment.1,578)"/>
      <nite:child href="Bmr013.G.segs.xml#id(Bmr013.segment.1,580)"/>
      <nite:child href="Bmr013.E.segs.xml#id(Bmr013.segment.1,581)"/>
      <nite:child href="Bmr013.F.segs.xml#id(Bmr013.segment.1,582)"/>
      <nite:child href="Bmr013.B.segs.xml#id(Bmr013.segment.1,583)"/>
      <nite:child href="Bmr013.C.segs.xml#id(Bmr013.segment.1,584)"/>
      <nite:child href="Bmr013.F.segs.xml#id(Bmr013.segment.1,585)"/>
      <nite:child href="Bmr013.A.segs.xml#id(Bmr013.segment.1,586)"/>
      <nite:child href="Bmr013.D.segs.xml#id(Bmr013.segment.1,587)"/>
      <nite:child href="Bmr013.F.segs.xml#id(Bmr013.segment.1,588)"/>
   </topic>
   <topic nite:id="Bmr013.topic.8" description="digits">
      <nite:child href="Bmr013.C.segs.xml#id(Bmr013.segment.1,589)"/>
      <nite:child href="Bmr013.F.segs.xml#id(Bmr013.segment.1,590)"/>
      <nite:child href="Bmr013.C.segs.xml#id(Bmr013.segment.1,591)..id(Bmr013.segment.1,612)"/>
      <nite:child href="Bmr013.D.segs.xml#id(Bmr013.segment.1,613)..id(Bmr013.segment.1,615)"/>
      <nite:child href="Bmr013.A.segs.xml#id(Bmr013.segment.1,616)"/>
      <nite:child href="Bmr013.D.segs.xml#id(Bmr013.segment.1,617)..id(Bmr013.segment.1,634)"/>
      <nite:child href="Bmr013.F.segs.xml#id(Bmr013.segment.1,635)..id(Bmr013.segment.1,644)"/>
      <nite:child href="Bmr013.C.segs.xml#id(Bmr013.segment.1,645)"/>
      <nite:child href="Bmr013.F.segs.xml#id(Bmr013.segment.1,646)..id(Bmr013.segment.1,656)"/>
      <nite:child href="Bmr013.G.segs.xml#id(Bmr013.segment.1,657)..id(Bmr013.segment.1,678)"/>
      <nite:child href="Bmr013.F.segs.xml#id(Bmr013.segment.1,679)"/>
      <nite:child href="Bmr013.A.segs.xml#id(Bmr013.segment.1,680)"/>
      <nite:child href="Bmr013.B.segs.xml#id(Bmr013.segment.1,681)"/>
      <nite:child href="Bmr013.A.segs.xml#id(Bmr013.segment.1,682)"/>
      <nite:child href="Bmr013.B.segs.xml#id(Bmr013.segment.1,683)..id(Bmr013.segment.1,702)"/>
      <nite:child href="Bmr013.A.segs.xml#id(Bmr013.segment.1,703)..id(Bmr013.segment.1,705)"/>
      <nite:child href="Bmr013.E.segs.xml#id(Bmr013.segment.1,706)"/>
      <nite:child href="Bmr013.A.segs.xml#id(Bmr013.segment.1,707)..id(Bmr013.segment.1,724)"/>
      <nite:child href="Bmr013.E.segs.xml#id(Bmr013.segment.1,725)..id(Bmr013.segment.1,744)"/>
      <nite:child href="Bmr013.B.segs.xml#id(Bmr013.segment.1,745)"/>
      <nite:child href="Bmr013.E.segs.xml#id(Bmr013.segment.1,746)..id(Bmr013.segment.1,749)"/>
      <nite:child href="Bmr013.F.segs.xml#id(Bmr013.segment.1,750)"/>
      <nite:child href="Bmr013.C.segs.xml#id(Bmr013.segment.1,751)"/>
      <nite:child href="Bmr013.G.segs.xml#id(Bmr013.segment.1,752)..id(Bmr013.segment.1,753)"/>
      <nite:child href="Bmr013.E.segs.xml#id(Bmr013.segment.1,754)"/>
      <nite:child href="Bmr013.B.segs.xml#id(Bmr013.segment.1,755)"/>
   </topic>
</nite:root>