<?xml version="1.0" encoding="ISO-8859-1" standalone="yes"?>
<nite:root nite:id="Bmr026.topic" xmlns:nite="http://nite.sourceforge.net/">
   <topic nite:id="Bmr026.topic.1">
      <nite:child href="Bmr026.B.segs.xml#id(Bmr026.segment.1)"/>
      <nite:child href="Bmr026.A.segs.xml#id(Bmr026.segment.2)..id(Bmr026.segment.5)"/>
      <nite:child href="Bmr026.B.segs.xml#id(Bmr026.segment.6)"/>
      <nite:child href="Bmr026.A.segs.xml#id(Bmr026.segment.7)"/>
      <nite:child href="Bmr026.D.segs.xml#id(Bmr026.segment.8)"/>
      <nite:child href="Bmr026.A.segs.xml#id(Bmr026.segment.9)"/>
      <nite:child href="Bmr026.C.segs.xml#id(Bmr026.segment.10)"/>
      <nite:child href="Bmr026.A.segs.xml#id(Bmr026.segment.11)"/>
      <nite:child href="Bmr026.F.segs.xml#id(Bmr026.segment.12)"/>
      <nite:child href="Bmr026.C.segs.xml#id(Bmr026.segment.13)..id(Bmr026.segment.14)"/>
      <nite:child href="Bmr026.F.segs.xml#id(Bmr026.segment.15)"/>
      <nite:child href="Bmr026.D.segs.xml#id(Bmr026.segment.16)..id(Bmr026.segment.17)"/>
      <nite:child href="Bmr026.F.segs.xml#id(Bmr026.segment.18)"/>
      <nite:child href="Bmr026.C.segs.xml#id(Bmr026.segment.19)"/>
      <nite:child href="Bmr026.A.segs.xml#id(Bmr026.segment.20)"/>
      <nite:child href="Bmr026.F.segs.xml#id(Bmr026.segment.21)"/>
      <nite:child href="Bmr026.E.segs.xml#id(Bmr026.segment.23)"/>
      <nite:child href="Bmr026.F.segs.xml#id(Bmr026.segment.22)..id(Bmr026.segment.24)"/>
      <nite:child href="Bmr026.A.segs.xml#id(Bmr026.segment.25)"/>
      <nite:child href="Bmr026.F.segs.xml#id(Bmr026.segment.26)..id(Bmr026.segment.30)"/>
      <nite:child href="Bmr026.C.segs.xml#id(Bmr026.segment.31)"/>
      <nite:child href="Bmr026.F.segs.xml#id(Bmr026.segment.32)..id(Bmr026.segment.33)"/>
      <nite:child href="Bmr026.D.segs.xml#id(Bmr026.segment.34)"/>
      <nite:child href="Bmr026.E.segs.xml#id(Bmr026.segment.35)"/>
      <nite:child href="Bmr026.D.segs.xml#id(Bmr026.segment.36)"/>
      <nite:child href="Bmr026.F.segs.xml#id(Bmr026.segment.37)"/>
      <nite:child href="Bmr026.E.segs.xml#id(Bmr026.segment.38)"/>
      <nite:child href="Bmr026.F.segs.xml#id(Bmr026.segment.39)..id(Bmr026.segment.40)"/>
      <nite:child href="Bmr026.C.segs.xml#id(Bmr026.segment.41)"/>
      <nite:child href="Bmr026.E.segs.xml#id(Bmr026.segment.42)"/>
      <nite:child href="Bmr026.D.segs.xml#id(Bmr026.segment.43)"/>
      <nite:child href="Bmr026.F.segs.xml#id(Bmr026.segment.44)"/>
      <nite:child href="Bmr026.B.segs.xml#id(Bmr026.segment.45)"/>
      <nite:child href="Bmr026.E.segs.xml#id(Bmr026.segment.46)"/>
      <nite:child href="Bmr026.D.segs.xml#id(Bmr026.segment.47)"/>
      <nite:child href="Bmr026.A.segs.xml#id(Bmr026.segment.48)"/>
      <nite:child href="Bmr026.F.segs.xml#id(Bmr026.segment.49)..id(Bmr026.segment.51)"/>
      <nite:child href="Bmr026.D.segs.xml#id(Bmr026.segment.52)"/>
      <nite:child href="Bmr026.A.segs.xml#id(Bmr026.segment.50)"/>
      <nite:child href="Bmr026.D.segs.xml#id(Bmr026.segment.53)..id(Bmr026.segment.54)"/>
      <nite:child href="Bmr026.F.segs.xml#id(Bmr026.segment.55)"/>
      <nite:child href="Bmr026.E.segs.xml#id(Bmr026.segment.56)"/>
      <nite:child href="Bmr026.D.segs.xml#id(Bmr026.segment.57)"/>
      <nite:child href="Bmr026.F.segs.xml#id(Bmr026.segment.58)"/>
      <nite:child href="Bmr026.E.segs.xml#id(Bmr026.segment.59)"/>
      <nite:child href="Bmr026.D.segs.xml#id(Bmr026.segment.60)..id(Bmr026.segment.62)"/>
      <nite:child href="Bmr026.C.segs.xml#id(Bmr026.segment.63)"/>
      <nite:child href="Bmr026.D.segs.xml#id(Bmr026.segment.64)..id(Bmr026.segment.66)"/>
      <nite:child href="Bmr026.E.segs.xml#id(Bmr026.segment.67)"/>
      <nite:child href="Bmr026.A.segs.xml#id(Bmr026.segment.68)"/>
      <nite:child href="Bmr026.D.segs.xml#id(Bmr026.segment.69)"/>
      <nite:child href="Bmr026.A.segs.xml#id(Bmr026.segment.70)"/>
      <nite:child href="Bmr026.D.segs.xml#id(Bmr026.segment.71)"/>
      <nite:child href="Bmr026.B.segs.xml#id(Bmr026.segment.72)"/>
      <nite:child href="Bmr026.D.segs.xml#id(Bmr026.segment.73)..id(Bmr026.segment.74)"/>
      <nite:child href="Bmr026.B.segs.xml#id(Bmr026.segment.75)"/>
      <nite:child href="Bmr026.D.segs.xml#id(Bmr026.segment.76)"/>
      <nite:child href="Bmr026.C.segs.xml#id(Bmr026.segment.77)..id(Bmr026.segment.78)"/>
      <nite:child href="Bmr026.D.segs.xml#id(Bmr026.segment.79)..id(Bmr026.segment.82)"/>
      <nite:child href="Bmr026.B.segs.xml#id(Bmr026.segment.83)"/>
      <nite:child href="Bmr026.D.segs.xml#id(Bmr026.segment.84)..id(Bmr026.segment.85)"/>
      <nite:child href="Bmr026.A.segs.xml#id(Bmr026.segment.86)"/>
      <nite:child href="Bmr026.D.segs.xml#id(Bmr026.segment.87)"/>
      <nite:child href="Bmr026.C.segs.xml#id(Bmr026.segment.88)"/>
      <nite:child href="Bmr026.D.segs.xml#id(Bmr026.segment.89)"/>
      <nite:child href="Bmr026.B.segs.xml#id(Bmr026.segment.90)"/>
      <nite:child href="Bmr026.D.segs.xml#id(Bmr026.segment.91)"/>
      <nite:child href="Bmr026.B.segs.xml#id(Bmr026.segment.92)"/>
      <nite:child href="Bmr026.D.segs.xml#id(Bmr026.segment.93)"/>
      <nite:child href="Bmr026.B.segs.xml#id(Bmr026.segment.94)"/>
      <nite:child href="Bmr026.D.segs.xml#id(Bmr026.segment.95)..id(Bmr026.segment.96)"/>
      <nite:child href="Bmr026.B.segs.xml#id(Bmr026.segment.97)"/>
      <nite:child href="Bmr026.D.segs.xml#id(Bmr026.segment.98)"/>
      <nite:child href="Bmr026.F.segs.xml#id(Bmr026.segment.99)"/>
      <nite:child href="Bmr026.B.segs.xml#id(Bmr026.segment.100)"/>
      <nite:child href="Bmr026.A.segs.xml#id(Bmr026.segment.101)"/>
      <nite:child href="Bmr026.F.segs.xml#id(Bmr026.segment.102)"/>
      <nite:child href="Bmr026.A.segs.xml#id(Bmr026.segment.103)"/>
      <nite:child href="Bmr026.F.segs.xml#id(Bmr026.segment.104)"/>
      <nite:child href="Bmr026.A.segs.xml#id(Bmr026.segment.105)"/>
      <nite:child href="Bmr026.F.segs.xml#id(Bmr026.segment.106)"/>
   </topic>
   <topic nite:id="Bmr026.topic.2">
      <nite:child href="Bmr026.A.segs.xml#id(Bmr026.segment.107)"/>
      <nite:child href="Bmr026.B.segs.xml#id(Bmr026.segment.108)"/>
      <nite:child href="Bmr026.A.segs.xml#id(Bmr026.segment.109)"/>
      <nite:child href="Bmr026.F.segs.xml#id(Bmr026.segment.110)"/>
      <nite:child href="Bmr026.A.segs.xml#id(Bmr026.segment.111)"/>
      <nite:child href="Bmr026.B.segs.xml#id(Bmr026.segment.112)"/>
      <nite:child href="Bmr026.A.segs.xml#id(Bmr026.segment.113)..id(Bmr026.segment.115)"/>
      <nite:child href="Bmr026.C.segs.xml#id(Bmr026.segment.114)"/>
      <nite:child href="Bmr026.A.segs.xml#id(Bmr026.segment.116)"/>
      <nite:child href="Bmr026.C.segs.xml#id(Bmr026.segment.117)"/>
      <nite:child href="Bmr026.A.segs.xml#id(Bmr026.segment.118)"/>
      <nite:child href="Bmr026.C.segs.xml#id(Bmr026.segment.119)"/>
      <nite:child href="Bmr026.F.segs.xml#id(Bmr026.segment.120)"/>
      <nite:child href="Bmr026.B.segs.xml#id(Bmr026.segment.121)"/>
      <nite:child href="Bmr026.C.segs.xml#id(Bmr026.segment.122)"/>
      <nite:child href="Bmr026.F.segs.xml#id(Bmr026.segment.123)"/>
      <nite:child href="Bmr026.A.segs.xml#id(Bmr026.segment.124)..id(Bmr026.segment.125)"/>
      <nite:child href="Bmr026.F.segs.xml#id(Bmr026.segment.126)..id(Bmr026.segment.127)"/>
      <nite:child href="Bmr026.A.segs.xml#id(Bmr026.segment.128)"/>
      <nite:child href="Bmr026.F.segs.xml#id(Bmr026.segment.129)"/>
      <nite:child href="Bmr026.A.segs.xml#id(Bmr026.segment.130)"/>
   </topic>
   <topic nite:id="Bmr026.topic.3">
      <nite:child href="Bmr026.E.segs.xml#id(Bmr026.segment.131)"/>
      <nite:child href="Bmr026.A.segs.xml#id(Bmr026.segment.132)"/>
      <nite:child href="Bmr026.E.segs.xml#id(Bmr026.segment.133)"/>
      <nite:child href="Bmr026.A.segs.xml#id(Bmr026.segment.134)..id(Bmr026.segment.137)"/>
      <nite:child href="Bmr026.E.segs.xml#id(Bmr026.segment.138)"/>
      <nite:child href="Bmr026.A.segs.xml#id(Bmr026.segment.139)"/>
      <nite:child href="Bmr026.B.segs.xml#id(Bmr026.segment.140)"/>
      <nite:child href="Bmr026.A.segs.xml#id(Bmr026.segment.141)"/>
      <nite:child href="Bmr026.B.segs.xml#id(Bmr026.segment.142)"/>
      <nite:child href="Bmr026.E.segs.xml#id(Bmr026.segment.143)"/>
      <nite:child href="Bmr026.A.segs.xml#id(Bmr026.segment.144)"/>
      <nite:child href="Bmr026.F.segs.xml#id(Bmr026.segment.145)"/>
      <nite:child href="Bmr026.D.segs.xml#id(Bmr026.segment.146)"/>
      <nite:child href="Bmr026.B.segs.xml#id(Bmr026.segment.147)"/>
      <nite:child href="Bmr026.A.segs.xml#id(Bmr026.segment.148)"/>
      <nite:child href="Bmr026.E.segs.xml#id(Bmr026.segment.149)"/>
      <nite:child href="Bmr026.A.segs.xml#id(Bmr026.segment.150)"/>
      <nite:child href="Bmr026.E.segs.xml#id(Bmr026.segment.151)"/>
      <nite:child href="Bmr026.B.segs.xml#id(Bmr026.segment.152)"/>
      <nite:child href="Bmr026.E.segs.xml#id(Bmr026.segment.153)..id(Bmr026.segment.154)"/>
      <nite:child href="Bmr026.A.segs.xml#id(Bmr026.segment.155)..id(Bmr026.segment.156)"/>
      <nite:child href="Bmr026.E.segs.xml#id(Bmr026.segment.157)..id(Bmr026.segment.158)"/>
      <nite:child href="Bmr026.B.segs.xml#id(Bmr026.segment.159)"/>
      <nite:child href="Bmr026.E.segs.xml#id(Bmr026.segment.160)"/>
      <nite:child href="Bmr026.A.segs.xml#id(Bmr026.segment.161)"/>
      <nite:child href="Bmr026.E.segs.xml#id(Bmr026.segment.162)"/>
      <nite:child href="Bmr026.C.segs.xml#id(Bmr026.segment.163)..id(Bmr026.segment.164)"/>
      <nite:child href="Bmr026.D.segs.xml#id(Bmr026.segment.165)..id(Bmr026.segment.167)"/>
      <nite:child href="Bmr026.C.segs.xml#id(Bmr026.segment.168)..id(Bmr026.segment.169)"/>
      <nite:child href="Bmr026.D.segs.xml#id(Bmr026.segment.171)"/>
      <nite:child href="Bmr026.A.segs.xml#id(Bmr026.segment.170)..id(Bmr026.segment.172)"/>
      <nite:child href="Bmr026.C.segs.xml#id(Bmr026.segment.173)"/>
      <nite:child href="Bmr026.D.segs.xml#id(Bmr026.segment.174)"/>
      <nite:child href="Bmr026.C.segs.xml#id(Bmr026.segment.175)..id(Bmr026.segment.177)"/>
      <nite:child href="Bmr026.A.segs.xml#id(Bmr026.segment.178)"/>
      <nite:child href="Bmr026.C.segs.xml#id(Bmr026.segment.179)..id(Bmr026.segment.181)"/>
      <nite:child href="Bmr026.A.segs.xml#id(Bmr026.segment.180)..id(Bmr026.segment.182)"/>
      <nite:child href="Bmr026.D.segs.xml#id(Bmr026.segment.183)"/>
      <nite:child href="Bmr026.C.segs.xml#id(Bmr026.segment.184)..id(Bmr026.segment.185)"/>
      <nite:child href="Bmr026.F.segs.xml#id(Bmr026.segment.186)"/>
      <nite:child href="Bmr026.A.segs.xml#id(Bmr026.segment.187)"/>
      <nite:child href="Bmr026.D.segs.xml#id(Bmr026.segment.188)..id(Bmr026.segment.189)"/>
      <nite:child href="Bmr026.C.segs.xml#id(Bmr026.segment.190)"/>
      <nite:child href="Bmr026.A.segs.xml#id(Bmr026.segment.191)"/>
      <nite:child href="Bmr026.D.segs.xml#id(Bmr026.segment.192)"/>
      <nite:child href="Bmr026.F.segs.xml#id(Bmr026.segment.193)..id(Bmr026.segment.194)"/>
      <nite:child href="Bmr026.C.segs.xml#id(Bmr026.segment.195)..id(Bmr026.segment.196)"/>
      <nite:child href="Bmr026.B.segs.xml#id(Bmr026.segment.197)..id(Bmr026.segment.198)"/>
      <nite:child href="Bmr026.E.segs.xml#id(Bmr026.segment.199)..id(Bmr026.segment.200)"/>
      <nite:child href="Bmr026.C.segs.xml#id(Bmr026.segment.201)"/>
      <nite:child href="Bmr026.E.segs.xml#id(Bmr026.segment.202)"/>
      <nite:child href="Bmr026.D.segs.xml#id(Bmr026.segment.203)"/>
      <nite:child href="Bmr026.E.segs.xml#id(Bmr026.segment.204)"/>
      <nite:child href="Bmr026.D.segs.xml#id(Bmr026.segment.205)"/>
      <nite:child href="Bmr026.C.segs.xml#id(Bmr026.segment.206)"/>
      <nite:child href="Bmr026.E.segs.xml#id(Bmr026.segment.207)"/>
      <nite:child href="Bmr026.D.segs.xml#id(Bmr026.segment.208)"/>
      <nite:child href="Bmr026.E.segs.xml#id(Bmr026.segment.209)"/>
      <nite:child href="Bmr026.B.segs.xml#id(Bmr026.segment.210)"/>
      <nite:child href="Bmr026.A.segs.xml#id(Bmr026.segment.211)"/>
      <nite:child href="Bmr026.D.segs.xml#id(Bmr026.segment.212)"/>
      <nite:child href="Bmr026.E.segs.xml#id(Bmr026.segment.213)"/>
      <nite:child href="Bmr026.C.segs.xml#id(Bmr026.segment.214)"/>
      <nite:child href="Bmr026.D.segs.xml#id(Bmr026.segment.215)..id(Bmr026.segment.217)"/>
      <nite:child href="Bmr026.E.segs.xml#id(Bmr026.segment.218)"/>
      <nite:child href="Bmr026.A.segs.xml#id(Bmr026.segment.219)"/>
      <nite:child href="Bmr026.C.segs.xml#id(Bmr026.segment.220)..id(Bmr026.segment.221)"/>
      <nite:child href="Bmr026.E.segs.xml#id(Bmr026.segment.222)"/>
      <nite:child href="Bmr026.A.segs.xml#id(Bmr026.segment.223)"/>
      <nite:child href="Bmr026.C.segs.xml#id(Bmr026.segment.224)"/>
      <nite:child href="Bmr026.A.segs.xml#id(Bmr026.segment.225)..id(Bmr026.segment.226)"/>
      <nite:child href="Bmr026.E.segs.xml#id(Bmr026.segment.227)"/>
      <nite:child href="Bmr026.F.segs.xml#id(Bmr026.segment.228)"/>
      <nite:child href="Bmr026.E.segs.xml#id(Bmr026.segment.229)"/>
      <nite:child href="Bmr026.F.segs.xml#id(Bmr026.segment.230)"/>
      <nite:child href="Bmr026.A.segs.xml#id(Bmr026.segment.231)"/>
      <nite:child href="Bmr026.E.segs.xml#id(Bmr026.segment.232)"/>
      <nite:child href="Bmr026.C.segs.xml#id(Bmr026.segment.234)"/>
      <nite:child href="Bmr026.E.segs.xml#id(Bmr026.segment.233)"/>
      <nite:child href="Bmr026.C.segs.xml#id(Bmr026.segment.235)"/>
      <nite:child href="Bmr026.A.segs.xml#id(Bmr026.segment.236)"/>
      <nite:child href="Bmr026.E.segs.xml#id(Bmr026.segment.237)..id(Bmr026.segment.238)"/>
      <nite:child href="Bmr026.A.segs.xml#id(Bmr026.segment.239)"/>
      <nite:child href="Bmr026.E.segs.xml#id(Bmr026.segment.240)..id(Bmr026.segment.242)"/>
      <nite:child href="Bmr026.D.segs.xml#id(Bmr026.segment.243)"/>
      <nite:child href="Bmr026.E.segs.xml#id(Bmr026.segment.244)"/>
      <nite:child href="Bmr026.B.segs.xml#id(Bmr026.segment.245)"/>
      <nite:child href="Bmr026.E.segs.xml#id(Bmr026.segment.246)"/>
      <nite:child href="Bmr026.B.segs.xml#id(Bmr026.segment.247)..id(Bmr026.segment.248)"/>
      <nite:child href="Bmr026.D.segs.xml#id(Bmr026.segment.249)"/>
      <nite:child href="Bmr026.B.segs.xml#id(Bmr026.segment.250)"/>
      <nite:child href="Bmr026.E.segs.xml#id(Bmr026.segment.251)"/>
      <nite:child href="Bmr026.B.segs.xml#id(Bmr026.segment.252)..id(Bmr026.segment.254)"/>
      <nite:child href="Bmr026.E.segs.xml#id(Bmr026.segment.255)"/>
      <nite:child href="Bmr026.D.segs.xml#id(Bmr026.segment.256)"/>
      <nite:child href="Bmr026.B.segs.xml#id(Bmr026.segment.257)"/>
   </topic>
   <topic nite:id="Bmr026.topic.4">
      <nite:child href="Bmr026.A.segs.xml#id(Bmr026.segment.258)..id(Bmr026.segment.260)"/>
      <nite:child href="Bmr026.C.segs.xml#id(Bmr026.segment.261)"/>
      <nite:child href="Bmr026.E.segs.xml#id(Bmr026.segment.262)"/>
      <nite:child href="Bmr026.A.segs.xml#id(Bmr026.segment.263)..id(Bmr026.segment.264)"/>
      <nite:child href="Bmr026.E.segs.xml#id(Bmr026.segment.265)"/>
      <nite:child href="Bmr026.C.segs.xml#id(Bmr026.segment.266)"/>
      <nite:child href="Bmr026.F.segs.xml#id(Bmr026.segment.267)"/>
      <nite:child href="Bmr026.A.segs.xml#id(Bmr026.segment.268)"/>
      <nite:child href="Bmr026.C.segs.xml#id(Bmr026.segment.269)"/>
      <nite:child href="Bmr026.F.segs.xml#id(Bmr026.segment.270)"/>
      <nite:child href="Bmr026.C.segs.xml#id(Bmr026.segment.271)"/>
      <nite:child href="Bmr026.E.segs.xml#id(Bmr026.segment.272)"/>
      <nite:child href="Bmr026.F.segs.xml#id(Bmr026.segment.273)"/>
      <nite:child href="Bmr026.A.segs.xml#id(Bmr026.segment.274)..id(Bmr026.segment.277)"/>
      <nite:child href="Bmr026.B.segs.xml#id(Bmr026.segment.278)"/>
      <nite:child href="Bmr026.F.segs.xml#id(Bmr026.segment.280)"/>
      <nite:child href="Bmr026.A.segs.xml#id(Bmr026.segment.279)"/>
      <nite:child href="Bmr026.D.segs.xml#id(Bmr026.segment.281)"/>
      <nite:child href="Bmr026.B.segs.xml#id(Bmr026.segment.282)"/>
      <nite:child href="Bmr026.A.segs.xml#id(Bmr026.segment.283)..id(Bmr026.segment.284)"/>
      <nite:child href="Bmr026.F.segs.xml#id(Bmr026.segment.285)"/>
      <nite:child href="Bmr026.B.segs.xml#id(Bmr026.segment.286)"/>
      <nite:child href="Bmr026.A.segs.xml#id(Bmr026.segment.287)"/>
      <nite:child href="Bmr026.F.segs.xml#id(Bmr026.segment.288)..id(Bmr026.segment.289)"/>
      <nite:child href="Bmr026.B.segs.xml#id(Bmr026.segment.290)"/>
      <nite:child href="Bmr026.D.segs.xml#id(Bmr026.segment.291)..id(Bmr026.segment.293)"/>
      <nite:child href="Bmr026.A.segs.xml#id(Bmr026.segment.292)"/>
      <nite:child href="Bmr026.F.segs.xml#id(Bmr026.segment.295)"/>
      <nite:child href="Bmr026.A.segs.xml#id(Bmr026.segment.294)"/>
      <nite:child href="Bmr026.D.segs.xml#id(Bmr026.segment.296)"/>
      <nite:child href="Bmr026.C.segs.xml#id(Bmr026.segment.297)"/>
      <nite:child href="Bmr026.A.segs.xml#id(Bmr026.segment.298)..id(Bmr026.segment.299)"/>
      <nite:child href="Bmr026.D.segs.xml#id(Bmr026.segment.300)"/>
      <nite:child href="Bmr026.A.segs.xml#id(Bmr026.segment.301)"/>
      <nite:child href="Bmr026.D.segs.xml#id(Bmr026.segment.302)"/>
      <nite:child href="Bmr026.B.segs.xml#id(Bmr026.segment.303)"/>
      <nite:child href="Bmr026.D.segs.xml#id(Bmr026.segment.304)"/>
      <nite:child href="Bmr026.A.segs.xml#id(Bmr026.segment.305)"/>
      <nite:child href="Bmr026.C.segs.xml#id(Bmr026.segment.306)"/>
      <nite:child href="Bmr026.B.segs.xml#id(Bmr026.segment.307)"/>
      <nite:child href="Bmr026.D.segs.xml#id(Bmr026.segment.308)"/>
      <nite:child href="Bmr026.E.segs.xml#id(Bmr026.segment.309)"/>
      <nite:child href="Bmr026.B.segs.xml#id(Bmr026.segment.310)"/>
      <nite:child href="Bmr026.A.segs.xml#id(Bmr026.segment.311)"/>
      <nite:child href="Bmr026.B.segs.xml#id(Bmr026.segment.312)"/>
      <nite:child href="Bmr026.A.segs.xml#id(Bmr026.segment.313)"/>
      <nite:child href="Bmr026.B.segs.xml#id(Bmr026.segment.314)"/>
      <nite:child href="Bmr026.D.segs.xml#id(Bmr026.segment.315)"/>
      <nite:child href="Bmr026.E.segs.xml#id(Bmr026.segment.316)"/>
      <nite:child href="Bmr026.B.segs.xml#id(Bmr026.segment.317)"/>
      <nite:child href="Bmr026.A.segs.xml#id(Bmr026.segment.318)"/>
      <nite:child href="Bmr026.F.segs.xml#id(Bmr026.segment.319)"/>
      <nite:child href="Bmr026.C.segs.xml#id(Bmr026.segment.320)"/>
      <nite:child href="Bmr026.E.segs.xml#id(Bmr026.segment.321)"/>
      <nite:child href="Bmr026.A.segs.xml#id(Bmr026.segment.322)"/>
      <nite:child href="Bmr026.E.segs.xml#id(Bmr026.segment.323)"/>
      <nite:child href="Bmr026.C.segs.xml#id(Bmr026.segment.324)"/>
      <nite:child href="Bmr026.B.segs.xml#id(Bmr026.segment.325)"/>
      <nite:child href="Bmr026.D.segs.xml#id(Bmr026.segment.327)"/>
      <nite:child href="Bmr026.E.segs.xml#id(Bmr026.segment.326)..id(Bmr026.segment.328)"/>
      <nite:child href="Bmr026.C.segs.xml#id(Bmr026.segment.329)"/>
      <nite:child href="Bmr026.A.segs.xml#id(Bmr026.segment.330)"/>
      <nite:child href="Bmr026.E.segs.xml#id(Bmr026.segment.331)..id(Bmr026.segment.332)"/>
      <nite:child href="Bmr026.A.segs.xml#id(Bmr026.segment.333)..id(Bmr026.segment.334)"/>
      <nite:child href="Bmr026.F.segs.xml#id(Bmr026.segment.335)"/>
      <nite:child href="Bmr026.E.segs.xml#id(Bmr026.segment.336)"/>
      <nite:child href="Bmr026.F.segs.xml#id(Bmr026.segment.337)..id(Bmr026.segment.338)"/>
      <nite:child href="Bmr026.A.segs.xml#id(Bmr026.segment.339)"/>
      <nite:child href="Bmr026.C.segs.xml#id(Bmr026.segment.340)"/>
      <nite:child href="Bmr026.F.segs.xml#id(Bmr026.segment.341)..id(Bmr026.segment.342)"/>
      <nite:child href="Bmr026.D.segs.xml#id(Bmr026.segment.343)..id(Bmr026.segment.345)"/>
      <nite:child href="Bmr026.C.segs.xml#id(Bmr026.segment.346)"/>
      <nite:child href="Bmr026.F.segs.xml#id(Bmr026.segment.347)"/>
      <nite:child href="Bmr026.A.segs.xml#id(Bmr026.segment.348)"/>
      <nite:child href="Bmr026.E.segs.xml#id(Bmr026.segment.349)"/>
      <nite:child href="Bmr026.D.segs.xml#id(Bmr026.segment.350)"/>
      <nite:child href="Bmr026.C.segs.xml#id(Bmr026.segment.351)"/>
      <nite:child href="Bmr026.D.segs.xml#id(Bmr026.segment.352)"/>
      <nite:child href="Bmr026.E.segs.xml#id(Bmr026.segment.353)"/>
      <nite:child href="Bmr026.F.segs.xml#id(Bmr026.segment.354)"/>
      <nite:child href="Bmr026.E.segs.xml#id(Bmr026.segment.355)"/>
      <nite:child href="Bmr026.D.segs.xml#id(Bmr026.segment.356)"/>
      <nite:child href="Bmr026.C.segs.xml#id(Bmr026.segment.357)"/>
      <nite:child href="Bmr026.E.segs.xml#id(Bmr026.segment.358)"/>
      <nite:child href="Bmr026.A.segs.xml#id(Bmr026.segment.359)"/>
      <nite:child href="Bmr026.D.segs.xml#id(Bmr026.segment.360)..id(Bmr026.segment.361)"/>
      <nite:child href="Bmr026.C.segs.xml#id(Bmr026.segment.362)"/>
      <nite:child href="Bmr026.A.segs.xml#id(Bmr026.segment.363)"/>
      <nite:child href="Bmr026.D.segs.xml#id(Bmr026.segment.364)"/>
      <nite:child href="Bmr026.E.segs.xml#id(Bmr026.segment.365)"/>
      <nite:child href="Bmr026.D.segs.xml#id(Bmr026.segment.366)"/>
      <nite:child href="Bmr026.E.segs.xml#id(Bmr026.segment.367)"/>
      <nite:child href="Bmr026.A.segs.xml#id(Bmr026.segment.368)"/>
      <nite:child href="Bmr026.E.segs.xml#id(Bmr026.segment.369)"/>
      <nite:child href="Bmr026.B.segs.xml#id(Bmr026.segment.370)"/>
      <nite:child href="Bmr026.A.segs.xml#id(Bmr026.segment.371)"/>
      <nite:child href="Bmr026.C.segs.xml#id(Bmr026.segment.372)"/>
      <nite:child href="Bmr026.B.segs.xml#id(Bmr026.segment.373)"/>
      <nite:child href="Bmr026.A.segs.xml#id(Bmr026.segment.374)"/>
      <nite:child href="Bmr026.E.segs.xml#id(Bmr026.segment.375)"/>
      <nite:child href="Bmr026.F.segs.xml#id(Bmr026.segment.376)"/>
      <nite:child href="Bmr026.D.segs.xml#id(Bmr026.segment.377)"/>
      <nite:child href="Bmr026.B.segs.xml#id(Bmr026.segment.378)..id(Bmr026.segment.379)"/>
      <nite:child href="Bmr026.A.segs.xml#id(Bmr026.segment.380)"/>
      <nite:child href="Bmr026.C.segs.xml#id(Bmr026.segment.381)"/>
      <nite:child href="Bmr026.E.segs.xml#id(Bmr026.segment.382)"/>
      <nite:child href="Bmr026.F.segs.xml#id(Bmr026.segment.383)..id(Bmr026.segment.387)"/>
      <nite:child href="Bmr026.B.segs.xml#id(Bmr026.segment.386)"/>
      <nite:child href="Bmr026.F.segs.xml#id(Bmr026.segment.388)"/>
      <nite:child href="Bmr026.C.segs.xml#id(Bmr026.segment.389)"/>
      <nite:child href="Bmr026.F.segs.xml#id(Bmr026.segment.390)..id(Bmr026.segment.391)"/>
      <nite:child href="Bmr026.C.segs.xml#id(Bmr026.segment.392)..id(Bmr026.segment.394)"/>
      <nite:child href="Bmr026.A.segs.xml#id(Bmr026.segment.395)"/>
      <nite:child href="Bmr026.F.segs.xml#id(Bmr026.segment.396)"/>
      <nite:child href="Bmr026.C.segs.xml#id(Bmr026.segment.397)..id(Bmr026.segment.398)"/>
      <nite:child href="Bmr026.F.segs.xml#id(Bmr026.segment.399)..id(Bmr026.segment.401)"/>
      <nite:child href="Bmr026.B.segs.xml#id(Bmr026.segment.402)"/>
      <nite:child href="Bmr026.F.segs.xml#id(Bmr026.segment.403)..id(Bmr026.segment.404)"/>
      <nite:child href="Bmr026.B.segs.xml#id(Bmr026.segment.405)"/>
      <nite:child href="Bmr026.F.segs.xml#id(Bmr026.segment.406)"/>
      <nite:child href="Bmr026.C.segs.xml#id(Bmr026.segment.407)"/>
      <nite:child href="Bmr026.A.segs.xml#id(Bmr026.segment.408)"/>
      <nite:child href="Bmr026.F.segs.xml#id(Bmr026.segment.409)"/>
      <nite:child href="Bmr026.B.segs.xml#id(Bmr026.segment.410)"/>
      <nite:child href="Bmr026.F.segs.xml#id(Bmr026.segment.411)"/>
      <nite:child href="Bmr026.A.segs.xml#id(Bmr026.segment.412)"/>
      <nite:child href="Bmr026.B.segs.xml#id(Bmr026.segment.413)"/>
      <nite:child href="Bmr026.F.segs.xml#id(Bmr026.segment.414)"/>
      <nite:child href="Bmr026.B.segs.xml#id(Bmr026.segment.415)"/>
      <nite:child href="Bmr026.A.segs.xml#id(Bmr026.segment.416)"/>
      <nite:child href="Bmr026.B.segs.xml#id(Bmr026.segment.417)"/>
      <nite:child href="Bmr026.F.segs.xml#id(Bmr026.segment.418)..id(Bmr026.segment.419)"/>
      <nite:child href="Bmr026.A.segs.xml#id(Bmr026.segment.420)"/>
      <nite:child href="Bmr026.F.segs.xml#id(Bmr026.segment.421)"/>
      <nite:child href="Bmr026.B.segs.xml#id(Bmr026.segment.422)"/>
      <nite:child href="Bmr026.F.segs.xml#id(Bmr026.segment.423)"/>
      <nite:child href="Bmr026.B.segs.xml#id(Bmr026.segment.424)"/>
      <nite:child href="Bmr026.A.segs.xml#id(Bmr026.segment.425)..id(Bmr026.segment.426)"/>
      <nite:child href="Bmr026.B.segs.xml#id(Bmr026.segment.427)"/>
      <nite:child href="Bmr026.A.segs.xml#id(Bmr026.segment.428)..id(Bmr026.segment.429)"/>
      <nite:child href="Bmr026.B.segs.xml#id(Bmr026.segment.430)"/>
      <nite:child href="Bmr026.A.segs.xml#id(Bmr026.segment.431)"/>
      <nite:child href="Bmr026.F.segs.xml#id(Bmr026.segment.432)..id(Bmr026.segment.433)"/>
      <nite:child href="Bmr026.A.segs.xml#id(Bmr026.segment.434)"/>
      <nite:child href="Bmr026.F.segs.xml#id(Bmr026.segment.435)"/>
      <nite:child href="Bmr026.B.segs.xml#id(Bmr026.segment.436)"/>
      <nite:child href="Bmr026.D.segs.xml#id(Bmr026.segment.437)"/>
      <nite:child href="Bmr026.F.segs.xml#id(Bmr026.segment.438)"/>
      <nite:child href="Bmr026.D.segs.xml#id(Bmr026.segment.439)..id(Bmr026.segment.440)"/>
      <nite:child href="Bmr026.A.segs.xml#id(Bmr026.segment.441)"/>
      <nite:child href="Bmr026.D.segs.xml#id(Bmr026.segment.442)..id(Bmr026.segment.445)"/>
      <nite:child href="Bmr026.A.segs.xml#id(Bmr026.segment.446)"/>
      <nite:child href="Bmr026.B.segs.xml#id(Bmr026.segment.447)"/>
      <nite:child href="Bmr026.D.segs.xml#id(Bmr026.segment.448)..id(Bmr026.segment.449)"/>
      <nite:child href="Bmr026.A.segs.xml#id(Bmr026.segment.450)"/>
      <nite:child href="Bmr026.D.segs.xml#id(Bmr026.segment.451)"/>
      <nite:child href="Bmr026.A.segs.xml#id(Bmr026.segment.452)..id(Bmr026.segment.453)"/>
      <nite:child href="Bmr026.D.segs.xml#id(Bmr026.segment.454)"/>
      <nite:child href="Bmr026.B.segs.xml#id(Bmr026.segment.455)"/>
      <nite:child href="Bmr026.A.segs.xml#id(Bmr026.segment.456)"/>
      <nite:child href="Bmr026.B.segs.xml#id(Bmr026.segment.457)..id(Bmr026.segment.458)"/>
      <nite:child href="Bmr026.D.segs.xml#id(Bmr026.segment.459)"/>
      <nite:child href="Bmr026.A.segs.xml#id(Bmr026.segment.460)"/>
      <nite:child href="Bmr026.B.segs.xml#id(Bmr026.segment.461)"/>
      <nite:child href="Bmr026.A.segs.xml#id(Bmr026.segment.462)"/>
      <nite:child href="Bmr026.D.segs.xml#id(Bmr026.segment.463)"/>
      <nite:child href="Bmr026.B.segs.xml#id(Bmr026.segment.464)"/>
      <nite:child href="Bmr026.A.segs.xml#id(Bmr026.segment.466)"/>
      <nite:child href="Bmr026.F.segs.xml#id(Bmr026.segment.465)"/>
      <nite:child href="Bmr026.D.segs.xml#id(Bmr026.segment.467)"/>
      <nite:child href="Bmr026.C.segs.xml#id(Bmr026.segment.468)"/>
      <nite:child href="Bmr026.A.segs.xml#id(Bmr026.segment.469)"/>
      <nite:child href="Bmr026.D.segs.xml#id(Bmr026.segment.470)"/>
      <nite:child href="Bmr026.B.segs.xml#id(Bmr026.segment.471)"/>
      <nite:child href="Bmr026.A.segs.xml#id(Bmr026.segment.472)..id(Bmr026.segment.473)"/>
      <nite:child href="Bmr026.F.segs.xml#id(Bmr026.segment.474)"/>
      <nite:child href="Bmr026.D.segs.xml#id(Bmr026.segment.475)"/>
      <nite:child href="Bmr026.F.segs.xml#id(Bmr026.segment.476)"/>
      <nite:child href="Bmr026.A.segs.xml#id(Bmr026.segment.477)..id(Bmr026.segment.478)"/>
      <nite:child href="Bmr026.D.segs.xml#id(Bmr026.segment.479)"/>
      <nite:child href="Bmr026.A.segs.xml#id(Bmr026.segment.480)..id(Bmr026.segment.482)"/>
      <nite:child href="Bmr026.B.segs.xml#id(Bmr026.segment.483)..id(Bmr026.segment.484)"/>
      <nite:child href="Bmr026.A.segs.xml#id(Bmr026.segment.485)"/>
      <nite:child href="Bmr026.B.segs.xml#id(Bmr026.segment.486)..id(Bmr026.segment.488)"/>
      <nite:child href="Bmr026.C.segs.xml#id(Bmr026.segment.489)"/>
      <nite:child href="Bmr026.F.segs.xml#id(Bmr026.segment.490)"/>
      <nite:child href="Bmr026.B.segs.xml#id(Bmr026.segment.491)"/>
      <nite:child href="Bmr026.A.segs.xml#id(Bmr026.segment.492)"/>
      <nite:child href="Bmr026.B.segs.xml#id(Bmr026.segment.493)"/>
      <nite:child href="Bmr026.A.segs.xml#id(Bmr026.segment.494)"/>
      <nite:child href="Bmr026.B.segs.xml#id(Bmr026.segment.495)"/>
      <nite:child href="Bmr026.A.segs.xml#id(Bmr026.segment.496)"/>
   </topic>
   <topic nite:id="Bmr026.topic.5">
      <nite:child href="Bmr026.B.segs.xml#id(Bmr026.segment.497)..id(Bmr026.segment.510)"/>
      <nite:child href="Bmr026.D.segs.xml#id(Bmr026.segment.511)"/>
      <nite:child href="Bmr026.B.segs.xml#id(Bmr026.segment.512)..id(Bmr026.segment.513)"/>
      <nite:child href="Bmr026.D.segs.xml#id(Bmr026.segment.514)"/>
      <nite:child href="Bmr026.A.segs.xml#id(Bmr026.segment.515)"/>
      <nite:child href="Bmr026.B.segs.xml#id(Bmr026.segment.516)"/>
      <nite:child href="Bmr026.A.segs.xml#id(Bmr026.segment.517)"/>
      <nite:child href="Bmr026.B.segs.xml#id(Bmr026.segment.518)..id(Bmr026.segment.520)"/>
      <nite:child href="Bmr026.D.segs.xml#id(Bmr026.segment.521)"/>
      <nite:child href="Bmr026.B.segs.xml#id(Bmr026.segment.522)"/>
      <nite:child href="Bmr026.D.segs.xml#id(Bmr026.segment.523)..id(Bmr026.segment.525)"/>
      <nite:child href="Bmr026.F.segs.xml#id(Bmr026.segment.526)"/>
      <nite:child href="Bmr026.B.segs.xml#id(Bmr026.segment.527)"/>
      <nite:child href="Bmr026.D.segs.xml#id(Bmr026.segment.528)"/>
      <nite:child href="Bmr026.B.segs.xml#id(Bmr026.segment.529)"/>
      <nite:child href="Bmr026.D.segs.xml#id(Bmr026.segment.530)"/>
      <nite:child href="Bmr026.B.segs.xml#id(Bmr026.segment.531)"/>
      <nite:child href="Bmr026.D.segs.xml#id(Bmr026.segment.532)..id(Bmr026.segment.533)"/>
      <nite:child href="Bmr026.B.segs.xml#id(Bmr026.segment.534)"/>
      <nite:child href="Bmr026.D.segs.xml#id(Bmr026.segment.535)"/>
      <nite:child href="Bmr026.B.segs.xml#id(Bmr026.segment.536)..id(Bmr026.segment.537)"/>
      <nite:child href="Bmr026.D.segs.xml#id(Bmr026.segment.538)"/>
      <nite:child href="Bmr026.B.segs.xml#id(Bmr026.segment.539)..id(Bmr026.segment.540)"/>
      <nite:child href="Bmr026.D.segs.xml#id(Bmr026.segment.541)..id(Bmr026.segment.544)"/>
      <nite:child href="Bmr026.B.segs.xml#id(Bmr026.segment.545)"/>
      <nite:child href="Bmr026.D.segs.xml#id(Bmr026.segment.546)..id(Bmr026.segment.552)"/>
      <nite:child href="Bmr026.F.segs.xml#id(Bmr026.segment.553)"/>
      <nite:child href="Bmr026.B.segs.xml#id(Bmr026.segment.554)"/>
      <nite:child href="Bmr026.D.segs.xml#id(Bmr026.segment.555)..id(Bmr026.segment.559)"/>
      <nite:child href="Bmr026.A.segs.xml#id(Bmr026.segment.561)"/>
      <nite:child href="Bmr026.D.segs.xml#id(Bmr026.segment.560)"/>
      <nite:child href="Bmr026.C.segs.xml#id(Bmr026.segment.562)"/>
      <nite:child href="Bmr026.B.segs.xml#id(Bmr026.segment.563)"/>
      <nite:child href="Bmr026.D.segs.xml#id(Bmr026.segment.564)..id(Bmr026.segment.566)"/>
      <nite:child href="Bmr026.F.segs.xml#id(Bmr026.segment.567)"/>
      <nite:child href="Bmr026.A.segs.xml#id(Bmr026.segment.568)"/>
      <nite:child href="Bmr026.D.segs.xml#id(Bmr026.segment.569)"/>
      <nite:child href="Bmr026.C.segs.xml#id(Bmr026.segment.570)"/>
      <nite:child href="Bmr026.D.segs.xml#id(Bmr026.segment.571)"/>
      <nite:child href="Bmr026.A.segs.xml#id(Bmr026.segment.572)"/>
      <nite:child href="Bmr026.F.segs.xml#id(Bmr026.segment.573)"/>
      <nite:child href="Bmr026.E.segs.xml#id(Bmr026.segment.574)"/>
      <nite:child href="Bmr026.D.segs.xml#id(Bmr026.segment.576)"/>
      <nite:child href="Bmr026.B.segs.xml#id(Bmr026.segment.575)"/>
      <nite:child href="Bmr026.D.segs.xml#id(Bmr026.segment.577)..id(Bmr026.segment.578)"/>
      <nite:child href="Bmr026.B.segs.xml#id(Bmr026.segment.579)"/>
      <nite:child href="Bmr026.F.segs.xml#id(Bmr026.segment.580)"/>
      <nite:child href="Bmr026.E.segs.xml#id(Bmr026.segment.581)"/>
      <nite:child href="Bmr026.B.segs.xml#id(Bmr026.segment.582)"/>
      <nite:child href="Bmr026.D.segs.xml#id(Bmr026.segment.583)"/>
      <nite:child href="Bmr026.F.segs.xml#id(Bmr026.segment.584)"/>
      <nite:child href="Bmr026.E.segs.xml#id(Bmr026.segment.585)"/>
      <nite:child href="Bmr026.C.segs.xml#id(Bmr026.segment.586)"/>
      <nite:child href="Bmr026.B.segs.xml#id(Bmr026.segment.587)"/>
      <nite:child href="Bmr026.E.segs.xml#id(Bmr026.segment.588)"/>
      <nite:child href="Bmr026.A.segs.xml#id(Bmr026.segment.589)"/>
      <nite:child href="Bmr026.D.segs.xml#id(Bmr026.segment.590)"/>
      <nite:child href="Bmr026.E.segs.xml#id(Bmr026.segment.591)"/>
      <nite:child href="Bmr026.B.segs.xml#id(Bmr026.segment.592)..id(Bmr026.segment.593)"/>
      <nite:child href="Bmr026.A.segs.xml#id(Bmr026.segment.594)"/>
      <nite:child href="Bmr026.F.segs.xml#id(Bmr026.segment.595)"/>
      <nite:child href="Bmr026.E.segs.xml#id(Bmr026.segment.596)"/>
      <nite:child href="Bmr026.B.segs.xml#id(Bmr026.segment.598)"/>
      <nite:child href="Bmr026.F.segs.xml#id(Bmr026.segment.597)"/>
      <nite:child href="Bmr026.A.segs.xml#id(Bmr026.segment.599)"/>
      <nite:child href="Bmr026.B.segs.xml#id(Bmr026.segment.600)"/>
      <nite:child href="Bmr026.D.segs.xml#id(Bmr026.segment.601)"/>
      <nite:child href="Bmr026.E.segs.xml#id(Bmr026.segment.602)"/>
      <nite:child href="Bmr026.F.segs.xml#id(Bmr026.segment.603)"/>
      <nite:child href="Bmr026.A.segs.xml#id(Bmr026.segment.604)"/>
      <nite:child href="Bmr026.B.segs.xml#id(Bmr026.segment.605)"/>
      <nite:child href="Bmr026.D.segs.xml#id(Bmr026.segment.606)"/>
      <nite:child href="Bmr026.C.segs.xml#id(Bmr026.segment.607)"/>
      <nite:child href="Bmr026.B.segs.xml#id(Bmr026.segment.608)"/>
      <nite:child href="Bmr026.D.segs.xml#id(Bmr026.segment.609)"/>
      <nite:child href="Bmr026.C.segs.xml#id(Bmr026.segment.610)"/>
      <nite:child href="Bmr026.B.segs.xml#id(Bmr026.segment.611)"/>
      <nite:child href="Bmr026.D.segs.xml#id(Bmr026.segment.612)..id(Bmr026.segment.613)"/>
      <nite:child href="Bmr026.A.segs.xml#id(Bmr026.segment.614)"/>
      <nite:child href="Bmr026.D.segs.xml#id(Bmr026.segment.615)"/>
      <nite:child href="Bmr026.B.segs.xml#id(Bmr026.segment.616)"/>
      <nite:child href="Bmr026.D.segs.xml#id(Bmr026.segment.617)..id(Bmr026.segment.618)"/>
      <nite:child href="Bmr026.B.segs.xml#id(Bmr026.segment.619)"/>
      <nite:child href="Bmr026.F.segs.xml#id(Bmr026.segment.620)"/>
      <nite:child href="Bmr026.D.segs.xml#id(Bmr026.segment.621)"/>
      <nite:child href="Bmr026.B.segs.xml#id(Bmr026.segment.622)"/>
      <nite:child href="Bmr026.C.segs.xml#id(Bmr026.segment.623)"/>
      <nite:child href="Bmr026.E.segs.xml#id(Bmr026.segment.624)"/>
      <nite:child href="Bmr026.D.segs.xml#id(Bmr026.segment.625)"/>
      <nite:child href="Bmr026.C.segs.xml#id(Bmr026.segment.626)"/>
      <nite:child href="Bmr026.D.segs.xml#id(Bmr026.segment.627)"/>
      <nite:child href="Bmr026.F.segs.xml#id(Bmr026.segment.628)"/>
      <nite:child href="Bmr026.D.segs.xml#id(Bmr026.segment.629)"/>
      <nite:child href="Bmr026.B.segs.xml#id(Bmr026.segment.630)"/>
      <nite:child href="Bmr026.A.segs.xml#id(Bmr026.segment.631)"/>
      <nite:child href="Bmr026.E.segs.xml#id(Bmr026.segment.632)"/>
      <nite:child href="Bmr026.B.segs.xml#id(Bmr026.segment.633)..id(Bmr026.segment.634)"/>
      <nite:child href="Bmr026.D.segs.xml#id(Bmr026.segment.635)"/>
      <nite:child href="Bmr026.B.segs.xml#id(Bmr026.segment.636)..id(Bmr026.segment.637)"/>
      <nite:child href="Bmr026.D.segs.xml#id(Bmr026.segment.638)"/>
      <nite:child href="Bmr026.B.segs.xml#id(Bmr026.segment.639)"/>
      <nite:child href="Bmr026.E.segs.xml#id(Bmr026.segment.640)"/>
      <nite:child href="Bmr026.B.segs.xml#id(Bmr026.segment.641)..id(Bmr026.segment.642)"/>
      <nite:child href="Bmr026.F.segs.xml#id(Bmr026.segment.643)"/>
      <nite:child href="Bmr026.B.segs.xml#id(Bmr026.segment.644)"/>
      <nite:child href="Bmr026.D.segs.xml#id(Bmr026.segment.645)..id(Bmr026.segment.646)"/>
      <nite:child href="Bmr026.F.segs.xml#id(Bmr026.segment.647)..id(Bmr026.segment.649)"/>
      <nite:child href="Bmr026.A.segs.xml#id(Bmr026.segment.650)"/>
      <nite:child href="Bmr026.B.segs.xml#id(Bmr026.segment.651)"/>
      <nite:child href="Bmr026.F.segs.xml#id(Bmr026.segment.652)"/>
      <nite:child href="Bmr026.A.segs.xml#id(Bmr026.segment.653)"/>
      <nite:child href="Bmr026.B.segs.xml#id(Bmr026.segment.654)"/>
      <nite:child href="Bmr026.D.segs.xml#id(Bmr026.segment.655)"/>
      <nite:child href="Bmr026.F.segs.xml#id(Bmr026.segment.656)"/>
      <nite:child href="Bmr026.D.segs.xml#id(Bmr026.segment.657)..id(Bmr026.segment.658)"/>
      <nite:child href="Bmr026.E.segs.xml#id(Bmr026.segment.659)"/>
      <nite:child href="Bmr026.B.segs.xml#id(Bmr026.segment.660)"/>
      <nite:child href="Bmr026.D.segs.xml#id(Bmr026.segment.661)"/>
      <nite:child href="Bmr026.A.segs.xml#id(Bmr026.segment.662)..id(Bmr026.segment.663)"/>
      <nite:child href="Bmr026.D.segs.xml#id(Bmr026.segment.664)"/>
      <nite:child href="Bmr026.F.segs.xml#id(Bmr026.segment.665)"/>
      <nite:child href="Bmr026.E.segs.xml#id(Bmr026.segment.666)"/>
      <nite:child href="Bmr026.D.segs.xml#id(Bmr026.segment.667)"/>
      <nite:child href="Bmr026.A.segs.xml#id(Bmr026.segment.668)"/>
      <nite:child href="Bmr026.C.segs.xml#id(Bmr026.segment.669)"/>
      <nite:child href="Bmr026.F.segs.xml#id(Bmr026.segment.670)"/>
      <nite:child href="Bmr026.E.segs.xml#id(Bmr026.segment.671)"/>
      <nite:child href="Bmr026.D.segs.xml#id(Bmr026.segment.672)"/>
      <nite:child href="Bmr026.A.segs.xml#id(Bmr026.segment.673)"/>
      <nite:child href="Bmr026.D.segs.xml#id(Bmr026.segment.674)"/>
      <nite:child href="Bmr026.F.segs.xml#id(Bmr026.segment.675)"/>
      <nite:child href="Bmr026.E.segs.xml#id(Bmr026.segment.677)"/>
      <nite:child href="Bmr026.C.segs.xml#id(Bmr026.segment.678)"/>
      <nite:child href="Bmr026.A.segs.xml#id(Bmr026.segment.676)"/>
      <nite:child href="Bmr026.F.segs.xml#id(Bmr026.segment.679)"/>
      <nite:child href="Bmr026.A.segs.xml#id(Bmr026.segment.680)"/>
      <nite:child href="Bmr026.B.segs.xml#id(Bmr026.segment.681)"/>
      <nite:child href="Bmr026.D.segs.xml#id(Bmr026.segment.682)..id(Bmr026.segment.684)"/>
      <nite:child href="Bmr026.B.segs.xml#id(Bmr026.segment.685)..id(Bmr026.segment.688)"/>
      <nite:child href="Bmr026.D.segs.xml#id(Bmr026.segment.689)"/>
      <nite:child href="Bmr026.F.segs.xml#id(Bmr026.segment.690)..id(Bmr026.segment.691)"/>
      <nite:child href="Bmr026.D.segs.xml#id(Bmr026.segment.692)"/>
      <nite:child href="Bmr026.F.segs.xml#id(Bmr026.segment.693)..id(Bmr026.segment.694)"/>
      <nite:child href="Bmr026.B.segs.xml#id(Bmr026.segment.695)..id(Bmr026.segment.697)"/>
      <nite:child href="Bmr026.A.segs.xml#id(Bmr026.segment.698)"/>
      <nite:child href="Bmr026.D.segs.xml#id(Bmr026.segment.699)"/>
      <nite:child href="Bmr026.F.segs.xml#id(Bmr026.segment.700)"/>
      <nite:child href="Bmr026.D.segs.xml#id(Bmr026.segment.701)"/>
      <nite:child href="Bmr026.B.segs.xml#id(Bmr026.segment.702)"/>
      <nite:child href="Bmr026.D.segs.xml#id(Bmr026.segment.703)"/>
      <nite:child href="Bmr026.A.segs.xml#id(Bmr026.segment.704)"/>
      <nite:child href="Bmr026.D.segs.xml#id(Bmr026.segment.705)"/>
      <nite:child href="Bmr026.A.segs.xml#id(Bmr026.segment.706)"/>
      <nite:child href="Bmr026.F.segs.xml#id(Bmr026.segment.707)"/>
   </topic>
   <topic nite:id="Bmr026.topic.6">
      <nite:child href="Bmr026.D.segs.xml#id(Bmr026.segment.708)..id(Bmr026.segment.714)"/>
      <nite:child href="Bmr026.E.segs.xml#id(Bmr026.segment.716)"/>
      <nite:child href="Bmr026.D.segs.xml#id(Bmr026.segment.715)"/>
      <nite:child href="Bmr026.B.segs.xml#id(Bmr026.segment.717)"/>
      <nite:child href="Bmr026.D.segs.xml#id(Bmr026.segment.718)..id(Bmr026.segment.722)"/>
      <nite:child href="Bmr026.A.segs.xml#id(Bmr026.segment.723)"/>
      <nite:child href="Bmr026.F.segs.xml#id(Bmr026.segment.724)"/>
      <nite:child href="Bmr026.D.segs.xml#id(Bmr026.segment.725)"/>
      <nite:child href="Bmr026.F.segs.xml#id(Bmr026.segment.726)"/>
      <nite:child href="Bmr026.D.segs.xml#id(Bmr026.segment.727)..id(Bmr026.segment.729)"/>
      <nite:child href="Bmr026.F.segs.xml#id(Bmr026.segment.730)"/>
      <nite:child href="Bmr026.B.segs.xml#id(Bmr026.segment.731)"/>
      <nite:child href="Bmr026.F.segs.xml#id(Bmr026.segment.732)"/>
      <nite:child href="Bmr026.D.segs.xml#id(Bmr026.segment.733)"/>
      <nite:child href="Bmr026.B.segs.xml#id(Bmr026.segment.734)"/>
      <nite:child href="Bmr026.C.segs.xml#id(Bmr026.segment.735)"/>
      <nite:child href="Bmr026.A.segs.xml#id(Bmr026.segment.736)"/>
      <nite:child href="Bmr026.D.segs.xml#id(Bmr026.segment.737)"/>
      <nite:child href="Bmr026.B.segs.xml#id(Bmr026.segment.738)"/>
      <nite:child href="Bmr026.A.segs.xml#id(Bmr026.segment.739)"/>
      <nite:child href="Bmr026.D.segs.xml#id(Bmr026.segment.740)"/>
      <nite:child href="Bmr026.B.segs.xml#id(Bmr026.segment.741)"/>
      <nite:child href="Bmr026.D.segs.xml#id(Bmr026.segment.742)"/>
      <nite:child href="Bmr026.A.segs.xml#id(Bmr026.segment.743)"/>
      <nite:child href="Bmr026.D.segs.xml#id(Bmr026.segment.744)"/>
      <nite:child href="Bmr026.B.segs.xml#id(Bmr026.segment.745)..id(Bmr026.segment.747)"/>
      <nite:child href="Bmr026.D.segs.xml#id(Bmr026.segment.748)"/>
      <nite:child href="Bmr026.B.segs.xml#id(Bmr026.segment.749)"/>
      <nite:child href="Bmr026.D.segs.xml#id(Bmr026.segment.750)"/>
      <nite:child href="Bmr026.F.segs.xml#id(Bmr026.segment.751)"/>
      <nite:child href="Bmr026.B.segs.xml#id(Bmr026.segment.753)"/>
      <nite:child href="Bmr026.A.segs.xml#id(Bmr026.segment.752)"/>
      <nite:child href="Bmr026.D.segs.xml#id(Bmr026.segment.754)..id(Bmr026.segment.755)"/>
      <nite:child href="Bmr026.B.segs.xml#id(Bmr026.segment.756)"/>
      <nite:child href="Bmr026.D.segs.xml#id(Bmr026.segment.757)"/>
      <nite:child href="Bmr026.B.segs.xml#id(Bmr026.segment.758)"/>
      <nite:child href="Bmr026.A.segs.xml#id(Bmr026.segment.759)"/>
      <nite:child href="Bmr026.D.segs.xml#id(Bmr026.segment.760)"/>
      <nite:child href="Bmr026.A.segs.xml#id(Bmr026.segment.761)..id(Bmr026.segment.762)"/>
      <nite:child href="Bmr026.D.segs.xml#id(Bmr026.segment.763)..id(Bmr026.segment.764)"/>
      <nite:child href="Bmr026.F.segs.xml#id(Bmr026.segment.765)"/>
      <nite:child href="Bmr026.D.segs.xml#id(Bmr026.segment.766)"/>
      <nite:child href="Bmr026.B.segs.xml#id(Bmr026.segment.767)"/>
      <nite:child href="Bmr026.D.segs.xml#id(Bmr026.segment.768)..id(Bmr026.segment.772)"/>
      <nite:child href="Bmr026.B.segs.xml#id(Bmr026.segment.773)..id(Bmr026.segment.774)"/>
      <nite:child href="Bmr026.F.segs.xml#id(Bmr026.segment.775)"/>
      <nite:child href="Bmr026.D.segs.xml#id(Bmr026.segment.776)"/>
      <nite:child href="Bmr026.F.segs.xml#id(Bmr026.segment.777)"/>
      <nite:child href="Bmr026.D.segs.xml#id(Bmr026.segment.778)..id(Bmr026.segment.779)"/>
      <nite:child href="Bmr026.A.segs.xml#id(Bmr026.segment.780)"/>
      <nite:child href="Bmr026.D.segs.xml#id(Bmr026.segment.781)..id(Bmr026.segment.785)"/>
      <nite:child href="Bmr026.B.segs.xml#id(Bmr026.segment.786)"/>
      <nite:child href="Bmr026.D.segs.xml#id(Bmr026.segment.787)..id(Bmr026.segment.788)"/>
      <nite:child href="Bmr026.B.segs.xml#id(Bmr026.segment.789)"/>
      <nite:child href="Bmr026.A.segs.xml#id(Bmr026.segment.790)"/>
      <nite:child href="Bmr026.B.segs.xml#id(Bmr026.segment.791)"/>
      <nite:child href="Bmr026.D.segs.xml#id(Bmr026.segment.792)"/>
      <nite:child href="Bmr026.B.segs.xml#id(Bmr026.segment.793)..id(Bmr026.segment.794)"/>
      <nite:child href="Bmr026.D.segs.xml#id(Bmr026.segment.795)..id(Bmr026.segment.797)"/>
      <nite:child href="Bmr026.B.segs.xml#id(Bmr026.segment.798)"/>
      <nite:child href="Bmr026.D.segs.xml#id(Bmr026.segment.799)..id(Bmr026.segment.800)"/>
      <nite:child href="Bmr026.B.segs.xml#id(Bmr026.segment.801)"/>
      <nite:child href="Bmr026.D.segs.xml#id(Bmr026.segment.802)"/>
      <nite:child href="Bmr026.B.segs.xml#id(Bmr026.segment.803)..id(Bmr026.segment.804)"/>
      <nite:child href="Bmr026.A.segs.xml#id(Bmr026.segment.805)"/>
      <nite:child href="Bmr026.D.segs.xml#id(Bmr026.segment.806)..id(Bmr026.segment.807)"/>
      <nite:child href="Bmr026.B.segs.xml#id(Bmr026.segment.808)"/>
      <nite:child href="Bmr026.A.segs.xml#id(Bmr026.segment.809)"/>
      <nite:child href="Bmr026.F.segs.xml#id(Bmr026.segment.810)"/>
      <nite:child href="Bmr026.D.segs.xml#id(Bmr026.segment.811)"/>
      <nite:child href="Bmr026.F.segs.xml#id(Bmr026.segment.812)"/>
      <nite:child href="Bmr026.D.segs.xml#id(Bmr026.segment.813)"/>
      <nite:child href="Bmr026.F.segs.xml#id(Bmr026.segment.814)"/>
      <nite:child href="Bmr026.D.segs.xml#id(Bmr026.segment.815)"/>
      <nite:child href="Bmr026.A.segs.xml#id(Bmr026.segment.816)"/>
      <nite:child href="Bmr026.F.segs.xml#id(Bmr026.segment.817)"/>
      <nite:child href="Bmr026.A.segs.xml#id(Bmr026.segment.818)..id(Bmr026.segment.821)"/>
      <nite:child href="Bmr026.D.segs.xml#id(Bmr026.segment.822)..id(Bmr026.segment.825)"/>
      <nite:child href="Bmr026.A.segs.xml#id(Bmr026.segment.826)..id(Bmr026.segment.827)"/>
      <nite:child href="Bmr026.D.segs.xml#id(Bmr026.segment.828)..id(Bmr026.segment.829)"/>
      <nite:child href="Bmr026.A.segs.xml#id(Bmr026.segment.830)"/>
      <nite:child href="Bmr026.B.segs.xml#id(Bmr026.segment.831)"/>
      <nite:child href="Bmr026.D.segs.xml#id(Bmr026.segment.832)"/>
      <nite:child href="Bmr026.B.segs.xml#id(Bmr026.segment.833)..id(Bmr026.segment.834)"/>
      <nite:child href="Bmr026.D.segs.xml#id(Bmr026.segment.835)"/>
      <nite:child href="Bmr026.B.segs.xml#id(Bmr026.segment.836)"/>
      <nite:child href="Bmr026.A.segs.xml#id(Bmr026.segment.837)"/>
      <nite:child href="Bmr026.B.segs.xml#id(Bmr026.segment.838)..id(Bmr026.segment.839)"/>
      <nite:child href="Bmr026.D.segs.xml#id(Bmr026.segment.840)"/>
      <nite:child href="Bmr026.B.segs.xml#id(Bmr026.segment.841)..id(Bmr026.segment.842)"/>
      <nite:child href="Bmr026.D.segs.xml#id(Bmr026.segment.843)..id(Bmr026.segment.844)"/>
      <nite:child href="Bmr026.B.segs.xml#id(Bmr026.segment.845)"/>
   </topic>
   <topic nite:id="Bmr026.topic.7">
      <nite:child href="Bmr026.B.segs.xml#id(Bmr026.segment.846)"/>
      <nite:child href="Bmr026.D.segs.xml#id(Bmr026.segment.847)..id(Bmr026.segment.851)"/>
      <nite:child href="Bmr026.F.segs.xml#id(Bmr026.segment.852)..id(Bmr026.segment.854)"/>
      <nite:child href="Bmr026.D.segs.xml#id(Bmr026.segment.855)"/>
      <nite:child href="Bmr026.F.segs.xml#id(Bmr026.segment.856)..id(Bmr026.segment.858)"/>
      <nite:child href="Bmr026.D.segs.xml#id(Bmr026.segment.859)..id(Bmr026.segment.860)"/>
      <nite:child href="Bmr026.B.segs.xml#id(Bmr026.segment.861)"/>
      <nite:child href="Bmr026.D.segs.xml#id(Bmr026.segment.862)"/>
      <nite:child href="Bmr026.F.segs.xml#id(Bmr026.segment.863)"/>
      <nite:child href="Bmr026.D.segs.xml#id(Bmr026.segment.864)..id(Bmr026.segment.867)"/>
      <nite:child href="Bmr026.B.segs.xml#id(Bmr026.segment.868)"/>
      <nite:child href="Bmr026.D.segs.xml#id(Bmr026.segment.869)..id(Bmr026.segment.873)"/>
      <nite:child href="Bmr026.B.segs.xml#id(Bmr026.segment.874)"/>
      <nite:child href="Bmr026.D.segs.xml#id(Bmr026.segment.875)..id(Bmr026.segment.876)"/>
      <nite:child href="Bmr026.F.segs.xml#id(Bmr026.segment.877)"/>
      <nite:child href="Bmr026.A.segs.xml#id(Bmr026.segment.878)"/>
      <nite:child href="Bmr026.B.segs.xml#id(Bmr026.segment.879)"/>
      <nite:child href="Bmr026.D.segs.xml#id(Bmr026.segment.880)..id(Bmr026.segment.883)"/>
      <nite:child href="Bmr026.B.segs.xml#id(Bmr026.segment.884)"/>
      <nite:child href="Bmr026.D.segs.xml#id(Bmr026.segment.885)"/>
      <nite:child href="Bmr026.F.segs.xml#id(Bmr026.segment.886)"/>
      <nite:child href="Bmr026.D.segs.xml#id(Bmr026.segment.887)"/>
      <nite:child href="Bmr026.B.segs.xml#id(Bmr026.segment.888)"/>
      <nite:child href="Bmr026.D.segs.xml#id(Bmr026.segment.889)..id(Bmr026.segment.892)"/>
      <nite:child href="Bmr026.B.segs.xml#id(Bmr026.segment.893)"/>
      <nite:child href="Bmr026.D.segs.xml#id(Bmr026.segment.894)..id(Bmr026.segment.898)"/>
      <nite:child href="Bmr026.B.segs.xml#id(Bmr026.segment.899)"/>
      <nite:child href="Bmr026.D.segs.xml#id(Bmr026.segment.900)"/>
      <nite:child href="Bmr026.B.segs.xml#id(Bmr026.segment.901)"/>
      <nite:child href="Bmr026.D.segs.xml#id(Bmr026.segment.902)..id(Bmr026.segment.904)"/>
      <nite:child href="Bmr026.B.segs.xml#id(Bmr026.segment.905)..id(Bmr026.segment.906)"/>
      <nite:child href="Bmr026.D.segs.xml#id(Bmr026.segment.907)"/>
      <nite:child href="Bmr026.B.segs.xml#id(Bmr026.segment.908)"/>
      <nite:child href="Bmr026.D.segs.xml#id(Bmr026.segment.909)"/>
      <nite:child href="Bmr026.B.segs.xml#id(Bmr026.segment.910)..id(Bmr026.segment.911)"/>
      <nite:child href="Bmr026.D.segs.xml#id(Bmr026.segment.912)"/>
      <nite:child href="Bmr026.B.segs.xml#id(Bmr026.segment.913)"/>
      <nite:child href="Bmr026.D.segs.xml#id(Bmr026.segment.914)"/>
      <nite:child href="Bmr026.F.segs.xml#id(Bmr026.segment.915)"/>
      <nite:child href="Bmr026.B.segs.xml#id(Bmr026.segment.916)"/>
      <nite:child href="Bmr026.D.segs.xml#id(Bmr026.segment.917)"/>
      <nite:child href="Bmr026.B.segs.xml#id(Bmr026.segment.918)..id(Bmr026.segment.919)"/>
      <nite:child href="Bmr026.A.segs.xml#id(Bmr026.segment.920)"/>
      <nite:child href="Bmr026.D.segs.xml#id(Bmr026.segment.921)"/>
      <nite:child href="Bmr026.F.segs.xml#id(Bmr026.segment.922)"/>
      <nite:child href="Bmr026.D.segs.xml#id(Bmr026.segment.923)"/>
      <nite:child href="Bmr026.B.segs.xml#id(Bmr026.segment.924)"/>
      <nite:child href="Bmr026.D.segs.xml#id(Bmr026.segment.925)..id(Bmr026.segment.926)"/>
      <nite:child href="Bmr026.F.segs.xml#id(Bmr026.segment.927)"/>
      <nite:child href="Bmr026.D.segs.xml#id(Bmr026.segment.928)"/>
      <nite:child href="Bmr026.F.segs.xml#id(Bmr026.segment.929)"/>
      <nite:child href="Bmr026.B.segs.xml#id(Bmr026.segment.930)..id(Bmr026.segment.933)"/>
      <nite:child href="Bmr026.D.segs.xml#id(Bmr026.segment.934)..id(Bmr026.segment.936)"/>
      <nite:child href="Bmr026.B.segs.xml#id(Bmr026.segment.937)"/>
      <nite:child href="Bmr026.D.segs.xml#id(Bmr026.segment.938)..id(Bmr026.segment.940)"/>
      <nite:child href="Bmr026.B.segs.xml#id(Bmr026.segment.942)"/>
      <nite:child href="Bmr026.D.segs.xml#id(Bmr026.segment.941)"/>
      <nite:child href="Bmr026.B.segs.xml#id(Bmr026.segment.943)"/>
      <nite:child href="Bmr026.D.segs.xml#id(Bmr026.segment.944)"/>
      <nite:child href="Bmr026.B.segs.xml#id(Bmr026.segment.945)"/>
      <nite:child href="Bmr026.D.segs.xml#id(Bmr026.segment.946)"/>
      <nite:child href="Bmr026.B.segs.xml#id(Bmr026.segment.947)"/>
      <nite:child href="Bmr026.D.segs.xml#id(Bmr026.segment.948)"/>
      <nite:child href="Bmr026.F.segs.xml#id(Bmr026.segment.949)"/>
      <nite:child href="Bmr026.B.segs.xml#id(Bmr026.segment.950)..id(Bmr026.segment.955)"/>
      <nite:child href="Bmr026.D.segs.xml#id(Bmr026.segment.956)..id(Bmr026.segment.959)"/>
      <nite:child href="Bmr026.B.segs.xml#id(Bmr026.segment.960)"/>
      <nite:child href="Bmr026.D.segs.xml#id(Bmr026.segment.961)..id(Bmr026.segment.963)"/>
      <nite:child href="Bmr026.F.segs.xml#id(Bmr026.segment.964)"/>
      <nite:child href="Bmr026.B.segs.xml#id(Bmr026.segment.965)"/>
      <nite:child href="Bmr026.D.segs.xml#id(Bmr026.segment.966)..id(Bmr026.segment.967)"/>
      <nite:child href="Bmr026.F.segs.xml#id(Bmr026.segment.968)..id(Bmr026.segment.969)"/>
      <nite:child href="Bmr026.D.segs.xml#id(Bmr026.segment.970)"/>
      <nite:child href="Bmr026.F.segs.xml#id(Bmr026.segment.971)..id(Bmr026.segment.973)"/>
      <nite:child href="Bmr026.D.segs.xml#id(Bmr026.segment.974)..id(Bmr026.segment.975)"/>
      <nite:child href="Bmr026.A.segs.xml#id(Bmr026.segment.976)..id(Bmr026.segment.977)"/>
      <nite:child href="Bmr026.B.segs.xml#id(Bmr026.segment.978)..id(Bmr026.segment.979)"/>
      <nite:child href="Bmr026.D.segs.xml#id(Bmr026.segment.980)..id(Bmr026.segment.983)"/>
      <nite:child href="Bmr026.F.segs.xml#id(Bmr026.segment.984)"/>
      <nite:child href="Bmr026.D.segs.xml#id(Bmr026.segment.985)"/>
      <nite:child href="Bmr026.A.segs.xml#id(Bmr026.segment.986)"/>
      <nite:child href="Bmr026.D.segs.xml#id(Bmr026.segment.987)"/>
      <nite:child href="Bmr026.B.segs.xml#id(Bmr026.segment.988)"/>
      <nite:child href="Bmr026.D.segs.xml#id(Bmr026.segment.989)"/>
      <nite:child href="Bmr026.B.segs.xml#id(Bmr026.segment.990)"/>
      <nite:child href="Bmr026.D.segs.xml#id(Bmr026.segment.991)"/>
      <nite:child href="Bmr026.B.segs.xml#id(Bmr026.segment.992)"/>
      <nite:child href="Bmr026.D.segs.xml#id(Bmr026.segment.993)..id(Bmr026.segment.995)"/>
      <nite:child href="Bmr026.A.segs.xml#id(Bmr026.segment.996)"/>
      <nite:child href="Bmr026.B.segs.xml#id(Bmr026.segment.997)"/>
      <nite:child href="Bmr026.A.segs.xml#id(Bmr026.segment.998)..id(Bmr026.segment.999)"/>
      <nite:child href="Bmr026.D.segs.xml#id(Bmr026.segment.1,000)"/>
      <nite:child href="Bmr026.B.segs.xml#id(Bmr026.segment.1,001)"/>
      <nite:child href="Bmr026.A.segs.xml#id(Bmr026.segment.1,002)"/>
      <nite:child href="Bmr026.D.segs.xml#id(Bmr026.segment.1,003)"/>
      <nite:child href="Bmr026.A.segs.xml#id(Bmr026.segment.1,004)"/>
      <nite:child href="Bmr026.D.segs.xml#id(Bmr026.segment.1,005)..id(Bmr026.segment.1,006)"/>
      <nite:child href="Bmr026.A.segs.xml#id(Bmr026.segment.1,007)"/>
      <nite:child href="Bmr026.B.segs.xml#id(Bmr026.segment.1,008)"/>
      <nite:child href="Bmr026.D.segs.xml#id(Bmr026.segment.1,009)..id(Bmr026.segment.1,011)"/>
      <nite:child href="Bmr026.B.segs.xml#id(Bmr026.segment.1,012)"/>
      <nite:child href="Bmr026.A.segs.xml#id(Bmr026.segment.1,013)"/>
      <nite:child href="Bmr026.D.segs.xml#id(Bmr026.segment.1,014)"/>
      <nite:child href="Bmr026.B.segs.xml#id(Bmr026.segment.1,015)"/>
      <nite:child href="Bmr026.D.segs.xml#id(Bmr026.segment.1,016)"/>
      <nite:child href="Bmr026.A.segs.xml#id(Bmr026.segment.1,017)"/>
      <nite:child href="Bmr026.B.segs.xml#id(Bmr026.segment.1,018)"/>
      <nite:child href="Bmr026.D.segs.xml#id(Bmr026.segment.1,019)..id(Bmr026.segment.1,020)"/>
      <nite:child href="Bmr026.B.segs.xml#id(Bmr026.segment.1,021)..id(Bmr026.segment.1,022)"/>
      <nite:child href="Bmr026.D.segs.xml#id(Bmr026.segment.1,023)"/>
      <nite:child href="Bmr026.B.segs.xml#id(Bmr026.segment.1,025)"/>
      <nite:child href="Bmr026.D.segs.xml#id(Bmr026.segment.1,026)"/>
      <nite:child href="Bmr026.A.segs.xml#id(Bmr026.segment.1,024)"/>
      <nite:child href="Bmr026.E.segs.xml#id(Bmr026.segment.1,027)"/>
      <nite:child href="Bmr026.F.segs.xml#id(Bmr026.segment.1,028)"/>
      <nite:child href="Bmr026.A.segs.xml#id(Bmr026.segment.1,029)"/>
      <nite:child href="Bmr026.E.segs.xml#id(Bmr026.segment.1,030)"/>
      <nite:child href="Bmr026.C.segs.xml#id(Bmr026.segment.1,031)"/>
      <nite:child href="Bmr026.F.segs.xml#id(Bmr026.segment.1,032)"/>
      <nite:child href="Bmr026.C.segs.xml#id(Bmr026.segment.1,033)"/>
      <nite:child href="Bmr026.F.segs.xml#id(Bmr026.segment.1,034)"/>
      <nite:child href="Bmr026.B.segs.xml#id(Bmr026.segment.1,035)..id(Bmr026.segment.1,037)"/>
      <nite:child href="Bmr026.D.segs.xml#id(Bmr026.segment.1,038)..id(Bmr026.segment.1,039)"/>
      <nite:child href="Bmr026.B.segs.xml#id(Bmr026.segment.1,040)"/>
      <nite:child href="Bmr026.D.segs.xml#id(Bmr026.segment.1,041)"/>
      <nite:child href="Bmr026.B.segs.xml#id(Bmr026.segment.1,042)..id(Bmr026.segment.1,044)"/>
      <nite:child href="Bmr026.A.segs.xml#id(Bmr026.segment.1,045)"/>
      <nite:child href="Bmr026.B.segs.xml#id(Bmr026.segment.1,046)"/>
      <nite:child href="Bmr026.D.segs.xml#id(Bmr026.segment.1,047)"/>
      <nite:child href="Bmr026.F.segs.xml#id(Bmr026.segment.1,048)"/>
      <nite:child href="Bmr026.B.segs.xml#id(Bmr026.segment.1,049)..id(Bmr026.segment.1,050)"/>
      <nite:child href="Bmr026.A.segs.xml#id(Bmr026.segment.1,051)"/>
      <nite:child href="Bmr026.B.segs.xml#id(Bmr026.segment.1,052)"/>
      <nite:child href="Bmr026.A.segs.xml#id(Bmr026.segment.1,053)"/>
      <nite:child href="Bmr026.B.segs.xml#id(Bmr026.segment.1,054)..id(Bmr026.segment.1,055)"/>
      <nite:child href="Bmr026.D.segs.xml#id(Bmr026.segment.1,056)..id(Bmr026.segment.1,058)"/>
      <nite:child href="Bmr026.B.segs.xml#id(Bmr026.segment.1,059)..id(Bmr026.segment.1,062)"/>
      <nite:child href="Bmr026.D.segs.xml#id(Bmr026.segment.1,063)"/>
      <nite:child href="Bmr026.B.segs.xml#id(Bmr026.segment.1,064)..id(Bmr026.segment.1,068)"/>
      <nite:child href="Bmr026.D.segs.xml#id(Bmr026.segment.1,069)..id(Bmr026.segment.1,070)"/>
      <nite:child href="Bmr026.B.segs.xml#id(Bmr026.segment.1,071)"/>
      <nite:child href="Bmr026.F.segs.xml#id(Bmr026.segment.1,072)..id(Bmr026.segment.1,073)"/>
      <nite:child href="Bmr026.D.segs.xml#id(Bmr026.segment.1,074)"/>
      <nite:child href="Bmr026.F.segs.xml#id(Bmr026.segment.1,075)"/>
      <nite:child href="Bmr026.B.segs.xml#id(Bmr026.segment.1,076)"/>
      <nite:child href="Bmr026.F.segs.xml#id(Bmr026.segment.1,077)"/>
      <nite:child href="Bmr026.B.segs.xml#id(Bmr026.segment.1,078)"/>
      <nite:child href="Bmr026.F.segs.xml#id(Bmr026.segment.1,079)"/>
      <nite:child href="Bmr026.D.segs.xml#id(Bmr026.segment.1,080)..id(Bmr026.segment.1,081)"/>
      <nite:child href="Bmr026.F.segs.xml#id(Bmr026.segment.1,082)"/>
      <nite:child href="Bmr026.D.segs.xml#id(Bmr026.segment.1,083)"/>
      <nite:child href="Bmr026.F.segs.xml#id(Bmr026.segment.1,084)"/>
      <nite:child href="Bmr026.D.segs.xml#id(Bmr026.segment.1,085)"/>
      <nite:child href="Bmr026.A.segs.xml#id(Bmr026.segment.1,086)"/>
      <nite:child href="Bmr026.F.segs.xml#id(Bmr026.segment.1,088)"/>
      <nite:child href="Bmr026.D.segs.xml#id(Bmr026.segment.1,089)"/>
      <nite:child href="Bmr026.A.segs.xml#id(Bmr026.segment.1,090)"/>
      <nite:child href="Bmr026.E.segs.xml#id(Bmr026.segment.1,091)"/>
      <nite:child href="Bmr026.A.segs.xml#id(Bmr026.segment.1,092)"/>
      <nite:child href="Bmr026.D.segs.xml#id(Bmr026.segment.1,093)"/>
      <nite:child href="Bmr026.A.segs.xml#id(Bmr026.segment.1,094)"/>
      <nite:child href="Bmr026.D.segs.xml#id(Bmr026.segment.1,095)"/>
      <nite:child href="Bmr026.A.segs.xml#id(Bmr026.segment.1,096)"/>
      <nite:child href="Bmr026.B.segs.xml#id(Bmr026.segment.1,097)"/>
      <nite:child href="Bmr026.F.segs.xml#id(Bmr026.segment.1,098)"/>
      <nite:child href="Bmr026.D.segs.xml#id(Bmr026.segment.1,099)"/>
      <nite:child href="Bmr026.B.segs.xml#id(Bmr026.segment.1,100)"/>
      <nite:child href="Bmr026.A.segs.xml#id(Bmr026.segment.1,101)"/>
      <nite:child href="Bmr026.B.segs.xml#id(Bmr026.segment.1,102)"/>
      <nite:child href="Bmr026.F.segs.xml#id(Bmr026.segment.1,103)"/>
      <nite:child href="Bmr026.B.segs.xml#id(Bmr026.segment.1,104)..id(Bmr026.segment.1,105)"/>
      <nite:child href="Bmr026.D.segs.xml#id(Bmr026.segment.1,106)"/>
      <nite:child href="Bmr026.B.segs.xml#id(Bmr026.segment.1,107)"/>
      <nite:child href="Bmr026.F.segs.xml#id(Bmr026.segment.1,108)"/>
      <nite:child href="Bmr026.B.segs.xml#id(Bmr026.segment.1,109)"/>
      <nite:child href="Bmr026.F.segs.xml#id(Bmr026.segment.1,110)"/>
      <nite:child href="Bmr026.B.segs.xml#id(Bmr026.segment.1,111)"/>
      <nite:child href="Bmr026.F.segs.xml#id(Bmr026.segment.1,112)"/>
      <nite:child href="Bmr026.B.segs.xml#id(Bmr026.segment.1,113)"/>
      <nite:child href="Bmr026.A.segs.xml#id(Bmr026.segment.1,114)"/>
      <nite:child href="Bmr026.D.segs.xml#id(Bmr026.segment.1,115)"/>
      <nite:child href="Bmr026.A.segs.xml#id(Bmr026.segment.1,116)"/>
      <nite:child href="Bmr026.B.segs.xml#id(Bmr026.segment.1,117)"/>
      <nite:child href="Bmr026.A.segs.xml#id(Bmr026.segment.1,118)"/>
      <nite:child href="Bmr026.D.segs.xml#id(Bmr026.segment.1,119)"/>
      <nite:child href="Bmr026.B.segs.xml#id(Bmr026.segment.1,120)"/>
      <nite:child href="Bmr026.A.segs.xml#id(Bmr026.segment.1,121)"/>
      <nite:child href="Bmr026.B.segs.xml#id(Bmr026.segment.1,122)"/>
      <nite:child href="Bmr026.D.segs.xml#id(Bmr026.segment.1,123)"/>
      <nite:child href="Bmr026.B.segs.xml#id(Bmr026.segment.1,124)..id(Bmr026.segment.1,125)"/>
      <nite:child href="Bmr026.D.segs.xml#id(Bmr026.segment.1,126)"/>
      <nite:child href="Bmr026.B.segs.xml#id(Bmr026.segment.1,127)..id(Bmr026.segment.1,130)"/>
      <nite:child href="Bmr026.F.segs.xml#id(Bmr026.segment.1,131)"/>
      <nite:child href="Bmr026.B.segs.xml#id(Bmr026.segment.1,132)..id(Bmr026.segment.1,133)"/>
      <nite:child href="Bmr026.D.segs.xml#id(Bmr026.segment.1,134)"/>
      <nite:child href="Bmr026.F.segs.xml#id(Bmr026.segment.1,135)"/>
      <nite:child href="Bmr026.B.segs.xml#id(Bmr026.segment.1,136)"/>
      <nite:child href="Bmr026.D.segs.xml#id(Bmr026.segment.1,137)"/>
      <nite:child href="Bmr026.B.segs.xml#id(Bmr026.segment.1,138)..id(Bmr026.segment.1,140)"/>
      <nite:child href="Bmr026.A.segs.xml#id(Bmr026.segment.1,141)..id(Bmr026.segment.1,142)"/>
      <nite:child href="Bmr026.F.segs.xml#id(Bmr026.segment.1,143)..id(Bmr026.segment.1,144)"/>
      <nite:child href="Bmr026.D.segs.xml#id(Bmr026.segment.1,145)"/>
      <nite:child href="Bmr026.B.segs.xml#id(Bmr026.segment.1,146)"/>
      <nite:child href="Bmr026.F.segs.xml#id(Bmr026.segment.1,147)"/>
      <nite:child href="Bmr026.D.segs.xml#id(Bmr026.segment.1,148)"/>
      <nite:child href="Bmr026.F.segs.xml#id(Bmr026.segment.1,149)"/>
      <nite:child href="Bmr026.B.segs.xml#id(Bmr026.segment.1,150)"/>
      <nite:child href="Bmr026.F.segs.xml#id(Bmr026.segment.1,151)"/>
      <nite:child href="Bmr026.B.segs.xml#id(Bmr026.segment.1,152)..id(Bmr026.segment.1,161)"/>
      <nite:child href="Bmr026.D.segs.xml#id(Bmr026.segment.1,162)"/>
      <nite:child href="Bmr026.B.segs.xml#id(Bmr026.segment.1,163)"/>
      <nite:child href="Bmr026.D.segs.xml#id(Bmr026.segment.1,164)"/>
      <nite:child href="Bmr026.B.segs.xml#id(Bmr026.segment.1,165)"/>
   </topic>
   <topic nite:id="Bmr026.topic.8" description="digits">
      <nite:child href="Bmr026.D.segs.xml#id(Bmr026.segment.1,166)"/>
      <nite:child href="Bmr026.D.segs.xml#id(Bmr026.segment.1,170)"/>
      <nite:child href="Bmr026.F.segs.xml#id(Bmr026.segment.1,171)"/>
      <nite:child href="Bmr026.B.segs.xml#id(Bmr026.segment.1,172)..id(Bmr026.segment.1,173)"/>
      <nite:child href="Bmr026.A.segs.xml#id(Bmr026.segment.1,174)"/>
      <nite:child href="Bmr026.B.segs.xml#id(Bmr026.segment.1,175)"/>
      <nite:child href="Bmr026.E.segs.xml#id(Bmr026.segment.1,176)"/>
      <nite:child href="Bmr026.C.segs.xml#id(Bmr026.segment.1,178)"/>
      <nite:child href="Bmr026.E.segs.xml#id(Bmr026.segment.1,177)"/>
      <nite:child href="Bmr026.B.segs.xml#id(Bmr026.segment.1,179)..id(Bmr026.segment.1,180)"/>
      <nite:child href="Bmr026.A.segs.xml#id(Bmr026.segment.1,181)"/>
      <nite:child href="Bmr026.B.segs.xml#id(Bmr026.segment.1,182)..id(Bmr026.segment.1,183)"/>
      <nite:child href="Bmr026.A.segs.xml#id(Bmr026.segment.1,184)..id(Bmr026.segment.1,185)"/>
      <nite:child href="Bmr026.E.segs.xml#id(Bmr026.segment.1,186)"/>
      <nite:child href="Bmr026.C.segs.xml#id(Bmr026.segment.1,187)"/>
      <nite:child href="Bmr026.A.segs.xml#id(Bmr026.segment.1,188)..id(Bmr026.segment.1,190)"/>
      <nite:child href="Bmr026.F.segs.xml#id(Bmr026.segment.1,191)"/>
      <nite:child href="Bmr026.A.segs.xml#id(Bmr026.segment.1,192)..id(Bmr026.segment.1,198)"/>
      <nite:child href="Bmr026.B.segs.xml#id(Bmr026.segment.1,199)..id(Bmr026.segment.1,202)"/>
      <nite:child href="Bmr026.F.segs.xml#id(Bmr026.segment.1,203)"/>
      <nite:child href="Bmr026.B.segs.xml#id(Bmr026.segment.1,204)"/>
      <nite:child href="Bmr026.F.segs.xml#id(Bmr026.segment.1,205)"/>
      <nite:child href="Bmr026.B.segs.xml#id(Bmr026.segment.1,206)..id(Bmr026.segment.1,209)"/>
      <nite:child href="Bmr026.C.segs.xml#id(Bmr026.segment.1,210)..id(Bmr026.segment.1,218)"/>
      <nite:child href="Bmr026.E.segs.xml#id(Bmr026.segment.1,219)..id(Bmr026.segment.1,227)"/>
      <nite:child href="Bmr026.F.segs.xml#id(Bmr026.segment.1,228)..id(Bmr026.segment.1,237)"/>
      <nite:child href="Bmr026.B.segs.xml#id(Bmr026.segment.1,238)..id(Bmr026.segment.1,239)"/>
      <nite:child href="Bmr026.F.segs.xml#id(Bmr026.segment.1,240)"/>
   </topic>
</nite:root>