<?xml version="1.0" encoding="ISO-8859-1" standalone="yes"?>
<nite:root nite:id="Bmr029.topic" xmlns:nite="http://nite.sourceforge.net/">
   <topic nite:id="Bmr029.topic.1">
      <nite:child href="Bmr029.A.segs.xml#id(Bmr029.segment.1)"/>
      <nite:child href="Bmr029.C.segs.xml#id(Bmr029.segment.2)..id(Bmr029.segment.4)"/>
      <nite:child href="Bmr029.F.segs.xml#id(Bmr029.segment.5)"/>
      <nite:child href="Bmr029.C.segs.xml#id(Bmr029.segment.6)"/>
      <nite:child href="Bmr029.F.segs.xml#id(Bmr029.segment.8)"/>
      <nite:child href="Bmr029.C.segs.xml#id(Bmr029.segment.7)..id(Bmr029.segment.9)"/>
      <nite:child href="Bmr029.F.segs.xml#id(Bmr029.segment.10)..id(Bmr029.segment.12)"/>
      <nite:child href="Bmr029.A.segs.xml#id(Bmr029.segment.13)"/>
      <nite:child href="Bmr029.F.segs.xml#id(Bmr029.segment.14)"/>
      <nite:child href="Bmr029.C.segs.xml#id(Bmr029.segment.15)..id(Bmr029.segment.16)"/>
      <nite:child href="Bmr029.F.segs.xml#id(Bmr029.segment.17)"/>
      <nite:child href="Bmr029.C.segs.xml#id(Bmr029.segment.18)..id(Bmr029.segment.19)"/>
      <nite:child href="Bmr029.F.segs.xml#id(Bmr029.segment.20)"/>
      <nite:child href="Bmr029.C.segs.xml#id(Bmr029.segment.21)..id(Bmr029.segment.23)"/>
      <nite:child href="Bmr029.F.segs.xml#id(Bmr029.segment.24)"/>
      <nite:child href="Bmr029.C.segs.xml#id(Bmr029.segment.25)..id(Bmr029.segment.30)"/>
      <nite:child href="Bmr029.F.segs.xml#id(Bmr029.segment.31)..id(Bmr029.segment.32)"/>
      <nite:child href="Bmr029.C.segs.xml#id(Bmr029.segment.33)"/>
      <nite:child href="Bmr029.F.segs.xml#id(Bmr029.segment.34)..id(Bmr029.segment.36)"/>
      <nite:child href="Bmr029.C.segs.xml#id(Bmr029.segment.37)"/>
      <nite:child href="Bmr029.F.segs.xml#id(Bmr029.segment.38)..id(Bmr029.segment.39)"/>
      <nite:child href="Bmr029.A.segs.xml#id(Bmr029.segment.40)"/>
      <nite:child href="Bmr029.F.segs.xml#id(Bmr029.segment.41)"/>
      <nite:child href="Bmr029.C.segs.xml#id(Bmr029.segment.42)"/>
      <nite:child href="Bmr029.F.segs.xml#id(Bmr029.segment.43)..id(Bmr029.segment.45)"/>
      <nite:child href="Bmr029.C.segs.xml#id(Bmr029.segment.46)..id(Bmr029.segment.49)"/>
      <nite:child href="Bmr029.F.segs.xml#id(Bmr029.segment.50)..id(Bmr029.segment.55)"/>
      <nite:child href="Bmr029.C.segs.xml#id(Bmr029.segment.56)"/>
      <nite:child href="Bmr029.F.segs.xml#id(Bmr029.segment.57)..id(Bmr029.segment.58)"/>
      <nite:child href="Bmr029.A.segs.xml#id(Bmr029.segment.59)"/>
      <nite:child href="Bmr029.C.segs.xml#id(Bmr029.segment.60)..id(Bmr029.segment.62)"/>
      <nite:child href="Bmr029.F.segs.xml#id(Bmr029.segment.63)"/>
      <nite:child href="Bmr029.C.segs.xml#id(Bmr029.segment.64)"/>
      <nite:child href="Bmr029.F.segs.xml#id(Bmr029.segment.65)..id(Bmr029.segment.67)"/>
      <nite:child href="Bmr029.C.segs.xml#id(Bmr029.segment.68)"/>
      <nite:child href="Bmr029.F.segs.xml#id(Bmr029.segment.69)"/>
      <nite:child href="Bmr029.C.segs.xml#id(Bmr029.segment.70)..id(Bmr029.segment.74)"/>
      <nite:child href="Bmr029.F.segs.xml#id(Bmr029.segment.75)"/>
      <nite:child href="Bmr029.C.segs.xml#id(Bmr029.segment.76)"/>
      <nite:child href="Bmr029.F.segs.xml#id(Bmr029.segment.77)"/>
      <nite:child href="Bmr029.C.segs.xml#id(Bmr029.segment.78)..id(Bmr029.segment.80)"/>
      <nite:child href="Bmr029.F.segs.xml#id(Bmr029.segment.79)"/>
      <nite:child href="Bmr029.C.segs.xml#id(Bmr029.segment.81)..id(Bmr029.segment.82)"/>
      <nite:child href="Bmr029.F.segs.xml#id(Bmr029.segment.83)"/>
      <nite:child href="Bmr029.C.segs.xml#id(Bmr029.segment.84)"/>
      <nite:child href="Bmr029.F.segs.xml#id(Bmr029.segment.85)"/>
      <nite:child href="Bmr029.C.segs.xml#id(Bmr029.segment.86)..id(Bmr029.segment.92)"/>
      <nite:child href="Bmr029.F.segs.xml#id(Bmr029.segment.93)..id(Bmr029.segment.94)"/>
      <nite:child href="Bmr029.C.segs.xml#id(Bmr029.segment.95)..id(Bmr029.segment.98)"/>
      <nite:child href="Bmr029.F.segs.xml#id(Bmr029.segment.99)..id(Bmr029.segment.100)"/>
      <nite:child href="Bmr029.C.segs.xml#id(Bmr029.segment.101)..id(Bmr029.segment.105)"/>
      <nite:child href="Bmr029.F.segs.xml#id(Bmr029.segment.106)"/>
      <nite:child href="Bmr029.C.segs.xml#id(Bmr029.segment.107)..id(Bmr029.segment.108)"/>
      <nite:child href="Bmr029.F.segs.xml#id(Bmr029.segment.109)..id(Bmr029.segment.115)"/>
      <nite:child href="Bmr029.C.segs.xml#id(Bmr029.segment.116)"/>
      <nite:child href="Bmr029.F.segs.xml#id(Bmr029.segment.117)..id(Bmr029.segment.118)"/>
      <nite:child href="Bmr029.C.segs.xml#id(Bmr029.segment.119)"/>
      <nite:child href="Bmr029.F.segs.xml#id(Bmr029.segment.120)"/>
      <nite:child href="Bmr029.C.segs.xml#id(Bmr029.segment.121)..id(Bmr029.segment.124)"/>
      <nite:child href="Bmr029.F.segs.xml#id(Bmr029.segment.126)..id(Bmr029.segment.134)"/>
      <nite:child href="Bmr029.C.segs.xml#id(Bmr029.segment.135)"/>
      <nite:child href="Bmr029.F.segs.xml#id(Bmr029.segment.136)"/>
      <nite:child href="Bmr029.C.segs.xml#id(Bmr029.segment.137)..id(Bmr029.segment.138)"/>
      <nite:child href="Bmr029.A.segs.xml#id(Bmr029.segment.140)"/>
      <nite:child href="Bmr029.C.segs.xml#id(Bmr029.segment.139)"/>
      <nite:child href="Bmr029.F.segs.xml#id(Bmr029.segment.141)..id(Bmr029.segment.144)"/>
      <nite:child href="Bmr029.A.segs.xml#id(Bmr029.segment.145)"/>
      <nite:child href="Bmr029.C.segs.xml#id(Bmr029.segment.146)"/>
      <nite:child href="Bmr029.F.segs.xml#id(Bmr029.segment.147)"/>
      <nite:child href="Bmr029.A.segs.xml#id(Bmr029.segment.148)..id(Bmr029.segment.149)"/>
      <nite:child href="Bmr029.F.segs.xml#id(Bmr029.segment.150)"/>
      <nite:child href="Bmr029.C.segs.xml#id(Bmr029.segment.151)..id(Bmr029.segment.155)"/>
      <nite:child href="Bmr029.F.segs.xml#id(Bmr029.segment.156)"/>
      <nite:child href="Bmr029.C.segs.xml#id(Bmr029.segment.157)..id(Bmr029.segment.160)"/>
      <nite:child href="Bmr029.F.segs.xml#id(Bmr029.segment.161)"/>
      <nite:child href="Bmr029.C.segs.xml#id(Bmr029.segment.162)..id(Bmr029.segment.164)"/>
      <nite:child href="Bmr029.F.segs.xml#id(Bmr029.segment.165)"/>
      <nite:child href="Bmr029.C.segs.xml#id(Bmr029.segment.166)..id(Bmr029.segment.168)"/>
      <nite:child href="Bmr029.F.segs.xml#id(Bmr029.segment.169)..id(Bmr029.segment.170)"/>
      <nite:child href="Bmr029.C.segs.xml#id(Bmr029.segment.171)"/>
      <nite:child href="Bmr029.F.segs.xml#id(Bmr029.segment.172)..id(Bmr029.segment.174)"/>
      <nite:child href="Bmr029.A.segs.xml#id(Bmr029.segment.175)"/>
      <nite:child href="Bmr029.C.segs.xml#id(Bmr029.segment.176)"/>
      <nite:child href="Bmr029.F.segs.xml#id(Bmr029.segment.177)"/>
      <nite:child href="Bmr029.C.segs.xml#id(Bmr029.segment.178)..id(Bmr029.segment.183)"/>
      <nite:child href="Bmr029.A.segs.xml#id(Bmr029.segment.184)"/>
      <nite:child href="Bmr029.F.segs.xml#id(Bmr029.segment.185)"/>
      <nite:child href="Bmr029.C.segs.xml#id(Bmr029.segment.186)"/>
      <nite:child href="Bmr029.A.segs.xml#id(Bmr029.segment.187)..id(Bmr029.segment.189)"/>
      <nite:child href="Bmr029.F.segs.xml#id(Bmr029.segment.190)"/>
      <nite:child href="Bmr029.A.segs.xml#id(Bmr029.segment.191)"/>
      <nite:child href="Bmr029.F.segs.xml#id(Bmr029.segment.192)"/>
      <nite:child href="Bmr029.A.segs.xml#id(Bmr029.segment.193)"/>
      <nite:child href="Bmr029.F.segs.xml#id(Bmr029.segment.194)"/>
      <nite:child href="Bmr029.A.segs.xml#id(Bmr029.segment.195)"/>
      <nite:child href="Bmr029.E.segs.xml#id(Bmr029.segment.196)"/>
      <nite:child href="Bmr029.F.segs.xml#id(Bmr029.segment.197)..id(Bmr029.segment.198)"/>
      <nite:child href="Bmr029.C.segs.xml#id(Bmr029.segment.199)"/>
      <nite:child href="Bmr029.F.segs.xml#id(Bmr029.segment.200)..id(Bmr029.segment.213)"/>
      <nite:child href="Bmr029.A.segs.xml#id(Bmr029.segment.214)"/>
      <nite:child href="Bmr029.F.segs.xml#id(Bmr029.segment.215)"/>
      <nite:child href="Bmr029.A.segs.xml#id(Bmr029.segment.216)"/>
      <nite:child href="Bmr029.F.segs.xml#id(Bmr029.segment.217)..id(Bmr029.segment.223)"/>
      <nite:child href="Bmr029.C.segs.xml#id(Bmr029.segment.224)"/>
      <nite:child href="Bmr029.A.segs.xml#id(Bmr029.segment.225)..id(Bmr029.segment.227)"/>
      <nite:child href="Bmr029.C.segs.xml#id(Bmr029.segment.228)"/>
      <nite:child href="Bmr029.A.segs.xml#id(Bmr029.segment.229)"/>
      <nite:child href="Bmr029.F.segs.xml#id(Bmr029.segment.230)"/>
      <nite:child href="Bmr029.C.segs.xml#id(Bmr029.segment.231)"/>
      <nite:child href="Bmr029.F.segs.xml#id(Bmr029.segment.232)"/>
      <nite:child href="Bmr029.C.segs.xml#id(Bmr029.segment.233)"/>
      <nite:child href="Bmr029.F.segs.xml#id(Bmr029.segment.234)"/>
      <nite:child href="Bmr029.C.segs.xml#id(Bmr029.segment.235)"/>
      <nite:child href="Bmr029.A.segs.xml#id(Bmr029.segment.236)"/>
      <nite:child href="Bmr029.F.segs.xml#id(Bmr029.segment.237)..id(Bmr029.segment.239)"/>
      <nite:child href="Bmr029.C.segs.xml#id(Bmr029.segment.240)"/>
      <nite:child href="Bmr029.F.segs.xml#id(Bmr029.segment.241)"/>
      <nite:child href="Bmr029.C.segs.xml#id(Bmr029.segment.242)..id(Bmr029.segment.245)"/>
      <nite:child href="Bmr029.F.segs.xml#id(Bmr029.segment.246)"/>
      <nite:child href="Bmr029.C.segs.xml#id(Bmr029.segment.247)"/>
      <nite:child href="Bmr029.F.segs.xml#id(Bmr029.segment.248)"/>
      <nite:child href="Bmr029.C.segs.xml#id(Bmr029.segment.249)"/>
      <nite:child href="Bmr029.F.segs.xml#id(Bmr029.segment.250)"/>
      <nite:child href="Bmr029.C.segs.xml#id(Bmr029.segment.251)..id(Bmr029.segment.253)"/>
      <nite:child href="Bmr029.A.segs.xml#id(Bmr029.segment.254)"/>
      <nite:child href="Bmr029.B.segs.xml#id(Bmr029.segment.255)"/>
      <nite:child href="Bmr029.A.segs.xml#id(Bmr029.segment.256)..id(Bmr029.segment.257)"/>
      <nite:child href="Bmr029.C.segs.xml#id(Bmr029.segment.258)"/>
      <nite:child href="Bmr029.A.segs.xml#id(Bmr029.segment.259)"/>
      <nite:child href="Bmr029.B.segs.xml#id(Bmr029.segment.260)"/>
      <nite:child href="Bmr029.A.segs.xml#id(Bmr029.segment.261)"/>
      <nite:child href="Bmr029.F.segs.xml#id(Bmr029.segment.262)"/>
      <nite:child href="Bmr029.C.segs.xml#id(Bmr029.segment.263)..id(Bmr029.segment.264)"/>
      <nite:child href="Bmr029.A.segs.xml#id(Bmr029.segment.265)"/>
      <nite:child href="Bmr029.E.segs.xml#id(Bmr029.segment.266)"/>
      <nite:child href="Bmr029.D.segs.xml#id(Bmr029.segment.267)"/>
      <nite:child href="Bmr029.A.segs.xml#id(Bmr029.segment.268)"/>
      <nite:child href="Bmr029.E.segs.xml#id(Bmr029.segment.269)"/>
      <nite:child href="Bmr029.C.segs.xml#id(Bmr029.segment.270)"/>
      <nite:child href="Bmr029.D.segs.xml#id(Bmr029.segment.271)"/>
      <nite:child href="Bmr029.C.segs.xml#id(Bmr029.segment.272)"/>
      <nite:child href="Bmr029.D.segs.xml#id(Bmr029.segment.273)"/>
      <nite:child href="Bmr029.C.segs.xml#id(Bmr029.segment.274)..id(Bmr029.segment.275)"/>
      <nite:child href="Bmr029.A.segs.xml#id(Bmr029.segment.276)"/>
      <nite:child href="Bmr029.E.segs.xml#id(Bmr029.segment.277)"/>
      <nite:child href="Bmr029.C.segs.xml#id(Bmr029.segment.278)"/>
      <nite:child href="Bmr029.A.segs.xml#id(Bmr029.segment.279)..id(Bmr029.segment.285)"/>
      <nite:child href="Bmr029.C.segs.xml#id(Bmr029.segment.286)..id(Bmr029.segment.287)"/>
      <nite:child href="Bmr029.A.segs.xml#id(Bmr029.segment.288)..id(Bmr029.segment.289)"/>
      <nite:child href="Bmr029.F.segs.xml#id(Bmr029.segment.290)..id(Bmr029.segment.292)"/>
      <nite:child href="Bmr029.A.segs.xml#id(Bmr029.segment.293)"/>
      <nite:child href="Bmr029.F.segs.xml#id(Bmr029.segment.294)..id(Bmr029.segment.295)"/>
      <nite:child href="Bmr029.C.segs.xml#id(Bmr029.segment.296)..id(Bmr029.segment.297)"/>
      <nite:child href="Bmr029.F.segs.xml#id(Bmr029.segment.298)..id(Bmr029.segment.299)"/>
      <nite:child href="Bmr029.C.segs.xml#id(Bmr029.segment.300)"/>
      <nite:child href="Bmr029.A.segs.xml#id(Bmr029.segment.301)"/>
      <nite:child href="Bmr029.E.segs.xml#id(Bmr029.segment.302)"/>
      <nite:child href="Bmr029.F.segs.xml#id(Bmr029.segment.303)"/>
      <nite:child href="Bmr029.C.segs.xml#id(Bmr029.segment.304)"/>
      <nite:child href="Bmr029.D.segs.xml#id(Bmr029.segment.305)"/>
      <nite:child href="Bmr029.F.segs.xml#id(Bmr029.segment.306)..id(Bmr029.segment.310)"/>
      <nite:child href="Bmr029.E.segs.xml#id(Bmr029.segment.311)"/>
      <nite:child href="Bmr029.F.segs.xml#id(Bmr029.segment.312)..id(Bmr029.segment.316)"/>
      <nite:child href="Bmr029.C.segs.xml#id(Bmr029.segment.317)"/>
      <nite:child href="Bmr029.F.segs.xml#id(Bmr029.segment.318)..id(Bmr029.segment.323)"/>
      <nite:child href="Bmr029.A.segs.xml#id(Bmr029.segment.322)"/>
      <nite:child href="Bmr029.F.segs.xml#id(Bmr029.segment.324)"/>
      <nite:child href="Bmr029.C.segs.xml#id(Bmr029.segment.325)"/>
      <nite:child href="Bmr029.F.segs.xml#id(Bmr029.segment.326)..id(Bmr029.segment.327)"/>
      <nite:child href="Bmr029.A.segs.xml#id(Bmr029.segment.328)..id(Bmr029.segment.329)"/>
      <nite:child href="Bmr029.C.segs.xml#id(Bmr029.segment.330)..id(Bmr029.segment.331)"/>
      <nite:child href="Bmr029.F.segs.xml#id(Bmr029.segment.332)"/>
      <nite:child href="Bmr029.A.segs.xml#id(Bmr029.segment.333)"/>
      <nite:child href="Bmr029.F.segs.xml#id(Bmr029.segment.334)..id(Bmr029.segment.335)"/>
      <nite:child href="Bmr029.A.segs.xml#id(Bmr029.segment.336)..id(Bmr029.segment.337)"/>
      <nite:child href="Bmr029.F.segs.xml#id(Bmr029.segment.338)..id(Bmr029.segment.340)"/>
      <nite:child href="Bmr029.A.segs.xml#id(Bmr029.segment.341)"/>
      <nite:child href="Bmr029.F.segs.xml#id(Bmr029.segment.342)"/>
      <nite:child href="Bmr029.A.segs.xml#id(Bmr029.segment.343)"/>
      <nite:child href="Bmr029.F.segs.xml#id(Bmr029.segment.344)..id(Bmr029.segment.346)"/>
      <nite:child href="Bmr029.A.segs.xml#id(Bmr029.segment.347)"/>
      <nite:child href="Bmr029.F.segs.xml#id(Bmr029.segment.348)..id(Bmr029.segment.352)"/>
      <nite:child href="Bmr029.C.segs.xml#id(Bmr029.segment.353)"/>
      <nite:child href="Bmr029.F.segs.xml#id(Bmr029.segment.354)..id(Bmr029.segment.356)"/>
      <nite:child href="Bmr029.A.segs.xml#id(Bmr029.segment.357)"/>
      <nite:child href="Bmr029.F.segs.xml#id(Bmr029.segment.358)..id(Bmr029.segment.359)"/>
      <nite:child href="Bmr029.A.segs.xml#id(Bmr029.segment.360)"/>
      <nite:child href="Bmr029.F.segs.xml#id(Bmr029.segment.361)"/>
      <nite:child href="Bmr029.C.segs.xml#id(Bmr029.segment.362)"/>
      <nite:child href="Bmr029.A.segs.xml#id(Bmr029.segment.363)"/>
      <nite:child href="Bmr029.C.segs.xml#id(Bmr029.segment.364)..id(Bmr029.segment.365)"/>
      <nite:child href="Bmr029.F.segs.xml#id(Bmr029.segment.366)"/>
      <nite:child href="Bmr029.C.segs.xml#id(Bmr029.segment.367)"/>
      <nite:child href="Bmr029.F.segs.xml#id(Bmr029.segment.368)"/>
      <nite:child href="Bmr029.C.segs.xml#id(Bmr029.segment.369)..id(Bmr029.segment.371)"/>
      <nite:child href="Bmr029.F.segs.xml#id(Bmr029.segment.372)..id(Bmr029.segment.374)"/>
      <nite:child href="Bmr029.A.segs.xml#id(Bmr029.segment.375)..id(Bmr029.segment.376)"/>
      <nite:child href="Bmr029.C.segs.xml#id(Bmr029.segment.377)..id(Bmr029.segment.378)"/>
      <nite:child href="Bmr029.E.segs.xml#id(Bmr029.segment.379)"/>
      <nite:child href="Bmr029.F.segs.xml#id(Bmr029.segment.380)..id(Bmr029.segment.381)"/>
      <nite:child href="Bmr029.C.segs.xml#id(Bmr029.segment.382)"/>
      <nite:child href="Bmr029.E.segs.xml#id(Bmr029.segment.383)..id(Bmr029.segment.384)"/>
      <nite:child href="Bmr029.F.segs.xml#id(Bmr029.segment.385)..id(Bmr029.segment.387)"/>
      <nite:child href="Bmr029.C.segs.xml#id(Bmr029.segment.388)..id(Bmr029.segment.389)"/>
      <nite:child href="Bmr029.F.segs.xml#id(Bmr029.segment.390)..id(Bmr029.segment.392)"/>
      <nite:child href="Bmr029.C.segs.xml#id(Bmr029.segment.393)..id(Bmr029.segment.394)"/>
      <nite:child href="Bmr029.F.segs.xml#id(Bmr029.segment.395)..id(Bmr029.segment.398)"/>
      <nite:child href="Bmr029.C.segs.xml#id(Bmr029.segment.399)"/>
      <nite:child href="Bmr029.F.segs.xml#id(Bmr029.segment.400)..id(Bmr029.segment.407)"/>
      <nite:child href="Bmr029.C.segs.xml#id(Bmr029.segment.408)"/>
      <nite:child href="Bmr029.F.segs.xml#id(Bmr029.segment.409)"/>
      <nite:child href="Bmr029.C.segs.xml#id(Bmr029.segment.410)"/>
      <nite:child href="Bmr029.F.segs.xml#id(Bmr029.segment.411)"/>
      <nite:child href="Bmr029.C.segs.xml#id(Bmr029.segment.412)"/>
      <nite:child href="Bmr029.F.segs.xml#id(Bmr029.segment.413)"/>
      <nite:child href="Bmr029.C.segs.xml#id(Bmr029.segment.414)"/>
      <nite:child href="Bmr029.F.segs.xml#id(Bmr029.segment.415)..id(Bmr029.segment.416)"/>
      <nite:child href="Bmr029.A.segs.xml#id(Bmr029.segment.417)..id(Bmr029.segment.422)"/>
      <nite:child href="Bmr029.F.segs.xml#id(Bmr029.segment.423)"/>
      <nite:child href="Bmr029.A.segs.xml#id(Bmr029.segment.424)..id(Bmr029.segment.425)"/>
      <nite:child href="Bmr029.C.segs.xml#id(Bmr029.segment.426)..id(Bmr029.segment.427)"/>
      <nite:child href="Bmr029.A.segs.xml#id(Bmr029.segment.428)..id(Bmr029.segment.432)"/>
      <nite:child href="Bmr029.C.segs.xml#id(Bmr029.segment.433)..id(Bmr029.segment.434)"/>
      <nite:child href="Bmr029.A.segs.xml#id(Bmr029.segment.435)"/>
      <nite:child href="Bmr029.C.segs.xml#id(Bmr029.segment.436)..id(Bmr029.segment.442)"/>
      <nite:child href="Bmr029.F.segs.xml#id(Bmr029.segment.443)"/>
      <nite:child href="Bmr029.C.segs.xml#id(Bmr029.segment.444)..id(Bmr029.segment.445)"/>
      <nite:child href="Bmr029.F.segs.xml#id(Bmr029.segment.446)"/>
      <nite:child href="Bmr029.C.segs.xml#id(Bmr029.segment.447)..id(Bmr029.segment.448)"/>
      <nite:child href="Bmr029.A.segs.xml#id(Bmr029.segment.449)"/>
      <nite:child href="Bmr029.C.segs.xml#id(Bmr029.segment.450)"/>
      <nite:child href="Bmr029.A.segs.xml#id(Bmr029.segment.451)..id(Bmr029.segment.452)"/>
      <nite:child href="Bmr029.C.segs.xml#id(Bmr029.segment.453)"/>
      <nite:child href="Bmr029.A.segs.xml#id(Bmr029.segment.454)"/>
      <nite:child href="Bmr029.C.segs.xml#id(Bmr029.segment.455)"/>
      <nite:child href="Bmr029.A.segs.xml#id(Bmr029.segment.456)"/>
      <nite:child href="Bmr029.C.segs.xml#id(Bmr029.segment.457)"/>
      <nite:child href="Bmr029.B.segs.xml#id(Bmr029.segment.458)"/>
      <nite:child href="Bmr029.F.segs.xml#id(Bmr029.segment.459)"/>
      <nite:child href="Bmr029.C.segs.xml#id(Bmr029.segment.460)"/>
      <nite:child href="Bmr029.D.segs.xml#id(Bmr029.segment.461)"/>
      <nite:child href="Bmr029.C.segs.xml#id(Bmr029.segment.462)..id(Bmr029.segment.465)"/>
      <nite:child href="Bmr029.A.segs.xml#id(Bmr029.segment.466)"/>
      <nite:child href="Bmr029.C.segs.xml#id(Bmr029.segment.467)"/>
      <nite:child href="Bmr029.A.segs.xml#id(Bmr029.segment.468)"/>
      <nite:child href="Bmr029.C.segs.xml#id(Bmr029.segment.469)..id(Bmr029.segment.470)"/>
      <nite:child href="Bmr029.A.segs.xml#id(Bmr029.segment.471)"/>
      <nite:child href="Bmr029.C.segs.xml#id(Bmr029.segment.472)"/>
      <nite:child href="Bmr029.F.segs.xml#id(Bmr029.segment.473)"/>
      <nite:child href="Bmr029.C.segs.xml#id(Bmr029.segment.474)"/>
      <nite:child href="Bmr029.F.segs.xml#id(Bmr029.segment.475)..id(Bmr029.segment.477)"/>
      <nite:child href="Bmr029.B.segs.xml#id(Bmr029.segment.478)..id(Bmr029.segment.479)"/>
      <nite:child href="Bmr029.F.segs.xml#id(Bmr029.segment.480)"/>
      <nite:child href="Bmr029.B.segs.xml#id(Bmr029.segment.481)..id(Bmr029.segment.482)"/>
      <nite:child href="Bmr029.F.segs.xml#id(Bmr029.segment.483)"/>
      <nite:child href="Bmr029.B.segs.xml#id(Bmr029.segment.484)"/>
      <nite:child href="Bmr029.F.segs.xml#id(Bmr029.segment.485)"/>
      <nite:child href="Bmr029.B.segs.xml#id(Bmr029.segment.486)..id(Bmr029.segment.487)"/>
      <nite:child href="Bmr029.F.segs.xml#id(Bmr029.segment.488)..id(Bmr029.segment.490)"/>
      <nite:child href="Bmr029.B.segs.xml#id(Bmr029.segment.491)"/>
      <nite:child href="Bmr029.F.segs.xml#id(Bmr029.segment.492)"/>
      <nite:child href="Bmr029.A.segs.xml#id(Bmr029.segment.493)"/>
      <nite:child href="Bmr029.B.segs.xml#id(Bmr029.segment.494)"/>
      <nite:child href="Bmr029.C.segs.xml#id(Bmr029.segment.495)..id(Bmr029.segment.496)"/>
      <nite:child href="Bmr029.F.segs.xml#id(Bmr029.segment.497)..id(Bmr029.segment.499)"/>
      <nite:child href="Bmr029.C.segs.xml#id(Bmr029.segment.500)"/>
      <nite:child href="Bmr029.F.segs.xml#id(Bmr029.segment.501)..id(Bmr029.segment.502)"/>
      <nite:child href="Bmr029.C.segs.xml#id(Bmr029.segment.503)"/>
      <nite:child href="Bmr029.F.segs.xml#id(Bmr029.segment.504)..id(Bmr029.segment.512)"/>
      <nite:child href="Bmr029.C.segs.xml#id(Bmr029.segment.514)"/>
      <nite:child href="Bmr029.A.segs.xml#id(Bmr029.segment.513)"/>
      <nite:child href="Bmr029.F.segs.xml#id(Bmr029.segment.515)"/>
      <nite:child href="Bmr029.C.segs.xml#id(Bmr029.segment.516)"/>
      <nite:child href="Bmr029.F.segs.xml#id(Bmr029.segment.517)..id(Bmr029.segment.519)"/>
      <nite:child href="Bmr029.C.segs.xml#id(Bmr029.segment.520)..id(Bmr029.segment.521)"/>
      <nite:child href="Bmr029.F.segs.xml#id(Bmr029.segment.522)"/>
      <nite:child href="Bmr029.A.segs.xml#id(Bmr029.segment.523)"/>
      <nite:child href="Bmr029.F.segs.xml#id(Bmr029.segment.524)..id(Bmr029.segment.527)"/>
      <nite:child href="Bmr029.A.segs.xml#id(Bmr029.segment.528)"/>
      <nite:child href="Bmr029.F.segs.xml#id(Bmr029.segment.529)..id(Bmr029.segment.532)"/>
      <nite:child href="Bmr029.A.segs.xml#id(Bmr029.segment.533)"/>
      <nite:child href="Bmr029.F.segs.xml#id(Bmr029.segment.534)..id(Bmr029.segment.541)"/>
      <nite:child href="Bmr029.C.segs.xml#id(Bmr029.segment.543)"/>
      <nite:child href="Bmr029.A.segs.xml#id(Bmr029.segment.542)"/>
      <nite:child href="Bmr029.C.segs.xml#id(Bmr029.segment.544)..id(Bmr029.segment.552)"/>
      <nite:child href="Bmr029.F.segs.xml#id(Bmr029.segment.553)..id(Bmr029.segment.554)"/>
      <nite:child href="Bmr029.C.segs.xml#id(Bmr029.segment.555)"/>
      <nite:child href="Bmr029.F.segs.xml#id(Bmr029.segment.556)"/>
      <nite:child href="Bmr029.C.segs.xml#id(Bmr029.segment.557)"/>
      <nite:child href="Bmr029.E.segs.xml#id(Bmr029.segment.558)"/>
      <nite:child href="Bmr029.D.segs.xml#id(Bmr029.segment.559)"/>
      <nite:child href="Bmr029.E.segs.xml#id(Bmr029.segment.560)"/>
      <nite:child href="Bmr029.C.segs.xml#id(Bmr029.segment.561)"/>
      <nite:child href="Bmr029.D.segs.xml#id(Bmr029.segment.562)"/>
      <nite:child href="Bmr029.C.segs.xml#id(Bmr029.segment.563)"/>
      <nite:child href="Bmr029.E.segs.xml#id(Bmr029.segment.564)"/>
      <nite:child href="Bmr029.D.segs.xml#id(Bmr029.segment.565)"/>
      <nite:child href="Bmr029.A.segs.xml#id(Bmr029.segment.566)"/>
      <nite:child href="Bmr029.C.segs.xml#id(Bmr029.segment.567)"/>
      <nite:child href="Bmr029.E.segs.xml#id(Bmr029.segment.568)"/>
      <nite:child href="Bmr029.D.segs.xml#id(Bmr029.segment.569)"/>
      <nite:child href="Bmr029.C.segs.xml#id(Bmr029.segment.570)"/>
      <nite:child href="Bmr029.F.segs.xml#id(Bmr029.segment.571)"/>
      <nite:child href="Bmr029.A.segs.xml#id(Bmr029.segment.572)"/>
      <nite:child href="Bmr029.D.segs.xml#id(Bmr029.segment.573)"/>
      <nite:child href="Bmr029.E.segs.xml#id(Bmr029.segment.574)"/>
      <nite:child href="Bmr029.F.segs.xml#id(Bmr029.segment.575)..id(Bmr029.segment.576)"/>
      <nite:child href="Bmr029.C.segs.xml#id(Bmr029.segment.577)"/>
      <nite:child href="Bmr029.F.segs.xml#id(Bmr029.segment.578)"/>
      <nite:child href="Bmr029.C.segs.xml#id(Bmr029.segment.579)"/>
      <nite:child href="Bmr029.F.segs.xml#id(Bmr029.segment.580)"/>
      <nite:child href="Bmr029.A.segs.xml#id(Bmr029.segment.581)..id(Bmr029.segment.582)"/>
      <nite:child href="Bmr029.F.segs.xml#id(Bmr029.segment.583)..id(Bmr029.segment.588)"/>
      <nite:child href="Bmr029.C.segs.xml#id(Bmr029.segment.589)..id(Bmr029.segment.592)"/>
      <nite:child href="Bmr029.F.segs.xml#id(Bmr029.segment.593)"/>
      <nite:child href="Bmr029.C.segs.xml#id(Bmr029.segment.594)..id(Bmr029.segment.595)"/>
      <nite:child href="Bmr029.F.segs.xml#id(Bmr029.segment.596)"/>
      <nite:child href="Bmr029.C.segs.xml#id(Bmr029.segment.597)"/>
      <nite:child href="Bmr029.F.segs.xml#id(Bmr029.segment.598)"/>
      <nite:child href="Bmr029.C.segs.xml#id(Bmr029.segment.599)..id(Bmr029.segment.600)"/>
      <nite:child href="Bmr029.F.segs.xml#id(Bmr029.segment.601)..id(Bmr029.segment.603)"/>
      <nite:child href="Bmr029.C.segs.xml#id(Bmr029.segment.604)"/>
      <nite:child href="Bmr029.F.segs.xml#id(Bmr029.segment.605)..id(Bmr029.segment.606)"/>
      <nite:child href="Bmr029.C.segs.xml#id(Bmr029.segment.607)"/>
      <nite:child href="Bmr029.F.segs.xml#id(Bmr029.segment.608)..id(Bmr029.segment.614)"/>
      <nite:child href="Bmr029.C.segs.xml#id(Bmr029.segment.615)..id(Bmr029.segment.616)"/>
      <nite:child href="Bmr029.F.segs.xml#id(Bmr029.segment.617)"/>
      <nite:child href="Bmr029.E.segs.xml#id(Bmr029.segment.618)"/>
      <nite:child href="Bmr029.F.segs.xml#id(Bmr029.segment.619)..id(Bmr029.segment.621)"/>
      <nite:child href="Bmr029.C.segs.xml#id(Bmr029.segment.622)"/>
      <nite:child href="Bmr029.F.segs.xml#id(Bmr029.segment.623)..id(Bmr029.segment.627)"/>
      <nite:child href="Bmr029.A.segs.xml#id(Bmr029.segment.628)"/>
      <nite:child href="Bmr029.A.segs.xml#id(Bmr029.segment.689)"/>
      <nite:child href="Bmr029.F.segs.xml#id(Bmr029.segment.629)..id(Bmr029.segment.632)"/>
      <nite:child href="Bmr029.C.segs.xml#id(Bmr029.segment.633)..id(Bmr029.segment.639)"/>
      <nite:child href="Bmr029.F.segs.xml#id(Bmr029.segment.640)"/>
      <nite:child href="Bmr029.C.segs.xml#id(Bmr029.segment.641)..id(Bmr029.segment.645)"/>
      <nite:child href="Bmr029.F.segs.xml#id(Bmr029.segment.646)"/>
      <nite:child href="Bmr029.F.segs.xml#id(Bmr029.segment.654)"/>
      <nite:child href="Bmr029.C.segs.xml#id(Bmr029.segment.647)..id(Bmr029.segment.652)"/>
      <nite:child href="Bmr029.F.segs.xml#id(Bmr029.segment.653)"/>
      <nite:child href="Bmr029.F.segs.xml#id(Bmr029.segment.655)..id(Bmr029.segment.661)"/>
      <nite:child href="Bmr029.C.segs.xml#id(Bmr029.segment.662)"/>
      <nite:child href="Bmr029.F.segs.xml#id(Bmr029.segment.663)"/>
      <nite:child href="Bmr029.C.segs.xml#id(Bmr029.segment.664)"/>
      <nite:child href="Bmr029.F.segs.xml#id(Bmr029.segment.665)..id(Bmr029.segment.666)"/>
      <nite:child href="Bmr029.C.segs.xml#id(Bmr029.segment.667)..id(Bmr029.segment.672)"/>
      <nite:child href="Bmr029.A.segs.xml#id(Bmr029.segment.673)"/>
      <nite:child href="Bmr029.F.segs.xml#id(Bmr029.segment.674)"/>
      <nite:child href="Bmr029.C.segs.xml#id(Bmr029.segment.675)..id(Bmr029.segment.676)"/>
      <nite:child href="Bmr029.F.segs.xml#id(Bmr029.segment.677)..id(Bmr029.segment.678)"/>
      <nite:child href="Bmr029.B.segs.xml#id(Bmr029.segment.679)"/>
      <nite:child href="Bmr029.F.segs.xml#id(Bmr029.segment.680)"/>
      <nite:child href="Bmr029.C.segs.xml#id(Bmr029.segment.681)"/>
      <nite:child href="Bmr029.F.segs.xml#id(Bmr029.segment.682)..id(Bmr029.segment.684)"/>
      <nite:child href="Bmr029.C.segs.xml#id(Bmr029.segment.685)"/>
      <nite:child href="Bmr029.F.segs.xml#id(Bmr029.segment.686)..id(Bmr029.segment.687)"/>
      <nite:child href="Bmr029.C.segs.xml#id(Bmr029.segment.688)"/>
      <nite:child href="Bmr029.B.segs.xml#id(Bmr029.segment.690)"/>
      <nite:child href="Bmr029.C.segs.xml#id(Bmr029.segment.691)"/>
      <nite:child href="Bmr029.B.segs.xml#id(Bmr029.segment.692)..id(Bmr029.segment.693)"/>
      <nite:child href="Bmr029.F.segs.xml#id(Bmr029.segment.694)..id(Bmr029.segment.695)"/>
      <nite:child href="Bmr029.C.segs.xml#id(Bmr029.segment.696)"/>
      <nite:child href="Bmr029.F.segs.xml#id(Bmr029.segment.697)"/>
      <nite:child href="Bmr029.C.segs.xml#id(Bmr029.segment.698)..id(Bmr029.segment.706)"/>
      <nite:child href="Bmr029.B.segs.xml#id(Bmr029.segment.707)"/>
      <nite:child href="Bmr029.C.segs.xml#id(Bmr029.segment.708)..id(Bmr029.segment.716)"/>
      <nite:child href="Bmr029.E.segs.xml#id(Bmr029.segment.717)"/>
      <nite:child href="Bmr029.C.segs.xml#id(Bmr029.segment.718)"/>
      <nite:child href="Bmr029.F.segs.xml#id(Bmr029.segment.719)..id(Bmr029.segment.720)"/>
      <nite:child href="Bmr029.C.segs.xml#id(Bmr029.segment.721)..id(Bmr029.segment.723)"/>
      <nite:child href="Bmr029.F.segs.xml#id(Bmr029.segment.724)"/>
      <nite:child href="Bmr029.C.segs.xml#id(Bmr029.segment.725)"/>
      <nite:child href="Bmr029.F.segs.xml#id(Bmr029.segment.726)"/>
      <nite:child href="Bmr029.C.segs.xml#id(Bmr029.segment.727)"/>
      <nite:child href="Bmr029.F.segs.xml#id(Bmr029.segment.728)..id(Bmr029.segment.729)"/>
      <nite:child href="Bmr029.C.segs.xml#id(Bmr029.segment.730)"/>
      <nite:child href="Bmr029.F.segs.xml#id(Bmr029.segment.731)"/>
      <nite:child href="Bmr029.C.segs.xml#id(Bmr029.segment.732)"/>
      <nite:child href="Bmr029.F.segs.xml#id(Bmr029.segment.733)"/>
      <nite:child href="Bmr029.D.segs.xml#id(Bmr029.segment.734)"/>
      <nite:child href="Bmr029.A.segs.xml#id(Bmr029.segment.735)"/>
      <nite:child href="Bmr029.E.segs.xml#id(Bmr029.segment.736)"/>
      <nite:child href="Bmr029.B.segs.xml#id(Bmr029.segment.737)"/>
      <nite:child href="Bmr029.A.segs.xml#id(Bmr029.segment.738)"/>
      <nite:child href="Bmr029.C.segs.xml#id(Bmr029.segment.739)"/>
      <nite:child href="Bmr029.A.segs.xml#id(Bmr029.segment.740)"/>
      <nite:child href="Bmr029.C.segs.xml#id(Bmr029.segment.741)"/>
      <nite:child href="Bmr029.A.segs.xml#id(Bmr029.segment.742)"/>
      <nite:child href="Bmr029.E.segs.xml#id(Bmr029.segment.743)"/>
      <nite:child href="Bmr029.F.segs.xml#id(Bmr029.segment.744)"/>
      <nite:child href="Bmr029.C.segs.xml#id(Bmr029.segment.745)"/>
      <nite:child href="Bmr029.F.segs.xml#id(Bmr029.segment.764)"/>
      <nite:child href="Bmr029.C.segs.xml#id(Bmr029.segment.746)..id(Bmr029.segment.747)"/>
      <nite:child href="Bmr029.F.segs.xml#id(Bmr029.segment.748)"/>
      <nite:child href="Bmr029.C.segs.xml#id(Bmr029.segment.749)..id(Bmr029.segment.753)"/>
      <nite:child href="Bmr029.F.segs.xml#id(Bmr029.segment.754)"/>
      <nite:child href="Bmr029.C.segs.xml#id(Bmr029.segment.755)"/>
      <nite:child href="Bmr029.F.segs.xml#id(Bmr029.segment.756)"/>
      <nite:child href="Bmr029.C.segs.xml#id(Bmr029.segment.757)..id(Bmr029.segment.760)"/>
      <nite:child href="Bmr029.F.segs.xml#id(Bmr029.segment.761)"/>
      <nite:child href="Bmr029.C.segs.xml#id(Bmr029.segment.762)..id(Bmr029.segment.765)"/>
      <nite:child href="Bmr029.D.segs.xml#id(Bmr029.segment.766)"/>
      <nite:child href="Bmr029.F.segs.xml#id(Bmr029.segment.767)"/>
      <nite:child href="Bmr029.A.segs.xml#id(Bmr029.segment.768)"/>
      <nite:child href="Bmr029.F.segs.xml#id(Bmr029.segment.769)..id(Bmr029.segment.773)"/>
      <nite:child href="Bmr029.C.segs.xml#id(Bmr029.segment.774)"/>
      <nite:child href="Bmr029.F.segs.xml#id(Bmr029.segment.775)..id(Bmr029.segment.777)"/>
      <nite:child href="Bmr029.A.segs.xml#id(Bmr029.segment.778)"/>
      <nite:child href="Bmr029.F.segs.xml#id(Bmr029.segment.779)"/>
      <nite:child href="Bmr029.C.segs.xml#id(Bmr029.segment.780)"/>
      <nite:child href="Bmr029.F.segs.xml#id(Bmr029.segment.781)"/>
      <nite:child href="Bmr029.A.segs.xml#id(Bmr029.segment.782)..id(Bmr029.segment.786)"/>
      <nite:child href="Bmr029.F.segs.xml#id(Bmr029.segment.787)..id(Bmr029.segment.788)"/>
      <nite:child href="Bmr029.A.segs.xml#id(Bmr029.segment.789)"/>
      <nite:child href="Bmr029.F.segs.xml#id(Bmr029.segment.790)"/>
      <nite:child href="Bmr029.A.segs.xml#id(Bmr029.segment.791)"/>
      <nite:child href="Bmr029.C.segs.xml#id(Bmr029.segment.792)"/>
      <nite:child href="Bmr029.A.segs.xml#id(Bmr029.segment.793)"/>
      <nite:child href="Bmr029.C.segs.xml#id(Bmr029.segment.794)"/>
      <nite:child href="Bmr029.E.segs.xml#id(Bmr029.segment.795)"/>
      <nite:child href="Bmr029.D.segs.xml#id(Bmr029.segment.796)"/>
      <nite:child href="Bmr029.F.segs.xml#id(Bmr029.segment.797)..id(Bmr029.segment.805)"/>
      <nite:child href="Bmr029.A.segs.xml#id(Bmr029.segment.806)"/>
      <nite:child href="Bmr029.F.segs.xml#id(Bmr029.segment.807)"/>
      <nite:child href="Bmr029.A.segs.xml#id(Bmr029.segment.808)..id(Bmr029.segment.809)"/>
      <nite:child href="Bmr029.F.segs.xml#id(Bmr029.segment.810)..id(Bmr029.segment.811)"/>
      <nite:child href="Bmr029.A.segs.xml#id(Bmr029.segment.812)"/>
      <nite:child href="Bmr029.F.segs.xml#id(Bmr029.segment.813)..id(Bmr029.segment.814)"/>
      <nite:child href="Bmr029.A.segs.xml#id(Bmr029.segment.815)..id(Bmr029.segment.817)"/>
      <nite:child href="Bmr029.F.segs.xml#id(Bmr029.segment.818)"/>
      <nite:child href="Bmr029.A.segs.xml#id(Bmr029.segment.819)"/>
      <nite:child href="Bmr029.F.segs.xml#id(Bmr029.segment.820)..id(Bmr029.segment.821)"/>
      <nite:child href="Bmr029.A.segs.xml#id(Bmr029.segment.822)..id(Bmr029.segment.824)"/>
      <nite:child href="Bmr029.F.segs.xml#id(Bmr029.segment.825)"/>
      <nite:child href="Bmr029.A.segs.xml#id(Bmr029.segment.826)"/>
      <nite:child href="Bmr029.F.segs.xml#id(Bmr029.segment.827)..id(Bmr029.segment.837)"/>
      <nite:child href="Bmr029.A.segs.xml#id(Bmr029.segment.838)"/>
      <nite:child href="Bmr029.F.segs.xml#id(Bmr029.segment.839)"/>
      <nite:child href="Bmr029.A.segs.xml#id(Bmr029.segment.840)"/>
      <nite:child href="Bmr029.F.segs.xml#id(Bmr029.segment.841)..id(Bmr029.segment.842)"/>
      <nite:child href="Bmr029.A.segs.xml#id(Bmr029.segment.843)..id(Bmr029.segment.844)"/>
      <nite:child href="Bmr029.F.segs.xml#id(Bmr029.segment.845)..id(Bmr029.segment.848)"/>
      <nite:child href="Bmr029.A.segs.xml#id(Bmr029.segment.849)..id(Bmr029.segment.851)"/>
      <nite:child href="Bmr029.F.segs.xml#id(Bmr029.segment.852)..id(Bmr029.segment.854)"/>
      <nite:child href="Bmr029.A.segs.xml#id(Bmr029.segment.855)"/>
      <nite:child href="Bmr029.F.segs.xml#id(Bmr029.segment.856)"/>
      <nite:child href="Bmr029.A.segs.xml#id(Bmr029.segment.857)..id(Bmr029.segment.858)"/>
      <nite:child href="Bmr029.F.segs.xml#id(Bmr029.segment.859)"/>
      <nite:child href="Bmr029.A.segs.xml#id(Bmr029.segment.860)"/>
      <nite:child href="Bmr029.F.segs.xml#id(Bmr029.segment.861)"/>
      <nite:child href="Bmr029.A.segs.xml#id(Bmr029.segment.862)..id(Bmr029.segment.864)"/>
      <nite:child href="Bmr029.B.segs.xml#id(Bmr029.segment.865)"/>
      <nite:child href="Bmr029.A.segs.xml#id(Bmr029.segment.866)..id(Bmr029.segment.874)"/>
      <nite:child href="Bmr029.B.segs.xml#id(Bmr029.segment.875)..id(Bmr029.segment.885)"/>
      <nite:child href="Bmr029.A.segs.xml#id(Bmr029.segment.884)"/>
      <nite:child href="Bmr029.B.segs.xml#id(Bmr029.segment.886)"/>
      <nite:child href="Bmr029.F.segs.xml#id(Bmr029.segment.887)"/>
      <nite:child href="Bmr029.B.segs.xml#id(Bmr029.segment.888)..id(Bmr029.segment.896)"/>
      <nite:child href="Bmr029.F.segs.xml#id(Bmr029.segment.898)"/>
      <nite:child href="Bmr029.A.segs.xml#id(Bmr029.segment.897)"/>
      <nite:child href="Bmr029.B.segs.xml#id(Bmr029.segment.899)..id(Bmr029.segment.901)"/>
      <nite:child href="Bmr029.A.segs.xml#id(Bmr029.segment.902)..id(Bmr029.segment.904)"/>
      <nite:child href="Bmr029.C.segs.xml#id(Bmr029.segment.905)..id(Bmr029.segment.906)"/>
      <nite:child href="Bmr029.A.segs.xml#id(Bmr029.segment.907)"/>
      <nite:child href="Bmr029.E.segs.xml#id(Bmr029.segment.908)"/>
      <nite:child href="Bmr029.A.segs.xml#id(Bmr029.segment.909)"/>
      <nite:child href="Bmr029.E.segs.xml#id(Bmr029.segment.910)..id(Bmr029.segment.911)"/>
      <nite:child href="Bmr029.A.segs.xml#id(Bmr029.segment.912)..id(Bmr029.segment.913)"/>
      <nite:child href="Bmr029.F.segs.xml#id(Bmr029.segment.914)..id(Bmr029.segment.915)"/>
      <nite:child href="Bmr029.E.segs.xml#id(Bmr029.segment.916)"/>
      <nite:child href="Bmr029.D.segs.xml#id(Bmr029.segment.917)"/>
      <nite:child href="Bmr029.A.segs.xml#id(Bmr029.segment.918)"/>
      <nite:child href="Bmr029.C.segs.xml#id(Bmr029.segment.919)"/>
      <nite:child href="Bmr029.B.segs.xml#id(Bmr029.segment.920)"/>
      <nite:child href="Bmr029.D.segs.xml#id(Bmr029.segment.921)"/>
      <nite:child href="Bmr029.A.segs.xml#id(Bmr029.segment.922)"/>
      <nite:child href="Bmr029.F.segs.xml#id(Bmr029.segment.923)"/>
      <nite:child href="Bmr029.A.segs.xml#id(Bmr029.segment.924)"/>
      <nite:child href="Bmr029.D.segs.xml#id(Bmr029.segment.925)"/>
      <nite:child href="Bmr029.F.segs.xml#id(Bmr029.segment.926)"/>
      <nite:child href="Bmr029.B.segs.xml#id(Bmr029.segment.927)"/>
      <nite:child href="Bmr029.A.segs.xml#id(Bmr029.segment.928)"/>
      <nite:child href="Bmr029.D.segs.xml#id(Bmr029.segment.929)"/>
      <nite:child href="Bmr029.A.segs.xml#id(Bmr029.segment.931)"/>
      <nite:child href="Bmr029.E.segs.xml#id(Bmr029.segment.930)..id(Bmr029.segment.932)"/>
      <nite:child href="Bmr029.A.segs.xml#id(Bmr029.segment.933)..id(Bmr029.segment.934)"/>
      <nite:child href="Bmr029.F.segs.xml#id(Bmr029.segment.935)"/>
      <nite:child href="Bmr029.A.segs.xml#id(Bmr029.segment.936)"/>
      <nite:child href="Bmr029.E.segs.xml#id(Bmr029.segment.937)"/>
      <nite:child href="Bmr029.A.segs.xml#id(Bmr029.segment.938)..id(Bmr029.segment.940)"/>
      <nite:child href="Bmr029.F.segs.xml#id(Bmr029.segment.941)"/>
      <nite:child href="Bmr029.C.segs.xml#id(Bmr029.segment.942)..id(Bmr029.segment.944)"/>
      <nite:child href="Bmr029.B.segs.xml#id(Bmr029.segment.945)"/>
      <nite:child href="Bmr029.C.segs.xml#id(Bmr029.segment.946)"/>
      <nite:child href="Bmr029.B.segs.xml#id(Bmr029.segment.947)"/>
      <nite:child href="Bmr029.F.segs.xml#id(Bmr029.segment.948)"/>
      <nite:child href="Bmr029.B.segs.xml#id(Bmr029.segment.949)"/>
      <nite:child href="Bmr029.F.segs.xml#id(Bmr029.segment.950)..id(Bmr029.segment.953)"/>
      <nite:child href="Bmr029.B.segs.xml#id(Bmr029.segment.954)"/>
      <nite:child href="Bmr029.F.segs.xml#id(Bmr029.segment.955)"/>
      <nite:child href="Bmr029.B.segs.xml#id(Bmr029.segment.956)"/>
      <nite:child href="Bmr029.F.segs.xml#id(Bmr029.segment.957)..id(Bmr029.segment.958)"/>
      <nite:child href="Bmr029.B.segs.xml#id(Bmr029.segment.959)..id(Bmr029.segment.961)"/>
      <nite:child href="Bmr029.F.segs.xml#id(Bmr029.segment.962)"/>
      <nite:child href="Bmr029.B.segs.xml#id(Bmr029.segment.963)"/>
      <nite:child href="Bmr029.F.segs.xml#id(Bmr029.segment.964)"/>
      <nite:child href="Bmr029.B.segs.xml#id(Bmr029.segment.965)..id(Bmr029.segment.967)"/>
      <nite:child href="Bmr029.F.segs.xml#id(Bmr029.segment.968)..id(Bmr029.segment.972)"/>
      <nite:child href="Bmr029.C.segs.xml#id(Bmr029.segment.973)"/>
      <nite:child href="Bmr029.A.segs.xml#id(Bmr029.segment.974)"/>
      <nite:child href="Bmr029.B.segs.xml#id(Bmr029.segment.975)"/>
      <nite:child href="Bmr029.F.segs.xml#id(Bmr029.segment.976)"/>
      <nite:child href="Bmr029.B.segs.xml#id(Bmr029.segment.977)"/>
      <nite:child href="Bmr029.C.segs.xml#id(Bmr029.segment.978)"/>
      <nite:child href="Bmr029.F.segs.xml#id(Bmr029.segment.979)..id(Bmr029.segment.980)"/>
      <nite:child href="Bmr029.C.segs.xml#id(Bmr029.segment.981)"/>
      <nite:child href="Bmr029.F.segs.xml#id(Bmr029.segment.982)"/>
      <nite:child href="Bmr029.B.segs.xml#id(Bmr029.segment.983)..id(Bmr029.segment.984)"/>
      <nite:child href="Bmr029.F.segs.xml#id(Bmr029.segment.985)..id(Bmr029.segment.986)"/>
      <nite:child href="Bmr029.B.segs.xml#id(Bmr029.segment.987)..id(Bmr029.segment.988)"/>
      <nite:child href="Bmr029.F.segs.xml#id(Bmr029.segment.989)"/>
      <nite:child href="Bmr029.B.segs.xml#id(Bmr029.segment.990)"/>
      <nite:child href="Bmr029.F.segs.xml#id(Bmr029.segment.991)"/>
      <nite:child href="Bmr029.B.segs.xml#id(Bmr029.segment.992)..id(Bmr029.segment.995)"/>
      <nite:child href="Bmr029.F.segs.xml#id(Bmr029.segment.996)..id(Bmr029.segment.998)"/>
      <nite:child href="Bmr029.C.segs.xml#id(Bmr029.segment.999)"/>
      <nite:child href="Bmr029.F.segs.xml#id(Bmr029.segment.1,000)"/>
      <nite:child href="Bmr029.C.segs.xml#id(Bmr029.segment.1,001)"/>
      <nite:child href="Bmr029.B.segs.xml#id(Bmr029.segment.1,002)"/>
      <nite:child href="Bmr029.A.segs.xml#id(Bmr029.segment.1,003)..id(Bmr029.segment.1,005)"/>
      <nite:child href="Bmr029.B.segs.xml#id(Bmr029.segment.1,006)"/>
      <nite:child href="Bmr029.A.segs.xml#id(Bmr029.segment.1,007)"/>
      <nite:child href="Bmr029.F.segs.xml#id(Bmr029.segment.1,008)"/>
      <nite:child href="Bmr029.A.segs.xml#id(Bmr029.segment.1,009)..id(Bmr029.segment.1,014)"/>
      <nite:child href="Bmr029.B.segs.xml#id(Bmr029.segment.1,015)"/>
      <nite:child href="Bmr029.A.segs.xml#id(Bmr029.segment.1,016)"/>
      <nite:child href="Bmr029.C.segs.xml#id(Bmr029.segment.1,017)"/>
      <nite:child href="Bmr029.F.segs.xml#id(Bmr029.segment.1,018)..id(Bmr029.segment.1,020)"/>
      <nite:child href="Bmr029.E.segs.xml#id(Bmr029.segment.1,021)"/>
      <nite:child href="Bmr029.F.segs.xml#id(Bmr029.segment.1,022)..id(Bmr029.segment.1,032)"/>
      <nite:child href="Bmr029.C.segs.xml#id(Bmr029.segment.1,033)"/>
      <nite:child href="Bmr029.F.segs.xml#id(Bmr029.segment.1,034)..id(Bmr029.segment.1,037)"/>
      <nite:child href="Bmr029.A.segs.xml#id(Bmr029.segment.1,038)"/>
      <nite:child href="Bmr029.F.segs.xml#id(Bmr029.segment.1,039)..id(Bmr029.segment.1,041)"/>
      <nite:child href="Bmr029.C.segs.xml#id(Bmr029.segment.1,042)"/>
      <nite:child href="Bmr029.F.segs.xml#id(Bmr029.segment.1,043)"/>
      <nite:child href="Bmr029.C.segs.xml#id(Bmr029.segment.1,044)"/>
      <nite:child href="Bmr029.F.segs.xml#id(Bmr029.segment.1,045)"/>
      <nite:child href="Bmr029.C.segs.xml#id(Bmr029.segment.1,046)..id(Bmr029.segment.1,048)"/>
      <nite:child href="Bmr029.F.segs.xml#id(Bmr029.segment.1,049)"/>
      <nite:child href="Bmr029.C.segs.xml#id(Bmr029.segment.1,050)"/>
      <nite:child href="Bmr029.F.segs.xml#id(Bmr029.segment.1,051)..id(Bmr029.segment.1,052)"/>
      <nite:child href="Bmr029.C.segs.xml#id(Bmr029.segment.1,053)"/>
      <nite:child href="Bmr029.F.segs.xml#id(Bmr029.segment.1,054)..id(Bmr029.segment.1,055)"/>
      <nite:child href="Bmr029.C.segs.xml#id(Bmr029.segment.1,056)"/>
      <nite:child href="Bmr029.F.segs.xml#id(Bmr029.segment.1,057)"/>
      <nite:child href="Bmr029.C.segs.xml#id(Bmr029.segment.1,058)..id(Bmr029.segment.1,059)"/>
      <nite:child href="Bmr029.F.segs.xml#id(Bmr029.segment.1,060)..id(Bmr029.segment.1,061)"/>
      <nite:child href="Bmr029.C.segs.xml#id(Bmr029.segment.1,062)..id(Bmr029.segment.1,063)"/>
      <nite:child href="Bmr029.F.segs.xml#id(Bmr029.segment.1,064)..id(Bmr029.segment.1,067)"/>
      <nite:child href="Bmr029.C.segs.xml#id(Bmr029.segment.1,068)"/>
      <nite:child href="Bmr029.F.segs.xml#id(Bmr029.segment.1,069)..id(Bmr029.segment.1,071)"/>
      <nite:child href="Bmr029.C.segs.xml#id(Bmr029.segment.1,072)"/>
      <nite:child href="Bmr029.F.segs.xml#id(Bmr029.segment.1,073)..id(Bmr029.segment.1,076)"/>
      <nite:child href="Bmr029.A.segs.xml#id(Bmr029.segment.1,077)..id(Bmr029.segment.1,078)"/>
      <nite:child href="Bmr029.F.segs.xml#id(Bmr029.segment.1,079)"/>
      <nite:child href="Bmr029.A.segs.xml#id(Bmr029.segment.1,080)..id(Bmr029.segment.1,085)"/>
      <nite:child href="Bmr029.F.segs.xml#id(Bmr029.segment.1,086)"/>
      <nite:child href="Bmr029.C.segs.xml#id(Bmr029.segment.1,087)..id(Bmr029.segment.1,088)"/>
      <nite:child href="Bmr029.A.segs.xml#id(Bmr029.segment.1,089)..id(Bmr029.segment.1,096)"/>
      <nite:child href="Bmr029.F.segs.xml#id(Bmr029.segment.1,097)"/>
      <nite:child href="Bmr029.C.segs.xml#id(Bmr029.segment.1,098)"/>
      <nite:child href="Bmr029.A.segs.xml#id(Bmr029.segment.1,099)"/>
      <nite:child href="Bmr029.F.segs.xml#id(Bmr029.segment.1,100)"/>
      <nite:child href="Bmr029.C.segs.xml#id(Bmr029.segment.1,101)"/>
      <nite:child href="Bmr029.A.segs.xml#id(Bmr029.segment.1,102)"/>
      <nite:child href="Bmr029.C.segs.xml#id(Bmr029.segment.1,103)"/>
      <nite:child href="Bmr029.F.segs.xml#id(Bmr029.segment.1,104)..id(Bmr029.segment.1,106)"/>
      <nite:child href="Bmr029.A.segs.xml#id(Bmr029.segment.1,107)"/>
      <nite:child href="Bmr029.C.segs.xml#id(Bmr029.segment.1,108)"/>
      <nite:child href="Bmr029.F.segs.xml#id(Bmr029.segment.1,109)..id(Bmr029.segment.1,112)"/>
      <nite:child href="Bmr029.A.segs.xml#id(Bmr029.segment.1,113)"/>
      <nite:child href="Bmr029.F.segs.xml#id(Bmr029.segment.1,114)..id(Bmr029.segment.1,126)"/>
      <nite:child href="Bmr029.A.segs.xml#id(Bmr029.segment.1,127)"/>
      <nite:child href="Bmr029.F.segs.xml#id(Bmr029.segment.1,128)..id(Bmr029.segment.1,133)"/>
      <nite:child href="Bmr029.B.segs.xml#id(Bmr029.segment.1,134)"/>
      <nite:child href="Bmr029.F.segs.xml#id(Bmr029.segment.1,135)"/>
      <nite:child href="Bmr029.A.segs.xml#id(Bmr029.segment.1,137)"/>
      <nite:child href="Bmr029.F.segs.xml#id(Bmr029.segment.1,136)"/>
      <nite:child href="Bmr029.A.segs.xml#id(Bmr029.segment.1,138)..id(Bmr029.segment.1,141)"/>
      <nite:child href="Bmr029.B.segs.xml#id(Bmr029.segment.1,142)"/>
      <nite:child href="Bmr029.A.segs.xml#id(Bmr029.segment.1,143)..id(Bmr029.segment.1,144)"/>
      <nite:child href="Bmr029.B.segs.xml#id(Bmr029.segment.1,145)"/>
      <nite:child href="Bmr029.A.segs.xml#id(Bmr029.segment.1,146)"/>
      <nite:child href="Bmr029.F.segs.xml#id(Bmr029.segment.1,147)"/>
      <nite:child href="Bmr029.A.segs.xml#id(Bmr029.segment.1,148)"/>
      <nite:child href="Bmr029.B.segs.xml#id(Bmr029.segment.1,149)"/>
      <nite:child href="Bmr029.F.segs.xml#id(Bmr029.segment.1,150)..id(Bmr029.segment.1,151)"/>
      <nite:child href="Bmr029.A.segs.xml#id(Bmr029.segment.1,152)..id(Bmr029.segment.1,153)"/>
      <nite:child href="Bmr029.C.segs.xml#id(Bmr029.segment.1,154)"/>
      <nite:child href="Bmr029.F.segs.xml#id(Bmr029.segment.1,155)"/>
      <nite:child href="Bmr029.A.segs.xml#id(Bmr029.segment.1,156)"/>
      <nite:child href="Bmr029.C.segs.xml#id(Bmr029.segment.1,157)"/>
      <nite:child href="Bmr029.A.segs.xml#id(Bmr029.segment.1,158)"/>
      <nite:child href="Bmr029.B.segs.xml#id(Bmr029.segment.1,159)"/>
      <nite:child href="Bmr029.F.segs.xml#id(Bmr029.segment.1,160)"/>
      <nite:child href="Bmr029.B.segs.xml#id(Bmr029.segment.1,161)..id(Bmr029.segment.1,163)"/>
      <nite:child href="Bmr029.F.segs.xml#id(Bmr029.segment.1,164)..id(Bmr029.segment.1,165)"/>
      <nite:child href="Bmr029.B.segs.xml#id(Bmr029.segment.1,166)"/>
      <nite:child href="Bmr029.F.segs.xml#id(Bmr029.segment.1,167)"/>
      <nite:child href="Bmr029.A.segs.xml#id(Bmr029.segment.1,168)"/>
      <nite:child href="Bmr029.C.segs.xml#id(Bmr029.segment.1,169)"/>
      <nite:child href="Bmr029.F.segs.xml#id(Bmr029.segment.1,170)"/>
      <nite:child href="Bmr029.C.segs.xml#id(Bmr029.segment.1,171)..id(Bmr029.segment.1,174)"/>
      <nite:child href="Bmr029.D.segs.xml#id(Bmr029.segment.1,175)"/>
      <nite:child href="Bmr029.E.segs.xml#id(Bmr029.segment.1,176)"/>
      <nite:child href="Bmr029.C.segs.xml#id(Bmr029.segment.1,177)"/>
      <nite:child href="Bmr029.E.segs.xml#id(Bmr029.segment.1,178)..id(Bmr029.segment.1,182)"/>
      <nite:child href="Bmr029.A.segs.xml#id(Bmr029.segment.1,183)..id(Bmr029.segment.1,185)"/>
      <nite:child href="Bmr029.E.segs.xml#id(Bmr029.segment.1,186)..id(Bmr029.segment.1,187)"/>
      <nite:child href="Bmr029.A.segs.xml#id(Bmr029.segment.1,188)"/>
      <nite:child href="Bmr029.E.segs.xml#id(Bmr029.segment.1,189)..id(Bmr029.segment.1,190)"/>
      <nite:child href="Bmr029.A.segs.xml#id(Bmr029.segment.1,191)..id(Bmr029.segment.1,192)"/>
      <nite:child href="Bmr029.E.segs.xml#id(Bmr029.segment.1,193)"/>
      <nite:child href="Bmr029.A.segs.xml#id(Bmr029.segment.1,194)..id(Bmr029.segment.1,195)"/>
      <nite:child href="Bmr029.E.segs.xml#id(Bmr029.segment.1,196)"/>
      <nite:child href="Bmr029.A.segs.xml#id(Bmr029.segment.1,197)"/>
      <nite:child href="Bmr029.C.segs.xml#id(Bmr029.segment.1,198)"/>
      <nite:child href="Bmr029.E.segs.xml#id(Bmr029.segment.1,199)..id(Bmr029.segment.1,205)"/>
      <nite:child href="Bmr029.C.segs.xml#id(Bmr029.segment.1,206)..id(Bmr029.segment.1,210)"/>
      <nite:child href="Bmr029.F.segs.xml#id(Bmr029.segment.1,211)"/>
      <nite:child href="Bmr029.C.segs.xml#id(Bmr029.segment.1,212)..id(Bmr029.segment.1,216)"/>
      <nite:child href="Bmr029.F.segs.xml#id(Bmr029.segment.1,217)"/>
      <nite:child href="Bmr029.C.segs.xml#id(Bmr029.segment.1,218)"/>
      <nite:child href="Bmr029.A.segs.xml#id(Bmr029.segment.1,219)"/>
      <nite:child href="Bmr029.D.segs.xml#id(Bmr029.segment.1,220)"/>
      <nite:child href="Bmr029.F.segs.xml#id(Bmr029.segment.1,221)..id(Bmr029.segment.1,222)"/>
      <nite:child href="Bmr029.C.segs.xml#id(Bmr029.segment.1,223)"/>
      <nite:child href="Bmr029.F.segs.xml#id(Bmr029.segment.1,224)"/>
      <nite:child href="Bmr029.A.segs.xml#id(Bmr029.segment.1,225)"/>
      <nite:child href="Bmr029.D.segs.xml#id(Bmr029.segment.1,226)"/>
      <nite:child href="Bmr029.C.segs.xml#id(Bmr029.segment.1,227)"/>
      <nite:child href="Bmr029.E.segs.xml#id(Bmr029.segment.1,228)"/>
      <nite:child href="Bmr029.C.segs.xml#id(Bmr029.segment.1,229)"/>
      <nite:child href="Bmr029.A.segs.xml#id(Bmr029.segment.1,230)..id(Bmr029.segment.1,231)"/>
      <nite:child href="Bmr029.E.segs.xml#id(Bmr029.segment.1,232)"/>
      <nite:child href="Bmr029.A.segs.xml#id(Bmr029.segment.1,233)"/>
      <nite:child href="Bmr029.E.segs.xml#id(Bmr029.segment.1,234)..id(Bmr029.segment.1,235)"/>
      <nite:child href="Bmr029.A.segs.xml#id(Bmr029.segment.1,236)"/>
      <nite:child href="Bmr029.E.segs.xml#id(Bmr029.segment.1,237)"/>
      <nite:child href="Bmr029.A.segs.xml#id(Bmr029.segment.1,238)"/>
      <nite:child href="Bmr029.E.segs.xml#id(Bmr029.segment.1,239)..id(Bmr029.segment.1,240)"/>
      <nite:child href="Bmr029.A.segs.xml#id(Bmr029.segment.1,241)..id(Bmr029.segment.1,242)"/>
      <nite:child href="Bmr029.F.segs.xml#id(Bmr029.segment.1,243)"/>
      <nite:child href="Bmr029.C.segs.xml#id(Bmr029.segment.1,244)..id(Bmr029.segment.1,247)"/>
      <nite:child href="Bmr029.E.segs.xml#id(Bmr029.segment.1,248)"/>
      <nite:child href="Bmr029.D.segs.xml#id(Bmr029.segment.1,249)"/>
      <nite:child href="Bmr029.A.segs.xml#id(Bmr029.segment.1,250)"/>
   </topic>
   <topic nite:id="Bmr029.topic.2" description="digits">
      <nite:child href="Bmr029.A.segs.xml#id(Bmr029.segment.1,251)..id(Bmr029.segment.1,260)"/>
      <nite:child href="Bmr029.B.segs.xml#id(Bmr029.segment.1,261)..id(Bmr029.segment.1,265)"/>
      <nite:child href="Bmr029.C.segs.xml#id(Bmr029.segment.1,266)"/>
      <nite:child href="Bmr029.B.segs.xml#id(Bmr029.segment.1,267)..id(Bmr029.segment.1,270)"/>
      <nite:child href="Bmr029.D.segs.xml#id(Bmr029.segment.1,271)..id(Bmr029.segment.1,279)"/>
      <nite:child href="Bmr029.F.segs.xml#id(Bmr029.segment.1,280)..id(Bmr029.segment.1,283)"/>
      <nite:child href="Bmr029.E.segs.xml#id(Bmr029.segment.1,284)"/>
      <nite:child href="Bmr029.F.segs.xml#id(Bmr029.segment.1,285)..id(Bmr029.segment.1,289)"/>
      <nite:child href="Bmr029.E.segs.xml#id(Bmr029.segment.1,290)"/>
      <nite:child href="Bmr029.A.segs.xml#id(Bmr029.segment.1,291)"/>
      <nite:child href="Bmr029.E.segs.xml#id(Bmr029.segment.1,292)..id(Bmr029.segment.1,299)"/>
      <nite:child href="Bmr029.C.segs.xml#id(Bmr029.segment.1,300)..id(Bmr029.segment.1,309)"/>
   </topic>
</nite:root>