<?xml version="1.0" encoding="ISO-8859-1" standalone="yes"?>
<nite:root nite:id="Bmr022.topic" xmlns:nite="http://nite.sourceforge.net/">
   <topic nite:id="Bmr022.topic.1" description="cut">
      <nite:child href="Bmr022.B.segs.xml#id(Bmr022.segment.1)"/>
      <nite:child href="Bmr022.E.segs.xml#id(Bmr022.segment.2)"/>
      <nite:child href="Bmr022.A.segs.xml#id(Bmr022.segment.3)"/>
      <nite:child href="Bmr022.B.segs.xml#id(Bmr022.segment.4)"/>
      <nite:child href="Bmr022.A.segs.xml#id(Bmr022.segment.5)..id(Bmr022.segment.7)"/>
      <nite:child href="Bmr022.B.segs.xml#id(Bmr022.segment.8)"/>
      <nite:child href="Bmr022.A.segs.xml#id(Bmr022.segment.9)"/>
      <nite:child href="Bmr022.C.segs.xml#id(Bmr022.segment.10)"/>
      <nite:child href="Bmr022.B.segs.xml#id(Bmr022.segment.11)"/>
      <nite:child href="Bmr022.D.segs.xml#id(Bmr022.segment.12)"/>
      <nite:child href="Bmr022.C.segs.xml#id(Bmr022.segment.13)"/>
      <nite:child href="Bmr022.B.segs.xml#id(Bmr022.segment.14)"/>
   </topic>
   <topic nite:id="Bmr022.topic.2" description="agenda">
      <nite:child href="Bmr022.A.segs.xml#id(Bmr022.segment.15)..id(Bmr022.segment.19)"/>
      <nite:child href="Bmr022.F.segs.xml#id(Bmr022.segment.20)"/>
   </topic>
   <topic nite:id="Bmr022.topic.3">
      <nite:child href="Bmr022.A.segs.xml#id(Bmr022.segment.21)..id(Bmr022.segment.24)"/>
      <nite:child href="Bmr022.D.segs.xml#id(Bmr022.segment.25)"/>
      <nite:child href="Bmr022.A.segs.xml#id(Bmr022.segment.26)"/>
      <nite:child href="Bmr022.B.segs.xml#id(Bmr022.segment.27)"/>
      <nite:child href="Bmr022.A.segs.xml#id(Bmr022.segment.28)..id(Bmr022.segment.31)"/>
      <nite:child href="Bmr022.F.segs.xml#id(Bmr022.segment.32)"/>
      <nite:child href="Bmr022.D.segs.xml#id(Bmr022.segment.33)"/>
      <nite:child href="Bmr022.A.segs.xml#id(Bmr022.segment.34)..id(Bmr022.segment.35)"/>
      <nite:child href="Bmr022.F.segs.xml#id(Bmr022.segment.36)"/>
      <nite:child href="Bmr022.A.segs.xml#id(Bmr022.segment.37)..id(Bmr022.segment.38)"/>
      <nite:child href="Bmr022.F.segs.xml#id(Bmr022.segment.39)"/>
      <nite:child href="Bmr022.A.segs.xml#id(Bmr022.segment.40)"/>
      <nite:child href="Bmr022.B.segs.xml#id(Bmr022.segment.41)"/>
      <nite:child href="Bmr022.A.segs.xml#id(Bmr022.segment.42)"/>
      <nite:child href="Bmr022.D.segs.xml#id(Bmr022.segment.43)"/>
      <nite:child href="Bmr022.B.segs.xml#id(Bmr022.segment.44)"/>
      <nite:child href="Bmr022.A.segs.xml#id(Bmr022.segment.45)"/>
      <nite:child href="Bmr022.B.segs.xml#id(Bmr022.segment.46)"/>
      <nite:child href="Bmr022.A.segs.xml#id(Bmr022.segment.47)..id(Bmr022.segment.51)"/>
      <nite:child href="Bmr022.D.segs.xml#id(Bmr022.segment.52)"/>
      <nite:child href="Bmr022.F.segs.xml#id(Bmr022.segment.53)"/>
      <nite:child href="Bmr022.A.segs.xml#id(Bmr022.segment.55)"/>
      <nite:child href="Bmr022.E.segs.xml#id(Bmr022.segment.54)"/>
      <nite:child href="Bmr022.F.segs.xml#id(Bmr022.segment.56)"/>
      <nite:child href="Bmr022.E.segs.xml#id(Bmr022.segment.57)"/>
      <nite:child href="Bmr022.B.segs.xml#id(Bmr022.segment.58)"/>
      <nite:child href="Bmr022.E.segs.xml#id(Bmr022.segment.59)..id(Bmr022.segment.60)"/>
      <nite:child href="Bmr022.F.segs.xml#id(Bmr022.segment.61)"/>
      <nite:child href="Bmr022.D.segs.xml#id(Bmr022.segment.62)"/>
      <nite:child href="Bmr022.B.segs.xml#id(Bmr022.segment.63)"/>
      <nite:child href="Bmr022.F.segs.xml#id(Bmr022.segment.64)"/>
      <nite:child href="Bmr022.A.segs.xml#id(Bmr022.segment.65)"/>
      <nite:child href="Bmr022.F.segs.xml#id(Bmr022.segment.66)"/>
      <nite:child href="Bmr022.E.segs.xml#id(Bmr022.segment.67)"/>
      <nite:child href="Bmr022.B.segs.xml#id(Bmr022.segment.68)"/>
      <nite:child href="Bmr022.A.segs.xml#id(Bmr022.segment.69)"/>
      <nite:child href="Bmr022.E.segs.xml#id(Bmr022.segment.70)"/>
      <nite:child href="Bmr022.F.segs.xml#id(Bmr022.segment.71)"/>
      <nite:child href="Bmr022.A.segs.xml#id(Bmr022.segment.72)"/>
      <nite:child href="Bmr022.B.segs.xml#id(Bmr022.segment.73)"/>
      <nite:child href="Bmr022.E.segs.xml#id(Bmr022.segment.74)"/>
      <nite:child href="Bmr022.B.segs.xml#id(Bmr022.segment.75)"/>
      <nite:child href="Bmr022.F.segs.xml#id(Bmr022.segment.76)"/>
      <nite:child href="Bmr022.E.segs.xml#id(Bmr022.segment.78)"/>
      <nite:child href="Bmr022.A.segs.xml#id(Bmr022.segment.77)"/>
      <nite:child href="Bmr022.F.segs.xml#id(Bmr022.segment.79)"/>
      <nite:child href="Bmr022.A.segs.xml#id(Bmr022.segment.80)..id(Bmr022.segment.81)"/>
      <nite:child href="Bmr022.B.segs.xml#id(Bmr022.segment.82)"/>
      <nite:child href="Bmr022.A.segs.xml#id(Bmr022.segment.83)"/>
      <nite:child href="Bmr022.B.segs.xml#id(Bmr022.segment.84)..id(Bmr022.segment.85)"/>
      <nite:child href="Bmr022.D.segs.xml#id(Bmr022.segment.86)"/>
      <nite:child href="Bmr022.B.segs.xml#id(Bmr022.segment.87)"/>
      <nite:child href="Bmr022.A.segs.xml#id(Bmr022.segment.88)"/>
      <nite:child href="Bmr022.B.segs.xml#id(Bmr022.segment.89)"/>
      <nite:child href="Bmr022.E.segs.xml#id(Bmr022.segment.90)"/>
      <nite:child href="Bmr022.B.segs.xml#id(Bmr022.segment.91)"/>
      <nite:child href="Bmr022.A.segs.xml#id(Bmr022.segment.92)"/>
      <nite:child href="Bmr022.E.segs.xml#id(Bmr022.segment.93)"/>
      <nite:child href="Bmr022.B.segs.xml#id(Bmr022.segment.94)"/>
      <nite:child href="Bmr022.C.segs.xml#id(Bmr022.segment.95)"/>
      <nite:child href="Bmr022.F.segs.xml#id(Bmr022.segment.96)"/>
      <nite:child href="Bmr022.B.segs.xml#id(Bmr022.segment.98)"/>
      <nite:child href="Bmr022.F.segs.xml#id(Bmr022.segment.97)"/>
      <nite:child href="Bmr022.B.segs.xml#id(Bmr022.segment.99)"/>
      <nite:child href="Bmr022.A.segs.xml#id(Bmr022.segment.100)"/>
      <nite:child href="Bmr022.D.segs.xml#id(Bmr022.segment.101)"/>
      <nite:child href="Bmr022.B.segs.xml#id(Bmr022.segment.102)"/>
      <nite:child href="Bmr022.E.segs.xml#id(Bmr022.segment.104)"/>
      <nite:child href="Bmr022.A.segs.xml#id(Bmr022.segment.103)"/>
      <nite:child href="Bmr022.B.segs.xml#id(Bmr022.segment.105)"/>
      <nite:child href="Bmr022.A.segs.xml#id(Bmr022.segment.106)"/>
      <nite:child href="Bmr022.B.segs.xml#id(Bmr022.segment.107)"/>
      <nite:child href="Bmr022.A.segs.xml#id(Bmr022.segment.108)"/>
      <nite:child href="Bmr022.B.segs.xml#id(Bmr022.segment.109)"/>
      <nite:child href="Bmr022.A.segs.xml#id(Bmr022.segment.110)"/>
      <nite:child href="Bmr022.B.segs.xml#id(Bmr022.segment.111)"/>
      <nite:child href="Bmr022.E.segs.xml#id(Bmr022.segment.112)..id(Bmr022.segment.113)"/>
      <nite:child href="Bmr022.B.segs.xml#id(Bmr022.segment.114)"/>
      <nite:child href="Bmr022.A.segs.xml#id(Bmr022.segment.115)"/>
      <nite:child href="Bmr022.E.segs.xml#id(Bmr022.segment.116)"/>
      <nite:child href="Bmr022.F.segs.xml#id(Bmr022.segment.117)..id(Bmr022.segment.118)"/>
      <nite:child href="Bmr022.E.segs.xml#id(Bmr022.segment.119)"/>
      <nite:child href="Bmr022.F.segs.xml#id(Bmr022.segment.120)"/>
      <nite:child href="Bmr022.E.segs.xml#id(Bmr022.segment.121)"/>
      <nite:child href="Bmr022.B.segs.xml#id(Bmr022.segment.122)..id(Bmr022.segment.125)"/>
      <nite:child href="Bmr022.E.segs.xml#id(Bmr022.segment.126)"/>
      <nite:child href="Bmr022.B.segs.xml#id(Bmr022.segment.127)"/>
      <nite:child href="Bmr022.E.segs.xml#id(Bmr022.segment.128)..id(Bmr022.segment.129)"/>
      <nite:child href="Bmr022.B.segs.xml#id(Bmr022.segment.130)"/>
      <nite:child href="Bmr022.A.segs.xml#id(Bmr022.segment.131)..id(Bmr022.segment.132)"/>
      <nite:child href="Bmr022.F.segs.xml#id(Bmr022.segment.133)"/>
      <nite:child href="Bmr022.C.segs.xml#id(Bmr022.segment.134)"/>
      <nite:child href="Bmr022.A.segs.xml#id(Bmr022.segment.135)"/>
      <nite:child href="Bmr022.D.segs.xml#id(Bmr022.segment.136)"/>
      <nite:child href="Bmr022.C.segs.xml#id(Bmr022.segment.137)"/>
      <nite:child href="Bmr022.F.segs.xml#id(Bmr022.segment.138)"/>
      <nite:child href="Bmr022.C.segs.xml#id(Bmr022.segment.139)..id(Bmr022.segment.140)"/>
      <nite:child href="Bmr022.A.segs.xml#id(Bmr022.segment.141)"/>
      <nite:child href="Bmr022.C.segs.xml#id(Bmr022.segment.142)"/>
      <nite:child href="Bmr022.E.segs.xml#id(Bmr022.segment.143)"/>
      <nite:child href="Bmr022.D.segs.xml#id(Bmr022.segment.144)"/>
      <nite:child href="Bmr022.C.segs.xml#id(Bmr022.segment.146)"/>
      <nite:child href="Bmr022.A.segs.xml#id(Bmr022.segment.145)"/>
      <nite:child href="Bmr022.C.segs.xml#id(Bmr022.segment.148)..id(Bmr022.segment.153)"/>
      <nite:child href="Bmr022.E.segs.xml#id(Bmr022.segment.154)"/>
      <nite:child href="Bmr022.C.segs.xml#id(Bmr022.segment.155)"/>
      <nite:child href="Bmr022.E.segs.xml#id(Bmr022.segment.156)"/>
      <nite:child href="Bmr022.C.segs.xml#id(Bmr022.segment.157)..id(Bmr022.segment.159)"/>
      <nite:child href="Bmr022.A.segs.xml#id(Bmr022.segment.160)"/>
      <nite:child href="Bmr022.C.segs.xml#id(Bmr022.segment.161)..id(Bmr022.segment.162)"/>
      <nite:child href="Bmr022.A.segs.xml#id(Bmr022.segment.163)"/>
      <nite:child href="Bmr022.C.segs.xml#id(Bmr022.segment.165)"/>
      <nite:child href="Bmr022.E.segs.xml#id(Bmr022.segment.164)"/>
      <nite:child href="Bmr022.C.segs.xml#id(Bmr022.segment.166)"/>
      <nite:child href="Bmr022.E.segs.xml#id(Bmr022.segment.167)"/>
      <nite:child href="Bmr022.B.segs.xml#id(Bmr022.segment.168)"/>
      <nite:child href="Bmr022.C.segs.xml#id(Bmr022.segment.169)"/>
      <nite:child href="Bmr022.A.segs.xml#id(Bmr022.segment.170)"/>
      <nite:child href="Bmr022.D.segs.xml#id(Bmr022.segment.172)"/>
      <nite:child href="Bmr022.C.segs.xml#id(Bmr022.segment.171)..id(Bmr022.segment.173)"/>
      <nite:child href="Bmr022.B.segs.xml#id(Bmr022.segment.174)"/>
      <nite:child href="Bmr022.D.segs.xml#id(Bmr022.segment.175)"/>
      <nite:child href="Bmr022.E.segs.xml#id(Bmr022.segment.176)"/>
      <nite:child href="Bmr022.A.segs.xml#id(Bmr022.segment.177)"/>
      <nite:child href="Bmr022.F.segs.xml#id(Bmr022.segment.178)"/>
      <nite:child href="Bmr022.C.segs.xml#id(Bmr022.segment.179)"/>
      <nite:child href="Bmr022.B.segs.xml#id(Bmr022.segment.180)"/>
      <nite:child href="Bmr022.A.segs.xml#id(Bmr022.segment.181)"/>
      <nite:child href="Bmr022.B.segs.xml#id(Bmr022.segment.182)"/>
      <nite:child href="Bmr022.C.segs.xml#id(Bmr022.segment.184)"/>
      <nite:child href="Bmr022.B.segs.xml#id(Bmr022.segment.185)"/>
      <nite:child href="Bmr022.C.segs.xml#id(Bmr022.segment.186)..id(Bmr022.segment.190)"/>
      <nite:child href="Bmr022.E.segs.xml#id(Bmr022.segment.191)"/>
      <nite:child href="Bmr022.C.segs.xml#id(Bmr022.segment.192)"/>
      <nite:child href="Bmr022.E.segs.xml#id(Bmr022.segment.193)"/>
      <nite:child href="Bmr022.B.segs.xml#id(Bmr022.segment.194)"/>
      <nite:child href="Bmr022.A.segs.xml#id(Bmr022.segment.195)"/>
      <nite:child href="Bmr022.B.segs.xml#id(Bmr022.segment.196)"/>
      <nite:child href="Bmr022.F.segs.xml#id(Bmr022.segment.197)"/>
      <nite:child href="Bmr022.A.segs.xml#id(Bmr022.segment.198)"/>
      <nite:child href="Bmr022.B.segs.xml#id(Bmr022.segment.199)"/>
      <nite:child href="Bmr022.F.segs.xml#id(Bmr022.segment.200)"/>
      <nite:child href="Bmr022.B.segs.xml#id(Bmr022.segment.201)"/>
      <nite:child href="Bmr022.A.segs.xml#id(Bmr022.segment.202)"/>
      <nite:child href="Bmr022.C.segs.xml#id(Bmr022.segment.203)"/>
      <nite:child href="Bmr022.A.segs.xml#id(Bmr022.segment.204)..id(Bmr022.segment.205)"/>
      <nite:child href="Bmr022.D.segs.xml#id(Bmr022.segment.207)"/>
      <nite:child href="Bmr022.A.segs.xml#id(Bmr022.segment.206)..id(Bmr022.segment.209)"/>
      <nite:child href="Bmr022.B.segs.xml#id(Bmr022.segment.210)"/>
      <nite:child href="Bmr022.A.segs.xml#id(Bmr022.segment.211)"/>
      <nite:child href="Bmr022.C.segs.xml#id(Bmr022.segment.212)"/>
      <nite:child href="Bmr022.B.segs.xml#id(Bmr022.segment.213)..id(Bmr022.segment.214)"/>
      <nite:child href="Bmr022.C.segs.xml#id(Bmr022.segment.215)"/>
      <nite:child href="Bmr022.E.segs.xml#id(Bmr022.segment.216)"/>
      <nite:child href="Bmr022.C.segs.xml#id(Bmr022.segment.217)"/>
      <nite:child href="Bmr022.B.segs.xml#id(Bmr022.segment.218)..id(Bmr022.segment.219)"/>
      <nite:child href="Bmr022.A.segs.xml#id(Bmr022.segment.220)"/>
      <nite:child href="Bmr022.D.segs.xml#id(Bmr022.segment.221)"/>
      <nite:child href="Bmr022.C.segs.xml#id(Bmr022.segment.222)..id(Bmr022.segment.224)"/>
      <nite:child href="Bmr022.E.segs.xml#id(Bmr022.segment.225)"/>
      <nite:child href="Bmr022.A.segs.xml#id(Bmr022.segment.226)"/>
      <nite:child href="Bmr022.B.segs.xml#id(Bmr022.segment.227)..id(Bmr022.segment.228)"/>
      <nite:child href="Bmr022.C.segs.xml#id(Bmr022.segment.229)"/>
      <nite:child href="Bmr022.A.segs.xml#id(Bmr022.segment.230)..id(Bmr022.segment.231)"/>
      <nite:child href="Bmr022.F.segs.xml#id(Bmr022.segment.232)..id(Bmr022.segment.234)"/>
      <nite:child href="Bmr022.A.segs.xml#id(Bmr022.segment.235)"/>
      <nite:child href="Bmr022.F.segs.xml#id(Bmr022.segment.236)"/>
      <nite:child href="Bmr022.B.segs.xml#id(Bmr022.segment.237)..id(Bmr022.segment.238)"/>
      <nite:child href="Bmr022.A.segs.xml#id(Bmr022.segment.239)..id(Bmr022.segment.241)"/>
      <nite:child href="Bmr022.B.segs.xml#id(Bmr022.segment.240)"/>
      <nite:child href="Bmr022.D.segs.xml#id(Bmr022.segment.242)"/>
      <nite:child href="Bmr022.F.segs.xml#id(Bmr022.segment.243)..id(Bmr022.segment.244)"/>
      <nite:child href="Bmr022.B.segs.xml#id(Bmr022.segment.245)..id(Bmr022.segment.246)"/>
      <nite:child href="Bmr022.F.segs.xml#id(Bmr022.segment.247)"/>
      <nite:child href="Bmr022.A.segs.xml#id(Bmr022.segment.248)"/>
      <nite:child href="Bmr022.F.segs.xml#id(Bmr022.segment.249)"/>
      <nite:child href="Bmr022.B.segs.xml#id(Bmr022.segment.251)"/>
      <nite:child href="Bmr022.F.segs.xml#id(Bmr022.segment.250)"/>
      <nite:child href="Bmr022.C.segs.xml#id(Bmr022.segment.252)..id(Bmr022.segment.253)"/>
      <nite:child href="Bmr022.A.segs.xml#id(Bmr022.segment.254)..id(Bmr022.segment.256)"/>
      <nite:child href="Bmr022.B.segs.xml#id(Bmr022.segment.257)"/>
      <nite:child href="Bmr022.E.segs.xml#id(Bmr022.segment.258)"/>
      <nite:child href="Bmr022.A.segs.xml#id(Bmr022.segment.259)"/>
      <nite:child href="Bmr022.B.segs.xml#id(Bmr022.segment.260)"/>
      <nite:child href="Bmr022.C.segs.xml#id(Bmr022.segment.261)"/>
      <nite:child href="Bmr022.F.segs.xml#id(Bmr022.segment.262)"/>
      <nite:child href="Bmr022.B.segs.xml#id(Bmr022.segment.263)..id(Bmr022.segment.264)"/>
      <nite:child href="Bmr022.A.segs.xml#id(Bmr022.segment.265)"/>
      <nite:child href="Bmr022.B.segs.xml#id(Bmr022.segment.266)"/>
      <nite:child href="Bmr022.E.segs.xml#id(Bmr022.segment.267)..id(Bmr022.segment.271)"/>
      <nite:child href="Bmr022.B.segs.xml#id(Bmr022.segment.272)"/>
      <nite:child href="Bmr022.F.segs.xml#id(Bmr022.segment.273)"/>
      <nite:child href="Bmr022.C.segs.xml#id(Bmr022.segment.274)..id(Bmr022.segment.275)"/>
      <nite:child href="Bmr022.A.segs.xml#id(Bmr022.segment.276)..id(Bmr022.segment.278)"/>
      <nite:child href="Bmr022.B.segs.xml#id(Bmr022.segment.279)"/>
      <nite:child href="Bmr022.E.segs.xml#id(Bmr022.segment.280)"/>
      <nite:child href="Bmr022.F.segs.xml#id(Bmr022.segment.281)"/>
      <nite:child href="Bmr022.D.segs.xml#id(Bmr022.segment.282)"/>
      <nite:child href="Bmr022.C.segs.xml#id(Bmr022.segment.283)"/>
      <nite:child href="Bmr022.B.segs.xml#id(Bmr022.segment.284)..id(Bmr022.segment.287)"/>
      <nite:child href="Bmr022.F.segs.xml#id(Bmr022.segment.288)"/>
      <nite:child href="Bmr022.A.segs.xml#id(Bmr022.segment.289)"/>
      <nite:child href="Bmr022.F.segs.xml#id(Bmr022.segment.290)"/>
      <nite:child href="Bmr022.C.segs.xml#id(Bmr022.segment.291)"/>
      <nite:child href="Bmr022.A.segs.xml#id(Bmr022.segment.292)"/>
      <nite:child href="Bmr022.B.segs.xml#id(Bmr022.segment.293)"/>
      <nite:child href="Bmr022.F.segs.xml#id(Bmr022.segment.294)"/>
      <nite:child href="Bmr022.B.segs.xml#id(Bmr022.segment.295)"/>
      <nite:child href="Bmr022.A.segs.xml#id(Bmr022.segment.296)"/>
      <nite:child href="Bmr022.F.segs.xml#id(Bmr022.segment.297)"/>
      <nite:child href="Bmr022.A.segs.xml#id(Bmr022.segment.298)..id(Bmr022.segment.299)"/>
      <nite:child href="Bmr022.F.segs.xml#id(Bmr022.segment.300)"/>
      <nite:child href="Bmr022.A.segs.xml#id(Bmr022.segment.302)"/>
      <nite:child href="Bmr022.E.segs.xml#id(Bmr022.segment.301)"/>
      <nite:child href="Bmr022.B.segs.xml#id(Bmr022.segment.304)"/>
      <nite:child href="Bmr022.E.segs.xml#id(Bmr022.segment.303)"/>
      <nite:child href="Bmr022.F.segs.xml#id(Bmr022.segment.305)"/>
      <nite:child href="Bmr022.A.segs.xml#id(Bmr022.segment.306)"/>
      <nite:child href="Bmr022.B.segs.xml#id(Bmr022.segment.308)"/>
      <nite:child href="Bmr022.E.segs.xml#id(Bmr022.segment.307)"/>
      <nite:child href="Bmr022.B.segs.xml#id(Bmr022.segment.309)"/>
      <nite:child href="Bmr022.A.segs.xml#id(Bmr022.segment.310)..id(Bmr022.segment.312)"/>
      <nite:child href="Bmr022.E.segs.xml#id(Bmr022.segment.313)"/>
      <nite:child href="Bmr022.A.segs.xml#id(Bmr022.segment.314)..id(Bmr022.segment.315)"/>
      <nite:child href="Bmr022.E.segs.xml#id(Bmr022.segment.316)..id(Bmr022.segment.317)"/>
      <nite:child href="Bmr022.D.segs.xml#id(Bmr022.segment.318)"/>
      <nite:child href="Bmr022.F.segs.xml#id(Bmr022.segment.319)"/>
      <nite:child href="Bmr022.E.segs.xml#id(Bmr022.segment.320)..id(Bmr022.segment.321)"/>
      <nite:child href="Bmr022.A.segs.xml#id(Bmr022.segment.322)"/>
      <nite:child href="Bmr022.E.segs.xml#id(Bmr022.segment.323)..id(Bmr022.segment.330)"/>
      <nite:child href="Bmr022.F.segs.xml#id(Bmr022.segment.332)"/>
      <nite:child href="Bmr022.B.segs.xml#id(Bmr022.segment.333)"/>
      <nite:child href="Bmr022.F.segs.xml#id(Bmr022.segment.334)..id(Bmr022.segment.335)"/>
      <nite:child href="Bmr022.A.segs.xml#id(Bmr022.segment.336)"/>
      <nite:child href="Bmr022.E.segs.xml#id(Bmr022.segment.337)"/>
      <nite:child href="Bmr022.A.segs.xml#id(Bmr022.segment.338)..id(Bmr022.segment.339)"/>
      <nite:child href="Bmr022.E.segs.xml#id(Bmr022.segment.340)..id(Bmr022.segment.341)"/>
      <nite:child href="Bmr022.D.segs.xml#id(Bmr022.segment.342)"/>
      <nite:child href="Bmr022.E.segs.xml#id(Bmr022.segment.343)"/>
      <nite:child href="Bmr022.F.segs.xml#id(Bmr022.segment.344)"/>
      <nite:child href="Bmr022.E.segs.xml#id(Bmr022.segment.345)..id(Bmr022.segment.347)"/>
      <nite:child href="Bmr022.F.segs.xml#id(Bmr022.segment.348)"/>
      <nite:child href="Bmr022.E.segs.xml#id(Bmr022.segment.349)"/>
      <nite:child href="Bmr022.A.segs.xml#id(Bmr022.segment.350)"/>
      <nite:child href="Bmr022.E.segs.xml#id(Bmr022.segment.352)"/>
      <nite:child href="Bmr022.F.segs.xml#id(Bmr022.segment.351)"/>
      <nite:child href="Bmr022.B.segs.xml#id(Bmr022.segment.353)..id(Bmr022.segment.354)"/>
      <nite:child href="Bmr022.F.segs.xml#id(Bmr022.segment.355)"/>
      <nite:child href="Bmr022.E.segs.xml#id(Bmr022.segment.356)..id(Bmr022.segment.357)"/>
      <nite:child href="Bmr022.D.segs.xml#id(Bmr022.segment.358)"/>
      <nite:child href="Bmr022.B.segs.xml#id(Bmr022.segment.359)"/>
      <nite:child href="Bmr022.F.segs.xml#id(Bmr022.segment.360)"/>
      <nite:child href="Bmr022.E.segs.xml#id(Bmr022.segment.361)..id(Bmr022.segment.362)"/>
      <nite:child href="Bmr022.A.segs.xml#id(Bmr022.segment.363)"/>
      <nite:child href="Bmr022.F.segs.xml#id(Bmr022.segment.364)"/>
      <nite:child href="Bmr022.A.segs.xml#id(Bmr022.segment.365)"/>
      <nite:child href="Bmr022.E.segs.xml#id(Bmr022.segment.366)"/>
      <nite:child href="Bmr022.D.segs.xml#id(Bmr022.segment.367)"/>
      <nite:child href="Bmr022.A.segs.xml#id(Bmr022.segment.368)"/>
      <nite:child href="Bmr022.E.segs.xml#id(Bmr022.segment.369)..id(Bmr022.segment.371)"/>
      <nite:child href="Bmr022.B.segs.xml#id(Bmr022.segment.372)"/>
      <nite:child href="Bmr022.A.segs.xml#id(Bmr022.segment.373)"/>
      <nite:child href="Bmr022.E.segs.xml#id(Bmr022.segment.374)"/>
      <nite:child href="Bmr022.D.segs.xml#id(Bmr022.segment.375)"/>
      <nite:child href="Bmr022.E.segs.xml#id(Bmr022.segment.376)"/>
      <nite:child href="Bmr022.A.segs.xml#id(Bmr022.segment.377)"/>
      <nite:child href="Bmr022.B.segs.xml#id(Bmr022.segment.378)"/>
      <nite:child href="Bmr022.D.segs.xml#id(Bmr022.segment.379)"/>
      <nite:child href="Bmr022.E.segs.xml#id(Bmr022.segment.380)"/>
      <nite:child href="Bmr022.F.segs.xml#id(Bmr022.segment.381)"/>
      <nite:child href="Bmr022.E.segs.xml#id(Bmr022.segment.382)"/>
      <nite:child href="Bmr022.A.segs.xml#id(Bmr022.segment.383)..id(Bmr022.segment.384)"/>
      <nite:child href="Bmr022.D.segs.xml#id(Bmr022.segment.385)"/>
      <nite:child href="Bmr022.E.segs.xml#id(Bmr022.segment.386)"/>
      <nite:child href="Bmr022.B.segs.xml#id(Bmr022.segment.387)"/>
      <nite:child href="Bmr022.F.segs.xml#id(Bmr022.segment.388)"/>
      <nite:child href="Bmr022.B.segs.xml#id(Bmr022.segment.389)"/>
      <nite:child href="Bmr022.C.segs.xml#id(Bmr022.segment.391)"/>
      <nite:child href="Bmr022.A.segs.xml#id(Bmr022.segment.390)"/>
      <nite:child href="Bmr022.E.segs.xml#id(Bmr022.segment.392)..id(Bmr022.segment.393)"/>
      <nite:child href="Bmr022.A.segs.xml#id(Bmr022.segment.394)"/>
      <nite:child href="Bmr022.E.segs.xml#id(Bmr022.segment.395)..id(Bmr022.segment.396)"/>
      <nite:child href="Bmr022.F.segs.xml#id(Bmr022.segment.397)"/>
      <nite:child href="Bmr022.A.segs.xml#id(Bmr022.segment.398)"/>
      <nite:child href="Bmr022.F.segs.xml#id(Bmr022.segment.400)"/>
      <nite:child href="Bmr022.E.segs.xml#id(Bmr022.segment.399)"/>
      <nite:child href="Bmr022.A.segs.xml#id(Bmr022.segment.401)"/>
      <nite:child href="Bmr022.E.segs.xml#id(Bmr022.segment.402)..id(Bmr022.segment.403)"/>
      <nite:child href="Bmr022.A.segs.xml#id(Bmr022.segment.404)"/>
      <nite:child href="Bmr022.E.segs.xml#id(Bmr022.segment.405)"/>
      <nite:child href="Bmr022.F.segs.xml#id(Bmr022.segment.406)"/>
      <nite:child href="Bmr022.E.segs.xml#id(Bmr022.segment.407)"/>
      <nite:child href="Bmr022.F.segs.xml#id(Bmr022.segment.408)..id(Bmr022.segment.409)"/>
      <nite:child href="Bmr022.A.segs.xml#id(Bmr022.segment.410)"/>
      <nite:child href="Bmr022.D.segs.xml#id(Bmr022.segment.411)"/>
      <nite:child href="Bmr022.F.segs.xml#id(Bmr022.segment.412)"/>
      <nite:child href="Bmr022.B.segs.xml#id(Bmr022.segment.413)"/>
      <nite:child href="Bmr022.A.segs.xml#id(Bmr022.segment.414)"/>
      <nite:child href="Bmr022.E.segs.xml#id(Bmr022.segment.415)"/>
      <nite:child href="Bmr022.A.segs.xml#id(Bmr022.segment.416)"/>
      <nite:child href="Bmr022.E.segs.xml#id(Bmr022.segment.418)"/>
      <nite:child href="Bmr022.F.segs.xml#id(Bmr022.segment.417)"/>
      <nite:child href="Bmr022.D.segs.xml#id(Bmr022.segment.419)"/>
      <nite:child href="Bmr022.A.segs.xml#id(Bmr022.segment.420)..id(Bmr022.segment.421)"/>
      <nite:child href="Bmr022.D.segs.xml#id(Bmr022.segment.422)..id(Bmr022.segment.424)"/>
      <nite:child href="Bmr022.F.segs.xml#id(Bmr022.segment.425)"/>
      <nite:child href="Bmr022.D.segs.xml#id(Bmr022.segment.426)"/>
      <nite:child href="Bmr022.A.segs.xml#id(Bmr022.segment.427)..id(Bmr022.segment.428)"/>
      <nite:child href="Bmr022.D.segs.xml#id(Bmr022.segment.429)..id(Bmr022.segment.432)"/>
      <nite:child href="Bmr022.F.segs.xml#id(Bmr022.segment.433)"/>
      <nite:child href="Bmr022.A.segs.xml#id(Bmr022.segment.434)"/>
      <nite:child href="Bmr022.F.segs.xml#id(Bmr022.segment.435)"/>
      <nite:child href="Bmr022.A.segs.xml#id(Bmr022.segment.436)"/>
      <nite:child href="Bmr022.F.segs.xml#id(Bmr022.segment.437)"/>
      <nite:child href="Bmr022.E.segs.xml#id(Bmr022.segment.438)"/>
      <nite:child href="Bmr022.A.segs.xml#id(Bmr022.segment.439)..id(Bmr022.segment.441)"/>
      <nite:child href="Bmr022.D.segs.xml#id(Bmr022.segment.440)"/>
      <nite:child href="Bmr022.F.segs.xml#id(Bmr022.segment.442)..id(Bmr022.segment.443)"/>
      <nite:child href="Bmr022.A.segs.xml#id(Bmr022.segment.444)"/>
      <nite:child href="Bmr022.F.segs.xml#id(Bmr022.segment.445)"/>
      <nite:child href="Bmr022.E.segs.xml#id(Bmr022.segment.446)"/>
      <nite:child href="Bmr022.D.segs.xml#id(Bmr022.segment.447)"/>
      <nite:child href="Bmr022.B.segs.xml#id(Bmr022.segment.448)"/>
      <nite:child href="Bmr022.A.segs.xml#id(Bmr022.segment.449)"/>
      <nite:child href="Bmr022.F.segs.xml#id(Bmr022.segment.450)"/>
      <nite:child href="Bmr022.D.segs.xml#id(Bmr022.segment.451)"/>
      <nite:child href="Bmr022.B.segs.xml#id(Bmr022.segment.452)"/>
      <nite:child href="Bmr022.A.segs.xml#id(Bmr022.segment.453)..id(Bmr022.segment.454)"/>
      <nite:child href="Bmr022.F.segs.xml#id(Bmr022.segment.455)"/>
      <nite:child href="Bmr022.A.segs.xml#id(Bmr022.segment.456)"/>
      <nite:child href="Bmr022.B.segs.xml#id(Bmr022.segment.457)"/>
      <nite:child href="Bmr022.F.segs.xml#id(Bmr022.segment.458)"/>
      <nite:child href="Bmr022.A.segs.xml#id(Bmr022.segment.460)"/>
      <nite:child href="Bmr022.E.segs.xml#id(Bmr022.segment.461)..id(Bmr022.segment.462)"/>
      <nite:child href="Bmr022.C.segs.xml#id(Bmr022.segment.463)"/>
      <nite:child href="Bmr022.D.segs.xml#id(Bmr022.segment.464)"/>
      <nite:child href="Bmr022.F.segs.xml#id(Bmr022.segment.465)"/>
      <nite:child href="Bmr022.C.segs.xml#id(Bmr022.segment.466)..id(Bmr022.segment.467)"/>
      <nite:child href="Bmr022.F.segs.xml#id(Bmr022.segment.468)"/>
      <nite:child href="Bmr022.A.segs.xml#id(Bmr022.segment.469)"/>
      <nite:child href="Bmr022.F.segs.xml#id(Bmr022.segment.470)"/>
      <nite:child href="Bmr022.C.segs.xml#id(Bmr022.segment.471)"/>
      <nite:child href="Bmr022.A.segs.xml#id(Bmr022.segment.472)"/>
      <nite:child href="Bmr022.B.segs.xml#id(Bmr022.segment.473)"/>
      <nite:child href="Bmr022.C.segs.xml#id(Bmr022.segment.474)"/>
      <nite:child href="Bmr022.E.segs.xml#id(Bmr022.segment.475)"/>
      <nite:child href="Bmr022.D.segs.xml#id(Bmr022.segment.477)"/>
      <nite:child href="Bmr022.B.segs.xml#id(Bmr022.segment.476)..id(Bmr022.segment.478)"/>
      <nite:child href="Bmr022.E.segs.xml#id(Bmr022.segment.479)"/>
      <nite:child href="Bmr022.D.segs.xml#id(Bmr022.segment.480)"/>
      <nite:child href="Bmr022.F.segs.xml#id(Bmr022.segment.481)"/>
      <nite:child href="Bmr022.B.segs.xml#id(Bmr022.segment.483)"/>
      <nite:child href="Bmr022.A.segs.xml#id(Bmr022.segment.484)"/>
      <nite:child href="Bmr022.E.segs.xml#id(Bmr022.segment.482)"/>
      <nite:child href="Bmr022.C.segs.xml#id(Bmr022.segment.486)"/>
      <nite:child href="Bmr022.E.segs.xml#id(Bmr022.segment.485)"/>
      <nite:child href="Bmr022.C.segs.xml#id(Bmr022.segment.487)..id(Bmr022.segment.488)"/>
      <nite:child href="Bmr022.B.segs.xml#id(Bmr022.segment.489)"/>
      <nite:child href="Bmr022.C.segs.xml#id(Bmr022.segment.490)"/>
      <nite:child href="Bmr022.D.segs.xml#id(Bmr022.segment.491)"/>
      <nite:child href="Bmr022.F.segs.xml#id(Bmr022.segment.492)"/>
      <nite:child href="Bmr022.C.segs.xml#id(Bmr022.segment.493)"/>
      <nite:child href="Bmr022.F.segs.xml#id(Bmr022.segment.494)"/>
      <nite:child href="Bmr022.B.segs.xml#id(Bmr022.segment.495)"/>
      <nite:child href="Bmr022.C.segs.xml#id(Bmr022.segment.496)"/>
      <nite:child href="Bmr022.E.segs.xml#id(Bmr022.segment.497)"/>
      <nite:child href="Bmr022.D.segs.xml#id(Bmr022.segment.498)"/>
      <nite:child href="Bmr022.B.segs.xml#id(Bmr022.segment.499)"/>
      <nite:child href="Bmr022.D.segs.xml#id(Bmr022.segment.500)"/>
      <nite:child href="Bmr022.B.segs.xml#id(Bmr022.segment.501)..id(Bmr022.segment.503)"/>
      <nite:child href="Bmr022.C.segs.xml#id(Bmr022.segment.504)"/>
      <nite:child href="Bmr022.B.segs.xml#id(Bmr022.segment.505)..id(Bmr022.segment.506)"/>
      <nite:child href="Bmr022.E.segs.xml#id(Bmr022.segment.507)"/>
      <nite:child href="Bmr022.B.segs.xml#id(Bmr022.segment.508)"/>
      <nite:child href="Bmr022.A.segs.xml#id(Bmr022.segment.509)"/>
      <nite:child href="Bmr022.C.segs.xml#id(Bmr022.segment.510)"/>
      <nite:child href="Bmr022.A.segs.xml#id(Bmr022.segment.511)"/>
      <nite:child href="Bmr022.C.segs.xml#id(Bmr022.segment.512)"/>
      <nite:child href="Bmr022.E.segs.xml#id(Bmr022.segment.513)"/>
      <nite:child href="Bmr022.C.segs.xml#id(Bmr022.segment.514)"/>
      <nite:child href="Bmr022.A.segs.xml#id(Bmr022.segment.515)..id(Bmr022.segment.516)"/>
      <nite:child href="Bmr022.C.segs.xml#id(Bmr022.segment.517)"/>
      <nite:child href="Bmr022.A.segs.xml#id(Bmr022.segment.518)"/>
      <nite:child href="Bmr022.F.segs.xml#id(Bmr022.segment.519)"/>
      <nite:child href="Bmr022.C.segs.xml#id(Bmr022.segment.520)"/>
      <nite:child href="Bmr022.A.segs.xml#id(Bmr022.segment.521)"/>
      <nite:child href="Bmr022.C.segs.xml#id(Bmr022.segment.522)"/>
      <nite:child href="Bmr022.F.segs.xml#id(Bmr022.segment.523)"/>
      <nite:child href="Bmr022.E.segs.xml#id(Bmr022.segment.524)"/>
      <nite:child href="Bmr022.A.segs.xml#id(Bmr022.segment.525)..id(Bmr022.segment.526)"/>
      <nite:child href="Bmr022.C.segs.xml#id(Bmr022.segment.527)..id(Bmr022.segment.533)"/>
      <nite:child href="Bmr022.A.segs.xml#id(Bmr022.segment.534)"/>
      <nite:child href="Bmr022.C.segs.xml#id(Bmr022.segment.535)..id(Bmr022.segment.539)"/>
      <nite:child href="Bmr022.A.segs.xml#id(Bmr022.segment.540)"/>
      <nite:child href="Bmr022.C.segs.xml#id(Bmr022.segment.541)"/>
      <nite:child href="Bmr022.B.segs.xml#id(Bmr022.segment.542)"/>
      <nite:child href="Bmr022.C.segs.xml#id(Bmr022.segment.543)..id(Bmr022.segment.544)"/>
      <nite:child href="Bmr022.A.segs.xml#id(Bmr022.segment.545)"/>
      <nite:child href="Bmr022.E.segs.xml#id(Bmr022.segment.546)"/>
      <nite:child href="Bmr022.C.segs.xml#id(Bmr022.segment.547)..id(Bmr022.segment.548)"/>
      <nite:child href="Bmr022.E.segs.xml#id(Bmr022.segment.549)"/>
      <nite:child href="Bmr022.C.segs.xml#id(Bmr022.segment.550)"/>
      <nite:child href="Bmr022.A.segs.xml#id(Bmr022.segment.551)"/>
      <nite:child href="Bmr022.E.segs.xml#id(Bmr022.segment.552)"/>
      <nite:child href="Bmr022.B.segs.xml#id(Bmr022.segment.553)"/>
      <nite:child href="Bmr022.E.segs.xml#id(Bmr022.segment.554)"/>
      <nite:child href="Bmr022.C.segs.xml#id(Bmr022.segment.555)"/>
      <nite:child href="Bmr022.E.segs.xml#id(Bmr022.segment.556)..id(Bmr022.segment.557)"/>
      <nite:child href="Bmr022.C.segs.xml#id(Bmr022.segment.558)"/>
      <nite:child href="Bmr022.E.segs.xml#id(Bmr022.segment.559)"/>
      <nite:child href="Bmr022.C.segs.xml#id(Bmr022.segment.560)"/>
      <nite:child href="Bmr022.E.segs.xml#id(Bmr022.segment.561)..id(Bmr022.segment.563)"/>
      <nite:child href="Bmr022.C.segs.xml#id(Bmr022.segment.564)..id(Bmr022.segment.566)"/>
      <nite:child href="Bmr022.E.segs.xml#id(Bmr022.segment.567)"/>
      <nite:child href="Bmr022.C.segs.xml#id(Bmr022.segment.568)"/>
      <nite:child href="Bmr022.E.segs.xml#id(Bmr022.segment.569)"/>
      <nite:child href="Bmr022.C.segs.xml#id(Bmr022.segment.570)"/>
      <nite:child href="Bmr022.F.segs.xml#id(Bmr022.segment.571)"/>
      <nite:child href="Bmr022.E.segs.xml#id(Bmr022.segment.572)..id(Bmr022.segment.573)"/>
      <nite:child href="Bmr022.F.segs.xml#id(Bmr022.segment.574)"/>
      <nite:child href="Bmr022.B.segs.xml#id(Bmr022.segment.575)"/>
      <nite:child href="Bmr022.A.segs.xml#id(Bmr022.segment.576)"/>
      <nite:child href="Bmr022.B.segs.xml#id(Bmr022.segment.577)"/>
      <nite:child href="Bmr022.C.segs.xml#id(Bmr022.segment.578)..id(Bmr022.segment.579)"/>
      <nite:child href="Bmr022.A.segs.xml#id(Bmr022.segment.580)"/>
      <nite:child href="Bmr022.B.segs.xml#id(Bmr022.segment.581)"/>
      <nite:child href="Bmr022.E.segs.xml#id(Bmr022.segment.582)"/>
      <nite:child href="Bmr022.C.segs.xml#id(Bmr022.segment.583)"/>
      <nite:child href="Bmr022.B.segs.xml#id(Bmr022.segment.584)"/>
      <nite:child href="Bmr022.C.segs.xml#id(Bmr022.segment.585)..id(Bmr022.segment.590)"/>
      <nite:child href="Bmr022.A.segs.xml#id(Bmr022.segment.591)"/>
      <nite:child href="Bmr022.C.segs.xml#id(Bmr022.segment.592)"/>
      <nite:child href="Bmr022.A.segs.xml#id(Bmr022.segment.593)"/>
      <nite:child href="Bmr022.E.segs.xml#id(Bmr022.segment.594)"/>
      <nite:child href="Bmr022.C.segs.xml#id(Bmr022.segment.595)..id(Bmr022.segment.596)"/>
      <nite:child href="Bmr022.E.segs.xml#id(Bmr022.segment.597)"/>
      <nite:child href="Bmr022.C.segs.xml#id(Bmr022.segment.598)"/>
      <nite:child href="Bmr022.A.segs.xml#id(Bmr022.segment.599)"/>
      <nite:child href="Bmr022.C.segs.xml#id(Bmr022.segment.600)..id(Bmr022.segment.601)"/>
      <nite:child href="Bmr022.A.segs.xml#id(Bmr022.segment.602)"/>
      <nite:child href="Bmr022.C.segs.xml#id(Bmr022.segment.603)"/>
      <nite:child href="Bmr022.A.segs.xml#id(Bmr022.segment.604)"/>
      <nite:child href="Bmr022.C.segs.xml#id(Bmr022.segment.605)"/>
      <nite:child href="Bmr022.A.segs.xml#id(Bmr022.segment.606)"/>
      <nite:child href="Bmr022.C.segs.xml#id(Bmr022.segment.607)"/>
      <nite:child href="Bmr022.A.segs.xml#id(Bmr022.segment.608)..id(Bmr022.segment.609)"/>
      <nite:child href="Bmr022.C.segs.xml#id(Bmr022.segment.610)"/>
      <nite:child href="Bmr022.B.segs.xml#id(Bmr022.segment.611)"/>
      <nite:child href="Bmr022.C.segs.xml#id(Bmr022.segment.612)..id(Bmr022.segment.621)"/>
      <nite:child href="Bmr022.A.segs.xml#id(Bmr022.segment.622)..id(Bmr022.segment.625)"/>
      <nite:child href="Bmr022.C.segs.xml#id(Bmr022.segment.624)..id(Bmr022.segment.632)"/>
      <nite:child href="Bmr022.A.segs.xml#id(Bmr022.segment.633)"/>
      <nite:child href="Bmr022.E.segs.xml#id(Bmr022.segment.634)"/>
      <nite:child href="Bmr022.C.segs.xml#id(Bmr022.segment.635)..id(Bmr022.segment.638)"/>
      <nite:child href="Bmr022.E.segs.xml#id(Bmr022.segment.639)"/>
      <nite:child href="Bmr022.C.segs.xml#id(Bmr022.segment.640)..id(Bmr022.segment.641)"/>
      <nite:child href="Bmr022.E.segs.xml#id(Bmr022.segment.642)"/>
      <nite:child href="Bmr022.C.segs.xml#id(Bmr022.segment.643)..id(Bmr022.segment.644)"/>
      <nite:child href="Bmr022.E.segs.xml#id(Bmr022.segment.645)"/>
      <nite:child href="Bmr022.C.segs.xml#id(Bmr022.segment.646)"/>
      <nite:child href="Bmr022.E.segs.xml#id(Bmr022.segment.647)"/>
      <nite:child href="Bmr022.C.segs.xml#id(Bmr022.segment.648)..id(Bmr022.segment.657)"/>
      <nite:child href="Bmr022.A.segs.xml#id(Bmr022.segment.658)"/>
      <nite:child href="Bmr022.F.segs.xml#id(Bmr022.segment.659)..id(Bmr022.segment.660)"/>
      <nite:child href="Bmr022.C.segs.xml#id(Bmr022.segment.661)..id(Bmr022.segment.664)"/>
      <nite:child href="Bmr022.F.segs.xml#id(Bmr022.segment.663)"/>
      <nite:child href="Bmr022.A.segs.xml#id(Bmr022.segment.665)"/>
      <nite:child href="Bmr022.F.segs.xml#id(Bmr022.segment.666)"/>
      <nite:child href="Bmr022.C.segs.xml#id(Bmr022.segment.667)"/>
      <nite:child href="Bmr022.B.segs.xml#id(Bmr022.segment.668)"/>
      <nite:child href="Bmr022.D.segs.xml#id(Bmr022.segment.669)"/>
      <nite:child href="Bmr022.F.segs.xml#id(Bmr022.segment.670)"/>
      <nite:child href="Bmr022.B.segs.xml#id(Bmr022.segment.671)"/>
      <nite:child href="Bmr022.C.segs.xml#id(Bmr022.segment.672)..id(Bmr022.segment.674)"/>
      <nite:child href="Bmr022.A.segs.xml#id(Bmr022.segment.675)..id(Bmr022.segment.677)"/>
      <nite:child href="Bmr022.C.segs.xml#id(Bmr022.segment.676)..id(Bmr022.segment.678)"/>
      <nite:child href="Bmr022.A.segs.xml#id(Bmr022.segment.679)"/>
      <nite:child href="Bmr022.B.segs.xml#id(Bmr022.segment.680)"/>
      <nite:child href="Bmr022.E.segs.xml#id(Bmr022.segment.681)..id(Bmr022.segment.682)"/>
      <nite:child href="Bmr022.B.segs.xml#id(Bmr022.segment.683)"/>
      <nite:child href="Bmr022.E.segs.xml#id(Bmr022.segment.684)"/>
      <nite:child href="Bmr022.A.segs.xml#id(Bmr022.segment.685)"/>
      <nite:child href="Bmr022.D.segs.xml#id(Bmr022.segment.687)"/>
      <nite:child href="Bmr022.B.segs.xml#id(Bmr022.segment.688)"/>
      <nite:child href="Bmr022.E.segs.xml#id(Bmr022.segment.690)"/>
      <nite:child href="Bmr022.F.segs.xml#id(Bmr022.segment.691)"/>
      <nite:child href="Bmr022.E.segs.xml#id(Bmr022.segment.692)"/>
      <nite:child href="Bmr022.A.segs.xml#id(Bmr022.segment.693)"/>
      <nite:child href="Bmr022.E.segs.xml#id(Bmr022.segment.694)"/>
      <nite:child href="Bmr022.F.segs.xml#id(Bmr022.segment.695)"/>
      <nite:child href="Bmr022.A.segs.xml#id(Bmr022.segment.696)"/>
      <nite:child href="Bmr022.F.segs.xml#id(Bmr022.segment.697)"/>
      <nite:child href="Bmr022.A.segs.xml#id(Bmr022.segment.698)..id(Bmr022.segment.701)"/>
      <nite:child href="Bmr022.F.segs.xml#id(Bmr022.segment.702)"/>
      <nite:child href="Bmr022.C.segs.xml#id(Bmr022.segment.703)..id(Bmr022.segment.705)"/>
      <nite:child href="Bmr022.F.segs.xml#id(Bmr022.segment.706)"/>
      <nite:child href="Bmr022.C.segs.xml#id(Bmr022.segment.707)..id(Bmr022.segment.709)"/>
      <nite:child href="Bmr022.F.segs.xml#id(Bmr022.segment.710)..id(Bmr022.segment.711)"/>
      <nite:child href="Bmr022.C.segs.xml#id(Bmr022.segment.712)..id(Bmr022.segment.714)"/>
      <nite:child href="Bmr022.F.segs.xml#id(Bmr022.segment.715)"/>
      <nite:child href="Bmr022.C.segs.xml#id(Bmr022.segment.716)..id(Bmr022.segment.717)"/>
   </topic>
   <topic nite:id="Bmr022.topic.4">
      <nite:child href="Bmr022.A.segs.xml#id(Bmr022.segment.718)..id(Bmr022.segment.726)"/>
      <nite:child href="Bmr022.F.segs.xml#id(Bmr022.segment.727)..id(Bmr022.segment.728)"/>
      <nite:child href="Bmr022.A.segs.xml#id(Bmr022.segment.729)..id(Bmr022.segment.730)"/>
      <nite:child href="Bmr022.F.segs.xml#id(Bmr022.segment.731)..id(Bmr022.segment.732)"/>
      <nite:child href="Bmr022.A.segs.xml#id(Bmr022.segment.733)..id(Bmr022.segment.734)"/>
      <nite:child href="Bmr022.D.segs.xml#id(Bmr022.segment.735)"/>
      <nite:child href="Bmr022.A.segs.xml#id(Bmr022.segment.736)..id(Bmr022.segment.738)"/>
      <nite:child href="Bmr022.C.segs.xml#id(Bmr022.segment.739)..id(Bmr022.segment.740)"/>
      <nite:child href="Bmr022.D.segs.xml#id(Bmr022.segment.741)"/>
      <nite:child href="Bmr022.E.segs.xml#id(Bmr022.segment.742)"/>
      <nite:child href="Bmr022.C.segs.xml#id(Bmr022.segment.743)"/>
      <nite:child href="Bmr022.F.segs.xml#id(Bmr022.segment.744)"/>
      <nite:child href="Bmr022.A.segs.xml#id(Bmr022.segment.745)"/>
      <nite:child href="Bmr022.C.segs.xml#id(Bmr022.segment.746)..id(Bmr022.segment.747)"/>
      <nite:child href="Bmr022.F.segs.xml#id(Bmr022.segment.748)"/>
      <nite:child href="Bmr022.A.segs.xml#id(Bmr022.segment.749)"/>
      <nite:child href="Bmr022.B.segs.xml#id(Bmr022.segment.750)"/>
      <nite:child href="Bmr022.C.segs.xml#id(Bmr022.segment.751)"/>
      <nite:child href="Bmr022.A.segs.xml#id(Bmr022.segment.752)"/>
      <nite:child href="Bmr022.B.segs.xml#id(Bmr022.segment.753)"/>
      <nite:child href="Bmr022.F.segs.xml#id(Bmr022.segment.754)"/>
      <nite:child href="Bmr022.C.segs.xml#id(Bmr022.segment.755)..id(Bmr022.segment.756)"/>
      <nite:child href="Bmr022.A.segs.xml#id(Bmr022.segment.757)"/>
      <nite:child href="Bmr022.B.segs.xml#id(Bmr022.segment.758)"/>
      <nite:child href="Bmr022.A.segs.xml#id(Bmr022.segment.759)..id(Bmr022.segment.763)"/>
      <nite:child href="Bmr022.F.segs.xml#id(Bmr022.segment.764)"/>
      <nite:child href="Bmr022.A.segs.xml#id(Bmr022.segment.765)..id(Bmr022.segment.766)"/>
      <nite:child href="Bmr022.F.segs.xml#id(Bmr022.segment.767)..id(Bmr022.segment.769)"/>
      <nite:child href="Bmr022.B.segs.xml#id(Bmr022.segment.770)..id(Bmr022.segment.771)"/>
      <nite:child href="Bmr022.F.segs.xml#id(Bmr022.segment.772)"/>
      <nite:child href="Bmr022.B.segs.xml#id(Bmr022.segment.773)..id(Bmr022.segment.774)"/>
      <nite:child href="Bmr022.A.segs.xml#id(Bmr022.segment.775)"/>
      <nite:child href="Bmr022.D.segs.xml#id(Bmr022.segment.776)"/>
      <nite:child href="Bmr022.B.segs.xml#id(Bmr022.segment.777)..id(Bmr022.segment.778)"/>
      <nite:child href="Bmr022.F.segs.xml#id(Bmr022.segment.779)"/>
      <nite:child href="Bmr022.B.segs.xml#id(Bmr022.segment.780)"/>
      <nite:child href="Bmr022.F.segs.xml#id(Bmr022.segment.781)..id(Bmr022.segment.782)"/>
      <nite:child href="Bmr022.A.segs.xml#id(Bmr022.segment.783)"/>
      <nite:child href="Bmr022.B.segs.xml#id(Bmr022.segment.784)"/>
      <nite:child href="Bmr022.F.segs.xml#id(Bmr022.segment.785)"/>
      <nite:child href="Bmr022.B.segs.xml#id(Bmr022.segment.786)..id(Bmr022.segment.788)"/>
      <nite:child href="Bmr022.F.segs.xml#id(Bmr022.segment.787)"/>
      <nite:child href="Bmr022.B.segs.xml#id(Bmr022.segment.789)"/>
      <nite:child href="Bmr022.C.segs.xml#id(Bmr022.segment.790)"/>
      <nite:child href="Bmr022.B.segs.xml#id(Bmr022.segment.791)"/>
      <nite:child href="Bmr022.C.segs.xml#id(Bmr022.segment.792)"/>
      <nite:child href="Bmr022.A.segs.xml#id(Bmr022.segment.793)..id(Bmr022.segment.796)"/>
      <nite:child href="Bmr022.C.segs.xml#id(Bmr022.segment.797)"/>
      <nite:child href="Bmr022.A.segs.xml#id(Bmr022.segment.799)"/>
      <nite:child href="Bmr022.C.segs.xml#id(Bmr022.segment.798)..id(Bmr022.segment.801)"/>
      <nite:child href="Bmr022.A.segs.xml#id(Bmr022.segment.802)..id(Bmr022.segment.803)"/>
      <nite:child href="Bmr022.C.segs.xml#id(Bmr022.segment.804)..id(Bmr022.segment.805)"/>
      <nite:child href="Bmr022.E.segs.xml#id(Bmr022.segment.806)"/>
      <nite:child href="Bmr022.A.segs.xml#id(Bmr022.segment.807)"/>
      <nite:child href="Bmr022.C.segs.xml#id(Bmr022.segment.809)"/>
      <nite:child href="Bmr022.F.segs.xml#id(Bmr022.segment.808)"/>
      <nite:child href="Bmr022.C.segs.xml#id(Bmr022.segment.810)"/>
      <nite:child href="Bmr022.A.segs.xml#id(Bmr022.segment.811)"/>
      <nite:child href="Bmr022.F.segs.xml#id(Bmr022.segment.812)"/>
      <nite:child href="Bmr022.A.segs.xml#id(Bmr022.segment.813)"/>
      <nite:child href="Bmr022.B.segs.xml#id(Bmr022.segment.814)"/>
      <nite:child href="Bmr022.F.segs.xml#id(Bmr022.segment.815)"/>
      <nite:child href="Bmr022.B.segs.xml#id(Bmr022.segment.817)"/>
      <nite:child href="Bmr022.A.segs.xml#id(Bmr022.segment.816)"/>
      <nite:child href="Bmr022.D.segs.xml#id(Bmr022.segment.818)"/>
      <nite:child href="Bmr022.B.segs.xml#id(Bmr022.segment.819)"/>
      <nite:child href="Bmr022.F.segs.xml#id(Bmr022.segment.820)"/>
      <nite:child href="Bmr022.B.segs.xml#id(Bmr022.segment.821)"/>
      <nite:child href="Bmr022.A.segs.xml#id(Bmr022.segment.822)"/>
      <nite:child href="Bmr022.B.segs.xml#id(Bmr022.segment.823)..id(Bmr022.segment.826)"/>
      <nite:child href="Bmr022.A.segs.xml#id(Bmr022.segment.827)"/>
      <nite:child href="Bmr022.B.segs.xml#id(Bmr022.segment.828)"/>
      <nite:child href="Bmr022.A.segs.xml#id(Bmr022.segment.829)..id(Bmr022.segment.830)"/>
      <nite:child href="Bmr022.B.segs.xml#id(Bmr022.segment.831)"/>
      <nite:child href="Bmr022.F.segs.xml#id(Bmr022.segment.832)"/>
      <nite:child href="Bmr022.A.segs.xml#id(Bmr022.segment.833)"/>
      <nite:child href="Bmr022.B.segs.xml#id(Bmr022.segment.834)"/>
      <nite:child href="Bmr022.D.segs.xml#id(Bmr022.segment.835)"/>
      <nite:child href="Bmr022.A.segs.xml#id(Bmr022.segment.836)"/>
      <nite:child href="Bmr022.B.segs.xml#id(Bmr022.segment.837)"/>
      <nite:child href="Bmr022.A.segs.xml#id(Bmr022.segment.838)"/>
      <nite:child href="Bmr022.C.segs.xml#id(Bmr022.segment.839)"/>
      <nite:child href="Bmr022.A.segs.xml#id(Bmr022.segment.840)..id(Bmr022.segment.841)"/>
      <nite:child href="Bmr022.F.segs.xml#id(Bmr022.segment.842)"/>
      <nite:child href="Bmr022.B.segs.xml#id(Bmr022.segment.843)..id(Bmr022.segment.844)"/>
      <nite:child href="Bmr022.A.segs.xml#id(Bmr022.segment.845)"/>
      <nite:child href="Bmr022.B.segs.xml#id(Bmr022.segment.846)"/>
      <nite:child href="Bmr022.A.segs.xml#id(Bmr022.segment.847)..id(Bmr022.segment.849)"/>
      <nite:child href="Bmr022.B.segs.xml#id(Bmr022.segment.850)..id(Bmr022.segment.851)"/>
      <nite:child href="Bmr022.A.segs.xml#id(Bmr022.segment.852)..id(Bmr022.segment.853)"/>
      <nite:child href="Bmr022.B.segs.xml#id(Bmr022.segment.854)"/>
      <nite:child href="Bmr022.C.segs.xml#id(Bmr022.segment.855)"/>
      <nite:child href="Bmr022.B.segs.xml#id(Bmr022.segment.856)"/>
      <nite:child href="Bmr022.C.segs.xml#id(Bmr022.segment.857)"/>
      <nite:child href="Bmr022.B.segs.xml#id(Bmr022.segment.858)"/>
      <nite:child href="Bmr022.E.segs.xml#id(Bmr022.segment.859)"/>
      <nite:child href="Bmr022.C.segs.xml#id(Bmr022.segment.860)"/>
      <nite:child href="Bmr022.A.segs.xml#id(Bmr022.segment.861)..id(Bmr022.segment.862)"/>
      <nite:child href="Bmr022.B.segs.xml#id(Bmr022.segment.863)"/>
      <nite:child href="Bmr022.A.segs.xml#id(Bmr022.segment.864)"/>
      <nite:child href="Bmr022.B.segs.xml#id(Bmr022.segment.865)"/>
      <nite:child href="Bmr022.A.segs.xml#id(Bmr022.segment.866)"/>
      <nite:child href="Bmr022.B.segs.xml#id(Bmr022.segment.867)"/>
      <nite:child href="Bmr022.E.segs.xml#id(Bmr022.segment.868)"/>
      <nite:child href="Bmr022.C.segs.xml#id(Bmr022.segment.869)..id(Bmr022.segment.876)"/>
      <nite:child href="Bmr022.F.segs.xml#id(Bmr022.segment.877)"/>
      <nite:child href="Bmr022.C.segs.xml#id(Bmr022.segment.878)..id(Bmr022.segment.879)"/>
      <nite:child href="Bmr022.B.segs.xml#id(Bmr022.segment.880)"/>
      <nite:child href="Bmr022.C.segs.xml#id(Bmr022.segment.881)"/>
      <nite:child href="Bmr022.D.segs.xml#id(Bmr022.segment.882)"/>
      <nite:child href="Bmr022.A.segs.xml#id(Bmr022.segment.883)"/>
      <nite:child href="Bmr022.B.segs.xml#id(Bmr022.segment.884)"/>
      <nite:child href="Bmr022.F.segs.xml#id(Bmr022.segment.885)"/>
      <nite:child href="Bmr022.A.segs.xml#id(Bmr022.segment.886)"/>
      <nite:child href="Bmr022.E.segs.xml#id(Bmr022.segment.887)"/>
      <nite:child href="Bmr022.D.segs.xml#id(Bmr022.segment.888)"/>
      <nite:child href="Bmr022.C.segs.xml#id(Bmr022.segment.889)..id(Bmr022.segment.890)"/>
      <nite:child href="Bmr022.B.segs.xml#id(Bmr022.segment.891)..id(Bmr022.segment.892)"/>
      <nite:child href="Bmr022.D.segs.xml#id(Bmr022.segment.893)"/>
      <nite:child href="Bmr022.A.segs.xml#id(Bmr022.segment.894)"/>
      <nite:child href="Bmr022.C.segs.xml#id(Bmr022.segment.895)"/>
      <nite:child href="Bmr022.A.segs.xml#id(Bmr022.segment.896)"/>
      <nite:child href="Bmr022.F.segs.xml#id(Bmr022.segment.897)"/>
      <nite:child href="Bmr022.C.segs.xml#id(Bmr022.segment.899)"/>
      <nite:child href="Bmr022.B.segs.xml#id(Bmr022.segment.900)"/>
      <nite:child href="Bmr022.A.segs.xml#id(Bmr022.segment.901)"/>
      <nite:child href="Bmr022.B.segs.xml#id(Bmr022.segment.902)"/>
      <nite:child href="Bmr022.F.segs.xml#id(Bmr022.segment.903)"/>
      <nite:child href="Bmr022.B.segs.xml#id(Bmr022.segment.904)"/>
      <nite:child href="Bmr022.F.segs.xml#id(Bmr022.segment.905)"/>
      <nite:child href="Bmr022.D.segs.xml#id(Bmr022.segment.907)"/>
      <nite:child href="Bmr022.E.segs.xml#id(Bmr022.segment.906)"/>
      <nite:child href="Bmr022.B.segs.xml#id(Bmr022.segment.908)"/>
      <nite:child href="Bmr022.F.segs.xml#id(Bmr022.segment.909)"/>
      <nite:child href="Bmr022.D.segs.xml#id(Bmr022.segment.910)"/>
      <nite:child href="Bmr022.B.segs.xml#id(Bmr022.segment.911)"/>
      <nite:child href="Bmr022.E.segs.xml#id(Bmr022.segment.912)"/>
      <nite:child href="Bmr022.C.segs.xml#id(Bmr022.segment.913)"/>
      <nite:child href="Bmr022.F.segs.xml#id(Bmr022.segment.914)"/>
      <nite:child href="Bmr022.A.segs.xml#id(Bmr022.segment.916)"/>
      <nite:child href="Bmr022.C.segs.xml#id(Bmr022.segment.915)"/>
      <nite:child href="Bmr022.B.segs.xml#id(Bmr022.segment.917)"/>
      <nite:child href="Bmr022.C.segs.xml#id(Bmr022.segment.918)"/>
      <nite:child href="Bmr022.F.segs.xml#id(Bmr022.segment.919)"/>
      <nite:child href="Bmr022.C.segs.xml#id(Bmr022.segment.920)"/>
      <nite:child href="Bmr022.F.segs.xml#id(Bmr022.segment.921)..id(Bmr022.segment.922)"/>
      <nite:child href="Bmr022.A.segs.xml#id(Bmr022.segment.923)"/>
      <nite:child href="Bmr022.B.segs.xml#id(Bmr022.segment.924)"/>
      <nite:child href="Bmr022.C.segs.xml#id(Bmr022.segment.925)"/>
      <nite:child href="Bmr022.B.segs.xml#id(Bmr022.segment.926)"/>
      <nite:child href="Bmr022.A.segs.xml#id(Bmr022.segment.927)..id(Bmr022.segment.928)"/>
      <nite:child href="Bmr022.C.segs.xml#id(Bmr022.segment.929)..id(Bmr022.segment.930)"/>
      <nite:child href="Bmr022.A.segs.xml#id(Bmr022.segment.931)..id(Bmr022.segment.932)"/>
      <nite:child href="Bmr022.B.segs.xml#id(Bmr022.segment.933)"/>
      <nite:child href="Bmr022.C.segs.xml#id(Bmr022.segment.934)..id(Bmr022.segment.935)"/>
      <nite:child href="Bmr022.A.segs.xml#id(Bmr022.segment.936)"/>
      <nite:child href="Bmr022.E.segs.xml#id(Bmr022.segment.937)"/>
      <nite:child href="Bmr022.F.segs.xml#id(Bmr022.segment.938)"/>
      <nite:child href="Bmr022.C.segs.xml#id(Bmr022.segment.939)"/>
      <nite:child href="Bmr022.B.segs.xml#id(Bmr022.segment.941)"/>
      <nite:child href="Bmr022.C.segs.xml#id(Bmr022.segment.940)..id(Bmr022.segment.942)"/>
      <nite:child href="Bmr022.D.segs.xml#id(Bmr022.segment.943)"/>
      <nite:child href="Bmr022.C.segs.xml#id(Bmr022.segment.944)..id(Bmr022.segment.945)"/>
      <nite:child href="Bmr022.E.segs.xml#id(Bmr022.segment.946)"/>
      <nite:child href="Bmr022.A.segs.xml#id(Bmr022.segment.947)"/>
      <nite:child href="Bmr022.E.segs.xml#id(Bmr022.segment.948)..id(Bmr022.segment.949)"/>
      <nite:child href="Bmr022.C.segs.xml#id(Bmr022.segment.950)"/>
      <nite:child href="Bmr022.A.segs.xml#id(Bmr022.segment.951)"/>
      <nite:child href="Bmr022.C.segs.xml#id(Bmr022.segment.952)"/>
      <nite:child href="Bmr022.B.segs.xml#id(Bmr022.segment.953)"/>
      <nite:child href="Bmr022.A.segs.xml#id(Bmr022.segment.954)"/>
      <nite:child href="Bmr022.C.segs.xml#id(Bmr022.segment.955)"/>
      <nite:child href="Bmr022.B.segs.xml#id(Bmr022.segment.956)..id(Bmr022.segment.959)"/>
      <nite:child href="Bmr022.A.segs.xml#id(Bmr022.segment.960)"/>
      <nite:child href="Bmr022.B.segs.xml#id(Bmr022.segment.961)..id(Bmr022.segment.963)"/>
      <nite:child href="Bmr022.A.segs.xml#id(Bmr022.segment.964)"/>
      <nite:child href="Bmr022.B.segs.xml#id(Bmr022.segment.965)..id(Bmr022.segment.973)"/>
      <nite:child href="Bmr022.A.segs.xml#id(Bmr022.segment.974)"/>
      <nite:child href="Bmr022.E.segs.xml#id(Bmr022.segment.975)..id(Bmr022.segment.976)"/>
      <nite:child href="Bmr022.B.segs.xml#id(Bmr022.segment.977)"/>
      <nite:child href="Bmr022.A.segs.xml#id(Bmr022.segment.979)"/>
      <nite:child href="Bmr022.B.segs.xml#id(Bmr022.segment.978)..id(Bmr022.segment.981)"/>
      <nite:child href="Bmr022.E.segs.xml#id(Bmr022.segment.982)"/>
      <nite:child href="Bmr022.B.segs.xml#id(Bmr022.segment.983)..id(Bmr022.segment.993)"/>
      <nite:child href="Bmr022.A.segs.xml#id(Bmr022.segment.994)..id(Bmr022.segment.1,000)"/>
      <nite:child href="Bmr022.B.segs.xml#id(Bmr022.segment.1,001)"/>
      <nite:child href="Bmr022.A.segs.xml#id(Bmr022.segment.1,002)..id(Bmr022.segment.1,004)"/>
      <nite:child href="Bmr022.B.segs.xml#id(Bmr022.segment.1,005)"/>
   </topic>
   <topic nite:id="Bmr022.topic.5">
      <nite:child href="Bmr022.A.segs.xml#id(Bmr022.segment.1,006)..id(Bmr022.segment.1,012)"/>
      <nite:child href="Bmr022.E.segs.xml#id(Bmr022.segment.1,013)"/>
      <nite:child href="Bmr022.A.segs.xml#id(Bmr022.segment.1,014)"/>
      <nite:child href="Bmr022.E.segs.xml#id(Bmr022.segment.1,015)"/>
      <nite:child href="Bmr022.A.segs.xml#id(Bmr022.segment.1,016)..id(Bmr022.segment.1,017)"/>
      <nite:child href="Bmr022.E.segs.xml#id(Bmr022.segment.1,018)"/>
      <nite:child href="Bmr022.A.segs.xml#id(Bmr022.segment.1,019)..id(Bmr022.segment.1,020)"/>
      <nite:child href="Bmr022.E.segs.xml#id(Bmr022.segment.1,021)"/>
      <nite:child href="Bmr022.A.segs.xml#id(Bmr022.segment.1,022)..id(Bmr022.segment.1,024)"/>
      <nite:child href="Bmr022.B.segs.xml#id(Bmr022.segment.1,025)"/>
      <nite:child href="Bmr022.A.segs.xml#id(Bmr022.segment.1,026)..id(Bmr022.segment.1,028)"/>
      <nite:child href="Bmr022.B.segs.xml#id(Bmr022.segment.1,029)"/>
      <nite:child href="Bmr022.E.segs.xml#id(Bmr022.segment.1,030)"/>
      <nite:child href="Bmr022.A.segs.xml#id(Bmr022.segment.1,031)"/>
      <nite:child href="Bmr022.E.segs.xml#id(Bmr022.segment.1,032)"/>
      <nite:child href="Bmr022.A.segs.xml#id(Bmr022.segment.1,033)"/>
      <nite:child href="Bmr022.B.segs.xml#id(Bmr022.segment.1,034)"/>
      <nite:child href="Bmr022.A.segs.xml#id(Bmr022.segment.1,035)..id(Bmr022.segment.1,041)"/>
      <nite:child href="Bmr022.C.segs.xml#id(Bmr022.segment.1,042)"/>
      <nite:child href="Bmr022.A.segs.xml#id(Bmr022.segment.1,043)..id(Bmr022.segment.1,045)"/>
      <nite:child href="Bmr022.D.segs.xml#id(Bmr022.segment.1,046)"/>
      <nite:child href="Bmr022.B.segs.xml#id(Bmr022.segment.1,047)"/>
      <nite:child href="Bmr022.A.segs.xml#id(Bmr022.segment.1,048)..id(Bmr022.segment.1,052)"/>
      <nite:child href="Bmr022.C.segs.xml#id(Bmr022.segment.1,053)"/>
      <nite:child href="Bmr022.A.segs.xml#id(Bmr022.segment.1,054)"/>
      <nite:child href="Bmr022.C.segs.xml#id(Bmr022.segment.1,055)"/>
      <nite:child href="Bmr022.A.segs.xml#id(Bmr022.segment.1,056)..id(Bmr022.segment.1,060)"/>
      <nite:child href="Bmr022.F.segs.xml#id(Bmr022.segment.1,061)"/>
      <nite:child href="Bmr022.C.segs.xml#id(Bmr022.segment.1,062)"/>
      <nite:child href="Bmr022.A.segs.xml#id(Bmr022.segment.1,063)"/>
      <nite:child href="Bmr022.F.segs.xml#id(Bmr022.segment.1,064)..id(Bmr022.segment.1,066)"/>
      <nite:child href="Bmr022.A.segs.xml#id(Bmr022.segment.1,067)..id(Bmr022.segment.1,068)"/>
      <nite:child href="Bmr022.F.segs.xml#id(Bmr022.segment.1,069)"/>
      <nite:child href="Bmr022.A.segs.xml#id(Bmr022.segment.1,070)..id(Bmr022.segment.1,072)"/>
      <nite:child href="Bmr022.C.segs.xml#id(Bmr022.segment.1,073)"/>
      <nite:child href="Bmr022.F.segs.xml#id(Bmr022.segment.1,074)"/>
      <nite:child href="Bmr022.A.segs.xml#id(Bmr022.segment.1,075)..id(Bmr022.segment.1,076)"/>
      <nite:child href="Bmr022.F.segs.xml#id(Bmr022.segment.1,077)"/>
      <nite:child href="Bmr022.C.segs.xml#id(Bmr022.segment.1,078)"/>
      <nite:child href="Bmr022.E.segs.xml#id(Bmr022.segment.1,079)"/>
      <nite:child href="Bmr022.A.segs.xml#id(Bmr022.segment.1,080)..id(Bmr022.segment.1,082)"/>
      <nite:child href="Bmr022.E.segs.xml#id(Bmr022.segment.1,083)..id(Bmr022.segment.1,085)"/>
      <nite:child href="Bmr022.A.segs.xml#id(Bmr022.segment.1,086)..id(Bmr022.segment.1,087)"/>
      <nite:child href="Bmr022.C.segs.xml#id(Bmr022.segment.1,088)..id(Bmr022.segment.1,089)"/>
      <nite:child href="Bmr022.E.segs.xml#id(Bmr022.segment.1,090)"/>
      <nite:child href="Bmr022.C.segs.xml#id(Bmr022.segment.1,091)..id(Bmr022.segment.1,092)"/>
      <nite:child href="Bmr022.A.segs.xml#id(Bmr022.segment.1,093)"/>
      <nite:child href="Bmr022.C.segs.xml#id(Bmr022.segment.1,094)"/>
      <nite:child href="Bmr022.A.segs.xml#id(Bmr022.segment.1,095)..id(Bmr022.segment.1,096)"/>
      <nite:child href="Bmr022.B.segs.xml#id(Bmr022.segment.1,097)"/>
      <nite:child href="Bmr022.F.segs.xml#id(Bmr022.segment.1,098)..id(Bmr022.segment.1,099)"/>
      <nite:child href="Bmr022.A.segs.xml#id(Bmr022.segment.1,100)..id(Bmr022.segment.1,101)"/>
      <nite:child href="Bmr022.B.segs.xml#id(Bmr022.segment.1,102)"/>
      <nite:child href="Bmr022.A.segs.xml#id(Bmr022.segment.1,103)..id(Bmr022.segment.1,104)"/>
      <nite:child href="Bmr022.F.segs.xml#id(Bmr022.segment.1,105)..id(Bmr022.segment.1,107)"/>
      <nite:child href="Bmr022.A.segs.xml#id(Bmr022.segment.1,108)..id(Bmr022.segment.1,109)"/>
      <nite:child href="Bmr022.F.segs.xml#id(Bmr022.segment.1,110)..id(Bmr022.segment.1,111)"/>
      <nite:child href="Bmr022.E.segs.xml#id(Bmr022.segment.1,112)"/>
      <nite:child href="Bmr022.C.segs.xml#id(Bmr022.segment.1,113)"/>
      <nite:child href="Bmr022.A.segs.xml#id(Bmr022.segment.1,114)"/>
      <nite:child href="Bmr022.F.segs.xml#id(Bmr022.segment.1,115)"/>
      <nite:child href="Bmr022.A.segs.xml#id(Bmr022.segment.1,116)"/>
      <nite:child href="Bmr022.F.segs.xml#id(Bmr022.segment.1,117)..id(Bmr022.segment.1,118)"/>
      <nite:child href="Bmr022.E.segs.xml#id(Bmr022.segment.1,119)"/>
      <nite:child href="Bmr022.F.segs.xml#id(Bmr022.segment.1,120)..id(Bmr022.segment.1,121)"/>
      <nite:child href="Bmr022.E.segs.xml#id(Bmr022.segment.1,122)"/>
      <nite:child href="Bmr022.A.segs.xml#id(Bmr022.segment.1,123)"/>
      <nite:child href="Bmr022.E.segs.xml#id(Bmr022.segment.1,124)"/>
      <nite:child href="Bmr022.C.segs.xml#id(Bmr022.segment.1,125)"/>
      <nite:child href="Bmr022.A.segs.xml#id(Bmr022.segment.1,126)..id(Bmr022.segment.1,127)"/>
      <nite:child href="Bmr022.E.segs.xml#id(Bmr022.segment.1,128)"/>
      <nite:child href="Bmr022.F.segs.xml#id(Bmr022.segment.1,129)..id(Bmr022.segment.1,130)"/>
      <nite:child href="Bmr022.A.segs.xml#id(Bmr022.segment.1,131)"/>
      <nite:child href="Bmr022.F.segs.xml#id(Bmr022.segment.1,132)"/>
      <nite:child href="Bmr022.C.segs.xml#id(Bmr022.segment.1,133)"/>
      <nite:child href="Bmr022.F.segs.xml#id(Bmr022.segment.1,134)..id(Bmr022.segment.1,136)"/>
      <nite:child href="Bmr022.A.segs.xml#id(Bmr022.segment.1,137)..id(Bmr022.segment.1,138)"/>
      <nite:child href="Bmr022.F.segs.xml#id(Bmr022.segment.1,139)..id(Bmr022.segment.1,140)"/>
      <nite:child href="Bmr022.A.segs.xml#id(Bmr022.segment.1,141)"/>
      <nite:child href="Bmr022.F.segs.xml#id(Bmr022.segment.1,142)..id(Bmr022.segment.1,143)"/>
      <nite:child href="Bmr022.A.segs.xml#id(Bmr022.segment.1,144)"/>
      <nite:child href="Bmr022.F.segs.xml#id(Bmr022.segment.1,145)"/>
      <nite:child href="Bmr022.C.segs.xml#id(Bmr022.segment.1,146)"/>
      <nite:child href="Bmr022.A.segs.xml#id(Bmr022.segment.1,147)"/>
      <nite:child href="Bmr022.C.segs.xml#id(Bmr022.segment.1,148)..id(Bmr022.segment.1,149)"/>
      <nite:child href="Bmr022.A.segs.xml#id(Bmr022.segment.1,150)"/>
      <nite:child href="Bmr022.E.segs.xml#id(Bmr022.segment.1,151)"/>
      <nite:child href="Bmr022.C.segs.xml#id(Bmr022.segment.1,152)..id(Bmr022.segment.1,153)"/>
      <nite:child href="Bmr022.E.segs.xml#id(Bmr022.segment.1,154)..id(Bmr022.segment.1,155)"/>
      <nite:child href="Bmr022.C.segs.xml#id(Bmr022.segment.1,156)"/>
      <nite:child href="Bmr022.E.segs.xml#id(Bmr022.segment.1,157)"/>
      <nite:child href="Bmr022.C.segs.xml#id(Bmr022.segment.1,158)"/>
      <nite:child href="Bmr022.A.segs.xml#id(Bmr022.segment.1,159)"/>
      <nite:child href="Bmr022.C.segs.xml#id(Bmr022.segment.1,160)"/>
      <nite:child href="Bmr022.A.segs.xml#id(Bmr022.segment.1,161)"/>
      <nite:child href="Bmr022.C.segs.xml#id(Bmr022.segment.1,162)..id(Bmr022.segment.1,163)"/>
      <nite:child href="Bmr022.A.segs.xml#id(Bmr022.segment.1,164)..id(Bmr022.segment.1,165)"/>
      <nite:child href="Bmr022.C.segs.xml#id(Bmr022.segment.1,166)"/>
      <nite:child href="Bmr022.A.segs.xml#id(Bmr022.segment.1,167)..id(Bmr022.segment.1,170)"/>
      <nite:child href="Bmr022.F.segs.xml#id(Bmr022.segment.1,171)"/>
      <nite:child href="Bmr022.C.segs.xml#id(Bmr022.segment.1,172)"/>
      <nite:child href="Bmr022.F.segs.xml#id(Bmr022.segment.1,173)"/>
      <nite:child href="Bmr022.A.segs.xml#id(Bmr022.segment.1,174)"/>
      <nite:child href="Bmr022.C.segs.xml#id(Bmr022.segment.1,175)"/>
      <nite:child href="Bmr022.F.segs.xml#id(Bmr022.segment.1,176)"/>
      <nite:child href="Bmr022.A.segs.xml#id(Bmr022.segment.1,177)"/>
      <nite:child href="Bmr022.F.segs.xml#id(Bmr022.segment.1,178)"/>
      <nite:child href="Bmr022.A.segs.xml#id(Bmr022.segment.1,179)"/>
      <nite:child href="Bmr022.F.segs.xml#id(Bmr022.segment.1,180)..id(Bmr022.segment.1,182)"/>
      <nite:child href="Bmr022.A.segs.xml#id(Bmr022.segment.1,183)..id(Bmr022.segment.1,185)"/>
      <nite:child href="Bmr022.F.segs.xml#id(Bmr022.segment.1,186)..id(Bmr022.segment.1,187)"/>
      <nite:child href="Bmr022.A.segs.xml#id(Bmr022.segment.1,188)"/>
      <nite:child href="Bmr022.F.segs.xml#id(Bmr022.segment.1,189)"/>
      <nite:child href="Bmr022.C.segs.xml#id(Bmr022.segment.1,191)"/>
      <nite:child href="Bmr022.A.segs.xml#id(Bmr022.segment.1,190)"/>
      <nite:child href="Bmr022.C.segs.xml#id(Bmr022.segment.1,192)"/>
      <nite:child href="Bmr022.A.segs.xml#id(Bmr022.segment.1,193)"/>
      <nite:child href="Bmr022.C.segs.xml#id(Bmr022.segment.1,194)..id(Bmr022.segment.1,197)"/>
      <nite:child href="Bmr022.A.segs.xml#id(Bmr022.segment.1,199)"/>
      <nite:child href="Bmr022.C.segs.xml#id(Bmr022.segment.1,198)"/>
      <nite:child href="Bmr022.B.segs.xml#id(Bmr022.segment.1,201)"/>
      <nite:child href="Bmr022.F.segs.xml#id(Bmr022.segment.1,200)"/>
      <nite:child href="Bmr022.A.segs.xml#id(Bmr022.segment.1,202)..id(Bmr022.segment.1,204)"/>
      <nite:child href="Bmr022.C.segs.xml#id(Bmr022.segment.1,205)"/>
      <nite:child href="Bmr022.A.segs.xml#id(Bmr022.segment.1,206)"/>
      <nite:child href="Bmr022.C.segs.xml#id(Bmr022.segment.1,207)..id(Bmr022.segment.1,208)"/>
      <nite:child href="Bmr022.A.segs.xml#id(Bmr022.segment.1,209)"/>
      <nite:child href="Bmr022.C.segs.xml#id(Bmr022.segment.1,210)..id(Bmr022.segment.1,212)"/>
      <nite:child href="Bmr022.F.segs.xml#id(Bmr022.segment.1,213)"/>
      <nite:child href="Bmr022.C.segs.xml#id(Bmr022.segment.1,214)..id(Bmr022.segment.1,220)"/>
      <nite:child href="Bmr022.A.segs.xml#id(Bmr022.segment.1,221)..id(Bmr022.segment.1,224)"/>
      <nite:child href="Bmr022.F.segs.xml#id(Bmr022.segment.1,225)..id(Bmr022.segment.1,226)"/>
      <nite:child href="Bmr022.A.segs.xml#id(Bmr022.segment.1,227)"/>
      <nite:child href="Bmr022.D.segs.xml#id(Bmr022.segment.1,228)"/>
      <nite:child href="Bmr022.A.segs.xml#id(Bmr022.segment.1,229)..id(Bmr022.segment.1,230)"/>
      <nite:child href="Bmr022.B.segs.xml#id(Bmr022.segment.1,231)"/>
      <nite:child href="Bmr022.A.segs.xml#id(Bmr022.segment.1,232)"/>
      <nite:child href="Bmr022.D.segs.xml#id(Bmr022.segment.1,233)"/>
      <nite:child href="Bmr022.C.segs.xml#id(Bmr022.segment.1,234)"/>
      <nite:child href="Bmr022.E.segs.xml#id(Bmr022.segment.1,235)"/>
      <nite:child href="Bmr022.D.segs.xml#id(Bmr022.segment.1,236)"/>
      <nite:child href="Bmr022.E.segs.xml#id(Bmr022.segment.1,237)"/>
      <nite:child href="Bmr022.F.segs.xml#id(Bmr022.segment.1,238)"/>
      <nite:child href="Bmr022.E.segs.xml#id(Bmr022.segment.1,239)"/>
      <nite:child href="Bmr022.D.segs.xml#id(Bmr022.segment.1,240)"/>
      <nite:child href="Bmr022.F.segs.xml#id(Bmr022.segment.1,241)..id(Bmr022.segment.1,242)"/>
      <nite:child href="Bmr022.B.segs.xml#id(Bmr022.segment.1,243)"/>
      <nite:child href="Bmr022.C.segs.xml#id(Bmr022.segment.1,244)..id(Bmr022.segment.1,245)"/>
      <nite:child href="Bmr022.A.segs.xml#id(Bmr022.segment.1,246)"/>
      <nite:child href="Bmr022.C.segs.xml#id(Bmr022.segment.1,247)..id(Bmr022.segment.1,248)"/>
      <nite:child href="Bmr022.E.segs.xml#id(Bmr022.segment.1,249)"/>
      <nite:child href="Bmr022.C.segs.xml#id(Bmr022.segment.1,250)..id(Bmr022.segment.1,251)"/>
      <nite:child href="Bmr022.B.segs.xml#id(Bmr022.segment.1,252)"/>
      <nite:child href="Bmr022.A.segs.xml#id(Bmr022.segment.1,253)"/>
      <nite:child href="Bmr022.C.segs.xml#id(Bmr022.segment.1,254)..id(Bmr022.segment.1,255)"/>
      <nite:child href="Bmr022.A.segs.xml#id(Bmr022.segment.1,256)..id(Bmr022.segment.1,259)"/>
      <nite:child href="Bmr022.C.segs.xml#id(Bmr022.segment.1,258)..id(Bmr022.segment.1,260)"/>
      <nite:child href="Bmr022.E.segs.xml#id(Bmr022.segment.1,261)"/>
      <nite:child href="Bmr022.F.segs.xml#id(Bmr022.segment.1,262)"/>
      <nite:child href="Bmr022.E.segs.xml#id(Bmr022.segment.1,263)..id(Bmr022.segment.1,264)"/>
      <nite:child href="Bmr022.A.segs.xml#id(Bmr022.segment.1,265)"/>
      <nite:child href="Bmr022.E.segs.xml#id(Bmr022.segment.1,266)..id(Bmr022.segment.1,267)"/>
      <nite:child href="Bmr022.C.segs.xml#id(Bmr022.segment.1,268)..id(Bmr022.segment.1,269)"/>
      <nite:child href="Bmr022.B.segs.xml#id(Bmr022.segment.1,270)"/>
      <nite:child href="Bmr022.C.segs.xml#id(Bmr022.segment.1,271)..id(Bmr022.segment.1,276)"/>
      <nite:child href="Bmr022.F.segs.xml#id(Bmr022.segment.1,277)"/>
      <nite:child href="Bmr022.C.segs.xml#id(Bmr022.segment.1,278)"/>
      <nite:child href="Bmr022.F.segs.xml#id(Bmr022.segment.1,279)..id(Bmr022.segment.1,282)"/>
      <nite:child href="Bmr022.A.segs.xml#id(Bmr022.segment.1,283)"/>
      <nite:child href="Bmr022.F.segs.xml#id(Bmr022.segment.1,284)..id(Bmr022.segment.1,288)"/>
      <nite:child href="Bmr022.E.segs.xml#id(Bmr022.segment.1,287)"/>
      <nite:child href="Bmr022.F.segs.xml#id(Bmr022.segment.1,289)..id(Bmr022.segment.1,292)"/>
      <nite:child href="Bmr022.A.segs.xml#id(Bmr022.segment.1,293)..id(Bmr022.segment.1,294)"/>
      <nite:child href="Bmr022.F.segs.xml#id(Bmr022.segment.1,295)..id(Bmr022.segment.1,296)"/>
      <nite:child href="Bmr022.A.segs.xml#id(Bmr022.segment.1,297)..id(Bmr022.segment.1,299)"/>
      <nite:child href="Bmr022.F.segs.xml#id(Bmr022.segment.1,300)"/>
      <nite:child href="Bmr022.A.segs.xml#id(Bmr022.segment.1,301)"/>
      <nite:child href="Bmr022.F.segs.xml#id(Bmr022.segment.1,302)..id(Bmr022.segment.1,308)"/>
      <nite:child href="Bmr022.A.segs.xml#id(Bmr022.segment.1,309)"/>
      <nite:child href="Bmr022.F.segs.xml#id(Bmr022.segment.1,310)..id(Bmr022.segment.1,316)"/>
      <nite:child href="Bmr022.C.segs.xml#id(Bmr022.segment.1,317)"/>
      <nite:child href="Bmr022.E.segs.xml#id(Bmr022.segment.1,318)"/>
      <nite:child href="Bmr022.F.segs.xml#id(Bmr022.segment.1,319)"/>
      <nite:child href="Bmr022.E.segs.xml#id(Bmr022.segment.1,320)"/>
      <nite:child href="Bmr022.F.segs.xml#id(Bmr022.segment.1,321)"/>
      <nite:child href="Bmr022.E.segs.xml#id(Bmr022.segment.1,322)..id(Bmr022.segment.1,323)"/>
      <nite:child href="Bmr022.F.segs.xml#id(Bmr022.segment.1,324)"/>
      <nite:child href="Bmr022.E.segs.xml#id(Bmr022.segment.1,325)"/>
      <nite:child href="Bmr022.C.segs.xml#id(Bmr022.segment.1,326)"/>
      <nite:child href="Bmr022.E.segs.xml#id(Bmr022.segment.1,327)..id(Bmr022.segment.1,333)"/>
      <nite:child href="Bmr022.F.segs.xml#id(Bmr022.segment.1,334)..id(Bmr022.segment.1,338)"/>
      <nite:child href="Bmr022.E.segs.xml#id(Bmr022.segment.1,339)..id(Bmr022.segment.1,340)"/>
      <nite:child href="Bmr022.F.segs.xml#id(Bmr022.segment.1,341)"/>
      <nite:child href="Bmr022.E.segs.xml#id(Bmr022.segment.1,342)"/>
      <nite:child href="Bmr022.F.segs.xml#id(Bmr022.segment.1,343)..id(Bmr022.segment.1,344)"/>
      <nite:child href="Bmr022.E.segs.xml#id(Bmr022.segment.1,345)..id(Bmr022.segment.1,346)"/>
      <nite:child href="Bmr022.F.segs.xml#id(Bmr022.segment.1,347)..id(Bmr022.segment.1,348)"/>
      <nite:child href="Bmr022.E.segs.xml#id(Bmr022.segment.1,349)"/>
      <nite:child href="Bmr022.F.segs.xml#id(Bmr022.segment.1,350)"/>
      <nite:child href="Bmr022.E.segs.xml#id(Bmr022.segment.1,351)"/>
      <nite:child href="Bmr022.F.segs.xml#id(Bmr022.segment.1,352)..id(Bmr022.segment.1,353)"/>
      <nite:child href="Bmr022.E.segs.xml#id(Bmr022.segment.1,354)"/>
      <nite:child href="Bmr022.F.segs.xml#id(Bmr022.segment.1,355)"/>
      <nite:child href="Bmr022.B.segs.xml#id(Bmr022.segment.1,356)"/>
      <nite:child href="Bmr022.E.segs.xml#id(Bmr022.segment.1,357)"/>
      <nite:child href="Bmr022.C.segs.xml#id(Bmr022.segment.1,358)"/>
      <nite:child href="Bmr022.E.segs.xml#id(Bmr022.segment.1,359)"/>
      <nite:child href="Bmr022.C.segs.xml#id(Bmr022.segment.1,360)..id(Bmr022.segment.1,361)"/>
      <nite:child href="Bmr022.A.segs.xml#id(Bmr022.segment.1,362)"/>
      <nite:child href="Bmr022.C.segs.xml#id(Bmr022.segment.1,363)"/>
      <nite:child href="Bmr022.A.segs.xml#id(Bmr022.segment.1,364)..id(Bmr022.segment.1,366)"/>
      <nite:child href="Bmr022.C.segs.xml#id(Bmr022.segment.1,367)..id(Bmr022.segment.1,368)"/>
      <nite:child href="Bmr022.A.segs.xml#id(Bmr022.segment.1,369)..id(Bmr022.segment.1,370)"/>
      <nite:child href="Bmr022.C.segs.xml#id(Bmr022.segment.1,371)"/>
      <nite:child href="Bmr022.A.segs.xml#id(Bmr022.segment.1,372)..id(Bmr022.segment.1,373)"/>
      <nite:child href="Bmr022.C.segs.xml#id(Bmr022.segment.1,374)"/>
      <nite:child href="Bmr022.A.segs.xml#id(Bmr022.segment.1,375)..id(Bmr022.segment.1,376)"/>
      <nite:child href="Bmr022.E.segs.xml#id(Bmr022.segment.1,377)..id(Bmr022.segment.1,378)"/>
      <nite:child href="Bmr022.C.segs.xml#id(Bmr022.segment.1,379)"/>
      <nite:child href="Bmr022.E.segs.xml#id(Bmr022.segment.1,380)..id(Bmr022.segment.1,381)"/>
      <nite:child href="Bmr022.C.segs.xml#id(Bmr022.segment.1,382)..id(Bmr022.segment.1,389)"/>
      <nite:child href="Bmr022.A.segs.xml#id(Bmr022.segment.1,390)"/>
      <nite:child href="Bmr022.C.segs.xml#id(Bmr022.segment.1,391)"/>
      <nite:child href="Bmr022.F.segs.xml#id(Bmr022.segment.1,392)"/>
      <nite:child href="Bmr022.C.segs.xml#id(Bmr022.segment.1,393)..id(Bmr022.segment.1,399)"/>
      <nite:child href="Bmr022.F.segs.xml#id(Bmr022.segment.1,400)"/>
      <nite:child href="Bmr022.A.segs.xml#id(Bmr022.segment.1,401)"/>
      <nite:child href="Bmr022.F.segs.xml#id(Bmr022.segment.1,402)"/>
      <nite:child href="Bmr022.E.segs.xml#id(Bmr022.segment.1,403)"/>
      <nite:child href="Bmr022.A.segs.xml#id(Bmr022.segment.1,404)"/>
      <nite:child href="Bmr022.E.segs.xml#id(Bmr022.segment.1,405)..id(Bmr022.segment.1,406)"/>
      <nite:child href="Bmr022.C.segs.xml#id(Bmr022.segment.1,407)"/>
      <nite:child href="Bmr022.E.segs.xml#id(Bmr022.segment.1,408)"/>
      <nite:child href="Bmr022.C.segs.xml#id(Bmr022.segment.1,409)..id(Bmr022.segment.1,410)"/>
      <nite:child href="Bmr022.E.segs.xml#id(Bmr022.segment.1,411)"/>
      <nite:child href="Bmr022.F.segs.xml#id(Bmr022.segment.1,412)"/>
      <nite:child href="Bmr022.E.segs.xml#id(Bmr022.segment.1,413)"/>
      <nite:child href="Bmr022.C.segs.xml#id(Bmr022.segment.1,414)"/>
      <nite:child href="Bmr022.F.segs.xml#id(Bmr022.segment.1,415)"/>
      <nite:child href="Bmr022.E.segs.xml#id(Bmr022.segment.1,416)..id(Bmr022.segment.1,417)"/>
      <nite:child href="Bmr022.C.segs.xml#id(Bmr022.segment.1,418)"/>
      <nite:child href="Bmr022.E.segs.xml#id(Bmr022.segment.1,419)"/>
      <nite:child href="Bmr022.C.segs.xml#id(Bmr022.segment.1,420)"/>
      <nite:child href="Bmr022.E.segs.xml#id(Bmr022.segment.1,421)"/>
      <nite:child href="Bmr022.C.segs.xml#id(Bmr022.segment.1,422)"/>
      <nite:child href="Bmr022.A.segs.xml#id(Bmr022.segment.1,423)"/>
      <nite:child href="Bmr022.D.segs.xml#id(Bmr022.segment.1,424)"/>
      <nite:child href="Bmr022.E.segs.xml#id(Bmr022.segment.1,425)..id(Bmr022.segment.1,427)"/>
      <nite:child href="Bmr022.A.segs.xml#id(Bmr022.segment.1,426)"/>
      <nite:child href="Bmr022.E.segs.xml#id(Bmr022.segment.1,428)"/>
      <nite:child href="Bmr022.A.segs.xml#id(Bmr022.segment.1,429)"/>
      <nite:child href="Bmr022.E.segs.xml#id(Bmr022.segment.1,430)"/>
      <nite:child href="Bmr022.A.segs.xml#id(Bmr022.segment.1,431)"/>
      <nite:child href="Bmr022.E.segs.xml#id(Bmr022.segment.1,432)"/>
      <nite:child href="Bmr022.A.segs.xml#id(Bmr022.segment.1,433)"/>
      <nite:child href="Bmr022.C.segs.xml#id(Bmr022.segment.1,434)..id(Bmr022.segment.1,449)"/>
      <nite:child href="Bmr022.A.segs.xml#id(Bmr022.segment.1,450)..id(Bmr022.segment.1,452)"/>
   </topic>
   <topic nite:id="Bmr022.topic.6" description="digits">
      <nite:child href="Bmr022.A.segs.xml#id(Bmr022.segment.1,453)"/>
      <nite:child href="Bmr022.C.segs.xml#id(Bmr022.segment.1,454)"/>
      <nite:child href="Bmr022.A.segs.xml#id(Bmr022.segment.1,455)"/>
      <nite:child href="Bmr022.E.segs.xml#id(Bmr022.segment.1,456)"/>
      <nite:child href="Bmr022.A.segs.xml#id(Bmr022.segment.1,457)"/>
      <nite:child href="Bmr022.C.segs.xml#id(Bmr022.segment.1,458)"/>
      <nite:child href="Bmr022.A.segs.xml#id(Bmr022.segment.1,459)"/>
      <nite:child href="Bmr022.F.segs.xml#id(Bmr022.segment.1,460)"/>
      <nite:child href="Bmr022.A.segs.xml#id(Bmr022.segment.1,461)..id(Bmr022.segment.1,467)"/>
      <nite:child href="Bmr022.C.segs.xml#id(Bmr022.segment.1,468)..id(Bmr022.segment.1,476)"/>
      <nite:child href="Bmr022.E.segs.xml#id(Bmr022.segment.1,477)..id(Bmr022.segment.1,485)"/>
      <nite:child href="Bmr022.F.segs.xml#id(Bmr022.segment.1,486)..id(Bmr022.segment.1,494)"/>
      <nite:child href="Bmr022.D.segs.xml#id(Bmr022.segment.1,495)..id(Bmr022.segment.1,503)"/>
      <nite:child href="Bmr022.A.segs.xml#id(Bmr022.segment.1,504)"/>
      <nite:child href="Bmr022.F.segs.xml#id(Bmr022.segment.1,505)"/>
   </topic>
</nite:root>