<?xml version="1.0" encoding="ISO-8859-1" standalone="yes"?>
<nite:root nite:id="Bro015.topic" xmlns:nite="http://nite.sourceforge.net/">
   <topic nite:id="Bro015.topic.1">
      <nite:child href="Bro015.F.segs.xml#id(Bro015.segment.1)"/>
      <nite:child href="Bro015.A.segs.xml#id(Bro015.segment.2)"/>
      <nite:child href="Bro015.D.segs.xml#id(Bro015.segment.3)"/>
      <nite:child href="Bro015.F.segs.xml#id(Bro015.segment.4)..id(Bro015.segment.5)"/>
      <nite:child href="Bro015.C.segs.xml#id(Bro015.segment.6)"/>
      <nite:child href="Bro015.D.segs.xml#id(Bro015.segment.7)"/>
      <nite:child href="Bro015.C.segs.xml#id(Bro015.segment.8)"/>
      <nite:child href="Bro015.D.segs.xml#id(Bro015.segment.9)..id(Bro015.segment.12)"/>
      <nite:child href="Bro015.E.segs.xml#id(Bro015.segment.13)"/>
      <nite:child href="Bro015.D.segs.xml#id(Bro015.segment.14)..id(Bro015.segment.15)"/>
      <nite:child href="Bro015.A.segs.xml#id(Bro015.segment.16)"/>
      <nite:child href="Bro015.D.segs.xml#id(Bro015.segment.17)"/>
      <nite:child href="Bro015.A.segs.xml#id(Bro015.segment.18)"/>
      <nite:child href="Bro015.D.segs.xml#id(Bro015.segment.19)"/>
      <nite:child href="Bro015.E.segs.xml#id(Bro015.segment.20)"/>
      <nite:child href="Bro015.D.segs.xml#id(Bro015.segment.21)..id(Bro015.segment.22)"/>
      <nite:child href="Bro015.E.segs.xml#id(Bro015.segment.23)"/>
      <nite:child href="Bro015.D.segs.xml#id(Bro015.segment.24)..id(Bro015.segment.26)"/>
      <nite:child href="Bro015.E.segs.xml#id(Bro015.segment.27)"/>
      <nite:child href="Bro015.C.segs.xml#id(Bro015.segment.28)..id(Bro015.segment.29)"/>
      <nite:child href="Bro015.F.segs.xml#id(Bro015.segment.30)"/>
      <nite:child href="Bro015.A.segs.xml#id(Bro015.segment.31)"/>
      <nite:child href="Bro015.D.segs.xml#id(Bro015.segment.32)..id(Bro015.segment.33)"/>
      <nite:child href="Bro015.F.segs.xml#id(Bro015.segment.34)"/>
      <nite:child href="Bro015.C.segs.xml#id(Bro015.segment.35)"/>
      <nite:child href="Bro015.F.segs.xml#id(Bro015.segment.36)"/>
      <nite:child href="Bro015.A.segs.xml#id(Bro015.segment.37)"/>
      <nite:child href="Bro015.F.segs.xml#id(Bro015.segment.38)"/>
      <nite:child href="Bro015.D.segs.xml#id(Bro015.segment.39)"/>
      <nite:child href="Bro015.F.segs.xml#id(Bro015.segment.40)"/>
      <nite:child href="Bro015.C.segs.xml#id(Bro015.segment.41)"/>
      <nite:child href="Bro015.D.segs.xml#id(Bro015.segment.42)..id(Bro015.segment.43)"/>
      <nite:child href="Bro015.C.segs.xml#id(Bro015.segment.44)"/>
      <nite:child href="Bro015.D.segs.xml#id(Bro015.segment.45)"/>
      <nite:child href="Bro015.C.segs.xml#id(Bro015.segment.46)"/>
      <nite:child href="Bro015.D.segs.xml#id(Bro015.segment.47)"/>
   </topic>
   <topic nite:id="Bro015.topic.2">
      <nite:child href="Bro015.C.segs.xml#id(Bro015.segment.48)"/>
      <nite:child href="Bro015.A.segs.xml#id(Bro015.segment.49)"/>
      <nite:child href="Bro015.E.segs.xml#id(Bro015.segment.50)"/>
      <nite:child href="Bro015.C.segs.xml#id(Bro015.segment.51)"/>
      <nite:child href="Bro015.E.segs.xml#id(Bro015.segment.52)"/>
      <nite:child href="Bro015.C.segs.xml#id(Bro015.segment.53)"/>
      <nite:child href="Bro015.E.segs.xml#id(Bro015.segment.54)"/>
      <nite:child href="Bro015.F.segs.xml#id(Bro015.segment.55)"/>
      <nite:child href="Bro015.E.segs.xml#id(Bro015.segment.56)"/>
      <nite:child href="Bro015.C.segs.xml#id(Bro015.segment.57)"/>
      <nite:child href="Bro015.E.segs.xml#id(Bro015.segment.58)"/>
      <nite:child href="Bro015.C.segs.xml#id(Bro015.segment.59)..id(Bro015.segment.61)"/>
      <nite:child href="Bro015.D.segs.xml#id(Bro015.segment.62)"/>
      <nite:child href="Bro015.C.segs.xml#id(Bro015.segment.63)"/>
      <nite:child href="Bro015.D.segs.xml#id(Bro015.segment.64)"/>
      <nite:child href="Bro015.C.segs.xml#id(Bro015.segment.65)..id(Bro015.segment.67)"/>
      <nite:child href="Bro015.D.segs.xml#id(Bro015.segment.68)"/>
      <nite:child href="Bro015.A.segs.xml#id(Bro015.segment.69)"/>
      <nite:child href="Bro015.C.segs.xml#id(Bro015.segment.70)"/>
      <nite:child href="Bro015.A.segs.xml#id(Bro015.segment.71)"/>
      <nite:child href="Bro015.D.segs.xml#id(Bro015.segment.72)"/>
      <nite:child href="Bro015.A.segs.xml#id(Bro015.segment.73)"/>
      <nite:child href="Bro015.D.segs.xml#id(Bro015.segment.74)"/>
      <nite:child href="Bro015.C.segs.xml#id(Bro015.segment.75)..id(Bro015.segment.76)"/>
      <nite:child href="Bro015.D.segs.xml#id(Bro015.segment.77)"/>
      <nite:child href="Bro015.A.segs.xml#id(Bro015.segment.78)"/>
      <nite:child href="Bro015.D.segs.xml#id(Bro015.segment.79)..id(Bro015.segment.82)"/>
      <nite:child href="Bro015.C.segs.xml#id(Bro015.segment.81)"/>
      <nite:child href="Bro015.A.segs.xml#id(Bro015.segment.83)"/>
      <nite:child href="Bro015.C.segs.xml#id(Bro015.segment.84)"/>
      <nite:child href="Bro015.D.segs.xml#id(Bro015.segment.85)"/>
      <nite:child href="Bro015.C.segs.xml#id(Bro015.segment.86)"/>
      <nite:child href="Bro015.D.segs.xml#id(Bro015.segment.87)"/>
      <nite:child href="Bro015.C.segs.xml#id(Bro015.segment.88)"/>
      <nite:child href="Bro015.D.segs.xml#id(Bro015.segment.89)"/>
      <nite:child href="Bro015.C.segs.xml#id(Bro015.segment.90)..id(Bro015.segment.97)"/>
      <nite:child href="Bro015.A.segs.xml#id(Bro015.segment.98)"/>
      <nite:child href="Bro015.D.segs.xml#id(Bro015.segment.99)"/>
      <nite:child href="Bro015.C.segs.xml#id(Bro015.segment.100)"/>
      <nite:child href="Bro015.D.segs.xml#id(Bro015.segment.101)"/>
      <nite:child href="Bro015.C.segs.xml#id(Bro015.segment.102)"/>
      <nite:child href="Bro015.D.segs.xml#id(Bro015.segment.103)..id(Bro015.segment.105)"/>
      <nite:child href="Bro015.C.segs.xml#id(Bro015.segment.106)..id(Bro015.segment.107)"/>
      <nite:child href="Bro015.D.segs.xml#id(Bro015.segment.108)"/>
      <nite:child href="Bro015.C.segs.xml#id(Bro015.segment.109)..id(Bro015.segment.117)"/>
      <nite:child href="Bro015.D.segs.xml#id(Bro015.segment.118)"/>
      <nite:child href="Bro015.E.segs.xml#id(Bro015.segment.119)"/>
      <nite:child href="Bro015.D.segs.xml#id(Bro015.segment.121)"/>
      <nite:child href="Bro015.C.segs.xml#id(Bro015.segment.120)..id(Bro015.segment.123)"/>
      <nite:child href="Bro015.E.segs.xml#id(Bro015.segment.124)"/>
      <nite:child href="Bro015.D.segs.xml#id(Bro015.segment.125)"/>
      <nite:child href="Bro015.E.segs.xml#id(Bro015.segment.126)"/>
      <nite:child href="Bro015.A.segs.xml#id(Bro015.segment.127)"/>
      <nite:child href="Bro015.D.segs.xml#id(Bro015.segment.128)"/>
      <nite:child href="Bro015.A.segs.xml#id(Bro015.segment.129)"/>
      <nite:child href="Bro015.C.segs.xml#id(Bro015.segment.130)"/>
      <nite:child href="Bro015.E.segs.xml#id(Bro015.segment.131)..id(Bro015.segment.132)"/>
      <nite:child href="Bro015.A.segs.xml#id(Bro015.segment.133)"/>
      <nite:child href="Bro015.E.segs.xml#id(Bro015.segment.134)"/>
      <nite:child href="Bro015.A.segs.xml#id(Bro015.segment.135)"/>
      <nite:child href="Bro015.D.segs.xml#id(Bro015.segment.136)"/>
      <nite:child href="Bro015.C.segs.xml#id(Bro015.segment.137)"/>
      <nite:child href="Bro015.D.segs.xml#id(Bro015.segment.138)"/>
      <nite:child href="Bro015.A.segs.xml#id(Bro015.segment.139)"/>
      <nite:child href="Bro015.D.segs.xml#id(Bro015.segment.140)"/>
      <nite:child href="Bro015.C.segs.xml#id(Bro015.segment.141)"/>
      <nite:child href="Bro015.D.segs.xml#id(Bro015.segment.142)"/>
      <nite:child href="Bro015.C.segs.xml#id(Bro015.segment.143)"/>
      <nite:child href="Bro015.D.segs.xml#id(Bro015.segment.144)"/>
      <nite:child href="Bro015.C.segs.xml#id(Bro015.segment.145)"/>
      <nite:child href="Bro015.D.segs.xml#id(Bro015.segment.146)"/>
      <nite:child href="Bro015.C.segs.xml#id(Bro015.segment.147)..id(Bro015.segment.148)"/>
      <nite:child href="Bro015.D.segs.xml#id(Bro015.segment.149)"/>
      <nite:child href="Bro015.C.segs.xml#id(Bro015.segment.150)"/>
      <nite:child href="Bro015.D.segs.xml#id(Bro015.segment.151)"/>
      <nite:child href="Bro015.E.segs.xml#id(Bro015.segment.152)"/>
      <nite:child href="Bro015.C.segs.xml#id(Bro015.segment.153)"/>
      <nite:child href="Bro015.D.segs.xml#id(Bro015.segment.154)"/>
      <nite:child href="Bro015.E.segs.xml#id(Bro015.segment.155)"/>
      <nite:child href="Bro015.C.segs.xml#id(Bro015.segment.156)..id(Bro015.segment.157)"/>
      <nite:child href="Bro015.D.segs.xml#id(Bro015.segment.158)"/>
      <nite:child href="Bro015.C.segs.xml#id(Bro015.segment.159)"/>
      <nite:child href="Bro015.D.segs.xml#id(Bro015.segment.160)"/>
      <nite:child href="Bro015.C.segs.xml#id(Bro015.segment.161)..id(Bro015.segment.163)"/>
      <nite:child href="Bro015.D.segs.xml#id(Bro015.segment.162)"/>
      <nite:child href="Bro015.C.segs.xml#id(Bro015.segment.164)"/>
      <nite:child href="Bro015.E.segs.xml#id(Bro015.segment.165)"/>
      <nite:child href="Bro015.C.segs.xml#id(Bro015.segment.166)..id(Bro015.segment.169)"/>
      <nite:child href="Bro015.D.segs.xml#id(Bro015.segment.170)..id(Bro015.segment.173)"/>
      <nite:child href="Bro015.C.segs.xml#id(Bro015.segment.174)"/>
      <nite:child href="Bro015.F.segs.xml#id(Bro015.segment.175)"/>
      <nite:child href="Bro015.D.segs.xml#id(Bro015.segment.176)"/>
      <nite:child href="Bro015.A.segs.xml#id(Bro015.segment.177)"/>
      <nite:child href="Bro015.C.segs.xml#id(Bro015.segment.178)"/>
      <nite:child href="Bro015.E.segs.xml#id(Bro015.segment.179)"/>
      <nite:child href="Bro015.C.segs.xml#id(Bro015.segment.180)..id(Bro015.segment.181)"/>
      <nite:child href="Bro015.A.segs.xml#id(Bro015.segment.182)"/>
      <nite:child href="Bro015.C.segs.xml#id(Bro015.segment.183)..id(Bro015.segment.184)"/>
      <nite:child href="Bro015.D.segs.xml#id(Bro015.segment.185)..id(Bro015.segment.186)"/>
      <nite:child href="Bro015.E.segs.xml#id(Bro015.segment.187)"/>
      <nite:child href="Bro015.D.segs.xml#id(Bro015.segment.188)"/>
      <nite:child href="Bro015.E.segs.xml#id(Bro015.segment.189)"/>
      <nite:child href="Bro015.D.segs.xml#id(Bro015.segment.190)"/>
      <nite:child href="Bro015.A.segs.xml#id(Bro015.segment.191)"/>
      <nite:child href="Bro015.D.segs.xml#id(Bro015.segment.192)"/>
      <nite:child href="Bro015.A.segs.xml#id(Bro015.segment.193)..id(Bro015.segment.194)"/>
      <nite:child href="Bro015.D.segs.xml#id(Bro015.segment.195)..id(Bro015.segment.197)"/>
      <nite:child href="Bro015.A.segs.xml#id(Bro015.segment.198)"/>
      <nite:child href="Bro015.D.segs.xml#id(Bro015.segment.199)"/>
      <nite:child href="Bro015.A.segs.xml#id(Bro015.segment.200)"/>
      <nite:child href="Bro015.C.segs.xml#id(Bro015.segment.201)"/>
      <nite:child href="Bro015.D.segs.xml#id(Bro015.segment.202)..id(Bro015.segment.203)"/>
      <nite:child href="Bro015.F.segs.xml#id(Bro015.segment.204)"/>
      <nite:child href="Bro015.C.segs.xml#id(Bro015.segment.205)..id(Bro015.segment.206)"/>
      <nite:child href="Bro015.F.segs.xml#id(Bro015.segment.207)"/>
      <nite:child href="Bro015.D.segs.xml#id(Bro015.segment.208)"/>
   </topic>
   <topic nite:id="Bro015.topic.3">
      <nite:child href="Bro015.D.segs.xml#id(Bro015.segment.209)"/>
      <nite:child href="Bro015.F.segs.xml#id(Bro015.segment.210)"/>
      <nite:child href="Bro015.B.segs.xml#id(Bro015.segment.211)..id(Bro015.segment.212)"/>
      <nite:child href="Bro015.A.segs.xml#id(Bro015.segment.213)"/>
      <nite:child href="Bro015.F.segs.xml#id(Bro015.segment.214)"/>
      <nite:child href="Bro015.B.segs.xml#id(Bro015.segment.215)..id(Bro015.segment.216)"/>
      <nite:child href="Bro015.D.segs.xml#id(Bro015.segment.217)"/>
      <nite:child href="Bro015.C.segs.xml#id(Bro015.segment.219)"/>
      <nite:child href="Bro015.B.segs.xml#id(Bro015.segment.218)..id(Bro015.segment.220)"/>
      <nite:child href="Bro015.D.segs.xml#id(Bro015.segment.221)"/>
      <nite:child href="Bro015.E.segs.xml#id(Bro015.segment.222)"/>
      <nite:child href="Bro015.B.segs.xml#id(Bro015.segment.223)"/>
      <nite:child href="Bro015.C.segs.xml#id(Bro015.segment.224)"/>
      <nite:child href="Bro015.B.segs.xml#id(Bro015.segment.225)"/>
      <nite:child href="Bro015.A.segs.xml#id(Bro015.segment.226)"/>
      <nite:child href="Bro015.C.segs.xml#id(Bro015.segment.227)"/>
      <nite:child href="Bro015.D.segs.xml#id(Bro015.segment.228)"/>
      <nite:child href="Bro015.E.segs.xml#id(Bro015.segment.229)"/>
      <nite:child href="Bro015.D.segs.xml#id(Bro015.segment.230)"/>
   </topic>
   <topic nite:id="Bro015.topic.4">
      <nite:child href="Bro015.A.segs.xml#id(Bro015.segment.231)"/>
      <nite:child href="Bro015.E.segs.xml#id(Bro015.segment.232)"/>
      <nite:child href="Bro015.A.segs.xml#id(Bro015.segment.233)"/>
      <nite:child href="Bro015.E.segs.xml#id(Bro015.segment.234)"/>
      <nite:child href="Bro015.B.segs.xml#id(Bro015.segment.235)"/>
      <nite:child href="Bro015.E.segs.xml#id(Bro015.segment.236)"/>
      <nite:child href="Bro015.B.segs.xml#id(Bro015.segment.237)"/>
      <nite:child href="Bro015.E.segs.xml#id(Bro015.segment.238)"/>
      <nite:child href="Bro015.D.segs.xml#id(Bro015.segment.239)"/>
      <nite:child href="Bro015.C.segs.xml#id(Bro015.segment.240)"/>
      <nite:child href="Bro015.D.segs.xml#id(Bro015.segment.241)"/>
      <nite:child href="Bro015.E.segs.xml#id(Bro015.segment.242)"/>
      <nite:child href="Bro015.B.segs.xml#id(Bro015.segment.243)"/>
      <nite:child href="Bro015.D.segs.xml#id(Bro015.segment.244)..id(Bro015.segment.245)"/>
      <nite:child href="Bro015.E.segs.xml#id(Bro015.segment.246)"/>
      <nite:child href="Bro015.B.segs.xml#id(Bro015.segment.247)"/>
      <nite:child href="Bro015.A.segs.xml#id(Bro015.segment.248)"/>
      <nite:child href="Bro015.D.segs.xml#id(Bro015.segment.249)"/>
      <nite:child href="Bro015.A.segs.xml#id(Bro015.segment.250)"/>
      <nite:child href="Bro015.F.segs.xml#id(Bro015.segment.251)"/>
      <nite:child href="Bro015.C.segs.xml#id(Bro015.segment.252)..id(Bro015.segment.253)"/>
      <nite:child href="Bro015.E.segs.xml#id(Bro015.segment.254)"/>
      <nite:child href="Bro015.C.segs.xml#id(Bro015.segment.255)"/>
      <nite:child href="Bro015.D.segs.xml#id(Bro015.segment.256)"/>
      <nite:child href="Bro015.F.segs.xml#id(Bro015.segment.257)"/>
      <nite:child href="Bro015.C.segs.xml#id(Bro015.segment.258)"/>
      <nite:child href="Bro015.A.segs.xml#id(Bro015.segment.259)"/>
      <nite:child href="Bro015.E.segs.xml#id(Bro015.segment.260)"/>
      <nite:child href="Bro015.B.segs.xml#id(Bro015.segment.261)..id(Bro015.segment.262)"/>
      <nite:child href="Bro015.F.segs.xml#id(Bro015.segment.263)"/>
      <nite:child href="Bro015.A.segs.xml#id(Bro015.segment.264)"/>
      <nite:child href="Bro015.F.segs.xml#id(Bro015.segment.265)"/>
      <nite:child href="Bro015.E.segs.xml#id(Bro015.segment.266)"/>
      <nite:child href="Bro015.B.segs.xml#id(Bro015.segment.267)"/>
      <nite:child href="Bro015.A.segs.xml#id(Bro015.segment.268)"/>
      <nite:child href="Bro015.E.segs.xml#id(Bro015.segment.269)"/>
      <nite:child href="Bro015.A.segs.xml#id(Bro015.segment.270)"/>
      <nite:child href="Bro015.B.segs.xml#id(Bro015.segment.271)"/>
      <nite:child href="Bro015.A.segs.xml#id(Bro015.segment.272)..id(Bro015.segment.274)"/>
      <nite:child href="Bro015.C.segs.xml#id(Bro015.segment.275)"/>
      <nite:child href="Bro015.D.segs.xml#id(Bro015.segment.276)"/>
      <nite:child href="Bro015.C.segs.xml#id(Bro015.segment.277)..id(Bro015.segment.278)"/>
      <nite:child href="Bro015.A.segs.xml#id(Bro015.segment.279)"/>
      <nite:child href="Bro015.B.segs.xml#id(Bro015.segment.280)"/>
      <nite:child href="Bro015.C.segs.xml#id(Bro015.segment.281)"/>
      <nite:child href="Bro015.B.segs.xml#id(Bro015.segment.282)"/>
      <nite:child href="Bro015.A.segs.xml#id(Bro015.segment.283)..id(Bro015.segment.285)"/>
      <nite:child href="Bro015.C.segs.xml#id(Bro015.segment.286)..id(Bro015.segment.287)"/>
      <nite:child href="Bro015.A.segs.xml#id(Bro015.segment.288)"/>
      <nite:child href="Bro015.C.segs.xml#id(Bro015.segment.289)"/>
      <nite:child href="Bro015.E.segs.xml#id(Bro015.segment.290)"/>
      <nite:child href="Bro015.C.segs.xml#id(Bro015.segment.291)"/>
      <nite:child href="Bro015.A.segs.xml#id(Bro015.segment.292)..id(Bro015.segment.294)"/>
      <nite:child href="Bro015.B.segs.xml#id(Bro015.segment.295)"/>
      <nite:child href="Bro015.A.segs.xml#id(Bro015.segment.296)"/>
      <nite:child href="Bro015.D.segs.xml#id(Bro015.segment.297)..id(Bro015.segment.298)"/>
      <nite:child href="Bro015.E.segs.xml#id(Bro015.segment.299)"/>
   </topic>
   <topic nite:id="Bro015.topic.5" description="digits">
      <nite:child href="Bro015.D.segs.xml#id(Bro015.segment.300)..id(Bro015.segment.303)"/>
      <nite:child href="Bro015.A.segs.xml#id(Bro015.segment.304)"/>
      <nite:child href="Bro015.D.segs.xml#id(Bro015.segment.305)..id(Bro015.segment.307)"/>
      <nite:child href="Bro015.A.segs.xml#id(Bro015.segment.308)"/>
      <nite:child href="Bro015.D.segs.xml#id(Bro015.segment.309)"/>
      <nite:child href="Bro015.A.segs.xml#id(Bro015.segment.310)"/>
      <nite:child href="Bro015.D.segs.xml#id(Bro015.segment.311)"/>
      <nite:child href="Bro015.E.segs.xml#id(Bro015.segment.312)"/>
      <nite:child href="Bro015.D.segs.xml#id(Bro015.segment.313)"/>
      <nite:child href="Bro015.E.segs.xml#id(Bro015.segment.314)..id(Bro015.segment.315)"/>
      <nite:child href="Bro015.D.segs.xml#id(Bro015.segment.316)..id(Bro015.segment.317)"/>
      <nite:child href="Bro015.E.segs.xml#id(Bro015.segment.318)"/>
      <nite:child href="Bro015.D.segs.xml#id(Bro015.segment.319)"/>
      <nite:child href="Bro015.A.segs.xml#id(Bro015.segment.320)"/>
      <nite:child href="Bro015.D.segs.xml#id(Bro015.segment.321)"/>
      <nite:child href="Bro015.A.segs.xml#id(Bro015.segment.322)"/>
      <nite:child href="Bro015.D.segs.xml#id(Bro015.segment.323)..id(Bro015.segment.324)"/>
      <nite:child href="Bro015.F.segs.xml#id(Bro015.segment.325)..id(Bro015.segment.326)"/>
      <nite:child href="Bro015.A.segs.xml#id(Bro015.segment.327)"/>
      <nite:child href="Bro015.E.segs.xml#id(Bro015.segment.328)"/>
      <nite:child href="Bro015.F.segs.xml#id(Bro015.segment.329)"/>
      <nite:child href="Bro015.A.segs.xml#id(Bro015.segment.330)"/>
      <nite:child href="Bro015.F.segs.xml#id(Bro015.segment.331)"/>
      <nite:child href="Bro015.C.segs.xml#id(Bro015.segment.332)"/>
      <nite:child href="Bro015.F.segs.xml#id(Bro015.segment.333)"/>
      <nite:child href="Bro015.E.segs.xml#id(Bro015.segment.334)"/>
      <nite:child href="Bro015.A.segs.xml#id(Bro015.segment.335)"/>
      <nite:child href="Bro015.F.segs.xml#id(Bro015.segment.336)"/>
      <nite:child href="Bro015.A.segs.xml#id(Bro015.segment.337)"/>
      <nite:child href="Bro015.F.segs.xml#id(Bro015.segment.338)"/>
      <nite:child href="Bro015.A.segs.xml#id(Bro015.segment.339)"/>
      <nite:child href="Bro015.F.segs.xml#id(Bro015.segment.340)..id(Bro015.segment.341)"/>
      <nite:child href="Bro015.E.segs.xml#id(Bro015.segment.342)"/>
      <nite:child href="Bro015.A.segs.xml#id(Bro015.segment.343)"/>
      <nite:child href="Bro015.F.segs.xml#id(Bro015.segment.344)"/>
      <nite:child href="Bro015.A.segs.xml#id(Bro015.segment.345)"/>
      <nite:child href="Bro015.B.segs.xml#id(Bro015.segment.346)"/>
      <nite:child href="Bro015.A.segs.xml#id(Bro015.segment.347)..id(Bro015.segment.349)"/>
      <nite:child href="Bro015.E.segs.xml#id(Bro015.segment.350)"/>
      <nite:child href="Bro015.A.segs.xml#id(Bro015.segment.351)..id(Bro015.segment.352)"/>
      <nite:child href="Bro015.E.segs.xml#id(Bro015.segment.353)"/>
      <nite:child href="Bro015.C.segs.xml#id(Bro015.segment.354)"/>
      <nite:child href="Bro015.E.segs.xml#id(Bro015.segment.355)"/>
      <nite:child href="Bro015.A.segs.xml#id(Bro015.segment.356)..id(Bro015.segment.357)"/>
      <nite:child href="Bro015.E.segs.xml#id(Bro015.segment.358)"/>
      <nite:child href="Bro015.C.segs.xml#id(Bro015.segment.360)"/>
      <nite:child href="Bro015.B.segs.xml#id(Bro015.segment.361)"/>
      <nite:child href="Bro015.E.segs.xml#id(Bro015.segment.362)..id(Bro015.segment.363)"/>
      <nite:child href="Bro015.B.segs.xml#id(Bro015.segment.364)"/>
      <nite:child href="Bro015.C.segs.xml#id(Bro015.segment.365)"/>
      <nite:child href="Bro015.E.segs.xml#id(Bro015.segment.366)"/>
      <nite:child href="Bro015.C.segs.xml#id(Bro015.segment.367)"/>
      <nite:child href="Bro015.E.segs.xml#id(Bro015.segment.368)"/>
      <nite:child href="Bro015.B.segs.xml#id(Bro015.segment.369)..id(Bro015.segment.372)"/>
      <nite:child href="Bro015.E.segs.xml#id(Bro015.segment.373)"/>
      <nite:child href="Bro015.C.segs.xml#id(Bro015.segment.374)"/>
      <nite:child href="Bro015.B.segs.xml#id(Bro015.segment.375)"/>
      <nite:child href="Bro015.E.segs.xml#id(Bro015.segment.376)"/>
      <nite:child href="Bro015.B.segs.xml#id(Bro015.segment.377)"/>
      <nite:child href="Bro015.D.segs.xml#id(Bro015.segment.378)"/>
      <nite:child href="Bro015.B.segs.xml#id(Bro015.segment.379)..id(Bro015.segment.380)"/>
      <nite:child href="Bro015.E.segs.xml#id(Bro015.segment.381)"/>
      <nite:child href="Bro015.B.segs.xml#id(Bro015.segment.382)"/>
      <nite:child href="Bro015.C.segs.xml#id(Bro015.segment.383)..id(Bro015.segment.387)"/>
      <nite:child href="Bro015.E.segs.xml#id(Bro015.segment.388)"/>
      <nite:child href="Bro015.C.segs.xml#id(Bro015.segment.389)..id(Bro015.segment.394)"/>
      <nite:child href="Bro015.E.segs.xml#id(Bro015.segment.395)"/>
      <nite:child href="Bro015.F.segs.xml#id(Bro015.segment.396)"/>
      <nite:child href="Bro015.E.segs.xml#id(Bro015.segment.397)..id(Bro015.segment.399)"/>
      <nite:child href="Bro015.C.segs.xml#id(Bro015.segment.400)"/>
      <nite:child href="Bro015.E.segs.xml#id(Bro015.segment.401)"/>
      <nite:child href="Bro015.A.segs.xml#id(Bro015.segment.402)"/>
      <nite:child href="Bro015.E.segs.xml#id(Bro015.segment.403)"/>
      <nite:child href="Bro015.C.segs.xml#id(Bro015.segment.404)"/>
      <nite:child href="Bro015.E.segs.xml#id(Bro015.segment.405)..id(Bro015.segment.407)"/>
      <nite:child href="Bro015.A.segs.xml#id(Bro015.segment.408)"/>
      <nite:child href="Bro015.E.segs.xml#id(Bro015.segment.409)..id(Bro015.segment.411)"/>
      <nite:child href="Bro015.C.segs.xml#id(Bro015.segment.412)"/>
      <nite:child href="Bro015.E.segs.xml#id(Bro015.segment.413)"/>
      <nite:child href="Bro015.D.segs.xml#id(Bro015.segment.414)"/>
   </topic>
</nite:root>