<?xml version="1.0" encoding="ISO-8859-1" standalone="yes"?>
<nite:root nite:id="Bed009.topic" xmlns:nite="http://nite.sourceforge.net/">
   <topic nite:id="Bed009.topic.1" description="opening">
      <nite:child href="Bed009.C.segs.xml#id(Bed009.segment.1)"/>
      <nite:child href="Bed009.E.segs.xml#id(Bed009.segment.2)..id(Bed009.segment.3)"/>
      <nite:child href="Bed009.C.segs.xml#id(Bed009.segment.4)"/>
      <nite:child href="Bed009.E.segs.xml#id(Bed009.segment.5)"/>
      <nite:child href="Bed009.D.segs.xml#id(Bed009.segment.6)"/>
      <nite:child href="Bed009.C.segs.xml#id(Bed009.segment.7)..id(Bed009.segment.9)"/>
      <nite:child href="Bed009.B.segs.xml#id(Bed009.segment.10)..id(Bed009.segment.13)"/>
      <nite:child href="Bed009.F.segs.xml#id(Bed009.segment.14)"/>
      <nite:child href="Bed009.B.segs.xml#id(Bed009.segment.15)..id(Bed009.segment.16)"/>
      <nite:child href="Bed009.F.segs.xml#id(Bed009.segment.17)..id(Bed009.segment.18)"/>
      <nite:child href="Bed009.B.segs.xml#id(Bed009.segment.19)"/>
      <nite:child href="Bed009.F.segs.xml#id(Bed009.segment.20)..id(Bed009.segment.22)"/>
      <nite:child href="Bed009.A.segs.xml#id(Bed009.segment.23)"/>
      <nite:child href="Bed009.F.segs.xml#id(Bed009.segment.24)"/>
      <nite:child href="Bed009.B.segs.xml#id(Bed009.segment.25)"/>
      <nite:child href="Bed009.A.segs.xml#id(Bed009.segment.26)"/>
      <nite:child href="Bed009.D.segs.xml#id(Bed009.segment.28)"/>
      <nite:child href="Bed009.F.segs.xml#id(Bed009.segment.27)"/>
      <nite:child href="Bed009.B.segs.xml#id(Bed009.segment.29)..id(Bed009.segment.31)"/>
      <nite:child href="Bed009.A.segs.xml#id(Bed009.segment.32)"/>
      <nite:child href="Bed009.B.segs.xml#id(Bed009.segment.33)..id(Bed009.segment.34)"/>
      <topic nite:id="Bed009.topic.2" description="digit task">
         <nite:child href="Bed009.B.segs.xml#id(Bed009.segment.35)..id(Bed009.segment.43)"/>
         <nite:child href="Bed009.D.segs.xml#id(Bed009.segment.44)"/>
         <nite:child href="Bed009.B.segs.xml#id(Bed009.segment.45)"/>
         <nite:child href="Bed009.D.segs.xml#id(Bed009.segment.46)..id(Bed009.segment.54)"/>
         <nite:child href="Bed009.A.segs.xml#id(Bed009.segment.55)..id(Bed009.segment.63)"/>
      </topic>
      <topic nite:id="Bed009.topic.3" description="summary of meeting agenda items">
         <nite:child href="Bed009.F.segs.xml#id(Bed009.segment.64)"/>
         <nite:child href="Bed009.A.segs.xml#id(Bed009.segment.65)"/>
         <nite:child href="Bed009.F.segs.xml#id(Bed009.segment.66)"/>
         <nite:child href="Bed009.A.segs.xml#id(Bed009.segment.67)"/>
         <nite:child href="Bed009.D.segs.xml#id(Bed009.segment.68)"/>
         <nite:child href="Bed009.F.segs.xml#id(Bed009.segment.69)"/>
         <nite:child href="Bed009.A.segs.xml#id(Bed009.segment.70)"/>
         <nite:child href="Bed009.F.segs.xml#id(Bed009.segment.71)..id(Bed009.segment.72)"/>
         <nite:child href="Bed009.A.segs.xml#id(Bed009.segment.73)"/>
         <nite:child href="Bed009.F.segs.xml#id(Bed009.segment.74)"/>
         <nite:child href="Bed009.A.segs.xml#id(Bed009.segment.75)"/>
         <nite:child href="Bed009.D.segs.xml#id(Bed009.segment.76)"/>
         <nite:child href="Bed009.F.segs.xml#id(Bed009.segment.77)"/>
         <nite:child href="Bed009.B.segs.xml#id(Bed009.segment.78)..id(Bed009.segment.92)"/>
      </topic>
      <topic nite:id="Bed009.topic.4" description="changing grammars to English, parser interface">
         <nite:child href="Bed009.B.segs.xml#id(Bed009.segment.93)..id(Bed009.segment.95)"/>
         <nite:child href="Bed009.A.segs.xml#id(Bed009.segment.94)"/>
         <nite:child href="Bed009.B.segs.xml#id(Bed009.segment.96)..id(Bed009.segment.98)"/>
         <nite:child href="Bed009.A.segs.xml#id(Bed009.segment.99)"/>
         <nite:child href="Bed009.B.segs.xml#id(Bed009.segment.100)..id(Bed009.segment.114)"/>
         <nite:child href="Bed009.A.segs.xml#id(Bed009.segment.115)"/>
         <nite:child href="Bed009.B.segs.xml#id(Bed009.segment.116)..id(Bed009.segment.118)"/>
         <nite:child href="Bed009.F.segs.xml#id(Bed009.segment.119)..id(Bed009.segment.120)"/>
         <nite:child href="Bed009.E.segs.xml#id(Bed009.segment.121)"/>
         <nite:child href="Bed009.F.segs.xml#id(Bed009.segment.122)..id(Bed009.segment.124)"/>
         <nite:child href="Bed009.E.segs.xml#id(Bed009.segment.125)"/>
         <nite:child href="Bed009.A.segs.xml#id(Bed009.segment.126)"/>
         <nite:child href="Bed009.F.segs.xml#id(Bed009.segment.127)"/>
         <nite:child href="Bed009.E.segs.xml#id(Bed009.segment.128)"/>
         <nite:child href="Bed009.F.segs.xml#id(Bed009.segment.129)..id(Bed009.segment.136)"/>
         <nite:child href="Bed009.B.segs.xml#id(Bed009.segment.138)"/>
         <nite:child href="Bed009.F.segs.xml#id(Bed009.segment.137)"/>
         <nite:child href="Bed009.B.segs.xml#id(Bed009.segment.139)..id(Bed009.segment.147)"/>
         <nite:child href="Bed009.F.segs.xml#id(Bed009.segment.148)"/>
         <nite:child href="Bed009.B.segs.xml#id(Bed009.segment.149)..id(Bed009.segment.152)"/>
         <nite:child href="Bed009.D.segs.xml#id(Bed009.segment.153)"/>
         <nite:child href="Bed009.A.segs.xml#id(Bed009.segment.154)"/>
         <nite:child href="Bed009.D.segs.xml#id(Bed009.segment.155)"/>
         <nite:child href="Bed009.B.segs.xml#id(Bed009.segment.156)..id(Bed009.segment.157)"/>
         <nite:child href="Bed009.D.segs.xml#id(Bed009.segment.158)"/>
         <nite:child href="Bed009.F.segs.xml#id(Bed009.segment.159)"/>
      </topic>
      <topic nite:id="Bed009.topic.5" description="arranging a meeting to discuss SmartKom plans">
         <nite:child href="Bed009.F.segs.xml#id(Bed009.segment.160)"/>
         <nite:child href="Bed009.A.segs.xml#id(Bed009.segment.161)"/>
         <nite:child href="Bed009.D.segs.xml#id(Bed009.segment.162)"/>
         <nite:child href="Bed009.F.segs.xml#id(Bed009.segment.163)"/>
         <nite:child href="Bed009.A.segs.xml#id(Bed009.segment.164)"/>
         <nite:child href="Bed009.D.segs.xml#id(Bed009.segment.165)"/>
         <nite:child href="Bed009.F.segs.xml#id(Bed009.segment.166)..id(Bed009.segment.169)"/>
         <nite:child href="Bed009.A.segs.xml#id(Bed009.segment.170)"/>
         <nite:child href="Bed009.F.segs.xml#id(Bed009.segment.171)..id(Bed009.segment.174)"/>
         <nite:child href="Bed009.A.segs.xml#id(Bed009.segment.175)"/>
         <nite:child href="Bed009.D.segs.xml#id(Bed009.segment.176)"/>
         <nite:child href="Bed009.A.segs.xml#id(Bed009.segment.177)"/>
         <nite:child href="Bed009.F.segs.xml#id(Bed009.segment.178)..id(Bed009.segment.179)"/>
         <nite:child href="Bed009.A.segs.xml#id(Bed009.segment.180)"/>
         <nite:child href="Bed009.D.segs.xml#id(Bed009.segment.181)"/>
         <nite:child href="Bed009.F.segs.xml#id(Bed009.segment.182)"/>
         <nite:child href="Bed009.A.segs.xml#id(Bed009.segment.183)"/>
         <nite:child href="Bed009.F.segs.xml#id(Bed009.segment.184)..id(Bed009.segment.185)"/>
         <nite:child href="Bed009.A.segs.xml#id(Bed009.segment.186)"/>
         <nite:child href="Bed009.F.segs.xml#id(Bed009.segment.187)"/>
         <nite:child href="Bed009.D.segs.xml#id(Bed009.segment.188)"/>
         <nite:child href="Bed009.A.segs.xml#id(Bed009.segment.189)"/>
         <nite:child href="Bed009.F.segs.xml#id(Bed009.segment.190)"/>
         <nite:child href="Bed009.B.segs.xml#id(Bed009.segment.191)..id(Bed009.segment.192)"/>
         <nite:child href="Bed009.F.segs.xml#id(Bed009.segment.193)..id(Bed009.segment.197)"/>
         <nite:child href="Bed009.B.segs.xml#id(Bed009.segment.199)"/>
         <nite:child href="Bed009.F.segs.xml#id(Bed009.segment.198)"/>
         <nite:child href="Bed009.A.segs.xml#id(Bed009.segment.200)"/>
         <nite:child href="Bed009.F.segs.xml#id(Bed009.segment.201)"/>
         <nite:child href="Bed009.E.segs.xml#id(Bed009.segment.202)..id(Bed009.segment.203)"/>
         <nite:child href="Bed009.B.segs.xml#id(Bed009.segment.204)"/>
         <nite:child href="Bed009.A.segs.xml#id(Bed009.segment.205)"/>
         <nite:child href="Bed009.F.segs.xml#id(Bed009.segment.206)"/>
         <nite:child href="Bed009.E.segs.xml#id(Bed009.segment.207)..id(Bed009.segment.208)"/>
         <nite:child href="Bed009.F.segs.xml#id(Bed009.segment.209)..id(Bed009.segment.210)"/>
         <nite:child href="Bed009.A.segs.xml#id(Bed009.segment.211)"/>
         <nite:child href="Bed009.E.segs.xml#id(Bed009.segment.212)"/>
         <nite:child href="Bed009.F.segs.xml#id(Bed009.segment.213)"/>
         <nite:child href="Bed009.E.segs.xml#id(Bed009.segment.214)"/>
         <nite:child href="Bed009.F.segs.xml#id(Bed009.segment.215)"/>
         <nite:child href="Bed009.E.segs.xml#id(Bed009.segment.216)"/>
         <nite:child href="Bed009.F.segs.xml#id(Bed009.segment.217)"/>
         <nite:child href="Bed009.E.segs.xml#id(Bed009.segment.218)"/>
         <nite:child href="Bed009.F.segs.xml#id(Bed009.segment.219)"/>
         <nite:child href="Bed009.A.segs.xml#id(Bed009.segment.221)"/>
         <nite:child href="Bed009.F.segs.xml#id(Bed009.segment.220)"/>
         <nite:child href="Bed009.E.segs.xml#id(Bed009.segment.222)"/>
         <nite:child href="Bed009.A.segs.xml#id(Bed009.segment.223)"/>
         <nite:child href="Bed009.D.segs.xml#id(Bed009.segment.224)"/>
         <nite:child href="Bed009.A.segs.xml#id(Bed009.segment.225)"/>
         <nite:child href="Bed009.D.segs.xml#id(Bed009.segment.226)"/>
         <nite:child href="Bed009.A.segs.xml#id(Bed009.segment.227)..id(Bed009.segment.229)"/>
         <nite:child href="Bed009.F.segs.xml#id(Bed009.segment.228)..id(Bed009.segment.232)"/>
         <nite:child href="Bed009.B.segs.xml#id(Bed009.segment.233)"/>
         <nite:child href="Bed009.F.segs.xml#id(Bed009.segment.234)"/>
         <nite:child href="Bed009.B.segs.xml#id(Bed009.segment.235)..id(Bed009.segment.236)"/>
         <nite:child href="Bed009.F.segs.xml#id(Bed009.segment.237)"/>
         <nite:child href="Bed009.B.segs.xml#id(Bed009.segment.238)..id(Bed009.segment.239)"/>
         <nite:child href="Bed009.F.segs.xml#id(Bed009.segment.240)"/>
      </topic>
   </topic>
   <topic nite:id="Bed009.topic.6" description="anticipating the user's underlying intentions">
      <topic nite:id="Bed009.topic.7" description="data collection, experimental design">
         <nite:child href="Bed009.B.segs.xml#id(Bed009.segment.241)..id(Bed009.segment.244)"/>
         <nite:child href="Bed009.A.segs.xml#id(Bed009.segment.245)"/>
         <nite:child href="Bed009.B.segs.xml#id(Bed009.segment.246)"/>
         <nite:child href="Bed009.D.segs.xml#id(Bed009.segment.247)"/>
         <nite:child href="Bed009.B.segs.xml#id(Bed009.segment.248)..id(Bed009.segment.249)"/>
         <nite:child href="Bed009.A.segs.xml#id(Bed009.segment.250)"/>
         <nite:child href="Bed009.B.segs.xml#id(Bed009.segment.251)"/>
         <nite:child href="Bed009.A.segs.xml#id(Bed009.segment.252)"/>
         <nite:child href="Bed009.B.segs.xml#id(Bed009.segment.253)..id(Bed009.segment.254)"/>
         <nite:child href="Bed009.A.segs.xml#id(Bed009.segment.255)"/>
         <nite:child href="Bed009.B.segs.xml#id(Bed009.segment.256)..id(Bed009.segment.257)"/>
         <nite:child href="Bed009.A.segs.xml#id(Bed009.segment.258)"/>
         <nite:child href="Bed009.B.segs.xml#id(Bed009.segment.259)..id(Bed009.segment.262)"/>
         <nite:child href="Bed009.A.segs.xml#id(Bed009.segment.263)"/>
      </topic>
      <topic nite:id="Bed009.topic.8" description="as an extension to the tourist domain">
         <nite:child href="Bed009.B.segs.xml#id(Bed009.segment.264)..id(Bed009.segment.270)"/>
         <nite:child href="Bed009.A.segs.xml#id(Bed009.segment.271)"/>
         <nite:child href="Bed009.B.segs.xml#id(Bed009.segment.272)"/>
         <nite:child href="Bed009.A.segs.xml#id(Bed009.segment.273)"/>
         <nite:child href="Bed009.B.segs.xml#id(Bed009.segment.274)..id(Bed009.segment.277)"/>
         <nite:child href="Bed009.D.segs.xml#id(Bed009.segment.278)"/>
         <nite:child href="Bed009.B.segs.xml#id(Bed009.segment.279)..id(Bed009.segment.292)"/>
         <nite:child href="Bed009.A.segs.xml#id(Bed009.segment.293)"/>
         <nite:child href="Bed009.B.segs.xml#id(Bed009.segment.294)"/>
         <nite:child href="Bed009.A.segs.xml#id(Bed009.segment.295)"/>
         <nite:child href="Bed009.B.segs.xml#id(Bed009.segment.296)..id(Bed009.segment.299)"/>
         <nite:child href="Bed009.A.segs.xml#id(Bed009.segment.300)"/>
         <nite:child href="Bed009.D.segs.xml#id(Bed009.segment.301)"/>
         <nite:child href="Bed009.B.segs.xml#id(Bed009.segment.302)..id(Bed009.segment.340)"/>
         <nite:child href="Bed009.A.segs.xml#id(Bed009.segment.341)"/>
         <nite:child href="Bed009.D.segs.xml#id(Bed009.segment.342)"/>
         <nite:child href="Bed009.B.segs.xml#id(Bed009.segment.343)..id(Bed009.segment.346)"/>
         <nite:child href="Bed009.E.segs.xml#id(Bed009.segment.347)"/>
         <nite:child href="Bed009.B.segs.xml#id(Bed009.segment.348)..id(Bed009.segment.351)"/>
         <nite:child href="Bed009.A.segs.xml#id(Bed009.segment.352)"/>
         <nite:child href="Bed009.B.segs.xml#id(Bed009.segment.353)..id(Bed009.segment.356)"/>
         <nite:child href="Bed009.F.segs.xml#id(Bed009.segment.357)..id(Bed009.segment.358)"/>
      </topic>
      <topic nite:id="Bed009.topic.9" description="integrating a knowledge module into SmartKom's architecture">
         <nite:child href="Bed009.F.segs.xml#id(Bed009.segment.359)..id(Bed009.segment.360)"/>
         <nite:child href="Bed009.A.segs.xml#id(Bed009.segment.361)"/>
         <nite:child href="Bed009.F.segs.xml#id(Bed009.segment.362)"/>
         <nite:child href="Bed009.A.segs.xml#id(Bed009.segment.363)..id(Bed009.segment.364)"/>
         <nite:child href="Bed009.B.segs.xml#id(Bed009.segment.365)"/>
         <nite:child href="Bed009.A.segs.xml#id(Bed009.segment.366)"/>
         <nite:child href="Bed009.D.segs.xml#id(Bed009.segment.367)"/>
         <nite:child href="Bed009.A.segs.xml#id(Bed009.segment.368)..id(Bed009.segment.370)"/>
         <nite:child href="Bed009.D.segs.xml#id(Bed009.segment.371)"/>
         <nite:child href="Bed009.B.segs.xml#id(Bed009.segment.372)..id(Bed009.segment.375)"/>
         <nite:child href="Bed009.A.segs.xml#id(Bed009.segment.376)"/>
         <nite:child href="Bed009.D.segs.xml#id(Bed009.segment.377)"/>
         <nite:child href="Bed009.A.segs.xml#id(Bed009.segment.378)"/>
         <nite:child href="Bed009.F.segs.xml#id(Bed009.segment.379)"/>
         <nite:child href="Bed009.A.segs.xml#id(Bed009.segment.380)"/>
         <nite:child href="Bed009.D.segs.xml#id(Bed009.segment.381)"/>
         <nite:child href="Bed009.B.segs.xml#id(Bed009.segment.382)"/>
         <nite:child href="Bed009.A.segs.xml#id(Bed009.segment.383)..id(Bed009.segment.389)"/>
         <nite:child href="Bed009.B.segs.xml#id(Bed009.segment.390)"/>
         <nite:child href="Bed009.A.segs.xml#id(Bed009.segment.391)"/>
         <nite:child href="Bed009.B.segs.xml#id(Bed009.segment.392)"/>
         <nite:child href="Bed009.A.segs.xml#id(Bed009.segment.393)..id(Bed009.segment.395)"/>
         <nite:child href="Bed009.B.segs.xml#id(Bed009.segment.396)..id(Bed009.segment.397)"/>
         <nite:child href="Bed009.F.segs.xml#id(Bed009.segment.398)..id(Bed009.segment.403)"/>
         <nite:child href="Bed009.A.segs.xml#id(Bed009.segment.404)"/>
         <nite:child href="Bed009.D.segs.xml#id(Bed009.segment.405)"/>
         <nite:child href="Bed009.A.segs.xml#id(Bed009.segment.406)..id(Bed009.segment.407)"/>
         <nite:child href="Bed009.D.segs.xml#id(Bed009.segment.408)"/>
         <nite:child href="Bed009.A.segs.xml#id(Bed009.segment.409)..id(Bed009.segment.410)"/>
         <nite:child href="Bed009.D.segs.xml#id(Bed009.segment.411)"/>
         <nite:child href="Bed009.A.segs.xml#id(Bed009.segment.412)..id(Bed009.segment.414)"/>
         <nite:child href="Bed009.F.segs.xml#id(Bed009.segment.415)..id(Bed009.segment.416)"/>
         <nite:child href="Bed009.A.segs.xml#id(Bed009.segment.417)"/>
         <nite:child href="Bed009.F.segs.xml#id(Bed009.segment.418)"/>
         <nite:child href="Bed009.D.segs.xml#id(Bed009.segment.419)"/>
      </topic>
      <topic nite:id="Bed009.topic.10" description="querying the dialogue planner">
         <nite:child href="Bed009.F.segs.xml#id(Bed009.segment.420)"/>
         <nite:child href="Bed009.A.segs.xml#id(Bed009.segment.421)"/>
         <nite:child href="Bed009.F.segs.xml#id(Bed009.segment.422)..id(Bed009.segment.428)"/>
         <nite:child href="Bed009.A.segs.xml#id(Bed009.segment.429)"/>
         <nite:child href="Bed009.F.segs.xml#id(Bed009.segment.430)..id(Bed009.segment.433)"/>
         <nite:child href="Bed009.D.segs.xml#id(Bed009.segment.434)"/>
         <nite:child href="Bed009.F.segs.xml#id(Bed009.segment.435)"/>
         <nite:child href="Bed009.A.segs.xml#id(Bed009.segment.436)"/>
         <nite:child href="Bed009.F.segs.xml#id(Bed009.segment.437)..id(Bed009.segment.438)"/>
         <nite:child href="Bed009.A.segs.xml#id(Bed009.segment.439)"/>
         <nite:child href="Bed009.F.segs.xml#id(Bed009.segment.440)..id(Bed009.segment.446)"/>
         <nite:child href="Bed009.A.segs.xml#id(Bed009.segment.447)"/>
         <nite:child href="Bed009.F.segs.xml#id(Bed009.segment.448)..id(Bed009.segment.452)"/>
         <nite:child href="Bed009.A.segs.xml#id(Bed009.segment.453)"/>
         <nite:child href="Bed009.F.segs.xml#id(Bed009.segment.454)..id(Bed009.segment.458)"/>
         <nite:child href="Bed009.A.segs.xml#id(Bed009.segment.459)"/>
         <nite:child href="Bed009.F.segs.xml#id(Bed009.segment.460)..id(Bed009.segment.461)"/>
         <nite:child href="Bed009.A.segs.xml#id(Bed009.segment.462)"/>
         <nite:child href="Bed009.F.segs.xml#id(Bed009.segment.463)"/>
         <nite:child href="Bed009.D.segs.xml#id(Bed009.segment.464)"/>
         <nite:child href="Bed009.F.segs.xml#id(Bed009.segment.465)"/>
         <nite:child href="Bed009.A.segs.xml#id(Bed009.segment.467)"/>
         <nite:child href="Bed009.D.segs.xml#id(Bed009.segment.466)"/>
         <nite:child href="Bed009.F.segs.xml#id(Bed009.segment.468)"/>
         <nite:child href="Bed009.A.segs.xml#id(Bed009.segment.469)"/>
         <nite:child href="Bed009.F.segs.xml#id(Bed009.segment.470)..id(Bed009.segment.471)"/>
         <nite:child href="Bed009.A.segs.xml#id(Bed009.segment.472)"/>
         <nite:child href="Bed009.F.segs.xml#id(Bed009.segment.473)..id(Bed009.segment.474)"/>
         <nite:child href="Bed009.A.segs.xml#id(Bed009.segment.475)"/>
         <nite:child href="Bed009.F.segs.xml#id(Bed009.segment.476)..id(Bed009.segment.479)"/>
         <nite:child href="Bed009.A.segs.xml#id(Bed009.segment.480)"/>
         <nite:child href="Bed009.D.segs.xml#id(Bed009.segment.481)"/>
         <nite:child href="Bed009.F.segs.xml#id(Bed009.segment.482)"/>
         <nite:child href="Bed009.A.segs.xml#id(Bed009.segment.483)"/>
      </topic>
   </topic>
   <topic nite:id="Bed009.topic.11" description="action planner (a.k.a. dialogue manager) formalism">
      <topic nite:id="Bed009.topic.12" description="XML-ification of a state transition network">
         <nite:child href="Bed009.A.segs.xml#id(Bed009.segment.484)..id(Bed009.segment.497)"/>
         <nite:child href="Bed009.F.segs.xml#id(Bed009.segment.498)"/>
         <nite:child href="Bed009.B.segs.xml#id(Bed009.segment.499)"/>
         <nite:child href="Bed009.A.segs.xml#id(Bed009.segment.500)..id(Bed009.segment.503)"/>
         <nite:child href="Bed009.B.segs.xml#id(Bed009.segment.504)"/>
         <nite:child href="Bed009.F.segs.xml#id(Bed009.segment.505)"/>
         <nite:child href="Bed009.B.segs.xml#id(Bed009.segment.506)"/>
         <nite:child href="Bed009.A.segs.xml#id(Bed009.segment.507)"/>
         <nite:child href="Bed009.F.segs.xml#id(Bed009.segment.508)"/>
         <nite:child href="Bed009.D.segs.xml#id(Bed009.segment.509)"/>
         <nite:child href="Bed009.A.segs.xml#id(Bed009.segment.510)"/>
         <nite:child href="Bed009.F.segs.xml#id(Bed009.segment.511)..id(Bed009.segment.512)"/>
         <nite:child href="Bed009.B.segs.xml#id(Bed009.segment.513)"/>
         <nite:child href="Bed009.F.segs.xml#id(Bed009.segment.514)..id(Bed009.segment.516)"/>
         <nite:child href="Bed009.B.segs.xml#id(Bed009.segment.517)..id(Bed009.segment.520)"/>
         <nite:child href="Bed009.A.segs.xml#id(Bed009.segment.521)"/>
         <nite:child href="Bed009.B.segs.xml#id(Bed009.segment.522)..id(Bed009.segment.523)"/>
         <nite:child href="Bed009.D.segs.xml#id(Bed009.segment.524)"/>
         <nite:child href="Bed009.B.segs.xml#id(Bed009.segment.525)"/>
         <nite:child href="Bed009.F.segs.xml#id(Bed009.segment.526)"/>
         <nite:child href="Bed009.D.segs.xml#id(Bed009.segment.527)..id(Bed009.segment.528)"/>
         <nite:child href="Bed009.A.segs.xml#id(Bed009.segment.529)"/>
         <nite:child href="Bed009.F.segs.xml#id(Bed009.segment.530)..id(Bed009.segment.533)"/>
         <nite:child href="Bed009.A.segs.xml#id(Bed009.segment.534)"/>
         <nite:child href="Bed009.D.segs.xml#id(Bed009.segment.535)"/>
         <nite:child href="Bed009.F.segs.xml#id(Bed009.segment.536)..id(Bed009.segment.542)"/>
         <nite:child href="Bed009.A.segs.xml#id(Bed009.segment.543)..id(Bed009.segment.553)"/>
         <nite:child href="Bed009.F.segs.xml#id(Bed009.segment.554)..id(Bed009.segment.556)"/>
         <nite:child href="Bed009.A.segs.xml#id(Bed009.segment.557)"/>
         <nite:child href="Bed009.B.segs.xml#id(Bed009.segment.558)"/>
         <nite:child href="Bed009.A.segs.xml#id(Bed009.segment.559)"/>
         <nite:child href="Bed009.F.segs.xml#id(Bed009.segment.560)"/>
      </topic>
      <topic nite:id="Bed009.topic.13" description="adapting to the tourist domain">
         <nite:child href="Bed009.F.segs.xml#id(Bed009.segment.561)..id(Bed009.segment.565)"/>
         <nite:child href="Bed009.A.segs.xml#id(Bed009.segment.566)"/>
         <nite:child href="Bed009.F.segs.xml#id(Bed009.segment.567)..id(Bed009.segment.570)"/>
         <nite:child href="Bed009.A.segs.xml#id(Bed009.segment.571)"/>
         <nite:child href="Bed009.F.segs.xml#id(Bed009.segment.572)..id(Bed009.segment.573)"/>
         <nite:child href="Bed009.A.segs.xml#id(Bed009.segment.574)"/>
         <nite:child href="Bed009.F.segs.xml#id(Bed009.segment.575)"/>
         <nite:child href="Bed009.A.segs.xml#id(Bed009.segment.576)"/>
         <nite:child href="Bed009.F.segs.xml#id(Bed009.segment.577)..id(Bed009.segment.579)"/>
         <nite:child href="Bed009.A.segs.xml#id(Bed009.segment.580)"/>
         <nite:child href="Bed009.F.segs.xml#id(Bed009.segment.581)..id(Bed009.segment.585)"/>
         <nite:child href="Bed009.A.segs.xml#id(Bed009.segment.586)"/>
         <nite:child href="Bed009.F.segs.xml#id(Bed009.segment.587)..id(Bed009.segment.590)"/>
         <nite:child href="Bed009.A.segs.xml#id(Bed009.segment.591)..id(Bed009.segment.594)"/>
         <nite:child href="Bed009.F.segs.xml#id(Bed009.segment.595)"/>
         <nite:child href="Bed009.A.segs.xml#id(Bed009.segment.596)..id(Bed009.segment.597)"/>
         <nite:child href="Bed009.F.segs.xml#id(Bed009.segment.598)..id(Bed009.segment.599)"/>
         <nite:child href="Bed009.A.segs.xml#id(Bed009.segment.600)..id(Bed009.segment.601)"/>
         <nite:child href="Bed009.F.segs.xml#id(Bed009.segment.602)"/>
         <nite:child href="Bed009.A.segs.xml#id(Bed009.segment.603)..id(Bed009.segment.604)"/>
         <nite:child href="Bed009.F.segs.xml#id(Bed009.segment.606)"/>
         <nite:child href="Bed009.A.segs.xml#id(Bed009.segment.605)"/>
         <nite:child href="Bed009.F.segs.xml#id(Bed009.segment.607)"/>
         <nite:child href="Bed009.A.segs.xml#id(Bed009.segment.608)"/>
         <nite:child href="Bed009.F.segs.xml#id(Bed009.segment.609)"/>
         <nite:child href="Bed009.A.segs.xml#id(Bed009.segment.610)"/>
         <nite:child href="Bed009.F.segs.xml#id(Bed009.segment.611)"/>
         <nite:child href="Bed009.A.segs.xml#id(Bed009.segment.612)"/>
         <nite:child href="Bed009.F.segs.xml#id(Bed009.segment.613)"/>
         <nite:child href="Bed009.A.segs.xml#id(Bed009.segment.614)"/>
         <nite:child href="Bed009.B.segs.xml#id(Bed009.segment.615)"/>
         <nite:child href="Bed009.A.segs.xml#id(Bed009.segment.616)"/>
         <nite:child href="Bed009.B.segs.xml#id(Bed009.segment.617)"/>
         <nite:child href="Bed009.A.segs.xml#id(Bed009.segment.618)"/>
         <nite:child href="Bed009.B.segs.xml#id(Bed009.segment.619)"/>
         <nite:child href="Bed009.A.segs.xml#id(Bed009.segment.620)"/>
         <nite:child href="Bed009.B.segs.xml#id(Bed009.segment.621)..id(Bed009.segment.623)"/>
         <nite:child href="Bed009.A.segs.xml#id(Bed009.segment.624)..id(Bed009.segment.625)"/>
         <nite:child href="Bed009.B.segs.xml#id(Bed009.segment.626)"/>
         <nite:child href="Bed009.D.segs.xml#id(Bed009.segment.627)"/>
         <nite:child href="Bed009.A.segs.xml#id(Bed009.segment.628)"/>
         <nite:child href="Bed009.B.segs.xml#id(Bed009.segment.629)..id(Bed009.segment.632)"/>
      </topic>
      <topic nite:id="Bed009.topic.14" description="interaction with other modules">
         <nite:child href="Bed009.B.segs.xml#id(Bed009.segment.633)..id(Bed009.segment.636)"/>
         <nite:child href="Bed009.D.segs.xml#id(Bed009.segment.637)"/>
         <nite:child href="Bed009.B.segs.xml#id(Bed009.segment.638)"/>
         <nite:child href="Bed009.D.segs.xml#id(Bed009.segment.639)..id(Bed009.segment.640)"/>
         <nite:child href="Bed009.B.segs.xml#id(Bed009.segment.641)"/>
         <nite:child href="Bed009.D.segs.xml#id(Bed009.segment.642)..id(Bed009.segment.645)"/>
         <nite:child href="Bed009.B.segs.xml#id(Bed009.segment.646)..id(Bed009.segment.653)"/>
         <nite:child href="Bed009.A.segs.xml#id(Bed009.segment.654)"/>
         <nite:child href="Bed009.B.segs.xml#id(Bed009.segment.655)..id(Bed009.segment.658)"/>
         <nite:child href="Bed009.F.segs.xml#id(Bed009.segment.659)"/>
         <nite:child href="Bed009.B.segs.xml#id(Bed009.segment.660)"/>
         <nite:child href="Bed009.F.segs.xml#id(Bed009.segment.661)..id(Bed009.segment.663)"/>
         <nite:child href="Bed009.A.segs.xml#id(Bed009.segment.664)..id(Bed009.segment.665)"/>
         <nite:child href="Bed009.F.segs.xml#id(Bed009.segment.666)..id(Bed009.segment.672)"/>
         <nite:child href="Bed009.A.segs.xml#id(Bed009.segment.673)"/>
         <nite:child href="Bed009.F.segs.xml#id(Bed009.segment.674)..id(Bed009.segment.678)"/>
         <nite:child href="Bed009.B.segs.xml#id(Bed009.segment.679)"/>
         <nite:child href="Bed009.F.segs.xml#id(Bed009.segment.680)..id(Bed009.segment.685)"/>
         <nite:child href="Bed009.A.segs.xml#id(Bed009.segment.686)"/>
         <nite:child href="Bed009.F.segs.xml#id(Bed009.segment.687)..id(Bed009.segment.689)"/>
         <nite:child href="Bed009.B.segs.xml#id(Bed009.segment.688)"/>
         <nite:child href="Bed009.A.segs.xml#id(Bed009.segment.690)..id(Bed009.segment.695)"/>
         <nite:child href="Bed009.D.segs.xml#id(Bed009.segment.696)"/>
         <nite:child href="Bed009.A.segs.xml#id(Bed009.segment.697)"/>
         <nite:child href="Bed009.F.segs.xml#id(Bed009.segment.698)..id(Bed009.segment.700)"/>
         <nite:child href="Bed009.B.segs.xml#id(Bed009.segment.701)"/>
         <nite:child href="Bed009.A.segs.xml#id(Bed009.segment.702)"/>
         <nite:child href="Bed009.F.segs.xml#id(Bed009.segment.703)..id(Bed009.segment.704)"/>
         <nite:child href="Bed009.B.segs.xml#id(Bed009.segment.705)"/>
         <nite:child href="Bed009.A.segs.xml#id(Bed009.segment.706)"/>
         <nite:child href="Bed009.F.segs.xml#id(Bed009.segment.707)..id(Bed009.segment.712)"/>
         <nite:child href="Bed009.A.segs.xml#id(Bed009.segment.713)"/>
         <nite:child href="Bed009.F.segs.xml#id(Bed009.segment.714)"/>
         <nite:child href="Bed009.A.segs.xml#id(Bed009.segment.715)"/>
         <nite:child href="Bed009.F.segs.xml#id(Bed009.segment.716)"/>
         <nite:child href="Bed009.B.segs.xml#id(Bed009.segment.717)"/>
         <nite:child href="Bed009.F.segs.xml#id(Bed009.segment.718)..id(Bed009.segment.721)"/>
         <nite:child href="Bed009.A.segs.xml#id(Bed009.segment.722)"/>
         <nite:child href="Bed009.F.segs.xml#id(Bed009.segment.723)..id(Bed009.segment.724)"/>
         <nite:child href="Bed009.A.segs.xml#id(Bed009.segment.725)"/>
         <nite:child href="Bed009.D.segs.xml#id(Bed009.segment.726)"/>
         <nite:child href="Bed009.A.segs.xml#id(Bed009.segment.727)..id(Bed009.segment.730)"/>
         <nite:child href="Bed009.F.segs.xml#id(Bed009.segment.731)"/>
         <nite:child href="Bed009.A.segs.xml#id(Bed009.segment.732)..id(Bed009.segment.734)"/>
         <nite:child href="Bed009.F.segs.xml#id(Bed009.segment.735)"/>
      </topic>
      <topic nite:id="Bed009.topic.15" description="terminology, action planner versus dialogue manager">
         <nite:child href="Bed009.F.segs.xml#id(Bed009.segment.736)"/>
         <nite:child href="Bed009.A.segs.xml#id(Bed009.segment.737)"/>
         <nite:child href="Bed009.F.segs.xml#id(Bed009.segment.738)..id(Bed009.segment.739)"/>
         <nite:child href="Bed009.A.segs.xml#id(Bed009.segment.740)"/>
         <nite:child href="Bed009.F.segs.xml#id(Bed009.segment.741)..id(Bed009.segment.745)"/>
         <nite:child href="Bed009.A.segs.xml#id(Bed009.segment.744)..id(Bed009.segment.746)"/>
         <nite:child href="Bed009.F.segs.xml#id(Bed009.segment.747)"/>
         <nite:child href="Bed009.D.segs.xml#id(Bed009.segment.748)"/>
         <nite:child href="Bed009.F.segs.xml#id(Bed009.segment.749)..id(Bed009.segment.753)"/>
         <nite:child href="Bed009.B.segs.xml#id(Bed009.segment.754)"/>
         <nite:child href="Bed009.A.segs.xml#id(Bed009.segment.755)"/>
         <nite:child href="Bed009.D.segs.xml#id(Bed009.segment.756)"/>
         <nite:child href="Bed009.A.segs.xml#id(Bed009.segment.757)"/>
         <nite:child href="Bed009.D.segs.xml#id(Bed009.segment.758)"/>
         <nite:child href="Bed009.A.segs.xml#id(Bed009.segment.759)..id(Bed009.segment.764)"/>
         <nite:child href="Bed009.F.segs.xml#id(Bed009.segment.765)..id(Bed009.segment.771)"/>
         <nite:child href="Bed009.B.segs.xml#id(Bed009.segment.772)"/>
         <nite:child href="Bed009.F.segs.xml#id(Bed009.segment.773)..id(Bed009.segment.781)"/>
      </topic>
      <topic nite:id="Bed009.topic.16" description="Java implementation">
         <nite:child href="Bed009.B.segs.xml#id(Bed009.segment.782)..id(Bed009.segment.784)"/>
         <nite:child href="Bed009.F.segs.xml#id(Bed009.segment.785)"/>
         <nite:child href="Bed009.B.segs.xml#id(Bed009.segment.786)..id(Bed009.segment.787)"/>
         <nite:child href="Bed009.A.segs.xml#id(Bed009.segment.788)"/>
         <nite:child href="Bed009.B.segs.xml#id(Bed009.segment.789)..id(Bed009.segment.792)"/>
         <nite:child href="Bed009.A.segs.xml#id(Bed009.segment.793)"/>
         <nite:child href="Bed009.B.segs.xml#id(Bed009.segment.794)..id(Bed009.segment.795)"/>
         <nite:child href="Bed009.A.segs.xml#id(Bed009.segment.796)..id(Bed009.segment.797)"/>
         <nite:child href="Bed009.D.segs.xml#id(Bed009.segment.798)"/>
         <nite:child href="Bed009.A.segs.xml#id(Bed009.segment.799)..id(Bed009.segment.802)"/>
         <nite:child href="Bed009.B.segs.xml#id(Bed009.segment.803)"/>
         <nite:child href="Bed009.A.segs.xml#id(Bed009.segment.804)..id(Bed009.segment.805)"/>
         <nite:child href="Bed009.B.segs.xml#id(Bed009.segment.806)"/>
         <nite:child href="Bed009.A.segs.xml#id(Bed009.segment.807)..id(Bed009.segment.808)"/>
         <nite:child href="Bed009.B.segs.xml#id(Bed009.segment.809)"/>
         <nite:child href="Bed009.A.segs.xml#id(Bed009.segment.810)"/>
         <nite:child href="Bed009.D.segs.xml#id(Bed009.segment.811)"/>
         <nite:child href="Bed009.A.segs.xml#id(Bed009.segment.812)"/>
         <nite:child href="Bed009.F.segs.xml#id(Bed009.segment.813)"/>
         <nite:child href="Bed009.B.segs.xml#id(Bed009.segment.814)"/>
      </topic>
      <topic nite:id="Bed009.topic.17" description="interaction with other modules, creating a well defined interface">
         <nite:child href="Bed009.B.segs.xml#id(Bed009.segment.815)..id(Bed009.segment.816)"/>
         <nite:child href="Bed009.A.segs.xml#id(Bed009.segment.817)"/>
         <nite:child href="Bed009.B.segs.xml#id(Bed009.segment.818)"/>
         <nite:child href="Bed009.A.segs.xml#id(Bed009.segment.819)"/>
         <nite:child href="Bed009.F.segs.xml#id(Bed009.segment.820)..id(Bed009.segment.823)"/>
         <nite:child href="Bed009.B.segs.xml#id(Bed009.segment.824)..id(Bed009.segment.827)"/>
         <nite:child href="Bed009.F.segs.xml#id(Bed009.segment.828)"/>
         <nite:child href="Bed009.B.segs.xml#id(Bed009.segment.829)..id(Bed009.segment.831)"/>
         <nite:child href="Bed009.F.segs.xml#id(Bed009.segment.832)"/>
         <nite:child href="Bed009.B.segs.xml#id(Bed009.segment.833)"/>
         <nite:child href="Bed009.F.segs.xml#id(Bed009.segment.834)"/>
         <nite:child href="Bed009.B.segs.xml#id(Bed009.segment.835)"/>
         <nite:child href="Bed009.F.segs.xml#id(Bed009.segment.836)..id(Bed009.segment.845)"/>
         <nite:child href="Bed009.A.segs.xml#id(Bed009.segment.846)"/>
         <nite:child href="Bed009.F.segs.xml#id(Bed009.segment.847)..id(Bed009.segment.850)"/>
         <nite:child href="Bed009.B.segs.xml#id(Bed009.segment.851)"/>
         <nite:child href="Bed009.F.segs.xml#id(Bed009.segment.852)"/>
         <nite:child href="Bed009.B.segs.xml#id(Bed009.segment.853)"/>
         <nite:child href="Bed009.F.segs.xml#id(Bed009.segment.854)"/>
         <nite:child href="Bed009.D.segs.xml#id(Bed009.segment.855)"/>
         <nite:child href="Bed009.F.segs.xml#id(Bed009.segment.856)"/>
         <nite:child href="Bed009.A.segs.xml#id(Bed009.segment.857)..id(Bed009.segment.859)"/>
         <nite:child href="Bed009.F.segs.xml#id(Bed009.segment.860)"/>
         <nite:child href="Bed009.A.segs.xml#id(Bed009.segment.861)"/>
         <nite:child href="Bed009.F.segs.xml#id(Bed009.segment.862)..id(Bed009.segment.863)"/>
         <nite:child href="Bed009.A.segs.xml#id(Bed009.segment.864)"/>
         <nite:child href="Bed009.F.segs.xml#id(Bed009.segment.865)..id(Bed009.segment.867)"/>
         <nite:child href="Bed009.A.segs.xml#id(Bed009.segment.868)"/>
         <nite:child href="Bed009.F.segs.xml#id(Bed009.segment.869)..id(Bed009.segment.870)"/>
         <nite:child href="Bed009.A.segs.xml#id(Bed009.segment.871)"/>
         <nite:child href="Bed009.F.segs.xml#id(Bed009.segment.872)"/>
         <nite:child href="Bed009.A.segs.xml#id(Bed009.segment.873)"/>
         <nite:child href="Bed009.F.segs.xml#id(Bed009.segment.874)"/>
      </topic>
      <topic nite:id="Bed009.topic.18" description="kernal, core functionality, tourist domain">
         <nite:child href="Bed009.A.segs.xml#id(Bed009.segment.875)..id(Bed009.segment.884)"/>
         <nite:child href="Bed009.F.segs.xml#id(Bed009.segment.885)..id(Bed009.segment.886)"/>
         <nite:child href="Bed009.A.segs.xml#id(Bed009.segment.887)"/>
         <nite:child href="Bed009.B.segs.xml#id(Bed009.segment.888)"/>
         <nite:child href="Bed009.A.segs.xml#id(Bed009.segment.889)"/>
         <nite:child href="Bed009.B.segs.xml#id(Bed009.segment.890)..id(Bed009.segment.893)"/>
         <nite:child href="Bed009.A.segs.xml#id(Bed009.segment.894)..id(Bed009.segment.895)"/>
         <nite:child href="Bed009.B.segs.xml#id(Bed009.segment.896)..id(Bed009.segment.901)"/>
         <nite:child href="Bed009.A.segs.xml#id(Bed009.segment.902)"/>
         <nite:child href="Bed009.B.segs.xml#id(Bed009.segment.903)..id(Bed009.segment.906)"/>
         <nite:child href="Bed009.A.segs.xml#id(Bed009.segment.907)"/>
         <nite:child href="Bed009.D.segs.xml#id(Bed009.segment.908)"/>
         <nite:child href="Bed009.B.segs.xml#id(Bed009.segment.909)..id(Bed009.segment.912)"/>
         <nite:child href="Bed009.A.segs.xml#id(Bed009.segment.913)"/>
      </topic>
   </topic>
   <topic nite:id="Bed009.topic.19" description="parser implementation">
      <nite:child href="Bed009.B.segs.xml#id(Bed009.segment.914)..id(Bed009.segment.925)"/>
      <nite:child href="Bed009.D.segs.xml#id(Bed009.segment.926)"/>
      <nite:child href="Bed009.B.segs.xml#id(Bed009.segment.927)..id(Bed009.segment.928)"/>
      <nite:child href="Bed009.D.segs.xml#id(Bed009.segment.929)..id(Bed009.segment.930)"/>
      <nite:child href="Bed009.B.segs.xml#id(Bed009.segment.931)"/>
      <nite:child href="Bed009.F.segs.xml#id(Bed009.segment.932)"/>
      <nite:child href="Bed009.D.segs.xml#id(Bed009.segment.933)..id(Bed009.segment.934)"/>
      <nite:child href="Bed009.F.segs.xml#id(Bed009.segment.935)..id(Bed009.segment.936)"/>
      <nite:child href="Bed009.D.segs.xml#id(Bed009.segment.937)"/>
      <nite:child href="Bed009.F.segs.xml#id(Bed009.segment.938)..id(Bed009.segment.939)"/>
      <nite:child href="Bed009.D.segs.xml#id(Bed009.segment.940)..id(Bed009.segment.947)"/>
      <nite:child href="Bed009.F.segs.xml#id(Bed009.segment.948)..id(Bed009.segment.949)"/>
      <nite:child href="Bed009.D.segs.xml#id(Bed009.segment.950)"/>
      <nite:child href="Bed009.F.segs.xml#id(Bed009.segment.951)"/>
      <nite:child href="Bed009.D.segs.xml#id(Bed009.segment.952)"/>
      <nite:child href="Bed009.F.segs.xml#id(Bed009.segment.953)..id(Bed009.segment.954)"/>
      <nite:child href="Bed009.D.segs.xml#id(Bed009.segment.955)..id(Bed009.segment.958)"/>
      <nite:child href="Bed009.F.segs.xml#id(Bed009.segment.957)"/>
      <nite:child href="Bed009.D.segs.xml#id(Bed009.segment.959)"/>
      <nite:child href="Bed009.F.segs.xml#id(Bed009.segment.960)"/>
      <nite:child href="Bed009.D.segs.xml#id(Bed009.segment.961)..id(Bed009.segment.962)"/>
      <nite:child href="Bed009.F.segs.xml#id(Bed009.segment.963)..id(Bed009.segment.966)"/>
      <nite:child href="Bed009.D.segs.xml#id(Bed009.segment.965)"/>
      <nite:child href="Bed009.F.segs.xml#id(Bed009.segment.967)..id(Bed009.segment.973)"/>
      <nite:child href="Bed009.D.segs.xml#id(Bed009.segment.974)..id(Bed009.segment.975)"/>
      <nite:child href="Bed009.F.segs.xml#id(Bed009.segment.976)"/>
      <nite:child href="Bed009.D.segs.xml#id(Bed009.segment.977)"/>
      <nite:child href="Bed009.F.segs.xml#id(Bed009.segment.978)"/>
      <nite:child href="Bed009.D.segs.xml#id(Bed009.segment.979)..id(Bed009.segment.981)"/>
      <nite:child href="Bed009.F.segs.xml#id(Bed009.segment.982)"/>
      <nite:child href="Bed009.D.segs.xml#id(Bed009.segment.983)..id(Bed009.segment.984)"/>
      <nite:child href="Bed009.F.segs.xml#id(Bed009.segment.985)..id(Bed009.segment.986)"/>
      <topic nite:id="Bed009.topic.21" description="chunk parsers">
         <nite:child href="Bed009.F.segs.xml#id(Bed009.segment.987)"/>
         <nite:child href="Bed009.D.segs.xml#id(Bed009.segment.988)"/>
         <nite:child href="Bed009.F.segs.xml#id(Bed009.segment.989)..id(Bed009.segment.996)"/>
         <nite:child href="Bed009.D.segs.xml#id(Bed009.segment.997)"/>
         <nite:child href="Bed009.B.segs.xml#id(Bed009.segment.998)"/>
         <nite:child href="Bed009.D.segs.xml#id(Bed009.segment.999)..id(Bed009.segment.1,000)"/>
         <nite:child href="Bed009.F.segs.xml#id(Bed009.segment.1,001)"/>
         <nite:child href="Bed009.D.segs.xml#id(Bed009.segment.1,002)"/>
         <nite:child href="Bed009.A.segs.xml#id(Bed009.segment.1,003)"/>
         <nite:child href="Bed009.D.segs.xml#id(Bed009.segment.1,004)"/>
         <nite:child href="Bed009.A.segs.xml#id(Bed009.segment.1,005)..id(Bed009.segment.1,006)"/>
         <nite:child href="Bed009.D.segs.xml#id(Bed009.segment.1,007)"/>
         <nite:child href="Bed009.F.segs.xml#id(Bed009.segment.1,008)"/>
         <nite:child href="Bed009.A.segs.xml#id(Bed009.segment.1,009)"/>
         <nite:child href="Bed009.F.segs.xml#id(Bed009.segment.1,010)"/>
         <nite:child href="Bed009.D.segs.xml#id(Bed009.segment.1,011)"/>
         <nite:child href="Bed009.F.segs.xml#id(Bed009.segment.1,012)..id(Bed009.segment.1,013)"/>
         <nite:child href="Bed009.A.segs.xml#id(Bed009.segment.1,014)"/>
         <nite:child href="Bed009.F.segs.xml#id(Bed009.segment.1,015)"/>
         <nite:child href="Bed009.A.segs.xml#id(Bed009.segment.1,016)..id(Bed009.segment.1,023)"/>
         <nite:child href="Bed009.F.segs.xml#id(Bed009.segment.1,024)..id(Bed009.segment.1,025)"/>
         <nite:child href="Bed009.D.segs.xml#id(Bed009.segment.1,026)"/>
         <nite:child href="Bed009.A.segs.xml#id(Bed009.segment.1,027)..id(Bed009.segment.1,031)"/>
         <nite:child href="Bed009.F.segs.xml#id(Bed009.segment.1,032)"/>
         <nite:child href="Bed009.A.segs.xml#id(Bed009.segment.1,033)"/>
         <nite:child href="Bed009.F.segs.xml#id(Bed009.segment.1,034)..id(Bed009.segment.1,035)"/>
         <nite:child href="Bed009.D.segs.xml#id(Bed009.segment.1,036)"/>
         <nite:child href="Bed009.A.segs.xml#id(Bed009.segment.1,037)"/>
         <nite:child href="Bed009.D.segs.xml#id(Bed009.segment.1,038)"/>
         <nite:child href="Bed009.F.segs.xml#id(Bed009.segment.1,039)"/>
         <nite:child href="Bed009.D.segs.xml#id(Bed009.segment.1,040)"/>
         <nite:child href="Bed009.F.segs.xml#id(Bed009.segment.1,041)"/>
         <nite:child href="Bed009.B.segs.xml#id(Bed009.segment.1,042)..id(Bed009.segment.1,046)"/>
         <nite:child href="Bed009.A.segs.xml#id(Bed009.segment.1,047)"/>
         <nite:child href="Bed009.B.segs.xml#id(Bed009.segment.1,048)..id(Bed009.segment.1,052)"/>
         <nite:child href="Bed009.D.segs.xml#id(Bed009.segment.1,053)"/>
         <nite:child href="Bed009.B.segs.xml#id(Bed009.segment.1,054)"/>
         <nite:child href="Bed009.D.segs.xml#id(Bed009.segment.1,055)"/>
         <nite:child href="Bed009.B.segs.xml#id(Bed009.segment.1,056)..id(Bed009.segment.1,061)"/>
         <nite:child href="Bed009.F.segs.xml#id(Bed009.segment.1,062)..id(Bed009.segment.1,080)"/>
         <nite:child href="Bed009.D.segs.xml#id(Bed009.segment.1,081)"/>
         <nite:child href="Bed009.F.segs.xml#id(Bed009.segment.1,082)..id(Bed009.segment.1,084)"/>
         <nite:child href="Bed009.D.segs.xml#id(Bed009.segment.1,085)"/>
         <nite:child href="Bed009.F.segs.xml#id(Bed009.segment.1,086)..id(Bed009.segment.1,087)"/>
         <nite:child href="Bed009.D.segs.xml#id(Bed009.segment.1,088)..id(Bed009.segment.1,089)"/>
         <nite:child href="Bed009.F.segs.xml#id(Bed009.segment.1,090)"/>
         <nite:child href="Bed009.D.segs.xml#id(Bed009.segment.1,091)..id(Bed009.segment.1,092)"/>
         <nite:child href="Bed009.F.segs.xml#id(Bed009.segment.1,093)"/>
         <nite:child href="Bed009.D.segs.xml#id(Bed009.segment.1,094)"/>
         <nite:child href="Bed009.F.segs.xml#id(Bed009.segment.1,095)"/>
         <nite:child href="Bed009.D.segs.xml#id(Bed009.segment.1,096)"/>
         <nite:child href="Bed009.F.segs.xml#id(Bed009.segment.1,097)"/>
         <nite:child href="Bed009.D.segs.xml#id(Bed009.segment.1,098)"/>
         <nite:child href="Bed009.F.segs.xml#id(Bed009.segment.1,099)..id(Bed009.segment.1,100)"/>
         <nite:child href="Bed009.D.segs.xml#id(Bed009.segment.1,101)"/>
         <nite:child href="Bed009.F.segs.xml#id(Bed009.segment.1,102)..id(Bed009.segment.1,103)"/>
         <nite:child href="Bed009.D.segs.xml#id(Bed009.segment.1,104)"/>
         <nite:child href="Bed009.F.segs.xml#id(Bed009.segment.1,105)..id(Bed009.segment.1,107)"/>
         <nite:child href="Bed009.D.segs.xml#id(Bed009.segment.1,108)..id(Bed009.segment.1,110)"/>
         <nite:child href="Bed009.F.segs.xml#id(Bed009.segment.1,111)..id(Bed009.segment.1,112)"/>
      </topic>
      <topic nite:id="Bed009.topic.22" description="stem forms, the lexicon">
         <nite:child href="Bed009.F.segs.xml#id(Bed009.segment.1,113)"/>
         <nite:child href="Bed009.D.segs.xml#id(Bed009.segment.1,114)"/>
         <nite:child href="Bed009.F.segs.xml#id(Bed009.segment.1,115)..id(Bed009.segment.1,118)"/>
         <nite:child href="Bed009.D.segs.xml#id(Bed009.segment.1,119)"/>
         <nite:child href="Bed009.F.segs.xml#id(Bed009.segment.1,120)"/>
         <nite:child href="Bed009.D.segs.xml#id(Bed009.segment.1,121)..id(Bed009.segment.1,122)"/>
         <nite:child href="Bed009.F.segs.xml#id(Bed009.segment.1,123)..id(Bed009.segment.1,124)"/>
         <nite:child href="Bed009.D.segs.xml#id(Bed009.segment.1,125)"/>
         <nite:child href="Bed009.F.segs.xml#id(Bed009.segment.1,126)"/>
         <nite:child href="Bed009.D.segs.xml#id(Bed009.segment.1,127)"/>
         <nite:child href="Bed009.F.segs.xml#id(Bed009.segment.1,128)..id(Bed009.segment.1,129)"/>
         <nite:child href="Bed009.D.segs.xml#id(Bed009.segment.1,130)..id(Bed009.segment.1,133)"/>
         <nite:child href="Bed009.F.segs.xml#id(Bed009.segment.1,132)..id(Bed009.segment.1,140)"/>
         <nite:child href="Bed009.D.segs.xml#id(Bed009.segment.1,141)"/>
         <nite:child href="Bed009.F.segs.xml#id(Bed009.segment.1,142)"/>
         <nite:child href="Bed009.D.segs.xml#id(Bed009.segment.1,143)"/>
         <nite:child href="Bed009.F.segs.xml#id(Bed009.segment.1,144)"/>
         <nite:child href="Bed009.D.segs.xml#id(Bed009.segment.1,145)"/>
         <nite:child href="Bed009.F.segs.xml#id(Bed009.segment.1,146)"/>
         <nite:child href="Bed009.A.segs.xml#id(Bed009.segment.1,147)"/>
         <nite:child href="Bed009.D.segs.xml#id(Bed009.segment.1,148)..id(Bed009.segment.1,149)"/>
         <nite:child href="Bed009.A.segs.xml#id(Bed009.segment.1,150)..id(Bed009.segment.1,151)"/>
         <nite:child href="Bed009.D.segs.xml#id(Bed009.segment.1,152)"/>
         <nite:child href="Bed009.A.segs.xml#id(Bed009.segment.1,153)"/>
         <nite:child href="Bed009.F.segs.xml#id(Bed009.segment.1,154)"/>
         <nite:child href="Bed009.A.segs.xml#id(Bed009.segment.1,155)..id(Bed009.segment.1,160)"/>
         <nite:child href="Bed009.F.segs.xml#id(Bed009.segment.1,159)"/>
         <nite:child href="Bed009.D.segs.xml#id(Bed009.segment.1,161)"/>
         <nite:child href="Bed009.F.segs.xml#id(Bed009.segment.1,162)..id(Bed009.segment.1,163)"/>
         <nite:child href="Bed009.D.segs.xml#id(Bed009.segment.1,164)"/>
         <nite:child href="Bed009.A.segs.xml#id(Bed009.segment.1,165)"/>
         <nite:child href="Bed009.F.segs.xml#id(Bed009.segment.1,166)..id(Bed009.segment.1,167)"/>
         <nite:child href="Bed009.B.segs.xml#id(Bed009.segment.1,168)"/>
         <nite:child href="Bed009.F.segs.xml#id(Bed009.segment.1,169)"/>
         <nite:child href="Bed009.B.segs.xml#id(Bed009.segment.1,170)"/>
         <nite:child href="Bed009.F.segs.xml#id(Bed009.segment.1,171)..id(Bed009.segment.1,172)"/>
         <nite:child href="Bed009.D.segs.xml#id(Bed009.segment.1,173)"/>
         <nite:child href="Bed009.F.segs.xml#id(Bed009.segment.1,174)"/>
         <nite:child href="Bed009.D.segs.xml#id(Bed009.segment.1,175)"/>
         <nite:child href="Bed009.F.segs.xml#id(Bed009.segment.1,176)..id(Bed009.segment.1,178)"/>
         <nite:child href="Bed009.D.segs.xml#id(Bed009.segment.1,179)"/>
         <nite:child href="Bed009.F.segs.xml#id(Bed009.segment.1,180)..id(Bed009.segment.1,181)"/>
         <nite:child href="Bed009.A.segs.xml#id(Bed009.segment.1,182)"/>
         <nite:child href="Bed009.D.segs.xml#id(Bed009.segment.1,183)"/>
         <nite:child href="Bed009.F.segs.xml#id(Bed009.segment.1,184)"/>
      </topic>
      <topic nite:id="Bed009.topic.23" description="adapting to English">
         <nite:child href="Bed009.F.segs.xml#id(Bed009.segment.1,185)..id(Bed009.segment.1,197)"/>
         <nite:child href="Bed009.D.segs.xml#id(Bed009.segment.1,198)..id(Bed009.segment.1,205)"/>
         <nite:child href="Bed009.F.segs.xml#id(Bed009.segment.1,206)"/>
         <nite:child href="Bed009.D.segs.xml#id(Bed009.segment.1,207)..id(Bed009.segment.1,210)"/>
         <nite:child href="Bed009.F.segs.xml#id(Bed009.segment.1,211)..id(Bed009.segment.1,214)"/>
         <nite:child href="Bed009.B.segs.xml#id(Bed009.segment.1,215)"/>
         <nite:child href="Bed009.D.segs.xml#id(Bed009.segment.1,216)"/>
         <nite:child href="Bed009.F.segs.xml#id(Bed009.segment.1,217)"/>
         <nite:child href="Bed009.B.segs.xml#id(Bed009.segment.1,218)"/>
         <nite:child href="Bed009.F.segs.xml#id(Bed009.segment.1,219)"/>
         <nite:child href="Bed009.B.segs.xml#id(Bed009.segment.1,220)"/>
      </topic>
   </topic>
   <topic nite:id="Bed009.topic.24" description="mapping from discourse to the conceptual semantic level">
      <nite:child href="Bed009.F.segs.xml#id(Bed009.segment.1,221)..id(Bed009.segment.1,225)"/>
      <nite:child href="Bed009.D.segs.xml#id(Bed009.segment.1,226)..id(Bed009.segment.1,227)"/>
      <nite:child href="Bed009.A.segs.xml#id(Bed009.segment.1,228)"/>
      <nite:child href="Bed009.D.segs.xml#id(Bed009.segment.1,229)"/>
      <nite:child href="Bed009.A.segs.xml#id(Bed009.segment.1,230)..id(Bed009.segment.1,231)"/>
      <nite:child href="Bed009.F.segs.xml#id(Bed009.segment.1,232)"/>
      <nite:child href="Bed009.A.segs.xml#id(Bed009.segment.1,233)..id(Bed009.segment.1,234)"/>
      <nite:child href="Bed009.F.segs.xml#id(Bed009.segment.1,235)"/>
      <nite:child href="Bed009.D.segs.xml#id(Bed009.segment.1,236)"/>
      <nite:child href="Bed009.F.segs.xml#id(Bed009.segment.1,237)..id(Bed009.segment.1,240)"/>
      <nite:child href="Bed009.A.segs.xml#id(Bed009.segment.1,241)"/>
      <nite:child href="Bed009.D.segs.xml#id(Bed009.segment.1,242)"/>
      <nite:child href="Bed009.F.segs.xml#id(Bed009.segment.1,243)..id(Bed009.segment.1,248)"/>
      <nite:child href="Bed009.D.segs.xml#id(Bed009.segment.1,249)"/>
      <nite:child href="Bed009.F.segs.xml#id(Bed009.segment.1,250)..id(Bed009.segment.1,261)"/>
      <nite:child href="Bed009.A.segs.xml#id(Bed009.segment.1,262)"/>
      <nite:child href="Bed009.F.segs.xml#id(Bed009.segment.1,263)..id(Bed009.segment.1,277)"/>
      <nite:child href="Bed009.D.segs.xml#id(Bed009.segment.1,278)"/>
      <nite:child href="Bed009.F.segs.xml#id(Bed009.segment.1,279)..id(Bed009.segment.1,281)"/>
      <nite:child href="Bed009.D.segs.xml#id(Bed009.segment.1,282)..id(Bed009.segment.1,284)"/>
      <nite:child href="Bed009.F.segs.xml#id(Bed009.segment.1,283)..id(Bed009.segment.1,287)"/>
      <nite:child href="Bed009.A.segs.xml#id(Bed009.segment.1,288)"/>
      <nite:child href="Bed009.F.segs.xml#id(Bed009.segment.1,289)..id(Bed009.segment.1,298)"/>
      <nite:child href="Bed009.D.segs.xml#id(Bed009.segment.1,299)"/>
      <nite:child href="Bed009.F.segs.xml#id(Bed009.segment.1,300)..id(Bed009.segment.1,301)"/>
      <nite:child href="Bed009.D.segs.xml#id(Bed009.segment.1,302)"/>
      <nite:child href="Bed009.F.segs.xml#id(Bed009.segment.1,303)..id(Bed009.segment.1,308)"/>
      <nite:child href="Bed009.A.segs.xml#id(Bed009.segment.1,309)"/>
      <nite:child href="Bed009.F.segs.xml#id(Bed009.segment.1,310)..id(Bed009.segment.1,312)"/>
      <nite:child href="Bed009.A.segs.xml#id(Bed009.segment.1,313)"/>
      <nite:child href="Bed009.F.segs.xml#id(Bed009.segment.1,314)..id(Bed009.segment.1,317)"/>
      <nite:child href="Bed009.A.segs.xml#id(Bed009.segment.1,318)"/>
      <nite:child href="Bed009.F.segs.xml#id(Bed009.segment.1,319)..id(Bed009.segment.1,324)"/>
      <nite:child href="Bed009.A.segs.xml#id(Bed009.segment.1,325)..id(Bed009.segment.1,326)"/>
      <nite:child href="Bed009.F.segs.xml#id(Bed009.segment.1,327)..id(Bed009.segment.1,336)"/>
      <nite:child href="Bed009.A.segs.xml#id(Bed009.segment.1,337)"/>
      <nite:child href="Bed009.F.segs.xml#id(Bed009.segment.1,338)..id(Bed009.segment.1,339)"/>
      <nite:child href="Bed009.A.segs.xml#id(Bed009.segment.1,340)"/>
      <nite:child href="Bed009.F.segs.xml#id(Bed009.segment.1,341)"/>
      <nite:child href="Bed009.A.segs.xml#id(Bed009.segment.1,342)..id(Bed009.segment.1,351)"/>
      <nite:child href="Bed009.F.segs.xml#id(Bed009.segment.1,352)"/>
      <nite:child href="Bed009.A.segs.xml#id(Bed009.segment.1,353)"/>
      <nite:child href="Bed009.F.segs.xml#id(Bed009.segment.1,354)"/>
      <nite:child href="Bed009.A.segs.xml#id(Bed009.segment.1,355)"/>
      <nite:child href="Bed009.F.segs.xml#id(Bed009.segment.1,356)"/>
      <nite:child href="Bed009.A.segs.xml#id(Bed009.segment.1,357)..id(Bed009.segment.1,358)"/>
      <nite:child href="Bed009.F.segs.xml#id(Bed009.segment.1,359)"/>
      <nite:child href="Bed009.A.segs.xml#id(Bed009.segment.1,360)..id(Bed009.segment.1,363)"/>
      <nite:child href="Bed009.F.segs.xml#id(Bed009.segment.1,364)..id(Bed009.segment.1,366)"/>
      <nite:child href="Bed009.A.segs.xml#id(Bed009.segment.1,367)"/>
      <nite:child href="Bed009.F.segs.xml#id(Bed009.segment.1,368)"/>
      <nite:child href="Bed009.A.segs.xml#id(Bed009.segment.1,370)"/>
      <nite:child href="Bed009.F.segs.xml#id(Bed009.segment.1,369)"/>
      <nite:child href="Bed009.A.segs.xml#id(Bed009.segment.1,371)"/>
      <nite:child href="Bed009.F.segs.xml#id(Bed009.segment.1,372)"/>
      <nite:child href="Bed009.A.segs.xml#id(Bed009.segment.1,373)"/>
      <nite:child href="Bed009.F.segs.xml#id(Bed009.segment.1,374)"/>
      <nite:child href="Bed009.A.segs.xml#id(Bed009.segment.1,375)"/>
      <nite:child href="Bed009.D.segs.xml#id(Bed009.segment.1,376)"/>
      <nite:child href="Bed009.F.segs.xml#id(Bed009.segment.1,377)"/>
      <nite:child href="Bed009.A.segs.xml#id(Bed009.segment.1,378)"/>
      <nite:child href="Bed009.F.segs.xml#id(Bed009.segment.1,379)"/>
      <nite:child href="Bed009.B.segs.xml#id(Bed009.segment.1,380)"/>
   </topic>
   <topic nite:id="Bed009.topic.25" description="closing">
      <nite:child href="Bed009.F.segs.xml#id(Bed009.segment.1,381)"/>
      <nite:child href="Bed009.B.segs.xml#id(Bed009.segment.1,382)..id(Bed009.segment.1,383)"/>
      <nite:child href="Bed009.F.segs.xml#id(Bed009.segment.1,384)"/>
      <nite:child href="Bed009.D.segs.xml#id(Bed009.segment.1,385)"/>
      <nite:child href="Bed009.F.segs.xml#id(Bed009.segment.1,386)"/>
      <nite:child href="Bed009.G.segs.xml#id(Bed009.segment.1,388)..id(Bed009.segment.1,389)"/>
      <nite:child href="Bed009.A.segs.xml#id(Bed009.segment.1,390)"/>
   </topic>
</nite:root>