<?xml version="1.0" encoding="ISO-8859-1" standalone="yes"?>
<nite:root nite:id="Bmr015.topic" xmlns:nite="http://nite.sourceforge.net/">
   <topic nite:id="Bmr015.topic.1" description="opening">
      <nite:child href="Bmr015.B.segs.xml#id(Bmr015.segment.1)"/>
      <nite:child href="Bmr015.A.segs.xml#id(Bmr015.segment.2)"/>
      <nite:child href="Bmr015.C.segs.xml#id(Bmr015.segment.3)..id(Bmr015.segment.6)"/>
      <nite:child href="Bmr015.A.segs.xml#id(Bmr015.segment.4)"/>
      <nite:child href="Bmr015.B.segs.xml#id(Bmr015.segment.5)"/>
      <nite:child href="Bmr015.D.segs.xml#id(Bmr015.segment.7)"/>
      <nite:child href="Bmr015.C.segs.xml#id(Bmr015.segment.10)"/>
      <nite:child href="Bmr015.G.segs.xml#id(Bmr015.segment.8)"/>
      <nite:child href="Bmr015.D.segs.xml#id(Bmr015.segment.11)"/>
      <nite:child href="Bmr015.A.segs.xml#id(Bmr015.segment.9)"/>
      <nite:child href="Bmr015.E.segs.xml#id(Bmr015.segment.12)"/>
      <nite:child href="Bmr015.G.segs.xml#id(Bmr015.segment.13)"/>
      <nite:child href="Bmr015.B.segs.xml#id(Bmr015.segment.14)"/>
      <nite:child href="Bmr015.C.segs.xml#id(Bmr015.segment.15)"/>
      <nite:child href="Bmr015.A.segs.xml#id(Bmr015.segment.16)"/>
      <nite:child href="Bmr015.G.segs.xml#id(Bmr015.segment.17)"/>
      <nite:child href="Bmr015.A.segs.xml#id(Bmr015.segment.18)"/>
      <nite:child href="Bmr015.G.segs.xml#id(Bmr015.segment.19)"/>
      <nite:child href="Bmr015.B.segs.xml#id(Bmr015.segment.20)"/>
      <nite:child href="Bmr015.C.segs.xml#id(Bmr015.segment.21)"/>
      <nite:child href="Bmr015.D.segs.xml#id(Bmr015.segment.22)"/>
      <nite:child href="Bmr015.E.segs.xml#id(Bmr015.segment.23)"/>
      <nite:child href="Bmr015.G.segs.xml#id(Bmr015.segment.24)"/>
      <nite:child href="Bmr015.A.segs.xml#id(Bmr015.segment.25)..id(Bmr015.segment.26)"/>
      <nite:child href="Bmr015.G.segs.xml#id(Bmr015.segment.27)..id(Bmr015.segment.28)"/>
      <nite:child href="Bmr015.E.segs.xml#id(Bmr015.segment.29)"/>
      <nite:child href="Bmr015.D.segs.xml#id(Bmr015.segment.30)"/>
      <nite:child href="Bmr015.F.segs.xml#id(Bmr015.segment.32)"/>
      <nite:child href="Bmr015.C.segs.xml#id(Bmr015.segment.31)"/>
      <nite:child href="Bmr015.G.segs.xml#id(Bmr015.segment.33)"/>
      <nite:child href="Bmr015.F.segs.xml#id(Bmr015.segment.34)"/>
      <nite:child href="Bmr015.E.segs.xml#id(Bmr015.segment.35)"/>
      <nite:child href="Bmr015.C.segs.xml#id(Bmr015.segment.36)"/>
      <nite:child href="Bmr015.E.segs.xml#id(Bmr015.segment.37)"/>
      <nite:child href="Bmr015.A.segs.xml#id(Bmr015.segment.38)"/>
      <nite:child href="Bmr015.G.segs.xml#id(Bmr015.segment.39)"/>
      <nite:child href="Bmr015.F.segs.xml#id(Bmr015.segment.40)"/>
      <nite:child href="Bmr015.A.segs.xml#id(Bmr015.segment.41)"/>
      <nite:child href="Bmr015.G.segs.xml#id(Bmr015.segment.42)"/>
      <nite:child href="Bmr015.F.segs.xml#id(Bmr015.segment.43)"/>
      <nite:child href="Bmr015.C.segs.xml#id(Bmr015.segment.44)"/>
      <nite:child href="Bmr015.A.segs.xml#id(Bmr015.segment.45)"/>
      <topic nite:id="Bmr015.topic.2" description="summary of meeting agenda items">
         <nite:child href="Bmr015.A.segs.xml#id(Bmr015.segment.46)"/>
         <nite:child href="Bmr015.E.segs.xml#id(Bmr015.segment.47)"/>
         <nite:child href="Bmr015.B.segs.xml#id(Bmr015.segment.48)"/>
         <nite:child href="Bmr015.A.segs.xml#id(Bmr015.segment.49)"/>
         <nite:child href="Bmr015.B.segs.xml#id(Bmr015.segment.50)"/>
         <nite:child href="Bmr015.G.segs.xml#id(Bmr015.segment.51)..id(Bmr015.segment.54)"/>
         <nite:child href="Bmr015.B.segs.xml#id(Bmr015.segment.55)"/>
         <nite:child href="Bmr015.G.segs.xml#id(Bmr015.segment.56)..id(Bmr015.segment.57)"/>
         <nite:child href="Bmr015.B.segs.xml#id(Bmr015.segment.58)"/>
         <nite:child href="Bmr015.G.segs.xml#id(Bmr015.segment.59)"/>
         <nite:child href="Bmr015.B.segs.xml#id(Bmr015.segment.60)..id(Bmr015.segment.61)"/>
         <nite:child href="Bmr015.A.segs.xml#id(Bmr015.segment.62)"/>
         <nite:child href="Bmr015.C.segs.xml#id(Bmr015.segment.63)"/>
         <nite:child href="Bmr015.B.segs.xml#id(Bmr015.segment.64)"/>
         <nite:child href="Bmr015.A.segs.xml#id(Bmr015.segment.65)..id(Bmr015.segment.66)"/>
         <nite:child href="Bmr015.F.segs.xml#id(Bmr015.segment.67)"/>
         <nite:child href="Bmr015.A.segs.xml#id(Bmr015.segment.68)..id(Bmr015.segment.69)"/>
         <nite:child href="Bmr015.B.segs.xml#id(Bmr015.segment.70)"/>
         <nite:child href="Bmr015.C.segs.xml#id(Bmr015.segment.71)"/>
         <nite:child href="Bmr015.B.segs.xml#id(Bmr015.segment.72)"/>
         <nite:child href="Bmr015.A.segs.xml#id(Bmr015.segment.73)"/>
         <nite:child href="Bmr015.C.segs.xml#id(Bmr015.segment.74)"/>
         <nite:child href="Bmr015.F.segs.xml#id(Bmr015.segment.75)"/>
         <nite:child href="Bmr015.B.segs.xml#id(Bmr015.segment.76)"/>
         <nite:child href="Bmr015.C.segs.xml#id(Bmr015.segment.77)"/>
         <nite:child href="Bmr015.A.segs.xml#id(Bmr015.segment.78)..id(Bmr015.segment.80)"/>
         <nite:child href="Bmr015.F.segs.xml#id(Bmr015.segment.81)"/>
         <nite:child href="Bmr015.C.segs.xml#id(Bmr015.segment.82)..id(Bmr015.segment.83)"/>
         <nite:child href="Bmr015.F.segs.xml#id(Bmr015.segment.84)"/>
         <nite:child href="Bmr015.A.segs.xml#id(Bmr015.segment.85)"/>
         <nite:child href="Bmr015.B.segs.xml#id(Bmr015.segment.86)"/>
         <nite:child href="Bmr015.F.segs.xml#id(Bmr015.segment.87)..id(Bmr015.segment.88)"/>
      </topic>
   </topic>
   <topic nite:id="Bmr015.topic.3" description="processing digits">
      <nite:child href="Bmr015.B.segs.xml#id(Bmr015.segment.89)"/>
      <nite:child href="Bmr015.F.segs.xml#id(Bmr015.segment.90)"/>
      <nite:child href="Bmr015.B.segs.xml#id(Bmr015.segment.91)..id(Bmr015.segment.92)"/>
      <nite:child href="Bmr015.F.segs.xml#id(Bmr015.segment.93)"/>
      <nite:child href="Bmr015.B.segs.xml#id(Bmr015.segment.94)"/>
      <nite:child href="Bmr015.F.segs.xml#id(Bmr015.segment.95)"/>
      <nite:child href="Bmr015.B.segs.xml#id(Bmr015.segment.96)"/>
      <topic nite:id="Bmr015.topic.4" description="misread digits">
         <nite:child href="Bmr015.B.segs.xml#id(Bmr015.segment.97)"/>
         <nite:child href="Bmr015.F.segs.xml#id(Bmr015.segment.98)"/>
         <nite:child href="Bmr015.B.segs.xml#id(Bmr015.segment.99)"/>
         <nite:child href="Bmr015.F.segs.xml#id(Bmr015.segment.100)..id(Bmr015.segment.101)"/>
         <nite:child href="Bmr015.B.segs.xml#id(Bmr015.segment.102)"/>
         <nite:child href="Bmr015.F.segs.xml#id(Bmr015.segment.103)"/>
         <nite:child href="Bmr015.B.segs.xml#id(Bmr015.segment.104)..id(Bmr015.segment.105)"/>
         <nite:child href="Bmr015.C.segs.xml#id(Bmr015.segment.106)"/>
         <nite:child href="Bmr015.F.segs.xml#id(Bmr015.segment.107)"/>
         <nite:child href="Bmr015.B.segs.xml#id(Bmr015.segment.108)"/>
         <nite:child href="Bmr015.F.segs.xml#id(Bmr015.segment.109)"/>
         <nite:child href="Bmr015.B.segs.xml#id(Bmr015.segment.110)"/>
         <nite:child href="Bmr015.F.segs.xml#id(Bmr015.segment.111)"/>
         <nite:child href="Bmr015.B.segs.xml#id(Bmr015.segment.112)..id(Bmr015.segment.113)"/>
         <nite:child href="Bmr015.F.segs.xml#id(Bmr015.segment.114)..id(Bmr015.segment.115)"/>
         <nite:child href="Bmr015.B.segs.xml#id(Bmr015.segment.116)"/>
         <nite:child href="Bmr015.C.segs.xml#id(Bmr015.segment.117)"/>
         <nite:child href="Bmr015.A.segs.xml#id(Bmr015.segment.118)"/>
         <nite:child href="Bmr015.F.segs.xml#id(Bmr015.segment.119)"/>
         <nite:child href="Bmr015.A.segs.xml#id(Bmr015.segment.120)"/>
         <nite:child href="Bmr015.F.segs.xml#id(Bmr015.segment.122)"/>
         <nite:child href="Bmr015.B.segs.xml#id(Bmr015.segment.121)"/>
         <nite:child href="Bmr015.C.segs.xml#id(Bmr015.segment.123)"/>
         <nite:child href="Bmr015.F.segs.xml#id(Bmr015.segment.124)"/>
         <nite:child href="Bmr015.B.segs.xml#id(Bmr015.segment.125)"/>
         <nite:child href="Bmr015.F.segs.xml#id(Bmr015.segment.126)"/>
         <nite:child href="Bmr015.B.segs.xml#id(Bmr015.segment.127)"/>
         <nite:child href="Bmr015.G.segs.xml#id(Bmr015.segment.128)"/>
         <nite:child href="Bmr015.E.segs.xml#id(Bmr015.segment.129)"/>
         <nite:child href="Bmr015.B.segs.xml#id(Bmr015.segment.130)..id(Bmr015.segment.131)"/>
         <nite:child href="Bmr015.G.segs.xml#id(Bmr015.segment.132)"/>
         <nite:child href="Bmr015.E.segs.xml#id(Bmr015.segment.133)"/>
         <nite:child href="Bmr015.B.segs.xml#id(Bmr015.segment.134)"/>
         <nite:child href="Bmr015.C.segs.xml#id(Bmr015.segment.135)"/>
         <nite:child href="Bmr015.F.segs.xml#id(Bmr015.segment.136)"/>
         <nite:child href="Bmr015.B.segs.xml#id(Bmr015.segment.137)"/>
         <nite:child href="Bmr015.E.segs.xml#id(Bmr015.segment.138)"/>
         <nite:child href="Bmr015.B.segs.xml#id(Bmr015.segment.139)"/>
         <nite:child href="Bmr015.F.segs.xml#id(Bmr015.segment.140)"/>
         <nite:child href="Bmr015.B.segs.xml#id(Bmr015.segment.141)..id(Bmr015.segment.142)"/>
         <nite:child href="Bmr015.F.segs.xml#id(Bmr015.segment.143)"/>
         <nite:child href="Bmr015.B.segs.xml#id(Bmr015.segment.144)"/>
         <nite:child href="Bmr015.F.segs.xml#id(Bmr015.segment.145)"/>
         <nite:child href="Bmr015.B.segs.xml#id(Bmr015.segment.146)"/>
         <nite:child href="Bmr015.G.segs.xml#id(Bmr015.segment.147)"/>
         <nite:child href="Bmr015.B.segs.xml#id(Bmr015.segment.148)"/>
         <nite:child href="Bmr015.G.segs.xml#id(Bmr015.segment.149)"/>
         <nite:child href="Bmr015.B.segs.xml#id(Bmr015.segment.150)"/>
         <nite:child href="Bmr015.G.segs.xml#id(Bmr015.segment.151)"/>
         <nite:child href="Bmr015.E.segs.xml#id(Bmr015.segment.152)"/>
         <nite:child href="Bmr015.B.segs.xml#id(Bmr015.segment.153)"/>
         <nite:child href="Bmr015.G.segs.xml#id(Bmr015.segment.154)"/>
         <nite:child href="Bmr015.A.segs.xml#id(Bmr015.segment.155)"/>
         <nite:child href="Bmr015.C.segs.xml#id(Bmr015.segment.156)"/>
         <nite:child href="Bmr015.B.segs.xml#id(Bmr015.segment.157)"/>
         <nite:child href="Bmr015.C.segs.xml#id(Bmr015.segment.158)"/>
         <nite:child href="Bmr015.G.segs.xml#id(Bmr015.segment.160)"/>
         <nite:child href="Bmr015.A.segs.xml#id(Bmr015.segment.159)"/>
         <nite:child href="Bmr015.E.segs.xml#id(Bmr015.segment.161)"/>
         <nite:child href="Bmr015.A.segs.xml#id(Bmr015.segment.162)"/>
         <nite:child href="Bmr015.C.segs.xml#id(Bmr015.segment.163)"/>
         <nite:child href="Bmr015.E.segs.xml#id(Bmr015.segment.164)"/>
         <nite:child href="Bmr015.G.segs.xml#id(Bmr015.segment.165)"/>
         <nite:child href="Bmr015.B.segs.xml#id(Bmr015.segment.166)"/>
         <nite:child href="Bmr015.G.segs.xml#id(Bmr015.segment.167)"/>
         <nite:child href="Bmr015.B.segs.xml#id(Bmr015.segment.168)"/>
         <nite:child href="Bmr015.C.segs.xml#id(Bmr015.segment.169)"/>
         <nite:child href="Bmr015.A.segs.xml#id(Bmr015.segment.170)"/>
         <nite:child href="Bmr015.C.segs.xml#id(Bmr015.segment.171)"/>
         <nite:child href="Bmr015.F.segs.xml#id(Bmr015.segment.172)"/>
         <nite:child href="Bmr015.A.segs.xml#id(Bmr015.segment.173)"/>
         <nite:child href="Bmr015.F.segs.xml#id(Bmr015.segment.174)..id(Bmr015.segment.175)"/>
         <nite:child href="Bmr015.C.segs.xml#id(Bmr015.segment.176)"/>
         <nite:child href="Bmr015.A.segs.xml#id(Bmr015.segment.177)"/>
         <nite:child href="Bmr015.F.segs.xml#id(Bmr015.segment.178)..id(Bmr015.segment.179)"/>
         <nite:child href="Bmr015.A.segs.xml#id(Bmr015.segment.180)..id(Bmr015.segment.182)"/>
         <nite:child href="Bmr015.G.segs.xml#id(Bmr015.segment.183)..id(Bmr015.segment.185)"/>
         <nite:child href="Bmr015.B.segs.xml#id(Bmr015.segment.186)"/>
         <nite:child href="Bmr015.G.segs.xml#id(Bmr015.segment.187)"/>
         <nite:child href="Bmr015.B.segs.xml#id(Bmr015.segment.188)"/>
         <nite:child href="Bmr015.C.segs.xml#id(Bmr015.segment.189)..id(Bmr015.segment.198)"/>
         <nite:child href="Bmr015.B.segs.xml#id(Bmr015.segment.190)"/>
         <nite:child href="Bmr015.A.segs.xml#id(Bmr015.segment.191)"/>
         <nite:child href="Bmr015.G.segs.xml#id(Bmr015.segment.192)"/>
         <nite:child href="Bmr015.B.segs.xml#id(Bmr015.segment.193)"/>
         <nite:child href="Bmr015.A.segs.xml#id(Bmr015.segment.194)"/>
         <nite:child href="Bmr015.F.segs.xml#id(Bmr015.segment.195)"/>
         <nite:child href="Bmr015.B.segs.xml#id(Bmr015.segment.196)"/>
         <nite:child href="Bmr015.A.segs.xml#id(Bmr015.segment.197)"/>
         <nite:child href="Bmr015.G.segs.xml#id(Bmr015.segment.199)"/>
         <nite:child href="Bmr015.B.segs.xml#id(Bmr015.segment.200)"/>
         <nite:child href="Bmr015.F.segs.xml#id(Bmr015.segment.201)"/>
         <nite:child href="Bmr015.B.segs.xml#id(Bmr015.segment.202)"/>
         <nite:child href="Bmr015.F.segs.xml#id(Bmr015.segment.203)"/>
         <nite:child href="Bmr015.B.segs.xml#id(Bmr015.segment.204)"/>
         <nite:child href="Bmr015.F.segs.xml#id(Bmr015.segment.205)"/>
         <nite:child href="Bmr015.B.segs.xml#id(Bmr015.segment.206)"/>
         <nite:child href="Bmr015.F.segs.xml#id(Bmr015.segment.207)"/>
         <nite:child href="Bmr015.B.segs.xml#id(Bmr015.segment.208)..id(Bmr015.segment.209)"/>
         <nite:child href="Bmr015.F.segs.xml#id(Bmr015.segment.210)"/>
      </topic>
      <topic nite:id="Bmr015.topic.5" description="conventions for reading digits">
         <nite:child href="Bmr015.B.segs.xml#id(Bmr015.segment.211)..id(Bmr015.segment.213)"/>
         <nite:child href="Bmr015.C.segs.xml#id(Bmr015.segment.214)"/>
         <nite:child href="Bmr015.B.segs.xml#id(Bmr015.segment.215)"/>
         <nite:child href="Bmr015.E.segs.xml#id(Bmr015.segment.216)"/>
         <nite:child href="Bmr015.B.segs.xml#id(Bmr015.segment.217)"/>
         <nite:child href="Bmr015.A.segs.xml#id(Bmr015.segment.218)..id(Bmr015.segment.219)"/>
         <nite:child href="Bmr015.F.segs.xml#id(Bmr015.segment.220)"/>
         <nite:child href="Bmr015.A.segs.xml#id(Bmr015.segment.221)..id(Bmr015.segment.222)"/>
         <nite:child href="Bmr015.F.segs.xml#id(Bmr015.segment.223)"/>
         <nite:child href="Bmr015.B.segs.xml#id(Bmr015.segment.224)..id(Bmr015.segment.225)"/>
         <nite:child href="Bmr015.F.segs.xml#id(Bmr015.segment.226)"/>
         <nite:child href="Bmr015.B.segs.xml#id(Bmr015.segment.227)"/>
         <nite:child href="Bmr015.F.segs.xml#id(Bmr015.segment.228)"/>
         <nite:child href="Bmr015.A.segs.xml#id(Bmr015.segment.229)"/>
         <nite:child href="Bmr015.C.segs.xml#id(Bmr015.segment.230)"/>
         <nite:child href="Bmr015.A.segs.xml#id(Bmr015.segment.231)"/>
         <nite:child href="Bmr015.B.segs.xml#id(Bmr015.segment.232)"/>
         <nite:child href="Bmr015.A.segs.xml#id(Bmr015.segment.233)"/>
         <nite:child href="Bmr015.F.segs.xml#id(Bmr015.segment.234)"/>
         <nite:child href="Bmr015.E.segs.xml#id(Bmr015.segment.236)"/>
         <nite:child href="Bmr015.B.segs.xml#id(Bmr015.segment.235)"/>
         <nite:child href="Bmr015.A.segs.xml#id(Bmr015.segment.237)..id(Bmr015.segment.239)"/>
         <nite:child href="Bmr015.B.segs.xml#id(Bmr015.segment.240)"/>
         <nite:child href="Bmr015.A.segs.xml#id(Bmr015.segment.241)..id(Bmr015.segment.243)"/>
         <nite:child href="Bmr015.C.segs.xml#id(Bmr015.segment.244)"/>
         <nite:child href="Bmr015.B.segs.xml#id(Bmr015.segment.245)"/>
         <nite:child href="Bmr015.A.segs.xml#id(Bmr015.segment.246)"/>
         <nite:child href="Bmr015.B.segs.xml#id(Bmr015.segment.247)"/>
         <nite:child href="Bmr015.E.segs.xml#id(Bmr015.segment.248)"/>
         <nite:child href="Bmr015.F.segs.xml#id(Bmr015.segment.249)"/>
         <nite:child href="Bmr015.G.segs.xml#id(Bmr015.segment.250)"/>
         <nite:child href="Bmr015.B.segs.xml#id(Bmr015.segment.251)"/>
         <nite:child href="Bmr015.C.segs.xml#id(Bmr015.segment.252)"/>
         <nite:child href="Bmr015.F.segs.xml#id(Bmr015.segment.254)"/>
         <nite:child href="Bmr015.E.segs.xml#id(Bmr015.segment.253)"/>
         <nite:child href="Bmr015.C.segs.xml#id(Bmr015.segment.255)"/>
         <nite:child href="Bmr015.F.segs.xml#id(Bmr015.segment.256)..id(Bmr015.segment.259)"/>
         <nite:child href="Bmr015.E.segs.xml#id(Bmr015.segment.258)"/>
         <nite:child href="Bmr015.F.segs.xml#id(Bmr015.segment.261)"/>
         <nite:child href="Bmr015.B.segs.xml#id(Bmr015.segment.260)"/>
         <nite:child href="Bmr015.A.segs.xml#id(Bmr015.segment.262)"/>
         <nite:child href="Bmr015.F.segs.xml#id(Bmr015.segment.263)"/>
         <nite:child href="Bmr015.A.segs.xml#id(Bmr015.segment.264)"/>
         <nite:child href="Bmr015.F.segs.xml#id(Bmr015.segment.265)"/>
         <nite:child href="Bmr015.B.segs.xml#id(Bmr015.segment.266)"/>
         <nite:child href="Bmr015.A.segs.xml#id(Bmr015.segment.267)"/>
         <nite:child href="Bmr015.B.segs.xml#id(Bmr015.segment.268)"/>
         <nite:child href="Bmr015.F.segs.xml#id(Bmr015.segment.269)..id(Bmr015.segment.270)"/>
         <nite:child href="Bmr015.A.segs.xml#id(Bmr015.segment.271)"/>
         <nite:child href="Bmr015.F.segs.xml#id(Bmr015.segment.272)"/>
         <nite:child href="Bmr015.A.segs.xml#id(Bmr015.segment.273)"/>
         <nite:child href="Bmr015.F.segs.xml#id(Bmr015.segment.274)..id(Bmr015.segment.276)"/>
         <nite:child href="Bmr015.A.segs.xml#id(Bmr015.segment.277)"/>
         <nite:child href="Bmr015.F.segs.xml#id(Bmr015.segment.278)..id(Bmr015.segment.279)"/>
         <nite:child href="Bmr015.A.segs.xml#id(Bmr015.segment.280)"/>
         <nite:child href="Bmr015.C.segs.xml#id(Bmr015.segment.281)"/>
         <nite:child href="Bmr015.B.segs.xml#id(Bmr015.segment.282)"/>
         <nite:child href="Bmr015.A.segs.xml#id(Bmr015.segment.283)..id(Bmr015.segment.286)"/>
         <nite:child href="Bmr015.F.segs.xml#id(Bmr015.segment.287)..id(Bmr015.segment.288)"/>
         <nite:child href="Bmr015.A.segs.xml#id(Bmr015.segment.289)"/>
         <nite:child href="Bmr015.B.segs.xml#id(Bmr015.segment.290)"/>
         <nite:child href="Bmr015.A.segs.xml#id(Bmr015.segment.291)..id(Bmr015.segment.292)"/>
         <nite:child href="Bmr015.B.segs.xml#id(Bmr015.segment.293)"/>
         <nite:child href="Bmr015.A.segs.xml#id(Bmr015.segment.294)"/>
         <nite:child href="Bmr015.B.segs.xml#id(Bmr015.segment.295)"/>
         <nite:child href="Bmr015.C.segs.xml#id(Bmr015.segment.296)"/>
         <nite:child href="Bmr015.A.segs.xml#id(Bmr015.segment.297)"/>
         <nite:child href="Bmr015.B.segs.xml#id(Bmr015.segment.298)"/>
         <nite:child href="Bmr015.C.segs.xml#id(Bmr015.segment.299)"/>
         <nite:child href="Bmr015.A.segs.xml#id(Bmr015.segment.300)"/>
      </topic>
   </topic>
   <topic nite:id="Bmr015.topic.6" description="NSF Information Technology Research grant proposal">
      <nite:child href="Bmr015.A.segs.xml#id(Bmr015.segment.301)"/>
      <nite:child href="Bmr015.F.segs.xml#id(Bmr015.segment.302)"/>
      <nite:child href="Bmr015.A.segs.xml#id(Bmr015.segment.303)..id(Bmr015.segment.304)"/>
      <nite:child href="Bmr015.F.segs.xml#id(Bmr015.segment.305)..id(Bmr015.segment.306)"/>
      <topic nite:id="Bmr015.topic.7" description="email from moderator">
         <nite:child href="Bmr015.A.segs.xml#id(Bmr015.segment.307)..id(Bmr015.segment.308)"/>
         <nite:child href="Bmr015.F.segs.xml#id(Bmr015.segment.309)"/>
         <nite:child href="Bmr015.A.segs.xml#id(Bmr015.segment.310)"/>
         <nite:child href="Bmr015.F.segs.xml#id(Bmr015.segment.311)"/>
         <nite:child href="Bmr015.A.segs.xml#id(Bmr015.segment.312)"/>
         <nite:child href="Bmr015.F.segs.xml#id(Bmr015.segment.313)"/>
         <nite:child href="Bmr015.A.segs.xml#id(Bmr015.segment.314)"/>
         <nite:child href="Bmr015.F.segs.xml#id(Bmr015.segment.316)"/>
         <nite:child href="Bmr015.A.segs.xml#id(Bmr015.segment.315)"/>
         <nite:child href="Bmr015.F.segs.xml#id(Bmr015.segment.317)..id(Bmr015.segment.318)"/>
         <nite:child href="Bmr015.A.segs.xml#id(Bmr015.segment.319)"/>
         <nite:child href="Bmr015.B.segs.xml#id(Bmr015.segment.320)"/>
         <nite:child href="Bmr015.A.segs.xml#id(Bmr015.segment.321)"/>
         <nite:child href="Bmr015.B.segs.xml#id(Bmr015.segment.322)..id(Bmr015.segment.323)"/>
         <nite:child href="Bmr015.A.segs.xml#id(Bmr015.segment.324)"/>
         <nite:child href="Bmr015.B.segs.xml#id(Bmr015.segment.325)"/>
         <nite:child href="Bmr015.F.segs.xml#id(Bmr015.segment.326)"/>
         <nite:child href="Bmr015.B.segs.xml#id(Bmr015.segment.327)"/>
         <nite:child href="Bmr015.A.segs.xml#id(Bmr015.segment.328)"/>
         <nite:child href="Bmr015.B.segs.xml#id(Bmr015.segment.329)"/>
         <nite:child href="Bmr015.F.segs.xml#id(Bmr015.segment.330)"/>
         <nite:child href="Bmr015.A.segs.xml#id(Bmr015.segment.331)"/>
         <nite:child href="Bmr015.B.segs.xml#id(Bmr015.segment.332)"/>
         <nite:child href="Bmr015.A.segs.xml#id(Bmr015.segment.333)"/>
         <nite:child href="Bmr015.B.segs.xml#id(Bmr015.segment.334)..id(Bmr015.segment.335)"/>
         <nite:child href="Bmr015.A.segs.xml#id(Bmr015.segment.336)"/>
         <nite:child href="Bmr015.B.segs.xml#id(Bmr015.segment.337)"/>
         <nite:child href="Bmr015.A.segs.xml#id(Bmr015.segment.338)"/>
         <nite:child href="Bmr015.B.segs.xml#id(Bmr015.segment.339)..id(Bmr015.segment.341)"/>
         <nite:child href="Bmr015.A.segs.xml#id(Bmr015.segment.342)..id(Bmr015.segment.343)"/>
         <nite:child href="Bmr015.B.segs.xml#id(Bmr015.segment.344)"/>
         <nite:child href="Bmr015.A.segs.xml#id(Bmr015.segment.345)"/>
      </topic>
      <nite:child href="Bmr015.A.segs.xml#id(Bmr015.segment.346)..id(Bmr015.segment.347)"/>
      <nite:child href="Bmr015.G.segs.xml#id(Bmr015.segment.348)"/>
      <nite:child href="Bmr015.F.segs.xml#id(Bmr015.segment.349)"/>
      <nite:child href="Bmr015.G.segs.xml#id(Bmr015.segment.350)"/>
      <nite:child href="Bmr015.F.segs.xml#id(Bmr015.segment.351)"/>
      <nite:child href="Bmr015.A.segs.xml#id(Bmr015.segment.352)"/>
      <nite:child href="Bmr015.F.segs.xml#id(Bmr015.segment.353)"/>
      <nite:child href="Bmr015.A.segs.xml#id(Bmr015.segment.354)"/>
      <nite:child href="Bmr015.C.segs.xml#id(Bmr015.segment.355)"/>
      <nite:child href="Bmr015.A.segs.xml#id(Bmr015.segment.356)"/>
      <nite:child href="Bmr015.F.segs.xml#id(Bmr015.segment.357)..id(Bmr015.segment.358)"/>
      <nite:child href="Bmr015.A.segs.xml#id(Bmr015.segment.359)..id(Bmr015.segment.362)"/>
      <nite:child href="Bmr015.B.segs.xml#id(Bmr015.segment.363)"/>
      <nite:child href="Bmr015.A.segs.xml#id(Bmr015.segment.364)..id(Bmr015.segment.366)"/>
      <nite:child href="Bmr015.F.segs.xml#id(Bmr015.segment.367)"/>
      <nite:child href="Bmr015.A.segs.xml#id(Bmr015.segment.368)..id(Bmr015.segment.372)"/>
      <nite:child href="Bmr015.B.segs.xml#id(Bmr015.segment.373)"/>
      <nite:child href="Bmr015.A.segs.xml#id(Bmr015.segment.374)..id(Bmr015.segment.381)"/>
      <nite:child href="Bmr015.G.segs.xml#id(Bmr015.segment.382)"/>
      <nite:child href="Bmr015.A.segs.xml#id(Bmr015.segment.383)"/>
      <nite:child href="Bmr015.B.segs.xml#id(Bmr015.segment.384)"/>
      <nite:child href="Bmr015.A.segs.xml#id(Bmr015.segment.385)"/>
      <nite:child href="Bmr015.F.segs.xml#id(Bmr015.segment.386)"/>
      <nite:child href="Bmr015.A.segs.xml#id(Bmr015.segment.387)..id(Bmr015.segment.388)"/>
      <nite:child href="Bmr015.B.segs.xml#id(Bmr015.segment.389)"/>
      <nite:child href="Bmr015.A.segs.xml#id(Bmr015.segment.390)..id(Bmr015.segment.391)"/>
      <nite:child href="Bmr015.E.segs.xml#id(Bmr015.segment.392)"/>
      <nite:child href="Bmr015.A.segs.xml#id(Bmr015.segment.393)"/>
      <nite:child href="Bmr015.B.segs.xml#id(Bmr015.segment.394)"/>
      <nite:child href="Bmr015.G.segs.xml#id(Bmr015.segment.395)"/>
      <nite:child href="Bmr015.A.segs.xml#id(Bmr015.segment.396)"/>
      <nite:child href="Bmr015.B.segs.xml#id(Bmr015.segment.397)"/>
      <nite:child href="Bmr015.G.segs.xml#id(Bmr015.segment.398)"/>
      <nite:child href="Bmr015.A.segs.xml#id(Bmr015.segment.399)"/>
      <nite:child href="Bmr015.C.segs.xml#id(Bmr015.segment.400)"/>
      <nite:child href="Bmr015.E.segs.xml#id(Bmr015.segment.401)"/>
      <nite:child href="Bmr015.A.segs.xml#id(Bmr015.segment.402)"/>
      <nite:child href="Bmr015.B.segs.xml#id(Bmr015.segment.404)"/>
      <nite:child href="Bmr015.C.segs.xml#id(Bmr015.segment.403)"/>
      <nite:child href="Bmr015.G.segs.xml#id(Bmr015.segment.405)"/>
      <nite:child href="Bmr015.A.segs.xml#id(Bmr015.segment.406)"/>
      <nite:child href="Bmr015.C.segs.xml#id(Bmr015.segment.407)"/>
      <nite:child href="Bmr015.E.segs.xml#id(Bmr015.segment.408)"/>
      <nite:child href="Bmr015.D.segs.xml#id(Bmr015.segment.409)"/>
      <nite:child href="Bmr015.G.segs.xml#id(Bmr015.segment.410)"/>
      <nite:child href="Bmr015.B.segs.xml#id(Bmr015.segment.411)"/>
      <nite:child href="Bmr015.G.segs.xml#id(Bmr015.segment.412)"/>
      <nite:child href="Bmr015.A.segs.xml#id(Bmr015.segment.413)"/>
      <nite:child href="Bmr015.B.segs.xml#id(Bmr015.segment.414)"/>
      <nite:child href="Bmr015.A.segs.xml#id(Bmr015.segment.415)"/>
      <nite:child href="Bmr015.E.segs.xml#id(Bmr015.segment.416)"/>
      <nite:child href="Bmr015.D.segs.xml#id(Bmr015.segment.417)"/>
      <nite:child href="Bmr015.E.segs.xml#id(Bmr015.segment.418)"/>
      <nite:child href="Bmr015.C.segs.xml#id(Bmr015.segment.419)"/>
      <nite:child href="Bmr015.G.segs.xml#id(Bmr015.segment.420)"/>
      <nite:child href="Bmr015.A.segs.xml#id(Bmr015.segment.421)..id(Bmr015.segment.423)"/>
      <nite:child href="Bmr015.D.segs.xml#id(Bmr015.segment.424)"/>
      <nite:child href="Bmr015.G.segs.xml#id(Bmr015.segment.425)"/>
      <nite:child href="Bmr015.B.segs.xml#id(Bmr015.segment.426)"/>
      <nite:child href="Bmr015.A.segs.xml#id(Bmr015.segment.427)"/>
      <nite:child href="Bmr015.C.segs.xml#id(Bmr015.segment.428)"/>
      <nite:child href="Bmr015.F.segs.xml#id(Bmr015.segment.429)..id(Bmr015.segment.430)"/>
      <nite:child href="Bmr015.B.segs.xml#id(Bmr015.segment.431)..id(Bmr015.segment.432)"/>
      <nite:child href="Bmr015.C.segs.xml#id(Bmr015.segment.433)"/>
      <nite:child href="Bmr015.A.segs.xml#id(Bmr015.segment.434)"/>
      <nite:child href="Bmr015.F.segs.xml#id(Bmr015.segment.435)"/>
      <nite:child href="Bmr015.C.segs.xml#id(Bmr015.segment.436)"/>
      <nite:child href="Bmr015.F.segs.xml#id(Bmr015.segment.437)"/>
      <nite:child href="Bmr015.A.segs.xml#id(Bmr015.segment.438)"/>
      <nite:child href="Bmr015.B.segs.xml#id(Bmr015.segment.439)"/>
      <nite:child href="Bmr015.A.segs.xml#id(Bmr015.segment.440)"/>
      <nite:child href="Bmr015.F.segs.xml#id(Bmr015.segment.441)"/>
      <nite:child href="Bmr015.A.segs.xml#id(Bmr015.segment.442)"/>
      <nite:child href="Bmr015.B.segs.xml#id(Bmr015.segment.443)..id(Bmr015.segment.447)"/>
      <nite:child href="Bmr015.A.segs.xml#id(Bmr015.segment.448)"/>
      <nite:child href="Bmr015.B.segs.xml#id(Bmr015.segment.449)"/>
      <nite:child href="Bmr015.G.segs.xml#id(Bmr015.segment.450)"/>
      <nite:child href="Bmr015.B.segs.xml#id(Bmr015.segment.451)"/>
      <nite:child href="Bmr015.E.segs.xml#id(Bmr015.segment.452)"/>
      <nite:child href="Bmr015.F.segs.xml#id(Bmr015.segment.453)"/>
      <nite:child href="Bmr015.E.segs.xml#id(Bmr015.segment.454)"/>
      <nite:child href="Bmr015.G.segs.xml#id(Bmr015.segment.455)..id(Bmr015.segment.456)"/>
      <nite:child href="Bmr015.A.segs.xml#id(Bmr015.segment.457)"/>
      <nite:child href="Bmr015.F.segs.xml#id(Bmr015.segment.458)"/>
      <nite:child href="Bmr015.A.segs.xml#id(Bmr015.segment.459)"/>
      <nite:child href="Bmr015.E.segs.xml#id(Bmr015.segment.460)"/>
      <nite:child href="Bmr015.A.segs.xml#id(Bmr015.segment.461)"/>
      <nite:child href="Bmr015.F.segs.xml#id(Bmr015.segment.462)..id(Bmr015.segment.463)"/>
      <nite:child href="Bmr015.B.segs.xml#id(Bmr015.segment.464)"/>
      <nite:child href="Bmr015.G.segs.xml#id(Bmr015.segment.465)..id(Bmr015.segment.466)"/>
      <nite:child href="Bmr015.E.segs.xml#id(Bmr015.segment.467)"/>
      <nite:child href="Bmr015.G.segs.xml#id(Bmr015.segment.468)"/>
      <nite:child href="Bmr015.E.segs.xml#id(Bmr015.segment.469)..id(Bmr015.segment.470)"/>
      <nite:child href="Bmr015.F.segs.xml#id(Bmr015.segment.471)"/>
      <nite:child href="Bmr015.G.segs.xml#id(Bmr015.segment.472)"/>
      <nite:child href="Bmr015.F.segs.xml#id(Bmr015.segment.473)"/>
      <nite:child href="Bmr015.B.segs.xml#id(Bmr015.segment.474)"/>
      <nite:child href="Bmr015.A.segs.xml#id(Bmr015.segment.475)"/>
      <nite:child href="Bmr015.C.segs.xml#id(Bmr015.segment.476)..id(Bmr015.segment.477)"/>
      <nite:child href="Bmr015.A.segs.xml#id(Bmr015.segment.478)..id(Bmr015.segment.480)"/>
      <nite:child href="Bmr015.B.segs.xml#id(Bmr015.segment.481)"/>
      <nite:child href="Bmr015.C.segs.xml#id(Bmr015.segment.482)"/>
      <nite:child href="Bmr015.E.segs.xml#id(Bmr015.segment.483)"/>
      <nite:child href="Bmr015.A.segs.xml#id(Bmr015.segment.484)"/>
      <nite:child href="Bmr015.F.segs.xml#id(Bmr015.segment.485)..id(Bmr015.segment.487)"/>
      <nite:child href="Bmr015.A.segs.xml#id(Bmr015.segment.488)..id(Bmr015.segment.489)"/>
      <nite:child href="Bmr015.B.segs.xml#id(Bmr015.segment.490)"/>
      <nite:child href="Bmr015.A.segs.xml#id(Bmr015.segment.491)..id(Bmr015.segment.493)"/>
      <topic nite:id="Bmr015.topic.8" description="award types">
         <nite:child href="Bmr015.B.segs.xml#id(Bmr015.segment.492)"/>
         <nite:child href="Bmr015.A.segs.xml#id(Bmr015.segment.494)..id(Bmr015.segment.501)"/>
         <nite:child href="Bmr015.F.segs.xml#id(Bmr015.segment.502)..id(Bmr015.segment.503)"/>
         <nite:child href="Bmr015.A.segs.xml#id(Bmr015.segment.504)..id(Bmr015.segment.509)"/>
         <nite:child href="Bmr015.B.segs.xml#id(Bmr015.segment.510)"/>
         <nite:child href="Bmr015.A.segs.xml#id(Bmr015.segment.511)..id(Bmr015.segment.517)"/>
         <nite:child href="Bmr015.F.segs.xml#id(Bmr015.segment.518)"/>
         <nite:child href="Bmr015.A.segs.xml#id(Bmr015.segment.519)"/>
         <nite:child href="Bmr015.G.segs.xml#id(Bmr015.segment.520)"/>
         <nite:child href="Bmr015.A.segs.xml#id(Bmr015.segment.521)..id(Bmr015.segment.522)"/>
         <nite:child href="Bmr015.B.segs.xml#id(Bmr015.segment.523)"/>
         <nite:child href="Bmr015.G.segs.xml#id(Bmr015.segment.524)"/>
         <nite:child href="Bmr015.A.segs.xml#id(Bmr015.segment.525)"/>
         <nite:child href="Bmr015.G.segs.xml#id(Bmr015.segment.526)"/>
         <nite:child href="Bmr015.A.segs.xml#id(Bmr015.segment.527)..id(Bmr015.segment.528)"/>
         <nite:child href="Bmr015.B.segs.xml#id(Bmr015.segment.529)"/>
         <nite:child href="Bmr015.A.segs.xml#id(Bmr015.segment.530)..id(Bmr015.segment.531)"/>
         <nite:child href="Bmr015.C.segs.xml#id(Bmr015.segment.532)"/>
         <nite:child href="Bmr015.A.segs.xml#id(Bmr015.segment.533)"/>
         <nite:child href="Bmr015.E.segs.xml#id(Bmr015.segment.534)"/>
         <nite:child href="Bmr015.B.segs.xml#id(Bmr015.segment.535)"/>
         <nite:child href="Bmr015.A.segs.xml#id(Bmr015.segment.536)..id(Bmr015.segment.539)"/>
      </topic>
      <topic nite:id="Bmr015.topic.9" description="plans for allocating funds if successful">
         <nite:child href="Bmr015.G.segs.xml#id(Bmr015.segment.540)..id(Bmr015.segment.541)"/>
         <nite:child href="Bmr015.F.segs.xml#id(Bmr015.segment.542)"/>
         <nite:child href="Bmr015.G.segs.xml#id(Bmr015.segment.543)..id(Bmr015.segment.544)"/>
         <nite:child href="Bmr015.F.segs.xml#id(Bmr015.segment.545)"/>
         <nite:child href="Bmr015.A.segs.xml#id(Bmr015.segment.546)"/>
         <nite:child href="Bmr015.B.segs.xml#id(Bmr015.segment.547)"/>
         <nite:child href="Bmr015.C.segs.xml#id(Bmr015.segment.548)"/>
         <nite:child href="Bmr015.A.segs.xml#id(Bmr015.segment.549)"/>
         <nite:child href="Bmr015.B.segs.xml#id(Bmr015.segment.550)"/>
         <nite:child href="Bmr015.E.segs.xml#id(Bmr015.segment.551)"/>
         <nite:child href="Bmr015.G.segs.xml#id(Bmr015.segment.552)"/>
         <nite:child href="Bmr015.C.segs.xml#id(Bmr015.segment.553)"/>
         <nite:child href="Bmr015.A.segs.xml#id(Bmr015.segment.554)..id(Bmr015.segment.555)"/>
         <nite:child href="Bmr015.C.segs.xml#id(Bmr015.segment.556)"/>
         <nite:child href="Bmr015.F.segs.xml#id(Bmr015.segment.557)"/>
         <nite:child href="Bmr015.G.segs.xml#id(Bmr015.segment.558)"/>
         <nite:child href="Bmr015.D.segs.xml#id(Bmr015.segment.559)"/>
         <nite:child href="Bmr015.C.segs.xml#id(Bmr015.segment.560)"/>
         <nite:child href="Bmr015.B.segs.xml#id(Bmr015.segment.561)"/>
         <nite:child href="Bmr015.A.segs.xml#id(Bmr015.segment.562)..id(Bmr015.segment.565)"/>
         <nite:child href="Bmr015.G.segs.xml#id(Bmr015.segment.566)"/>
         <nite:child href="Bmr015.A.segs.xml#id(Bmr015.segment.567)"/>
         <nite:child href="Bmr015.F.segs.xml#id(Bmr015.segment.568)"/>
         <nite:child href="Bmr015.A.segs.xml#id(Bmr015.segment.569)"/>
         <nite:child href="Bmr015.G.segs.xml#id(Bmr015.segment.570)"/>
         <nite:child href="Bmr015.B.segs.xml#id(Bmr015.segment.571)..id(Bmr015.segment.572)"/>
         <nite:child href="Bmr015.A.segs.xml#id(Bmr015.segment.573)..id(Bmr015.segment.583)"/>
         <nite:child href="Bmr015.F.segs.xml#id(Bmr015.segment.584)"/>
         <nite:child href="Bmr015.A.segs.xml#id(Bmr015.segment.585)..id(Bmr015.segment.586)"/>
         <nite:child href="Bmr015.G.segs.xml#id(Bmr015.segment.587)"/>
         <nite:child href="Bmr015.A.segs.xml#id(Bmr015.segment.588)"/>
         <nite:child href="Bmr015.G.segs.xml#id(Bmr015.segment.589)"/>
         <nite:child href="Bmr015.A.segs.xml#id(Bmr015.segment.590)..id(Bmr015.segment.597)"/>
         <nite:child href="Bmr015.G.segs.xml#id(Bmr015.segment.598)"/>
         <nite:child href="Bmr015.F.segs.xml#id(Bmr015.segment.599)"/>
         <nite:child href="Bmr015.B.segs.xml#id(Bmr015.segment.600)"/>
         <nite:child href="Bmr015.G.segs.xml#id(Bmr015.segment.601)"/>
         <nite:child href="Bmr015.C.segs.xml#id(Bmr015.segment.602)..id(Bmr015.segment.603)"/>
         <nite:child href="Bmr015.G.segs.xml#id(Bmr015.segment.604)..id(Bmr015.segment.605)"/>
         <nite:child href="Bmr015.A.segs.xml#id(Bmr015.segment.606)"/>
         <nite:child href="Bmr015.D.segs.xml#id(Bmr015.segment.607)"/>
         <nite:child href="Bmr015.G.segs.xml#id(Bmr015.segment.608)"/>
         <nite:child href="Bmr015.C.segs.xml#id(Bmr015.segment.609)"/>
         <nite:child href="Bmr015.A.segs.xml#id(Bmr015.segment.610)"/>
         <nite:child href="Bmr015.F.segs.xml#id(Bmr015.segment.611)"/>
         <nite:child href="Bmr015.A.segs.xml#id(Bmr015.segment.612)"/>
         <nite:child href="Bmr015.F.segs.xml#id(Bmr015.segment.613)"/>
         <nite:child href="Bmr015.A.segs.xml#id(Bmr015.segment.614)..id(Bmr015.segment.617)"/>
         <nite:child href="Bmr015.G.segs.xml#id(Bmr015.segment.618)"/>
         <nite:child href="Bmr015.C.segs.xml#id(Bmr015.segment.619)"/>
         <nite:child href="Bmr015.F.segs.xml#id(Bmr015.segment.620)"/>
         <nite:child href="Bmr015.A.segs.xml#id(Bmr015.segment.621)..id(Bmr015.segment.622)"/>
         <nite:child href="Bmr015.C.segs.xml#id(Bmr015.segment.623)"/>
         <nite:child href="Bmr015.G.segs.xml#id(Bmr015.segment.624)"/>
         <nite:child href="Bmr015.B.segs.xml#id(Bmr015.segment.625)"/>
         <nite:child href="Bmr015.A.segs.xml#id(Bmr015.segment.626)"/>
         <nite:child href="Bmr015.F.segs.xml#id(Bmr015.segment.627)"/>
         <nite:child href="Bmr015.G.segs.xml#id(Bmr015.segment.628)"/>
         <nite:child href="Bmr015.A.segs.xml#id(Bmr015.segment.629)..id(Bmr015.segment.632)"/>
         <nite:child href="Bmr015.B.segs.xml#id(Bmr015.segment.633)..id(Bmr015.segment.634)"/>
         <nite:child href="Bmr015.A.segs.xml#id(Bmr015.segment.635)"/>
         <nite:child href="Bmr015.B.segs.xml#id(Bmr015.segment.636)"/>
         <nite:child href="Bmr015.A.segs.xml#id(Bmr015.segment.637)..id(Bmr015.segment.638)"/>
         <nite:child href="Bmr015.G.segs.xml#id(Bmr015.segment.639)"/>
         <nite:child href="Bmr015.D.segs.xml#id(Bmr015.segment.640)"/>
         <nite:child href="Bmr015.A.segs.xml#id(Bmr015.segment.641)..id(Bmr015.segment.644)"/>
         <nite:child href="Bmr015.B.segs.xml#id(Bmr015.segment.645)"/>
         <nite:child href="Bmr015.A.segs.xml#id(Bmr015.segment.646)..id(Bmr015.segment.647)"/>
         <nite:child href="Bmr015.B.segs.xml#id(Bmr015.segment.648)"/>
         <nite:child href="Bmr015.A.segs.xml#id(Bmr015.segment.649)..id(Bmr015.segment.650)"/>
         <nite:child href="Bmr015.C.segs.xml#id(Bmr015.segment.651)"/>
         <nite:child href="Bmr015.A.segs.xml#id(Bmr015.segment.652)..id(Bmr015.segment.653)"/>
         <nite:child href="Bmr015.C.segs.xml#id(Bmr015.segment.654)"/>
         <nite:child href="Bmr015.B.segs.xml#id(Bmr015.segment.655)"/>
         <nite:child href="Bmr015.A.segs.xml#id(Bmr015.segment.656)..id(Bmr015.segment.663)"/>
      </topic>
   </topic>
   <topic nite:id="Bmr015.topic.10" description="filename conventions">
      <nite:child href="Bmr015.A.segs.xml#id(Bmr015.segment.664)"/>
      <nite:child href="Bmr015.B.segs.xml#id(Bmr015.segment.665)..id(Bmr015.segment.673)"/>
      <topic nite:id="Bmr015.topic.11" description="using equal number of characters">
         <nite:child href="Bmr015.B.segs.xml#id(Bmr015.segment.674)..id(Bmr015.segment.676)"/>
         <nite:child href="Bmr015.C.segs.xml#id(Bmr015.segment.677)"/>
         <nite:child href="Bmr015.B.segs.xml#id(Bmr015.segment.678)..id(Bmr015.segment.688)"/>
         <nite:child href="Bmr015.F.segs.xml#id(Bmr015.segment.689)..id(Bmr015.segment.694)"/>
         <nite:child href="Bmr015.B.segs.xml#id(Bmr015.segment.695)"/>
         <nite:child href="Bmr015.F.segs.xml#id(Bmr015.segment.696)"/>
         <nite:child href="Bmr015.B.segs.xml#id(Bmr015.segment.697)..id(Bmr015.segment.701)"/>
         <nite:child href="Bmr015.F.segs.xml#id(Bmr015.segment.702)"/>
         <nite:child href="Bmr015.B.segs.xml#id(Bmr015.segment.703)"/>
         <nite:child href="Bmr015.F.segs.xml#id(Bmr015.segment.704)"/>
         <nite:child href="Bmr015.C.segs.xml#id(Bmr015.segment.705)"/>
         <nite:child href="Bmr015.B.segs.xml#id(Bmr015.segment.706)"/>
         <nite:child href="Bmr015.F.segs.xml#id(Bmr015.segment.707)"/>
         <nite:child href="Bmr015.B.segs.xml#id(Bmr015.segment.708)..id(Bmr015.segment.709)"/>
         <nite:child href="Bmr015.D.segs.xml#id(Bmr015.segment.710)..id(Bmr015.segment.712)"/>
         <nite:child href="Bmr015.F.segs.xml#id(Bmr015.segment.713)"/>
         <nite:child href="Bmr015.B.segs.xml#id(Bmr015.segment.714)..id(Bmr015.segment.715)"/>
         <nite:child href="Bmr015.G.segs.xml#id(Bmr015.segment.716)"/>
         <nite:child href="Bmr015.B.segs.xml#id(Bmr015.segment.717)..id(Bmr015.segment.723)"/>
         <nite:child href="Bmr015.F.segs.xml#id(Bmr015.segment.724)..id(Bmr015.segment.725)"/>
         <nite:child href="Bmr015.B.segs.xml#id(Bmr015.segment.726)"/>
         <nite:child href="Bmr015.F.segs.xml#id(Bmr015.segment.727)"/>
         <nite:child href="Bmr015.B.segs.xml#id(Bmr015.segment.728)"/>
         <nite:child href="Bmr015.F.segs.xml#id(Bmr015.segment.729)..id(Bmr015.segment.732)"/>
         <nite:child href="Bmr015.B.segs.xml#id(Bmr015.segment.733)..id(Bmr015.segment.739)"/>
      </topic>
      <topic nite:id="Bmr015.topic.12" description="identifying the channel and microphone ">
         <nite:child href="Bmr015.B.segs.xml#id(Bmr015.segment.740)..id(Bmr015.segment.747)"/>
         <nite:child href="Bmr015.C.segs.xml#id(Bmr015.segment.748)"/>
         <nite:child href="Bmr015.E.segs.xml#id(Bmr015.segment.749)"/>
         <nite:child href="Bmr015.B.segs.xml#id(Bmr015.segment.750)..id(Bmr015.segment.751)"/>
         <nite:child href="Bmr015.C.segs.xml#id(Bmr015.segment.752)"/>
         <nite:child href="Bmr015.B.segs.xml#id(Bmr015.segment.753)"/>
         <nite:child href="Bmr015.C.segs.xml#id(Bmr015.segment.754)"/>
         <nite:child href="Bmr015.F.segs.xml#id(Bmr015.segment.755)"/>
         <nite:child href="Bmr015.B.segs.xml#id(Bmr015.segment.756)"/>
         <nite:child href="Bmr015.F.segs.xml#id(Bmr015.segment.757)..id(Bmr015.segment.758)"/>
         <nite:child href="Bmr015.B.segs.xml#id(Bmr015.segment.759)..id(Bmr015.segment.760)"/>
         <nite:child href="Bmr015.F.segs.xml#id(Bmr015.segment.761)"/>
         <nite:child href="Bmr015.B.segs.xml#id(Bmr015.segment.762)..id(Bmr015.segment.764)"/>
         <nite:child href="Bmr015.C.segs.xml#id(Bmr015.segment.765)"/>
         <nite:child href="Bmr015.E.segs.xml#id(Bmr015.segment.766)"/>
         <nite:child href="Bmr015.B.segs.xml#id(Bmr015.segment.767)"/>
         <nite:child href="Bmr015.G.segs.xml#id(Bmr015.segment.768)"/>
         <nite:child href="Bmr015.C.segs.xml#id(Bmr015.segment.769)"/>
      </topic>
   </topic>
   <topic nite:id="Bmr015.topic.13" description="update on transcriptions">
      <nite:child href="Bmr015.A.segs.xml#id(Bmr015.segment.770)..id(Bmr015.segment.772)"/>
      <nite:child href="Bmr015.B.segs.xml#id(Bmr015.segment.773)"/>
      <nite:child href="Bmr015.C.segs.xml#id(Bmr015.segment.774)"/>
      <nite:child href="Bmr015.F.segs.xml#id(Bmr015.segment.775)"/>
      <nite:child href="Bmr015.E.segs.xml#id(Bmr015.segment.776)"/>
      <nite:child href="Bmr015.F.segs.xml#id(Bmr015.segment.777)..id(Bmr015.segment.779)"/>
      <nite:child href="Bmr015.G.segs.xml#id(Bmr015.segment.780)"/>
      <topic nite:id="Bmr015.topic.14" description="channel-by-channel transcriptions">
         <nite:child href="Bmr015.F.segs.xml#id(Bmr015.segment.781)..id(Bmr015.segment.794)"/>
         <nite:child href="Bmr015.A.segs.xml#id(Bmr015.segment.795)"/>
         <nite:child href="Bmr015.F.segs.xml#id(Bmr015.segment.796)..id(Bmr015.segment.797)"/>
         <nite:child href="Bmr015.C.segs.xml#id(Bmr015.segment.798)"/>
         <nite:child href="Bmr015.F.segs.xml#id(Bmr015.segment.799)"/>
         <nite:child href="Bmr015.A.segs.xml#id(Bmr015.segment.800)..id(Bmr015.segment.806)"/>
         <nite:child href="Bmr015.F.segs.xml#id(Bmr015.segment.807)..id(Bmr015.segment.813)"/>
         <nite:child href="Bmr015.A.segs.xml#id(Bmr015.segment.814)..id(Bmr015.segment.815)"/>
         <nite:child href="Bmr015.F.segs.xml#id(Bmr015.segment.816)"/>
         <nite:child href="Bmr015.A.segs.xml#id(Bmr015.segment.817)"/>
         <nite:child href="Bmr015.F.segs.xml#id(Bmr015.segment.818)..id(Bmr015.segment.820)"/>
         <nite:child href="Bmr015.E.segs.xml#id(Bmr015.segment.821)"/>
         <nite:child href="Bmr015.F.segs.xml#id(Bmr015.segment.822)"/>
         <nite:child href="Bmr015.A.segs.xml#id(Bmr015.segment.823)"/>
         <nite:child href="Bmr015.F.segs.xml#id(Bmr015.segment.824)..id(Bmr015.segment.835)"/>
         <nite:child href="Bmr015.A.segs.xml#id(Bmr015.segment.836)"/>
         <nite:child href="Bmr015.F.segs.xml#id(Bmr015.segment.837)"/>
         <topic nite:id="Bmr015.topic.15" description="overlooking backchannels">
            <nite:child href="Bmr015.F.segs.xml#id(Bmr015.segment.838)..id(Bmr015.segment.839)"/>
            <nite:child href="Bmr015.A.segs.xml#id(Bmr015.segment.840)..id(Bmr015.segment.841)"/>
            <nite:child href="Bmr015.F.segs.xml#id(Bmr015.segment.842)..id(Bmr015.segment.848)"/>
            <nite:child href="Bmr015.E.segs.xml#id(Bmr015.segment.849)..id(Bmr015.segment.851)"/>
            <nite:child href="Bmr015.F.segs.xml#id(Bmr015.segment.852)..id(Bmr015.segment.854)"/>
            <nite:child href="Bmr015.E.segs.xml#id(Bmr015.segment.855)"/>
            <nite:child href="Bmr015.F.segs.xml#id(Bmr015.segment.856)"/>
            <nite:child href="Bmr015.E.segs.xml#id(Bmr015.segment.857)"/>
            <nite:child href="Bmr015.F.segs.xml#id(Bmr015.segment.858)"/>
            <nite:child href="Bmr015.E.segs.xml#id(Bmr015.segment.859)"/>
            <nite:child href="Bmr015.F.segs.xml#id(Bmr015.segment.860)"/>
         </topic>
      </topic>
      <nite:child href="Bmr015.F.segs.xml#id(Bmr015.segment.861)..id(Bmr015.segment.863)"/>
      <nite:child href="Bmr015.E.segs.xml#id(Bmr015.segment.864)"/>
      <nite:child href="Bmr015.F.segs.xml#id(Bmr015.segment.865)"/>
      <nite:child href="Bmr015.B.segs.xml#id(Bmr015.segment.866)"/>
      <nite:child href="Bmr015.C.segs.xml#id(Bmr015.segment.867)"/>
      <nite:child href="Bmr015.G.segs.xml#id(Bmr015.segment.868)"/>
      <nite:child href="Bmr015.E.segs.xml#id(Bmr015.segment.869)"/>
      <nite:child href="Bmr015.A.segs.xml#id(Bmr015.segment.870)"/>
      <nite:child href="Bmr015.D.segs.xml#id(Bmr015.segment.871)"/>
      <nite:child href="Bmr015.F.segs.xml#id(Bmr015.segment.872)..id(Bmr015.segment.873)"/>
      <nite:child href="Bmr015.A.segs.xml#id(Bmr015.segment.874)..id(Bmr015.segment.875)"/>
   </topic>
   <topic nite:id="Bmr015.topic.16" description="update from Jose, distinguishing frequency harmonics">
      <nite:child href="Bmr015.A.segs.xml#id(Bmr015.segment.876)..id(Bmr015.segment.877)"/>
      <nite:child href="Bmr015.C.segs.xml#id(Bmr015.segment.878)"/>
      <nite:child href="Bmr015.A.segs.xml#id(Bmr015.segment.879)..id(Bmr015.segment.880)"/>
      <nite:child href="Bmr015.F.segs.xml#id(Bmr015.segment.881)"/>
      <nite:child href="Bmr015.C.segs.xml#id(Bmr015.segment.882)"/>
      <nite:child href="Bmr015.A.segs.xml#id(Bmr015.segment.883)"/>
      <nite:child href="Bmr015.C.segs.xml#id(Bmr015.segment.884)..id(Bmr015.segment.887)"/>
      <nite:child href="Bmr015.A.segs.xml#id(Bmr015.segment.888)"/>
      <nite:child href="Bmr015.C.segs.xml#id(Bmr015.segment.889)..id(Bmr015.segment.896)"/>
      <nite:child href="Bmr015.A.segs.xml#id(Bmr015.segment.897)"/>
      <nite:child href="Bmr015.C.segs.xml#id(Bmr015.segment.898)..id(Bmr015.segment.904)"/>
      <nite:child href="Bmr015.A.segs.xml#id(Bmr015.segment.905)"/>
      <nite:child href="Bmr015.C.segs.xml#id(Bmr015.segment.906)..id(Bmr015.segment.941)"/>
      <nite:child href="Bmr015.A.segs.xml#id(Bmr015.segment.942)"/>
      <nite:child href="Bmr015.C.segs.xml#id(Bmr015.segment.943)..id(Bmr015.segment.948)"/>
      <nite:child href="Bmr015.A.segs.xml#id(Bmr015.segment.949)"/>
      <nite:child href="Bmr015.C.segs.xml#id(Bmr015.segment.950)..id(Bmr015.segment.953)"/>
      <nite:child href="Bmr015.A.segs.xml#id(Bmr015.segment.954)..id(Bmr015.segment.956)"/>
      <nite:child href="Bmr015.C.segs.xml#id(Bmr015.segment.957)..id(Bmr015.segment.959)"/>
      <nite:child href="Bmr015.A.segs.xml#id(Bmr015.segment.960)..id(Bmr015.segment.961)"/>
      <nite:child href="Bmr015.C.segs.xml#id(Bmr015.segment.962)..id(Bmr015.segment.966)"/>
      <nite:child href="Bmr015.A.segs.xml#id(Bmr015.segment.967)"/>
      <nite:child href="Bmr015.C.segs.xml#id(Bmr015.segment.968)"/>
      <nite:child href="Bmr015.E.segs.xml#id(Bmr015.segment.969)"/>
      <nite:child href="Bmr015.D.segs.xml#id(Bmr015.segment.970)"/>
      <nite:child href="Bmr015.C.segs.xml#id(Bmr015.segment.971)"/>
      <nite:child href="Bmr015.A.segs.xml#id(Bmr015.segment.972)"/>
      <nite:child href="Bmr015.B.segs.xml#id(Bmr015.segment.973)"/>
      <nite:child href="Bmr015.G.segs.xml#id(Bmr015.segment.974)"/>
      <nite:child href="Bmr015.C.segs.xml#id(Bmr015.segment.975)"/>
      <nite:child href="Bmr015.G.segs.xml#id(Bmr015.segment.976)"/>
      <nite:child href="Bmr015.C.segs.xml#id(Bmr015.segment.977)"/>
      <nite:child href="Bmr015.G.segs.xml#id(Bmr015.segment.978)"/>
      <nite:child href="Bmr015.C.segs.xml#id(Bmr015.segment.979)"/>
      <nite:child href="Bmr015.A.segs.xml#id(Bmr015.segment.980)"/>
      <nite:child href="Bmr015.C.segs.xml#id(Bmr015.segment.981)"/>
      <nite:child href="Bmr015.G.segs.xml#id(Bmr015.segment.982)"/>
      <nite:child href="Bmr015.C.segs.xml#id(Bmr015.segment.983)..id(Bmr015.segment.985)"/>
      <nite:child href="Bmr015.F.segs.xml#id(Bmr015.segment.986)"/>
      <nite:child href="Bmr015.A.segs.xml#id(Bmr015.segment.987)"/>
      <nite:child href="Bmr015.C.segs.xml#id(Bmr015.segment.988)..id(Bmr015.segment.997)"/>
      <nite:child href="Bmr015.A.segs.xml#id(Bmr015.segment.998)"/>
      <nite:child href="Bmr015.C.segs.xml#id(Bmr015.segment.999)..id(Bmr015.segment.1,003)"/>
      <nite:child href="Bmr015.A.segs.xml#id(Bmr015.segment.1,004)"/>
      <nite:child href="Bmr015.C.segs.xml#id(Bmr015.segment.1,005)..id(Bmr015.segment.1,018)"/>
      <nite:child href="Bmr015.A.segs.xml#id(Bmr015.segment.1,019)"/>
      <nite:child href="Bmr015.C.segs.xml#id(Bmr015.segment.1,020)"/>
      <nite:child href="Bmr015.A.segs.xml#id(Bmr015.segment.1,021)..id(Bmr015.segment.1,024)"/>
      <nite:child href="Bmr015.C.segs.xml#id(Bmr015.segment.1,025)"/>
      <nite:child href="Bmr015.A.segs.xml#id(Bmr015.segment.1,026)..id(Bmr015.segment.1,029)"/>
      <nite:child href="Bmr015.C.segs.xml#id(Bmr015.segment.1,030)"/>
      <nite:child href="Bmr015.A.segs.xml#id(Bmr015.segment.1,031)..id(Bmr015.segment.1,045)"/>
      <nite:child href="Bmr015.C.segs.xml#id(Bmr015.segment.1,046)"/>
      <nite:child href="Bmr015.A.segs.xml#id(Bmr015.segment.1,047)"/>
      <nite:child href="Bmr015.C.segs.xml#id(Bmr015.segment.1,048)"/>
      <nite:child href="Bmr015.A.segs.xml#id(Bmr015.segment.1,049)..id(Bmr015.segment.1,050)"/>
      <nite:child href="Bmr015.C.segs.xml#id(Bmr015.segment.1,051)"/>
      <nite:child href="Bmr015.G.segs.xml#id(Bmr015.segment.1,052)"/>
      <nite:child href="Bmr015.C.segs.xml#id(Bmr015.segment.1,053)"/>
      <nite:child href="Bmr015.G.segs.xml#id(Bmr015.segment.1,054)"/>
      <nite:child href="Bmr015.C.segs.xml#id(Bmr015.segment.1,055)"/>
      <nite:child href="Bmr015.A.segs.xml#id(Bmr015.segment.1,056)"/>
      <nite:child href="Bmr015.C.segs.xml#id(Bmr015.segment.1,057)..id(Bmr015.segment.1,058)"/>
      <nite:child href="Bmr015.A.segs.xml#id(Bmr015.segment.1,059)"/>
      <nite:child href="Bmr015.C.segs.xml#id(Bmr015.segment.1,060)"/>
      <nite:child href="Bmr015.E.segs.xml#id(Bmr015.segment.1,061)"/>
      <nite:child href="Bmr015.C.segs.xml#id(Bmr015.segment.1,062)..id(Bmr015.segment.1,064)"/>
      <nite:child href="Bmr015.G.segs.xml#id(Bmr015.segment.1,065)..id(Bmr015.segment.1,073)"/>
      <nite:child href="Bmr015.A.segs.xml#id(Bmr015.segment.1,074)"/>
      <nite:child href="Bmr015.C.segs.xml#id(Bmr015.segment.1,075)"/>
      <nite:child href="Bmr015.G.segs.xml#id(Bmr015.segment.1,076)..id(Bmr015.segment.1,078)"/>
      <nite:child href="Bmr015.A.segs.xml#id(Bmr015.segment.1,079)..id(Bmr015.segment.1,081)"/>
      <nite:child href="Bmr015.G.segs.xml#id(Bmr015.segment.1,082)..id(Bmr015.segment.1,084)"/>
      <nite:child href="Bmr015.E.segs.xml#id(Bmr015.segment.1,083)"/>
      <nite:child href="Bmr015.G.segs.xml#id(Bmr015.segment.1,085)"/>
      <nite:child href="Bmr015.A.segs.xml#id(Bmr015.segment.1,086)"/>
      <nite:child href="Bmr015.G.segs.xml#id(Bmr015.segment.1,087)"/>
      <nite:child href="Bmr015.A.segs.xml#id(Bmr015.segment.1,088)..id(Bmr015.segment.1,090)"/>
      <nite:child href="Bmr015.C.segs.xml#id(Bmr015.segment.1,091)"/>
      <nite:child href="Bmr015.G.segs.xml#id(Bmr015.segment.1,092)"/>
      <nite:child href="Bmr015.B.segs.xml#id(Bmr015.segment.1,093)"/>
      <nite:child href="Bmr015.A.segs.xml#id(Bmr015.segment.1,094)"/>
      <nite:child href="Bmr015.C.segs.xml#id(Bmr015.segment.1,095)"/>
      <nite:child href="Bmr015.A.segs.xml#id(Bmr015.segment.1,096)"/>
      <nite:child href="Bmr015.B.segs.xml#id(Bmr015.segment.1,097)"/>
      <nite:child href="Bmr015.A.segs.xml#id(Bmr015.segment.1,098)..id(Bmr015.segment.1,099)"/>
      <nite:child href="Bmr015.E.segs.xml#id(Bmr015.segment.1,100)"/>
      <nite:child href="Bmr015.A.segs.xml#id(Bmr015.segment.1,101)..id(Bmr015.segment.1,103)"/>
      <nite:child href="Bmr015.G.segs.xml#id(Bmr015.segment.1,102)"/>
      <nite:child href="Bmr015.F.segs.xml#id(Bmr015.segment.1,104)"/>
      <nite:child href="Bmr015.A.segs.xml#id(Bmr015.segment.1,105)..id(Bmr015.segment.1,107)"/>
      <nite:child href="Bmr015.G.segs.xml#id(Bmr015.segment.1,108)"/>
      <nite:child href="Bmr015.A.segs.xml#id(Bmr015.segment.1,109)..id(Bmr015.segment.1,111)"/>
      <nite:child href="Bmr015.B.segs.xml#id(Bmr015.segment.1,112)"/>
      <nite:child href="Bmr015.A.segs.xml#id(Bmr015.segment.1,113)..id(Bmr015.segment.1,118)"/>
      <nite:child href="Bmr015.C.segs.xml#id(Bmr015.segment.1,119)"/>
      <nite:child href="Bmr015.A.segs.xml#id(Bmr015.segment.1,120)..id(Bmr015.segment.1,126)"/>
      <nite:child href="Bmr015.F.segs.xml#id(Bmr015.segment.1,127)"/>
      <nite:child href="Bmr015.D.segs.xml#id(Bmr015.segment.1,129)"/>
      <nite:child href="Bmr015.A.segs.xml#id(Bmr015.segment.1,128)"/>
      <nite:child href="Bmr015.G.segs.xml#id(Bmr015.segment.1,130)"/>
      <nite:child href="Bmr015.A.segs.xml#id(Bmr015.segment.1,131)..id(Bmr015.segment.1,136)"/>
      <nite:child href="Bmr015.D.segs.xml#id(Bmr015.segment.1,137)"/>
      <nite:child href="Bmr015.A.segs.xml#id(Bmr015.segment.1,138)..id(Bmr015.segment.1,144)"/>
      <nite:child href="Bmr015.C.segs.xml#id(Bmr015.segment.1,145)..id(Bmr015.segment.1,163)"/>
      <nite:child href="Bmr015.A.segs.xml#id(Bmr015.segment.1,164)"/>
      <nite:child href="Bmr015.C.segs.xml#id(Bmr015.segment.1,165)..id(Bmr015.segment.1,170)"/>
      <nite:child href="Bmr015.A.segs.xml#id(Bmr015.segment.1,171)..id(Bmr015.segment.1,172)"/>
      <nite:child href="Bmr015.C.segs.xml#id(Bmr015.segment.1,173)"/>
      <nite:child href="Bmr015.A.segs.xml#id(Bmr015.segment.1,174)"/>
      <nite:child href="Bmr015.F.segs.xml#id(Bmr015.segment.1,176)"/>
      <nite:child href="Bmr015.A.segs.xml#id(Bmr015.segment.1,175)"/>
      <nite:child href="Bmr015.F.segs.xml#id(Bmr015.segment.1,177)"/>
      <nite:child href="Bmr015.A.segs.xml#id(Bmr015.segment.1,178)"/>
      <nite:child href="Bmr015.F.segs.xml#id(Bmr015.segment.1,179)"/>
      <nite:child href="Bmr015.A.segs.xml#id(Bmr015.segment.1,180)"/>
      <nite:child href="Bmr015.F.segs.xml#id(Bmr015.segment.1,181)"/>
      <nite:child href="Bmr015.A.segs.xml#id(Bmr015.segment.1,182)..id(Bmr015.segment.1,183)"/>
      <nite:child href="Bmr015.C.segs.xml#id(Bmr015.segment.1,184)"/>
      <nite:child href="Bmr015.F.segs.xml#id(Bmr015.segment.1,185)"/>
      <nite:child href="Bmr015.C.segs.xml#id(Bmr015.segment.1,186)"/>
      <nite:child href="Bmr015.A.segs.xml#id(Bmr015.segment.1,187)..id(Bmr015.segment.1,192)"/>
      <nite:child href="Bmr015.C.segs.xml#id(Bmr015.segment.1,193)"/>
      <nite:child href="Bmr015.A.segs.xml#id(Bmr015.segment.1,194)"/>
      <nite:child href="Bmr015.F.segs.xml#id(Bmr015.segment.1,195)"/>
      <nite:child href="Bmr015.A.segs.xml#id(Bmr015.segment.1,196)..id(Bmr015.segment.1,198)"/>
      <nite:child href="Bmr015.C.segs.xml#id(Bmr015.segment.1,199)"/>
      <nite:child href="Bmr015.F.segs.xml#id(Bmr015.segment.1,200)"/>
      <nite:child href="Bmr015.A.segs.xml#id(Bmr015.segment.1,201)"/>
      <nite:child href="Bmr015.C.segs.xml#id(Bmr015.segment.1,202)"/>
      <nite:child href="Bmr015.F.segs.xml#id(Bmr015.segment.1,203)"/>
      <nite:child href="Bmr015.C.segs.xml#id(Bmr015.segment.1,204)..id(Bmr015.segment.1,208)"/>
      <nite:child href="Bmr015.F.segs.xml#id(Bmr015.segment.1,209)"/>
      <nite:child href="Bmr015.C.segs.xml#id(Bmr015.segment.1,210)..id(Bmr015.segment.1,213)"/>
      <nite:child href="Bmr015.A.segs.xml#id(Bmr015.segment.1,214)..id(Bmr015.segment.1,215)"/>
      <nite:child href="Bmr015.F.segs.xml#id(Bmr015.segment.1,216)"/>
      <nite:child href="Bmr015.A.segs.xml#id(Bmr015.segment.1,217)..id(Bmr015.segment.1,222)"/>
      <nite:child href="Bmr015.F.segs.xml#id(Bmr015.segment.1,223)"/>
      <nite:child href="Bmr015.C.segs.xml#id(Bmr015.segment.1,224)"/>
      <nite:child href="Bmr015.A.segs.xml#id(Bmr015.segment.1,226)"/>
      <nite:child href="Bmr015.C.segs.xml#id(Bmr015.segment.1,225)"/>
      <nite:child href="Bmr015.A.segs.xml#id(Bmr015.segment.1,227)"/>
      <nite:child href="Bmr015.C.segs.xml#id(Bmr015.segment.1,228)..id(Bmr015.segment.1,229)"/>
      <nite:child href="Bmr015.A.segs.xml#id(Bmr015.segment.1,230)"/>
      <nite:child href="Bmr015.C.segs.xml#id(Bmr015.segment.1,231)"/>
      <nite:child href="Bmr015.F.segs.xml#id(Bmr015.segment.1,232)"/>
      <nite:child href="Bmr015.C.segs.xml#id(Bmr015.segment.1,233)..id(Bmr015.segment.1,237)"/>
      <nite:child href="Bmr015.A.segs.xml#id(Bmr015.segment.1,238)"/>
      <nite:child href="Bmr015.F.segs.xml#id(Bmr015.segment.1,239)"/>
      <nite:child href="Bmr015.C.segs.xml#id(Bmr015.segment.1,240)"/>
      <nite:child href="Bmr015.A.segs.xml#id(Bmr015.segment.1,241)"/>
      <nite:child href="Bmr015.C.segs.xml#id(Bmr015.segment.1,242)..id(Bmr015.segment.1,244)"/>
      <nite:child href="Bmr015.F.segs.xml#id(Bmr015.segment.1,245)"/>
      <nite:child href="Bmr015.C.segs.xml#id(Bmr015.segment.1,246)..id(Bmr015.segment.1,254)"/>
      <nite:child href="Bmr015.A.segs.xml#id(Bmr015.segment.1,255)"/>
      <nite:child href="Bmr015.C.segs.xml#id(Bmr015.segment.1,256)..id(Bmr015.segment.1,260)"/>
      <nite:child href="Bmr015.F.segs.xml#id(Bmr015.segment.1,261)"/>
      <nite:child href="Bmr015.C.segs.xml#id(Bmr015.segment.1,262)..id(Bmr015.segment.1,263)"/>
      <nite:child href="Bmr015.A.segs.xml#id(Bmr015.segment.1,264)"/>
      <nite:child href="Bmr015.C.segs.xml#id(Bmr015.segment.1,265)"/>
      <nite:child href="Bmr015.F.segs.xml#id(Bmr015.segment.1,266)"/>
      <nite:child href="Bmr015.C.segs.xml#id(Bmr015.segment.1,267)..id(Bmr015.segment.1,269)"/>
      <nite:child href="Bmr015.F.segs.xml#id(Bmr015.segment.1,270)"/>
      <nite:child href="Bmr015.C.segs.xml#id(Bmr015.segment.1,271)..id(Bmr015.segment.1,276)"/>
      <nite:child href="Bmr015.A.segs.xml#id(Bmr015.segment.1,277)"/>
      <nite:child href="Bmr015.F.segs.xml#id(Bmr015.segment.1,278)"/>
      <nite:child href="Bmr015.D.segs.xml#id(Bmr015.segment.1,279)"/>
      <nite:child href="Bmr015.A.segs.xml#id(Bmr015.segment.1,280)..id(Bmr015.segment.1,282)"/>
      <nite:child href="Bmr015.C.segs.xml#id(Bmr015.segment.1,283)..id(Bmr015.segment.1,285)"/>
      <nite:child href="Bmr015.A.segs.xml#id(Bmr015.segment.1,286)"/>
      <nite:child href="Bmr015.C.segs.xml#id(Bmr015.segment.1,287)"/>
      <nite:child href="Bmr015.F.segs.xml#id(Bmr015.segment.1,288)"/>
      <nite:child href="Bmr015.C.segs.xml#id(Bmr015.segment.1,289)"/>
      <nite:child href="Bmr015.B.segs.xml#id(Bmr015.segment.1,290)"/>
      <nite:child href="Bmr015.C.segs.xml#id(Bmr015.segment.1,291)"/>
      <nite:child href="Bmr015.A.segs.xml#id(Bmr015.segment.1,292)"/>
      <nite:child href="Bmr015.C.segs.xml#id(Bmr015.segment.1,293)..id(Bmr015.segment.1,294)"/>
      <nite:child href="Bmr015.A.segs.xml#id(Bmr015.segment.1,295)"/>
      <nite:child href="Bmr015.C.segs.xml#id(Bmr015.segment.1,296)..id(Bmr015.segment.1,300)"/>
      <nite:child href="Bmr015.A.segs.xml#id(Bmr015.segment.1,301)"/>
      <nite:child href="Bmr015.C.segs.xml#id(Bmr015.segment.1,302)"/>
      <nite:child href="Bmr015.A.segs.xml#id(Bmr015.segment.1,303)"/>
      <nite:child href="Bmr015.C.segs.xml#id(Bmr015.segment.1,304)..id(Bmr015.segment.1,307)"/>
      <nite:child href="Bmr015.A.segs.xml#id(Bmr015.segment.1,308)"/>
      <nite:child href="Bmr015.C.segs.xml#id(Bmr015.segment.1,309)..id(Bmr015.segment.1,312)"/>
      <nite:child href="Bmr015.A.segs.xml#id(Bmr015.segment.1,313)"/>
      <nite:child href="Bmr015.C.segs.xml#id(Bmr015.segment.1,314)..id(Bmr015.segment.1,324)"/>
      <nite:child href="Bmr015.A.segs.xml#id(Bmr015.segment.1,325)"/>
      <nite:child href="Bmr015.C.segs.xml#id(Bmr015.segment.1,326)"/>
      <nite:child href="Bmr015.A.segs.xml#id(Bmr015.segment.1,327)"/>
      <nite:child href="Bmr015.C.segs.xml#id(Bmr015.segment.1,328)..id(Bmr015.segment.1,335)"/>
      <nite:child href="Bmr015.F.segs.xml#id(Bmr015.segment.1,336)"/>
      <nite:child href="Bmr015.C.segs.xml#id(Bmr015.segment.1,337)..id(Bmr015.segment.1,341)"/>
      <nite:child href="Bmr015.A.segs.xml#id(Bmr015.segment.1,342)"/>
      <nite:child href="Bmr015.C.segs.xml#id(Bmr015.segment.1,343)..id(Bmr015.segment.1,372)"/>
      <nite:child href="Bmr015.D.segs.xml#id(Bmr015.segment.1,373)"/>
      <nite:child href="Bmr015.A.segs.xml#id(Bmr015.segment.1,374)..id(Bmr015.segment.1,375)"/>
      <nite:child href="Bmr015.C.segs.xml#id(Bmr015.segment.1,376)..id(Bmr015.segment.1,377)"/>
      <nite:child href="Bmr015.A.segs.xml#id(Bmr015.segment.1,378)..id(Bmr015.segment.1,381)"/>
      <nite:child href="Bmr015.C.segs.xml#id(Bmr015.segment.1,382)"/>
   </topic>
   <topic nite:id="Bmr015.topic.17" description="audible breaths, transcriptions">
      <nite:child href="Bmr015.A.segs.xml#id(Bmr015.segment.1,383)"/>
      <nite:child href="Bmr015.F.segs.xml#id(Bmr015.segment.1,384)"/>
      <nite:child href="Bmr015.D.segs.xml#id(Bmr015.segment.1,385)"/>
      <nite:child href="Bmr015.F.segs.xml#id(Bmr015.segment.1,386)..id(Bmr015.segment.1,389)"/>
      <nite:child href="Bmr015.E.segs.xml#id(Bmr015.segment.1,390)"/>
      <nite:child href="Bmr015.F.segs.xml#id(Bmr015.segment.1,391)..id(Bmr015.segment.1,392)"/>
      <nite:child href="Bmr015.E.segs.xml#id(Bmr015.segment.1,393)"/>
      <nite:child href="Bmr015.F.segs.xml#id(Bmr015.segment.1,394)..id(Bmr015.segment.1,396)"/>
      <nite:child href="Bmr015.E.segs.xml#id(Bmr015.segment.1,397)"/>
      <nite:child href="Bmr015.F.segs.xml#id(Bmr015.segment.1,398)"/>
      <nite:child href="Bmr015.A.segs.xml#id(Bmr015.segment.1,399)"/>
      <nite:child href="Bmr015.G.segs.xml#id(Bmr015.segment.1,400)"/>
      <nite:child href="Bmr015.A.segs.xml#id(Bmr015.segment.1,401)"/>
      <nite:child href="Bmr015.E.segs.xml#id(Bmr015.segment.1,402)"/>
      <nite:child href="Bmr015.F.segs.xml#id(Bmr015.segment.1,403)..id(Bmr015.segment.1,404)"/>
      <nite:child href="Bmr015.E.segs.xml#id(Bmr015.segment.1,405)"/>
      <nite:child href="Bmr015.F.segs.xml#id(Bmr015.segment.1,406)"/>
      <nite:child href="Bmr015.A.segs.xml#id(Bmr015.segment.1,407)"/>
      <nite:child href="Bmr015.F.segs.xml#id(Bmr015.segment.1,408)"/>
      <nite:child href="Bmr015.A.segs.xml#id(Bmr015.segment.1,409)"/>
      <nite:child href="Bmr015.F.segs.xml#id(Bmr015.segment.1,410)"/>
      <nite:child href="Bmr015.C.segs.xml#id(Bmr015.segment.1,411)"/>
      <nite:child href="Bmr015.E.segs.xml#id(Bmr015.segment.1,412)"/>
      <nite:child href="Bmr015.D.segs.xml#id(Bmr015.segment.1,413)"/>
      <nite:child href="Bmr015.A.segs.xml#id(Bmr015.segment.1,414)"/>
      <nite:child href="Bmr015.C.segs.xml#id(Bmr015.segment.1,415)"/>
      <nite:child href="Bmr015.A.segs.xml#id(Bmr015.segment.1,416)"/>
      <nite:child href="Bmr015.F.segs.xml#id(Bmr015.segment.1,417)..id(Bmr015.segment.1,419)"/>
      <nite:child href="Bmr015.A.segs.xml#id(Bmr015.segment.1,420)"/>
      <nite:child href="Bmr015.F.segs.xml#id(Bmr015.segment.1,421)"/>
      <nite:child href="Bmr015.B.segs.xml#id(Bmr015.segment.1,422)"/>
      <nite:child href="Bmr015.G.segs.xml#id(Bmr015.segment.1,423)"/>
      <nite:child href="Bmr015.E.segs.xml#id(Bmr015.segment.1,424)"/>
      <nite:child href="Bmr015.C.segs.xml#id(Bmr015.segment.1,426)"/>
      <nite:child href="Bmr015.B.segs.xml#id(Bmr015.segment.1,425)"/>
      <nite:child href="Bmr015.E.segs.xml#id(Bmr015.segment.1,427)..id(Bmr015.segment.1,428)"/>
      <nite:child href="Bmr015.B.segs.xml#id(Bmr015.segment.1,429)..id(Bmr015.segment.1,430)"/>
      <nite:child href="Bmr015.F.segs.xml#id(Bmr015.segment.1,431)"/>
      <nite:child href="Bmr015.B.segs.xml#id(Bmr015.segment.1,432)"/>
      <nite:child href="Bmr015.F.segs.xml#id(Bmr015.segment.1,433)"/>
      <nite:child href="Bmr015.B.segs.xml#id(Bmr015.segment.1,434)..id(Bmr015.segment.1,436)"/>
      <nite:child href="Bmr015.F.segs.xml#id(Bmr015.segment.1,437)"/>
      <nite:child href="Bmr015.A.segs.xml#id(Bmr015.segment.1,438)..id(Bmr015.segment.1,442)"/>
      <nite:child href="Bmr015.F.segs.xml#id(Bmr015.segment.1,443)"/>
      <nite:child href="Bmr015.A.segs.xml#id(Bmr015.segment.1,444)..id(Bmr015.segment.1,448)"/>
      <nite:child href="Bmr015.C.segs.xml#id(Bmr015.segment.1,449)"/>
      <nite:child href="Bmr015.A.segs.xml#id(Bmr015.segment.1,450)..id(Bmr015.segment.1,452)"/>
      <nite:child href="Bmr015.F.segs.xml#id(Bmr015.segment.1,453)"/>
      <nite:child href="Bmr015.A.segs.xml#id(Bmr015.segment.1,454)"/>
      <nite:child href="Bmr015.F.segs.xml#id(Bmr015.segment.1,455)..id(Bmr015.segment.1,456)"/>
      <nite:child href="Bmr015.G.segs.xml#id(Bmr015.segment.1,457)"/>
      <nite:child href="Bmr015.F.segs.xml#id(Bmr015.segment.1,458)..id(Bmr015.segment.1,459)"/>
      <nite:child href="Bmr015.A.segs.xml#id(Bmr015.segment.1,460)"/>
      <nite:child href="Bmr015.F.segs.xml#id(Bmr015.segment.1,461)"/>
      <nite:child href="Bmr015.A.segs.xml#id(Bmr015.segment.1,462)"/>
      <nite:child href="Bmr015.F.segs.xml#id(Bmr015.segment.1,463)"/>
      <nite:child href="Bmr015.A.segs.xml#id(Bmr015.segment.1,464)"/>
      <nite:child href="Bmr015.F.segs.xml#id(Bmr015.segment.1,465)"/>
      <nite:child href="Bmr015.D.segs.xml#id(Bmr015.segment.1,466)"/>
      <nite:child href="Bmr015.F.segs.xml#id(Bmr015.segment.1,467)..id(Bmr015.segment.1,468)"/>
      <nite:child href="Bmr015.C.segs.xml#id(Bmr015.segment.1,469)"/>
      <nite:child href="Bmr015.F.segs.xml#id(Bmr015.segment.1,470)..id(Bmr015.segment.1,473)"/>
      <nite:child href="Bmr015.B.segs.xml#id(Bmr015.segment.1,474)..id(Bmr015.segment.1,476)"/>
      <nite:child href="Bmr015.F.segs.xml#id(Bmr015.segment.1,477)"/>
      <nite:child href="Bmr015.B.segs.xml#id(Bmr015.segment.1,478)"/>
      <nite:child href="Bmr015.C.segs.xml#id(Bmr015.segment.1,479)"/>
      <nite:child href="Bmr015.F.segs.xml#id(Bmr015.segment.1,480)"/>
      <nite:child href="Bmr015.B.segs.xml#id(Bmr015.segment.1,481)"/>
      <nite:child href="Bmr015.F.segs.xml#id(Bmr015.segment.1,482)"/>
      <nite:child href="Bmr015.E.segs.xml#id(Bmr015.segment.1,483)"/>
      <nite:child href="Bmr015.A.segs.xml#id(Bmr015.segment.1,485)"/>
      <nite:child href="Bmr015.C.segs.xml#id(Bmr015.segment.1,484)"/>
      <nite:child href="Bmr015.E.segs.xml#id(Bmr015.segment.1,486)"/>
      <nite:child href="Bmr015.A.segs.xml#id(Bmr015.segment.1,487)"/>
      <nite:child href="Bmr015.F.segs.xml#id(Bmr015.segment.1,488)..id(Bmr015.segment.1,490)"/>
      <nite:child href="Bmr015.A.segs.xml#id(Bmr015.segment.1,489)"/>
      <nite:child href="Bmr015.F.segs.xml#id(Bmr015.segment.1,491)..id(Bmr015.segment.1,492)"/>
      <nite:child href="Bmr015.A.segs.xml#id(Bmr015.segment.1,493)..id(Bmr015.segment.1,503)"/>
      <nite:child href="Bmr015.F.segs.xml#id(Bmr015.segment.1,504)"/>
      <nite:child href="Bmr015.A.segs.xml#id(Bmr015.segment.1,505)"/>
      <nite:child href="Bmr015.G.segs.xml#id(Bmr015.segment.1,506)"/>
      <nite:child href="Bmr015.A.segs.xml#id(Bmr015.segment.1,507)..id(Bmr015.segment.1,509)"/>
      <nite:child href="Bmr015.F.segs.xml#id(Bmr015.segment.1,510)"/>
      <nite:child href="Bmr015.A.segs.xml#id(Bmr015.segment.1,511)..id(Bmr015.segment.1,517)"/>
      <nite:child href="Bmr015.B.segs.xml#id(Bmr015.segment.1,518)"/>
      <nite:child href="Bmr015.G.segs.xml#id(Bmr015.segment.1,519)"/>
      <nite:child href="Bmr015.A.segs.xml#id(Bmr015.segment.1,520)..id(Bmr015.segment.1,521)"/>
      <nite:child href="Bmr015.C.segs.xml#id(Bmr015.segment.1,522)"/>
      <nite:child href="Bmr015.E.segs.xml#id(Bmr015.segment.1,523)"/>
      <nite:child href="Bmr015.A.segs.xml#id(Bmr015.segment.1,524)..id(Bmr015.segment.1,526)"/>
      <nite:child href="Bmr015.D.segs.xml#id(Bmr015.segment.1,527)"/>
      <nite:child href="Bmr015.G.segs.xml#id(Bmr015.segment.1,528)..id(Bmr015.segment.1,532)"/>
      <nite:child href="Bmr015.E.segs.xml#id(Bmr015.segment.1,533)"/>
      <nite:child href="Bmr015.G.segs.xml#id(Bmr015.segment.1,534)"/>
      <nite:child href="Bmr015.F.segs.xml#id(Bmr015.segment.1,535)"/>
      <nite:child href="Bmr015.E.segs.xml#id(Bmr015.segment.1,536)"/>
      <nite:child href="Bmr015.G.segs.xml#id(Bmr015.segment.1,537)..id(Bmr015.segment.1,539)"/>
      <nite:child href="Bmr015.E.segs.xml#id(Bmr015.segment.1,540)"/>
      <nite:child href="Bmr015.G.segs.xml#id(Bmr015.segment.1,541)..id(Bmr015.segment.1,545)"/>
      <nite:child href="Bmr015.F.segs.xml#id(Bmr015.segment.1,546)"/>
      <nite:child href="Bmr015.A.segs.xml#id(Bmr015.segment.1,547)"/>
      <nite:child href="Bmr015.G.segs.xml#id(Bmr015.segment.1,548)"/>
      <nite:child href="Bmr015.A.segs.xml#id(Bmr015.segment.1,549)"/>
      <nite:child href="Bmr015.E.segs.xml#id(Bmr015.segment.1,550)..id(Bmr015.segment.1,551)"/>
      <nite:child href="Bmr015.A.segs.xml#id(Bmr015.segment.1,552)"/>
      <nite:child href="Bmr015.E.segs.xml#id(Bmr015.segment.1,553)"/>
      <nite:child href="Bmr015.G.segs.xml#id(Bmr015.segment.1,554)"/>
      <nite:child href="Bmr015.E.segs.xml#id(Bmr015.segment.1,555)"/>
      <nite:child href="Bmr015.A.segs.xml#id(Bmr015.segment.1,556)"/>
      <nite:child href="Bmr015.F.segs.xml#id(Bmr015.segment.1,557)"/>
      <nite:child href="Bmr015.A.segs.xml#id(Bmr015.segment.1,558)..id(Bmr015.segment.1,576)"/>
      <nite:child href="Bmr015.F.segs.xml#id(Bmr015.segment.1,577)"/>
      <nite:child href="Bmr015.A.segs.xml#id(Bmr015.segment.1,578)"/>
      <nite:child href="Bmr015.D.segs.xml#id(Bmr015.segment.1,579)"/>
      <nite:child href="Bmr015.A.segs.xml#id(Bmr015.segment.1,580)..id(Bmr015.segment.1,581)"/>
      <nite:child href="Bmr015.D.segs.xml#id(Bmr015.segment.1,582)"/>
      <nite:child href="Bmr015.A.segs.xml#id(Bmr015.segment.1,583)..id(Bmr015.segment.1,590)"/>
      <nite:child href="Bmr015.E.segs.xml#id(Bmr015.segment.1,591)"/>
      <nite:child href="Bmr015.B.segs.xml#id(Bmr015.segment.1,592)"/>
      <nite:child href="Bmr015.C.segs.xml#id(Bmr015.segment.1,593)"/>
      <nite:child href="Bmr015.A.segs.xml#id(Bmr015.segment.1,594)..id(Bmr015.segment.1,596)"/>
      <nite:child href="Bmr015.F.segs.xml#id(Bmr015.segment.1,597)..id(Bmr015.segment.1,601)"/>
      <nite:child href="Bmr015.C.segs.xml#id(Bmr015.segment.1,602)"/>
      <nite:child href="Bmr015.A.segs.xml#id(Bmr015.segment.1,603)..id(Bmr015.segment.1,605)"/>
      <nite:child href="Bmr015.F.segs.xml#id(Bmr015.segment.1,606)"/>
      <nite:child href="Bmr015.A.segs.xml#id(Bmr015.segment.1,607)..id(Bmr015.segment.1,613)"/>
      <nite:child href="Bmr015.F.segs.xml#id(Bmr015.segment.1,614)"/>
      <nite:child href="Bmr015.A.segs.xml#id(Bmr015.segment.1,615)"/>
      <nite:child href="Bmr015.F.segs.xml#id(Bmr015.segment.1,616)..id(Bmr015.segment.1,617)"/>
      <nite:child href="Bmr015.A.segs.xml#id(Bmr015.segment.1,618)..id(Bmr015.segment.1,619)"/>
      <nite:child href="Bmr015.G.segs.xml#id(Bmr015.segment.1,620)..id(Bmr015.segment.1,621)"/>
      <nite:child href="Bmr015.B.segs.xml#id(Bmr015.segment.1,622)"/>
      <nite:child href="Bmr015.A.segs.xml#id(Bmr015.segment.1,623)"/>
      <nite:child href="Bmr015.C.segs.xml#id(Bmr015.segment.1,624)"/>
      <nite:child href="Bmr015.G.segs.xml#id(Bmr015.segment.1,625)"/>
      <nite:child href="Bmr015.C.segs.xml#id(Bmr015.segment.1,626)"/>
      <nite:child href="Bmr015.A.segs.xml#id(Bmr015.segment.1,627)"/>
      <nite:child href="Bmr015.G.segs.xml#id(Bmr015.segment.1,628)..id(Bmr015.segment.1,630)"/>
      <nite:child href="Bmr015.F.segs.xml#id(Bmr015.segment.1,631)"/>
      <nite:child href="Bmr015.C.segs.xml#id(Bmr015.segment.1,632)"/>
      <nite:child href="Bmr015.G.segs.xml#id(Bmr015.segment.1,633)"/>
      <nite:child href="Bmr015.F.segs.xml#id(Bmr015.segment.1,634)"/>
   </topic>
   <topic nite:id="Bmr015.topic.18" description="closing">
      <nite:child href="Bmr015.A.segs.xml#id(Bmr015.segment.1,635)"/>
      <nite:child href="Bmr015.C.segs.xml#id(Bmr015.segment.1,636)"/>
      <nite:child href="Bmr015.B.segs.xml#id(Bmr015.segment.1,637)"/>
      <nite:child href="Bmr015.C.segs.xml#id(Bmr015.segment.1,739)"/>
      <nite:child href="Bmr015.B.segs.xml#id(Bmr015.segment.1,638)"/>
      <nite:child href="Bmr015.C.segs.xml#id(Bmr015.segment.1,639)"/>
      <topic nite:id="Bmr015.topic.19" description="digit task">
         <nite:child href="Bmr015.B.segs.xml#id(Bmr015.segment.1,640)"/>
         <nite:child href="Bmr015.F.segs.xml#id(Bmr015.segment.1,641)"/>
         <nite:child href="Bmr015.D.segs.xml#id(Bmr015.segment.1,642)"/>
         <nite:child href="Bmr015.B.segs.xml#id(Bmr015.segment.1,643)"/>
         <nite:child href="Bmr015.E.segs.xml#id(Bmr015.segment.1,644)"/>
         <nite:child href="Bmr015.B.segs.xml#id(Bmr015.segment.1,645)..id(Bmr015.segment.1,646)"/>
         <nite:child href="Bmr015.E.segs.xml#id(Bmr015.segment.1,647)"/>
         <nite:child href="Bmr015.B.segs.xml#id(Bmr015.segment.1,648)..id(Bmr015.segment.1,651)"/>
         <nite:child href="Bmr015.E.segs.xml#id(Bmr015.segment.1,652)"/>
         <nite:child href="Bmr015.B.segs.xml#id(Bmr015.segment.1,653)..id(Bmr015.segment.1,655)"/>
         <nite:child href="Bmr015.G.segs.xml#id(Bmr015.segment.1,656)..id(Bmr015.segment.1,657)"/>
         <nite:child href="Bmr015.E.segs.xml#id(Bmr015.segment.1,658)"/>
         <nite:child href="Bmr015.G.segs.xml#id(Bmr015.segment.1,659)..id(Bmr015.segment.1,660)"/>
         <nite:child href="Bmr015.C.segs.xml#id(Bmr015.segment.1,661)"/>
         <nite:child href="Bmr015.G.segs.xml#id(Bmr015.segment.1,662)..id(Bmr015.segment.1,667)"/>
         <nite:child href="Bmr015.E.segs.xml#id(Bmr015.segment.1,668)"/>
         <nite:child href="Bmr015.F.segs.xml#id(Bmr015.segment.1,669)"/>
         <nite:child href="Bmr015.G.segs.xml#id(Bmr015.segment.1,670)"/>
         <nite:child href="Bmr015.F.segs.xml#id(Bmr015.segment.1,671)"/>
         <nite:child href="Bmr015.C.segs.xml#id(Bmr015.segment.1,672)..id(Bmr015.segment.1,674)"/>
         <nite:child href="Bmr015.E.segs.xml#id(Bmr015.segment.1,675)"/>
         <nite:child href="Bmr015.C.segs.xml#id(Bmr015.segment.1,676)..id(Bmr015.segment.1,682)"/>
         <nite:child href="Bmr015.E.segs.xml#id(Bmr015.segment.1,683)"/>
         <nite:child href="Bmr015.C.segs.xml#id(Bmr015.segment.1,684)..id(Bmr015.segment.1,686)"/>
         <nite:child href="Bmr015.E.segs.xml#id(Bmr015.segment.1,687)..id(Bmr015.segment.1,693)"/>
         <nite:child href="Bmr015.F.segs.xml#id(Bmr015.segment.1,694)"/>
         <nite:child href="Bmr015.D.segs.xml#id(Bmr015.segment.1,695)"/>
         <nite:child href="Bmr015.E.segs.xml#id(Bmr015.segment.1,696)"/>
         <nite:child href="Bmr015.F.segs.xml#id(Bmr015.segment.1,697)"/>
         <nite:child href="Bmr015.E.segs.xml#id(Bmr015.segment.1,698)..id(Bmr015.segment.1,700)"/>
         <nite:child href="Bmr015.A.segs.xml#id(Bmr015.segment.1,701)..id(Bmr015.segment.1,702)"/>
         <nite:child href="Bmr015.F.segs.xml#id(Bmr015.segment.1,703)"/>
         <nite:child href="Bmr015.A.segs.xml#id(Bmr015.segment.1,704)"/>
         <nite:child href="Bmr015.F.segs.xml#id(Bmr015.segment.1,705)"/>
         <nite:child href="Bmr015.A.segs.xml#id(Bmr015.segment.1,706)"/>
         <nite:child href="Bmr015.F.segs.xml#id(Bmr015.segment.1,707)"/>
         <nite:child href="Bmr015.A.segs.xml#id(Bmr015.segment.1,708)..id(Bmr015.segment.1,714)"/>
         <nite:child href="Bmr015.D.segs.xml#id(Bmr015.segment.1,715)..id(Bmr015.segment.1,726)"/>
         <nite:child href="Bmr015.F.segs.xml#id(Bmr015.segment.1,727)..id(Bmr015.segment.1,737)"/>
      </topic>
      <nite:child href="Bmr015.B.segs.xml#id(Bmr015.segment.1,738)"/>
      <nite:child href="Bmr015.D.segs.xml#id(Bmr015.segment.1,740)"/>
      <nite:child href="Bmr015.C.segs.xml#id(Bmr015.segment.1,741)"/>
      <nite:child href="Bmr015.B.segs.xml#id(Bmr015.segment.1,742)"/>
   </topic>
</nite:root>