<?xml version="1.0" encoding="ISO-8859-1" standalone="yes"?>
<nite:root nite:id="Bro007.topic" xmlns:nite="http://nite.sourceforge.net/">
   <topic nite:id="Bro007.topic.1" description="opening">
      <nite:child href="Bro007.B.segs.xml#id(Bro007.segment.2)..id(Bro007.segment.16)"/>
   </topic>
   <topic nite:id="Bro007.topic.2" description="neural net results, data tables">
      <topic nite:id="Bro007.topic.3" description="'combo' system, input features">
         <nite:child href="Bro007.B.segs.xml#id(Bro007.segment.17)..id(Bro007.segment.18)"/>
         <nite:child href="Bro007.C.segs.xml#id(Bro007.segment.19)..id(Bro007.segment.30)"/>
         <nite:child href="Bro007.B.segs.xml#id(Bro007.segment.32)..id(Bro007.segment.46)"/>
         <nite:child href="Bro007.C.segs.xml#id(Bro007.segment.47)"/>
         <nite:child href="Bro007.B.segs.xml#id(Bro007.segment.48)..id(Bro007.segment.51)"/>
         <nite:child href="Bro007.C.segs.xml#id(Bro007.segment.52)..id(Bro007.segment.53)"/>
         <nite:child href="Bro007.B.segs.xml#id(Bro007.segment.54)..id(Bro007.segment.55)"/>
         <nite:child href="Bro007.C.segs.xml#id(Bro007.segment.56)"/>
         <nite:child href="Bro007.D.segs.xml#id(Bro007.segment.57)"/>
         <nite:child href="Bro007.A.segs.xml#id(Bro007.segment.58)"/>
         <nite:child href="Bro007.C.segs.xml#id(Bro007.segment.59)"/>
         <nite:child href="Bro007.B.segs.xml#id(Bro007.segment.60)"/>
         <nite:child href="Bro007.C.segs.xml#id(Bro007.segment.62)"/>
         <nite:child href="Bro007.B.segs.xml#id(Bro007.segment.61)..id(Bro007.segment.63)"/>
         <nite:child href="Bro007.C.segs.xml#id(Bro007.segment.64)"/>
         <nite:child href="Bro007.B.segs.xml#id(Bro007.segment.65)"/>
         <nite:child href="Bro007.C.segs.xml#id(Bro007.segment.66)..id(Bro007.segment.69)"/>
         <nite:child href="Bro007.B.segs.xml#id(Bro007.segment.70)"/>
         <nite:child href="Bro007.C.segs.xml#id(Bro007.segment.71)"/>
         <nite:child href="Bro007.B.segs.xml#id(Bro007.segment.72)"/>
         <nite:child href="Bro007.C.segs.xml#id(Bro007.segment.73)..id(Bro007.segment.74)"/>
         <nite:child href="Bro007.B.segs.xml#id(Bro007.segment.76)"/>
         <nite:child href="Bro007.C.segs.xml#id(Bro007.segment.75)"/>
         <nite:child href="Bro007.B.segs.xml#id(Bro007.segment.77)"/>
         <nite:child href="Bro007.C.segs.xml#id(Bro007.segment.78)..id(Bro007.segment.79)"/>
         <nite:child href="Bro007.B.segs.xml#id(Bro007.segment.80)"/>
         <nite:child href="Bro007.C.segs.xml#id(Bro007.segment.81)"/>
         <nite:child href="Bro007.B.segs.xml#id(Bro007.segment.82)"/>
         <nite:child href="Bro007.C.segs.xml#id(Bro007.segment.83)"/>
         <nite:child href="Bro007.B.segs.xml#id(Bro007.segment.84)..id(Bro007.segment.86)"/>
         <nite:child href="Bro007.C.segs.xml#id(Bro007.segment.87)"/>
         <nite:child href="Bro007.B.segs.xml#id(Bro007.segment.88)"/>
         <nite:child href="Bro007.C.segs.xml#id(Bro007.segment.89)"/>
         <nite:child href="Bro007.B.segs.xml#id(Bro007.segment.90)"/>
         <nite:child href="Bro007.C.segs.xml#id(Bro007.segment.91)"/>
         <nite:child href="Bro007.D.segs.xml#id(Bro007.segment.93)"/>
         <nite:child href="Bro007.B.segs.xml#id(Bro007.segment.92)"/>
         <nite:child href="Bro007.C.segs.xml#id(Bro007.segment.94)"/>
         <nite:child href="Bro007.B.segs.xml#id(Bro007.segment.95)"/>
         <nite:child href="Bro007.C.segs.xml#id(Bro007.segment.96)..id(Bro007.segment.97)"/>
         <nite:child href="Bro007.B.segs.xml#id(Bro007.segment.98)..id(Bro007.segment.99)"/>
         <nite:child href="Bro007.C.segs.xml#id(Bro007.segment.100)"/>
         <nite:child href="Bro007.B.segs.xml#id(Bro007.segment.101)"/>
         <nite:child href="Bro007.C.segs.xml#id(Bro007.segment.102)..id(Bro007.segment.103)"/>
         <nite:child href="Bro007.B.segs.xml#id(Bro007.segment.104)"/>
         <nite:child href="Bro007.C.segs.xml#id(Bro007.segment.105)..id(Bro007.segment.106)"/>
         <nite:child href="Bro007.D.segs.xml#id(Bro007.segment.107)"/>
         <nite:child href="Bro007.C.segs.xml#id(Bro007.segment.108)..id(Bro007.segment.112)"/>
         <nite:child href="Bro007.B.segs.xml#id(Bro007.segment.113)"/>
         <nite:child href="Bro007.C.segs.xml#id(Bro007.segment.114)"/>
         <nite:child href="Bro007.B.segs.xml#id(Bro007.segment.115)"/>
         <nite:child href="Bro007.C.segs.xml#id(Bro007.segment.116)"/>
      </topic>
      <topic nite:id="Bro007.topic.4" description="OGI's weighting scheme">
         <nite:child href="Bro007.B.segs.xml#id(Bro007.segment.117)..id(Bro007.segment.119)"/>
         <nite:child href="Bro007.C.segs.xml#id(Bro007.segment.120)..id(Bro007.segment.128)"/>
         <nite:child href="Bro007.B.segs.xml#id(Bro007.segment.129)"/>
         <nite:child href="Bro007.C.segs.xml#id(Bro007.segment.130)"/>
         <nite:child href="Bro007.B.segs.xml#id(Bro007.segment.131)"/>
         <nite:child href="Bro007.C.segs.xml#id(Bro007.segment.132)..id(Bro007.segment.135)"/>
         <nite:child href="Bro007.B.segs.xml#id(Bro007.segment.136)..id(Bro007.segment.137)"/>
         <nite:child href="Bro007.C.segs.xml#id(Bro007.segment.138)"/>
         <nite:child href="Bro007.B.segs.xml#id(Bro007.segment.139)..id(Bro007.segment.141)"/>
         <nite:child href="Bro007.C.segs.xml#id(Bro007.segment.142)"/>
         <nite:child href="Bro007.B.segs.xml#id(Bro007.segment.143)"/>
         <nite:child href="Bro007.C.segs.xml#id(Bro007.segment.144)..id(Bro007.segment.146)"/>
      </topic>
      <topic nite:id="Bro007.topic.5" description="comparing BRO, OGI system results">
         <nite:child href="Bro007.B.segs.xml#id(Bro007.segment.147)..id(Bro007.segment.150)"/>
         <nite:child href="Bro007.D.segs.xml#id(Bro007.segment.151)"/>
         <nite:child href="Bro007.B.segs.xml#id(Bro007.segment.152)"/>
         <nite:child href="Bro007.C.segs.xml#id(Bro007.segment.154)..id(Bro007.segment.161)"/>
         <nite:child href="Bro007.D.segs.xml#id(Bro007.segment.162)"/>
         <nite:child href="Bro007.B.segs.xml#id(Bro007.segment.163)"/>
         <nite:child href="Bro007.C.segs.xml#id(Bro007.segment.164)..id(Bro007.segment.170)"/>
         <nite:child href="Bro007.B.segs.xml#id(Bro007.segment.171)"/>
         <nite:child href="Bro007.C.segs.xml#id(Bro007.segment.172)"/>
         <nite:child href="Bro007.B.segs.xml#id(Bro007.segment.173)..id(Bro007.segment.174)"/>
         <nite:child href="Bro007.C.segs.xml#id(Bro007.segment.175)"/>
         <nite:child href="Bro007.A.segs.xml#id(Bro007.segment.176)..id(Bro007.segment.177)"/>
         <nite:child href="Bro007.B.segs.xml#id(Bro007.segment.178)"/>
         <nite:child href="Bro007.C.segs.xml#id(Bro007.segment.179)"/>
         <nite:child href="Bro007.B.segs.xml#id(Bro007.segment.180)"/>
         <nite:child href="Bro007.C.segs.xml#id(Bro007.segment.181)..id(Bro007.segment.183)"/>
         <nite:child href="Bro007.B.segs.xml#id(Bro007.segment.184)"/>
         <nite:child href="Bro007.C.segs.xml#id(Bro007.segment.185)"/>
         <nite:child href="Bro007.B.segs.xml#id(Bro007.segment.186)..id(Bro007.segment.187)"/>
         <nite:child href="Bro007.C.segs.xml#id(Bro007.segment.188)..id(Bro007.segment.189)"/>
         <nite:child href="Bro007.D.segs.xml#id(Bro007.segment.190)"/>
         <nite:child href="Bro007.C.segs.xml#id(Bro007.segment.191)..id(Bro007.segment.192)"/>
         <nite:child href="Bro007.B.segs.xml#id(Bro007.segment.193)"/>
         <nite:child href="Bro007.C.segs.xml#id(Bro007.segment.194)"/>
         <nite:child href="Bro007.D.segs.xml#id(Bro007.segment.195)"/>
         <topic nite:id="Bro007.topic.6" description="silence detector delay">
            <nite:child href="Bro007.C.segs.xml#id(Bro007.segment.196)..id(Bro007.segment.206)"/>
            <nite:child href="Bro007.B.segs.xml#id(Bro007.segment.207)"/>
            <nite:child href="Bro007.C.segs.xml#id(Bro007.segment.208)..id(Bro007.segment.210)"/>
            <nite:child href="Bro007.D.segs.xml#id(Bro007.segment.211)"/>
            <nite:child href="Bro007.B.segs.xml#id(Bro007.segment.212)..id(Bro007.segment.213)"/>
            <nite:child href="Bro007.C.segs.xml#id(Bro007.segment.214)"/>
            <nite:child href="Bro007.D.segs.xml#id(Bro007.segment.215)"/>
            <nite:child href="Bro007.B.segs.xml#id(Bro007.segment.216)"/>
            <nite:child href="Bro007.C.segs.xml#id(Bro007.segment.217)..id(Bro007.segment.219)"/>
            <nite:child href="Bro007.B.segs.xml#id(Bro007.segment.220)"/>
            <nite:child href="Bro007.C.segs.xml#id(Bro007.segment.221)..id(Bro007.segment.230)"/>
            <nite:child href="Bro007.B.segs.xml#id(Bro007.segment.231)"/>
         </topic>
         <nite:child href="Bro007.B.segs.xml#id(Bro007.segment.232)"/>
         <nite:child href="Bro007.C.segs.xml#id(Bro007.segment.233)"/>
         <nite:child href="Bro007.B.segs.xml#id(Bro007.segment.234)..id(Bro007.segment.238)"/>
         <nite:child href="Bro007.C.segs.xml#id(Bro007.segment.239)..id(Bro007.segment.240)"/>
         <nite:child href="Bro007.B.segs.xml#id(Bro007.segment.241)..id(Bro007.segment.258)"/>
         <nite:child href="Bro007.C.segs.xml#id(Bro007.segment.259)"/>
         <nite:child href="Bro007.B.segs.xml#id(Bro007.segment.260)"/>
         <nite:child href="Bro007.D.segs.xml#id(Bro007.segment.261)"/>
         <nite:child href="Bro007.B.segs.xml#id(Bro007.segment.262)..id(Bro007.segment.263)"/>
         <nite:child href="Bro007.C.segs.xml#id(Bro007.segment.264)..id(Bro007.segment.269)"/>
         <nite:child href="Bro007.B.segs.xml#id(Bro007.segment.270)"/>
         <nite:child href="Bro007.C.segs.xml#id(Bro007.segment.271)"/>
         <nite:child href="Bro007.B.segs.xml#id(Bro007.segment.272)..id(Bro007.segment.273)"/>
         <nite:child href="Bro007.C.segs.xml#id(Bro007.segment.274)"/>
         <nite:child href="Bro007.B.segs.xml#id(Bro007.segment.275)"/>
         <nite:child href="Bro007.C.segs.xml#id(Bro007.segment.276)"/>
         <nite:child href="Bro007.B.segs.xml#id(Bro007.segment.277)..id(Bro007.segment.287)"/>
         <nite:child href="Bro007.C.segs.xml#id(Bro007.segment.289)"/>
         <nite:child href="Bro007.B.segs.xml#id(Bro007.segment.291)..id(Bro007.segment.294)"/>
         <nite:child href="Bro007.C.segs.xml#id(Bro007.segment.295)..id(Bro007.segment.296)"/>
         <nite:child href="Bro007.B.segs.xml#id(Bro007.segment.297)"/>
         <nite:child href="Bro007.C.segs.xml#id(Bro007.segment.298)..id(Bro007.segment.299)"/>
         <nite:child href="Bro007.B.segs.xml#id(Bro007.segment.300)..id(Bro007.segment.308)"/>
         <nite:child href="Bro007.C.segs.xml#id(Bro007.segment.310)"/>
         <nite:child href="Bro007.B.segs.xml#id(Bro007.segment.309)..id(Bro007.segment.312)"/>
         <nite:child href="Bro007.C.segs.xml#id(Bro007.segment.313)"/>
         <nite:child href="Bro007.B.segs.xml#id(Bro007.segment.314)"/>
         <nite:child href="Bro007.C.segs.xml#id(Bro007.segment.315)"/>
         <nite:child href="Bro007.B.segs.xml#id(Bro007.segment.316)..id(Bro007.segment.319)"/>
         <nite:child href="Bro007.C.segs.xml#id(Bro007.segment.320)"/>
         <nite:child href="Bro007.B.segs.xml#id(Bro007.segment.321)"/>
         <nite:child href="Bro007.C.segs.xml#id(Bro007.segment.322)"/>
         <nite:child href="Bro007.B.segs.xml#id(Bro007.segment.323)"/>
         <nite:child href="Bro007.D.segs.xml#id(Bro007.segment.324)"/>
         <nite:child href="Bro007.C.segs.xml#id(Bro007.segment.325)"/>
         <nite:child href="Bro007.B.segs.xml#id(Bro007.segment.326)..id(Bro007.segment.329)"/>
         <topic nite:id="Bro007.topic.7" description="test set sizes">
            <nite:child href="Bro007.B.segs.xml#id(Bro007.segment.330)..id(Bro007.segment.331)"/>
            <nite:child href="Bro007.C.segs.xml#id(Bro007.segment.332)"/>
            <nite:child href="Bro007.B.segs.xml#id(Bro007.segment.334)..id(Bro007.segment.335)"/>
            <nite:child href="Bro007.D.segs.xml#id(Bro007.segment.336)..id(Bro007.segment.337)"/>
            <nite:child href="Bro007.C.segs.xml#id(Bro007.segment.338)"/>
            <nite:child href="Bro007.B.segs.xml#id(Bro007.segment.339)"/>
            <nite:child href="Bro007.C.segs.xml#id(Bro007.segment.340)..id(Bro007.segment.344)"/>
            <nite:child href="Bro007.D.segs.xml#id(Bro007.segment.345)"/>
            <nite:child href="Bro007.C.segs.xml#id(Bro007.segment.346)"/>
            <nite:child href="Bro007.D.segs.xml#id(Bro007.segment.347)"/>
            <nite:child href="Bro007.C.segs.xml#id(Bro007.segment.349)"/>
            <nite:child href="Bro007.D.segs.xml#id(Bro007.segment.350)"/>
            <nite:child href="Bro007.C.segs.xml#id(Bro007.segment.351)"/>
            <nite:child href="Bro007.D.segs.xml#id(Bro007.segment.352)"/>
            <nite:child href="Bro007.C.segs.xml#id(Bro007.segment.353)..id(Bro007.segment.355)"/>
            <nite:child href="Bro007.D.segs.xml#id(Bro007.segment.356)"/>
            <nite:child href="Bro007.C.segs.xml#id(Bro007.segment.357)"/>
            <nite:child href="Bro007.B.segs.xml#id(Bro007.segment.358)..id(Bro007.segment.359)"/>
            <nite:child href="Bro007.D.segs.xml#id(Bro007.segment.360)"/>
            <nite:child href="Bro007.C.segs.xml#id(Bro007.segment.361)..id(Bro007.segment.362)"/>
            <nite:child href="Bro007.D.segs.xml#id(Bro007.segment.363)"/>
            <nite:child href="Bro007.C.segs.xml#id(Bro007.segment.364)"/>
            <nite:child href="Bro007.D.segs.xml#id(Bro007.segment.365)..id(Bro007.segment.366)"/>
            <nite:child href="Bro007.B.segs.xml#id(Bro007.segment.367)..id(Bro007.segment.368)"/>
            <nite:child href="Bro007.C.segs.xml#id(Bro007.segment.369)"/>
            <nite:child href="Bro007.B.segs.xml#id(Bro007.segment.370)"/>
            <nite:child href="Bro007.C.segs.xml#id(Bro007.segment.371)"/>
            <nite:child href="Bro007.B.segs.xml#id(Bro007.segment.372)..id(Bro007.segment.376)"/>
            <nite:child href="Bro007.D.segs.xml#id(Bro007.segment.377)"/>
            <nite:child href="Bro007.C.segs.xml#id(Bro007.segment.378)"/>
            <nite:child href="Bro007.B.segs.xml#id(Bro007.segment.379)..id(Bro007.segment.382)"/>
            <nite:child href="Bro007.D.segs.xml#id(Bro007.segment.383)"/>
            <nite:child href="Bro007.C.segs.xml#id(Bro007.segment.384)"/>
            <nite:child href="Bro007.B.segs.xml#id(Bro007.segment.385)..id(Bro007.segment.386)"/>
            <nite:child href="Bro007.D.segs.xml#id(Bro007.segment.387)"/>
            <nite:child href="Bro007.C.segs.xml#id(Bro007.segment.388)..id(Bro007.segment.389)"/>
            <nite:child href="Bro007.D.segs.xml#id(Bro007.segment.390)"/>
            <nite:child href="Bro007.B.segs.xml#id(Bro007.segment.391)"/>
            <nite:child href="Bro007.D.segs.xml#id(Bro007.segment.392)..id(Bro007.segment.393)"/>
            <nite:child href="Bro007.C.segs.xml#id(Bro007.segment.394)"/>
            <nite:child href="Bro007.B.segs.xml#id(Bro007.segment.395)"/>
            <nite:child href="Bro007.D.segs.xml#id(Bro007.segment.396)"/>
         </topic>
         <topic nite:id="Bro007.topic.8" description="output silences of MLP">
            <nite:child href="Bro007.B.segs.xml#id(Bro007.segment.397)..id(Bro007.segment.402)"/>
            <nite:child href="Bro007.C.segs.xml#id(Bro007.segment.403)"/>
            <nite:child href="Bro007.D.segs.xml#id(Bro007.segment.404)..id(Bro007.segment.405)"/>
            <nite:child href="Bro007.C.segs.xml#id(Bro007.segment.406)"/>
            <nite:child href="Bro007.D.segs.xml#id(Bro007.segment.407)..id(Bro007.segment.410)"/>
            <nite:child href="Bro007.B.segs.xml#id(Bro007.segment.411)..id(Bro007.segment.414)"/>
            <nite:child href="Bro007.C.segs.xml#id(Bro007.segment.415)"/>
            <nite:child href="Bro007.D.segs.xml#id(Bro007.segment.416)..id(Bro007.segment.417)"/>
            <nite:child href="Bro007.C.segs.xml#id(Bro007.segment.418)"/>
            <nite:child href="Bro007.B.segs.xml#id(Bro007.segment.419)"/>
            <nite:child href="Bro007.D.segs.xml#id(Bro007.segment.420)"/>
            <nite:child href="Bro007.C.segs.xml#id(Bro007.segment.421)..id(Bro007.segment.422)"/>
            <nite:child href="Bro007.D.segs.xml#id(Bro007.segment.423)"/>
            <nite:child href="Bro007.C.segs.xml#id(Bro007.segment.424)..id(Bro007.segment.425)"/>
            <nite:child href="Bro007.B.segs.xml#id(Bro007.segment.427)"/>
            <nite:child href="Bro007.C.segs.xml#id(Bro007.segment.426)"/>
            <nite:child href="Bro007.B.segs.xml#id(Bro007.segment.428)"/>
         </topic>
      </topic>
      <nite:child href="Bro007.B.segs.xml#id(Bro007.segment.429)"/>
      <nite:child href="Bro007.C.segs.xml#id(Bro007.segment.430)"/>
      <nite:child href="Bro007.B.segs.xml#id(Bro007.segment.431)"/>
      <nite:child href="Bro007.D.segs.xml#id(Bro007.segment.432)"/>
      <nite:child href="Bro007.C.segs.xml#id(Bro007.segment.433)"/>
      <nite:child href="Bro007.B.segs.xml#id(Bro007.segment.434)..id(Bro007.segment.435)"/>
      <nite:child href="Bro007.C.segs.xml#id(Bro007.segment.436)..id(Bro007.segment.437)"/>
      <nite:child href="Bro007.B.segs.xml#id(Bro007.segment.438)..id(Bro007.segment.439)"/>
      <nite:child href="Bro007.C.segs.xml#id(Bro007.segment.440)"/>
      <nite:child href="Bro007.B.segs.xml#id(Bro007.segment.442)"/>
      <nite:child href="Bro007.C.segs.xml#id(Bro007.segment.441)"/>
      <nite:child href="Bro007.B.segs.xml#id(Bro007.segment.443)"/>
      <nite:child href="Bro007.C.segs.xml#id(Bro007.segment.444)"/>
      <nite:child href="Bro007.D.segs.xml#id(Bro007.segment.445)"/>
      <nite:child href="Bro007.C.segs.xml#id(Bro007.segment.446)"/>
      <nite:child href="Bro007.B.segs.xml#id(Bro007.segment.447)..id(Bro007.segment.450)"/>
      <nite:child href="Bro007.C.segs.xml#id(Bro007.segment.449)"/>
      <nite:child href="Bro007.D.segs.xml#id(Bro007.segment.448)"/>
      <nite:child href="Bro007.B.segs.xml#id(Bro007.segment.451)..id(Bro007.segment.454)"/>
      <nite:child href="Bro007.C.segs.xml#id(Bro007.segment.455)"/>
      <nite:child href="Bro007.B.segs.xml#id(Bro007.segment.456)"/>
      <nite:child href="Bro007.C.segs.xml#id(Bro007.segment.457)"/>
      <nite:child href="Bro007.B.segs.xml#id(Bro007.segment.458)..id(Bro007.segment.459)"/>
      <nite:child href="Bro007.C.segs.xml#id(Bro007.segment.460)"/>
      <nite:child href="Bro007.B.segs.xml#id(Bro007.segment.462)"/>
      <nite:child href="Bro007.C.segs.xml#id(Bro007.segment.461)"/>
      <nite:child href="Bro007.B.segs.xml#id(Bro007.segment.463)..id(Bro007.segment.466)"/>
      <nite:child href="Bro007.C.segs.xml#id(Bro007.segment.467)..id(Bro007.segment.468)"/>
      <nite:child href="Bro007.B.segs.xml#id(Bro007.segment.469)"/>
      <nite:child href="Bro007.C.segs.xml#id(Bro007.segment.470)..id(Bro007.segment.471)"/>
      <nite:child href="Bro007.B.segs.xml#id(Bro007.segment.472)"/>
      <nite:child href="Bro007.C.segs.xml#id(Bro007.segment.473)"/>
      <nite:child href="Bro007.B.segs.xml#id(Bro007.segment.474)"/>
      <nite:child href="Bro007.C.segs.xml#id(Bro007.segment.475)"/>
      <nite:child href="Bro007.B.segs.xml#id(Bro007.segment.476)"/>
      <topic nite:id="Bro007.topic.9" description="training, timing, write-up issues">
         <nite:child href="Bro007.B.segs.xml#id(Bro007.segment.477)"/>
         <nite:child href="Bro007.C.segs.xml#id(Bro007.segment.478)"/>
         <nite:child href="Bro007.B.segs.xml#id(Bro007.segment.479)..id(Bro007.segment.481)"/>
         <nite:child href="Bro007.C.segs.xml#id(Bro007.segment.482)"/>
         <nite:child href="Bro007.B.segs.xml#id(Bro007.segment.483)"/>
         <nite:child href="Bro007.C.segs.xml#id(Bro007.segment.484)"/>
         <nite:child href="Bro007.B.segs.xml#id(Bro007.segment.485)..id(Bro007.segment.492)"/>
         <nite:child href="Bro007.C.segs.xml#id(Bro007.segment.491)"/>
         <nite:child href="Bro007.B.segs.xml#id(Bro007.segment.493)..id(Bro007.segment.494)"/>
         <nite:child href="Bro007.C.segs.xml#id(Bro007.segment.495)"/>
         <nite:child href="Bro007.B.segs.xml#id(Bro007.segment.496)..id(Bro007.segment.497)"/>
         <nite:child href="Bro007.C.segs.xml#id(Bro007.segment.498)..id(Bro007.segment.501)"/>
         <nite:child href="Bro007.B.segs.xml#id(Bro007.segment.502)..id(Bro007.segment.504)"/>
         <nite:child href="Bro007.C.segs.xml#id(Bro007.segment.505)"/>
         <nite:child href="Bro007.B.segs.xml#id(Bro007.segment.506)"/>
         <nite:child href="Bro007.C.segs.xml#id(Bro007.segment.507)..id(Bro007.segment.508)"/>
         <nite:child href="Bro007.B.segs.xml#id(Bro007.segment.509)"/>
         <nite:child href="Bro007.C.segs.xml#id(Bro007.segment.510)"/>
         <nite:child href="Bro007.B.segs.xml#id(Bro007.segment.511)"/>
         <nite:child href="Bro007.C.segs.xml#id(Bro007.segment.512)..id(Bro007.segment.514)"/>
         <nite:child href="Bro007.B.segs.xml#id(Bro007.segment.515)"/>
         <nite:child href="Bro007.C.segs.xml#id(Bro007.segment.516)"/>
         <nite:child href="Bro007.B.segs.xml#id(Bro007.segment.517)"/>
         <nite:child href="Bro007.C.segs.xml#id(Bro007.segment.518)"/>
         <nite:child href="Bro007.B.segs.xml#id(Bro007.segment.519)"/>
         <nite:child href="Bro007.C.segs.xml#id(Bro007.segment.520)"/>
         <nite:child href="Bro007.B.segs.xml#id(Bro007.segment.521)"/>
         <nite:child href="Bro007.C.segs.xml#id(Bro007.segment.522)"/>
         <nite:child href="Bro007.B.segs.xml#id(Bro007.segment.524)"/>
         <nite:child href="Bro007.C.segs.xml#id(Bro007.segment.523)"/>
         <nite:child href="Bro007.B.segs.xml#id(Bro007.segment.525)"/>
         <nite:child href="Bro007.C.segs.xml#id(Bro007.segment.526)"/>
         <nite:child href="Bro007.B.segs.xml#id(Bro007.segment.527)"/>
         <nite:child href="Bro007.C.segs.xml#id(Bro007.segment.528)"/>
         <nite:child href="Bro007.B.segs.xml#id(Bro007.segment.529)"/>
         <nite:child href="Bro007.C.segs.xml#id(Bro007.segment.530)"/>
         <nite:child href="Bro007.B.segs.xml#id(Bro007.segment.531)..id(Bro007.segment.534)"/>
         <nite:child href="Bro007.C.segs.xml#id(Bro007.segment.535)"/>
         <nite:child href="Bro007.B.segs.xml#id(Bro007.segment.536)..id(Bro007.segment.537)"/>
         <nite:child href="Bro007.C.segs.xml#id(Bro007.segment.538)"/>
         <nite:child href="Bro007.B.segs.xml#id(Bro007.segment.539)..id(Bro007.segment.540)"/>
         <nite:child href="Bro007.C.segs.xml#id(Bro007.segment.541)"/>
         <nite:child href="Bro007.B.segs.xml#id(Bro007.segment.542)"/>
         <nite:child href="Bro007.C.segs.xml#id(Bro007.segment.543)"/>
      </topic>
      <topic nite:id="Bro007.topic.10" description="OGI data tables">
         <nite:child href="Bro007.C.segs.xml#id(Bro007.segment.544)..id(Bro007.segment.545)"/>
         <nite:child href="Bro007.B.segs.xml#id(Bro007.segment.546)..id(Bro007.segment.549)"/>
         <nite:child href="Bro007.C.segs.xml#id(Bro007.segment.550)"/>
         <nite:child href="Bro007.B.segs.xml#id(Bro007.segment.551)..id(Bro007.segment.559)"/>
         <nite:child href="Bro007.C.segs.xml#id(Bro007.segment.560)"/>
         <nite:child href="Bro007.B.segs.xml#id(Bro007.segment.562)"/>
         <nite:child href="Bro007.C.segs.xml#id(Bro007.segment.563)"/>
         <nite:child href="Bro007.B.segs.xml#id(Bro007.segment.565)"/>
         <nite:child href="Bro007.C.segs.xml#id(Bro007.segment.564)"/>
         <nite:child href="Bro007.B.segs.xml#id(Bro007.segment.566)"/>
         <nite:child href="Bro007.C.segs.xml#id(Bro007.segment.567)..id(Bro007.segment.569)"/>
         <nite:child href="Bro007.B.segs.xml#id(Bro007.segment.570)..id(Bro007.segment.572)"/>
         <nite:child href="Bro007.C.segs.xml#id(Bro007.segment.573)"/>
         <nite:child href="Bro007.B.segs.xml#id(Bro007.segment.574)..id(Bro007.segment.580)"/>
         <nite:child href="Bro007.C.segs.xml#id(Bro007.segment.581)"/>
         <nite:child href="Bro007.B.segs.xml#id(Bro007.segment.582)..id(Bro007.segment.585)"/>
         <nite:child href="Bro007.C.segs.xml#id(Bro007.segment.586)"/>
         <nite:child href="Bro007.B.segs.xml#id(Bro007.segment.587)..id(Bro007.segment.588)"/>
         <nite:child href="Bro007.C.segs.xml#id(Bro007.segment.589)..id(Bro007.segment.590)"/>
         <nite:child href="Bro007.B.segs.xml#id(Bro007.segment.591)..id(Bro007.segment.592)"/>
         <nite:child href="Bro007.C.segs.xml#id(Bro007.segment.593)"/>
         <nite:child href="Bro007.B.segs.xml#id(Bro007.segment.594)"/>
         <nite:child href="Bro007.C.segs.xml#id(Bro007.segment.595)"/>
         <nite:child href="Bro007.B.segs.xml#id(Bro007.segment.596)"/>
         <nite:child href="Bro007.C.segs.xml#id(Bro007.segment.597)..id(Bro007.segment.599)"/>
         <nite:child href="Bro007.B.segs.xml#id(Bro007.segment.600)"/>
         <nite:child href="Bro007.C.segs.xml#id(Bro007.segment.601)"/>
         <nite:child href="Bro007.B.segs.xml#id(Bro007.segment.602)"/>
         <nite:child href="Bro007.C.segs.xml#id(Bro007.segment.603)..id(Bro007.segment.608)"/>
         <nite:child href="Bro007.B.segs.xml#id(Bro007.segment.609)"/>
         <nite:child href="Bro007.C.segs.xml#id(Bro007.segment.610)"/>
      </topic>
      <topic nite:id="Bro007.topic.11" description="deadline issues">
         <nite:child href="Bro007.B.segs.xml#id(Bro007.segment.611)"/>
         <nite:child href="Bro007.D.segs.xml#id(Bro007.segment.612)"/>
         <nite:child href="Bro007.C.segs.xml#id(Bro007.segment.613)"/>
         <nite:child href="Bro007.D.segs.xml#id(Bro007.segment.614)"/>
         <nite:child href="Bro007.B.segs.xml#id(Bro007.segment.615)..id(Bro007.segment.619)"/>
         <nite:child href="Bro007.C.segs.xml#id(Bro007.segment.620)"/>
         <nite:child href="Bro007.D.segs.xml#id(Bro007.segment.621)"/>
         <nite:child href="Bro007.B.segs.xml#id(Bro007.segment.622)"/>
         <nite:child href="Bro007.D.segs.xml#id(Bro007.segment.623)..id(Bro007.segment.628)"/>
         <nite:child href="Bro007.C.segs.xml#id(Bro007.segment.629)"/>
         <nite:child href="Bro007.B.segs.xml#id(Bro007.segment.630)..id(Bro007.segment.631)"/>
         <nite:child href="Bro007.D.segs.xml#id(Bro007.segment.632)"/>
         <nite:child href="Bro007.C.segs.xml#id(Bro007.segment.633)"/>
         <nite:child href="Bro007.D.segs.xml#id(Bro007.segment.634)"/>
         <nite:child href="Bro007.C.segs.xml#id(Bro007.segment.635)"/>
         <nite:child href="Bro007.B.segs.xml#id(Bro007.segment.636)"/>
         <nite:child href="Bro007.C.segs.xml#id(Bro007.segment.637)"/>
         <nite:child href="Bro007.D.segs.xml#id(Bro007.segment.638)"/>
         <nite:child href="Bro007.C.segs.xml#id(Bro007.segment.639)"/>
         <nite:child href="Bro007.B.segs.xml#id(Bro007.segment.640)"/>
         <nite:child href="Bro007.C.segs.xml#id(Bro007.segment.641)"/>
         <nite:child href="Bro007.B.segs.xml#id(Bro007.segment.642)"/>
         <nite:child href="Bro007.C.segs.xml#id(Bro007.segment.643)"/>
         <nite:child href="Bro007.D.segs.xml#id(Bro007.segment.644)"/>
         <nite:child href="Bro007.B.segs.xml#id(Bro007.segment.645)"/>
         <nite:child href="Bro007.C.segs.xml#id(Bro007.segment.646)"/>
         <nite:child href="Bro007.B.segs.xml#id(Bro007.segment.647)"/>
         <nite:child href="Bro007.D.segs.xml#id(Bro007.segment.649)"/>
         <nite:child href="Bro007.B.segs.xml#id(Bro007.segment.650)..id(Bro007.segment.652)"/>
         <nite:child href="Bro007.D.segs.xml#id(Bro007.segment.653)"/>
         <nite:child href="Bro007.B.segs.xml#id(Bro007.segment.654)"/>
         <nite:child href="Bro007.D.segs.xml#id(Bro007.segment.655)"/>
         <nite:child href="Bro007.B.segs.xml#id(Bro007.segment.656)"/>
         <nite:child href="Bro007.C.segs.xml#id(Bro007.segment.657)"/>
         <nite:child href="Bro007.D.segs.xml#id(Bro007.segment.658)"/>
         <nite:child href="Bro007.C.segs.xml#id(Bro007.segment.659)"/>
         <nite:child href="Bro007.D.segs.xml#id(Bro007.segment.660)"/>
         <nite:child href="Bro007.C.segs.xml#id(Bro007.segment.661)..id(Bro007.segment.664)"/>
         <nite:child href="Bro007.D.segs.xml#id(Bro007.segment.663)..id(Bro007.segment.665)"/>
         <nite:child href="Bro007.C.segs.xml#id(Bro007.segment.666)"/>
         <nite:child href="Bro007.B.segs.xml#id(Bro007.segment.667)"/>
         <nite:child href="Bro007.D.segs.xml#id(Bro007.segment.668)..id(Bro007.segment.670)"/>
         <nite:child href="Bro007.B.segs.xml#id(Bro007.segment.671)"/>
         <nite:child href="Bro007.D.segs.xml#id(Bro007.segment.672)"/>
         <nite:child href="Bro007.B.segs.xml#id(Bro007.segment.673)"/>
         <nite:child href="Bro007.D.segs.xml#id(Bro007.segment.674)"/>
      </topic>
      <topic nite:id="Bro007.topic.12" description="future research directions">
         <nite:child href="Bro007.B.segs.xml#id(Bro007.segment.675)..id(Bro007.segment.676)"/>
         <nite:child href="Bro007.C.segs.xml#id(Bro007.segment.677)"/>
         <nite:child href="Bro007.B.segs.xml#id(Bro007.segment.678)..id(Bro007.segment.679)"/>
         <nite:child href="Bro007.C.segs.xml#id(Bro007.segment.680)"/>
         <nite:child href="Bro007.B.segs.xml#id(Bro007.segment.681)..id(Bro007.segment.682)"/>
         <nite:child href="Bro007.C.segs.xml#id(Bro007.segment.683)"/>
         <nite:child href="Bro007.B.segs.xml#id(Bro007.segment.684)"/>
         <nite:child href="Bro007.C.segs.xml#id(Bro007.segment.685)"/>
         <nite:child href="Bro007.B.segs.xml#id(Bro007.segment.686)..id(Bro007.segment.689)"/>
         <nite:child href="Bro007.D.segs.xml#id(Bro007.segment.690)"/>
         <nite:child href="Bro007.B.segs.xml#id(Bro007.segment.691)"/>
         <nite:child href="Bro007.C.segs.xml#id(Bro007.segment.692)"/>
         <nite:child href="Bro007.B.segs.xml#id(Bro007.segment.693)"/>
         <nite:child href="Bro007.C.segs.xml#id(Bro007.segment.694)"/>
         <nite:child href="Bro007.B.segs.xml#id(Bro007.segment.695)..id(Bro007.segment.700)"/>
         <nite:child href="Bro007.C.segs.xml#id(Bro007.segment.701)"/>
         <nite:child href="Bro007.B.segs.xml#id(Bro007.segment.702)"/>
         <nite:child href="Bro007.C.segs.xml#id(Bro007.segment.703)"/>
         <nite:child href="Bro007.B.segs.xml#id(Bro007.segment.704)..id(Bro007.segment.705)"/>
         <nite:child href="Bro007.A.segs.xml#id(Bro007.segment.706)"/>
         <nite:child href="Bro007.C.segs.xml#id(Bro007.segment.707)"/>
         <nite:child href="Bro007.A.segs.xml#id(Bro007.segment.708)"/>
         <nite:child href="Bro007.B.segs.xml#id(Bro007.segment.709)"/>
         <nite:child href="Bro007.A.segs.xml#id(Bro007.segment.710)"/>
         <nite:child href="Bro007.B.segs.xml#id(Bro007.segment.711)"/>
         <nite:child href="Bro007.C.segs.xml#id(Bro007.segment.712)"/>
         <nite:child href="Bro007.B.segs.xml#id(Bro007.segment.713)..id(Bro007.segment.714)"/>
         <nite:child href="Bro007.A.segs.xml#id(Bro007.segment.715)"/>
         <nite:child href="Bro007.C.segs.xml#id(Bro007.segment.717)"/>
         <nite:child href="Bro007.B.segs.xml#id(Bro007.segment.718)..id(Bro007.segment.720)"/>
         <nite:child href="Bro007.C.segs.xml#id(Bro007.segment.719)"/>
         <nite:child href="Bro007.A.segs.xml#id(Bro007.segment.721)"/>
         <nite:child href="Bro007.C.segs.xml#id(Bro007.segment.722)..id(Bro007.segment.723)"/>
         <nite:child href="Bro007.B.segs.xml#id(Bro007.segment.724)..id(Bro007.segment.728)"/>
         <nite:child href="Bro007.C.segs.xml#id(Bro007.segment.730)..id(Bro007.segment.731)"/>
         <nite:child href="Bro007.B.segs.xml#id(Bro007.segment.732)..id(Bro007.segment.734)"/>
         <nite:child href="Bro007.C.segs.xml#id(Bro007.segment.735)"/>
         <nite:child href="Bro007.B.segs.xml#id(Bro007.segment.736)..id(Bro007.segment.738)"/>
         <nite:child href="Bro007.C.segs.xml#id(Bro007.segment.739)..id(Bro007.segment.740)"/>
         <nite:child href="Bro007.B.segs.xml#id(Bro007.segment.741)..id(Bro007.segment.744)"/>
         <nite:child href="Bro007.C.segs.xml#id(Bro007.segment.745)"/>
      </topic>
   </topic>
   <topic nite:id="Bro007.topic.13" description="closing">
      <nite:child href="Bro007.B.segs.xml#id(Bro007.segment.746)..id(Bro007.segment.747)"/>
      <nite:child href="Bro007.C.segs.xml#id(Bro007.segment.748)..id(Bro007.segment.754)"/>
      <nite:child href="Bro007.B.segs.xml#id(Bro007.segment.755)"/>
      <nite:child href="Bro007.C.segs.xml#id(Bro007.segment.756)..id(Bro007.segment.757)"/>
      <nite:child href="Bro007.B.segs.xml#id(Bro007.segment.758)"/>
      <nite:child href="Bro007.C.segs.xml#id(Bro007.segment.759)"/>
      <nite:child href="Bro007.B.segs.xml#id(Bro007.segment.760)..id(Bro007.segment.761)"/>
      <nite:child href="Bro007.C.segs.xml#id(Bro007.segment.762)"/>
      <nite:child href="Bro007.B.segs.xml#id(Bro007.segment.763)"/>
      <nite:child href="Bro007.C.segs.xml#id(Bro007.segment.764)"/>
      <topic nite:id="Bro007.topic.14" description="summarizing comments">
         <nite:child href="Bro007.B.segs.xml#id(Bro007.segment.765)..id(Bro007.segment.772)"/>
         <nite:child href="Bro007.C.segs.xml#id(Bro007.segment.773)"/>
         <nite:child href="Bro007.B.segs.xml#id(Bro007.segment.774)..id(Bro007.segment.778)"/>
         <nite:child href="Bro007.C.segs.xml#id(Bro007.segment.779)"/>
         <nite:child href="Bro007.B.segs.xml#id(Bro007.segment.780)..id(Bro007.segment.782)"/>
         <nite:child href="Bro007.C.segs.xml#id(Bro007.segment.783)"/>
         <nite:child href="Bro007.B.segs.xml#id(Bro007.segment.784)..id(Bro007.segment.792)"/>
      </topic>
      <topic nite:id="Bro007.topic.15" description="digits data">
         <nite:child href="Bro007.B.segs.xml#id(Bro007.segment.793)..id(Bro007.segment.802)"/>
         <nite:child href="Bro007.C.segs.xml#id(Bro007.segment.803)"/>
         <nite:child href="Bro007.B.segs.xml#id(Bro007.segment.804)..id(Bro007.segment.807)"/>
      </topic>
      <nite:child href="Bro007.B.segs.xml#id(Bro007.segment.808)..id(Bro007.segment.814)"/>
      <topic nite:id="Bro007.topic.16" description="digit task">
         <nite:child href="Bro007.B.segs.xml#id(Bro007.segment.815)..id(Bro007.segment.837)"/>
         <nite:child href="Bro007.E.segs.xml#id(Bro007.segment.838)..id(Bro007.segment.860)"/>
         <nite:child href="Bro007.C.segs.xml#id(Bro007.segment.861)..id(Bro007.segment.881)"/>
         <nite:child href="Bro007.A.segs.xml#id(Bro007.segment.882)..id(Bro007.segment.903)"/>
         <nite:child href="Bro007.D.segs.xml#id(Bro007.segment.904)..id(Bro007.segment.924)"/>
      </topic>
      <nite:child href="Bro007.B.segs.xml#id(Bro007.segment.925)"/>
   </topic>
</nite:root>