<?xml version="1.0" encoding="ISO-8859-1" standalone="yes"?>
<nite:root nite:id="Bro021.topic" xmlns:nite="http://nite.sourceforge.net/">
   <topic nite:id="Bro021.topic.1" description="opening">
      <nite:child href="Bro021.B.segs.xml#id(Bro021.segment.2)"/>
      <nite:child href="Bro021.C.segs.xml#id(Bro021.segment.3)"/>
      <nite:child href="Bro021.D.segs.xml#id(Bro021.segment.1)"/>
      <nite:child href="Bro021.E.segs.xml#id(Bro021.segment.4)"/>
      <nite:child href="Bro021.F.segs.xml#id(Bro021.segment.5)"/>
      <nite:child href="Bro021.D.segs.xml#id(Bro021.segment.6)"/>
      <nite:child href="Bro021.B.segs.xml#id(Bro021.segment.7)..id(Bro021.segment.9)"/>
      <nite:child href="Bro021.D.segs.xml#id(Bro021.segment.10)"/>
      <nite:child href="Bro021.B.segs.xml#id(Bro021.segment.11)"/>
      <nite:child href="Bro021.F.segs.xml#id(Bro021.segment.12)"/>
      <nite:child href="Bro021.B.segs.xml#id(Bro021.segment.13)"/>
      <nite:child href="Bro021.F.segs.xml#id(Bro021.segment.14)"/>
      <nite:child href="Bro021.E.segs.xml#id(Bro021.segment.15)"/>
      <nite:child href="Bro021.G.segs.xml#id(Bro021.segment.16)"/>
      <nite:child href="Bro021.B.segs.xml#id(Bro021.segment.17)"/>
      <nite:child href="Bro021.D.segs.xml#id(Bro021.segment.19)"/>
      <nite:child href="Bro021.F.segs.xml#id(Bro021.segment.18)"/>
      <nite:child href="Bro021.B.segs.xml#id(Bro021.segment.20)"/>
      <nite:child href="Bro021.F.segs.xml#id(Bro021.segment.21)"/>
      <nite:child href="Bro021.A.segs.xml#id(Bro021.segment.22)"/>
      <nite:child href="Bro021.D.segs.xml#id(Bro021.segment.23)"/>
      <nite:child href="Bro021.F.segs.xml#id(Bro021.segment.24)..id(Bro021.segment.26)"/>
      <nite:child href="Bro021.D.segs.xml#id(Bro021.segment.27)"/>
      <nite:child href="Bro021.F.segs.xml#id(Bro021.segment.28)..id(Bro021.segment.30)"/>
      <nite:child href="Bro021.C.segs.xml#id(Bro021.segment.31)"/>
      <nite:child href="Bro021.D.segs.xml#id(Bro021.segment.33)"/>
      <nite:child href="Bro021.F.segs.xml#id(Bro021.segment.32)"/>
      <nite:child href="Bro021.D.segs.xml#id(Bro021.segment.34)"/>
      <nite:child href="Bro021.F.segs.xml#id(Bro021.segment.35)"/>
   </topic>
   <topic nite:id="Bro021.topic.2" description="report from Stephane">
      <nite:child href="Bro021.F.segs.xml#id(Bro021.segment.36)"/>
      <nite:child href="Bro021.E.segs.xml#id(Bro021.segment.37)"/>
      <nite:child href="Bro021.D.segs.xml#id(Bro021.segment.38)"/>
      <topic nite:id="Bro021.topic.3" description="Eurospeech submission">
         <nite:child href="Bro021.C.segs.xml#id(Bro021.segment.39)"/>
         <nite:child href="Bro021.F.segs.xml#id(Bro021.segment.40)"/>
         <nite:child href="Bro021.B.segs.xml#id(Bro021.segment.41)..id(Bro021.segment.42)"/>
         <nite:child href="Bro021.C.segs.xml#id(Bro021.segment.43)"/>
         <nite:child href="Bro021.E.segs.xml#id(Bro021.segment.44)"/>
         <nite:child href="Bro021.F.segs.xml#id(Bro021.segment.45)"/>
         <nite:child href="Bro021.B.segs.xml#id(Bro021.segment.47)"/>
         <nite:child href="Bro021.A.segs.xml#id(Bro021.segment.48)"/>
         <nite:child href="Bro021.C.segs.xml#id(Bro021.segment.49)"/>
         <nite:child href="Bro021.D.segs.xml#id(Bro021.segment.50)"/>
         <nite:child href="Bro021.C.segs.xml#id(Bro021.segment.51)"/>
         <nite:child href="Bro021.F.segs.xml#id(Bro021.segment.52)"/>
         <nite:child href="Bro021.D.segs.xml#id(Bro021.segment.53)"/>
         <nite:child href="Bro021.C.segs.xml#id(Bro021.segment.54)"/>
         <nite:child href="Bro021.F.segs.xml#id(Bro021.segment.55)"/>
         <nite:child href="Bro021.D.segs.xml#id(Bro021.segment.56)"/>
         <nite:child href="Bro021.C.segs.xml#id(Bro021.segment.57)"/>
         <nite:child href="Bro021.F.segs.xml#id(Bro021.segment.58)"/>
         <nite:child href="Bro021.C.segs.xml#id(Bro021.segment.59)..id(Bro021.segment.61)"/>
         <nite:child href="Bro021.F.segs.xml#id(Bro021.segment.62)"/>
         <nite:child href="Bro021.C.segs.xml#id(Bro021.segment.63)"/>
         <nite:child href="Bro021.B.segs.xml#id(Bro021.segment.64)"/>
         <nite:child href="Bro021.F.segs.xml#id(Bro021.segment.65)"/>
         <nite:child href="Bro021.C.segs.xml#id(Bro021.segment.66)"/>
         <nite:child href="Bro021.F.segs.xml#id(Bro021.segment.67)"/>
         <nite:child href="Bro021.D.segs.xml#id(Bro021.segment.68)"/>
         <nite:child href="Bro021.C.segs.xml#id(Bro021.segment.69)"/>
      </topic>
      <topic nite:id="Bro021.topic.4" description="on-line normalization">
         <nite:child href="Bro021.C.segs.xml#id(Bro021.segment.70)"/>
         <nite:child href="Bro021.D.segs.xml#id(Bro021.segment.71)..id(Bro021.segment.72)"/>
         <nite:child href="Bro021.C.segs.xml#id(Bro021.segment.73)..id(Bro021.segment.82)"/>
         <nite:child href="Bro021.F.segs.xml#id(Bro021.segment.83)"/>
         <nite:child href="Bro021.C.segs.xml#id(Bro021.segment.84)..id(Bro021.segment.85)"/>
         <nite:child href="Bro021.F.segs.xml#id(Bro021.segment.86)"/>
         <nite:child href="Bro021.B.segs.xml#id(Bro021.segment.87)"/>
         <nite:child href="Bro021.C.segs.xml#id(Bro021.segment.88)"/>
         <nite:child href="Bro021.D.segs.xml#id(Bro021.segment.89)"/>
         <nite:child href="Bro021.C.segs.xml#id(Bro021.segment.90)..id(Bro021.segment.91)"/>
         <nite:child href="Bro021.D.segs.xml#id(Bro021.segment.92)"/>
         <nite:child href="Bro021.C.segs.xml#id(Bro021.segment.93)..id(Bro021.segment.94)"/>
         <nite:child href="Bro021.D.segs.xml#id(Bro021.segment.95)"/>
         <nite:child href="Bro021.C.segs.xml#id(Bro021.segment.96)..id(Bro021.segment.100)"/>
         <nite:child href="Bro021.F.segs.xml#id(Bro021.segment.101)"/>
         <nite:child href="Bro021.C.segs.xml#id(Bro021.segment.102)..id(Bro021.segment.103)"/>
         <nite:child href="Bro021.D.segs.xml#id(Bro021.segment.104)..id(Bro021.segment.105)"/>
         <nite:child href="Bro021.C.segs.xml#id(Bro021.segment.106)"/>
         <nite:child href="Bro021.E.segs.xml#id(Bro021.segment.107)"/>
         <nite:child href="Bro021.C.segs.xml#id(Bro021.segment.108)..id(Bro021.segment.111)"/>
         <nite:child href="Bro021.E.segs.xml#id(Bro021.segment.112)"/>
         <nite:child href="Bro021.B.segs.xml#id(Bro021.segment.113)"/>
         <nite:child href="Bro021.F.segs.xml#id(Bro021.segment.114)"/>
         <nite:child href="Bro021.C.segs.xml#id(Bro021.segment.115)..id(Bro021.segment.126)"/>
         <nite:child href="Bro021.B.segs.xml#id(Bro021.segment.127)"/>
         <nite:child href="Bro021.C.segs.xml#id(Bro021.segment.128)..id(Bro021.segment.129)"/>
         <nite:child href="Bro021.B.segs.xml#id(Bro021.segment.130)"/>
         <nite:child href="Bro021.C.segs.xml#id(Bro021.segment.131)"/>
         <nite:child href="Bro021.B.segs.xml#id(Bro021.segment.132)"/>
         <nite:child href="Bro021.C.segs.xml#id(Bro021.segment.133)..id(Bro021.segment.135)"/>
         <nite:child href="Bro021.E.segs.xml#id(Bro021.segment.136)"/>
         <nite:child href="Bro021.B.segs.xml#id(Bro021.segment.137)"/>
         <nite:child href="Bro021.F.segs.xml#id(Bro021.segment.138)"/>
         <nite:child href="Bro021.D.segs.xml#id(Bro021.segment.139)"/>
         <nite:child href="Bro021.E.segs.xml#id(Bro021.segment.140)"/>
         <nite:child href="Bro021.A.segs.xml#id(Bro021.segment.141)"/>
         <nite:child href="Bro021.C.segs.xml#id(Bro021.segment.142)"/>
         <nite:child href="Bro021.F.segs.xml#id(Bro021.segment.143)"/>
         <nite:child href="Bro021.A.segs.xml#id(Bro021.segment.144)"/>
         <nite:child href="Bro021.F.segs.xml#id(Bro021.segment.145)..id(Bro021.segment.148)"/>
         <nite:child href="Bro021.D.segs.xml#id(Bro021.segment.149)"/>
         <nite:child href="Bro021.F.segs.xml#id(Bro021.segment.150)"/>
         <nite:child href="Bro021.C.segs.xml#id(Bro021.segment.151)"/>
         <nite:child href="Bro021.E.segs.xml#id(Bro021.segment.152)"/>
         <nite:child href="Bro021.C.segs.xml#id(Bro021.segment.153)"/>
         <nite:child href="Bro021.E.segs.xml#id(Bro021.segment.154)"/>
         <nite:child href="Bro021.C.segs.xml#id(Bro021.segment.155)"/>
         <nite:child href="Bro021.F.segs.xml#id(Bro021.segment.156)"/>
         <nite:child href="Bro021.B.segs.xml#id(Bro021.segment.157)"/>
         <nite:child href="Bro021.C.segs.xml#id(Bro021.segment.158)..id(Bro021.segment.159)"/>
         <nite:child href="Bro021.F.segs.xml#id(Bro021.segment.160)..id(Bro021.segment.162)"/>
         <nite:child href="Bro021.C.segs.xml#id(Bro021.segment.163)..id(Bro021.segment.172)"/>
         <nite:child href="Bro021.E.segs.xml#id(Bro021.segment.173)"/>
         <nite:child href="Bro021.C.segs.xml#id(Bro021.segment.174)"/>
         <nite:child href="Bro021.E.segs.xml#id(Bro021.segment.175)"/>
         <nite:child href="Bro021.C.segs.xml#id(Bro021.segment.176)..id(Bro021.segment.177)"/>
         <nite:child href="Bro021.B.segs.xml#id(Bro021.segment.178)..id(Bro021.segment.180)"/>
         <nite:child href="Bro021.C.segs.xml#id(Bro021.segment.181)"/>
         <nite:child href="Bro021.B.segs.xml#id(Bro021.segment.182)..id(Bro021.segment.185)"/>
         <nite:child href="Bro021.C.segs.xml#id(Bro021.segment.186)..id(Bro021.segment.187)"/>
         <nite:child href="Bro021.D.segs.xml#id(Bro021.segment.188)"/>
         <nite:child href="Bro021.B.segs.xml#id(Bro021.segment.189)..id(Bro021.segment.191)"/>
         <nite:child href="Bro021.D.segs.xml#id(Bro021.segment.192)"/>
         <nite:child href="Bro021.B.segs.xml#id(Bro021.segment.193)..id(Bro021.segment.194)"/>
         <nite:child href="Bro021.C.segs.xml#id(Bro021.segment.195)..id(Bro021.segment.196)"/>
         <nite:child href="Bro021.D.segs.xml#id(Bro021.segment.197)"/>
         <nite:child href="Bro021.C.segs.xml#id(Bro021.segment.198)..id(Bro021.segment.202)"/>
      </topic>
      <topic nite:id="Bro021.topic.5" description="energy thresholding, additive noise">
         <nite:child href="Bro021.C.segs.xml#id(Bro021.segment.203)..id(Bro021.segment.204)"/>
         <nite:child href="Bro021.D.segs.xml#id(Bro021.segment.205)"/>
         <nite:child href="Bro021.C.segs.xml#id(Bro021.segment.206)..id(Bro021.segment.217)"/>
         <nite:child href="Bro021.B.segs.xml#id(Bro021.segment.218)..id(Bro021.segment.219)"/>
         <nite:child href="Bro021.C.segs.xml#id(Bro021.segment.220)..id(Bro021.segment.221)"/>
         <nite:child href="Bro021.B.segs.xml#id(Bro021.segment.222)"/>
         <nite:child href="Bro021.C.segs.xml#id(Bro021.segment.223)..id(Bro021.segment.231)"/>
         <nite:child href="Bro021.F.segs.xml#id(Bro021.segment.232)"/>
         <nite:child href="Bro021.C.segs.xml#id(Bro021.segment.233)..id(Bro021.segment.235)"/>
         <nite:child href="Bro021.E.segs.xml#id(Bro021.segment.236)"/>
         <nite:child href="Bro021.F.segs.xml#id(Bro021.segment.237)"/>
         <nite:child href="Bro021.C.segs.xml#id(Bro021.segment.238)"/>
         <nite:child href="Bro021.A.segs.xml#id(Bro021.segment.239)"/>
         <nite:child href="Bro021.C.segs.xml#id(Bro021.segment.240)"/>
         <nite:child href="Bro021.F.segs.xml#id(Bro021.segment.241)"/>
         <nite:child href="Bro021.C.segs.xml#id(Bro021.segment.242)"/>
         <nite:child href="Bro021.B.segs.xml#id(Bro021.segment.243)"/>
         <nite:child href="Bro021.C.segs.xml#id(Bro021.segment.244)..id(Bro021.segment.245)"/>
         <nite:child href="Bro021.A.segs.xml#id(Bro021.segment.246)"/>
         <nite:child href="Bro021.E.segs.xml#id(Bro021.segment.247)"/>
         <nite:child href="Bro021.D.segs.xml#id(Bro021.segment.248)..id(Bro021.segment.250)"/>
         <nite:child href="Bro021.F.segs.xml#id(Bro021.segment.249)"/>
         <nite:child href="Bro021.C.segs.xml#id(Bro021.segment.251)..id(Bro021.segment.252)"/>
         <nite:child href="Bro021.F.segs.xml#id(Bro021.segment.253)"/>
         <nite:child href="Bro021.B.segs.xml#id(Bro021.segment.254)..id(Bro021.segment.255)"/>
         <nite:child href="Bro021.C.segs.xml#id(Bro021.segment.256)"/>
         <nite:child href="Bro021.B.segs.xml#id(Bro021.segment.257)..id(Bro021.segment.261)"/>
         <nite:child href="Bro021.F.segs.xml#id(Bro021.segment.262)"/>
         <nite:child href="Bro021.B.segs.xml#id(Bro021.segment.263)..id(Bro021.segment.264)"/>
         <nite:child href="Bro021.F.segs.xml#id(Bro021.segment.265)..id(Bro021.segment.266)"/>
         <nite:child href="Bro021.B.segs.xml#id(Bro021.segment.267)"/>
         <nite:child href="Bro021.D.segs.xml#id(Bro021.segment.268)"/>
         <nite:child href="Bro021.F.segs.xml#id(Bro021.segment.269)"/>
         <nite:child href="Bro021.C.segs.xml#id(Bro021.segment.270)"/>
         <nite:child href="Bro021.B.segs.xml#id(Bro021.segment.271)"/>
         <nite:child href="Bro021.C.segs.xml#id(Bro021.segment.272)..id(Bro021.segment.273)"/>
         <nite:child href="Bro021.F.segs.xml#id(Bro021.segment.274)"/>
         <nite:child href="Bro021.C.segs.xml#id(Bro021.segment.275)"/>
         <nite:child href="Bro021.E.segs.xml#id(Bro021.segment.276)"/>
         <nite:child href="Bro021.B.segs.xml#id(Bro021.segment.277)"/>
         <nite:child href="Bro021.C.segs.xml#id(Bro021.segment.278)..id(Bro021.segment.284)"/>
         <nite:child href="Bro021.B.segs.xml#id(Bro021.segment.285)..id(Bro021.segment.287)"/>
         <nite:child href="Bro021.C.segs.xml#id(Bro021.segment.288)..id(Bro021.segment.289)"/>
         <nite:child href="Bro021.B.segs.xml#id(Bro021.segment.290)"/>
         <nite:child href="Bro021.F.segs.xml#id(Bro021.segment.291)"/>
         <nite:child href="Bro021.C.segs.xml#id(Bro021.segment.292)"/>
         <nite:child href="Bro021.F.segs.xml#id(Bro021.segment.293)"/>
         <nite:child href="Bro021.C.segs.xml#id(Bro021.segment.294)..id(Bro021.segment.296)"/>
         <nite:child href="Bro021.B.segs.xml#id(Bro021.segment.297)..id(Bro021.segment.298)"/>
         <nite:child href="Bro021.D.segs.xml#id(Bro021.segment.299)"/>
         <nite:child href="Bro021.B.segs.xml#id(Bro021.segment.300)..id(Bro021.segment.301)"/>
         <nite:child href="Bro021.C.segs.xml#id(Bro021.segment.302)..id(Bro021.segment.303)"/>
         <nite:child href="Bro021.B.segs.xml#id(Bro021.segment.304)..id(Bro021.segment.305)"/>
         <nite:child href="Bro021.F.segs.xml#id(Bro021.segment.306)"/>
         <nite:child href="Bro021.C.segs.xml#id(Bro021.segment.307)"/>
         <nite:child href="Bro021.F.segs.xml#id(Bro021.segment.308)"/>
         <nite:child href="Bro021.B.segs.xml#id(Bro021.segment.309)..id(Bro021.segment.310)"/>
         <nite:child href="Bro021.F.segs.xml#id(Bro021.segment.311)"/>
         <nite:child href="Bro021.B.segs.xml#id(Bro021.segment.312)"/>
         <nite:child href="Bro021.C.segs.xml#id(Bro021.segment.313)"/>
         <nite:child href="Bro021.F.segs.xml#id(Bro021.segment.314)"/>
         <nite:child href="Bro021.C.segs.xml#id(Bro021.segment.315)..id(Bro021.segment.316)"/>
         <nite:child href="Bro021.E.segs.xml#id(Bro021.segment.317)"/>
         <nite:child href="Bro021.C.segs.xml#id(Bro021.segment.318)"/>
         <nite:child href="Bro021.F.segs.xml#id(Bro021.segment.319)"/>
         <nite:child href="Bro021.D.segs.xml#id(Bro021.segment.320)"/>
         <nite:child href="Bro021.C.segs.xml#id(Bro021.segment.321)..id(Bro021.segment.322)"/>
         <nite:child href="Bro021.B.segs.xml#id(Bro021.segment.323)"/>
         <nite:child href="Bro021.C.segs.xml#id(Bro021.segment.324)"/>
         <nite:child href="Bro021.F.segs.xml#id(Bro021.segment.325)"/>
         <nite:child href="Bro021.C.segs.xml#id(Bro021.segment.326)"/>
         <nite:child href="Bro021.F.segs.xml#id(Bro021.segment.327)"/>
         <nite:child href="Bro021.C.segs.xml#id(Bro021.segment.328)"/>
         <nite:child href="Bro021.F.segs.xml#id(Bro021.segment.329)"/>
         <nite:child href="Bro021.B.segs.xml#id(Bro021.segment.330)..id(Bro021.segment.335)"/>
         <nite:child href="Bro021.C.segs.xml#id(Bro021.segment.336)"/>
         <nite:child href="Bro021.B.segs.xml#id(Bro021.segment.337)"/>
         <nite:child href="Bro021.C.segs.xml#id(Bro021.segment.338)..id(Bro021.segment.341)"/>
         <nite:child href="Bro021.B.segs.xml#id(Bro021.segment.342)"/>
         <nite:child href="Bro021.C.segs.xml#id(Bro021.segment.343)"/>
         <nite:child href="Bro021.B.segs.xml#id(Bro021.segment.344)"/>
         <nite:child href="Bro021.C.segs.xml#id(Bro021.segment.345)"/>
         <nite:child href="Bro021.B.segs.xml#id(Bro021.segment.346)"/>
         <nite:child href="Bro021.D.segs.xml#id(Bro021.segment.347)"/>
         <nite:child href="Bro021.C.segs.xml#id(Bro021.segment.348)..id(Bro021.segment.349)"/>
         <nite:child href="Bro021.B.segs.xml#id(Bro021.segment.350)"/>
         <nite:child href="Bro021.C.segs.xml#id(Bro021.segment.351)"/>
         <nite:child href="Bro021.B.segs.xml#id(Bro021.segment.352)"/>
         <nite:child href="Bro021.C.segs.xml#id(Bro021.segment.353)..id(Bro021.segment.354)"/>
         <nite:child href="Bro021.B.segs.xml#id(Bro021.segment.355)"/>
         <nite:child href="Bro021.C.segs.xml#id(Bro021.segment.356)..id(Bro021.segment.359)"/>
      </topic>
      <topic nite:id="Bro021.topic.6" description="selecting French Telecom features, LDA filter">
         <nite:child href="Bro021.C.segs.xml#id(Bro021.segment.360)..id(Bro021.segment.365)"/>
         <nite:child href="Bro021.A.segs.xml#id(Bro021.segment.369)"/>
         <nite:child href="Bro021.B.segs.xml#id(Bro021.segment.370)"/>
         <nite:child href="Bro021.D.segs.xml#id(Bro021.segment.367)"/>
         <nite:child href="Bro021.E.segs.xml#id(Bro021.segment.366)"/>
         <nite:child href="Bro021.F.segs.xml#id(Bro021.segment.372)"/>
         <nite:child href="Bro021.G.segs.xml#id(Bro021.segment.368)"/>
         <nite:child href="Bro021.C.segs.xml#id(Bro021.segment.373)..id(Bro021.segment.375)"/>
         <nite:child href="Bro021.B.segs.xml#id(Bro021.segment.376)"/>
         <nite:child href="Bro021.C.segs.xml#id(Bro021.segment.377)"/>
         <nite:child href="Bro021.B.segs.xml#id(Bro021.segment.378)"/>
         <nite:child href="Bro021.C.segs.xml#id(Bro021.segment.379)..id(Bro021.segment.381)"/>
         <nite:child href="Bro021.E.segs.xml#id(Bro021.segment.382)"/>
         <nite:child href="Bro021.C.segs.xml#id(Bro021.segment.383)..id(Bro021.segment.385)"/>
         <nite:child href="Bro021.B.segs.xml#id(Bro021.segment.386)"/>
         <nite:child href="Bro021.C.segs.xml#id(Bro021.segment.387)"/>
         <nite:child href="Bro021.D.segs.xml#id(Bro021.segment.388)"/>
         <nite:child href="Bro021.C.segs.xml#id(Bro021.segment.389)..id(Bro021.segment.391)"/>
         <nite:child href="Bro021.D.segs.xml#id(Bro021.segment.392)"/>
         <nite:child href="Bro021.C.segs.xml#id(Bro021.segment.393)..id(Bro021.segment.396)"/>
         <nite:child href="Bro021.D.segs.xml#id(Bro021.segment.397)"/>
         <nite:child href="Bro021.C.segs.xml#id(Bro021.segment.398)..id(Bro021.segment.401)"/>
         <nite:child href="Bro021.B.segs.xml#id(Bro021.segment.402)"/>
         <nite:child href="Bro021.C.segs.xml#id(Bro021.segment.403)..id(Bro021.segment.408)"/>
         <nite:child href="Bro021.B.segs.xml#id(Bro021.segment.409)"/>
         <nite:child href="Bro021.C.segs.xml#id(Bro021.segment.410)"/>
         <nite:child href="Bro021.B.segs.xml#id(Bro021.segment.411)..id(Bro021.segment.418)"/>
         <nite:child href="Bro021.C.segs.xml#id(Bro021.segment.419)"/>
         <nite:child href="Bro021.F.segs.xml#id(Bro021.segment.420)"/>
         <nite:child href="Bro021.C.segs.xml#id(Bro021.segment.421)"/>
         <nite:child href="Bro021.D.segs.xml#id(Bro021.segment.422)"/>
         <nite:child href="Bro021.C.segs.xml#id(Bro021.segment.423)"/>
         <nite:child href="Bro021.D.segs.xml#id(Bro021.segment.424)"/>
         <nite:child href="Bro021.B.segs.xml#id(Bro021.segment.425)"/>
         <nite:child href="Bro021.C.segs.xml#id(Bro021.segment.426)..id(Bro021.segment.427)"/>
         <nite:child href="Bro021.D.segs.xml#id(Bro021.segment.428)"/>
         <nite:child href="Bro021.B.segs.xml#id(Bro021.segment.429)..id(Bro021.segment.430)"/>
         <nite:child href="Bro021.C.segs.xml#id(Bro021.segment.431)"/>
         <nite:child href="Bro021.B.segs.xml#id(Bro021.segment.432)..id(Bro021.segment.433)"/>
         <nite:child href="Bro021.D.segs.xml#id(Bro021.segment.434)"/>
         <nite:child href="Bro021.B.segs.xml#id(Bro021.segment.435)"/>
         <nite:child href="Bro021.C.segs.xml#id(Bro021.segment.436)"/>
         <nite:child href="Bro021.B.segs.xml#id(Bro021.segment.437)"/>
         <nite:child href="Bro021.C.segs.xml#id(Bro021.segment.438)"/>
         <nite:child href="Bro021.B.segs.xml#id(Bro021.segment.439)"/>
         <nite:child href="Bro021.D.segs.xml#id(Bro021.segment.440)..id(Bro021.segment.441)"/>
         <nite:child href="Bro021.B.segs.xml#id(Bro021.segment.442)"/>
         <nite:child href="Bro021.C.segs.xml#id(Bro021.segment.443)"/>
         <nite:child href="Bro021.D.segs.xml#id(Bro021.segment.444)"/>
         <nite:child href="Bro021.C.segs.xml#id(Bro021.segment.445)"/>
         <nite:child href="Bro021.D.segs.xml#id(Bro021.segment.446)"/>
         <nite:child href="Bro021.C.segs.xml#id(Bro021.segment.447)"/>
         <nite:child href="Bro021.D.segs.xml#id(Bro021.segment.448)"/>
         <nite:child href="Bro021.C.segs.xml#id(Bro021.segment.449)"/>
         <nite:child href="Bro021.D.segs.xml#id(Bro021.segment.450)..id(Bro021.segment.451)"/>
         <nite:child href="Bro021.C.segs.xml#id(Bro021.segment.452)"/>
         <nite:child href="Bro021.D.segs.xml#id(Bro021.segment.453)"/>
         <nite:child href="Bro021.F.segs.xml#id(Bro021.segment.454)"/>
         <nite:child href="Bro021.C.segs.xml#id(Bro021.segment.455)"/>
         <nite:child href="Bro021.D.segs.xml#id(Bro021.segment.456)..id(Bro021.segment.457)"/>
         <nite:child href="Bro021.C.segs.xml#id(Bro021.segment.458)"/>
         <nite:child href="Bro021.D.segs.xml#id(Bro021.segment.459)"/>
         <nite:child href="Bro021.C.segs.xml#id(Bro021.segment.460)"/>
         <nite:child href="Bro021.D.segs.xml#id(Bro021.segment.461)..id(Bro021.segment.463)"/>
         <nite:child href="Bro021.B.segs.xml#id(Bro021.segment.464)..id(Bro021.segment.465)"/>
         <nite:child href="Bro021.D.segs.xml#id(Bro021.segment.466)"/>
         <nite:child href="Bro021.E.segs.xml#id(Bro021.segment.467)"/>
         <nite:child href="Bro021.B.segs.xml#id(Bro021.segment.468)"/>
         <nite:child href="Bro021.C.segs.xml#id(Bro021.segment.469)"/>
         <nite:child href="Bro021.D.segs.xml#id(Bro021.segment.470)..id(Bro021.segment.472)"/>
         <nite:child href="Bro021.C.segs.xml#id(Bro021.segment.473)"/>
         <nite:child href="Bro021.D.segs.xml#id(Bro021.segment.474)..id(Bro021.segment.475)"/>
         <nite:child href="Bro021.C.segs.xml#id(Bro021.segment.476)..id(Bro021.segment.477)"/>
         <nite:child href="Bro021.D.segs.xml#id(Bro021.segment.478)..id(Bro021.segment.479)"/>
         <nite:child href="Bro021.C.segs.xml#id(Bro021.segment.480)"/>
         <nite:child href="Bro021.D.segs.xml#id(Bro021.segment.481)"/>
         <nite:child href="Bro021.C.segs.xml#id(Bro021.segment.482)"/>
         <nite:child href="Bro021.E.segs.xml#id(Bro021.segment.483)"/>
         <nite:child href="Bro021.D.segs.xml#id(Bro021.segment.484)"/>
         <nite:child href="Bro021.C.segs.xml#id(Bro021.segment.485)"/>
         <nite:child href="Bro021.D.segs.xml#id(Bro021.segment.486)"/>
         <nite:child href="Bro021.C.segs.xml#id(Bro021.segment.487)"/>
         <nite:child href="Bro021.D.segs.xml#id(Bro021.segment.488)..id(Bro021.segment.489)"/>
         <nite:child href="Bro021.C.segs.xml#id(Bro021.segment.490)"/>
         <nite:child href="Bro021.D.segs.xml#id(Bro021.segment.491)"/>
         <nite:child href="Bro021.C.segs.xml#id(Bro021.segment.492)"/>
         <nite:child href="Bro021.D.segs.xml#id(Bro021.segment.493)"/>
         <nite:child href="Bro021.C.segs.xml#id(Bro021.segment.494)"/>
         <nite:child href="Bro021.D.segs.xml#id(Bro021.segment.495)"/>
         <nite:child href="Bro021.C.segs.xml#id(Bro021.segment.496)"/>
         <nite:child href="Bro021.F.segs.xml#id(Bro021.segment.497)"/>
         <nite:child href="Bro021.D.segs.xml#id(Bro021.segment.498)"/>
         <nite:child href="Bro021.C.segs.xml#id(Bro021.segment.499)"/>
         <nite:child href="Bro021.F.segs.xml#id(Bro021.segment.500)..id(Bro021.segment.501)"/>
         <nite:child href="Bro021.C.segs.xml#id(Bro021.segment.502)"/>
      </topic>
   </topic>
   <topic nite:id="Bro021.topic.7" description="report from Barry, phone recognition experiments">
      <nite:child href="Bro021.F.segs.xml#id(Bro021.segment.503)"/>
      <nite:child href="Bro021.E.segs.xml#id(Bro021.segment.504)"/>
      <nite:child href="Bro021.B.segs.xml#id(Bro021.segment.505)"/>
      <nite:child href="Bro021.F.segs.xml#id(Bro021.segment.506)"/>
      <nite:child href="Bro021.A.segs.xml#id(Bro021.segment.507)..id(Bro021.segment.522)"/>
      <nite:child href="Bro021.F.segs.xml#id(Bro021.segment.523)"/>
      <nite:child href="Bro021.A.segs.xml#id(Bro021.segment.524)..id(Bro021.segment.526)"/>
      <nite:child href="Bro021.F.segs.xml#id(Bro021.segment.527)"/>
      <nite:child href="Bro021.A.segs.xml#id(Bro021.segment.528)..id(Bro021.segment.529)"/>
      <nite:child href="Bro021.F.segs.xml#id(Bro021.segment.530)"/>
      <nite:child href="Bro021.E.segs.xml#id(Bro021.segment.531)"/>
      <nite:child href="Bro021.A.segs.xml#id(Bro021.segment.532)"/>
      <nite:child href="Bro021.F.segs.xml#id(Bro021.segment.533)"/>
      <nite:child href="Bro021.A.segs.xml#id(Bro021.segment.534)..id(Bro021.segment.535)"/>
      <nite:child href="Bro021.F.segs.xml#id(Bro021.segment.536)"/>
      <nite:child href="Bro021.A.segs.xml#id(Bro021.segment.537)..id(Bro021.segment.538)"/>
      <nite:child href="Bro021.F.segs.xml#id(Bro021.segment.539)"/>
      <nite:child href="Bro021.A.segs.xml#id(Bro021.segment.540)"/>
      <nite:child href="Bro021.F.segs.xml#id(Bro021.segment.541)..id(Bro021.segment.542)"/>
      <nite:child href="Bro021.A.segs.xml#id(Bro021.segment.543)"/>
      <nite:child href="Bro021.F.segs.xml#id(Bro021.segment.544)"/>
      <nite:child href="Bro021.D.segs.xml#id(Bro021.segment.545)"/>
      <nite:child href="Bro021.A.segs.xml#id(Bro021.segment.546)"/>
      <nite:child href="Bro021.F.segs.xml#id(Bro021.segment.547)..id(Bro021.segment.548)"/>
      <nite:child href="Bro021.A.segs.xml#id(Bro021.segment.549)"/>
      <nite:child href="Bro021.B.segs.xml#id(Bro021.segment.550)"/>
      <nite:child href="Bro021.A.segs.xml#id(Bro021.segment.551)"/>
      <nite:child href="Bro021.F.segs.xml#id(Bro021.segment.552)"/>
      <nite:child href="Bro021.A.segs.xml#id(Bro021.segment.553)"/>
      <nite:child href="Bro021.F.segs.xml#id(Bro021.segment.554)..id(Bro021.segment.556)"/>
      <nite:child href="Bro021.A.segs.xml#id(Bro021.segment.557)..id(Bro021.segment.558)"/>
      <nite:child href="Bro021.F.segs.xml#id(Bro021.segment.559)"/>
      <nite:child href="Bro021.A.segs.xml#id(Bro021.segment.560)"/>
      <nite:child href="Bro021.F.segs.xml#id(Bro021.segment.561)"/>
      <nite:child href="Bro021.A.segs.xml#id(Bro021.segment.562)"/>
      <nite:child href="Bro021.F.segs.xml#id(Bro021.segment.563)"/>
      <nite:child href="Bro021.A.segs.xml#id(Bro021.segment.564)..id(Bro021.segment.565)"/>
      <nite:child href="Bro021.F.segs.xml#id(Bro021.segment.566)"/>
      <nite:child href="Bro021.A.segs.xml#id(Bro021.segment.567)"/>
      <nite:child href="Bro021.D.segs.xml#id(Bro021.segment.568)"/>
      <nite:child href="Bro021.F.segs.xml#id(Bro021.segment.569)"/>
      <nite:child href="Bro021.A.segs.xml#id(Bro021.segment.570)"/>
      <nite:child href="Bro021.D.segs.xml#id(Bro021.segment.571)"/>
      <nite:child href="Bro021.A.segs.xml#id(Bro021.segment.572)"/>
      <nite:child href="Bro021.F.segs.xml#id(Bro021.segment.573)..id(Bro021.segment.574)"/>
      <nite:child href="Bro021.A.segs.xml#id(Bro021.segment.575)"/>
      <nite:child href="Bro021.F.segs.xml#id(Bro021.segment.576)"/>
      <nite:child href="Bro021.A.segs.xml#id(Bro021.segment.577)"/>
      <nite:child href="Bro021.D.segs.xml#id(Bro021.segment.578)"/>
   </topic>
   <topic nite:id="Bro021.topic.8" description="report from Dave, spectral subtraction, SmartKom">
      <nite:child href="Bro021.F.segs.xml#id(Bro021.segment.579)"/>
      <nite:child href="Bro021.A.segs.xml#id(Bro021.segment.580)"/>
      <nite:child href="Bro021.F.segs.xml#id(Bro021.segment.581)"/>
      <nite:child href="Bro021.D.segs.xml#id(Bro021.segment.582)"/>
      <nite:child href="Bro021.C.segs.xml#id(Bro021.segment.583)"/>
      <nite:child href="Bro021.F.segs.xml#id(Bro021.segment.584)"/>
      <nite:child href="Bro021.G.segs.xml#id(Bro021.segment.585)"/>
      <nite:child href="Bro021.E.segs.xml#id(Bro021.segment.586)"/>
      <nite:child href="Bro021.G.segs.xml#id(Bro021.segment.587)..id(Bro021.segment.588)"/>
      <nite:child href="Bro021.C.segs.xml#id(Bro021.segment.589)"/>
      <nite:child href="Bro021.G.segs.xml#id(Bro021.segment.590)..id(Bro021.segment.592)"/>
      <nite:child href="Bro021.F.segs.xml#id(Bro021.segment.593)"/>
      <nite:child href="Bro021.G.segs.xml#id(Bro021.segment.594)..id(Bro021.segment.597)"/>
      <nite:child href="Bro021.D.segs.xml#id(Bro021.segment.598)"/>
      <nite:child href="Bro021.G.segs.xml#id(Bro021.segment.599)"/>
      <nite:child href="Bro021.D.segs.xml#id(Bro021.segment.600)"/>
      <nite:child href="Bro021.G.segs.xml#id(Bro021.segment.601)..id(Bro021.segment.602)"/>
      <nite:child href="Bro021.D.segs.xml#id(Bro021.segment.603)"/>
      <nite:child href="Bro021.G.segs.xml#id(Bro021.segment.604)..id(Bro021.segment.606)"/>
      <nite:child href="Bro021.F.segs.xml#id(Bro021.segment.607)"/>
      <nite:child href="Bro021.B.segs.xml#id(Bro021.segment.608)"/>
      <nite:child href="Bro021.G.segs.xml#id(Bro021.segment.609)"/>
      <nite:child href="Bro021.D.segs.xml#id(Bro021.segment.610)"/>
      <nite:child href="Bro021.B.segs.xml#id(Bro021.segment.611)"/>
      <nite:child href="Bro021.G.segs.xml#id(Bro021.segment.612)"/>
      <nite:child href="Bro021.B.segs.xml#id(Bro021.segment.613)..id(Bro021.segment.616)"/>
      <nite:child href="Bro021.G.segs.xml#id(Bro021.segment.617)"/>
      <nite:child href="Bro021.B.segs.xml#id(Bro021.segment.618)"/>
      <nite:child href="Bro021.G.segs.xml#id(Bro021.segment.619)"/>
      <nite:child href="Bro021.B.segs.xml#id(Bro021.segment.620)"/>
      <nite:child href="Bro021.G.segs.xml#id(Bro021.segment.621)"/>
      <nite:child href="Bro021.B.segs.xml#id(Bro021.segment.622)"/>
      <nite:child href="Bro021.G.segs.xml#id(Bro021.segment.623)"/>
      <nite:child href="Bro021.B.segs.xml#id(Bro021.segment.624)"/>
      <topic nite:id="Bro021.topic.9" description="phase normalization">
         <nite:child href="Bro021.B.segs.xml#id(Bro021.segment.625)"/>
         <nite:child href="Bro021.D.segs.xml#id(Bro021.segment.626)"/>
         <nite:child href="Bro021.B.segs.xml#id(Bro021.segment.627)..id(Bro021.segment.629)"/>
         <nite:child href="Bro021.G.segs.xml#id(Bro021.segment.630)"/>
         <nite:child href="Bro021.B.segs.xml#id(Bro021.segment.631)..id(Bro021.segment.638)"/>
         <nite:child href="Bro021.G.segs.xml#id(Bro021.segment.639)..id(Bro021.segment.644)"/>
         <nite:child href="Bro021.B.segs.xml#id(Bro021.segment.645)"/>
         <nite:child href="Bro021.F.segs.xml#id(Bro021.segment.646)"/>
         <nite:child href="Bro021.D.segs.xml#id(Bro021.segment.647)"/>
         <nite:child href="Bro021.C.segs.xml#id(Bro021.segment.648)"/>
         <nite:child href="Bro021.B.segs.xml#id(Bro021.segment.649)..id(Bro021.segment.650)"/>
         <nite:child href="Bro021.G.segs.xml#id(Bro021.segment.651)"/>
         <nite:child href="Bro021.F.segs.xml#id(Bro021.segment.652)"/>
         <nite:child href="Bro021.B.segs.xml#id(Bro021.segment.653)"/>
         <nite:child href="Bro021.D.segs.xml#id(Bro021.segment.654)"/>
         <nite:child href="Bro021.B.segs.xml#id(Bro021.segment.655)"/>
         <nite:child href="Bro021.E.segs.xml#id(Bro021.segment.657)"/>
         <nite:child href="Bro021.B.segs.xml#id(Bro021.segment.656)"/>
         <nite:child href="Bro021.A.segs.xml#id(Bro021.segment.658)"/>
         <nite:child href="Bro021.B.segs.xml#id(Bro021.segment.659)"/>
         <nite:child href="Bro021.A.segs.xml#id(Bro021.segment.660)"/>
         <nite:child href="Bro021.B.segs.xml#id(Bro021.segment.661)..id(Bro021.segment.674)"/>
      </topic>
      <topic nite:id="Bro021.topic.10" description="Taylor series expansion">
         <nite:child href="Bro021.B.segs.xml#id(Bro021.segment.675)..id(Bro021.segment.687)"/>
         <nite:child href="Bro021.E.segs.xml#id(Bro021.segment.688)"/>
         <nite:child href="Bro021.B.segs.xml#id(Bro021.segment.689)..id(Bro021.segment.691)"/>
         <nite:child href="Bro021.G.segs.xml#id(Bro021.segment.692)..id(Bro021.segment.693)"/>
         <nite:child href="Bro021.B.segs.xml#id(Bro021.segment.694)..id(Bro021.segment.696)"/>
         <nite:child href="Bro021.G.segs.xml#id(Bro021.segment.697)"/>
         <nite:child href="Bro021.B.segs.xml#id(Bro021.segment.699)"/>
         <nite:child href="Bro021.G.segs.xml#id(Bro021.segment.698)"/>
         <nite:child href="Bro021.B.segs.xml#id(Bro021.segment.700)"/>
         <nite:child href="Bro021.F.segs.xml#id(Bro021.segment.701)"/>
      </topic>
   </topic>
   <topic nite:id="Bro021.topic.11" description="report from Sunil, Wiener filtering, Aurora">
      <nite:child href="Bro021.F.segs.xml#id(Bro021.segment.702)"/>
      <nite:child href="Bro021.D.segs.xml#id(Bro021.segment.703)..id(Bro021.segment.705)"/>
      <nite:child href="Bro021.B.segs.xml#id(Bro021.segment.707)"/>
      <nite:child href="Bro021.D.segs.xml#id(Bro021.segment.708)..id(Bro021.segment.713)"/>
      <nite:child href="Bro021.A.segs.xml#id(Bro021.segment.714)"/>
      <nite:child href="Bro021.D.segs.xml#id(Bro021.segment.715)"/>
      <nite:child href="Bro021.A.segs.xml#id(Bro021.segment.716)"/>
      <nite:child href="Bro021.F.segs.xml#id(Bro021.segment.717)"/>
      <nite:child href="Bro021.D.segs.xml#id(Bro021.segment.718)..id(Bro021.segment.720)"/>
      <nite:child href="Bro021.B.segs.xml#id(Bro021.segment.721)"/>
      <nite:child href="Bro021.E.segs.xml#id(Bro021.segment.722)"/>
      <nite:child href="Bro021.C.segs.xml#id(Bro021.segment.723)"/>
      <nite:child href="Bro021.D.segs.xml#id(Bro021.segment.724)..id(Bro021.segment.726)"/>
      <nite:child href="Bro021.B.segs.xml#id(Bro021.segment.727)..id(Bro021.segment.728)"/>
      <nite:child href="Bro021.D.segs.xml#id(Bro021.segment.729)..id(Bro021.segment.730)"/>
      <nite:child href="Bro021.B.segs.xml#id(Bro021.segment.731)"/>
      <nite:child href="Bro021.D.segs.xml#id(Bro021.segment.732)"/>
      <nite:child href="Bro021.C.segs.xml#id(Bro021.segment.733)"/>
      <nite:child href="Bro021.D.segs.xml#id(Bro021.segment.734)..id(Bro021.segment.736)"/>
      <nite:child href="Bro021.B.segs.xml#id(Bro021.segment.737)..id(Bro021.segment.738)"/>
      <nite:child href="Bro021.D.segs.xml#id(Bro021.segment.739)..id(Bro021.segment.741)"/>
      <nite:child href="Bro021.B.segs.xml#id(Bro021.segment.742)"/>
      <nite:child href="Bro021.F.segs.xml#id(Bro021.segment.743)"/>
      <nite:child href="Bro021.B.segs.xml#id(Bro021.segment.744)"/>
      <nite:child href="Bro021.A.segs.xml#id(Bro021.segment.745)"/>
      <nite:child href="Bro021.B.segs.xml#id(Bro021.segment.746)"/>
      <nite:child href="Bro021.D.segs.xml#id(Bro021.segment.747)"/>
      <nite:child href="Bro021.B.segs.xml#id(Bro021.segment.748)"/>
      <nite:child href="Bro021.D.segs.xml#id(Bro021.segment.749)"/>
      <nite:child href="Bro021.C.segs.xml#id(Bro021.segment.750)"/>
      <nite:child href="Bro021.D.segs.xml#id(Bro021.segment.751)..id(Bro021.segment.757)"/>
      <nite:child href="Bro021.B.segs.xml#id(Bro021.segment.758)"/>
      <nite:child href="Bro021.D.segs.xml#id(Bro021.segment.759)..id(Bro021.segment.760)"/>
      <nite:child href="Bro021.B.segs.xml#id(Bro021.segment.761)"/>
      <nite:child href="Bro021.D.segs.xml#id(Bro021.segment.762)..id(Bro021.segment.766)"/>
      <nite:child href="Bro021.B.segs.xml#id(Bro021.segment.767)"/>
      <nite:child href="Bro021.D.segs.xml#id(Bro021.segment.768)..id(Bro021.segment.777)"/>
   </topic>
   <topic nite:id="Bro021.topic.12" description="report from Carmen, Vector Taylor Series">
      <nite:child href="Bro021.F.segs.xml#id(Bro021.segment.778)"/>
      <nite:child href="Bro021.E.segs.xml#id(Bro021.segment.779)..id(Bro021.segment.780)"/>
      <nite:child href="Bro021.D.segs.xml#id(Bro021.segment.781)"/>
      <nite:child href="Bro021.F.segs.xml#id(Bro021.segment.782)"/>
      <nite:child href="Bro021.E.segs.xml#id(Bro021.segment.783)"/>
      <nite:child href="Bro021.D.segs.xml#id(Bro021.segment.784)"/>
      <nite:child href="Bro021.F.segs.xml#id(Bro021.segment.785)"/>
      <nite:child href="Bro021.E.segs.xml#id(Bro021.segment.786)"/>
      <nite:child href="Bro021.F.segs.xml#id(Bro021.segment.787)"/>
      <nite:child href="Bro021.D.segs.xml#id(Bro021.segment.788)"/>
      <nite:child href="Bro021.B.segs.xml#id(Bro021.segment.789)"/>
      <nite:child href="Bro021.E.segs.xml#id(Bro021.segment.790)..id(Bro021.segment.791)"/>
      <nite:child href="Bro021.C.segs.xml#id(Bro021.segment.792)"/>
      <nite:child href="Bro021.B.segs.xml#id(Bro021.segment.793)"/>
      <nite:child href="Bro021.F.segs.xml#id(Bro021.segment.794)"/>
      <nite:child href="Bro021.D.segs.xml#id(Bro021.segment.795)"/>
      <nite:child href="Bro021.C.segs.xml#id(Bro021.segment.796)"/>
      <nite:child href="Bro021.B.segs.xml#id(Bro021.segment.797)"/>
      <nite:child href="Bro021.F.segs.xml#id(Bro021.segment.798)"/>
      <nite:child href="Bro021.E.segs.xml#id(Bro021.segment.799)..id(Bro021.segment.800)"/>
      <nite:child href="Bro021.C.segs.xml#id(Bro021.segment.801)"/>
      <nite:child href="Bro021.E.segs.xml#id(Bro021.segment.802)..id(Bro021.segment.808)"/>
      <nite:child href="Bro021.B.segs.xml#id(Bro021.segment.809)..id(Bro021.segment.810)"/>
      <nite:child href="Bro021.G.segs.xml#id(Bro021.segment.811)"/>
      <nite:child href="Bro021.E.segs.xml#id(Bro021.segment.812)"/>
      <nite:child href="Bro021.C.segs.xml#id(Bro021.segment.813)"/>
      <nite:child href="Bro021.B.segs.xml#id(Bro021.segment.814)..id(Bro021.segment.815)"/>
      <nite:child href="Bro021.E.segs.xml#id(Bro021.segment.816)"/>
      <nite:child href="Bro021.D.segs.xml#id(Bro021.segment.817)"/>
      <nite:child href="Bro021.E.segs.xml#id(Bro021.segment.818)"/>
      <topic nite:id="Bro021.topic.13" description="noise estimation">
         <nite:child href="Bro021.C.segs.xml#id(Bro021.segment.819)"/>
         <nite:child href="Bro021.E.segs.xml#id(Bro021.segment.820)"/>
         <nite:child href="Bro021.C.segs.xml#id(Bro021.segment.821)..id(Bro021.segment.823)"/>
         <nite:child href="Bro021.E.segs.xml#id(Bro021.segment.822)..id(Bro021.segment.824)"/>
         <nite:child href="Bro021.C.segs.xml#id(Bro021.segment.825)"/>
         <nite:child href="Bro021.D.segs.xml#id(Bro021.segment.826)"/>
         <nite:child href="Bro021.E.segs.xml#id(Bro021.segment.827)..id(Bro021.segment.831)"/>
         <nite:child href="Bro021.B.segs.xml#id(Bro021.segment.832)"/>
         <nite:child href="Bro021.C.segs.xml#id(Bro021.segment.833)..id(Bro021.segment.834)"/>
         <nite:child href="Bro021.E.segs.xml#id(Bro021.segment.835)"/>
         <nite:child href="Bro021.D.segs.xml#id(Bro021.segment.836)"/>
         <nite:child href="Bro021.C.segs.xml#id(Bro021.segment.837)"/>
         <nite:child href="Bro021.E.segs.xml#id(Bro021.segment.838)"/>
         <nite:child href="Bro021.B.segs.xml#id(Bro021.segment.839)..id(Bro021.segment.844)"/>
         <nite:child href="Bro021.E.segs.xml#id(Bro021.segment.845)"/>
         <nite:child href="Bro021.C.segs.xml#id(Bro021.segment.846)"/>
         <nite:child href="Bro021.B.segs.xml#id(Bro021.segment.847)..id(Bro021.segment.848)"/>
         <nite:child href="Bro021.C.segs.xml#id(Bro021.segment.849)"/>
         <nite:child href="Bro021.B.segs.xml#id(Bro021.segment.850)..id(Bro021.segment.856)"/>
         <nite:child href="Bro021.D.segs.xml#id(Bro021.segment.857)"/>
         <nite:child href="Bro021.B.segs.xml#id(Bro021.segment.858)"/>
         <nite:child href="Bro021.D.segs.xml#id(Bro021.segment.859)"/>
         <nite:child href="Bro021.B.segs.xml#id(Bro021.segment.861)"/>
         <nite:child href="Bro021.E.segs.xml#id(Bro021.segment.860)"/>
         <nite:child href="Bro021.C.segs.xml#id(Bro021.segment.862)"/>
         <nite:child href="Bro021.B.segs.xml#id(Bro021.segment.863)..id(Bro021.segment.865)"/>
         <nite:child href="Bro021.E.segs.xml#id(Bro021.segment.866)"/>
      </topic>
      <topic nite:id="Bro021.topic.14" description="VTS method, removing noise from speech">
         <nite:child href="Bro021.E.segs.xml#id(Bro021.segment.867)..id(Bro021.segment.868)"/>
         <nite:child href="Bro021.B.segs.xml#id(Bro021.segment.869)"/>
         <nite:child href="Bro021.E.segs.xml#id(Bro021.segment.870)..id(Bro021.segment.871)"/>
         <nite:child href="Bro021.B.segs.xml#id(Bro021.segment.872)"/>
         <nite:child href="Bro021.E.segs.xml#id(Bro021.segment.873)..id(Bro021.segment.877)"/>
         <nite:child href="Bro021.D.segs.xml#id(Bro021.segment.878)"/>
         <nite:child href="Bro021.E.segs.xml#id(Bro021.segment.879)"/>
         <nite:child href="Bro021.C.segs.xml#id(Bro021.segment.880)"/>
         <nite:child href="Bro021.E.segs.xml#id(Bro021.segment.881)..id(Bro021.segment.887)"/>
         <nite:child href="Bro021.B.segs.xml#id(Bro021.segment.888)"/>
         <nite:child href="Bro021.E.segs.xml#id(Bro021.segment.889)..id(Bro021.segment.894)"/>
         <nite:child href="Bro021.D.segs.xml#id(Bro021.segment.895)"/>
         <nite:child href="Bro021.E.segs.xml#id(Bro021.segment.896)..id(Bro021.segment.899)"/>
         <nite:child href="Bro021.D.segs.xml#id(Bro021.segment.900)"/>
         <nite:child href="Bro021.B.segs.xml#id(Bro021.segment.901)..id(Bro021.segment.902)"/>
         <nite:child href="Bro021.E.segs.xml#id(Bro021.segment.903)"/>
         <nite:child href="Bro021.B.segs.xml#id(Bro021.segment.904)"/>
         <nite:child href="Bro021.E.segs.xml#id(Bro021.segment.905)..id(Bro021.segment.908)"/>
         <nite:child href="Bro021.B.segs.xml#id(Bro021.segment.909)"/>
         <nite:child href="Bro021.E.segs.xml#id(Bro021.segment.910)"/>
         <nite:child href="Bro021.B.segs.xml#id(Bro021.segment.911)"/>
         <nite:child href="Bro021.E.segs.xml#id(Bro021.segment.912)"/>
         <nite:child href="Bro021.B.segs.xml#id(Bro021.segment.913)"/>
         <nite:child href="Bro021.E.segs.xml#id(Bro021.segment.914)"/>
         <nite:child href="Bro021.C.segs.xml#id(Bro021.segment.915)..id(Bro021.segment.916)"/>
         <nite:child href="Bro021.E.segs.xml#id(Bro021.segment.917)"/>
         <nite:child href="Bro021.B.segs.xml#id(Bro021.segment.918)..id(Bro021.segment.919)"/>
         <nite:child href="Bro021.E.segs.xml#id(Bro021.segment.920)..id(Bro021.segment.921)"/>
         <nite:child href="Bro021.B.segs.xml#id(Bro021.segment.922)..id(Bro021.segment.923)"/>
         <nite:child href="Bro021.E.segs.xml#id(Bro021.segment.924)"/>
         <nite:child href="Bro021.B.segs.xml#id(Bro021.segment.925)..id(Bro021.segment.928)"/>
         <nite:child href="Bro021.E.segs.xml#id(Bro021.segment.929)..id(Bro021.segment.930)"/>
         <nite:child href="Bro021.B.segs.xml#id(Bro021.segment.931)"/>
         <nite:child href="Bro021.E.segs.xml#id(Bro021.segment.932)"/>
         <nite:child href="Bro021.C.segs.xml#id(Bro021.segment.933)"/>
         <nite:child href="Bro021.B.segs.xml#id(Bro021.segment.934)"/>
         <nite:child href="Bro021.E.segs.xml#id(Bro021.segment.935)"/>
         <nite:child href="Bro021.B.segs.xml#id(Bro021.segment.936)"/>
         <nite:child href="Bro021.D.segs.xml#id(Bro021.segment.937)"/>
         <nite:child href="Bro021.E.segs.xml#id(Bro021.segment.938)"/>
         <nite:child href="Bro021.D.segs.xml#id(Bro021.segment.939)"/>
         <nite:child href="Bro021.B.segs.xml#id(Bro021.segment.941)"/>
         <nite:child href="Bro021.E.segs.xml#id(Bro021.segment.940)..id(Bro021.segment.942)"/>
         <nite:child href="Bro021.B.segs.xml#id(Bro021.segment.943)"/>
         <nite:child href="Bro021.E.segs.xml#id(Bro021.segment.944)"/>
         <nite:child href="Bro021.B.segs.xml#id(Bro021.segment.945)"/>
         <nite:child href="Bro021.D.segs.xml#id(Bro021.segment.946)"/>
         <nite:child href="Bro021.E.segs.xml#id(Bro021.segment.947)"/>
         <nite:child href="Bro021.B.segs.xml#id(Bro021.segment.948)"/>
         <nite:child href="Bro021.E.segs.xml#id(Bro021.segment.949)"/>
         <nite:child href="Bro021.B.segs.xml#id(Bro021.segment.950)..id(Bro021.segment.953)"/>
         <nite:child href="Bro021.D.segs.xml#id(Bro021.segment.954)"/>
         <nite:child href="Bro021.E.segs.xml#id(Bro021.segment.955)"/>
         <nite:child href="Bro021.B.segs.xml#id(Bro021.segment.956)"/>
         <nite:child href="Bro021.E.segs.xml#id(Bro021.segment.957)"/>
         <nite:child href="Bro021.B.segs.xml#id(Bro021.segment.958)"/>
         <nite:child href="Bro021.C.segs.xml#id(Bro021.segment.959)"/>
         <nite:child href="Bro021.E.segs.xml#id(Bro021.segment.960)"/>
         <nite:child href="Bro021.D.segs.xml#id(Bro021.segment.961)"/>
         <nite:child href="Bro021.E.segs.xml#id(Bro021.segment.962)..id(Bro021.segment.964)"/>
         <nite:child href="Bro021.B.segs.xml#id(Bro021.segment.965)"/>
         <nite:child href="Bro021.E.segs.xml#id(Bro021.segment.966)..id(Bro021.segment.967)"/>
         <nite:child href="Bro021.D.segs.xml#id(Bro021.segment.968)"/>
         <nite:child href="Bro021.E.segs.xml#id(Bro021.segment.969)..id(Bro021.segment.971)"/>
         <nite:child href="Bro021.F.segs.xml#id(Bro021.segment.972)"/>
         <nite:child href="Bro021.B.segs.xml#id(Bro021.segment.973)"/>
         <nite:child href="Bro021.D.segs.xml#id(Bro021.segment.974)"/>
         <nite:child href="Bro021.B.segs.xml#id(Bro021.segment.975)"/>
         <nite:child href="Bro021.D.segs.xml#id(Bro021.segment.976)"/>
         <nite:child href="Bro021.B.segs.xml#id(Bro021.segment.977)"/>
         <nite:child href="Bro021.D.segs.xml#id(Bro021.segment.978)..id(Bro021.segment.979)"/>
         <nite:child href="Bro021.E.segs.xml#id(Bro021.segment.980)"/>
         <nite:child href="Bro021.D.segs.xml#id(Bro021.segment.981)"/>
         <nite:child href="Bro021.E.segs.xml#id(Bro021.segment.982)..id(Bro021.segment.985)"/>
         <nite:child href="Bro021.B.segs.xml#id(Bro021.segment.986)"/>
         <nite:child href="Bro021.D.segs.xml#id(Bro021.segment.987)"/>
         <nite:child href="Bro021.E.segs.xml#id(Bro021.segment.988)..id(Bro021.segment.991)"/>
         <nite:child href="Bro021.D.segs.xml#id(Bro021.segment.992)"/>
         <nite:child href="Bro021.B.segs.xml#id(Bro021.segment.993)..id(Bro021.segment.994)"/>
         <nite:child href="Bro021.D.segs.xml#id(Bro021.segment.995)"/>
         <nite:child href="Bro021.B.segs.xml#id(Bro021.segment.996)"/>
         <nite:child href="Bro021.E.segs.xml#id(Bro021.segment.997)..id(Bro021.segment.999)"/>
         <nite:child href="Bro021.B.segs.xml#id(Bro021.segment.1,000)"/>
         <nite:child href="Bro021.E.segs.xml#id(Bro021.segment.1,001)..id(Bro021.segment.1,005)"/>
         <nite:child href="Bro021.D.segs.xml#id(Bro021.segment.1,006)..id(Bro021.segment.1,007)"/>
         <nite:child href="Bro021.E.segs.xml#id(Bro021.segment.1,008)..id(Bro021.segment.1,009)"/>
         <nite:child href="Bro021.C.segs.xml#id(Bro021.segment.1,010)"/>
         <nite:child href="Bro021.B.segs.xml#id(Bro021.segment.1,011)"/>
         <nite:child href="Bro021.D.segs.xml#id(Bro021.segment.1,012)"/>
         <nite:child href="Bro021.E.segs.xml#id(Bro021.segment.1,013)"/>
         <nite:child href="Bro021.B.segs.xml#id(Bro021.segment.1,015)"/>
         <nite:child href="Bro021.D.segs.xml#id(Bro021.segment.1,014)"/>
         <nite:child href="Bro021.C.segs.xml#id(Bro021.segment.1,016)"/>
         <nite:child href="Bro021.D.segs.xml#id(Bro021.segment.1,017)"/>
         <nite:child href="Bro021.C.segs.xml#id(Bro021.segment.1,018)"/>
         <nite:child href="Bro021.E.segs.xml#id(Bro021.segment.1,019)"/>
         <nite:child href="Bro021.C.segs.xml#id(Bro021.segment.1,020)"/>
         <nite:child href="Bro021.E.segs.xml#id(Bro021.segment.1,021)"/>
         <nite:child href="Bro021.C.segs.xml#id(Bro021.segment.1,022)"/>
         <nite:child href="Bro021.B.segs.xml#id(Bro021.segment.1,023)"/>
         <nite:child href="Bro021.D.segs.xml#id(Bro021.segment.1,024)"/>
         <nite:child href="Bro021.E.segs.xml#id(Bro021.segment.1,025)..id(Bro021.segment.1,029)"/>
         <nite:child href="Bro021.B.segs.xml#id(Bro021.segment.1,030)"/>
         <nite:child href="Bro021.E.segs.xml#id(Bro021.segment.1,031)"/>
         <nite:child href="Bro021.D.segs.xml#id(Bro021.segment.1,032)..id(Bro021.segment.1,033)"/>
         <nite:child href="Bro021.B.segs.xml#id(Bro021.segment.1,034)"/>
         <nite:child href="Bro021.E.segs.xml#id(Bro021.segment.1,035)"/>
         <nite:child href="Bro021.B.segs.xml#id(Bro021.segment.1,036)"/>
         <nite:child href="Bro021.E.segs.xml#id(Bro021.segment.1,037)..id(Bro021.segment.1,039)"/>
         <nite:child href="Bro021.B.segs.xml#id(Bro021.segment.1,040)"/>
         <nite:child href="Bro021.E.segs.xml#id(Bro021.segment.1,041)"/>
         <nite:child href="Bro021.B.segs.xml#id(Bro021.segment.1,042)"/>
         <nite:child href="Bro021.E.segs.xml#id(Bro021.segment.1,043)"/>
         <nite:child href="Bro021.C.segs.xml#id(Bro021.segment.1,044)"/>
         <nite:child href="Bro021.E.segs.xml#id(Bro021.segment.1,045)..id(Bro021.segment.1,046)"/>
         <nite:child href="Bro021.B.segs.xml#id(Bro021.segment.1,047)"/>
         <nite:child href="Bro021.E.segs.xml#id(Bro021.segment.1,048)..id(Bro021.segment.1,049)"/>
         <nite:child href="Bro021.B.segs.xml#id(Bro021.segment.1,050)"/>
         <nite:child href="Bro021.E.segs.xml#id(Bro021.segment.1,051)..id(Bro021.segment.1,053)"/>
         <nite:child href="Bro021.D.segs.xml#id(Bro021.segment.1,054)"/>
         <nite:child href="Bro021.B.segs.xml#id(Bro021.segment.1,055)"/>
         <nite:child href="Bro021.C.segs.xml#id(Bro021.segment.1,056)"/>
         <nite:child href="Bro021.B.segs.xml#id(Bro021.segment.1,057)..id(Bro021.segment.1,059)"/>
         <nite:child href="Bro021.G.segs.xml#id(Bro021.segment.1,060)"/>
         <nite:child href="Bro021.B.segs.xml#id(Bro021.segment.1,061)..id(Bro021.segment.1,062)"/>
         <nite:child href="Bro021.A.segs.xml#id(Bro021.segment.1,063)"/>
         <nite:child href="Bro021.B.segs.xml#id(Bro021.segment.1,064)"/>
         <nite:child href="Bro021.E.segs.xml#id(Bro021.segment.1,065)"/>
         <nite:child href="Bro021.B.segs.xml#id(Bro021.segment.1,066)"/>
         <nite:child href="Bro021.E.segs.xml#id(Bro021.segment.1,067)"/>
         <nite:child href="Bro021.B.segs.xml#id(Bro021.segment.1,068)"/>
         <nite:child href="Bro021.E.segs.xml#id(Bro021.segment.1,069)..id(Bro021.segment.1,070)"/>
         <nite:child href="Bro021.B.segs.xml#id(Bro021.segment.1,071)"/>
         <nite:child href="Bro021.E.segs.xml#id(Bro021.segment.1,072)"/>
         <nite:child href="Bro021.B.segs.xml#id(Bro021.segment.1,073)"/>
         <nite:child href="Bro021.E.segs.xml#id(Bro021.segment.1,074)"/>
         <nite:child href="Bro021.B.segs.xml#id(Bro021.segment.1,075)"/>
         <nite:child href="Bro021.E.segs.xml#id(Bro021.segment.1,076)..id(Bro021.segment.1,077)"/>
         <nite:child href="Bro021.B.segs.xml#id(Bro021.segment.1,078)"/>
         <nite:child href="Bro021.E.segs.xml#id(Bro021.segment.1,079)"/>
         <nite:child href="Bro021.C.segs.xml#id(Bro021.segment.1,080)..id(Bro021.segment.1,081)"/>
         <nite:child href="Bro021.D.segs.xml#id(Bro021.segment.1,082)"/>
         <nite:child href="Bro021.B.segs.xml#id(Bro021.segment.1,084)"/>
         <nite:child href="Bro021.E.segs.xml#id(Bro021.segment.1,083)..id(Bro021.segment.1,085)"/>
         <nite:child href="Bro021.C.segs.xml#id(Bro021.segment.1,086)"/>
         <nite:child href="Bro021.D.segs.xml#id(Bro021.segment.1,087)..id(Bro021.segment.1,088)"/>
         <nite:child href="Bro021.C.segs.xml#id(Bro021.segment.1,089)"/>
         <nite:child href="Bro021.E.segs.xml#id(Bro021.segment.1,090)"/>
         <nite:child href="Bro021.B.segs.xml#id(Bro021.segment.1,091)"/>
         <nite:child href="Bro021.E.segs.xml#id(Bro021.segment.1,092)"/>
         <nite:child href="Bro021.A.segs.xml#id(Bro021.segment.1,094)"/>
         <nite:child href="Bro021.B.segs.xml#id(Bro021.segment.1,099)"/>
         <nite:child href="Bro021.C.segs.xml#id(Bro021.segment.1,100)"/>
         <nite:child href="Bro021.D.segs.xml#id(Bro021.segment.1,096)"/>
         <nite:child href="Bro021.E.segs.xml#id(Bro021.segment.1,098)"/>
         <nite:child href="Bro021.F.segs.xml#id(Bro021.segment.1,095)"/>
         <nite:child href="Bro021.G.segs.xml#id(Bro021.segment.1,093)"/>
         <nite:child href="Bro021.D.segs.xml#id(Bro021.segment.1,101)"/>
         <nite:child href="Bro021.E.segs.xml#id(Bro021.segment.1,102)"/>
         <nite:child href="Bro021.B.segs.xml#id(Bro021.segment.1,103)"/>
         <nite:child href="Bro021.E.segs.xml#id(Bro021.segment.1,104)"/>
         <nite:child href="Bro021.B.segs.xml#id(Bro021.segment.1,105)"/>
         <nite:child href="Bro021.E.segs.xml#id(Bro021.segment.1,106)"/>
         <nite:child href="Bro021.B.segs.xml#id(Bro021.segment.1,107)..id(Bro021.segment.1,108)"/>
         <nite:child href="Bro021.E.segs.xml#id(Bro021.segment.1,109)"/>
         <nite:child href="Bro021.B.segs.xml#id(Bro021.segment.1,110)"/>
         <nite:child href="Bro021.E.segs.xml#id(Bro021.segment.1,111)"/>
         <nite:child href="Bro021.B.segs.xml#id(Bro021.segment.1,112)..id(Bro021.segment.1,114)"/>
         <nite:child href="Bro021.E.segs.xml#id(Bro021.segment.1,115)"/>
         <nite:child href="Bro021.B.segs.xml#id(Bro021.segment.1,116)"/>
         <nite:child href="Bro021.E.segs.xml#id(Bro021.segment.1,117)"/>
         <nite:child href="Bro021.B.segs.xml#id(Bro021.segment.1,118)"/>
         <nite:child href="Bro021.E.segs.xml#id(Bro021.segment.1,119)"/>
         <nite:child href="Bro021.B.segs.xml#id(Bro021.segment.1,120)"/>
         <nite:child href="Bro021.F.segs.xml#id(Bro021.segment.1,121)"/>
         <nite:child href="Bro021.E.segs.xml#id(Bro021.segment.1,122)..id(Bro021.segment.1,123)"/>
         <nite:child href="Bro021.D.segs.xml#id(Bro021.segment.1,124)"/>
         <nite:child href="Bro021.B.segs.xml#id(Bro021.segment.1,125)"/>
         <nite:child href="Bro021.E.segs.xml#id(Bro021.segment.1,126)"/>
         <nite:child href="Bro021.B.segs.xml#id(Bro021.segment.1,127)"/>
         <nite:child href="Bro021.E.segs.xml#id(Bro021.segment.1,128)..id(Bro021.segment.1,131)"/>
         <nite:child href="Bro021.B.segs.xml#id(Bro021.segment.1,132)"/>
         <nite:child href="Bro021.E.segs.xml#id(Bro021.segment.1,134)"/>
         <nite:child href="Bro021.B.segs.xml#id(Bro021.segment.1,133)"/>
         <nite:child href="Bro021.E.segs.xml#id(Bro021.segment.1,135)"/>
         <nite:child href="Bro021.C.segs.xml#id(Bro021.segment.1,136)"/>
         <nite:child href="Bro021.B.segs.xml#id(Bro021.segment.1,137)"/>
         <nite:child href="Bro021.D.segs.xml#id(Bro021.segment.1,139)"/>
         <nite:child href="Bro021.E.segs.xml#id(Bro021.segment.1,138)"/>
         <nite:child href="Bro021.B.segs.xml#id(Bro021.segment.1,140)..id(Bro021.segment.1,141)"/>
         <nite:child href="Bro021.E.segs.xml#id(Bro021.segment.1,142)"/>
         <nite:child href="Bro021.B.segs.xml#id(Bro021.segment.1,143)"/>
         <nite:child href="Bro021.E.segs.xml#id(Bro021.segment.1,144)..id(Bro021.segment.1,146)"/>
         <nite:child href="Bro021.C.segs.xml#id(Bro021.segment.1,147)"/>
         <nite:child href="Bro021.B.segs.xml#id(Bro021.segment.1,148)"/>
         <nite:child href="Bro021.E.segs.xml#id(Bro021.segment.1,149)"/>
         <nite:child href="Bro021.C.segs.xml#id(Bro021.segment.1,150)"/>
         <nite:child href="Bro021.B.segs.xml#id(Bro021.segment.1,151)"/>
         <nite:child href="Bro021.E.segs.xml#id(Bro021.segment.1,152)..id(Bro021.segment.1,162)"/>
         <nite:child href="Bro021.B.segs.xml#id(Bro021.segment.1,163)"/>
         <nite:child href="Bro021.E.segs.xml#id(Bro021.segment.1,164)..id(Bro021.segment.1,166)"/>
         <nite:child href="Bro021.B.segs.xml#id(Bro021.segment.1,167)"/>
         <nite:child href="Bro021.E.segs.xml#id(Bro021.segment.1,168)..id(Bro021.segment.1,170)"/>
         <nite:child href="Bro021.D.segs.xml#id(Bro021.segment.1,171)"/>
         <nite:child href="Bro021.B.segs.xml#id(Bro021.segment.1,172)"/>
         <nite:child href="Bro021.E.segs.xml#id(Bro021.segment.1,173)..id(Bro021.segment.1,177)"/>
         <nite:child href="Bro021.C.segs.xml#id(Bro021.segment.1,178)"/>
         <nite:child href="Bro021.E.segs.xml#id(Bro021.segment.1,179)..id(Bro021.segment.1,180)"/>
         <nite:child href="Bro021.B.segs.xml#id(Bro021.segment.1,181)"/>
         <nite:child href="Bro021.E.segs.xml#id(Bro021.segment.1,182)..id(Bro021.segment.1,184)"/>
         <nite:child href="Bro021.D.segs.xml#id(Bro021.segment.1,185)"/>
         <nite:child href="Bro021.B.segs.xml#id(Bro021.segment.1,186)"/>
         <nite:child href="Bro021.E.segs.xml#id(Bro021.segment.1,187)..id(Bro021.segment.1,188)"/>
         <nite:child href="Bro021.C.segs.xml#id(Bro021.segment.1,189)"/>
         <nite:child href="Bro021.B.segs.xml#id(Bro021.segment.1,190)..id(Bro021.segment.1,194)"/>
         <nite:child href="Bro021.E.segs.xml#id(Bro021.segment.1,195)"/>
         <nite:child href="Bro021.B.segs.xml#id(Bro021.segment.1,196)"/>
         <nite:child href="Bro021.E.segs.xml#id(Bro021.segment.1,197)"/>
         <nite:child href="Bro021.B.segs.xml#id(Bro021.segment.1,198)..id(Bro021.segment.1,199)"/>
         <nite:child href="Bro021.E.segs.xml#id(Bro021.segment.1,200)..id(Bro021.segment.1,201)"/>
         <nite:child href="Bro021.D.segs.xml#id(Bro021.segment.1,202)"/>
         <nite:child href="Bro021.B.segs.xml#id(Bro021.segment.1,203)..id(Bro021.segment.1,206)"/>
         <nite:child href="Bro021.E.segs.xml#id(Bro021.segment.1,207)..id(Bro021.segment.1,210)"/>
         <nite:child href="Bro021.B.segs.xml#id(Bro021.segment.1,211)..id(Bro021.segment.1,212)"/>
         <nite:child href="Bro021.E.segs.xml#id(Bro021.segment.1,213)"/>
         <nite:child href="Bro021.B.segs.xml#id(Bro021.segment.1,214)..id(Bro021.segment.1,215)"/>
         <nite:child href="Bro021.C.segs.xml#id(Bro021.segment.1,216)..id(Bro021.segment.1,217)"/>
         <nite:child href="Bro021.E.segs.xml#id(Bro021.segment.1,218)..id(Bro021.segment.1,219)"/>
         <nite:child href="Bro021.B.segs.xml#id(Bro021.segment.1,220)"/>
         <nite:child href="Bro021.E.segs.xml#id(Bro021.segment.1,221)..id(Bro021.segment.1,222)"/>
         <nite:child href="Bro021.B.segs.xml#id(Bro021.segment.1,223)..id(Bro021.segment.1,224)"/>
         <nite:child href="Bro021.E.segs.xml#id(Bro021.segment.1,225)..id(Bro021.segment.1,227)"/>
         <nite:child href="Bro021.D.segs.xml#id(Bro021.segment.1,228)"/>
         <nite:child href="Bro021.E.segs.xml#id(Bro021.segment.1,229)..id(Bro021.segment.1,231)"/>
         <nite:child href="Bro021.B.segs.xml#id(Bro021.segment.1,232)"/>
         <nite:child href="Bro021.E.segs.xml#id(Bro021.segment.1,233)"/>
         <nite:child href="Bro021.B.segs.xml#id(Bro021.segment.1,234)"/>
         <nite:child href="Bro021.E.segs.xml#id(Bro021.segment.1,235)"/>
         <nite:child href="Bro021.D.segs.xml#id(Bro021.segment.1,236)"/>
         <nite:child href="Bro021.E.segs.xml#id(Bro021.segment.1,237)"/>
         <nite:child href="Bro021.B.segs.xml#id(Bro021.segment.1,238)"/>
         <nite:child href="Bro021.E.segs.xml#id(Bro021.segment.1,239)..id(Bro021.segment.1,243)"/>
         <nite:child href="Bro021.B.segs.xml#id(Bro021.segment.1,244)"/>
         <nite:child href="Bro021.E.segs.xml#id(Bro021.segment.1,245)..id(Bro021.segment.1,247)"/>
         <nite:child href="Bro021.B.segs.xml#id(Bro021.segment.1,248)"/>
         <nite:child href="Bro021.E.segs.xml#id(Bro021.segment.1,249)"/>
         <nite:child href="Bro021.B.segs.xml#id(Bro021.segment.1,250)"/>
         <nite:child href="Bro021.E.segs.xml#id(Bro021.segment.1,251)..id(Bro021.segment.1,254)"/>
         <nite:child href="Bro021.D.segs.xml#id(Bro021.segment.1,255)"/>
         <nite:child href="Bro021.B.segs.xml#id(Bro021.segment.1,256)"/>
         <nite:child href="Bro021.E.segs.xml#id(Bro021.segment.1,257)..id(Bro021.segment.1,258)"/>
         <nite:child href="Bro021.B.segs.xml#id(Bro021.segment.1,259)..id(Bro021.segment.1,260)"/>
         <nite:child href="Bro021.E.segs.xml#id(Bro021.segment.1,261)..id(Bro021.segment.1,263)"/>
         <nite:child href="Bro021.B.segs.xml#id(Bro021.segment.1,264)"/>
         <nite:child href="Bro021.E.segs.xml#id(Bro021.segment.1,265)"/>
         <nite:child href="Bro021.B.segs.xml#id(Bro021.segment.1,266)"/>
         <nite:child href="Bro021.G.segs.xml#id(Bro021.segment.1,267)"/>
         <nite:child href="Bro021.E.segs.xml#id(Bro021.segment.1,268)..id(Bro021.segment.1,269)"/>
         <nite:child href="Bro021.D.segs.xml#id(Bro021.segment.1,270)"/>
         <nite:child href="Bro021.E.segs.xml#id(Bro021.segment.1,271)"/>
         <nite:child href="Bro021.C.segs.xml#id(Bro021.segment.1,272)"/>
         <nite:child href="Bro021.E.segs.xml#id(Bro021.segment.1,273)..id(Bro021.segment.1,276)"/>
         <nite:child href="Bro021.B.segs.xml#id(Bro021.segment.1,277)..id(Bro021.segment.1,278)"/>
         <nite:child href="Bro021.E.segs.xml#id(Bro021.segment.1,279)"/>
         <nite:child href="Bro021.B.segs.xml#id(Bro021.segment.1,280)"/>
         <nite:child href="Bro021.E.segs.xml#id(Bro021.segment.1,282)"/>
         <nite:child href="Bro021.B.segs.xml#id(Bro021.segment.1,281)"/>
         <nite:child href="Bro021.E.segs.xml#id(Bro021.segment.1,283)"/>
         <nite:child href="Bro021.G.segs.xml#id(Bro021.segment.1,284)"/>
         <nite:child href="Bro021.B.segs.xml#id(Bro021.segment.1,285)"/>
         <nite:child href="Bro021.E.segs.xml#id(Bro021.segment.1,286)..id(Bro021.segment.1,288)"/>
         <nite:child href="Bro021.D.segs.xml#id(Bro021.segment.1,289)"/>
         <nite:child href="Bro021.A.segs.xml#id(Bro021.segment.1,290)"/>
         <nite:child href="Bro021.D.segs.xml#id(Bro021.segment.1,291)"/>
         <nite:child href="Bro021.E.segs.xml#id(Bro021.segment.1,292)..id(Bro021.segment.1,293)"/>
         <nite:child href="Bro021.G.segs.xml#id(Bro021.segment.1,294)"/>
         <nite:child href="Bro021.E.segs.xml#id(Bro021.segment.1,295)..id(Bro021.segment.1,296)"/>
         <nite:child href="Bro021.B.segs.xml#id(Bro021.segment.1,297)"/>
         <nite:child href="Bro021.D.segs.xml#id(Bro021.segment.1,298)"/>
         <nite:child href="Bro021.E.segs.xml#id(Bro021.segment.1,299)..id(Bro021.segment.1,308)"/>
         <nite:child href="Bro021.B.segs.xml#id(Bro021.segment.1,309)"/>
         <nite:child href="Bro021.E.segs.xml#id(Bro021.segment.1,310)"/>
         <nite:child href="Bro021.B.segs.xml#id(Bro021.segment.1,311)"/>
         <nite:child href="Bro021.E.segs.xml#id(Bro021.segment.1,312)..id(Bro021.segment.1,314)"/>
         <nite:child href="Bro021.B.segs.xml#id(Bro021.segment.1,315)..id(Bro021.segment.1,316)"/>
         <nite:child href="Bro021.D.segs.xml#id(Bro021.segment.1,317)"/>
         <nite:child href="Bro021.E.segs.xml#id(Bro021.segment.1,318)"/>
         <nite:child href="Bro021.B.segs.xml#id(Bro021.segment.1,319)..id(Bro021.segment.1,321)"/>
         <nite:child href="Bro021.E.segs.xml#id(Bro021.segment.1,322)"/>
         <nite:child href="Bro021.B.segs.xml#id(Bro021.segment.1,323)"/>
         <nite:child href="Bro021.E.segs.xml#id(Bro021.segment.1,324)"/>
         <nite:child href="Bro021.B.segs.xml#id(Bro021.segment.1,325)"/>
         <nite:child href="Bro021.E.segs.xml#id(Bro021.segment.1,326)..id(Bro021.segment.1,327)"/>
         <nite:child href="Bro021.B.segs.xml#id(Bro021.segment.1,328)..id(Bro021.segment.1,329)"/>
         <nite:child href="Bro021.D.segs.xml#id(Bro021.segment.1,330)"/>
         <nite:child href="Bro021.E.segs.xml#id(Bro021.segment.1,331)"/>
         <nite:child href="Bro021.C.segs.xml#id(Bro021.segment.1,332)"/>
         <nite:child href="Bro021.E.segs.xml#id(Bro021.segment.1,333)..id(Bro021.segment.1,334)"/>
         <nite:child href="Bro021.B.segs.xml#id(Bro021.segment.1,335)..id(Bro021.segment.1,336)"/>
         <nite:child href="Bro021.C.segs.xml#id(Bro021.segment.1,337)"/>
         <nite:child href="Bro021.B.segs.xml#id(Bro021.segment.1,338)..id(Bro021.segment.1,339)"/>
         <nite:child href="Bro021.E.segs.xml#id(Bro021.segment.1,340)"/>
         <nite:child href="Bro021.B.segs.xml#id(Bro021.segment.1,341)"/>
         <nite:child href="Bro021.E.segs.xml#id(Bro021.segment.1,342)"/>
         <nite:child href="Bro021.F.segs.xml#id(Bro021.segment.1,343)"/>
         <nite:child href="Bro021.E.segs.xml#id(Bro021.segment.1,344)..id(Bro021.segment.1,345)"/>
         <nite:child href="Bro021.B.segs.xml#id(Bro021.segment.1,346)"/>
         <nite:child href="Bro021.E.segs.xml#id(Bro021.segment.1,347)"/>
         <nite:child href="Bro021.B.segs.xml#id(Bro021.segment.1,348)"/>
         <nite:child href="Bro021.D.segs.xml#id(Bro021.segment.1,349)"/>
         <nite:child href="Bro021.B.segs.xml#id(Bro021.segment.1,350)..id(Bro021.segment.1,352)"/>
         <nite:child href="Bro021.E.segs.xml#id(Bro021.segment.1,353)"/>
         <nite:child href="Bro021.B.segs.xml#id(Bro021.segment.1,354)"/>
         <nite:child href="Bro021.E.segs.xml#id(Bro021.segment.1,355)..id(Bro021.segment.1,356)"/>
         <nite:child href="Bro021.B.segs.xml#id(Bro021.segment.1,357)"/>
         <nite:child href="Bro021.E.segs.xml#id(Bro021.segment.1,358)"/>
         <nite:child href="Bro021.B.segs.xml#id(Bro021.segment.1,359)..id(Bro021.segment.1,361)"/>
         <nite:child href="Bro021.G.segs.xml#id(Bro021.segment.1,362)"/>
         <nite:child href="Bro021.B.segs.xml#id(Bro021.segment.1,363)..id(Bro021.segment.1,365)"/>
         <nite:child href="Bro021.E.segs.xml#id(Bro021.segment.1,366)"/>
         <nite:child href="Bro021.D.segs.xml#id(Bro021.segment.1,367)"/>
         <nite:child href="Bro021.B.segs.xml#id(Bro021.segment.1,368)"/>
         <nite:child href="Bro021.E.segs.xml#id(Bro021.segment.1,369)"/>
         <nite:child href="Bro021.B.segs.xml#id(Bro021.segment.1,370)..id(Bro021.segment.1,373)"/>
         <nite:child href="Bro021.E.segs.xml#id(Bro021.segment.1,372)"/>
         <nite:child href="Bro021.F.segs.xml#id(Bro021.segment.1,374)"/>
         <nite:child href="Bro021.B.segs.xml#id(Bro021.segment.1,375)..id(Bro021.segment.1,376)"/>
         <nite:child href="Bro021.E.segs.xml#id(Bro021.segment.1,377)..id(Bro021.segment.1,378)"/>
         <nite:child href="Bro021.B.segs.xml#id(Bro021.segment.1,379)..id(Bro021.segment.1,387)"/>
         <nite:child href="Bro021.C.segs.xml#id(Bro021.segment.1,388)"/>
         <nite:child href="Bro021.B.segs.xml#id(Bro021.segment.1,389)..id(Bro021.segment.1,391)"/>
         <nite:child href="Bro021.E.segs.xml#id(Bro021.segment.1,390)"/>
         <nite:child href="Bro021.B.segs.xml#id(Bro021.segment.1,392)..id(Bro021.segment.1,399)"/>
         <nite:child href="Bro021.E.segs.xml#id(Bro021.segment.1,400)"/>
         <nite:child href="Bro021.B.segs.xml#id(Bro021.segment.1,401)"/>
         <nite:child href="Bro021.E.segs.xml#id(Bro021.segment.1,402)"/>
         <nite:child href="Bro021.B.segs.xml#id(Bro021.segment.1,403)"/>
         <nite:child href="Bro021.E.segs.xml#id(Bro021.segment.1,404)"/>
         <nite:child href="Bro021.B.segs.xml#id(Bro021.segment.1,405)"/>
         <nite:child href="Bro021.E.segs.xml#id(Bro021.segment.1,406)"/>
         <nite:child href="Bro021.F.segs.xml#id(Bro021.segment.1,407)"/>
         <nite:child href="Bro021.C.segs.xml#id(Bro021.segment.1,408)"/>
         <nite:child href="Bro021.A.segs.xml#id(Bro021.segment.1,409)"/>
         <nite:child href="Bro021.E.segs.xml#id(Bro021.segment.1,410)"/>
         <nite:child href="Bro021.B.segs.xml#id(Bro021.segment.1,411)"/>
         <nite:child href="Bro021.E.segs.xml#id(Bro021.segment.1,412)"/>
         <nite:child href="Bro021.A.segs.xml#id(Bro021.segment.1,413)"/>
         <nite:child href="Bro021.E.segs.xml#id(Bro021.segment.1,414)..id(Bro021.segment.1,415)"/>
         <nite:child href="Bro021.A.segs.xml#id(Bro021.segment.1,416)"/>
         <nite:child href="Bro021.E.segs.xml#id(Bro021.segment.1,417)..id(Bro021.segment.1,418)"/>
         <nite:child href="Bro021.B.segs.xml#id(Bro021.segment.1,419)"/>
      </topic>
   </topic>
   <topic nite:id="Bro021.topic.15" description="closing">
      <nite:child href="Bro021.F.segs.xml#id(Bro021.segment.1,420)..id(Bro021.segment.1,421)"/>
      <nite:child href="Bro021.B.segs.xml#id(Bro021.segment.1,422)"/>
      <nite:child href="Bro021.F.segs.xml#id(Bro021.segment.1,423)"/>
      <nite:child href="Bro021.E.segs.xml#id(Bro021.segment.1,424)..id(Bro021.segment.1,425)"/>
      <nite:child href="Bro021.F.segs.xml#id(Bro021.segment.1,426)"/>
      <nite:child href="Bro021.B.segs.xml#id(Bro021.segment.1,427)"/>
      <nite:child href="Bro021.F.segs.xml#id(Bro021.segment.1,428)"/>
      <nite:child href="Bro021.E.segs.xml#id(Bro021.segment.1,429)"/>
      <nite:child href="Bro021.D.segs.xml#id(Bro021.segment.1,430)"/>
      <nite:child href="Bro021.B.segs.xml#id(Bro021.segment.1,431)"/>
      <nite:child href="Bro021.D.segs.xml#id(Bro021.segment.1,432)"/>
      <nite:child href="Bro021.F.segs.xml#id(Bro021.segment.1,433)..id(Bro021.segment.1,434)"/>
      <nite:child href="Bro021.D.segs.xml#id(Bro021.segment.1,435)"/>
      <nite:child href="Bro021.B.segs.xml#id(Bro021.segment.1,436)"/>
      <nite:child href="Bro021.F.segs.xml#id(Bro021.segment.1,437)"/>
      <nite:child href="Bro021.D.segs.xml#id(Bro021.segment.1,438)"/>
      <nite:child href="Bro021.B.segs.xml#id(Bro021.segment.1,439)"/>
      <topic nite:id="Bro021.topic.16" description="digit task">
         <nite:child href="Bro021.B.segs.xml#id(Bro021.segment.1,440)..id(Bro021.segment.1,449)"/>
         <nite:child href="Bro021.A.segs.xml#id(Bro021.segment.1,450)..id(Bro021.segment.1,451)"/>
         <nite:child href="Bro021.E.segs.xml#id(Bro021.segment.1,452)"/>
         <nite:child href="Bro021.A.segs.xml#id(Bro021.segment.1,453)"/>
         <nite:child href="Bro021.D.segs.xml#id(Bro021.segment.1,454)"/>
         <nite:child href="Bro021.B.segs.xml#id(Bro021.segment.1,455)"/>
         <nite:child href="Bro021.A.segs.xml#id(Bro021.segment.1,456)..id(Bro021.segment.1,457)"/>
         <nite:child href="Bro021.E.segs.xml#id(Bro021.segment.1,458)"/>
         <nite:child href="Bro021.A.segs.xml#id(Bro021.segment.1,459)..id(Bro021.segment.1,462)"/>
         <nite:child href="Bro021.F.segs.xml#id(Bro021.segment.1,463)..id(Bro021.segment.1,465)"/>
         <nite:child href="Bro021.A.segs.xml#id(Bro021.segment.1,466)"/>
         <nite:child href="Bro021.B.segs.xml#id(Bro021.segment.1,467)"/>
         <nite:child href="Bro021.F.segs.xml#id(Bro021.segment.1,468)..id(Bro021.segment.1,473)"/>
         <nite:child href="Bro021.G.segs.xml#id(Bro021.segment.1,474)..id(Bro021.segment.1,477)"/>
         <nite:child href="Bro021.A.segs.xml#id(Bro021.segment.1,478)"/>
         <nite:child href="Bro021.G.segs.xml#id(Bro021.segment.1,479)..id(Bro021.segment.1,483)"/>
      </topic>
      <nite:child href="Bro021.F.segs.xml#id(Bro021.segment.1,484)"/>
      <nite:child href="Bro021.G.segs.xml#id(Bro021.segment.1,485)"/>
      <nite:child href="Bro021.B.segs.xml#id(Bro021.segment.1,486)"/>
   </topic>
</nite:root>