<?xml version="1.0" encoding="ISO-8859-1" standalone="yes"?>
<nite:root nite:id="Bmr026.autotopic.1" xmlns:nite="http://nite.sourceforge.net/">
   <autopic nite:id="Bmr026.autotopic.2" tstart="0.0" tend="2494.73">
      <nite:child href="Bmr026.B.aseg.xml#id(Bmr026.B.asg.61320)"/>
      <nite:child href="Bmr026.A.aseg.xml#id(Bmr026.A.asg.61123)..id(Bmr026.A.asg.61127)"/>
      <nite:child href="Bmr026.F.aseg.xml#id(Bmr026.F.asg.62062)"/>
      <nite:child href="Bmr026.C.aseg.xml#id(Bmr026.C.asg.61598)"/>
      <nite:child href="Bmr026.F.aseg.xml#id(Bmr026.F.asg.62063)"/>
      <nite:child href="Bmr026.D.aseg.xml#id(Bmr026.D.asg.61664)"/>
      <nite:child href="Bmr026.F.aseg.xml#id(Bmr026.F.asg.62064)"/>
      <nite:child href="Bmr026.A.aseg.xml#id(Bmr026.A.asg.61128)"/>
      <nite:child href="Bmr026.F.aseg.xml#id(Bmr026.F.asg.62065)..id(Bmr026.F.asg.62066)"/>
      <nite:child href="Bmr026.A.aseg.xml#id(Bmr026.A.asg.61129)"/>
      <nite:child href="Bmr026.F.aseg.xml#id(Bmr026.F.asg.62067)..id(Bmr026.F.asg.62072)"/>
      <nite:child href="Bmr026.C.aseg.xml#id(Bmr026.C.asg.61599)"/>
      <nite:child href="Bmr026.F.aseg.xml#id(Bmr026.F.asg.62073)..id(Bmr026.F.asg.62074)"/>
      <nite:child href="Bmr026.D.aseg.xml#id(Bmr026.D.asg.61665)"/>
      <nite:child href="Bmr026.E.aseg.xml#id(Bmr026.E.asg.62001)"/>
      <nite:child href="Bmr026.D.aseg.xml#id(Bmr026.D.asg.61666)"/>
      <nite:child href="Bmr026.F.aseg.xml#id(Bmr026.F.asg.62075)"/>
      <nite:child href="Bmr026.E.aseg.xml#id(Bmr026.E.asg.62002)"/>
      <nite:child href="Bmr026.F.aseg.xml#id(Bmr026.F.asg.62076)..id(Bmr026.F.asg.62077)"/>
      <nite:child href="Bmr026.C.aseg.xml#id(Bmr026.C.asg.61600)"/>
      <nite:child href="Bmr026.E.aseg.xml#id(Bmr026.E.asg.62003)"/>
      <nite:child href="Bmr026.D.aseg.xml#id(Bmr026.D.asg.61667)"/>
      <nite:child href="Bmr026.F.aseg.xml#id(Bmr026.F.asg.62078)"/>
      <nite:child href="Bmr026.E.aseg.xml#id(Bmr026.E.asg.62004)"/>
      <nite:child href="Bmr026.D.aseg.xml#id(Bmr026.D.asg.61668)"/>
      <nite:child href="Bmr026.A.aseg.xml#id(Bmr026.A.asg.61130)"/>
      <nite:child href="Bmr026.F.aseg.xml#id(Bmr026.F.asg.62079)"/>
      <nite:child href="Bmr026.A.aseg.xml#id(Bmr026.A.asg.61131)"/>
      <nite:child href="Bmr026.F.aseg.xml#id(Bmr026.F.asg.62080)"/>
      <nite:child href="Bmr026.D.aseg.xml#id(Bmr026.D.asg.61669)..id(Bmr026.D.asg.61671)"/>
      <nite:child href="Bmr026.F.aseg.xml#id(Bmr026.F.asg.62081)"/>
      <nite:child href="Bmr026.E.aseg.xml#id(Bmr026.E.asg.62005)"/>
      <nite:child href="Bmr026.D.aseg.xml#id(Bmr026.D.asg.61672)"/>
      <nite:child href="Bmr026.F.aseg.xml#id(Bmr026.F.asg.62082)"/>
      <nite:child href="Bmr026.E.aseg.xml#id(Bmr026.E.asg.62006)"/>
      <nite:child href="Bmr026.D.aseg.xml#id(Bmr026.D.asg.61673)..id(Bmr026.D.asg.61675)"/>
      <nite:child href="Bmr026.C.aseg.xml#id(Bmr026.C.asg.61601)"/>
      <nite:child href="Bmr026.D.aseg.xml#id(Bmr026.D.asg.61676)..id(Bmr026.D.asg.61678)"/>
      <nite:child href="Bmr026.A.aseg.xml#id(Bmr026.A.asg.61132)"/>
      <nite:child href="Bmr026.D.aseg.xml#id(Bmr026.D.asg.61679)"/>
      <nite:child href="Bmr026.A.aseg.xml#id(Bmr026.A.asg.61133)"/>
      <nite:child href="Bmr026.D.aseg.xml#id(Bmr026.D.asg.61680)..id(Bmr026.D.asg.61682)"/>
      <nite:child href="Bmr026.B.aseg.xml#id(Bmr026.B.asg.61321)"/>
      <nite:child href="Bmr026.D.aseg.xml#id(Bmr026.D.asg.61683)"/>
      <nite:child href="Bmr026.C.aseg.xml#id(Bmr026.C.asg.61602)..id(Bmr026.C.asg.61603)"/>
      <nite:child href="Bmr026.D.aseg.xml#id(Bmr026.D.asg.61684)..id(Bmr026.D.asg.61687)"/>
      <nite:child href="Bmr026.B.aseg.xml#id(Bmr026.B.asg.61322)"/>
      <nite:child href="Bmr026.D.aseg.xml#id(Bmr026.D.asg.61688)..id(Bmr026.D.asg.61689)"/>
      <nite:child href="Bmr026.A.aseg.xml#id(Bmr026.A.asg.61134)"/>
      <nite:child href="Bmr026.D.aseg.xml#id(Bmr026.D.asg.61690)"/>
      <nite:child href="Bmr026.C.aseg.xml#id(Bmr026.C.asg.61604)"/>
      <nite:child href="Bmr026.D.aseg.xml#id(Bmr026.D.asg.61691)"/>
      <nite:child href="Bmr026.B.aseg.xml#id(Bmr026.B.asg.61323)"/>
      <nite:child href="Bmr026.D.aseg.xml#id(Bmr026.D.asg.61692)"/>
      <nite:child href="Bmr026.B.aseg.xml#id(Bmr026.B.asg.61324)"/>
      <nite:child href="Bmr026.D.aseg.xml#id(Bmr026.D.asg.61693)"/>
      <nite:child href="Bmr026.B.aseg.xml#id(Bmr026.B.asg.61325)"/>
      <nite:child href="Bmr026.D.aseg.xml#id(Bmr026.D.asg.61694)..id(Bmr026.D.asg.61695)"/>
      <nite:child href="Bmr026.B.aseg.xml#id(Bmr026.B.asg.61326)"/>
      <nite:child href="Bmr026.D.aseg.xml#id(Bmr026.D.asg.61696)"/>
      <nite:child href="Bmr026.F.aseg.xml#id(Bmr026.F.asg.62083)"/>
      <nite:child href="Bmr026.A.aseg.xml#id(Bmr026.A.asg.61135)"/>
      <nite:child href="Bmr026.F.aseg.xml#id(Bmr026.F.asg.62084)"/>
      <nite:child href="Bmr026.A.aseg.xml#id(Bmr026.A.asg.61136)"/>
      <nite:child href="Bmr026.F.aseg.xml#id(Bmr026.F.asg.62085)"/>
      <nite:child href="Bmr026.A.aseg.xml#id(Bmr026.A.asg.61137)"/>
      <nite:child href="Bmr026.F.aseg.xml#id(Bmr026.F.asg.62086)"/>
      <nite:child href="Bmr026.A.aseg.xml#id(Bmr026.A.asg.61138)"/>
      <nite:child href="Bmr026.B.aseg.xml#id(Bmr026.B.asg.61327)"/>
      <nite:child href="Bmr026.A.aseg.xml#id(Bmr026.A.asg.61139)..id(Bmr026.A.asg.61140)"/>
      <nite:child href="Bmr026.B.aseg.xml#id(Bmr026.B.asg.61328)"/>
      <nite:child href="Bmr026.A.aseg.xml#id(Bmr026.A.asg.61141)"/>
      <nite:child href="Bmr026.C.aseg.xml#id(Bmr026.C.asg.61605)"/>
      <nite:child href="Bmr026.A.aseg.xml#id(Bmr026.A.asg.61142)..id(Bmr026.A.asg.61143)"/>
      <nite:child href="Bmr026.C.aseg.xml#id(Bmr026.C.asg.61606)"/>
      <nite:child href="Bmr026.A.aseg.xml#id(Bmr026.A.asg.61144)"/>
      <nite:child href="Bmr026.C.aseg.xml#id(Bmr026.C.asg.61607)"/>
      <nite:child href="Bmr026.F.aseg.xml#id(Bmr026.F.asg.62087)"/>
      <nite:child href="Bmr026.C.aseg.xml#id(Bmr026.C.asg.61608)"/>
      <nite:child href="Bmr026.F.aseg.xml#id(Bmr026.F.asg.62088)"/>
      <nite:child href="Bmr026.A.aseg.xml#id(Bmr026.A.asg.61145)..id(Bmr026.A.asg.61146)"/>
      <nite:child href="Bmr026.F.aseg.xml#id(Bmr026.F.asg.62089)..id(Bmr026.F.asg.62090)"/>
      <nite:child href="Bmr026.A.aseg.xml#id(Bmr026.A.asg.61147)"/>
      <nite:child href="Bmr026.F.aseg.xml#id(Bmr026.F.asg.62091)"/>
      <nite:child href="Bmr026.A.aseg.xml#id(Bmr026.A.asg.61148)..id(Bmr026.A.asg.61153)"/>
      <nite:child href="Bmr026.E.aseg.xml#id(Bmr026.E.asg.62007)"/>
      <nite:child href="Bmr026.A.aseg.xml#id(Bmr026.A.asg.61154)"/>
      <nite:child href="Bmr026.B.aseg.xml#id(Bmr026.B.asg.61329)"/>
      <nite:child href="Bmr026.A.aseg.xml#id(Bmr026.A.asg.61155)"/>
      <nite:child href="Bmr026.B.aseg.xml#id(Bmr026.B.asg.61330)"/>
      <nite:child href="Bmr026.A.aseg.xml#id(Bmr026.A.asg.61156)"/>
      <nite:child href="Bmr026.D.aseg.xml#id(Bmr026.D.asg.61697)"/>
      <nite:child href="Bmr026.B.aseg.xml#id(Bmr026.B.asg.61331)"/>
      <nite:child href="Bmr026.A.aseg.xml#id(Bmr026.A.asg.61157)..id(Bmr026.A.asg.61158)"/>
      <nite:child href="Bmr026.E.aseg.xml#id(Bmr026.E.asg.62008)..id(Bmr026.E.asg.62010)"/>
      <nite:child href="Bmr026.A.aseg.xml#id(Bmr026.A.asg.61159)..id(Bmr026.A.asg.61160)"/>
      <nite:child href="Bmr026.E.aseg.xml#id(Bmr026.E.asg.62011)..id(Bmr026.E.asg.62012)"/>
      <nite:child href="Bmr026.B.aseg.xml#id(Bmr026.B.asg.61332)"/>
      <nite:child href="Bmr026.E.aseg.xml#id(Bmr026.E.asg.62013)"/>
      <nite:child href="Bmr026.A.aseg.xml#id(Bmr026.A.asg.61161)"/>
      <nite:child href="Bmr026.E.aseg.xml#id(Bmr026.E.asg.62014)"/>
      <nite:child href="Bmr026.C.aseg.xml#id(Bmr026.C.asg.61609)..id(Bmr026.C.asg.61610)"/>
      <nite:child href="Bmr026.D.aseg.xml#id(Bmr026.D.asg.61698)..id(Bmr026.D.asg.61700)"/>
      <nite:child href="Bmr026.C.aseg.xml#id(Bmr026.C.asg.61611)..id(Bmr026.C.asg.61612)"/>
      <nite:child href="Bmr026.A.aseg.xml#id(Bmr026.A.asg.61162)"/>
      <nite:child href="Bmr026.D.aseg.xml#id(Bmr026.D.asg.61701)"/>
      <nite:child href="Bmr026.A.aseg.xml#id(Bmr026.A.asg.61163)"/>
      <nite:child href="Bmr026.C.aseg.xml#id(Bmr026.C.asg.61613)"/>
      <nite:child href="Bmr026.D.aseg.xml#id(Bmr026.D.asg.61702)"/>
      <nite:child href="Bmr026.C.aseg.xml#id(Bmr026.C.asg.61614)..id(Bmr026.C.asg.61616)"/>
      <nite:child href="Bmr026.A.aseg.xml#id(Bmr026.A.asg.61164)"/>
      <nite:child href="Bmr026.C.aseg.xml#id(Bmr026.C.asg.61617)"/>
      <nite:child href="Bmr026.A.aseg.xml#id(Bmr026.A.asg.61165)"/>
      <nite:child href="Bmr026.C.aseg.xml#id(Bmr026.C.asg.61618)"/>
      <nite:child href="Bmr026.A.aseg.xml#id(Bmr026.A.asg.61166)"/>
      <nite:child href="Bmr026.D.aseg.xml#id(Bmr026.D.asg.61703)"/>
      <nite:child href="Bmr026.C.aseg.xml#id(Bmr026.C.asg.61619)..id(Bmr026.C.asg.61620)"/>
      <nite:child href="Bmr026.A.aseg.xml#id(Bmr026.A.asg.61167)"/>
      <nite:child href="Bmr026.D.aseg.xml#id(Bmr026.D.asg.61704)..id(Bmr026.D.asg.61705)"/>
      <nite:child href="Bmr026.C.aseg.xml#id(Bmr026.C.asg.61621)"/>
      <nite:child href="Bmr026.A.aseg.xml#id(Bmr026.A.asg.61168)"/>
      <nite:child href="Bmr026.D.aseg.xml#id(Bmr026.D.asg.61706)"/>
      <nite:child href="Bmr026.F.aseg.xml#id(Bmr026.F.asg.62092)..id(Bmr026.F.asg.62093)"/>
      <nite:child href="Bmr026.C.aseg.xml#id(Bmr026.C.asg.61622)..id(Bmr026.C.asg.61623)"/>
      <nite:child href="Bmr026.B.aseg.xml#id(Bmr026.B.asg.61333)..id(Bmr026.B.asg.61334)"/>
      <nite:child href="Bmr026.E.aseg.xml#id(Bmr026.E.asg.62015)..id(Bmr026.E.asg.62016)"/>
      <nite:child href="Bmr026.C.aseg.xml#id(Bmr026.C.asg.61624)"/>
      <nite:child href="Bmr026.E.aseg.xml#id(Bmr026.E.asg.62017)"/>
      <nite:child href="Bmr026.D.aseg.xml#id(Bmr026.D.asg.61707)"/>
      <nite:child href="Bmr026.E.aseg.xml#id(Bmr026.E.asg.62018)"/>
      <nite:child href="Bmr026.D.aseg.xml#id(Bmr026.D.asg.61708)"/>
      <nite:child href="Bmr026.C.aseg.xml#id(Bmr026.C.asg.61625)"/>
      <nite:child href="Bmr026.E.aseg.xml#id(Bmr026.E.asg.62019)"/>
      <nite:child href="Bmr026.D.aseg.xml#id(Bmr026.D.asg.61709)"/>
      <nite:child href="Bmr026.E.aseg.xml#id(Bmr026.E.asg.62020)"/>
      <nite:child href="Bmr026.B.aseg.xml#id(Bmr026.B.asg.61335)"/>
      <nite:child href="Bmr026.A.aseg.xml#id(Bmr026.A.asg.61169)"/>
      <nite:child href="Bmr026.D.aseg.xml#id(Bmr026.D.asg.61710)"/>
      <nite:child href="Bmr026.E.aseg.xml#id(Bmr026.E.asg.62021)"/>
      <nite:child href="Bmr026.D.aseg.xml#id(Bmr026.D.asg.61711)..id(Bmr026.D.asg.61713)"/>
      <nite:child href="Bmr026.E.aseg.xml#id(Bmr026.E.asg.62022)"/>
      <nite:child href="Bmr026.A.aseg.xml#id(Bmr026.A.asg.61170)"/>
      <nite:child href="Bmr026.C.aseg.xml#id(Bmr026.C.asg.61626)..id(Bmr026.C.asg.61627)"/>
      <nite:child href="Bmr026.E.aseg.xml#id(Bmr026.E.asg.62023)"/>
      <nite:child href="Bmr026.A.aseg.xml#id(Bmr026.A.asg.61171)"/>
      <nite:child href="Bmr026.C.aseg.xml#id(Bmr026.C.asg.61628)"/>
      <nite:child href="Bmr026.A.aseg.xml#id(Bmr026.A.asg.61172)..id(Bmr026.A.asg.61173)"/>
      <nite:child href="Bmr026.E.aseg.xml#id(Bmr026.E.asg.62024)"/>
      <nite:child href="Bmr026.F.aseg.xml#id(Bmr026.F.asg.62094)"/>
      <nite:child href="Bmr026.E.aseg.xml#id(Bmr026.E.asg.62025)"/>
      <nite:child href="Bmr026.A.aseg.xml#id(Bmr026.A.asg.61174)"/>
      <nite:child href="Bmr026.F.aseg.xml#id(Bmr026.F.asg.62095)"/>
      <nite:child href="Bmr026.E.aseg.xml#id(Bmr026.E.asg.62026)..id(Bmr026.E.asg.62027)"/>
      <nite:child href="Bmr026.C.aseg.xml#id(Bmr026.C.asg.61629)..id(Bmr026.C.asg.61630)"/>
      <nite:child href="Bmr026.A.aseg.xml#id(Bmr026.A.asg.61175)"/>
      <nite:child href="Bmr026.E.aseg.xml#id(Bmr026.E.asg.62028)..id(Bmr026.E.asg.62029)"/>
      <nite:child href="Bmr026.A.aseg.xml#id(Bmr026.A.asg.61176)"/>
      <nite:child href="Bmr026.E.aseg.xml#id(Bmr026.E.asg.62030)..id(Bmr026.E.asg.62033)"/>
      <nite:child href="Bmr026.B.aseg.xml#id(Bmr026.B.asg.61336)"/>
      <nite:child href="Bmr026.E.aseg.xml#id(Bmr026.E.asg.62034)"/>
      <nite:child href="Bmr026.B.aseg.xml#id(Bmr026.B.asg.61337)..id(Bmr026.B.asg.61338)"/>
      <nite:child href="Bmr026.D.aseg.xml#id(Bmr026.D.asg.61714)"/>
      <nite:child href="Bmr026.B.aseg.xml#id(Bmr026.B.asg.61339)"/>
      <nite:child href="Bmr026.E.aseg.xml#id(Bmr026.E.asg.62035)"/>
      <nite:child href="Bmr026.B.aseg.xml#id(Bmr026.B.asg.61340)..id(Bmr026.B.asg.61342)"/>
      <nite:child href="Bmr026.E.aseg.xml#id(Bmr026.E.asg.62036)"/>
      <nite:child href="Bmr026.D.aseg.xml#id(Bmr026.D.asg.61715)"/>
      <nite:child href="Bmr026.B.aseg.xml#id(Bmr026.B.asg.61343)"/>
      <nite:child href="Bmr026.A.aseg.xml#id(Bmr026.A.asg.61177)..id(Bmr026.A.asg.61179)"/>
      <nite:child href="Bmr026.C.aseg.xml#id(Bmr026.C.asg.61631)"/>
      <nite:child href="Bmr026.A.aseg.xml#id(Bmr026.A.asg.61180)..id(Bmr026.A.asg.61181)"/>
      <nite:child href="Bmr026.C.aseg.xml#id(Bmr026.C.asg.61632)"/>
      <nite:child href="Bmr026.F.aseg.xml#id(Bmr026.F.asg.62096)"/>
      <nite:child href="Bmr026.A.aseg.xml#id(Bmr026.A.asg.61182)"/>
      <nite:child href="Bmr026.C.aseg.xml#id(Bmr026.C.asg.61633)"/>
      <nite:child href="Bmr026.F.aseg.xml#id(Bmr026.F.asg.62097)"/>
      <nite:child href="Bmr026.C.aseg.xml#id(Bmr026.C.asg.61634)"/>
      <nite:child href="Bmr026.F.aseg.xml#id(Bmr026.F.asg.62098)"/>
      <nite:child href="Bmr026.A.aseg.xml#id(Bmr026.A.asg.61183)..id(Bmr026.A.asg.61186)"/>
      <nite:child href="Bmr026.B.aseg.xml#id(Bmr026.B.asg.61344)"/>
      <nite:child href="Bmr026.A.aseg.xml#id(Bmr026.A.asg.61187)"/>
      <nite:child href="Bmr026.F.aseg.xml#id(Bmr026.F.asg.62099)"/>
      <nite:child href="Bmr026.D.aseg.xml#id(Bmr026.D.asg.61716)"/>
      <nite:child href="Bmr026.B.aseg.xml#id(Bmr026.B.asg.61345)"/>
      <nite:child href="Bmr026.A.aseg.xml#id(Bmr026.A.asg.61188)..id(Bmr026.A.asg.61189)"/>
      <nite:child href="Bmr026.F.aseg.xml#id(Bmr026.F.asg.62100)"/>
      <nite:child href="Bmr026.B.aseg.xml#id(Bmr026.B.asg.61346)"/>
      <nite:child href="Bmr026.A.aseg.xml#id(Bmr026.A.asg.61190)"/>
      <nite:child href="Bmr026.F.aseg.xml#id(Bmr026.F.asg.62101)..id(Bmr026.F.asg.62102)"/>
      <nite:child href="Bmr026.B.aseg.xml#id(Bmr026.B.asg.61347)"/>
      <nite:child href="Bmr026.D.aseg.xml#id(Bmr026.D.asg.61717)"/>
      <nite:child href="Bmr026.A.aseg.xml#id(Bmr026.A.asg.61191)"/>
      <nite:child href="Bmr026.D.aseg.xml#id(Bmr026.D.asg.61718)"/>
      <nite:child href="Bmr026.A.aseg.xml#id(Bmr026.A.asg.61192)"/>
      <nite:child href="Bmr026.F.aseg.xml#id(Bmr026.F.asg.62103)"/>
      <nite:child href="Bmr026.D.aseg.xml#id(Bmr026.D.asg.61719)"/>
      <nite:child href="Bmr026.C.aseg.xml#id(Bmr026.C.asg.61635)"/>
      <nite:child href="Bmr026.A.aseg.xml#id(Bmr026.A.asg.61193)..id(Bmr026.A.asg.61194)"/>
      <nite:child href="Bmr026.D.aseg.xml#id(Bmr026.D.asg.61720)"/>
      <nite:child href="Bmr026.A.aseg.xml#id(Bmr026.A.asg.61195)"/>
      <nite:child href="Bmr026.D.aseg.xml#id(Bmr026.D.asg.61721)"/>
      <nite:child href="Bmr026.B.aseg.xml#id(Bmr026.B.asg.61348)"/>
      <nite:child href="Bmr026.D.aseg.xml#id(Bmr026.D.asg.61722)"/>
      <nite:child href="Bmr026.A.aseg.xml#id(Bmr026.A.asg.61196)"/>
      <nite:child href="Bmr026.C.aseg.xml#id(Bmr026.C.asg.61636)"/>
      <nite:child href="Bmr026.D.aseg.xml#id(Bmr026.D.asg.61723)"/>
      <nite:child href="Bmr026.B.aseg.xml#id(Bmr026.B.asg.61349)"/>
      <nite:child href="Bmr026.A.aseg.xml#id(Bmr026.A.asg.61197)"/>
      <nite:child href="Bmr026.B.aseg.xml#id(Bmr026.B.asg.61350)"/>
      <nite:child href="Bmr026.A.aseg.xml#id(Bmr026.A.asg.61198)"/>
      <nite:child href="Bmr026.D.aseg.xml#id(Bmr026.D.asg.61724)"/>
      <nite:child href="Bmr026.E.aseg.xml#id(Bmr026.E.asg.62037)"/>
      <nite:child href="Bmr026.B.aseg.xml#id(Bmr026.B.asg.61351)"/>
      <nite:child href="Bmr026.A.aseg.xml#id(Bmr026.A.asg.61199)"/>
      <nite:child href="Bmr026.F.aseg.xml#id(Bmr026.F.asg.62104)"/>
      <nite:child href="Bmr026.C.aseg.xml#id(Bmr026.C.asg.61637)"/>
      <nite:child href="Bmr026.E.aseg.xml#id(Bmr026.E.asg.62038)"/>
      <nite:child href="Bmr026.A.aseg.xml#id(Bmr026.A.asg.61200)"/>
      <nite:child href="Bmr026.E.aseg.xml#id(Bmr026.E.asg.62039)"/>
      <nite:child href="Bmr026.B.aseg.xml#id(Bmr026.B.asg.61352)"/>
      <nite:child href="Bmr026.E.aseg.xml#id(Bmr026.E.asg.62040)..id(Bmr026.E.asg.62041)"/>
      <nite:child href="Bmr026.A.aseg.xml#id(Bmr026.A.asg.61201)"/>
      <nite:child href="Bmr026.E.aseg.xml#id(Bmr026.E.asg.62042)..id(Bmr026.E.asg.62043)"/>
      <nite:child href="Bmr026.A.aseg.xml#id(Bmr026.A.asg.61202)..id(Bmr026.A.asg.61203)"/>
      <nite:child href="Bmr026.F.aseg.xml#id(Bmr026.F.asg.62105)"/>
      <nite:child href="Bmr026.E.aseg.xml#id(Bmr026.E.asg.62044)"/>
      <nite:child href="Bmr026.F.aseg.xml#id(Bmr026.F.asg.62106)..id(Bmr026.F.asg.62107)"/>
      <nite:child href="Bmr026.A.aseg.xml#id(Bmr026.A.asg.61204)"/>
      <nite:child href="Bmr026.C.aseg.xml#id(Bmr026.C.asg.61638)"/>
      <nite:child href="Bmr026.F.aseg.xml#id(Bmr026.F.asg.62108)..id(Bmr026.F.asg.62109)"/>
      <nite:child href="Bmr026.D.aseg.xml#id(Bmr026.D.asg.61725)..id(Bmr026.D.asg.61727)"/>
      <nite:child href="Bmr026.C.aseg.xml#id(Bmr026.C.asg.61639)"/>
      <nite:child href="Bmr026.F.aseg.xml#id(Bmr026.F.asg.62110)"/>
      <nite:child href="Bmr026.A.aseg.xml#id(Bmr026.A.asg.61205)"/>
      <nite:child href="Bmr026.D.aseg.xml#id(Bmr026.D.asg.61728)..id(Bmr026.D.asg.61729)"/>
      <nite:child href="Bmr026.C.aseg.xml#id(Bmr026.C.asg.61640)"/>
      <nite:child href="Bmr026.E.aseg.xml#id(Bmr026.E.asg.62045)"/>
      <nite:child href="Bmr026.F.aseg.xml#id(Bmr026.F.asg.62111)"/>
      <nite:child href="Bmr026.E.aseg.xml#id(Bmr026.E.asg.62046)"/>
      <nite:child href="Bmr026.D.aseg.xml#id(Bmr026.D.asg.61730)"/>
      <nite:child href="Bmr026.C.aseg.xml#id(Bmr026.C.asg.61641)"/>
      <nite:child href="Bmr026.E.aseg.xml#id(Bmr026.E.asg.62047)"/>
      <nite:child href="Bmr026.A.aseg.xml#id(Bmr026.A.asg.61206)"/>
      <nite:child href="Bmr026.D.aseg.xml#id(Bmr026.D.asg.61731)..id(Bmr026.D.asg.61732)"/>
      <nite:child href="Bmr026.C.aseg.xml#id(Bmr026.C.asg.61642)"/>
      <nite:child href="Bmr026.A.aseg.xml#id(Bmr026.A.asg.61207)"/>
      <nite:child href="Bmr026.D.aseg.xml#id(Bmr026.D.asg.61733)"/>
      <nite:child href="Bmr026.E.aseg.xml#id(Bmr026.E.asg.62048)"/>
      <nite:child href="Bmr026.D.aseg.xml#id(Bmr026.D.asg.61734)"/>
      <nite:child href="Bmr026.E.aseg.xml#id(Bmr026.E.asg.62049)"/>
      <nite:child href="Bmr026.A.aseg.xml#id(Bmr026.A.asg.61208)"/>
      <nite:child href="Bmr026.E.aseg.xml#id(Bmr026.E.asg.62050)"/>
      <nite:child href="Bmr026.B.aseg.xml#id(Bmr026.B.asg.61353)"/>
      <nite:child href="Bmr026.A.aseg.xml#id(Bmr026.A.asg.61209)"/>
      <nite:child href="Bmr026.B.aseg.xml#id(Bmr026.B.asg.61354)"/>
      <nite:child href="Bmr026.A.aseg.xml#id(Bmr026.A.asg.61210)"/>
      <nite:child href="Bmr026.D.aseg.xml#id(Bmr026.D.asg.61735)"/>
      <nite:child href="Bmr026.B.aseg.xml#id(Bmr026.B.asg.61355)..id(Bmr026.B.asg.61356)"/>
      <nite:child href="Bmr026.A.aseg.xml#id(Bmr026.A.asg.61211)"/>
      <nite:child href="Bmr026.F.aseg.xml#id(Bmr026.F.asg.62112)..id(Bmr026.F.asg.62113)"/>
      <nite:child href="Bmr026.B.aseg.xml#id(Bmr026.B.asg.61357)"/>
      <nite:child href="Bmr026.F.aseg.xml#id(Bmr026.F.asg.62114)..id(Bmr026.F.asg.62115)"/>
      <nite:child href="Bmr026.C.aseg.xml#id(Bmr026.C.asg.61643)"/>
      <nite:child href="Bmr026.F.aseg.xml#id(Bmr026.F.asg.62116)..id(Bmr026.F.asg.62117)"/>
      <nite:child href="Bmr026.C.aseg.xml#id(Bmr026.C.asg.61644)..id(Bmr026.C.asg.61646)"/>
      <nite:child href="Bmr026.A.aseg.xml#id(Bmr026.A.asg.61212)"/>
      <nite:child href="Bmr026.F.aseg.xml#id(Bmr026.F.asg.62118)"/>
      <nite:child href="Bmr026.C.aseg.xml#id(Bmr026.C.asg.61647)..id(Bmr026.C.asg.61648)"/>
      <nite:child href="Bmr026.F.aseg.xml#id(Bmr026.F.asg.62119)..id(Bmr026.F.asg.62121)"/>
      <nite:child href="Bmr026.B.aseg.xml#id(Bmr026.B.asg.61358)"/>
      <nite:child href="Bmr026.F.aseg.xml#id(Bmr026.F.asg.62122)..id(Bmr026.F.asg.62123)"/>
      <nite:child href="Bmr026.B.aseg.xml#id(Bmr026.B.asg.61359)"/>
      <nite:child href="Bmr026.F.aseg.xml#id(Bmr026.F.asg.62124)"/>
      <nite:child href="Bmr026.C.aseg.xml#id(Bmr026.C.asg.61649)"/>
      <nite:child href="Bmr026.A.aseg.xml#id(Bmr026.A.asg.61213)"/>
      <nite:child href="Bmr026.B.aseg.xml#id(Bmr026.B.asg.61360)"/>
      <nite:child href="Bmr026.F.aseg.xml#id(Bmr026.F.asg.62125)"/>
      <nite:child href="Bmr026.A.aseg.xml#id(Bmr026.A.asg.61214)"/>
      <nite:child href="Bmr026.B.aseg.xml#id(Bmr026.B.asg.61361)"/>
      <nite:child href="Bmr026.F.aseg.xml#id(Bmr026.F.asg.62126)"/>
      <nite:child href="Bmr026.B.aseg.xml#id(Bmr026.B.asg.61362)"/>
      <nite:child href="Bmr026.A.aseg.xml#id(Bmr026.A.asg.61215)"/>
      <nite:child href="Bmr026.B.aseg.xml#id(Bmr026.B.asg.61363)"/>
      <nite:child href="Bmr026.F.aseg.xml#id(Bmr026.F.asg.62127)..id(Bmr026.F.asg.62128)"/>
      <nite:child href="Bmr026.A.aseg.xml#id(Bmr026.A.asg.61216)"/>
      <nite:child href="Bmr026.F.aseg.xml#id(Bmr026.F.asg.62129)"/>
      <nite:child href="Bmr026.B.aseg.xml#id(Bmr026.B.asg.61364)"/>
      <nite:child href="Bmr026.F.aseg.xml#id(Bmr026.F.asg.62130)"/>
      <nite:child href="Bmr026.B.aseg.xml#id(Bmr026.B.asg.61365)"/>
      <nite:child href="Bmr026.A.aseg.xml#id(Bmr026.A.asg.61217)..id(Bmr026.A.asg.61218)"/>
      <nite:child href="Bmr026.B.aseg.xml#id(Bmr026.B.asg.61366)"/>
      <nite:child href="Bmr026.A.aseg.xml#id(Bmr026.A.asg.61219)..id(Bmr026.A.asg.61220)"/>
      <nite:child href="Bmr026.B.aseg.xml#id(Bmr026.B.asg.61367)"/>
      <nite:child href="Bmr026.A.aseg.xml#id(Bmr026.A.asg.61221)"/>
      <nite:child href="Bmr026.F.aseg.xml#id(Bmr026.F.asg.62131)..id(Bmr026.F.asg.62132)"/>
      <nite:child href="Bmr026.A.aseg.xml#id(Bmr026.A.asg.61222)"/>
      <nite:child href="Bmr026.F.aseg.xml#id(Bmr026.F.asg.62133)"/>
      <nite:child href="Bmr026.B.aseg.xml#id(Bmr026.B.asg.61368)"/>
      <nite:child href="Bmr026.D.aseg.xml#id(Bmr026.D.asg.61736)"/>
      <nite:child href="Bmr026.F.aseg.xml#id(Bmr026.F.asg.62134)"/>
      <nite:child href="Bmr026.D.aseg.xml#id(Bmr026.D.asg.61737)..id(Bmr026.D.asg.61738)"/>
      <nite:child href="Bmr026.A.aseg.xml#id(Bmr026.A.asg.61223)"/>
      <nite:child href="Bmr026.D.aseg.xml#id(Bmr026.D.asg.61739)..id(Bmr026.D.asg.61742)"/>
      <nite:child href="Bmr026.A.aseg.xml#id(Bmr026.A.asg.61224)"/>
      <nite:child href="Bmr026.B.aseg.xml#id(Bmr026.B.asg.61369)"/>
      <nite:child href="Bmr026.D.aseg.xml#id(Bmr026.D.asg.61743)..id(Bmr026.D.asg.61744)"/>
      <nite:child href="Bmr026.A.aseg.xml#id(Bmr026.A.asg.61225)"/>
      <nite:child href="Bmr026.D.aseg.xml#id(Bmr026.D.asg.61745)"/>
      <nite:child href="Bmr026.A.aseg.xml#id(Bmr026.A.asg.61226)..id(Bmr026.A.asg.61227)"/>
      <nite:child href="Bmr026.D.aseg.xml#id(Bmr026.D.asg.61746)"/>
      <nite:child href="Bmr026.B.aseg.xml#id(Bmr026.B.asg.61370)"/>
      <nite:child href="Bmr026.A.aseg.xml#id(Bmr026.A.asg.61228)"/>
      <nite:child href="Bmr026.B.aseg.xml#id(Bmr026.B.asg.61371)..id(Bmr026.B.asg.61372)"/>
      <nite:child href="Bmr026.D.aseg.xml#id(Bmr026.D.asg.61747)"/>
      <nite:child href="Bmr026.A.aseg.xml#id(Bmr026.A.asg.61229)"/>
      <nite:child href="Bmr026.B.aseg.xml#id(Bmr026.B.asg.61373)"/>
      <nite:child href="Bmr026.A.aseg.xml#id(Bmr026.A.asg.61230)"/>
      <nite:child href="Bmr026.D.aseg.xml#id(Bmr026.D.asg.61748)"/>
      <nite:child href="Bmr026.B.aseg.xml#id(Bmr026.B.asg.61374)"/>
      <nite:child href="Bmr026.F.aseg.xml#id(Bmr026.F.asg.62135)"/>
      <nite:child href="Bmr026.A.aseg.xml#id(Bmr026.A.asg.61231)"/>
      <nite:child href="Bmr026.D.aseg.xml#id(Bmr026.D.asg.61749)"/>
      <nite:child href="Bmr026.C.aseg.xml#id(Bmr026.C.asg.61650)"/>
      <nite:child href="Bmr026.A.aseg.xml#id(Bmr026.A.asg.61232)"/>
      <nite:child href="Bmr026.D.aseg.xml#id(Bmr026.D.asg.61750)"/>
      <nite:child href="Bmr026.B.aseg.xml#id(Bmr026.B.asg.61375)"/>
      <nite:child href="Bmr026.A.aseg.xml#id(Bmr026.A.asg.61233)..id(Bmr026.A.asg.61234)"/>
      <nite:child href="Bmr026.F.aseg.xml#id(Bmr026.F.asg.62136)"/>
      <nite:child href="Bmr026.D.aseg.xml#id(Bmr026.D.asg.61751)"/>
      <nite:child href="Bmr026.F.aseg.xml#id(Bmr026.F.asg.62137)"/>
      <nite:child href="Bmr026.A.aseg.xml#id(Bmr026.A.asg.61235)..id(Bmr026.A.asg.61236)"/>
      <nite:child href="Bmr026.D.aseg.xml#id(Bmr026.D.asg.61752)"/>
      <nite:child href="Bmr026.A.aseg.xml#id(Bmr026.A.asg.61237)..id(Bmr026.A.asg.61238)"/>
      <nite:child href="Bmr026.B.aseg.xml#id(Bmr026.B.asg.61376)..id(Bmr026.B.asg.61377)"/>
      <nite:child href="Bmr026.A.aseg.xml#id(Bmr026.A.asg.61239)"/>
      <nite:child href="Bmr026.B.aseg.xml#id(Bmr026.B.asg.61378)..id(Bmr026.B.asg.61380)"/>
      <nite:child href="Bmr026.F.aseg.xml#id(Bmr026.F.asg.62138)"/>
      <nite:child href="Bmr026.B.aseg.xml#id(Bmr026.B.asg.61381)"/>
      <nite:child href="Bmr026.A.aseg.xml#id(Bmr026.A.asg.61240)"/>
      <nite:child href="Bmr026.B.aseg.xml#id(Bmr026.B.asg.61382)"/>
      <nite:child href="Bmr026.A.aseg.xml#id(Bmr026.A.asg.61241)"/>
      <nite:child href="Bmr026.B.aseg.xml#id(Bmr026.B.asg.61383)..id(Bmr026.B.asg.61398)"/>
      <nite:child href="Bmr026.D.aseg.xml#id(Bmr026.D.asg.61753)"/>
      <nite:child href="Bmr026.A.aseg.xml#id(Bmr026.A.asg.61242)"/>
      <nite:child href="Bmr026.B.aseg.xml#id(Bmr026.B.asg.61399)"/>
      <nite:child href="Bmr026.A.aseg.xml#id(Bmr026.A.asg.61243)"/>
      <nite:child href="Bmr026.B.aseg.xml#id(Bmr026.B.asg.61400)..id(Bmr026.B.asg.61402)"/>
      <nite:child href="Bmr026.D.aseg.xml#id(Bmr026.D.asg.61754)"/>
      <nite:child href="Bmr026.B.aseg.xml#id(Bmr026.B.asg.61403)"/>
      <nite:child href="Bmr026.D.aseg.xml#id(Bmr026.D.asg.61755)..id(Bmr026.D.asg.61757)"/>
      <nite:child href="Bmr026.B.aseg.xml#id(Bmr026.B.asg.61404)"/>
      <nite:child href="Bmr026.D.aseg.xml#id(Bmr026.D.asg.61758)"/>
      <nite:child href="Bmr026.B.aseg.xml#id(Bmr026.B.asg.61405)"/>
      <nite:child href="Bmr026.D.aseg.xml#id(Bmr026.D.asg.61759)"/>
      <nite:child href="Bmr026.B.aseg.xml#id(Bmr026.B.asg.61406)"/>
      <nite:child href="Bmr026.D.aseg.xml#id(Bmr026.D.asg.61760)..id(Bmr026.D.asg.61761)"/>
      <nite:child href="Bmr026.B.aseg.xml#id(Bmr026.B.asg.61407)"/>
      <nite:child href="Bmr026.D.aseg.xml#id(Bmr026.D.asg.61762)"/>
      <nite:child href="Bmr026.B.aseg.xml#id(Bmr026.B.asg.61408)..id(Bmr026.B.asg.61409)"/>
      <nite:child href="Bmr026.D.aseg.xml#id(Bmr026.D.asg.61763)"/>
      <nite:child href="Bmr026.B.aseg.xml#id(Bmr026.B.asg.61410)..id(Bmr026.B.asg.61411)"/>
      <nite:child href="Bmr026.D.aseg.xml#id(Bmr026.D.asg.61764)..id(Bmr026.D.asg.61767)"/>
      <nite:child href="Bmr026.B.aseg.xml#id(Bmr026.B.asg.61412)"/>
      <nite:child href="Bmr026.D.aseg.xml#id(Bmr026.D.asg.61768)..id(Bmr026.D.asg.61774)"/>
      <nite:child href="Bmr026.B.aseg.xml#id(Bmr026.B.asg.61413)"/>
      <nite:child href="Bmr026.D.aseg.xml#id(Bmr026.D.asg.61775)..id(Bmr026.D.asg.61779)"/>
      <nite:child href="Bmr026.A.aseg.xml#id(Bmr026.A.asg.61244)"/>
      <nite:child href="Bmr026.D.aseg.xml#id(Bmr026.D.asg.61780)"/>
      <nite:child href="Bmr026.C.aseg.xml#id(Bmr026.C.asg.61651)"/>
      <nite:child href="Bmr026.B.aseg.xml#id(Bmr026.B.asg.61414)"/>
      <nite:child href="Bmr026.D.aseg.xml#id(Bmr026.D.asg.61781)"/>
      <nite:child href="Bmr026.F.aseg.xml#id(Bmr026.F.asg.62139)"/>
      <nite:child href="Bmr026.A.aseg.xml#id(Bmr026.A.asg.61245)"/>
      <nite:child href="Bmr026.D.aseg.xml#id(Bmr026.D.asg.61782)"/>
      <nite:child href="Bmr026.C.aseg.xml#id(Bmr026.C.asg.61652)"/>
      <nite:child href="Bmr026.D.aseg.xml#id(Bmr026.D.asg.61783)"/>
      <nite:child href="Bmr026.A.aseg.xml#id(Bmr026.A.asg.61246)"/>
      <nite:child href="Bmr026.F.aseg.xml#id(Bmr026.F.asg.62140)"/>
      <nite:child href="Bmr026.B.aseg.xml#id(Bmr026.B.asg.61415)"/>
      <nite:child href="Bmr026.D.aseg.xml#id(Bmr026.D.asg.61784)..id(Bmr026.D.asg.61786)"/>
      <nite:child href="Bmr026.B.aseg.xml#id(Bmr026.B.asg.61416)"/>
      <nite:child href="Bmr026.D.aseg.xml#id(Bmr026.D.asg.61787)"/>
      <nite:child href="Bmr026.F.aseg.xml#id(Bmr026.F.asg.62141)"/>
      <nite:child href="Bmr026.B.aseg.xml#id(Bmr026.B.asg.61417)"/>
      <nite:child href="Bmr026.D.aseg.xml#id(Bmr026.D.asg.61788)"/>
      <nite:child href="Bmr026.E.aseg.xml#id(Bmr026.E.asg.62051)"/>
      <nite:child href="Bmr026.B.aseg.xml#id(Bmr026.B.asg.61418)"/>
      <nite:child href="Bmr026.F.aseg.xml#id(Bmr026.F.asg.62142)"/>
      <nite:child href="Bmr026.B.aseg.xml#id(Bmr026.B.asg.61419)..id(Bmr026.B.asg.61420)"/>
      <nite:child href="Bmr026.D.aseg.xml#id(Bmr026.D.asg.61789)"/>
      <nite:child href="Bmr026.B.aseg.xml#id(Bmr026.B.asg.61421)"/>
      <nite:child href="Bmr026.D.aseg.xml#id(Bmr026.D.asg.61790)"/>
      <nite:child href="Bmr026.B.aseg.xml#id(Bmr026.B.asg.61422)"/>
      <nite:child href="Bmr026.D.aseg.xml#id(Bmr026.D.asg.61791)..id(Bmr026.D.asg.61792)"/>
      <nite:child href="Bmr026.A.aseg.xml#id(Bmr026.A.asg.61247)"/>
      <nite:child href="Bmr026.D.aseg.xml#id(Bmr026.D.asg.61793)"/>
      <nite:child href="Bmr026.B.aseg.xml#id(Bmr026.B.asg.61423)"/>
      <nite:child href="Bmr026.D.aseg.xml#id(Bmr026.D.asg.61794)"/>
      <nite:child href="Bmr026.B.aseg.xml#id(Bmr026.B.asg.61424)"/>
      <nite:child href="Bmr026.D.aseg.xml#id(Bmr026.D.asg.61795)"/>
      <nite:child href="Bmr026.B.aseg.xml#id(Bmr026.B.asg.61425)"/>
      <nite:child href="Bmr026.A.aseg.xml#id(Bmr026.A.asg.61248)"/>
      <nite:child href="Bmr026.B.aseg.xml#id(Bmr026.B.asg.61426)"/>
      <nite:child href="Bmr026.D.aseg.xml#id(Bmr026.D.asg.61796)"/>
      <nite:child href="Bmr026.B.aseg.xml#id(Bmr026.B.asg.61427)..id(Bmr026.B.asg.61432)"/>
      <nite:child href="Bmr026.D.aseg.xml#id(Bmr026.D.asg.61797)..id(Bmr026.D.asg.61798)"/>
      <nite:child href="Bmr026.F.aseg.xml#id(Bmr026.F.asg.62143)..id(Bmr026.F.asg.62145)"/>
      <nite:child href="Bmr026.A.aseg.xml#id(Bmr026.A.asg.61249)"/>
      <nite:child href="Bmr026.B.aseg.xml#id(Bmr026.B.asg.61433)"/>
      <nite:child href="Bmr026.F.aseg.xml#id(Bmr026.F.asg.62146)"/>
      <nite:child href="Bmr026.A.aseg.xml#id(Bmr026.A.asg.61250)"/>
      <nite:child href="Bmr026.B.aseg.xml#id(Bmr026.B.asg.61434)"/>
      <nite:child href="Bmr026.D.aseg.xml#id(Bmr026.D.asg.61799)"/>
      <nite:child href="Bmr026.F.aseg.xml#id(Bmr026.F.asg.62147)"/>
      <nite:child href="Bmr026.D.aseg.xml#id(Bmr026.D.asg.61800)..id(Bmr026.D.asg.61801)"/>
      <nite:child href="Bmr026.B.aseg.xml#id(Bmr026.B.asg.61435)"/>
      <nite:child href="Bmr026.D.aseg.xml#id(Bmr026.D.asg.61802)"/>
      <nite:child href="Bmr026.A.aseg.xml#id(Bmr026.A.asg.61251)..id(Bmr026.A.asg.61252)"/>
      <nite:child href="Bmr026.F.aseg.xml#id(Bmr026.F.asg.62148)"/>
      <nite:child href="Bmr026.D.aseg.xml#id(Bmr026.D.asg.61803)"/>
      <nite:child href="Bmr026.A.aseg.xml#id(Bmr026.A.asg.61253)"/>
      <nite:child href="Bmr026.C.aseg.xml#id(Bmr026.C.asg.61653)"/>
      <nite:child href="Bmr026.F.aseg.xml#id(Bmr026.F.asg.62149)"/>
      <nite:child href="Bmr026.E.aseg.xml#id(Bmr026.E.asg.62052)"/>
      <nite:child href="Bmr026.D.aseg.xml#id(Bmr026.D.asg.61804)"/>
      <nite:child href="Bmr026.A.aseg.xml#id(Bmr026.A.asg.61254)"/>
      <nite:child href="Bmr026.F.aseg.xml#id(Bmr026.F.asg.62150)"/>
      <nite:child href="Bmr026.A.aseg.xml#id(Bmr026.A.asg.61255)"/>
      <nite:child href="Bmr026.F.aseg.xml#id(Bmr026.F.asg.62151)"/>
      <nite:child href="Bmr026.A.aseg.xml#id(Bmr026.A.asg.61256)"/>
      <nite:child href="Bmr026.B.aseg.xml#id(Bmr026.B.asg.61436)"/>
      <nite:child href="Bmr026.D.aseg.xml#id(Bmr026.D.asg.61805)..id(Bmr026.D.asg.61807)"/>
      <nite:child href="Bmr026.B.aseg.xml#id(Bmr026.B.asg.61437)..id(Bmr026.B.asg.61440)"/>
      <nite:child href="Bmr026.D.aseg.xml#id(Bmr026.D.asg.61808)"/>
      <nite:child href="Bmr026.F.aseg.xml#id(Bmr026.F.asg.62152)..id(Bmr026.F.asg.62153)"/>
      <nite:child href="Bmr026.D.aseg.xml#id(Bmr026.D.asg.61809)"/>
      <nite:child href="Bmr026.F.aseg.xml#id(Bmr026.F.asg.62154)..id(Bmr026.F.asg.62155)"/>
      <nite:child href="Bmr026.B.aseg.xml#id(Bmr026.B.asg.61441)..id(Bmr026.B.asg.61443)"/>
      <nite:child href="Bmr026.A.aseg.xml#id(Bmr026.A.asg.61257)"/>
      <nite:child href="Bmr026.D.aseg.xml#id(Bmr026.D.asg.61810)"/>
      <nite:child href="Bmr026.F.aseg.xml#id(Bmr026.F.asg.62156)"/>
      <nite:child href="Bmr026.D.aseg.xml#id(Bmr026.D.asg.61811)"/>
      <nite:child href="Bmr026.B.aseg.xml#id(Bmr026.B.asg.61444)"/>
      <nite:child href="Bmr026.A.aseg.xml#id(Bmr026.A.asg.61258)"/>
      <nite:child href="Bmr026.D.aseg.xml#id(Bmr026.D.asg.61812)..id(Bmr026.D.asg.61813)"/>
      <nite:child href="Bmr026.A.aseg.xml#id(Bmr026.A.asg.61259)"/>
      <nite:child href="Bmr026.D.aseg.xml#id(Bmr026.D.asg.61814)..id(Bmr026.D.asg.61820)"/>
      <nite:child href="Bmr026.B.aseg.xml#id(Bmr026.B.asg.61445)"/>
      <nite:child href="Bmr026.D.aseg.xml#id(Bmr026.D.asg.61821)..id(Bmr026.D.asg.61825)"/>
      <nite:child href="Bmr026.A.aseg.xml#id(Bmr026.A.asg.61260)"/>
      <nite:child href="Bmr026.F.aseg.xml#id(Bmr026.F.asg.62157)"/>
      <nite:child href="Bmr026.D.aseg.xml#id(Bmr026.D.asg.61826)"/>
      <nite:child href="Bmr026.F.aseg.xml#id(Bmr026.F.asg.62158)"/>
      <nite:child href="Bmr026.D.aseg.xml#id(Bmr026.D.asg.61827)..id(Bmr026.D.asg.61829)"/>
      <nite:child href="Bmr026.F.aseg.xml#id(Bmr026.F.asg.62159)"/>
      <nite:child href="Bmr026.B.aseg.xml#id(Bmr026.B.asg.61446)"/>
      <nite:child href="Bmr026.F.aseg.xml#id(Bmr026.F.asg.62160)"/>
      <nite:child href="Bmr026.D.aseg.xml#id(Bmr026.D.asg.61830)"/>
      <nite:child href="Bmr026.A.aseg.xml#id(Bmr026.A.asg.61261)"/>
      <nite:child href="Bmr026.D.aseg.xml#id(Bmr026.D.asg.61831)"/>
      <nite:child href="Bmr026.A.aseg.xml#id(Bmr026.A.asg.61262)"/>
      <nite:child href="Bmr026.D.aseg.xml#id(Bmr026.D.asg.61832)"/>
      <nite:child href="Bmr026.A.aseg.xml#id(Bmr026.A.asg.61263)"/>
      <nite:child href="Bmr026.D.aseg.xml#id(Bmr026.D.asg.61833)"/>
      <nite:child href="Bmr026.B.aseg.xml#id(Bmr026.B.asg.61447)..id(Bmr026.B.asg.61448)"/>
      <nite:child href="Bmr026.D.aseg.xml#id(Bmr026.D.asg.61834)"/>
      <nite:child href="Bmr026.B.aseg.xml#id(Bmr026.B.asg.61449)"/>
      <nite:child href="Bmr026.D.aseg.xml#id(Bmr026.D.asg.61835)"/>
      <nite:child href="Bmr026.F.aseg.xml#id(Bmr026.F.asg.62161)"/>
      <nite:child href="Bmr026.A.aseg.xml#id(Bmr026.A.asg.61264)"/>
      <nite:child href="Bmr026.D.aseg.xml#id(Bmr026.D.asg.61836)..id(Bmr026.D.asg.61838)"/>
      <nite:child href="Bmr026.B.aseg.xml#id(Bmr026.B.asg.61450)"/>
      <nite:child href="Bmr026.A.aseg.xml#id(Bmr026.A.asg.61265)"/>
      <nite:child href="Bmr026.D.aseg.xml#id(Bmr026.D.asg.61839)"/>
      <nite:child href="Bmr026.A.aseg.xml#id(Bmr026.A.asg.61266)..id(Bmr026.A.asg.61267)"/>
      <nite:child href="Bmr026.D.aseg.xml#id(Bmr026.D.asg.61840)..id(Bmr026.D.asg.61841)"/>
      <nite:child href="Bmr026.F.aseg.xml#id(Bmr026.F.asg.62162)"/>
      <nite:child href="Bmr026.D.aseg.xml#id(Bmr026.D.asg.61842)"/>
      <nite:child href="Bmr026.B.aseg.xml#id(Bmr026.B.asg.61451)"/>
      <nite:child href="Bmr026.D.aseg.xml#id(Bmr026.D.asg.61843)..id(Bmr026.D.asg.61847)"/>
      <nite:child href="Bmr026.B.aseg.xml#id(Bmr026.B.asg.61452)..id(Bmr026.B.asg.61453)"/>
      <nite:child href="Bmr026.F.aseg.xml#id(Bmr026.F.asg.62163)"/>
      <nite:child href="Bmr026.D.aseg.xml#id(Bmr026.D.asg.61848)"/>
      <nite:child href="Bmr026.F.aseg.xml#id(Bmr026.F.asg.62164)"/>
      <nite:child href="Bmr026.D.aseg.xml#id(Bmr026.D.asg.61849)..id(Bmr026.D.asg.61850)"/>
      <nite:child href="Bmr026.A.aseg.xml#id(Bmr026.A.asg.61268)"/>
      <nite:child href="Bmr026.D.aseg.xml#id(Bmr026.D.asg.61851)..id(Bmr026.D.asg.61854)"/>
      <nite:child href="Bmr026.B.aseg.xml#id(Bmr026.B.asg.61454)"/>
      <nite:child href="Bmr026.D.aseg.xml#id(Bmr026.D.asg.61855)..id(Bmr026.D.asg.61856)"/>
      <nite:child href="Bmr026.B.aseg.xml#id(Bmr026.B.asg.61455)"/>
      <nite:child href="Bmr026.A.aseg.xml#id(Bmr026.A.asg.61269)"/>
      <nite:child href="Bmr026.B.aseg.xml#id(Bmr026.B.asg.61456)"/>
      <nite:child href="Bmr026.D.aseg.xml#id(Bmr026.D.asg.61857)"/>
      <nite:child href="Bmr026.B.aseg.xml#id(Bmr026.B.asg.61457)..id(Bmr026.B.asg.61458)"/>
      <nite:child href="Bmr026.D.aseg.xml#id(Bmr026.D.asg.61858)..id(Bmr026.D.asg.61859)"/>
      <nite:child href="Bmr026.B.aseg.xml#id(Bmr026.B.asg.61459)"/>
      <nite:child href="Bmr026.D.aseg.xml#id(Bmr026.D.asg.61860)..id(Bmr026.D.asg.61861)"/>
      <nite:child href="Bmr026.B.aseg.xml#id(Bmr026.B.asg.61460)"/>
      <nite:child href="Bmr026.D.aseg.xml#id(Bmr026.D.asg.61862)"/>
      <nite:child href="Bmr026.B.aseg.xml#id(Bmr026.B.asg.61461)..id(Bmr026.B.asg.61462)"/>
      <nite:child href="Bmr026.A.aseg.xml#id(Bmr026.A.asg.61270)"/>
      <nite:child href="Bmr026.D.aseg.xml#id(Bmr026.D.asg.61863)..id(Bmr026.D.asg.61864)"/>
      <nite:child href="Bmr026.B.aseg.xml#id(Bmr026.B.asg.61463)"/>
      <nite:child href="Bmr026.D.aseg.xml#id(Bmr026.D.asg.61865)"/>
      <nite:child href="Bmr026.F.aseg.xml#id(Bmr026.F.asg.62165)"/>
      <nite:child href="Bmr026.D.aseg.xml#id(Bmr026.D.asg.61866)"/>
      <nite:child href="Bmr026.F.aseg.xml#id(Bmr026.F.asg.62166)"/>
      <nite:child href="Bmr026.D.aseg.xml#id(Bmr026.D.asg.61867)"/>
      <nite:child href="Bmr026.A.aseg.xml#id(Bmr026.A.asg.61271)"/>
      <nite:child href="Bmr026.F.aseg.xml#id(Bmr026.F.asg.62167)"/>
      <nite:child href="Bmr026.A.aseg.xml#id(Bmr026.A.asg.61272)..id(Bmr026.A.asg.61275)"/>
      <nite:child href="Bmr026.D.aseg.xml#id(Bmr026.D.asg.61868)..id(Bmr026.D.asg.61871)"/>
      <nite:child href="Bmr026.A.aseg.xml#id(Bmr026.A.asg.61276)..id(Bmr026.A.asg.61277)"/>
      <nite:child href="Bmr026.D.aseg.xml#id(Bmr026.D.asg.61872)..id(Bmr026.D.asg.61873)"/>
      <nite:child href="Bmr026.A.aseg.xml#id(Bmr026.A.asg.61278)"/>
      <nite:child href="Bmr026.B.aseg.xml#id(Bmr026.B.asg.61464)"/>
      <nite:child href="Bmr026.D.aseg.xml#id(Bmr026.D.asg.61874)"/>
      <nite:child href="Bmr026.B.aseg.xml#id(Bmr026.B.asg.61465)..id(Bmr026.B.asg.61466)"/>
      <nite:child href="Bmr026.D.aseg.xml#id(Bmr026.D.asg.61875)"/>
      <nite:child href="Bmr026.B.aseg.xml#id(Bmr026.B.asg.61467)"/>
      <nite:child href="Bmr026.A.aseg.xml#id(Bmr026.A.asg.61279)"/>
      <nite:child href="Bmr026.B.aseg.xml#id(Bmr026.B.asg.61468)..id(Bmr026.B.asg.61469)"/>
      <nite:child href="Bmr026.D.aseg.xml#id(Bmr026.D.asg.61876)"/>
      <nite:child href="Bmr026.B.aseg.xml#id(Bmr026.B.asg.61470)..id(Bmr026.B.asg.61471)"/>
      <nite:child href="Bmr026.D.aseg.xml#id(Bmr026.D.asg.61877)..id(Bmr026.D.asg.61878)"/>
      <nite:child href="Bmr026.B.aseg.xml#id(Bmr026.B.asg.61472)..id(Bmr026.B.asg.61473)"/>
      <nite:child href="Bmr026.D.aseg.xml#id(Bmr026.D.asg.61879)..id(Bmr026.D.asg.61883)"/>
      <nite:child href="Bmr026.F.aseg.xml#id(Bmr026.F.asg.62168)..id(Bmr026.F.asg.62170)"/>
      <nite:child href="Bmr026.D.aseg.xml#id(Bmr026.D.asg.61884)"/>
      <nite:child href="Bmr026.F.aseg.xml#id(Bmr026.F.asg.62171)..id(Bmr026.F.asg.62173)"/>
      <nite:child href="Bmr026.D.aseg.xml#id(Bmr026.D.asg.61885)..id(Bmr026.D.asg.61886)"/>
      <nite:child href="Bmr026.B.aseg.xml#id(Bmr026.B.asg.61474)"/>
      <nite:child href="Bmr026.D.aseg.xml#id(Bmr026.D.asg.61887)"/>
      <nite:child href="Bmr026.F.aseg.xml#id(Bmr026.F.asg.62174)"/>
      <nite:child href="Bmr026.D.aseg.xml#id(Bmr026.D.asg.61888)..id(Bmr026.D.asg.61891)"/>
      <nite:child href="Bmr026.B.aseg.xml#id(Bmr026.B.asg.61475)"/>
      <nite:child href="Bmr026.D.aseg.xml#id(Bmr026.D.asg.61892)..id(Bmr026.D.asg.61896)"/>
      <nite:child href="Bmr026.B.aseg.xml#id(Bmr026.B.asg.61476)"/>
      <nite:child href="Bmr026.D.aseg.xml#id(Bmr026.D.asg.61897)..id(Bmr026.D.asg.61898)"/>
      <nite:child href="Bmr026.F.aseg.xml#id(Bmr026.F.asg.62175)"/>
      <nite:child href="Bmr026.A.aseg.xml#id(Bmr026.A.asg.61280)"/>
      <nite:child href="Bmr026.B.aseg.xml#id(Bmr026.B.asg.61477)"/>
      <nite:child href="Bmr026.D.aseg.xml#id(Bmr026.D.asg.61899)..id(Bmr026.D.asg.61902)"/>
      <nite:child href="Bmr026.B.aseg.xml#id(Bmr026.B.asg.61478)"/>
      <nite:child href="Bmr026.D.aseg.xml#id(Bmr026.D.asg.61903)"/>
      <nite:child href="Bmr026.F.aseg.xml#id(Bmr026.F.asg.62176)"/>
      <nite:child href="Bmr026.D.aseg.xml#id(Bmr026.D.asg.61904)"/>
      <nite:child href="Bmr026.B.aseg.xml#id(Bmr026.B.asg.61479)"/>
      <nite:child href="Bmr026.D.aseg.xml#id(Bmr026.D.asg.61905)..id(Bmr026.D.asg.61908)"/>
      <nite:child href="Bmr026.B.aseg.xml#id(Bmr026.B.asg.61480)"/>
      <nite:child href="Bmr026.D.aseg.xml#id(Bmr026.D.asg.61909)..id(Bmr026.D.asg.61913)"/>
      <nite:child href="Bmr026.B.aseg.xml#id(Bmr026.B.asg.61481)"/>
      <nite:child href="Bmr026.D.aseg.xml#id(Bmr026.D.asg.61914)"/>
      <nite:child href="Bmr026.B.aseg.xml#id(Bmr026.B.asg.61482)"/>
      <nite:child href="Bmr026.D.aseg.xml#id(Bmr026.D.asg.61915)..id(Bmr026.D.asg.61917)"/>
      <nite:child href="Bmr026.B.aseg.xml#id(Bmr026.B.asg.61483)..id(Bmr026.B.asg.61484)"/>
      <nite:child href="Bmr026.D.aseg.xml#id(Bmr026.D.asg.61918)"/>
      <nite:child href="Bmr026.B.aseg.xml#id(Bmr026.B.asg.61485)"/>
      <nite:child href="Bmr026.D.aseg.xml#id(Bmr026.D.asg.61919)"/>
      <nite:child href="Bmr026.B.aseg.xml#id(Bmr026.B.asg.61486)..id(Bmr026.B.asg.61487)"/>
      <nite:child href="Bmr026.D.aseg.xml#id(Bmr026.D.asg.61920)"/>
      <nite:child href="Bmr026.B.aseg.xml#id(Bmr026.B.asg.61488)"/>
      <nite:child href="Bmr026.D.aseg.xml#id(Bmr026.D.asg.61921)"/>
      <nite:child href="Bmr026.F.aseg.xml#id(Bmr026.F.asg.62177)"/>
      <nite:child href="Bmr026.B.aseg.xml#id(Bmr026.B.asg.61489)"/>
      <nite:child href="Bmr026.D.aseg.xml#id(Bmr026.D.asg.61922)"/>
      <nite:child href="Bmr026.B.aseg.xml#id(Bmr026.B.asg.61490)..id(Bmr026.B.asg.61491)"/>
      <nite:child href="Bmr026.D.aseg.xml#id(Bmr026.D.asg.61923)"/>
      <nite:child href="Bmr026.B.aseg.xml#id(Bmr026.B.asg.61492)"/>
      <nite:child href="Bmr026.D.aseg.xml#id(Bmr026.D.asg.61924)..id(Bmr026.D.asg.61925)"/>
      <nite:child href="Bmr026.F.aseg.xml#id(Bmr026.F.asg.62178)"/>
      <nite:child href="Bmr026.D.aseg.xml#id(Bmr026.D.asg.61926)"/>
      <nite:child href="Bmr026.F.aseg.xml#id(Bmr026.F.asg.62179)"/>
      <nite:child href="Bmr026.B.aseg.xml#id(Bmr026.B.asg.61493)..id(Bmr026.B.asg.61496)"/>
      <nite:child href="Bmr026.D.aseg.xml#id(Bmr026.D.asg.61927)..id(Bmr026.D.asg.61928)"/>
      <nite:child href="Bmr026.B.aseg.xml#id(Bmr026.B.asg.61497)"/>
      <nite:child href="Bmr026.D.aseg.xml#id(Bmr026.D.asg.61929)..id(Bmr026.D.asg.61933)"/>
      <nite:child href="Bmr026.B.aseg.xml#id(Bmr026.B.asg.61498)..id(Bmr026.B.asg.61499)"/>
      <nite:child href="Bmr026.D.aseg.xml#id(Bmr026.D.asg.61934)"/>
      <nite:child href="Bmr026.B.aseg.xml#id(Bmr026.B.asg.61500)"/>
      <nite:child href="Bmr026.D.aseg.xml#id(Bmr026.D.asg.61935)"/>
      <nite:child href="Bmr026.B.aseg.xml#id(Bmr026.B.asg.61501)"/>
      <nite:child href="Bmr026.D.aseg.xml#id(Bmr026.D.asg.61936)"/>
      <nite:child href="Bmr026.B.aseg.xml#id(Bmr026.B.asg.61502)..id(Bmr026.B.asg.61507)"/>
      <nite:child href="Bmr026.D.aseg.xml#id(Bmr026.D.asg.61937)..id(Bmr026.D.asg.61940)"/>
      <nite:child href="Bmr026.B.aseg.xml#id(Bmr026.B.asg.61508)"/>
      <nite:child href="Bmr026.D.aseg.xml#id(Bmr026.D.asg.61941)..id(Bmr026.D.asg.61943)"/>
      <nite:child href="Bmr026.F.aseg.xml#id(Bmr026.F.asg.62180)"/>
      <nite:child href="Bmr026.B.aseg.xml#id(Bmr026.B.asg.61509)"/>
      <nite:child href="Bmr026.D.aseg.xml#id(Bmr026.D.asg.61944)..id(Bmr026.D.asg.61945)"/>
      <nite:child href="Bmr026.F.aseg.xml#id(Bmr026.F.asg.62181)"/>
      <nite:child href="Bmr026.D.aseg.xml#id(Bmr026.D.asg.61946)"/>
      <nite:child href="Bmr026.F.aseg.xml#id(Bmr026.F.asg.62182)..id(Bmr026.F.asg.62184)"/>
      <nite:child href="Bmr026.D.aseg.xml#id(Bmr026.D.asg.61947)..id(Bmr026.D.asg.61948)"/>
      <nite:child href="Bmr026.A.aseg.xml#id(Bmr026.A.asg.61281)..id(Bmr026.A.asg.61282)"/>
      <nite:child href="Bmr026.B.aseg.xml#id(Bmr026.B.asg.61510)..id(Bmr026.B.asg.61511)"/>
      <nite:child href="Bmr026.D.aseg.xml#id(Bmr026.D.asg.61949)..id(Bmr026.D.asg.61952)"/>
      <nite:child href="Bmr026.F.aseg.xml#id(Bmr026.F.asg.62185)"/>
      <nite:child href="Bmr026.D.aseg.xml#id(Bmr026.D.asg.61953)"/>
      <nite:child href="Bmr026.A.aseg.xml#id(Bmr026.A.asg.61283)"/>
      <nite:child href="Bmr026.D.aseg.xml#id(Bmr026.D.asg.61954)..id(Bmr026.D.asg.61955)"/>
      <nite:child href="Bmr026.B.aseg.xml#id(Bmr026.B.asg.61512)"/>
      <nite:child href="Bmr026.D.aseg.xml#id(Bmr026.D.asg.61956)"/>
      <nite:child href="Bmr026.B.aseg.xml#id(Bmr026.B.asg.61513)"/>
      <nite:child href="Bmr026.D.aseg.xml#id(Bmr026.D.asg.61957)..id(Bmr026.D.asg.61959)"/>
      <nite:child href="Bmr026.A.aseg.xml#id(Bmr026.A.asg.61284)"/>
      <nite:child href="Bmr026.B.aseg.xml#id(Bmr026.B.asg.61514)"/>
      <nite:child href="Bmr026.A.aseg.xml#id(Bmr026.A.asg.61285)..id(Bmr026.A.asg.61286)"/>
      <nite:child href="Bmr026.B.aseg.xml#id(Bmr026.B.asg.61515)"/>
      <nite:child href="Bmr026.A.aseg.xml#id(Bmr026.A.asg.61287)"/>
      <nite:child href="Bmr026.D.aseg.xml#id(Bmr026.D.asg.61960)"/>
      <nite:child href="Bmr026.A.aseg.xml#id(Bmr026.A.asg.61288)"/>
      <nite:child href="Bmr026.D.aseg.xml#id(Bmr026.D.asg.61961)..id(Bmr026.D.asg.61962)"/>
      <nite:child href="Bmr026.A.aseg.xml#id(Bmr026.A.asg.61289)"/>
      <nite:child href="Bmr026.B.aseg.xml#id(Bmr026.B.asg.61516)"/>
      <nite:child href="Bmr026.D.aseg.xml#id(Bmr026.D.asg.61963)..id(Bmr026.D.asg.61965)"/>
      <nite:child href="Bmr026.B.aseg.xml#id(Bmr026.B.asg.61517)"/>
      <nite:child href="Bmr026.A.aseg.xml#id(Bmr026.A.asg.61290)"/>
      <nite:child href="Bmr026.D.aseg.xml#id(Bmr026.D.asg.61966)"/>
      <nite:child href="Bmr026.B.aseg.xml#id(Bmr026.B.asg.61518)"/>
      <nite:child href="Bmr026.D.aseg.xml#id(Bmr026.D.asg.61967)"/>
      <nite:child href="Bmr026.A.aseg.xml#id(Bmr026.A.asg.61291)"/>
      <nite:child href="Bmr026.B.aseg.xml#id(Bmr026.B.asg.61519)"/>
      <nite:child href="Bmr026.D.aseg.xml#id(Bmr026.D.asg.61968)"/>
      <nite:child href="Bmr026.B.aseg.xml#id(Bmr026.B.asg.61520)"/>
      <nite:child href="Bmr026.D.aseg.xml#id(Bmr026.D.asg.61969)"/>
      <nite:child href="Bmr026.A.aseg.xml#id(Bmr026.A.asg.61292)"/>
      <nite:child href="Bmr026.B.aseg.xml#id(Bmr026.B.asg.61521)"/>
      <nite:child href="Bmr026.D.aseg.xml#id(Bmr026.D.asg.61970)"/>
      <nite:child href="Bmr026.F.aseg.xml#id(Bmr026.F.asg.62186)"/>
      <nite:child href="Bmr026.B.aseg.xml#id(Bmr026.B.asg.61522)..id(Bmr026.B.asg.61523)"/>
      <nite:child href="Bmr026.D.aseg.xml#id(Bmr026.D.asg.61971)..id(Bmr026.D.asg.61972)"/>
      <nite:child href="Bmr026.B.aseg.xml#id(Bmr026.B.asg.61524)"/>
      <nite:child href="Bmr026.D.aseg.xml#id(Bmr026.D.asg.61973)"/>
      <nite:child href="Bmr026.B.aseg.xml#id(Bmr026.B.asg.61525)..id(Bmr026.B.asg.61527)"/>
      <nite:child href="Bmr026.A.aseg.xml#id(Bmr026.A.asg.61293)"/>
      <nite:child href="Bmr026.B.aseg.xml#id(Bmr026.B.asg.61528)"/>
      <nite:child href="Bmr026.D.aseg.xml#id(Bmr026.D.asg.61974)"/>
      <nite:child href="Bmr026.F.aseg.xml#id(Bmr026.F.asg.62187)"/>
      <nite:child href="Bmr026.B.aseg.xml#id(Bmr026.B.asg.61529)..id(Bmr026.B.asg.61530)"/>
      <nite:child href="Bmr026.A.aseg.xml#id(Bmr026.A.asg.61294)"/>
      <nite:child href="Bmr026.B.aseg.xml#id(Bmr026.B.asg.61531)"/>
      <nite:child href="Bmr026.A.aseg.xml#id(Bmr026.A.asg.61295)"/>
      <nite:child href="Bmr026.B.aseg.xml#id(Bmr026.B.asg.61532)..id(Bmr026.B.asg.61533)"/>
      <nite:child href="Bmr026.D.aseg.xml#id(Bmr026.D.asg.61975)..id(Bmr026.D.asg.61977)"/>
      <nite:child href="Bmr026.B.aseg.xml#id(Bmr026.B.asg.61534)..id(Bmr026.B.asg.61537)"/>
      <nite:child href="Bmr026.D.aseg.xml#id(Bmr026.D.asg.61978)"/>
      <nite:child href="Bmr026.B.aseg.xml#id(Bmr026.B.asg.61538)..id(Bmr026.B.asg.61542)"/>
      <nite:child href="Bmr026.D.aseg.xml#id(Bmr026.D.asg.61979)..id(Bmr026.D.asg.61980)"/>
      <nite:child href="Bmr026.B.aseg.xml#id(Bmr026.B.asg.61543)"/>
      <nite:child href="Bmr026.F.aseg.xml#id(Bmr026.F.asg.62188)..id(Bmr026.F.asg.62190)"/>
      <nite:child href="Bmr026.B.aseg.xml#id(Bmr026.B.asg.61544)"/>
      <nite:child href="Bmr026.F.aseg.xml#id(Bmr026.F.asg.62191)"/>
      <nite:child href="Bmr026.B.aseg.xml#id(Bmr026.B.asg.61545)"/>
      <nite:child href="Bmr026.F.aseg.xml#id(Bmr026.F.asg.62192)"/>
      <nite:child href="Bmr026.D.aseg.xml#id(Bmr026.D.asg.61981)..id(Bmr026.D.asg.61982)"/>
      <nite:child href="Bmr026.F.aseg.xml#id(Bmr026.F.asg.62193)"/>
      <nite:child href="Bmr026.D.aseg.xml#id(Bmr026.D.asg.61983)"/>
      <nite:child href="Bmr026.F.aseg.xml#id(Bmr026.F.asg.62194)"/>
      <nite:child href="Bmr026.D.aseg.xml#id(Bmr026.D.asg.61984)"/>
      <nite:child href="Bmr026.A.aseg.xml#id(Bmr026.A.asg.61296)"/>
      <nite:child href="Bmr026.F.aseg.xml#id(Bmr026.F.asg.62195)"/>
      <nite:child href="Bmr026.A.aseg.xml#id(Bmr026.A.asg.61297)"/>
      <nite:child href="Bmr026.D.aseg.xml#id(Bmr026.D.asg.61985)"/>
      <nite:child href="Bmr026.A.aseg.xml#id(Bmr026.A.asg.61298)"/>
      <nite:child href="Bmr026.D.aseg.xml#id(Bmr026.D.asg.61986)"/>
      <nite:child href="Bmr026.A.aseg.xml#id(Bmr026.A.asg.61299)"/>
      <nite:child href="Bmr026.D.aseg.xml#id(Bmr026.D.asg.61987)"/>
      <nite:child href="Bmr026.A.aseg.xml#id(Bmr026.A.asg.61300)"/>
      <nite:child href="Bmr026.F.aseg.xml#id(Bmr026.F.asg.62196)"/>
      <nite:child href="Bmr026.D.aseg.xml#id(Bmr026.D.asg.61988)"/>
      <nite:child href="Bmr026.B.aseg.xml#id(Bmr026.B.asg.61546)..id(Bmr026.B.asg.61547)"/>
      <nite:child href="Bmr026.F.aseg.xml#id(Bmr026.F.asg.62197)"/>
      <nite:child href="Bmr026.B.aseg.xml#id(Bmr026.B.asg.61548)..id(Bmr026.B.asg.61549)"/>
      <nite:child href="Bmr026.D.aseg.xml#id(Bmr026.D.asg.61989)"/>
      <nite:child href="Bmr026.B.aseg.xml#id(Bmr026.B.asg.61550)"/>
      <nite:child href="Bmr026.F.aseg.xml#id(Bmr026.F.asg.62198)"/>
      <nite:child href="Bmr026.B.aseg.xml#id(Bmr026.B.asg.61551)"/>
      <nite:child href="Bmr026.F.aseg.xml#id(Bmr026.F.asg.62199)"/>
      <nite:child href="Bmr026.B.aseg.xml#id(Bmr026.B.asg.61552)"/>
      <nite:child href="Bmr026.F.aseg.xml#id(Bmr026.F.asg.62200)"/>
      <nite:child href="Bmr026.B.aseg.xml#id(Bmr026.B.asg.61553)"/>
      <nite:child href="Bmr026.A.aseg.xml#id(Bmr026.A.asg.61301)"/>
      <nite:child href="Bmr026.D.aseg.xml#id(Bmr026.D.asg.61990)"/>
      <nite:child href="Bmr026.A.aseg.xml#id(Bmr026.A.asg.61302)"/>
      <nite:child href="Bmr026.B.aseg.xml#id(Bmr026.B.asg.61554)"/>
      <nite:child href="Bmr026.A.aseg.xml#id(Bmr026.A.asg.61303)"/>
      <nite:child href="Bmr026.D.aseg.xml#id(Bmr026.D.asg.61991)"/>
      <nite:child href="Bmr026.B.aseg.xml#id(Bmr026.B.asg.61555)"/>
      <nite:child href="Bmr026.A.aseg.xml#id(Bmr026.A.asg.61304)"/>
      <nite:child href="Bmr026.B.aseg.xml#id(Bmr026.B.asg.61556)"/>
      <nite:child href="Bmr026.D.aseg.xml#id(Bmr026.D.asg.61992)"/>
      <nite:child href="Bmr026.B.aseg.xml#id(Bmr026.B.asg.61557)..id(Bmr026.B.asg.61558)"/>
      <nite:child href="Bmr026.D.aseg.xml#id(Bmr026.D.asg.61993)"/>
      <nite:child href="Bmr026.B.aseg.xml#id(Bmr026.B.asg.61559)..id(Bmr026.B.asg.61562)"/>
      <nite:child href="Bmr026.F.aseg.xml#id(Bmr026.F.asg.62201)"/>
      <nite:child href="Bmr026.B.aseg.xml#id(Bmr026.B.asg.61563)..id(Bmr026.B.asg.61564)"/>
      <nite:child href="Bmr026.D.aseg.xml#id(Bmr026.D.asg.61994)"/>
      <nite:child href="Bmr026.F.aseg.xml#id(Bmr026.F.asg.62202)"/>
      <nite:child href="Bmr026.B.aseg.xml#id(Bmr026.B.asg.61565)"/>
      <nite:child href="Bmr026.D.aseg.xml#id(Bmr026.D.asg.61995)"/>
      <nite:child href="Bmr026.B.aseg.xml#id(Bmr026.B.asg.61566)..id(Bmr026.B.asg.61568)"/>
      <nite:child href="Bmr026.A.aseg.xml#id(Bmr026.A.asg.61305)"/>
      <nite:child href="Bmr026.F.aseg.xml#id(Bmr026.F.asg.62203)..id(Bmr026.F.asg.62204)"/>
      <nite:child href="Bmr026.D.aseg.xml#id(Bmr026.D.asg.61996)"/>
      <nite:child href="Bmr026.B.aseg.xml#id(Bmr026.B.asg.61569)"/>
      <nite:child href="Bmr026.F.aseg.xml#id(Bmr026.F.asg.62205)"/>
      <nite:child href="Bmr026.D.aseg.xml#id(Bmr026.D.asg.61997)"/>
      <nite:child href="Bmr026.F.aseg.xml#id(Bmr026.F.asg.62206)"/>
      <nite:child href="Bmr026.B.aseg.xml#id(Bmr026.B.asg.61570)..id(Bmr026.B.asg.61580)"/>
      <nite:child href="Bmr026.D.aseg.xml#id(Bmr026.D.asg.61998)"/>
      <nite:child href="Bmr026.B.aseg.xml#id(Bmr026.B.asg.61581)..id(Bmr026.B.asg.61583)"/>
      <nite:child href="Bmr026.D.aseg.xml#id(Bmr026.D.asg.61999)..id(Bmr026.D.asg.62000)"/>
      <nite:child href="Bmr026.B.aseg.xml#id(Bmr026.B.asg.61584)"/>
      <nite:child href="Bmr026.A.aseg.xml#id(Bmr026.A.asg.61306)..id(Bmr026.A.asg.61307)"/>
   </autopic>
   <autopic nite:id="Bmr026.autotopic.3" tstart="2495.05" tend="2574.21">
      <nite:child href="Bmr026.B.aseg.xml#id(Bmr026.B.asg.61585)..id(Bmr026.B.asg.61586)"/>
      <nite:child href="Bmr026.A.aseg.xml#id(Bmr026.A.asg.61308)..id(Bmr026.A.asg.61309)"/>
      <nite:child href="Bmr026.C.aseg.xml#id(Bmr026.C.asg.61654)"/>
      <nite:child href="Bmr026.A.aseg.xml#id(Bmr026.A.asg.61310)..id(Bmr026.A.asg.61319)"/>
      <nite:child href="Bmr026.B.aseg.xml#id(Bmr026.B.asg.61587)..id(Bmr026.B.asg.61595)"/>
   </autopic>
   <autopic nite:id="Bmr026.autotopic.4" tstart="2574.85" tend="2689.63">
      <nite:child href="Bmr026.C.aseg.xml#id(Bmr026.C.asg.61655)..id(Bmr026.C.asg.61663)"/>
      <nite:child href="Bmr026.E.aseg.xml#id(Bmr026.E.asg.62053)..id(Bmr026.E.asg.62061)"/>
      <nite:child href="Bmr026.F.aseg.xml#id(Bmr026.F.asg.62207)..id(Bmr026.F.asg.62216)"/>
   </autopic>
</nite:root>