<?xml version="1.0" encoding="ISO-8859-1" standalone="yes"?>
<nite:root nite:id="Bmr010.autotopic.1" xmlns:nite="http://nite.sourceforge.net/">
   <autopic nite:id="Bmr010.autotopic.2" tstart="3.52" tend="3018.03">
      <nite:child href="Bmr010.A.aseg.xml#id(Bmr010.A.asg.39304)"/>
      <nite:child href="Bmr010.G.aseg.xml#id(Bmr010.G.asg.40340)"/>
      <nite:child href="Bmr010.A.aseg.xml#id(Bmr010.A.asg.39305)"/>
      <nite:child href="Bmr010.D.aseg.xml#id(Bmr010.D.asg.39780)"/>
      <nite:child href="Bmr010.A.aseg.xml#id(Bmr010.A.asg.39306)..id(Bmr010.A.asg.39307)"/>
      <nite:child href="Bmr010.E.aseg.xml#id(Bmr010.E.asg.39981)"/>
      <nite:child href="Bmr010.G.aseg.xml#id(Bmr010.G.asg.40341)"/>
      <nite:child href="Bmr010.B.aseg.xml#id(Bmr010.B.asg.39555)"/>
      <nite:child href="Bmr010.E.aseg.xml#id(Bmr010.E.asg.39982)"/>
      <nite:child href="Bmr010.A.aseg.xml#id(Bmr010.A.asg.39308)"/>
      <nite:child href="Bmr010.G.aseg.xml#id(Bmr010.G.asg.40342)..id(Bmr010.G.asg.40343)"/>
      <nite:child href="Bmr010.A.aseg.xml#id(Bmr010.A.asg.39309)"/>
      <nite:child href="Bmr010.F.aseg.xml#id(Bmr010.F.asg.40013)"/>
      <nite:child href="Bmr010.G.aseg.xml#id(Bmr010.G.asg.40344)"/>
      <nite:child href="Bmr010.F.aseg.xml#id(Bmr010.F.asg.40014)"/>
      <nite:child href="Bmr010.G.aseg.xml#id(Bmr010.G.asg.40345)"/>
      <nite:child href="Bmr010.A.aseg.xml#id(Bmr010.A.asg.39310)"/>
      <nite:child href="Bmr010.F.aseg.xml#id(Bmr010.F.asg.40015)..id(Bmr010.F.asg.40016)"/>
      <nite:child href="Bmr010.G.aseg.xml#id(Bmr010.G.asg.40346)"/>
      <nite:child href="Bmr010.F.aseg.xml#id(Bmr010.F.asg.40017)"/>
      <nite:child href="Bmr010.G.aseg.xml#id(Bmr010.G.asg.40347)"/>
      <nite:child href="Bmr010.F.aseg.xml#id(Bmr010.F.asg.40018)"/>
      <nite:child href="Bmr010.G.aseg.xml#id(Bmr010.G.asg.40348)"/>
      <nite:child href="Bmr010.F.aseg.xml#id(Bmr010.F.asg.40019)"/>
      <nite:child href="Bmr010.G.aseg.xml#id(Bmr010.G.asg.40349)"/>
      <nite:child href="Bmr010.A.aseg.xml#id(Bmr010.A.asg.39311)"/>
      <nite:child href="Bmr010.F.aseg.xml#id(Bmr010.F.asg.40020)"/>
      <nite:child href="Bmr010.C.aseg.xml#id(Bmr010.C.asg.39639)"/>
      <nite:child href="Bmr010.G.aseg.xml#id(Bmr010.G.asg.40350)"/>
      <nite:child href="Bmr010.C.aseg.xml#id(Bmr010.C.asg.39640)"/>
      <nite:child href="Bmr010.G.aseg.xml#id(Bmr010.G.asg.40351)..id(Bmr010.G.asg.40352)"/>
      <nite:child href="Bmr010.D.aseg.xml#id(Bmr010.D.asg.39781)"/>
      <nite:child href="Bmr010.G.aseg.xml#id(Bmr010.G.asg.40353)..id(Bmr010.G.asg.40355)"/>
      <nite:child href="Bmr010.A.aseg.xml#id(Bmr010.A.asg.39312)"/>
      <nite:child href="Bmr010.D.aseg.xml#id(Bmr010.D.asg.39782)"/>
      <nite:child href="Bmr010.G.aseg.xml#id(Bmr010.G.asg.40356)"/>
      <nite:child href="Bmr010.A.aseg.xml#id(Bmr010.A.asg.39313)"/>
      <nite:child href="Bmr010.G.aseg.xml#id(Bmr010.G.asg.40357)"/>
      <nite:child href="Bmr010.D.aseg.xml#id(Bmr010.D.asg.39783)"/>
      <nite:child href="Bmr010.G.aseg.xml#id(Bmr010.G.asg.40358)"/>
      <nite:child href="Bmr010.A.aseg.xml#id(Bmr010.A.asg.39314)"/>
      <nite:child href="Bmr010.D.aseg.xml#id(Bmr010.D.asg.39784)"/>
      <nite:child href="Bmr010.G.aseg.xml#id(Bmr010.G.asg.40359)"/>
      <nite:child href="Bmr010.B.aseg.xml#id(Bmr010.B.asg.39556)..id(Bmr010.B.asg.39557)"/>
      <nite:child href="Bmr010.F.aseg.xml#id(Bmr010.F.asg.40021)"/>
      <nite:child href="Bmr010.G.aseg.xml#id(Bmr010.G.asg.40360)"/>
      <nite:child href="Bmr010.D.aseg.xml#id(Bmr010.D.asg.39785)"/>
      <nite:child href="Bmr010.A.aseg.xml#id(Bmr010.A.asg.39315)"/>
      <nite:child href="Bmr010.C.aseg.xml#id(Bmr010.C.asg.39641)"/>
      <nite:child href="Bmr010.F.aseg.xml#id(Bmr010.F.asg.40022)"/>
      <nite:child href="Bmr010.G.aseg.xml#id(Bmr010.G.asg.40361)"/>
      <nite:child href="Bmr010.E.aseg.xml#id(Bmr010.E.asg.39983)"/>
      <nite:child href="Bmr010.C.aseg.xml#id(Bmr010.C.asg.39642)"/>
      <nite:child href="Bmr010.B.aseg.xml#id(Bmr010.B.asg.39558)..id(Bmr010.B.asg.39559)"/>
      <nite:child href="Bmr010.F.aseg.xml#id(Bmr010.F.asg.40023)"/>
      <nite:child href="Bmr010.G.aseg.xml#id(Bmr010.G.asg.40362)..id(Bmr010.G.asg.40366)"/>
      <nite:child href="Bmr010.D.aseg.xml#id(Bmr010.D.asg.39786)"/>
      <nite:child href="Bmr010.G.aseg.xml#id(Bmr010.G.asg.40367)..id(Bmr010.G.asg.40372)"/>
      <nite:child href="Bmr010.D.aseg.xml#id(Bmr010.D.asg.39787)"/>
      <nite:child href="Bmr010.G.aseg.xml#id(Bmr010.G.asg.40373)..id(Bmr010.G.asg.40375)"/>
      <nite:child href="Bmr010.C.aseg.xml#id(Bmr010.C.asg.39643)"/>
      <nite:child href="Bmr010.G.aseg.xml#id(Bmr010.G.asg.40376)..id(Bmr010.G.asg.40378)"/>
      <nite:child href="Bmr010.D.aseg.xml#id(Bmr010.D.asg.39788)"/>
      <nite:child href="Bmr010.G.aseg.xml#id(Bmr010.G.asg.40379)..id(Bmr010.G.asg.40382)"/>
      <nite:child href="Bmr010.D.aseg.xml#id(Bmr010.D.asg.39789)"/>
      <nite:child href="Bmr010.G.aseg.xml#id(Bmr010.G.asg.40383)..id(Bmr010.G.asg.40384)"/>
      <nite:child href="Bmr010.D.aseg.xml#id(Bmr010.D.asg.39790)"/>
      <nite:child href="Bmr010.G.aseg.xml#id(Bmr010.G.asg.40385)..id(Bmr010.G.asg.40387)"/>
      <nite:child href="Bmr010.D.aseg.xml#id(Bmr010.D.asg.39791)"/>
      <nite:child href="Bmr010.G.aseg.xml#id(Bmr010.G.asg.40388)..id(Bmr010.G.asg.40389)"/>
      <nite:child href="Bmr010.D.aseg.xml#id(Bmr010.D.asg.39792)"/>
      <nite:child href="Bmr010.G.aseg.xml#id(Bmr010.G.asg.40390)"/>
      <nite:child href="Bmr010.D.aseg.xml#id(Bmr010.D.asg.39793)"/>
      <nite:child href="Bmr010.G.aseg.xml#id(Bmr010.G.asg.40391)"/>
      <nite:child href="Bmr010.D.aseg.xml#id(Bmr010.D.asg.39794)"/>
      <nite:child href="Bmr010.G.aseg.xml#id(Bmr010.G.asg.40392)"/>
      <nite:child href="Bmr010.D.aseg.xml#id(Bmr010.D.asg.39795)"/>
      <nite:child href="Bmr010.G.aseg.xml#id(Bmr010.G.asg.40393)"/>
      <nite:child href="Bmr010.F.aseg.xml#id(Bmr010.F.asg.40024)..id(Bmr010.F.asg.40025)"/>
      <nite:child href="Bmr010.C.aseg.xml#id(Bmr010.C.asg.39644)"/>
      <nite:child href="Bmr010.F.aseg.xml#id(Bmr010.F.asg.40026)"/>
      <nite:child href="Bmr010.C.aseg.xml#id(Bmr010.C.asg.39645)"/>
      <nite:child href="Bmr010.G.aseg.xml#id(Bmr010.G.asg.40394)"/>
      <nite:child href="Bmr010.C.aseg.xml#id(Bmr010.C.asg.39646)..id(Bmr010.C.asg.39648)"/>
      <nite:child href="Bmr010.G.aseg.xml#id(Bmr010.G.asg.40395)..id(Bmr010.G.asg.40396)"/>
      <nite:child href="Bmr010.C.aseg.xml#id(Bmr010.C.asg.39649)..id(Bmr010.C.asg.39651)"/>
      <nite:child href="Bmr010.D.aseg.xml#id(Bmr010.D.asg.39796)"/>
      <nite:child href="Bmr010.C.aseg.xml#id(Bmr010.C.asg.39652)..id(Bmr010.C.asg.39655)"/>
      <nite:child href="Bmr010.F.aseg.xml#id(Bmr010.F.asg.40027)"/>
      <nite:child href="Bmr010.G.aseg.xml#id(Bmr010.G.asg.40397)"/>
      <nite:child href="Bmr010.F.aseg.xml#id(Bmr010.F.asg.40028)"/>
      <nite:child href="Bmr010.C.aseg.xml#id(Bmr010.C.asg.39656)..id(Bmr010.C.asg.39658)"/>
      <nite:child href="Bmr010.G.aseg.xml#id(Bmr010.G.asg.40398)"/>
      <nite:child href="Bmr010.C.aseg.xml#id(Bmr010.C.asg.39659)"/>
      <nite:child href="Bmr010.A.aseg.xml#id(Bmr010.A.asg.39316)"/>
      <nite:child href="Bmr010.C.aseg.xml#id(Bmr010.C.asg.39660)"/>
      <nite:child href="Bmr010.A.aseg.xml#id(Bmr010.A.asg.39317)"/>
      <nite:child href="Bmr010.D.aseg.xml#id(Bmr010.D.asg.39797)"/>
      <nite:child href="Bmr010.B.aseg.xml#id(Bmr010.B.asg.39560)..id(Bmr010.B.asg.39561)"/>
      <nite:child href="Bmr010.C.aseg.xml#id(Bmr010.C.asg.39661)..id(Bmr010.C.asg.39662)"/>
      <nite:child href="Bmr010.B.aseg.xml#id(Bmr010.B.asg.39562)"/>
      <nite:child href="Bmr010.D.aseg.xml#id(Bmr010.D.asg.39798)"/>
      <nite:child href="Bmr010.C.aseg.xml#id(Bmr010.C.asg.39663)..id(Bmr010.C.asg.39665)"/>
      <nite:child href="Bmr010.B.aseg.xml#id(Bmr010.B.asg.39563)"/>
      <nite:child href="Bmr010.C.aseg.xml#id(Bmr010.C.asg.39666)..id(Bmr010.C.asg.39667)"/>
      <nite:child href="Bmr010.G.aseg.xml#id(Bmr010.G.asg.40399)"/>
      <nite:child href="Bmr010.B.aseg.xml#id(Bmr010.B.asg.39564)"/>
      <nite:child href="Bmr010.F.aseg.xml#id(Bmr010.F.asg.40029)"/>
      <nite:child href="Bmr010.C.aseg.xml#id(Bmr010.C.asg.39668)"/>
      <nite:child href="Bmr010.F.aseg.xml#id(Bmr010.F.asg.40030)"/>
      <nite:child href="Bmr010.C.aseg.xml#id(Bmr010.C.asg.39669)..id(Bmr010.C.asg.39674)"/>
      <nite:child href="Bmr010.A.aseg.xml#id(Bmr010.A.asg.39318)"/>
      <nite:child href="Bmr010.D.aseg.xml#id(Bmr010.D.asg.39799)"/>
      <nite:child href="Bmr010.A.aseg.xml#id(Bmr010.A.asg.39319)"/>
      <nite:child href="Bmr010.C.aseg.xml#id(Bmr010.C.asg.39675)..id(Bmr010.C.asg.39677)"/>
      <nite:child href="Bmr010.D.aseg.xml#id(Bmr010.D.asg.39800)..id(Bmr010.D.asg.39801)"/>
      <nite:child href="Bmr010.C.aseg.xml#id(Bmr010.C.asg.39678)..id(Bmr010.C.asg.39679)"/>
      <nite:child href="Bmr010.F.aseg.xml#id(Bmr010.F.asg.40031)"/>
      <nite:child href="Bmr010.D.aseg.xml#id(Bmr010.D.asg.39802)"/>
      <nite:child href="Bmr010.G.aseg.xml#id(Bmr010.G.asg.40400)"/>
      <nite:child href="Bmr010.A.aseg.xml#id(Bmr010.A.asg.39320)..id(Bmr010.A.asg.39321)"/>
      <nite:child href="Bmr010.G.aseg.xml#id(Bmr010.G.asg.40401)..id(Bmr010.G.asg.40403)"/>
      <nite:child href="Bmr010.C.aseg.xml#id(Bmr010.C.asg.39680)..id(Bmr010.C.asg.39682)"/>
      <nite:child href="Bmr010.A.aseg.xml#id(Bmr010.A.asg.39322)"/>
      <nite:child href="Bmr010.C.aseg.xml#id(Bmr010.C.asg.39683)..id(Bmr010.C.asg.39685)"/>
      <nite:child href="Bmr010.G.aseg.xml#id(Bmr010.G.asg.40404)"/>
      <nite:child href="Bmr010.C.aseg.xml#id(Bmr010.C.asg.39686)"/>
      <nite:child href="Bmr010.G.aseg.xml#id(Bmr010.G.asg.40405)"/>
      <nite:child href="Bmr010.C.aseg.xml#id(Bmr010.C.asg.39687)"/>
      <nite:child href="Bmr010.F.aseg.xml#id(Bmr010.F.asg.40032)"/>
      <nite:child href="Bmr010.C.aseg.xml#id(Bmr010.C.asg.39688)"/>
      <nite:child href="Bmr010.D.aseg.xml#id(Bmr010.D.asg.39803)"/>
      <nite:child href="Bmr010.F.aseg.xml#id(Bmr010.F.asg.40033)..id(Bmr010.F.asg.40040)"/>
      <nite:child href="Bmr010.G.aseg.xml#id(Bmr010.G.asg.40406)"/>
      <nite:child href="Bmr010.F.aseg.xml#id(Bmr010.F.asg.40041)..id(Bmr010.F.asg.40047)"/>
      <nite:child href="Bmr010.G.aseg.xml#id(Bmr010.G.asg.40407)"/>
      <nite:child href="Bmr010.F.aseg.xml#id(Bmr010.F.asg.40048)..id(Bmr010.F.asg.40052)"/>
      <nite:child href="Bmr010.C.aseg.xml#id(Bmr010.C.asg.39689)..id(Bmr010.C.asg.39691)"/>
      <nite:child href="Bmr010.G.aseg.xml#id(Bmr010.G.asg.40408)"/>
      <nite:child href="Bmr010.C.aseg.xml#id(Bmr010.C.asg.39692)..id(Bmr010.C.asg.39694)"/>
      <nite:child href="Bmr010.G.aseg.xml#id(Bmr010.G.asg.40409)"/>
      <nite:child href="Bmr010.C.aseg.xml#id(Bmr010.C.asg.39695)..id(Bmr010.C.asg.39698)"/>
      <nite:child href="Bmr010.G.aseg.xml#id(Bmr010.G.asg.40410)"/>
      <nite:child href="Bmr010.C.aseg.xml#id(Bmr010.C.asg.39699)"/>
      <nite:child href="Bmr010.F.aseg.xml#id(Bmr010.F.asg.40053)"/>
      <nite:child href="Bmr010.C.aseg.xml#id(Bmr010.C.asg.39700)"/>
      <nite:child href="Bmr010.F.aseg.xml#id(Bmr010.F.asg.40054)"/>
      <nite:child href="Bmr010.C.aseg.xml#id(Bmr010.C.asg.39701)"/>
      <nite:child href="Bmr010.A.aseg.xml#id(Bmr010.A.asg.39323)"/>
      <nite:child href="Bmr010.C.aseg.xml#id(Bmr010.C.asg.39702)"/>
      <nite:child href="Bmr010.A.aseg.xml#id(Bmr010.A.asg.39324)"/>
      <nite:child href="Bmr010.F.aseg.xml#id(Bmr010.F.asg.40055)"/>
      <nite:child href="Bmr010.A.aseg.xml#id(Bmr010.A.asg.39325)"/>
      <nite:child href="Bmr010.F.aseg.xml#id(Bmr010.F.asg.40056)"/>
      <nite:child href="Bmr010.A.aseg.xml#id(Bmr010.A.asg.39326)"/>
      <nite:child href="Bmr010.C.aseg.xml#id(Bmr010.C.asg.39703)"/>
      <nite:child href="Bmr010.F.aseg.xml#id(Bmr010.F.asg.40057)..id(Bmr010.F.asg.40058)"/>
      <nite:child href="Bmr010.G.aseg.xml#id(Bmr010.G.asg.40411)"/>
      <nite:child href="Bmr010.A.aseg.xml#id(Bmr010.A.asg.39327)"/>
      <nite:child href="Bmr010.C.aseg.xml#id(Bmr010.C.asg.39704)..id(Bmr010.C.asg.39705)"/>
      <nite:child href="Bmr010.F.aseg.xml#id(Bmr010.F.asg.40059)"/>
      <nite:child href="Bmr010.C.aseg.xml#id(Bmr010.C.asg.39706)..id(Bmr010.C.asg.39707)"/>
      <nite:child href="Bmr010.F.aseg.xml#id(Bmr010.F.asg.40060)..id(Bmr010.F.asg.40062)"/>
      <nite:child href="Bmr010.G.aseg.xml#id(Bmr010.G.asg.40412)..id(Bmr010.G.asg.40413)"/>
      <nite:child href="Bmr010.F.aseg.xml#id(Bmr010.F.asg.40063)"/>
      <nite:child href="Bmr010.G.aseg.xml#id(Bmr010.G.asg.40414)"/>
      <nite:child href="Bmr010.F.aseg.xml#id(Bmr010.F.asg.40064)"/>
      <nite:child href="Bmr010.G.aseg.xml#id(Bmr010.G.asg.40415)..id(Bmr010.G.asg.40417)"/>
      <nite:child href="Bmr010.A.aseg.xml#id(Bmr010.A.asg.39328)"/>
      <nite:child href="Bmr010.B.aseg.xml#id(Bmr010.B.asg.39565)"/>
      <nite:child href="Bmr010.A.aseg.xml#id(Bmr010.A.asg.39329)"/>
      <nite:child href="Bmr010.C.aseg.xml#id(Bmr010.C.asg.39708)"/>
      <nite:child href="Bmr010.G.aseg.xml#id(Bmr010.G.asg.40418)..id(Bmr010.G.asg.40419)"/>
      <nite:child href="Bmr010.A.aseg.xml#id(Bmr010.A.asg.39330)"/>
      <nite:child href="Bmr010.F.aseg.xml#id(Bmr010.F.asg.40065)"/>
      <nite:child href="Bmr010.G.aseg.xml#id(Bmr010.G.asg.40420)"/>
      <nite:child href="Bmr010.F.aseg.xml#id(Bmr010.F.asg.40066)..id(Bmr010.F.asg.40068)"/>
      <nite:child href="Bmr010.G.aseg.xml#id(Bmr010.G.asg.40421)"/>
      <nite:child href="Bmr010.F.aseg.xml#id(Bmr010.F.asg.40069)..id(Bmr010.F.asg.40071)"/>
      <nite:child href="Bmr010.G.aseg.xml#id(Bmr010.G.asg.40422)..id(Bmr010.G.asg.40423)"/>
      <nite:child href="Bmr010.F.aseg.xml#id(Bmr010.F.asg.40072)"/>
      <nite:child href="Bmr010.G.aseg.xml#id(Bmr010.G.asg.40424)"/>
      <nite:child href="Bmr010.A.aseg.xml#id(Bmr010.A.asg.39331)..id(Bmr010.A.asg.39332)"/>
      <nite:child href="Bmr010.F.aseg.xml#id(Bmr010.F.asg.40073)..id(Bmr010.F.asg.40074)"/>
      <nite:child href="Bmr010.E.aseg.xml#id(Bmr010.E.asg.39984)"/>
      <nite:child href="Bmr010.A.aseg.xml#id(Bmr010.A.asg.39333)"/>
      <nite:child href="Bmr010.F.aseg.xml#id(Bmr010.F.asg.40075)..id(Bmr010.F.asg.40076)"/>
      <nite:child href="Bmr010.G.aseg.xml#id(Bmr010.G.asg.40425)"/>
      <nite:child href="Bmr010.F.aseg.xml#id(Bmr010.F.asg.40077)"/>
      <nite:child href="Bmr010.A.aseg.xml#id(Bmr010.A.asg.39334)"/>
      <nite:child href="Bmr010.F.aseg.xml#id(Bmr010.F.asg.40078)"/>
      <nite:child href="Bmr010.G.aseg.xml#id(Bmr010.G.asg.40426)"/>
      <nite:child href="Bmr010.F.aseg.xml#id(Bmr010.F.asg.40079)"/>
      <nite:child href="Bmr010.G.aseg.xml#id(Bmr010.G.asg.40427)..id(Bmr010.G.asg.40428)"/>
      <nite:child href="Bmr010.F.aseg.xml#id(Bmr010.F.asg.40080)..id(Bmr010.F.asg.40081)"/>
      <nite:child href="Bmr010.B.aseg.xml#id(Bmr010.B.asg.39566)"/>
      <nite:child href="Bmr010.G.aseg.xml#id(Bmr010.G.asg.40429)"/>
      <nite:child href="Bmr010.B.aseg.xml#id(Bmr010.B.asg.39567)"/>
      <nite:child href="Bmr010.F.aseg.xml#id(Bmr010.F.asg.40082)..id(Bmr010.F.asg.40083)"/>
      <nite:child href="Bmr010.B.aseg.xml#id(Bmr010.B.asg.39568)"/>
      <nite:child href="Bmr010.G.aseg.xml#id(Bmr010.G.asg.40430)"/>
      <nite:child href="Bmr010.A.aseg.xml#id(Bmr010.A.asg.39335)"/>
      <nite:child href="Bmr010.F.aseg.xml#id(Bmr010.F.asg.40084)"/>
      <nite:child href="Bmr010.A.aseg.xml#id(Bmr010.A.asg.39336)"/>
      <nite:child href="Bmr010.C.aseg.xml#id(Bmr010.C.asg.39709)"/>
      <nite:child href="Bmr010.F.aseg.xml#id(Bmr010.F.asg.40085)"/>
      <nite:child href="Bmr010.A.aseg.xml#id(Bmr010.A.asg.39337)..id(Bmr010.A.asg.39338)"/>
      <nite:child href="Bmr010.G.aseg.xml#id(Bmr010.G.asg.40431)"/>
      <nite:child href="Bmr010.F.aseg.xml#id(Bmr010.F.asg.40086)"/>
      <nite:child href="Bmr010.G.aseg.xml#id(Bmr010.G.asg.40432)"/>
      <nite:child href="Bmr010.A.aseg.xml#id(Bmr010.A.asg.39339)..id(Bmr010.A.asg.39340)"/>
      <nite:child href="Bmr010.F.aseg.xml#id(Bmr010.F.asg.40087)..id(Bmr010.F.asg.40088)"/>
      <nite:child href="Bmr010.A.aseg.xml#id(Bmr010.A.asg.39341)"/>
      <nite:child href="Bmr010.F.aseg.xml#id(Bmr010.F.asg.40089)..id(Bmr010.F.asg.40093)"/>
      <nite:child href="Bmr010.A.aseg.xml#id(Bmr010.A.asg.39342)"/>
      <nite:child href="Bmr010.F.aseg.xml#id(Bmr010.F.asg.40094)"/>
      <nite:child href="Bmr010.C.aseg.xml#id(Bmr010.C.asg.39710)"/>
      <nite:child href="Bmr010.A.aseg.xml#id(Bmr010.A.asg.39343)"/>
      <nite:child href="Bmr010.C.aseg.xml#id(Bmr010.C.asg.39711)"/>
      <nite:child href="Bmr010.F.aseg.xml#id(Bmr010.F.asg.40095)"/>
      <nite:child href="Bmr010.A.aseg.xml#id(Bmr010.A.asg.39344)"/>
      <nite:child href="Bmr010.F.aseg.xml#id(Bmr010.F.asg.40096)"/>
      <nite:child href="Bmr010.A.aseg.xml#id(Bmr010.A.asg.39345)"/>
      <nite:child href="Bmr010.G.aseg.xml#id(Bmr010.G.asg.40433)"/>
      <nite:child href="Bmr010.F.aseg.xml#id(Bmr010.F.asg.40097)..id(Bmr010.F.asg.40099)"/>
      <nite:child href="Bmr010.A.aseg.xml#id(Bmr010.A.asg.39346)"/>
      <nite:child href="Bmr010.F.aseg.xml#id(Bmr010.F.asg.40100)"/>
      <nite:child href="Bmr010.G.aseg.xml#id(Bmr010.G.asg.40434)"/>
      <nite:child href="Bmr010.F.aseg.xml#id(Bmr010.F.asg.40101)"/>
      <nite:child href="Bmr010.G.aseg.xml#id(Bmr010.G.asg.40435)..id(Bmr010.G.asg.40436)"/>
      <nite:child href="Bmr010.F.aseg.xml#id(Bmr010.F.asg.40102)"/>
      <nite:child href="Bmr010.G.aseg.xml#id(Bmr010.G.asg.40437)..id(Bmr010.G.asg.40439)"/>
      <nite:child href="Bmr010.F.aseg.xml#id(Bmr010.F.asg.40103)"/>
      <nite:child href="Bmr010.G.aseg.xml#id(Bmr010.G.asg.40440)"/>
      <nite:child href="Bmr010.F.aseg.xml#id(Bmr010.F.asg.40104)"/>
      <nite:child href="Bmr010.A.aseg.xml#id(Bmr010.A.asg.39347)"/>
      <nite:child href="Bmr010.G.aseg.xml#id(Bmr010.G.asg.40441)"/>
      <nite:child href="Bmr010.A.aseg.xml#id(Bmr010.A.asg.39348)..id(Bmr010.A.asg.39349)"/>
      <nite:child href="Bmr010.G.aseg.xml#id(Bmr010.G.asg.40442)"/>
      <nite:child href="Bmr010.A.aseg.xml#id(Bmr010.A.asg.39350)"/>
      <nite:child href="Bmr010.F.aseg.xml#id(Bmr010.F.asg.40105)"/>
      <nite:child href="Bmr010.G.aseg.xml#id(Bmr010.G.asg.40443)"/>
      <nite:child href="Bmr010.A.aseg.xml#id(Bmr010.A.asg.39351)"/>
      <nite:child href="Bmr010.G.aseg.xml#id(Bmr010.G.asg.40444)..id(Bmr010.G.asg.40445)"/>
      <nite:child href="Bmr010.F.aseg.xml#id(Bmr010.F.asg.40106)..id(Bmr010.F.asg.40107)"/>
      <nite:child href="Bmr010.G.aseg.xml#id(Bmr010.G.asg.40446)..id(Bmr010.G.asg.40448)"/>
      <nite:child href="Bmr010.A.aseg.xml#id(Bmr010.A.asg.39352)"/>
      <nite:child href="Bmr010.F.aseg.xml#id(Bmr010.F.asg.40108)"/>
      <nite:child href="Bmr010.A.aseg.xml#id(Bmr010.A.asg.39353)"/>
      <nite:child href="Bmr010.G.aseg.xml#id(Bmr010.G.asg.40449)"/>
      <nite:child href="Bmr010.A.aseg.xml#id(Bmr010.A.asg.39354)"/>
      <nite:child href="Bmr010.G.aseg.xml#id(Bmr010.G.asg.40450)"/>
      <nite:child href="Bmr010.A.aseg.xml#id(Bmr010.A.asg.39355)"/>
      <nite:child href="Bmr010.F.aseg.xml#id(Bmr010.F.asg.40109)"/>
      <nite:child href="Bmr010.A.aseg.xml#id(Bmr010.A.asg.39356)"/>
      <nite:child href="Bmr010.D.aseg.xml#id(Bmr010.D.asg.39804)"/>
      <nite:child href="Bmr010.C.aseg.xml#id(Bmr010.C.asg.39712)"/>
      <nite:child href="Bmr010.F.aseg.xml#id(Bmr010.F.asg.40110)..id(Bmr010.F.asg.40112)"/>
      <nite:child href="Bmr010.G.aseg.xml#id(Bmr010.G.asg.40451)"/>
      <nite:child href="Bmr010.A.aseg.xml#id(Bmr010.A.asg.39357)"/>
      <nite:child href="Bmr010.F.aseg.xml#id(Bmr010.F.asg.40113)"/>
      <nite:child href="Bmr010.G.aseg.xml#id(Bmr010.G.asg.40452)"/>
      <nite:child href="Bmr010.C.aseg.xml#id(Bmr010.C.asg.39713)"/>
      <nite:child href="Bmr010.F.aseg.xml#id(Bmr010.F.asg.40114)"/>
      <nite:child href="Bmr010.G.aseg.xml#id(Bmr010.G.asg.40453)..id(Bmr010.G.asg.40455)"/>
      <nite:child href="Bmr010.C.aseg.xml#id(Bmr010.C.asg.39714)"/>
      <nite:child href="Bmr010.F.aseg.xml#id(Bmr010.F.asg.40115)"/>
      <nite:child href="Bmr010.D.aseg.xml#id(Bmr010.D.asg.39805)"/>
      <nite:child href="Bmr010.G.aseg.xml#id(Bmr010.G.asg.40456)..id(Bmr010.G.asg.40457)"/>
      <nite:child href="Bmr010.F.aseg.xml#id(Bmr010.F.asg.40116)"/>
      <nite:child href="Bmr010.G.aseg.xml#id(Bmr010.G.asg.40458)..id(Bmr010.G.asg.40459)"/>
      <nite:child href="Bmr010.D.aseg.xml#id(Bmr010.D.asg.39806)"/>
      <nite:child href="Bmr010.G.aseg.xml#id(Bmr010.G.asg.40460)..id(Bmr010.G.asg.40462)"/>
      <nite:child href="Bmr010.A.aseg.xml#id(Bmr010.A.asg.39358)"/>
      <nite:child href="Bmr010.F.aseg.xml#id(Bmr010.F.asg.40117)"/>
      <nite:child href="Bmr010.G.aseg.xml#id(Bmr010.G.asg.40463)"/>
      <nite:child href="Bmr010.F.aseg.xml#id(Bmr010.F.asg.40118)..id(Bmr010.F.asg.40119)"/>
      <nite:child href="Bmr010.G.aseg.xml#id(Bmr010.G.asg.40464)"/>
      <nite:child href="Bmr010.F.aseg.xml#id(Bmr010.F.asg.40120)..id(Bmr010.F.asg.40121)"/>
      <nite:child href="Bmr010.G.aseg.xml#id(Bmr010.G.asg.40465)"/>
      <nite:child href="Bmr010.F.aseg.xml#id(Bmr010.F.asg.40122)"/>
      <nite:child href="Bmr010.G.aseg.xml#id(Bmr010.G.asg.40466)"/>
      <nite:child href="Bmr010.D.aseg.xml#id(Bmr010.D.asg.39807)"/>
      <nite:child href="Bmr010.F.aseg.xml#id(Bmr010.F.asg.40123)"/>
      <nite:child href="Bmr010.G.aseg.xml#id(Bmr010.G.asg.40467)"/>
      <nite:child href="Bmr010.C.aseg.xml#id(Bmr010.C.asg.39715)"/>
      <nite:child href="Bmr010.D.aseg.xml#id(Bmr010.D.asg.39808)"/>
      <nite:child href="Bmr010.F.aseg.xml#id(Bmr010.F.asg.40124)"/>
      <nite:child href="Bmr010.G.aseg.xml#id(Bmr010.G.asg.40468)"/>
      <nite:child href="Bmr010.A.aseg.xml#id(Bmr010.A.asg.39359)..id(Bmr010.A.asg.39360)"/>
      <nite:child href="Bmr010.G.aseg.xml#id(Bmr010.G.asg.40469)"/>
      <nite:child href="Bmr010.F.aseg.xml#id(Bmr010.F.asg.40125)"/>
      <nite:child href="Bmr010.G.aseg.xml#id(Bmr010.G.asg.40470)"/>
      <nite:child href="Bmr010.A.aseg.xml#id(Bmr010.A.asg.39361)"/>
      <nite:child href="Bmr010.G.aseg.xml#id(Bmr010.G.asg.40471)..id(Bmr010.G.asg.40472)"/>
      <nite:child href="Bmr010.A.aseg.xml#id(Bmr010.A.asg.39362)"/>
      <nite:child href="Bmr010.G.aseg.xml#id(Bmr010.G.asg.40473)"/>
      <nite:child href="Bmr010.F.aseg.xml#id(Bmr010.F.asg.40126)"/>
      <nite:child href="Bmr010.D.aseg.xml#id(Bmr010.D.asg.39809)..id(Bmr010.D.asg.39810)"/>
      <nite:child href="Bmr010.F.aseg.xml#id(Bmr010.F.asg.40127)"/>
      <nite:child href="Bmr010.D.aseg.xml#id(Bmr010.D.asg.39811)"/>
      <nite:child href="Bmr010.F.aseg.xml#id(Bmr010.F.asg.40128)..id(Bmr010.F.asg.40129)"/>
      <nite:child href="Bmr010.D.aseg.xml#id(Bmr010.D.asg.39812)..id(Bmr010.D.asg.39813)"/>
      <nite:child href="Bmr010.F.aseg.xml#id(Bmr010.F.asg.40130)..id(Bmr010.F.asg.40132)"/>
      <nite:child href="Bmr010.D.aseg.xml#id(Bmr010.D.asg.39814)"/>
      <nite:child href="Bmr010.F.aseg.xml#id(Bmr010.F.asg.40133)..id(Bmr010.F.asg.40134)"/>
      <nite:child href="Bmr010.A.aseg.xml#id(Bmr010.A.asg.39363)"/>
      <nite:child href="Bmr010.D.aseg.xml#id(Bmr010.D.asg.39815)"/>
      <nite:child href="Bmr010.A.aseg.xml#id(Bmr010.A.asg.39364)..id(Bmr010.A.asg.39365)"/>
      <nite:child href="Bmr010.D.aseg.xml#id(Bmr010.D.asg.39816)"/>
      <nite:child href="Bmr010.A.aseg.xml#id(Bmr010.A.asg.39366)..id(Bmr010.A.asg.39367)"/>
      <nite:child href="Bmr010.F.aseg.xml#id(Bmr010.F.asg.40135)"/>
      <nite:child href="Bmr010.D.aseg.xml#id(Bmr010.D.asg.39817)..id(Bmr010.D.asg.39818)"/>
      <nite:child href="Bmr010.A.aseg.xml#id(Bmr010.A.asg.39368)"/>
      <nite:child href="Bmr010.F.aseg.xml#id(Bmr010.F.asg.40136)..id(Bmr010.F.asg.40137)"/>
      <nite:child href="Bmr010.B.aseg.xml#id(Bmr010.B.asg.39569)"/>
      <nite:child href="Bmr010.A.aseg.xml#id(Bmr010.A.asg.39369)"/>
      <nite:child href="Bmr010.B.aseg.xml#id(Bmr010.B.asg.39570)"/>
      <nite:child href="Bmr010.D.aseg.xml#id(Bmr010.D.asg.39819)"/>
      <nite:child href="Bmr010.A.aseg.xml#id(Bmr010.A.asg.39370)"/>
      <nite:child href="Bmr010.B.aseg.xml#id(Bmr010.B.asg.39571)"/>
      <nite:child href="Bmr010.D.aseg.xml#id(Bmr010.D.asg.39820)"/>
      <nite:child href="Bmr010.G.aseg.xml#id(Bmr010.G.asg.40474)"/>
      <nite:child href="Bmr010.F.aseg.xml#id(Bmr010.F.asg.40138)"/>
      <nite:child href="Bmr010.A.aseg.xml#id(Bmr010.A.asg.39371)"/>
      <nite:child href="Bmr010.D.aseg.xml#id(Bmr010.D.asg.39821)"/>
      <nite:child href="Bmr010.G.aseg.xml#id(Bmr010.G.asg.40475)"/>
      <nite:child href="Bmr010.F.aseg.xml#id(Bmr010.F.asg.40139)"/>
      <nite:child href="Bmr010.G.aseg.xml#id(Bmr010.G.asg.40476)"/>
      <nite:child href="Bmr010.F.aseg.xml#id(Bmr010.F.asg.40140)"/>
      <nite:child href="Bmr010.G.aseg.xml#id(Bmr010.G.asg.40477)"/>
      <nite:child href="Bmr010.F.aseg.xml#id(Bmr010.F.asg.40141)"/>
      <nite:child href="Bmr010.G.aseg.xml#id(Bmr010.G.asg.40478)"/>
      <nite:child href="Bmr010.F.aseg.xml#id(Bmr010.F.asg.40142)..id(Bmr010.F.asg.40146)"/>
      <nite:child href="Bmr010.G.aseg.xml#id(Bmr010.G.asg.40479)"/>
      <nite:child href="Bmr010.A.aseg.xml#id(Bmr010.A.asg.39372)"/>
      <nite:child href="Bmr010.F.aseg.xml#id(Bmr010.F.asg.40147)"/>
      <nite:child href="Bmr010.G.aseg.xml#id(Bmr010.G.asg.40480)"/>
      <nite:child href="Bmr010.F.aseg.xml#id(Bmr010.F.asg.40148)"/>
      <nite:child href="Bmr010.G.aseg.xml#id(Bmr010.G.asg.40481)"/>
      <nite:child href="Bmr010.F.aseg.xml#id(Bmr010.F.asg.40149)"/>
      <nite:child href="Bmr010.A.aseg.xml#id(Bmr010.A.asg.39373)"/>
      <nite:child href="Bmr010.G.aseg.xml#id(Bmr010.G.asg.40482)"/>
      <nite:child href="Bmr010.A.aseg.xml#id(Bmr010.A.asg.39374)..id(Bmr010.A.asg.39375)"/>
      <nite:child href="Bmr010.F.aseg.xml#id(Bmr010.F.asg.40150)"/>
      <nite:child href="Bmr010.G.aseg.xml#id(Bmr010.G.asg.40483)"/>
      <nite:child href="Bmr010.F.aseg.xml#id(Bmr010.F.asg.40151)"/>
      <nite:child href="Bmr010.E.aseg.xml#id(Bmr010.E.asg.39985)"/>
      <nite:child href="Bmr010.A.aseg.xml#id(Bmr010.A.asg.39376)"/>
      <nite:child href="Bmr010.G.aseg.xml#id(Bmr010.G.asg.40484)..id(Bmr010.G.asg.40486)"/>
      <nite:child href="Bmr010.B.aseg.xml#id(Bmr010.B.asg.39572)"/>
      <nite:child href="Bmr010.E.aseg.xml#id(Bmr010.E.asg.39986)"/>
      <nite:child href="Bmr010.F.aseg.xml#id(Bmr010.F.asg.40152)"/>
      <nite:child href="Bmr010.G.aseg.xml#id(Bmr010.G.asg.40487)..id(Bmr010.G.asg.40491)"/>
      <nite:child href="Bmr010.F.aseg.xml#id(Bmr010.F.asg.40153)"/>
      <nite:child href="Bmr010.A.aseg.xml#id(Bmr010.A.asg.39377)..id(Bmr010.A.asg.39385)"/>
      <nite:child href="Bmr010.G.aseg.xml#id(Bmr010.G.asg.40492)"/>
      <nite:child href="Bmr010.A.aseg.xml#id(Bmr010.A.asg.39386)"/>
      <nite:child href="Bmr010.G.aseg.xml#id(Bmr010.G.asg.40493)"/>
      <nite:child href="Bmr010.E.aseg.xml#id(Bmr010.E.asg.39987)"/>
      <nite:child href="Bmr010.A.aseg.xml#id(Bmr010.A.asg.39387)"/>
      <nite:child href="Bmr010.E.aseg.xml#id(Bmr010.E.asg.39988)"/>
      <nite:child href="Bmr010.A.aseg.xml#id(Bmr010.A.asg.39388)..id(Bmr010.A.asg.39391)"/>
      <nite:child href="Bmr010.G.aseg.xml#id(Bmr010.G.asg.40494)..id(Bmr010.G.asg.40495)"/>
      <nite:child href="Bmr010.A.aseg.xml#id(Bmr010.A.asg.39392)"/>
      <nite:child href="Bmr010.F.aseg.xml#id(Bmr010.F.asg.40154)..id(Bmr010.F.asg.40155)"/>
      <nite:child href="Bmr010.C.aseg.xml#id(Bmr010.C.asg.39716)"/>
      <nite:child href="Bmr010.A.aseg.xml#id(Bmr010.A.asg.39393)"/>
      <nite:child href="Bmr010.F.aseg.xml#id(Bmr010.F.asg.40156)"/>
      <nite:child href="Bmr010.G.aseg.xml#id(Bmr010.G.asg.40496)"/>
      <nite:child href="Bmr010.A.aseg.xml#id(Bmr010.A.asg.39394)..id(Bmr010.A.asg.39395)"/>
      <nite:child href="Bmr010.G.aseg.xml#id(Bmr010.G.asg.40497)..id(Bmr010.G.asg.40498)"/>
      <nite:child href="Bmr010.A.aseg.xml#id(Bmr010.A.asg.39396)..id(Bmr010.A.asg.39398)"/>
      <nite:child href="Bmr010.F.aseg.xml#id(Bmr010.F.asg.40157)"/>
      <nite:child href="Bmr010.A.aseg.xml#id(Bmr010.A.asg.39399)..id(Bmr010.A.asg.39401)"/>
      <nite:child href="Bmr010.G.aseg.xml#id(Bmr010.G.asg.40499)..id(Bmr010.G.asg.40503)"/>
      <nite:child href="Bmr010.A.aseg.xml#id(Bmr010.A.asg.39402)"/>
      <nite:child href="Bmr010.G.aseg.xml#id(Bmr010.G.asg.40504)"/>
      <nite:child href="Bmr010.A.aseg.xml#id(Bmr010.A.asg.39403)"/>
      <nite:child href="Bmr010.G.aseg.xml#id(Bmr010.G.asg.40505)"/>
      <nite:child href="Bmr010.D.aseg.xml#id(Bmr010.D.asg.39822)"/>
      <nite:child href="Bmr010.C.aseg.xml#id(Bmr010.C.asg.39717)"/>
      <nite:child href="Bmr010.A.aseg.xml#id(Bmr010.A.asg.39404)"/>
      <nite:child href="Bmr010.G.aseg.xml#id(Bmr010.G.asg.40506)"/>
      <nite:child href="Bmr010.D.aseg.xml#id(Bmr010.D.asg.39823)"/>
      <nite:child href="Bmr010.G.aseg.xml#id(Bmr010.G.asg.40507)"/>
      <nite:child href="Bmr010.A.aseg.xml#id(Bmr010.A.asg.39405)..id(Bmr010.A.asg.39406)"/>
      <nite:child href="Bmr010.G.aseg.xml#id(Bmr010.G.asg.40508)"/>
      <nite:child href="Bmr010.D.aseg.xml#id(Bmr010.D.asg.39824)"/>
      <nite:child href="Bmr010.B.aseg.xml#id(Bmr010.B.asg.39573)..id(Bmr010.B.asg.39575)"/>
      <nite:child href="Bmr010.G.aseg.xml#id(Bmr010.G.asg.40509)"/>
      <nite:child href="Bmr010.B.aseg.xml#id(Bmr010.B.asg.39576)..id(Bmr010.B.asg.39579)"/>
      <nite:child href="Bmr010.F.aseg.xml#id(Bmr010.F.asg.40158)"/>
      <nite:child href="Bmr010.B.aseg.xml#id(Bmr010.B.asg.39580)"/>
      <nite:child href="Bmr010.G.aseg.xml#id(Bmr010.G.asg.40510)"/>
      <nite:child href="Bmr010.A.aseg.xml#id(Bmr010.A.asg.39407)"/>
      <nite:child href="Bmr010.B.aseg.xml#id(Bmr010.B.asg.39581)"/>
      <nite:child href="Bmr010.A.aseg.xml#id(Bmr010.A.asg.39408)"/>
      <nite:child href="Bmr010.B.aseg.xml#id(Bmr010.B.asg.39582)"/>
      <nite:child href="Bmr010.A.aseg.xml#id(Bmr010.A.asg.39409)"/>
      <nite:child href="Bmr010.B.aseg.xml#id(Bmr010.B.asg.39583)"/>
      <nite:child href="Bmr010.A.aseg.xml#id(Bmr010.A.asg.39410)"/>
      <nite:child href="Bmr010.B.aseg.xml#id(Bmr010.B.asg.39584)"/>
      <nite:child href="Bmr010.A.aseg.xml#id(Bmr010.A.asg.39411)..id(Bmr010.A.asg.39413)"/>
      <nite:child href="Bmr010.D.aseg.xml#id(Bmr010.D.asg.39825)"/>
      <nite:child href="Bmr010.G.aseg.xml#id(Bmr010.G.asg.40511)"/>
      <nite:child href="Bmr010.A.aseg.xml#id(Bmr010.A.asg.39414)"/>
      <nite:child href="Bmr010.F.aseg.xml#id(Bmr010.F.asg.40159)"/>
      <nite:child href="Bmr010.G.aseg.xml#id(Bmr010.G.asg.40512)..id(Bmr010.G.asg.40520)"/>
      <nite:child href="Bmr010.D.aseg.xml#id(Bmr010.D.asg.39826)"/>
      <nite:child href="Bmr010.F.aseg.xml#id(Bmr010.F.asg.40160)..id(Bmr010.F.asg.40162)"/>
      <nite:child href="Bmr010.A.aseg.xml#id(Bmr010.A.asg.39415)"/>
      <nite:child href="Bmr010.F.aseg.xml#id(Bmr010.F.asg.40163)"/>
      <nite:child href="Bmr010.G.aseg.xml#id(Bmr010.G.asg.40521)"/>
      <nite:child href="Bmr010.A.aseg.xml#id(Bmr010.A.asg.39416)"/>
      <nite:child href="Bmr010.F.aseg.xml#id(Bmr010.F.asg.40164)..id(Bmr010.F.asg.40165)"/>
      <nite:child href="Bmr010.G.aseg.xml#id(Bmr010.G.asg.40522)..id(Bmr010.G.asg.40523)"/>
      <nite:child href="Bmr010.A.aseg.xml#id(Bmr010.A.asg.39417)..id(Bmr010.A.asg.39419)"/>
      <nite:child href="Bmr010.G.aseg.xml#id(Bmr010.G.asg.40524)"/>
      <nite:child href="Bmr010.A.aseg.xml#id(Bmr010.A.asg.39420)"/>
      <nite:child href="Bmr010.G.aseg.xml#id(Bmr010.G.asg.40525)"/>
      <nite:child href="Bmr010.F.aseg.xml#id(Bmr010.F.asg.40166)"/>
      <nite:child href="Bmr010.G.aseg.xml#id(Bmr010.G.asg.40526)..id(Bmr010.G.asg.40527)"/>
      <nite:child href="Bmr010.D.aseg.xml#id(Bmr010.D.asg.39827)"/>
      <nite:child href="Bmr010.F.aseg.xml#id(Bmr010.F.asg.40167)"/>
      <nite:child href="Bmr010.G.aseg.xml#id(Bmr010.G.asg.40528)"/>
      <nite:child href="Bmr010.F.aseg.xml#id(Bmr010.F.asg.40168)"/>
      <nite:child href="Bmr010.G.aseg.xml#id(Bmr010.G.asg.40529)..id(Bmr010.G.asg.40530)"/>
      <nite:child href="Bmr010.A.aseg.xml#id(Bmr010.A.asg.39421)"/>
      <nite:child href="Bmr010.D.aseg.xml#id(Bmr010.D.asg.39828)"/>
      <nite:child href="Bmr010.F.aseg.xml#id(Bmr010.F.asg.40169)..id(Bmr010.F.asg.40170)"/>
      <nite:child href="Bmr010.A.aseg.xml#id(Bmr010.A.asg.39422)"/>
      <nite:child href="Bmr010.F.aseg.xml#id(Bmr010.F.asg.40171)"/>
      <nite:child href="Bmr010.A.aseg.xml#id(Bmr010.A.asg.39423)"/>
      <nite:child href="Bmr010.D.aseg.xml#id(Bmr010.D.asg.39829)"/>
      <nite:child href="Bmr010.A.aseg.xml#id(Bmr010.A.asg.39424)"/>
      <nite:child href="Bmr010.F.aseg.xml#id(Bmr010.F.asg.40172)"/>
      <nite:child href="Bmr010.D.aseg.xml#id(Bmr010.D.asg.39830)"/>
      <nite:child href="Bmr010.F.aseg.xml#id(Bmr010.F.asg.40173)"/>
      <nite:child href="Bmr010.C.aseg.xml#id(Bmr010.C.asg.39718)"/>
      <nite:child href="Bmr010.D.aseg.xml#id(Bmr010.D.asg.39831)"/>
      <nite:child href="Bmr010.G.aseg.xml#id(Bmr010.G.asg.40531)"/>
      <nite:child href="Bmr010.A.aseg.xml#id(Bmr010.A.asg.39425)"/>
      <nite:child href="Bmr010.F.aseg.xml#id(Bmr010.F.asg.40174)..id(Bmr010.F.asg.40175)"/>
      <nite:child href="Bmr010.A.aseg.xml#id(Bmr010.A.asg.39426)"/>
      <nite:child href="Bmr010.G.aseg.xml#id(Bmr010.G.asg.40532)"/>
      <nite:child href="Bmr010.F.aseg.xml#id(Bmr010.F.asg.40176)"/>
      <nite:child href="Bmr010.G.aseg.xml#id(Bmr010.G.asg.40533)..id(Bmr010.G.asg.40534)"/>
      <nite:child href="Bmr010.F.aseg.xml#id(Bmr010.F.asg.40177)..id(Bmr010.F.asg.40178)"/>
      <nite:child href="Bmr010.G.aseg.xml#id(Bmr010.G.asg.40535)"/>
      <nite:child href="Bmr010.F.aseg.xml#id(Bmr010.F.asg.40179)"/>
      <nite:child href="Bmr010.G.aseg.xml#id(Bmr010.G.asg.40536)"/>
      <nite:child href="Bmr010.B.aseg.xml#id(Bmr010.B.asg.39585)..id(Bmr010.B.asg.39587)"/>
      <nite:child href="Bmr010.G.aseg.xml#id(Bmr010.G.asg.40537)"/>
      <nite:child href="Bmr010.B.aseg.xml#id(Bmr010.B.asg.39588)..id(Bmr010.B.asg.39589)"/>
      <nite:child href="Bmr010.A.aseg.xml#id(Bmr010.A.asg.39427)"/>
      <nite:child href="Bmr010.B.aseg.xml#id(Bmr010.B.asg.39590)"/>
      <nite:child href="Bmr010.A.aseg.xml#id(Bmr010.A.asg.39428)"/>
      <nite:child href="Bmr010.B.aseg.xml#id(Bmr010.B.asg.39591)"/>
      <nite:child href="Bmr010.C.aseg.xml#id(Bmr010.C.asg.39719)"/>
      <nite:child href="Bmr010.F.aseg.xml#id(Bmr010.F.asg.40180)"/>
      <nite:child href="Bmr010.B.aseg.xml#id(Bmr010.B.asg.39592)"/>
      <nite:child href="Bmr010.F.aseg.xml#id(Bmr010.F.asg.40181)"/>
      <nite:child href="Bmr010.A.aseg.xml#id(Bmr010.A.asg.39429)"/>
      <nite:child href="Bmr010.F.aseg.xml#id(Bmr010.F.asg.40182)"/>
      <nite:child href="Bmr010.B.aseg.xml#id(Bmr010.B.asg.39593)"/>
      <nite:child href="Bmr010.F.aseg.xml#id(Bmr010.F.asg.40183)"/>
      <nite:child href="Bmr010.B.aseg.xml#id(Bmr010.B.asg.39594)"/>
      <nite:child href="Bmr010.F.aseg.xml#id(Bmr010.F.asg.40184)..id(Bmr010.F.asg.40188)"/>
      <nite:child href="Bmr010.B.aseg.xml#id(Bmr010.B.asg.39595)..id(Bmr010.B.asg.39596)"/>
      <nite:child href="Bmr010.C.aseg.xml#id(Bmr010.C.asg.39720)"/>
      <nite:child href="Bmr010.F.aseg.xml#id(Bmr010.F.asg.40189)..id(Bmr010.F.asg.40191)"/>
      <nite:child href="Bmr010.A.aseg.xml#id(Bmr010.A.asg.39430)"/>
      <nite:child href="Bmr010.B.aseg.xml#id(Bmr010.B.asg.39597)..id(Bmr010.B.asg.39598)"/>
      <nite:child href="Bmr010.C.aseg.xml#id(Bmr010.C.asg.39721)"/>
      <nite:child href="Bmr010.B.aseg.xml#id(Bmr010.B.asg.39599)"/>
      <nite:child href="Bmr010.A.aseg.xml#id(Bmr010.A.asg.39431)"/>
      <nite:child href="Bmr010.B.aseg.xml#id(Bmr010.B.asg.39600)..id(Bmr010.B.asg.39601)"/>
      <nite:child href="Bmr010.F.aseg.xml#id(Bmr010.F.asg.40192)"/>
      <nite:child href="Bmr010.B.aseg.xml#id(Bmr010.B.asg.39602)"/>
      <nite:child href="Bmr010.F.aseg.xml#id(Bmr010.F.asg.40193)"/>
      <nite:child href="Bmr010.A.aseg.xml#id(Bmr010.A.asg.39432)"/>
      <nite:child href="Bmr010.F.aseg.xml#id(Bmr010.F.asg.40194)"/>
      <nite:child href="Bmr010.D.aseg.xml#id(Bmr010.D.asg.39832)"/>
      <nite:child href="Bmr010.B.aseg.xml#id(Bmr010.B.asg.39603)"/>
      <nite:child href="Bmr010.F.aseg.xml#id(Bmr010.F.asg.40195)"/>
      <nite:child href="Bmr010.B.aseg.xml#id(Bmr010.B.asg.39604)"/>
      <nite:child href="Bmr010.F.aseg.xml#id(Bmr010.F.asg.40196)"/>
      <nite:child href="Bmr010.B.aseg.xml#id(Bmr010.B.asg.39605)"/>
      <nite:child href="Bmr010.D.aseg.xml#id(Bmr010.D.asg.39833)"/>
      <nite:child href="Bmr010.B.aseg.xml#id(Bmr010.B.asg.39606)..id(Bmr010.B.asg.39607)"/>
      <nite:child href="Bmr010.F.aseg.xml#id(Bmr010.F.asg.40197)"/>
      <nite:child href="Bmr010.B.aseg.xml#id(Bmr010.B.asg.39608)..id(Bmr010.B.asg.39609)"/>
      <nite:child href="Bmr010.A.aseg.xml#id(Bmr010.A.asg.39433)"/>
      <nite:child href="Bmr010.D.aseg.xml#id(Bmr010.D.asg.39834)"/>
      <nite:child href="Bmr010.B.aseg.xml#id(Bmr010.B.asg.39610)"/>
      <nite:child href="Bmr010.F.aseg.xml#id(Bmr010.F.asg.40198)"/>
      <nite:child href="Bmr010.B.aseg.xml#id(Bmr010.B.asg.39611)"/>
      <nite:child href="Bmr010.G.aseg.xml#id(Bmr010.G.asg.40538)"/>
      <nite:child href="Bmr010.A.aseg.xml#id(Bmr010.A.asg.39434)"/>
      <nite:child href="Bmr010.F.aseg.xml#id(Bmr010.F.asg.40199)"/>
      <nite:child href="Bmr010.D.aseg.xml#id(Bmr010.D.asg.39835)..id(Bmr010.D.asg.39836)"/>
      <nite:child href="Bmr010.A.aseg.xml#id(Bmr010.A.asg.39435)"/>
      <nite:child href="Bmr010.B.aseg.xml#id(Bmr010.B.asg.39612)..id(Bmr010.B.asg.39616)"/>
      <nite:child href="Bmr010.A.aseg.xml#id(Bmr010.A.asg.39436)"/>
      <nite:child href="Bmr010.B.aseg.xml#id(Bmr010.B.asg.39617)"/>
      <nite:child href="Bmr010.A.aseg.xml#id(Bmr010.A.asg.39437)"/>
      <nite:child href="Bmr010.G.aseg.xml#id(Bmr010.G.asg.40539)"/>
      <nite:child href="Bmr010.B.aseg.xml#id(Bmr010.B.asg.39618)"/>
      <nite:child href="Bmr010.A.aseg.xml#id(Bmr010.A.asg.39438)"/>
      <nite:child href="Bmr010.B.aseg.xml#id(Bmr010.B.asg.39619)..id(Bmr010.B.asg.39620)"/>
      <nite:child href="Bmr010.G.aseg.xml#id(Bmr010.G.asg.40540)"/>
      <nite:child href="Bmr010.A.aseg.xml#id(Bmr010.A.asg.39439)"/>
      <nite:child href="Bmr010.B.aseg.xml#id(Bmr010.B.asg.39621)..id(Bmr010.B.asg.39622)"/>
      <nite:child href="Bmr010.A.aseg.xml#id(Bmr010.A.asg.39440)"/>
      <nite:child href="Bmr010.G.aseg.xml#id(Bmr010.G.asg.40541)"/>
      <nite:child href="Bmr010.A.aseg.xml#id(Bmr010.A.asg.39441)"/>
      <nite:child href="Bmr010.B.aseg.xml#id(Bmr010.B.asg.39623)"/>
      <nite:child href="Bmr010.G.aseg.xml#id(Bmr010.G.asg.40542)"/>
      <nite:child href="Bmr010.F.aseg.xml#id(Bmr010.F.asg.40200)"/>
      <nite:child href="Bmr010.G.aseg.xml#id(Bmr010.G.asg.40543)..id(Bmr010.G.asg.40544)"/>
      <nite:child href="Bmr010.C.aseg.xml#id(Bmr010.C.asg.39722)"/>
      <nite:child href="Bmr010.B.aseg.xml#id(Bmr010.B.asg.39624)"/>
      <nite:child href="Bmr010.A.aseg.xml#id(Bmr010.A.asg.39442)"/>
      <nite:child href="Bmr010.D.aseg.xml#id(Bmr010.D.asg.39837)"/>
      <nite:child href="Bmr010.G.aseg.xml#id(Bmr010.G.asg.40545)"/>
      <nite:child href="Bmr010.D.aseg.xml#id(Bmr010.D.asg.39838)"/>
      <nite:child href="Bmr010.B.aseg.xml#id(Bmr010.B.asg.39625)..id(Bmr010.B.asg.39626)"/>
      <nite:child href="Bmr010.A.aseg.xml#id(Bmr010.A.asg.39443)"/>
      <nite:child href="Bmr010.B.aseg.xml#id(Bmr010.B.asg.39627)"/>
      <nite:child href="Bmr010.A.aseg.xml#id(Bmr010.A.asg.39444)"/>
      <nite:child href="Bmr010.B.aseg.xml#id(Bmr010.B.asg.39628)"/>
      <nite:child href="Bmr010.A.aseg.xml#id(Bmr010.A.asg.39445)"/>
      <nite:child href="Bmr010.B.aseg.xml#id(Bmr010.B.asg.39629)..id(Bmr010.B.asg.39631)"/>
      <nite:child href="Bmr010.D.aseg.xml#id(Bmr010.D.asg.39839)"/>
      <nite:child href="Bmr010.G.aseg.xml#id(Bmr010.G.asg.40546)"/>
      <nite:child href="Bmr010.B.aseg.xml#id(Bmr010.B.asg.39632)..id(Bmr010.B.asg.39634)"/>
      <nite:child href="Bmr010.G.aseg.xml#id(Bmr010.G.asg.40547)"/>
      <nite:child href="Bmr010.B.aseg.xml#id(Bmr010.B.asg.39635)..id(Bmr010.B.asg.39637)"/>
      <nite:child href="Bmr010.A.aseg.xml#id(Bmr010.A.asg.39446)"/>
      <nite:child href="Bmr010.F.aseg.xml#id(Bmr010.F.asg.40201)"/>
      <nite:child href="Bmr010.A.aseg.xml#id(Bmr010.A.asg.39447)"/>
      <nite:child href="Bmr010.B.aseg.xml#id(Bmr010.B.asg.39638)"/>
      <nite:child href="Bmr010.A.aseg.xml#id(Bmr010.A.asg.39448)"/>
      <nite:child href="Bmr010.G.aseg.xml#id(Bmr010.G.asg.40548)..id(Bmr010.G.asg.40549)"/>
      <nite:child href="Bmr010.F.aseg.xml#id(Bmr010.F.asg.40202)..id(Bmr010.F.asg.40204)"/>
      <nite:child href="Bmr010.G.aseg.xml#id(Bmr010.G.asg.40550)..id(Bmr010.G.asg.40551)"/>
      <nite:child href="Bmr010.A.aseg.xml#id(Bmr010.A.asg.39449)"/>
      <nite:child href="Bmr010.F.aseg.xml#id(Bmr010.F.asg.40205)"/>
      <nite:child href="Bmr010.D.aseg.xml#id(Bmr010.D.asg.39840)"/>
      <nite:child href="Bmr010.A.aseg.xml#id(Bmr010.A.asg.39450)"/>
      <nite:child href="Bmr010.G.aseg.xml#id(Bmr010.G.asg.40552)"/>
      <nite:child href="Bmr010.F.aseg.xml#id(Bmr010.F.asg.40206)"/>
      <nite:child href="Bmr010.G.aseg.xml#id(Bmr010.G.asg.40553)..id(Bmr010.G.asg.40554)"/>
      <nite:child href="Bmr010.F.aseg.xml#id(Bmr010.F.asg.40207)"/>
      <nite:child href="Bmr010.D.aseg.xml#id(Bmr010.D.asg.39841)..id(Bmr010.D.asg.39842)"/>
      <nite:child href="Bmr010.A.aseg.xml#id(Bmr010.A.asg.39451)"/>
      <nite:child href="Bmr010.G.aseg.xml#id(Bmr010.G.asg.40555)"/>
      <nite:child href="Bmr010.D.aseg.xml#id(Bmr010.D.asg.39843)"/>
      <nite:child href="Bmr010.G.aseg.xml#id(Bmr010.G.asg.40556)..id(Bmr010.G.asg.40557)"/>
      <nite:child href="Bmr010.F.aseg.xml#id(Bmr010.F.asg.40208)..id(Bmr010.F.asg.40210)"/>
      <nite:child href="Bmr010.A.aseg.xml#id(Bmr010.A.asg.39452)"/>
      <nite:child href="Bmr010.F.aseg.xml#id(Bmr010.F.asg.40211)"/>
      <nite:child href="Bmr010.E.aseg.xml#id(Bmr010.E.asg.39989)"/>
      <nite:child href="Bmr010.F.aseg.xml#id(Bmr010.F.asg.40212)..id(Bmr010.F.asg.40215)"/>
      <nite:child href="Bmr010.A.aseg.xml#id(Bmr010.A.asg.39453)"/>
      <nite:child href="Bmr010.F.aseg.xml#id(Bmr010.F.asg.40216)..id(Bmr010.F.asg.40222)"/>
      <nite:child href="Bmr010.A.aseg.xml#id(Bmr010.A.asg.39454)"/>
      <nite:child href="Bmr010.G.aseg.xml#id(Bmr010.G.asg.40558)"/>
      <nite:child href="Bmr010.A.aseg.xml#id(Bmr010.A.asg.39455)"/>
      <nite:child href="Bmr010.F.aseg.xml#id(Bmr010.F.asg.40223)"/>
      <nite:child href="Bmr010.D.aseg.xml#id(Bmr010.D.asg.39844)"/>
      <nite:child href="Bmr010.F.aseg.xml#id(Bmr010.F.asg.40224)"/>
      <nite:child href="Bmr010.A.aseg.xml#id(Bmr010.A.asg.39456)"/>
      <nite:child href="Bmr010.G.aseg.xml#id(Bmr010.G.asg.40559)"/>
      <nite:child href="Bmr010.F.aseg.xml#id(Bmr010.F.asg.40225)"/>
      <nite:child href="Bmr010.G.aseg.xml#id(Bmr010.G.asg.40560)"/>
      <nite:child href="Bmr010.F.aseg.xml#id(Bmr010.F.asg.40226)"/>
      <nite:child href="Bmr010.G.aseg.xml#id(Bmr010.G.asg.40561)"/>
      <nite:child href="Bmr010.F.aseg.xml#id(Bmr010.F.asg.40227)..id(Bmr010.F.asg.40229)"/>
      <nite:child href="Bmr010.A.aseg.xml#id(Bmr010.A.asg.39457)"/>
      <nite:child href="Bmr010.C.aseg.xml#id(Bmr010.C.asg.39723)"/>
      <nite:child href="Bmr010.F.aseg.xml#id(Bmr010.F.asg.40230)..id(Bmr010.F.asg.40233)"/>
      <nite:child href="Bmr010.G.aseg.xml#id(Bmr010.G.asg.40562)"/>
      <nite:child href="Bmr010.F.aseg.xml#id(Bmr010.F.asg.40234)..id(Bmr010.F.asg.40236)"/>
      <nite:child href="Bmr010.G.aseg.xml#id(Bmr010.G.asg.40563)..id(Bmr010.G.asg.40564)"/>
      <nite:child href="Bmr010.F.aseg.xml#id(Bmr010.F.asg.40237)"/>
      <nite:child href="Bmr010.A.aseg.xml#id(Bmr010.A.asg.39458)"/>
      <nite:child href="Bmr010.G.aseg.xml#id(Bmr010.G.asg.40565)"/>
      <nite:child href="Bmr010.F.aseg.xml#id(Bmr010.F.asg.40238)"/>
      <nite:child href="Bmr010.G.aseg.xml#id(Bmr010.G.asg.40566)"/>
      <nite:child href="Bmr010.F.aseg.xml#id(Bmr010.F.asg.40239)"/>
      <nite:child href="Bmr010.G.aseg.xml#id(Bmr010.G.asg.40567)"/>
      <nite:child href="Bmr010.F.aseg.xml#id(Bmr010.F.asg.40240)..id(Bmr010.F.asg.40241)"/>
      <nite:child href="Bmr010.G.aseg.xml#id(Bmr010.G.asg.40568)"/>
      <nite:child href="Bmr010.F.aseg.xml#id(Bmr010.F.asg.40242)"/>
      <nite:child href="Bmr010.G.aseg.xml#id(Bmr010.G.asg.40569)..id(Bmr010.G.asg.40570)"/>
      <nite:child href="Bmr010.F.aseg.xml#id(Bmr010.F.asg.40243)"/>
      <nite:child href="Bmr010.G.aseg.xml#id(Bmr010.G.asg.40571)"/>
      <nite:child href="Bmr010.A.aseg.xml#id(Bmr010.A.asg.39459)..id(Bmr010.A.asg.39462)"/>
      <nite:child href="Bmr010.G.aseg.xml#id(Bmr010.G.asg.40572)"/>
      <nite:child href="Bmr010.A.aseg.xml#id(Bmr010.A.asg.39463)..id(Bmr010.A.asg.39464)"/>
      <nite:child href="Bmr010.F.aseg.xml#id(Bmr010.F.asg.40244)"/>
      <nite:child href="Bmr010.G.aseg.xml#id(Bmr010.G.asg.40573)"/>
      <nite:child href="Bmr010.D.aseg.xml#id(Bmr010.D.asg.39845)"/>
      <nite:child href="Bmr010.G.aseg.xml#id(Bmr010.G.asg.40574)..id(Bmr010.G.asg.40578)"/>
      <nite:child href="Bmr010.D.aseg.xml#id(Bmr010.D.asg.39846)"/>
      <nite:child href="Bmr010.F.aseg.xml#id(Bmr010.F.asg.40245)"/>
      <nite:child href="Bmr010.G.aseg.xml#id(Bmr010.G.asg.40579)"/>
      <nite:child href="Bmr010.F.aseg.xml#id(Bmr010.F.asg.40246)"/>
      <nite:child href="Bmr010.G.aseg.xml#id(Bmr010.G.asg.40580)"/>
      <nite:child href="Bmr010.D.aseg.xml#id(Bmr010.D.asg.39847)"/>
      <nite:child href="Bmr010.F.aseg.xml#id(Bmr010.F.asg.40247)"/>
      <nite:child href="Bmr010.G.aseg.xml#id(Bmr010.G.asg.40581)"/>
      <nite:child href="Bmr010.F.aseg.xml#id(Bmr010.F.asg.40248)"/>
      <nite:child href="Bmr010.D.aseg.xml#id(Bmr010.D.asg.39848)"/>
      <nite:child href="Bmr010.G.aseg.xml#id(Bmr010.G.asg.40582)..id(Bmr010.G.asg.40583)"/>
      <nite:child href="Bmr010.F.aseg.xml#id(Bmr010.F.asg.40249)"/>
      <nite:child href="Bmr010.G.aseg.xml#id(Bmr010.G.asg.40584)..id(Bmr010.G.asg.40586)"/>
      <nite:child href="Bmr010.A.aseg.xml#id(Bmr010.A.asg.39465)..id(Bmr010.A.asg.39466)"/>
      <nite:child href="Bmr010.G.aseg.xml#id(Bmr010.G.asg.40587)"/>
      <nite:child href="Bmr010.A.aseg.xml#id(Bmr010.A.asg.39467)"/>
      <nite:child href="Bmr010.G.aseg.xml#id(Bmr010.G.asg.40588)"/>
      <nite:child href="Bmr010.A.aseg.xml#id(Bmr010.A.asg.39468)"/>
      <nite:child href="Bmr010.F.aseg.xml#id(Bmr010.F.asg.40250)"/>
      <nite:child href="Bmr010.G.aseg.xml#id(Bmr010.G.asg.40589)..id(Bmr010.G.asg.40590)"/>
      <nite:child href="Bmr010.F.aseg.xml#id(Bmr010.F.asg.40251)..id(Bmr010.F.asg.40252)"/>
      <nite:child href="Bmr010.D.aseg.xml#id(Bmr010.D.asg.39849)"/>
      <nite:child href="Bmr010.G.aseg.xml#id(Bmr010.G.asg.40591)"/>
      <nite:child href="Bmr010.E.aseg.xml#id(Bmr010.E.asg.39990)"/>
      <nite:child href="Bmr010.F.aseg.xml#id(Bmr010.F.asg.40253)"/>
      <nite:child href="Bmr010.A.aseg.xml#id(Bmr010.A.asg.39469)"/>
      <nite:child href="Bmr010.F.aseg.xml#id(Bmr010.F.asg.40254)..id(Bmr010.F.asg.40256)"/>
      <nite:child href="Bmr010.A.aseg.xml#id(Bmr010.A.asg.39470)"/>
      <nite:child href="Bmr010.E.aseg.xml#id(Bmr010.E.asg.39991)"/>
      <nite:child href="Bmr010.F.aseg.xml#id(Bmr010.F.asg.40257)"/>
      <nite:child href="Bmr010.G.aseg.xml#id(Bmr010.G.asg.40592)"/>
      <nite:child href="Bmr010.F.aseg.xml#id(Bmr010.F.asg.40258)"/>
      <nite:child href="Bmr010.G.aseg.xml#id(Bmr010.G.asg.40593)"/>
      <nite:child href="Bmr010.F.aseg.xml#id(Bmr010.F.asg.40259)"/>
      <nite:child href="Bmr010.G.aseg.xml#id(Bmr010.G.asg.40594)..id(Bmr010.G.asg.40595)"/>
      <nite:child href="Bmr010.A.aseg.xml#id(Bmr010.A.asg.39471)"/>
      <nite:child href="Bmr010.G.aseg.xml#id(Bmr010.G.asg.40596)..id(Bmr010.G.asg.40597)"/>
      <nite:child href="Bmr010.F.aseg.xml#id(Bmr010.F.asg.40260)..id(Bmr010.F.asg.40262)"/>
      <nite:child href="Bmr010.A.aseg.xml#id(Bmr010.A.asg.39472)"/>
      <nite:child href="Bmr010.G.aseg.xml#id(Bmr010.G.asg.40598)"/>
      <nite:child href="Bmr010.F.aseg.xml#id(Bmr010.F.asg.40263)"/>
      <nite:child href="Bmr010.D.aseg.xml#id(Bmr010.D.asg.39850)"/>
      <nite:child href="Bmr010.G.aseg.xml#id(Bmr010.G.asg.40599)"/>
      <nite:child href="Bmr010.A.aseg.xml#id(Bmr010.A.asg.39473)..id(Bmr010.A.asg.39474)"/>
      <nite:child href="Bmr010.F.aseg.xml#id(Bmr010.F.asg.40264)"/>
      <nite:child href="Bmr010.A.aseg.xml#id(Bmr010.A.asg.39475)"/>
      <nite:child href="Bmr010.D.aseg.xml#id(Bmr010.D.asg.39851)"/>
      <nite:child href="Bmr010.F.aseg.xml#id(Bmr010.F.asg.40265)..id(Bmr010.F.asg.40266)"/>
      <nite:child href="Bmr010.G.aseg.xml#id(Bmr010.G.asg.40600)"/>
      <nite:child href="Bmr010.F.aseg.xml#id(Bmr010.F.asg.40267)..id(Bmr010.F.asg.40271)"/>
      <nite:child href="Bmr010.G.aseg.xml#id(Bmr010.G.asg.40601)"/>
      <nite:child href="Bmr010.F.aseg.xml#id(Bmr010.F.asg.40272)"/>
      <nite:child href="Bmr010.G.aseg.xml#id(Bmr010.G.asg.40602)"/>
      <nite:child href="Bmr010.F.aseg.xml#id(Bmr010.F.asg.40273)"/>
      <nite:child href="Bmr010.G.aseg.xml#id(Bmr010.G.asg.40603)"/>
      <nite:child href="Bmr010.F.aseg.xml#id(Bmr010.F.asg.40274)"/>
      <nite:child href="Bmr010.G.aseg.xml#id(Bmr010.G.asg.40604)"/>
      <nite:child href="Bmr010.F.aseg.xml#id(Bmr010.F.asg.40275)"/>
      <nite:child href="Bmr010.G.aseg.xml#id(Bmr010.G.asg.40605)"/>
      <nite:child href="Bmr010.F.aseg.xml#id(Bmr010.F.asg.40276)"/>
      <nite:child href="Bmr010.D.aseg.xml#id(Bmr010.D.asg.39852)"/>
      <nite:child href="Bmr010.G.aseg.xml#id(Bmr010.G.asg.40606)..id(Bmr010.G.asg.40611)"/>
      <nite:child href="Bmr010.A.aseg.xml#id(Bmr010.A.asg.39476)"/>
      <nite:child href="Bmr010.G.aseg.xml#id(Bmr010.G.asg.40612)"/>
      <nite:child href="Bmr010.D.aseg.xml#id(Bmr010.D.asg.39853)"/>
      <nite:child href="Bmr010.F.aseg.xml#id(Bmr010.F.asg.40277)..id(Bmr010.F.asg.40278)"/>
      <nite:child href="Bmr010.G.aseg.xml#id(Bmr010.G.asg.40613)..id(Bmr010.G.asg.40614)"/>
      <nite:child href="Bmr010.F.aseg.xml#id(Bmr010.F.asg.40279)"/>
      <nite:child href="Bmr010.G.aseg.xml#id(Bmr010.G.asg.40615)..id(Bmr010.G.asg.40617)"/>
      <nite:child href="Bmr010.F.aseg.xml#id(Bmr010.F.asg.40280)..id(Bmr010.F.asg.40285)"/>
      <nite:child href="Bmr010.G.aseg.xml#id(Bmr010.G.asg.40618)"/>
      <nite:child href="Bmr010.F.aseg.xml#id(Bmr010.F.asg.40286)..id(Bmr010.F.asg.40290)"/>
      <nite:child href="Bmr010.G.aseg.xml#id(Bmr010.G.asg.40619)"/>
      <nite:child href="Bmr010.F.aseg.xml#id(Bmr010.F.asg.40291)..id(Bmr010.F.asg.40292)"/>
      <nite:child href="Bmr010.G.aseg.xml#id(Bmr010.G.asg.40620)"/>
      <nite:child href="Bmr010.F.aseg.xml#id(Bmr010.F.asg.40293)..id(Bmr010.F.asg.40295)"/>
      <nite:child href="Bmr010.G.aseg.xml#id(Bmr010.G.asg.40621)"/>
      <nite:child href="Bmr010.F.aseg.xml#id(Bmr010.F.asg.40296)..id(Bmr010.F.asg.40298)"/>
      <nite:child href="Bmr010.G.aseg.xml#id(Bmr010.G.asg.40622)"/>
      <nite:child href="Bmr010.F.aseg.xml#id(Bmr010.F.asg.40299)..id(Bmr010.F.asg.40301)"/>
      <nite:child href="Bmr010.G.aseg.xml#id(Bmr010.G.asg.40623)..id(Bmr010.G.asg.40625)"/>
      <nite:child href="Bmr010.A.aseg.xml#id(Bmr010.A.asg.39477)..id(Bmr010.A.asg.39479)"/>
      <nite:child href="Bmr010.F.aseg.xml#id(Bmr010.F.asg.40302)"/>
      <nite:child href="Bmr010.G.aseg.xml#id(Bmr010.G.asg.40626)"/>
      <nite:child href="Bmr010.F.aseg.xml#id(Bmr010.F.asg.40303)..id(Bmr010.F.asg.40304)"/>
      <nite:child href="Bmr010.G.aseg.xml#id(Bmr010.G.asg.40627)"/>
      <nite:child href="Bmr010.F.aseg.xml#id(Bmr010.F.asg.40305)..id(Bmr010.F.asg.40306)"/>
      <nite:child href="Bmr010.D.aseg.xml#id(Bmr010.D.asg.39854)"/>
      <nite:child href="Bmr010.G.aseg.xml#id(Bmr010.G.asg.40628)"/>
      <nite:child href="Bmr010.A.aseg.xml#id(Bmr010.A.asg.39480)"/>
      <nite:child href="Bmr010.G.aseg.xml#id(Bmr010.G.asg.40629)..id(Bmr010.G.asg.40630)"/>
      <nite:child href="Bmr010.A.aseg.xml#id(Bmr010.A.asg.39481)"/>
      <nite:child href="Bmr010.D.aseg.xml#id(Bmr010.D.asg.39855)"/>
      <nite:child href="Bmr010.G.aseg.xml#id(Bmr010.G.asg.40631)..id(Bmr010.G.asg.40632)"/>
      <nite:child href="Bmr010.D.aseg.xml#id(Bmr010.D.asg.39856)"/>
      <nite:child href="Bmr010.G.aseg.xml#id(Bmr010.G.asg.40633)"/>
      <nite:child href="Bmr010.F.aseg.xml#id(Bmr010.F.asg.40307)"/>
      <nite:child href="Bmr010.D.aseg.xml#id(Bmr010.D.asg.39857)..id(Bmr010.D.asg.39859)"/>
      <nite:child href="Bmr010.G.aseg.xml#id(Bmr010.G.asg.40634)"/>
      <nite:child href="Bmr010.D.aseg.xml#id(Bmr010.D.asg.39860)..id(Bmr010.D.asg.39864)"/>
      <nite:child href="Bmr010.G.aseg.xml#id(Bmr010.G.asg.40635)"/>
      <nite:child href="Bmr010.D.aseg.xml#id(Bmr010.D.asg.39865)"/>
      <nite:child href="Bmr010.G.aseg.xml#id(Bmr010.G.asg.40636)"/>
      <nite:child href="Bmr010.D.aseg.xml#id(Bmr010.D.asg.39866)..id(Bmr010.D.asg.39867)"/>
      <nite:child href="Bmr010.A.aseg.xml#id(Bmr010.A.asg.39482)"/>
      <nite:child href="Bmr010.F.aseg.xml#id(Bmr010.F.asg.40308)"/>
      <nite:child href="Bmr010.A.aseg.xml#id(Bmr010.A.asg.39483)"/>
      <nite:child href="Bmr010.D.aseg.xml#id(Bmr010.D.asg.39868)"/>
      <nite:child href="Bmr010.G.aseg.xml#id(Bmr010.G.asg.40637)..id(Bmr010.G.asg.40638)"/>
      <nite:child href="Bmr010.D.aseg.xml#id(Bmr010.D.asg.39869)"/>
      <nite:child href="Bmr010.G.aseg.xml#id(Bmr010.G.asg.40639)..id(Bmr010.G.asg.40640)"/>
      <nite:child href="Bmr010.D.aseg.xml#id(Bmr010.D.asg.39870)"/>
      <nite:child href="Bmr010.G.aseg.xml#id(Bmr010.G.asg.40641)"/>
      <nite:child href="Bmr010.D.aseg.xml#id(Bmr010.D.asg.39871)"/>
      <nite:child href="Bmr010.F.aseg.xml#id(Bmr010.F.asg.40309)"/>
      <nite:child href="Bmr010.G.aseg.xml#id(Bmr010.G.asg.40642)"/>
      <nite:child href="Bmr010.D.aseg.xml#id(Bmr010.D.asg.39872)"/>
      <nite:child href="Bmr010.G.aseg.xml#id(Bmr010.G.asg.40643)..id(Bmr010.G.asg.40644)"/>
      <nite:child href="Bmr010.D.aseg.xml#id(Bmr010.D.asg.39873)"/>
      <nite:child href="Bmr010.G.aseg.xml#id(Bmr010.G.asg.40645)"/>
      <nite:child href="Bmr010.D.aseg.xml#id(Bmr010.D.asg.39874)..id(Bmr010.D.asg.39875)"/>
      <nite:child href="Bmr010.G.aseg.xml#id(Bmr010.G.asg.40646)..id(Bmr010.G.asg.40648)"/>
      <nite:child href="Bmr010.D.aseg.xml#id(Bmr010.D.asg.39876)"/>
      <nite:child href="Bmr010.G.aseg.xml#id(Bmr010.G.asg.40649)..id(Bmr010.G.asg.40651)"/>
      <nite:child href="Bmr010.D.aseg.xml#id(Bmr010.D.asg.39877)"/>
      <nite:child href="Bmr010.G.aseg.xml#id(Bmr010.G.asg.40652)"/>
      <nite:child href="Bmr010.D.aseg.xml#id(Bmr010.D.asg.39878)"/>
      <nite:child href="Bmr010.G.aseg.xml#id(Bmr010.G.asg.40653)"/>
      <nite:child href="Bmr010.C.aseg.xml#id(Bmr010.C.asg.39724)"/>
      <nite:child href="Bmr010.D.aseg.xml#id(Bmr010.D.asg.39879)"/>
      <nite:child href="Bmr010.G.aseg.xml#id(Bmr010.G.asg.40654)..id(Bmr010.G.asg.40655)"/>
      <nite:child href="Bmr010.D.aseg.xml#id(Bmr010.D.asg.39880)..id(Bmr010.D.asg.39881)"/>
      <nite:child href="Bmr010.G.aseg.xml#id(Bmr010.G.asg.40656)"/>
      <nite:child href="Bmr010.D.aseg.xml#id(Bmr010.D.asg.39882)"/>
      <nite:child href="Bmr010.G.aseg.xml#id(Bmr010.G.asg.40657)..id(Bmr010.G.asg.40658)"/>
      <nite:child href="Bmr010.D.aseg.xml#id(Bmr010.D.asg.39883)"/>
      <nite:child href="Bmr010.G.aseg.xml#id(Bmr010.G.asg.40659)"/>
      <nite:child href="Bmr010.D.aseg.xml#id(Bmr010.D.asg.39884)"/>
      <nite:child href="Bmr010.G.aseg.xml#id(Bmr010.G.asg.40660)..id(Bmr010.G.asg.40661)"/>
      <nite:child href="Bmr010.D.aseg.xml#id(Bmr010.D.asg.39885)"/>
      <nite:child href="Bmr010.G.aseg.xml#id(Bmr010.G.asg.40662)..id(Bmr010.G.asg.40663)"/>
      <nite:child href="Bmr010.D.aseg.xml#id(Bmr010.D.asg.39886)..id(Bmr010.D.asg.39887)"/>
      <nite:child href="Bmr010.G.aseg.xml#id(Bmr010.G.asg.40664)"/>
      <nite:child href="Bmr010.D.aseg.xml#id(Bmr010.D.asg.39888)"/>
      <nite:child href="Bmr010.G.aseg.xml#id(Bmr010.G.asg.40665)"/>
      <nite:child href="Bmr010.F.aseg.xml#id(Bmr010.F.asg.40310)"/>
      <nite:child href="Bmr010.D.aseg.xml#id(Bmr010.D.asg.39889)..id(Bmr010.D.asg.39890)"/>
      <nite:child href="Bmr010.G.aseg.xml#id(Bmr010.G.asg.40666)"/>
      <nite:child href="Bmr010.D.aseg.xml#id(Bmr010.D.asg.39891)"/>
      <nite:child href="Bmr010.G.aseg.xml#id(Bmr010.G.asg.40667)"/>
      <nite:child href="Bmr010.D.aseg.xml#id(Bmr010.D.asg.39892)..id(Bmr010.D.asg.39894)"/>
      <nite:child href="Bmr010.G.aseg.xml#id(Bmr010.G.asg.40668)"/>
      <nite:child href="Bmr010.D.aseg.xml#id(Bmr010.D.asg.39895)"/>
      <nite:child href="Bmr010.G.aseg.xml#id(Bmr010.G.asg.40669)"/>
      <nite:child href="Bmr010.D.aseg.xml#id(Bmr010.D.asg.39896)..id(Bmr010.D.asg.39897)"/>
      <nite:child href="Bmr010.A.aseg.xml#id(Bmr010.A.asg.39484)"/>
      <nite:child href="Bmr010.D.aseg.xml#id(Bmr010.D.asg.39898)"/>
      <nite:child href="Bmr010.G.aseg.xml#id(Bmr010.G.asg.40670)"/>
      <nite:child href="Bmr010.D.aseg.xml#id(Bmr010.D.asg.39899)"/>
      <nite:child href="Bmr010.G.aseg.xml#id(Bmr010.G.asg.40671)"/>
      <nite:child href="Bmr010.D.aseg.xml#id(Bmr010.D.asg.39900)"/>
      <nite:child href="Bmr010.G.aseg.xml#id(Bmr010.G.asg.40672)"/>
      <nite:child href="Bmr010.C.aseg.xml#id(Bmr010.C.asg.39725)"/>
      <nite:child href="Bmr010.G.aseg.xml#id(Bmr010.G.asg.40673)"/>
      <nite:child href="Bmr010.D.aseg.xml#id(Bmr010.D.asg.39901)"/>
      <nite:child href="Bmr010.C.aseg.xml#id(Bmr010.C.asg.39726)"/>
      <nite:child href="Bmr010.D.aseg.xml#id(Bmr010.D.asg.39902)"/>
      <nite:child href="Bmr010.C.aseg.xml#id(Bmr010.C.asg.39727)"/>
      <nite:child href="Bmr010.G.aseg.xml#id(Bmr010.G.asg.40674)"/>
      <nite:child href="Bmr010.D.aseg.xml#id(Bmr010.D.asg.39903)..id(Bmr010.D.asg.39904)"/>
      <nite:child href="Bmr010.G.aseg.xml#id(Bmr010.G.asg.40675)"/>
      <nite:child href="Bmr010.C.aseg.xml#id(Bmr010.C.asg.39728)"/>
      <nite:child href="Bmr010.G.aseg.xml#id(Bmr010.G.asg.40676)"/>
      <nite:child href="Bmr010.D.aseg.xml#id(Bmr010.D.asg.39905)..id(Bmr010.D.asg.39906)"/>
      <nite:child href="Bmr010.C.aseg.xml#id(Bmr010.C.asg.39729)"/>
      <nite:child href="Bmr010.G.aseg.xml#id(Bmr010.G.asg.40677)"/>
      <nite:child href="Bmr010.C.aseg.xml#id(Bmr010.C.asg.39730)"/>
      <nite:child href="Bmr010.F.aseg.xml#id(Bmr010.F.asg.40311)"/>
      <nite:child href="Bmr010.A.aseg.xml#id(Bmr010.A.asg.39485)"/>
      <nite:child href="Bmr010.D.aseg.xml#id(Bmr010.D.asg.39907)"/>
      <nite:child href="Bmr010.C.aseg.xml#id(Bmr010.C.asg.39731)"/>
      <nite:child href="Bmr010.A.aseg.xml#id(Bmr010.A.asg.39486)"/>
      <nite:child href="Bmr010.D.aseg.xml#id(Bmr010.D.asg.39908)"/>
      <nite:child href="Bmr010.F.aseg.xml#id(Bmr010.F.asg.40312)"/>
      <nite:child href="Bmr010.G.aseg.xml#id(Bmr010.G.asg.40678)"/>
      <nite:child href="Bmr010.A.aseg.xml#id(Bmr010.A.asg.39487)"/>
      <nite:child href="Bmr010.C.aseg.xml#id(Bmr010.C.asg.39732)..id(Bmr010.C.asg.39733)"/>
      <nite:child href="Bmr010.A.aseg.xml#id(Bmr010.A.asg.39488)"/>
      <nite:child href="Bmr010.G.aseg.xml#id(Bmr010.G.asg.40679)"/>
      <nite:child href="Bmr010.D.aseg.xml#id(Bmr010.D.asg.39909)"/>
      <nite:child href="Bmr010.G.aseg.xml#id(Bmr010.G.asg.40680)"/>
      <nite:child href="Bmr010.A.aseg.xml#id(Bmr010.A.asg.39489)"/>
      <nite:child href="Bmr010.G.aseg.xml#id(Bmr010.G.asg.40681)..id(Bmr010.G.asg.40682)"/>
      <nite:child href="Bmr010.D.aseg.xml#id(Bmr010.D.asg.39910)"/>
      <nite:child href="Bmr010.A.aseg.xml#id(Bmr010.A.asg.39490)"/>
      <nite:child href="Bmr010.D.aseg.xml#id(Bmr010.D.asg.39911)"/>
      <nite:child href="Bmr010.F.aseg.xml#id(Bmr010.F.asg.40313)"/>
      <nite:child href="Bmr010.G.aseg.xml#id(Bmr010.G.asg.40683)"/>
      <nite:child href="Bmr010.A.aseg.xml#id(Bmr010.A.asg.39491)"/>
      <nite:child href="Bmr010.G.aseg.xml#id(Bmr010.G.asg.40684)"/>
      <nite:child href="Bmr010.A.aseg.xml#id(Bmr010.A.asg.39492)"/>
      <nite:child href="Bmr010.G.aseg.xml#id(Bmr010.G.asg.40685)..id(Bmr010.G.asg.40688)"/>
      <nite:child href="Bmr010.D.aseg.xml#id(Bmr010.D.asg.39912)"/>
      <nite:child href="Bmr010.G.aseg.xml#id(Bmr010.G.asg.40689)"/>
      <nite:child href="Bmr010.C.aseg.xml#id(Bmr010.C.asg.39734)"/>
      <nite:child href="Bmr010.D.aseg.xml#id(Bmr010.D.asg.39913)"/>
      <nite:child href="Bmr010.A.aseg.xml#id(Bmr010.A.asg.39493)..id(Bmr010.A.asg.39494)"/>
      <nite:child href="Bmr010.G.aseg.xml#id(Bmr010.G.asg.40690)"/>
      <nite:child href="Bmr010.D.aseg.xml#id(Bmr010.D.asg.39914)"/>
      <nite:child href="Bmr010.A.aseg.xml#id(Bmr010.A.asg.39495)"/>
      <nite:child href="Bmr010.D.aseg.xml#id(Bmr010.D.asg.39915)..id(Bmr010.D.asg.39916)"/>
      <nite:child href="Bmr010.A.aseg.xml#id(Bmr010.A.asg.39496)..id(Bmr010.A.asg.39502)"/>
      <nite:child href="Bmr010.C.aseg.xml#id(Bmr010.C.asg.39735)"/>
      <nite:child href="Bmr010.A.aseg.xml#id(Bmr010.A.asg.39503)"/>
      <nite:child href="Bmr010.D.aseg.xml#id(Bmr010.D.asg.39917)"/>
      <nite:child href="Bmr010.C.aseg.xml#id(Bmr010.C.asg.39736)"/>
      <nite:child href="Bmr010.A.aseg.xml#id(Bmr010.A.asg.39504)..id(Bmr010.A.asg.39505)"/>
      <nite:child href="Bmr010.C.aseg.xml#id(Bmr010.C.asg.39737)"/>
      <nite:child href="Bmr010.A.aseg.xml#id(Bmr010.A.asg.39506)"/>
      <nite:child href="Bmr010.C.aseg.xml#id(Bmr010.C.asg.39738)..id(Bmr010.C.asg.39739)"/>
      <nite:child href="Bmr010.A.aseg.xml#id(Bmr010.A.asg.39507)"/>
      <nite:child href="Bmr010.D.aseg.xml#id(Bmr010.D.asg.39918)"/>
      <nite:child href="Bmr010.G.aseg.xml#id(Bmr010.G.asg.40691)"/>
      <nite:child href="Bmr010.A.aseg.xml#id(Bmr010.A.asg.39508)"/>
      <nite:child href="Bmr010.C.aseg.xml#id(Bmr010.C.asg.39740)..id(Bmr010.C.asg.39741)"/>
      <nite:child href="Bmr010.D.aseg.xml#id(Bmr010.D.asg.39919)"/>
      <nite:child href="Bmr010.G.aseg.xml#id(Bmr010.G.asg.40692)..id(Bmr010.G.asg.40694)"/>
      <nite:child href="Bmr010.C.aseg.xml#id(Bmr010.C.asg.39742)"/>
      <nite:child href="Bmr010.G.aseg.xml#id(Bmr010.G.asg.40695)..id(Bmr010.G.asg.40697)"/>
      <nite:child href="Bmr010.F.aseg.xml#id(Bmr010.F.asg.40314)..id(Bmr010.F.asg.40315)"/>
      <nite:child href="Bmr010.G.aseg.xml#id(Bmr010.G.asg.40698)"/>
      <nite:child href="Bmr010.C.aseg.xml#id(Bmr010.C.asg.39743)..id(Bmr010.C.asg.39745)"/>
      <nite:child href="Bmr010.G.aseg.xml#id(Bmr010.G.asg.40699)..id(Bmr010.G.asg.40700)"/>
      <nite:child href="Bmr010.C.aseg.xml#id(Bmr010.C.asg.39746)"/>
      <nite:child href="Bmr010.G.aseg.xml#id(Bmr010.G.asg.40701)..id(Bmr010.G.asg.40702)"/>
      <nite:child href="Bmr010.D.aseg.xml#id(Bmr010.D.asg.39920)"/>
      <nite:child href="Bmr010.C.aseg.xml#id(Bmr010.C.asg.39747)"/>
      <nite:child href="Bmr010.G.aseg.xml#id(Bmr010.G.asg.40703)"/>
      <nite:child href="Bmr010.D.aseg.xml#id(Bmr010.D.asg.39921)"/>
      <nite:child href="Bmr010.C.aseg.xml#id(Bmr010.C.asg.39748)"/>
      <nite:child href="Bmr010.G.aseg.xml#id(Bmr010.G.asg.40704)"/>
      <nite:child href="Bmr010.C.aseg.xml#id(Bmr010.C.asg.39749)"/>
      <nite:child href="Bmr010.G.aseg.xml#id(Bmr010.G.asg.40705)"/>
      <nite:child href="Bmr010.C.aseg.xml#id(Bmr010.C.asg.39750)"/>
      <nite:child href="Bmr010.D.aseg.xml#id(Bmr010.D.asg.39922)"/>
      <nite:child href="Bmr010.G.aseg.xml#id(Bmr010.G.asg.40706)"/>
      <nite:child href="Bmr010.C.aseg.xml#id(Bmr010.C.asg.39751)..id(Bmr010.C.asg.39752)"/>
      <nite:child href="Bmr010.A.aseg.xml#id(Bmr010.A.asg.39509)"/>
      <nite:child href="Bmr010.G.aseg.xml#id(Bmr010.G.asg.40707)"/>
      <nite:child href="Bmr010.D.aseg.xml#id(Bmr010.D.asg.39923)"/>
      <nite:child href="Bmr010.C.aseg.xml#id(Bmr010.C.asg.39753)"/>
      <nite:child href="Bmr010.G.aseg.xml#id(Bmr010.G.asg.40708)..id(Bmr010.G.asg.40710)"/>
      <nite:child href="Bmr010.D.aseg.xml#id(Bmr010.D.asg.39924)"/>
      <nite:child href="Bmr010.F.aseg.xml#id(Bmr010.F.asg.40316)"/>
      <nite:child href="Bmr010.G.aseg.xml#id(Bmr010.G.asg.40711)"/>
      <nite:child href="Bmr010.D.aseg.xml#id(Bmr010.D.asg.39925)"/>
      <nite:child href="Bmr010.G.aseg.xml#id(Bmr010.G.asg.40712)..id(Bmr010.G.asg.40715)"/>
      <nite:child href="Bmr010.C.aseg.xml#id(Bmr010.C.asg.39754)"/>
      <nite:child href="Bmr010.G.aseg.xml#id(Bmr010.G.asg.40716)..id(Bmr010.G.asg.40719)"/>
      <nite:child href="Bmr010.C.aseg.xml#id(Bmr010.C.asg.39755)"/>
      <nite:child href="Bmr010.G.aseg.xml#id(Bmr010.G.asg.40720)"/>
      <nite:child href="Bmr010.D.aseg.xml#id(Bmr010.D.asg.39926)"/>
      <nite:child href="Bmr010.G.aseg.xml#id(Bmr010.G.asg.40721)"/>
      <nite:child href="Bmr010.D.aseg.xml#id(Bmr010.D.asg.39927)"/>
      <nite:child href="Bmr010.G.aseg.xml#id(Bmr010.G.asg.40722)"/>
      <nite:child href="Bmr010.D.aseg.xml#id(Bmr010.D.asg.39928)"/>
      <nite:child href="Bmr010.G.aseg.xml#id(Bmr010.G.asg.40723)"/>
      <nite:child href="Bmr010.D.aseg.xml#id(Bmr010.D.asg.39929)..id(Bmr010.D.asg.39930)"/>
      <nite:child href="Bmr010.G.aseg.xml#id(Bmr010.G.asg.40724)"/>
      <nite:child href="Bmr010.D.aseg.xml#id(Bmr010.D.asg.39931)"/>
      <nite:child href="Bmr010.G.aseg.xml#id(Bmr010.G.asg.40725)"/>
      <nite:child href="Bmr010.C.aseg.xml#id(Bmr010.C.asg.39756)"/>
      <nite:child href="Bmr010.G.aseg.xml#id(Bmr010.G.asg.40726)"/>
      <nite:child href="Bmr010.D.aseg.xml#id(Bmr010.D.asg.39932)"/>
      <nite:child href="Bmr010.G.aseg.xml#id(Bmr010.G.asg.40727)..id(Bmr010.G.asg.40728)"/>
      <nite:child href="Bmr010.D.aseg.xml#id(Bmr010.D.asg.39933)"/>
      <nite:child href="Bmr010.C.aseg.xml#id(Bmr010.C.asg.39757)"/>
      <nite:child href="Bmr010.G.aseg.xml#id(Bmr010.G.asg.40729)"/>
      <nite:child href="Bmr010.C.aseg.xml#id(Bmr010.C.asg.39758)"/>
      <nite:child href="Bmr010.G.aseg.xml#id(Bmr010.G.asg.40730)..id(Bmr010.G.asg.40731)"/>
      <nite:child href="Bmr010.D.aseg.xml#id(Bmr010.D.asg.39934)..id(Bmr010.D.asg.39942)"/>
      <nite:child href="Bmr010.A.aseg.xml#id(Bmr010.A.asg.39510)"/>
      <nite:child href="Bmr010.D.aseg.xml#id(Bmr010.D.asg.39943)"/>
      <nite:child href="Bmr010.A.aseg.xml#id(Bmr010.A.asg.39511)..id(Bmr010.A.asg.39512)"/>
      <nite:child href="Bmr010.D.aseg.xml#id(Bmr010.D.asg.39944)..id(Bmr010.D.asg.39945)"/>
      <nite:child href="Bmr010.A.aseg.xml#id(Bmr010.A.asg.39513)"/>
      <nite:child href="Bmr010.D.aseg.xml#id(Bmr010.D.asg.39946)"/>
      <nite:child href="Bmr010.A.aseg.xml#id(Bmr010.A.asg.39514)..id(Bmr010.A.asg.39515)"/>
      <nite:child href="Bmr010.D.aseg.xml#id(Bmr010.D.asg.39947)"/>
      <nite:child href="Bmr010.A.aseg.xml#id(Bmr010.A.asg.39516)"/>
      <nite:child href="Bmr010.D.aseg.xml#id(Bmr010.D.asg.39948)..id(Bmr010.D.asg.39949)"/>
      <nite:child href="Bmr010.A.aseg.xml#id(Bmr010.A.asg.39517)"/>
      <nite:child href="Bmr010.D.aseg.xml#id(Bmr010.D.asg.39950)"/>
      <nite:child href="Bmr010.A.aseg.xml#id(Bmr010.A.asg.39518)"/>
      <nite:child href="Bmr010.D.aseg.xml#id(Bmr010.D.asg.39951)"/>
      <nite:child href="Bmr010.A.aseg.xml#id(Bmr010.A.asg.39519)..id(Bmr010.A.asg.39520)"/>
      <nite:child href="Bmr010.D.aseg.xml#id(Bmr010.D.asg.39952)..id(Bmr010.D.asg.39953)"/>
      <nite:child href="Bmr010.A.aseg.xml#id(Bmr010.A.asg.39521)"/>
      <nite:child href="Bmr010.D.aseg.xml#id(Bmr010.D.asg.39954)"/>
      <nite:child href="Bmr010.A.aseg.xml#id(Bmr010.A.asg.39522)"/>
      <nite:child href="Bmr010.G.aseg.xml#id(Bmr010.G.asg.40732)"/>
      <nite:child href="Bmr010.D.aseg.xml#id(Bmr010.D.asg.39955)"/>
      <nite:child href="Bmr010.A.aseg.xml#id(Bmr010.A.asg.39523)"/>
      <nite:child href="Bmr010.D.aseg.xml#id(Bmr010.D.asg.39956)"/>
      <nite:child href="Bmr010.G.aseg.xml#id(Bmr010.G.asg.40733)"/>
      <nite:child href="Bmr010.D.aseg.xml#id(Bmr010.D.asg.39957)"/>
      <nite:child href="Bmr010.A.aseg.xml#id(Bmr010.A.asg.39524)..id(Bmr010.A.asg.39525)"/>
      <nite:child href="Bmr010.D.aseg.xml#id(Bmr010.D.asg.39958)"/>
      <nite:child href="Bmr010.A.aseg.xml#id(Bmr010.A.asg.39526)..id(Bmr010.A.asg.39528)"/>
      <nite:child href="Bmr010.D.aseg.xml#id(Bmr010.D.asg.39959)"/>
      <nite:child href="Bmr010.G.aseg.xml#id(Bmr010.G.asg.40734)"/>
   </autopic>
   <autopic nite:id="Bmr010.autotopic.3" tstart="3018.6" tend="3265.58">
      <nite:child href="Bmr010.F.aseg.xml#id(Bmr010.F.asg.40317)"/>
      <nite:child href="Bmr010.A.aseg.xml#id(Bmr010.A.asg.39530)..id(Bmr010.A.asg.39553)"/>
      <nite:child href="Bmr010.G.aseg.xml#id(Bmr010.G.asg.40735)..id(Bmr010.G.asg.40755)"/>
      <nite:child href="Bmr010.E.aseg.xml#id(Bmr010.E.asg.39992)..id(Bmr010.E.asg.40012)"/>
      <nite:child href="Bmr010.C.aseg.xml#id(Bmr010.C.asg.39759)..id(Bmr010.C.asg.39779)"/>
      <nite:child href="Bmr010.D.aseg.xml#id(Bmr010.D.asg.39960)..id(Bmr010.D.asg.39980)"/>
      <nite:child href="Bmr010.F.aseg.xml#id(Bmr010.F.asg.40318)..id(Bmr010.F.asg.40338)"/>
      <nite:child href="Bmr010.A.aseg.xml#id(Bmr010.A.asg.39554)"/>
   </autopic>
</nite:root>