<?xml version="1.0" encoding="ISO-8859-1" standalone="yes"?>
<nite:root nite:id="Bro007.autotopic.1" xmlns:nite="http://nite.sourceforge.net/">
   <autopic nite:id="Bro007.autotopic.2" tstart="0.0" tend="0.0">
      <nite:child href="Bro007.B.aseg.xml#id(Bro007.B.asg.81406)"/>
   </autopic>
   <autopic nite:id="Bro007.autotopic.3" tstart="8.25" tend="366.08">
      <nite:child href="Bro007.B.aseg.xml#id(Bro007.B.asg.81406)..id(Bro007.B.asg.81419)"/>
      <nite:child href="Bro007.C.aseg.xml#id(Bro007.C.asg.81828)..id(Bro007.C.asg.81839)"/>
      <nite:child href="Bro007.B.aseg.xml#id(Bro007.B.asg.81420)..id(Bro007.B.asg.81434)"/>
      <nite:child href="Bro007.C.aseg.xml#id(Bro007.C.asg.81840)"/>
      <nite:child href="Bro007.B.aseg.xml#id(Bro007.B.asg.81435)..id(Bro007.B.asg.81438)"/>
      <nite:child href="Bro007.C.aseg.xml#id(Bro007.C.asg.81841)..id(Bro007.C.asg.81842)"/>
      <nite:child href="Bro007.B.aseg.xml#id(Bro007.B.asg.81439)..id(Bro007.B.asg.81440)"/>
      <nite:child href="Bro007.C.aseg.xml#id(Bro007.C.asg.81843)"/>
      <nite:child href="Bro007.D.aseg.xml#id(Bro007.D.asg.82142)"/>
      <nite:child href="Bro007.B.aseg.xml#id(Bro007.B.asg.81441)..id(Bro007.B.asg.81442)"/>
      <nite:child href="Bro007.C.aseg.xml#id(Bro007.C.asg.81844)"/>
      <nite:child href="Bro007.B.aseg.xml#id(Bro007.B.asg.81443)"/>
      <nite:child href="Bro007.C.aseg.xml#id(Bro007.C.asg.81845)"/>
      <nite:child href="Bro007.B.aseg.xml#id(Bro007.B.asg.81444)"/>
      <nite:child href="Bro007.C.aseg.xml#id(Bro007.C.asg.81846)..id(Bro007.C.asg.81849)"/>
      <nite:child href="Bro007.B.aseg.xml#id(Bro007.B.asg.81445)"/>
      <nite:child href="Bro007.C.aseg.xml#id(Bro007.C.asg.81850)"/>
      <nite:child href="Bro007.B.aseg.xml#id(Bro007.B.asg.81446)"/>
      <nite:child href="Bro007.C.aseg.xml#id(Bro007.C.asg.81851)..id(Bro007.C.asg.81853)"/>
      <nite:child href="Bro007.B.aseg.xml#id(Bro007.B.asg.81447)..id(Bro007.B.asg.81448)"/>
      <nite:child href="Bro007.C.aseg.xml#id(Bro007.C.asg.81854)..id(Bro007.C.asg.81855)"/>
      <nite:child href="Bro007.B.aseg.xml#id(Bro007.B.asg.81449)"/>
      <nite:child href="Bro007.C.aseg.xml#id(Bro007.C.asg.81856)"/>
      <nite:child href="Bro007.B.aseg.xml#id(Bro007.B.asg.81450)"/>
      <nite:child href="Bro007.C.aseg.xml#id(Bro007.C.asg.81857)"/>
      <nite:child href="Bro007.B.aseg.xml#id(Bro007.B.asg.81451)..id(Bro007.B.asg.81453)"/>
      <nite:child href="Bro007.C.aseg.xml#id(Bro007.C.asg.81858)"/>
      <nite:child href="Bro007.B.aseg.xml#id(Bro007.B.asg.81454)"/>
      <nite:child href="Bro007.C.aseg.xml#id(Bro007.C.asg.81859)"/>
      <nite:child href="Bro007.B.aseg.xml#id(Bro007.B.asg.81455)"/>
      <nite:child href="Bro007.C.aseg.xml#id(Bro007.C.asg.81860)"/>
      <nite:child href="Bro007.B.aseg.xml#id(Bro007.B.asg.81456)"/>
      <nite:child href="Bro007.D.aseg.xml#id(Bro007.D.asg.82143)"/>
      <nite:child href="Bro007.C.aseg.xml#id(Bro007.C.asg.81861)"/>
      <nite:child href="Bro007.B.aseg.xml#id(Bro007.B.asg.81457)"/>
      <nite:child href="Bro007.C.aseg.xml#id(Bro007.C.asg.81862)..id(Bro007.C.asg.81863)"/>
      <nite:child href="Bro007.B.aseg.xml#id(Bro007.B.asg.81458)..id(Bro007.B.asg.81459)"/>
      <nite:child href="Bro007.C.aseg.xml#id(Bro007.C.asg.81864)"/>
      <nite:child href="Bro007.B.aseg.xml#id(Bro007.B.asg.81460)"/>
      <nite:child href="Bro007.C.aseg.xml#id(Bro007.C.asg.81865)..id(Bro007.C.asg.81866)"/>
      <nite:child href="Bro007.B.aseg.xml#id(Bro007.B.asg.81461)"/>
      <nite:child href="Bro007.C.aseg.xml#id(Bro007.C.asg.81867)..id(Bro007.C.asg.81868)"/>
      <nite:child href="Bro007.D.aseg.xml#id(Bro007.D.asg.82144)"/>
      <nite:child href="Bro007.C.aseg.xml#id(Bro007.C.asg.81869)..id(Bro007.C.asg.81873)"/>
      <nite:child href="Bro007.B.aseg.xml#id(Bro007.B.asg.81462)"/>
      <nite:child href="Bro007.C.aseg.xml#id(Bro007.C.asg.81874)"/>
      <nite:child href="Bro007.B.aseg.xml#id(Bro007.B.asg.81463)"/>
      <nite:child href="Bro007.C.aseg.xml#id(Bro007.C.asg.81875)"/>
      <nite:child href="Bro007.B.aseg.xml#id(Bro007.B.asg.81464)..id(Bro007.B.asg.81466)"/>
      <nite:child href="Bro007.C.aseg.xml#id(Bro007.C.asg.81876)..id(Bro007.C.asg.81884)"/>
      <nite:child href="Bro007.B.aseg.xml#id(Bro007.B.asg.81467)"/>
      <nite:child href="Bro007.C.aseg.xml#id(Bro007.C.asg.81885)"/>
      <nite:child href="Bro007.B.aseg.xml#id(Bro007.B.asg.81468)"/>
      <nite:child href="Bro007.C.aseg.xml#id(Bro007.C.asg.81886)..id(Bro007.C.asg.81889)"/>
      <nite:child href="Bro007.B.aseg.xml#id(Bro007.B.asg.81469)..id(Bro007.B.asg.81470)"/>
      <nite:child href="Bro007.C.aseg.xml#id(Bro007.C.asg.81890)"/>
      <nite:child href="Bro007.B.aseg.xml#id(Bro007.B.asg.81471)..id(Bro007.B.asg.81473)"/>
      <nite:child href="Bro007.C.aseg.xml#id(Bro007.C.asg.81891)"/>
      <nite:child href="Bro007.B.aseg.xml#id(Bro007.B.asg.81474)"/>
      <nite:child href="Bro007.C.aseg.xml#id(Bro007.C.asg.81892)..id(Bro007.C.asg.81894)"/>
      <nite:child href="Bro007.B.aseg.xml#id(Bro007.B.asg.81475)..id(Bro007.B.asg.81478)"/>
      <nite:child href="Bro007.D.aseg.xml#id(Bro007.D.asg.82145)"/>
      <nite:child href="Bro007.B.aseg.xml#id(Bro007.B.asg.81479)"/>
      <nite:child href="Bro007.C.aseg.xml#id(Bro007.C.asg.81895)..id(Bro007.C.asg.81902)"/>
      <nite:child href="Bro007.B.aseg.xml#id(Bro007.B.asg.81480)"/>
      <nite:child href="Bro007.C.aseg.xml#id(Bro007.C.asg.81903)..id(Bro007.C.asg.81909)"/>
      <nite:child href="Bro007.B.aseg.xml#id(Bro007.B.asg.81481)"/>
      <nite:child href="Bro007.C.aseg.xml#id(Bro007.C.asg.81910)"/>
      <nite:child href="Bro007.B.aseg.xml#id(Bro007.B.asg.81482)..id(Bro007.B.asg.81483)"/>
      <nite:child href="Bro007.C.aseg.xml#id(Bro007.C.asg.81911)"/>
      <nite:child href="Bro007.B.aseg.xml#id(Bro007.B.asg.81484)"/>
      <nite:child href="Bro007.C.aseg.xml#id(Bro007.C.asg.81912)"/>
   </autopic>
   <autopic nite:id="Bro007.autotopic.4" tstart="366.58" tend="515.15">
      <nite:child href="Bro007.B.aseg.xml#id(Bro007.B.asg.81485)"/>
      <nite:child href="Bro007.C.aseg.xml#id(Bro007.C.asg.81913)..id(Bro007.C.asg.81914)"/>
      <nite:child href="Bro007.B.aseg.xml#id(Bro007.B.asg.81486)"/>
      <nite:child href="Bro007.C.aseg.xml#id(Bro007.C.asg.81915)"/>
      <nite:child href="Bro007.B.aseg.xml#id(Bro007.B.asg.81487)..id(Bro007.B.asg.81488)"/>
      <nite:child href="Bro007.C.aseg.xml#id(Bro007.C.asg.81916)..id(Bro007.C.asg.81917)"/>
      <nite:child href="Bro007.D.aseg.xml#id(Bro007.D.asg.82146)"/>
      <nite:child href="Bro007.C.aseg.xml#id(Bro007.C.asg.81918)..id(Bro007.C.asg.81919)"/>
      <nite:child href="Bro007.B.aseg.xml#id(Bro007.B.asg.81489)"/>
      <nite:child href="Bro007.C.aseg.xml#id(Bro007.C.asg.81920)"/>
      <nite:child href="Bro007.D.aseg.xml#id(Bro007.D.asg.82147)"/>
      <nite:child href="Bro007.C.aseg.xml#id(Bro007.C.asg.81921)..id(Bro007.C.asg.81931)"/>
      <nite:child href="Bro007.B.aseg.xml#id(Bro007.B.asg.81490)"/>
      <nite:child href="Bro007.C.aseg.xml#id(Bro007.C.asg.81932)..id(Bro007.C.asg.81933)"/>
      <nite:child href="Bro007.D.aseg.xml#id(Bro007.D.asg.82148)"/>
      <nite:child href="Bro007.B.aseg.xml#id(Bro007.B.asg.81491)"/>
      <nite:child href="Bro007.C.aseg.xml#id(Bro007.C.asg.81934)"/>
      <nite:child href="Bro007.B.aseg.xml#id(Bro007.B.asg.81492)"/>
      <nite:child href="Bro007.C.aseg.xml#id(Bro007.C.asg.81935)..id(Bro007.C.asg.81937)"/>
      <nite:child href="Bro007.B.aseg.xml#id(Bro007.B.asg.81493)"/>
      <nite:child href="Bro007.C.aseg.xml#id(Bro007.C.asg.81938)..id(Bro007.C.asg.81947)"/>
      <nite:child href="Bro007.B.aseg.xml#id(Bro007.B.asg.81494)..id(Bro007.B.asg.81495)"/>
      <nite:child href="Bro007.C.aseg.xml#id(Bro007.C.asg.81948)"/>
      <nite:child href="Bro007.B.aseg.xml#id(Bro007.B.asg.81496)..id(Bro007.B.asg.81500)"/>
      <nite:child href="Bro007.C.aseg.xml#id(Bro007.C.asg.81949)..id(Bro007.C.asg.81950)"/>
      <nite:child href="Bro007.B.aseg.xml#id(Bro007.B.asg.81501)..id(Bro007.B.asg.81509)"/>
   </autopic>
   <autopic nite:id="Bro007.autotopic.5" tstart="517.21" tend="560.31">
      <nite:child href="Bro007.B.aseg.xml#id(Bro007.B.asg.81510)..id(Bro007.B.asg.81518)"/>
      <nite:child href="Bro007.C.aseg.xml#id(Bro007.C.asg.81951)"/>
   </autopic>
   <autopic nite:id="Bro007.autotopic.6" tstart="559.46" tend="561.11">
      <nite:child href="Bro007.B.aseg.xml#id(Bro007.B.asg.81519)"/>
   </autopic>
   <autopic nite:id="Bro007.autotopic.7" tstart="559.85" tend="918.0">
      <nite:child href="Bro007.D.aseg.xml#id(Bro007.D.asg.82149)"/>
      <nite:child href="Bro007.B.aseg.xml#id(Bro007.B.asg.81520)..id(Bro007.B.asg.81521)"/>
      <nite:child href="Bro007.C.aseg.xml#id(Bro007.C.asg.81952)..id(Bro007.C.asg.81957)"/>
      <nite:child href="Bro007.B.aseg.xml#id(Bro007.B.asg.81522)"/>
      <nite:child href="Bro007.C.aseg.xml#id(Bro007.C.asg.81958)"/>
      <nite:child href="Bro007.B.aseg.xml#id(Bro007.B.asg.81523)..id(Bro007.B.asg.81524)"/>
      <nite:child href="Bro007.C.aseg.xml#id(Bro007.C.asg.81959)"/>
      <nite:child href="Bro007.B.aseg.xml#id(Bro007.B.asg.81525)"/>
      <nite:child href="Bro007.C.aseg.xml#id(Bro007.C.asg.81960)"/>
      <nite:child href="Bro007.B.aseg.xml#id(Bro007.B.asg.81526)..id(Bro007.B.asg.81535)"/>
      <nite:child href="Bro007.C.aseg.xml#id(Bro007.C.asg.81961)"/>
      <nite:child href="Bro007.B.aseg.xml#id(Bro007.B.asg.81536)..id(Bro007.B.asg.81538)"/>
      <nite:child href="Bro007.C.aseg.xml#id(Bro007.C.asg.81962)..id(Bro007.C.asg.81963)"/>
      <nite:child href="Bro007.B.aseg.xml#id(Bro007.B.asg.81539)"/>
      <nite:child href="Bro007.C.aseg.xml#id(Bro007.C.asg.81964)..id(Bro007.C.asg.81965)"/>
      <nite:child href="Bro007.B.aseg.xml#id(Bro007.B.asg.81540)..id(Bro007.B.asg.81546)"/>
      <nite:child href="Bro007.C.aseg.xml#id(Bro007.C.asg.81966)"/>
      <nite:child href="Bro007.B.aseg.xml#id(Bro007.B.asg.81547)..id(Bro007.B.asg.81548)"/>
      <nite:child href="Bro007.C.aseg.xml#id(Bro007.C.asg.81967)"/>
      <nite:child href="Bro007.B.aseg.xml#id(Bro007.B.asg.81549)"/>
      <nite:child href="Bro007.C.aseg.xml#id(Bro007.C.asg.81968)"/>
      <nite:child href="Bro007.B.aseg.xml#id(Bro007.B.asg.81550)..id(Bro007.B.asg.81553)"/>
      <nite:child href="Bro007.C.aseg.xml#id(Bro007.C.asg.81969)"/>
      <nite:child href="Bro007.B.aseg.xml#id(Bro007.B.asg.81554)"/>
      <nite:child href="Bro007.C.aseg.xml#id(Bro007.C.asg.81970)"/>
      <nite:child href="Bro007.B.aseg.xml#id(Bro007.B.asg.81555)"/>
      <nite:child href="Bro007.D.aseg.xml#id(Bro007.D.asg.82150)"/>
      <nite:child href="Bro007.C.aseg.xml#id(Bro007.C.asg.81971)"/>
      <nite:child href="Bro007.B.aseg.xml#id(Bro007.B.asg.81556)..id(Bro007.B.asg.81561)"/>
      <nite:child href="Bro007.C.aseg.xml#id(Bro007.C.asg.81972)"/>
      <nite:child href="Bro007.B.aseg.xml#id(Bro007.B.asg.81562)..id(Bro007.B.asg.81563)"/>
      <nite:child href="Bro007.D.aseg.xml#id(Bro007.D.asg.82151)"/>
      <nite:child href="Bro007.C.aseg.xml#id(Bro007.C.asg.81973)"/>
      <nite:child href="Bro007.B.aseg.xml#id(Bro007.B.asg.81564)"/>
      <nite:child href="Bro007.C.aseg.xml#id(Bro007.C.asg.81974)..id(Bro007.C.asg.81978)"/>
      <nite:child href="Bro007.D.aseg.xml#id(Bro007.D.asg.82152)"/>
      <nite:child href="Bro007.C.aseg.xml#id(Bro007.C.asg.81979)"/>
      <nite:child href="Bro007.D.aseg.xml#id(Bro007.D.asg.82153)"/>
      <nite:child href="Bro007.C.aseg.xml#id(Bro007.C.asg.81980)"/>
      <nite:child href="Bro007.D.aseg.xml#id(Bro007.D.asg.82154)"/>
      <nite:child href="Bro007.C.aseg.xml#id(Bro007.C.asg.81981)"/>
      <nite:child href="Bro007.D.aseg.xml#id(Bro007.D.asg.82155)"/>
      <nite:child href="Bro007.C.aseg.xml#id(Bro007.C.asg.81982)..id(Bro007.C.asg.81984)"/>
      <nite:child href="Bro007.D.aseg.xml#id(Bro007.D.asg.82156)"/>
      <nite:child href="Bro007.C.aseg.xml#id(Bro007.C.asg.81985)"/>
      <nite:child href="Bro007.B.aseg.xml#id(Bro007.B.asg.81565)..id(Bro007.B.asg.81566)"/>
      <nite:child href="Bro007.D.aseg.xml#id(Bro007.D.asg.82157)"/>
      <nite:child href="Bro007.C.aseg.xml#id(Bro007.C.asg.81986)..id(Bro007.C.asg.81987)"/>
      <nite:child href="Bro007.D.aseg.xml#id(Bro007.D.asg.82158)"/>
      <nite:child href="Bro007.C.aseg.xml#id(Bro007.C.asg.81988)"/>
      <nite:child href="Bro007.D.aseg.xml#id(Bro007.D.asg.82159)..id(Bro007.D.asg.82160)"/>
      <nite:child href="Bro007.B.aseg.xml#id(Bro007.B.asg.81567)..id(Bro007.B.asg.81568)"/>
      <nite:child href="Bro007.C.aseg.xml#id(Bro007.C.asg.81989)"/>
      <nite:child href="Bro007.B.aseg.xml#id(Bro007.B.asg.81569)"/>
      <nite:child href="Bro007.C.aseg.xml#id(Bro007.C.asg.81990)"/>
      <nite:child href="Bro007.B.aseg.xml#id(Bro007.B.asg.81570)..id(Bro007.B.asg.81574)"/>
      <nite:child href="Bro007.D.aseg.xml#id(Bro007.D.asg.82161)"/>
      <nite:child href="Bro007.C.aseg.xml#id(Bro007.C.asg.81991)"/>
      <nite:child href="Bro007.B.aseg.xml#id(Bro007.B.asg.81575)..id(Bro007.B.asg.81578)"/>
      <nite:child href="Bro007.D.aseg.xml#id(Bro007.D.asg.82162)"/>
      <nite:child href="Bro007.C.aseg.xml#id(Bro007.C.asg.81992)"/>
      <nite:child href="Bro007.B.aseg.xml#id(Bro007.B.asg.81579)..id(Bro007.B.asg.81580)"/>
      <nite:child href="Bro007.D.aseg.xml#id(Bro007.D.asg.82163)"/>
      <nite:child href="Bro007.C.aseg.xml#id(Bro007.C.asg.81993)..id(Bro007.C.asg.81994)"/>
      <nite:child href="Bro007.D.aseg.xml#id(Bro007.D.asg.82164)"/>
      <nite:child href="Bro007.B.aseg.xml#id(Bro007.B.asg.81581)"/>
      <nite:child href="Bro007.D.aseg.xml#id(Bro007.D.asg.82165)..id(Bro007.D.asg.82166)"/>
      <nite:child href="Bro007.C.aseg.xml#id(Bro007.C.asg.81995)"/>
      <nite:child href="Bro007.B.aseg.xml#id(Bro007.B.asg.81582)"/>
      <nite:child href="Bro007.D.aseg.xml#id(Bro007.D.asg.82167)"/>
      <nite:child href="Bro007.B.aseg.xml#id(Bro007.B.asg.81583)..id(Bro007.B.asg.81587)"/>
      <nite:child href="Bro007.C.aseg.xml#id(Bro007.C.asg.81996)"/>
      <nite:child href="Bro007.D.aseg.xml#id(Bro007.D.asg.82168)..id(Bro007.D.asg.82169)"/>
      <nite:child href="Bro007.C.aseg.xml#id(Bro007.C.asg.81997)"/>
      <nite:child href="Bro007.D.aseg.xml#id(Bro007.D.asg.82170)..id(Bro007.D.asg.82173)"/>
      <nite:child href="Bro007.B.aseg.xml#id(Bro007.B.asg.81588)..id(Bro007.B.asg.81591)"/>
      <nite:child href="Bro007.C.aseg.xml#id(Bro007.C.asg.81998)"/>
      <nite:child href="Bro007.D.aseg.xml#id(Bro007.D.asg.82174)..id(Bro007.D.asg.82175)"/>
      <nite:child href="Bro007.C.aseg.xml#id(Bro007.C.asg.81999)"/>
      <nite:child href="Bro007.B.aseg.xml#id(Bro007.B.asg.81592)"/>
      <nite:child href="Bro007.D.aseg.xml#id(Bro007.D.asg.82176)"/>
      <nite:child href="Bro007.C.aseg.xml#id(Bro007.C.asg.82000)..id(Bro007.C.asg.82001)"/>
      <nite:child href="Bro007.D.aseg.xml#id(Bro007.D.asg.82177)"/>
   </autopic>
   <autopic nite:id="Bro007.autotopic.8" tstart="914.47" tend="1257.36">
      <nite:child href="Bro007.C.aseg.xml#id(Bro007.C.asg.82002)..id(Bro007.C.asg.82004)"/>
      <nite:child href="Bro007.B.aseg.xml#id(Bro007.B.asg.81593)..id(Bro007.B.asg.81595)"/>
      <nite:child href="Bro007.C.aseg.xml#id(Bro007.C.asg.82005)"/>
      <nite:child href="Bro007.B.aseg.xml#id(Bro007.B.asg.81596)"/>
      <nite:child href="Bro007.D.aseg.xml#id(Bro007.D.asg.82178)"/>
      <nite:child href="Bro007.C.aseg.xml#id(Bro007.C.asg.82006)"/>
      <nite:child href="Bro007.B.aseg.xml#id(Bro007.B.asg.81597)..id(Bro007.B.asg.81598)"/>
      <nite:child href="Bro007.C.aseg.xml#id(Bro007.C.asg.82007)..id(Bro007.C.asg.82008)"/>
      <nite:child href="Bro007.B.aseg.xml#id(Bro007.B.asg.81599)..id(Bro007.B.asg.81600)"/>
      <nite:child href="Bro007.C.aseg.xml#id(Bro007.C.asg.82009)..id(Bro007.C.asg.82010)"/>
      <nite:child href="Bro007.B.aseg.xml#id(Bro007.B.asg.81601)..id(Bro007.B.asg.81602)"/>
      <nite:child href="Bro007.C.aseg.xml#id(Bro007.C.asg.82011)"/>
      <nite:child href="Bro007.D.aseg.xml#id(Bro007.D.asg.82179)"/>
      <nite:child href="Bro007.C.aseg.xml#id(Bro007.C.asg.82012)"/>
      <nite:child href="Bro007.B.aseg.xml#id(Bro007.B.asg.81603)"/>
      <nite:child href="Bro007.D.aseg.xml#id(Bro007.D.asg.82180)"/>
      <nite:child href="Bro007.B.aseg.xml#id(Bro007.B.asg.81604)"/>
      <nite:child href="Bro007.C.aseg.xml#id(Bro007.C.asg.82013)"/>
      <nite:child href="Bro007.B.aseg.xml#id(Bro007.B.asg.81605)..id(Bro007.B.asg.81608)"/>
      <nite:child href="Bro007.C.aseg.xml#id(Bro007.C.asg.82014)"/>
      <nite:child href="Bro007.B.aseg.xml#id(Bro007.B.asg.81609)..id(Bro007.B.asg.81611)"/>
      <nite:child href="Bro007.C.aseg.xml#id(Bro007.C.asg.82015)..id(Bro007.C.asg.82016)"/>
      <nite:child href="Bro007.B.aseg.xml#id(Bro007.B.asg.81612)..id(Bro007.B.asg.81616)"/>
      <nite:child href="Bro007.C.aseg.xml#id(Bro007.C.asg.82017)"/>
      <nite:child href="Bro007.B.aseg.xml#id(Bro007.B.asg.81617)"/>
      <nite:child href="Bro007.C.aseg.xml#id(Bro007.C.asg.82018)"/>
      <nite:child href="Bro007.B.aseg.xml#id(Bro007.B.asg.81618)"/>
      <nite:child href="Bro007.C.aseg.xml#id(Bro007.C.asg.82019)"/>
      <nite:child href="Bro007.B.aseg.xml#id(Bro007.B.asg.81619)"/>
      <nite:child href="Bro007.C.aseg.xml#id(Bro007.C.asg.82020)"/>
      <nite:child href="Bro007.B.aseg.xml#id(Bro007.B.asg.81620)..id(Bro007.B.asg.81624)"/>
      <nite:child href="Bro007.C.aseg.xml#id(Bro007.C.asg.82021)"/>
      <nite:child href="Bro007.B.aseg.xml#id(Bro007.B.asg.81625)"/>
      <nite:child href="Bro007.C.aseg.xml#id(Bro007.C.asg.82022)"/>
      <nite:child href="Bro007.B.aseg.xml#id(Bro007.B.asg.81626)..id(Bro007.B.asg.81631)"/>
      <nite:child href="Bro007.C.aseg.xml#id(Bro007.C.asg.82023)"/>
      <nite:child href="Bro007.B.aseg.xml#id(Bro007.B.asg.81632)..id(Bro007.B.asg.81634)"/>
      <nite:child href="Bro007.C.aseg.xml#id(Bro007.C.asg.82024)"/>
      <nite:child href="Bro007.B.aseg.xml#id(Bro007.B.asg.81635)..id(Bro007.B.asg.81636)"/>
      <nite:child href="Bro007.C.aseg.xml#id(Bro007.C.asg.82025)..id(Bro007.C.asg.82028)"/>
      <nite:child href="Bro007.B.aseg.xml#id(Bro007.B.asg.81637)..id(Bro007.B.asg.81639)"/>
      <nite:child href="Bro007.C.aseg.xml#id(Bro007.C.asg.82029)"/>
      <nite:child href="Bro007.B.aseg.xml#id(Bro007.B.asg.81640)"/>
      <nite:child href="Bro007.C.aseg.xml#id(Bro007.C.asg.82030)..id(Bro007.C.asg.82031)"/>
      <nite:child href="Bro007.B.aseg.xml#id(Bro007.B.asg.81641)"/>
      <nite:child href="Bro007.C.aseg.xml#id(Bro007.C.asg.82032)"/>
      <nite:child href="Bro007.B.aseg.xml#id(Bro007.B.asg.81642)"/>
      <nite:child href="Bro007.C.aseg.xml#id(Bro007.C.asg.82033)..id(Bro007.C.asg.82035)"/>
      <nite:child href="Bro007.B.aseg.xml#id(Bro007.B.asg.81643)"/>
      <nite:child href="Bro007.C.aseg.xml#id(Bro007.C.asg.82036)..id(Bro007.C.asg.82038)"/>
      <nite:child href="Bro007.B.aseg.xml#id(Bro007.B.asg.81644)"/>
      <nite:child href="Bro007.C.aseg.xml#id(Bro007.C.asg.82039)..id(Bro007.C.asg.82040)"/>
      <nite:child href="Bro007.B.aseg.xml#id(Bro007.B.asg.81645)..id(Bro007.B.asg.81646)"/>
      <nite:child href="Bro007.C.aseg.xml#id(Bro007.C.asg.82041)"/>
      <nite:child href="Bro007.B.aseg.xml#id(Bro007.B.asg.81647)"/>
      <nite:child href="Bro007.C.aseg.xml#id(Bro007.C.asg.82042)"/>
      <nite:child href="Bro007.B.aseg.xml#id(Bro007.B.asg.81648)"/>
      <nite:child href="Bro007.C.aseg.xml#id(Bro007.C.asg.82043)"/>
      <nite:child href="Bro007.B.aseg.xml#id(Bro007.B.asg.81649)..id(Bro007.B.asg.81651)"/>
      <nite:child href="Bro007.C.aseg.xml#id(Bro007.C.asg.82044)"/>
      <nite:child href="Bro007.B.aseg.xml#id(Bro007.B.asg.81652)..id(Bro007.B.asg.81653)"/>
      <nite:child href="Bro007.C.aseg.xml#id(Bro007.C.asg.82045)"/>
      <nite:child href="Bro007.B.aseg.xml#id(Bro007.B.asg.81654)..id(Bro007.B.asg.81655)"/>
      <nite:child href="Bro007.C.aseg.xml#id(Bro007.C.asg.82046)"/>
      <nite:child href="Bro007.B.aseg.xml#id(Bro007.B.asg.81656)"/>
      <nite:child href="Bro007.C.aseg.xml#id(Bro007.C.asg.82047)..id(Bro007.C.asg.82049)"/>
      <nite:child href="Bro007.B.aseg.xml#id(Bro007.B.asg.81657)..id(Bro007.B.asg.81666)"/>
      <nite:child href="Bro007.C.aseg.xml#id(Bro007.C.asg.82050)..id(Bro007.C.asg.82052)"/>
      <nite:child href="Bro007.B.aseg.xml#id(Bro007.B.asg.81667)..id(Bro007.B.asg.81668)"/>
      <nite:child href="Bro007.C.aseg.xml#id(Bro007.C.asg.82053)..id(Bro007.C.asg.82055)"/>
      <nite:child href="Bro007.B.aseg.xml#id(Bro007.B.asg.81669)..id(Bro007.B.asg.81671)"/>
      <nite:child href="Bro007.C.aseg.xml#id(Bro007.C.asg.82056)"/>
      <nite:child href="Bro007.B.aseg.xml#id(Bro007.B.asg.81672)..id(Bro007.B.asg.81678)"/>
      <nite:child href="Bro007.C.aseg.xml#id(Bro007.C.asg.82057)"/>
   </autopic>
   <autopic nite:id="Bro007.autotopic.9" tstart="1255.8" tend="1304.04">
      <nite:child href="Bro007.B.aseg.xml#id(Bro007.B.asg.81679)..id(Bro007.B.asg.81682)"/>
      <nite:child href="Bro007.C.aseg.xml#id(Bro007.C.asg.82058)"/>
      <nite:child href="Bro007.B.aseg.xml#id(Bro007.B.asg.81683)..id(Bro007.B.asg.81684)"/>
      <nite:child href="Bro007.C.aseg.xml#id(Bro007.C.asg.82059)..id(Bro007.C.asg.82060)"/>
      <nite:child href="Bro007.B.aseg.xml#id(Bro007.B.asg.81685)..id(Bro007.B.asg.81686)"/>
      <nite:child href="Bro007.C.aseg.xml#id(Bro007.C.asg.82061)"/>
      <nite:child href="Bro007.B.aseg.xml#id(Bro007.B.asg.81687)"/>
      <nite:child href="Bro007.C.aseg.xml#id(Bro007.C.asg.82062)"/>
      <nite:child href="Bro007.B.aseg.xml#id(Bro007.B.asg.81688)"/>
      <nite:child href="Bro007.C.aseg.xml#id(Bro007.C.asg.82063)..id(Bro007.C.asg.82065)"/>
      <nite:child href="Bro007.B.aseg.xml#id(Bro007.B.asg.81689)"/>
      <nite:child href="Bro007.C.aseg.xml#id(Bro007.C.asg.82066)"/>
   </autopic>
   <autopic nite:id="Bro007.autotopic.10" tstart="1304.03" tend="1332.83">
      <nite:child href="Bro007.B.aseg.xml#id(Bro007.B.asg.81690)"/>
      <nite:child href="Bro007.C.aseg.xml#id(Bro007.C.asg.82067)..id(Bro007.C.asg.82072)"/>
      <nite:child href="Bro007.B.aseg.xml#id(Bro007.B.asg.81691)"/>
      <nite:child href="Bro007.C.aseg.xml#id(Bro007.C.asg.82073)"/>
      <nite:child href="Bro007.B.aseg.xml#id(Bro007.B.asg.81692)"/>
   </autopic>
   <autopic nite:id="Bro007.autotopic.11" tstart="1330.66" tend="1525.82">
      <nite:child href="Bro007.C.aseg.xml#id(Bro007.C.asg.82074)"/>
      <nite:child href="Bro007.D.aseg.xml#id(Bro007.D.asg.82181)"/>
      <nite:child href="Bro007.B.aseg.xml#id(Bro007.B.asg.81693)..id(Bro007.B.asg.81697)"/>
      <nite:child href="Bro007.C.aseg.xml#id(Bro007.C.asg.82075)"/>
      <nite:child href="Bro007.D.aseg.xml#id(Bro007.D.asg.82182)"/>
      <nite:child href="Bro007.B.aseg.xml#id(Bro007.B.asg.81698)"/>
      <nite:child href="Bro007.D.aseg.xml#id(Bro007.D.asg.82183)..id(Bro007.D.asg.82188)"/>
      <nite:child href="Bro007.C.aseg.xml#id(Bro007.C.asg.82076)"/>
      <nite:child href="Bro007.B.aseg.xml#id(Bro007.B.asg.81699)"/>
      <nite:child href="Bro007.D.aseg.xml#id(Bro007.D.asg.82189)"/>
      <nite:child href="Bro007.C.aseg.xml#id(Bro007.C.asg.82077)..id(Bro007.C.asg.82078)"/>
      <nite:child href="Bro007.B.aseg.xml#id(Bro007.B.asg.81700)"/>
      <nite:child href="Bro007.C.aseg.xml#id(Bro007.C.asg.82079)..id(Bro007.C.asg.82080)"/>
      <nite:child href="Bro007.B.aseg.xml#id(Bro007.B.asg.81701)"/>
      <nite:child href="Bro007.C.aseg.xml#id(Bro007.C.asg.82081)"/>
      <nite:child href="Bro007.B.aseg.xml#id(Bro007.B.asg.81702)"/>
      <nite:child href="Bro007.C.aseg.xml#id(Bro007.C.asg.82082)"/>
      <nite:child href="Bro007.D.aseg.xml#id(Bro007.D.asg.82190)"/>
      <nite:child href="Bro007.B.aseg.xml#id(Bro007.B.asg.81703)"/>
      <nite:child href="Bro007.C.aseg.xml#id(Bro007.C.asg.82083)"/>
      <nite:child href="Bro007.B.aseg.xml#id(Bro007.B.asg.81704)"/>
      <nite:child href="Bro007.D.aseg.xml#id(Bro007.D.asg.82191)"/>
      <nite:child href="Bro007.B.aseg.xml#id(Bro007.B.asg.81705)..id(Bro007.B.asg.81707)"/>
      <nite:child href="Bro007.D.aseg.xml#id(Bro007.D.asg.82192)"/>
      <nite:child href="Bro007.B.aseg.xml#id(Bro007.B.asg.81708)"/>
      <nite:child href="Bro007.D.aseg.xml#id(Bro007.D.asg.82193)"/>
      <nite:child href="Bro007.B.aseg.xml#id(Bro007.B.asg.81709)"/>
      <nite:child href="Bro007.C.aseg.xml#id(Bro007.C.asg.82084)"/>
      <nite:child href="Bro007.D.aseg.xml#id(Bro007.D.asg.82194)"/>
      <nite:child href="Bro007.C.aseg.xml#id(Bro007.C.asg.82085)"/>
      <nite:child href="Bro007.D.aseg.xml#id(Bro007.D.asg.82195)"/>
      <nite:child href="Bro007.C.aseg.xml#id(Bro007.C.asg.82086)..id(Bro007.C.asg.82087)"/>
      <nite:child href="Bro007.D.aseg.xml#id(Bro007.D.asg.82196)"/>
      <nite:child href="Bro007.C.aseg.xml#id(Bro007.C.asg.82088)"/>
      <nite:child href="Bro007.D.aseg.xml#id(Bro007.D.asg.82197)"/>
      <nite:child href="Bro007.C.aseg.xml#id(Bro007.C.asg.82089)"/>
      <nite:child href="Bro007.B.aseg.xml#id(Bro007.B.asg.81710)"/>
      <nite:child href="Bro007.D.aseg.xml#id(Bro007.D.asg.82198)..id(Bro007.D.asg.82200)"/>
      <nite:child href="Bro007.B.aseg.xml#id(Bro007.B.asg.81711)..id(Bro007.B.asg.81712)"/>
      <nite:child href="Bro007.D.aseg.xml#id(Bro007.D.asg.82201)"/>
      <nite:child href="Bro007.B.aseg.xml#id(Bro007.B.asg.81713)..id(Bro007.B.asg.81714)"/>
      <nite:child href="Bro007.C.aseg.xml#id(Bro007.C.asg.82090)"/>
      <nite:child href="Bro007.B.aseg.xml#id(Bro007.B.asg.81715)..id(Bro007.B.asg.81716)"/>
      <nite:child href="Bro007.C.aseg.xml#id(Bro007.C.asg.82091)"/>
      <nite:child href="Bro007.B.aseg.xml#id(Bro007.B.asg.81717)..id(Bro007.B.asg.81718)"/>
      <nite:child href="Bro007.C.aseg.xml#id(Bro007.C.asg.82092)"/>
      <nite:child href="Bro007.B.aseg.xml#id(Bro007.B.asg.81719)"/>
      <nite:child href="Bro007.C.aseg.xml#id(Bro007.C.asg.82093)"/>
      <nite:child href="Bro007.B.aseg.xml#id(Bro007.B.asg.81720)..id(Bro007.B.asg.81725)"/>
      <nite:child href="Bro007.C.aseg.xml#id(Bro007.C.asg.82094)"/>
      <nite:child href="Bro007.B.aseg.xml#id(Bro007.B.asg.81726)..id(Bro007.B.asg.81731)"/>
      <nite:child href="Bro007.C.aseg.xml#id(Bro007.C.asg.82095)"/>
      <nite:child href="Bro007.B.aseg.xml#id(Bro007.B.asg.81732)"/>
      <nite:child href="Bro007.C.aseg.xml#id(Bro007.C.asg.82096)"/>
      <nite:child href="Bro007.B.aseg.xml#id(Bro007.B.asg.81733)..id(Bro007.B.asg.81734)"/>
      <nite:child href="Bro007.A.aseg.xml#id(Bro007.A.asg.81380)"/>
      <nite:child href="Bro007.C.aseg.xml#id(Bro007.C.asg.82097)"/>
      <nite:child href="Bro007.A.aseg.xml#id(Bro007.A.asg.81381)"/>
      <nite:child href="Bro007.B.aseg.xml#id(Bro007.B.asg.81735)"/>
      <nite:child href="Bro007.A.aseg.xml#id(Bro007.A.asg.81382)"/>
      <nite:child href="Bro007.B.aseg.xml#id(Bro007.B.asg.81736)"/>
      <nite:child href="Bro007.C.aseg.xml#id(Bro007.C.asg.82098)"/>
      <nite:child href="Bro007.B.aseg.xml#id(Bro007.B.asg.81737)..id(Bro007.B.asg.81738)"/>
      <nite:child href="Bro007.C.aseg.xml#id(Bro007.C.asg.82099)"/>
      <nite:child href="Bro007.B.aseg.xml#id(Bro007.B.asg.81739)"/>
   </autopic>
   <autopic nite:id="Bro007.autotopic.12" tstart="1525.04" tend="1684.48">
      <nite:child href="Bro007.C.aseg.xml#id(Bro007.C.asg.82100)"/>
      <nite:child href="Bro007.B.aseg.xml#id(Bro007.B.asg.81740)..id(Bro007.B.asg.81744)"/>
      <nite:child href="Bro007.C.aseg.xml#id(Bro007.C.asg.82101)..id(Bro007.C.asg.82102)"/>
      <nite:child href="Bro007.B.aseg.xml#id(Bro007.B.asg.81745)..id(Bro007.B.asg.81747)"/>
      <nite:child href="Bro007.C.aseg.xml#id(Bro007.C.asg.82103)"/>
      <nite:child href="Bro007.B.aseg.xml#id(Bro007.B.asg.81748)..id(Bro007.B.asg.81750)"/>
      <nite:child href="Bro007.C.aseg.xml#id(Bro007.C.asg.82104)"/>
      <nite:child href="Bro007.B.aseg.xml#id(Bro007.B.asg.81751)..id(Bro007.B.asg.81756)"/>
      <nite:child href="Bro007.C.aseg.xml#id(Bro007.C.asg.82105)..id(Bro007.C.asg.82113)"/>
      <nite:child href="Bro007.B.aseg.xml#id(Bro007.B.asg.81757)"/>
      <nite:child href="Bro007.C.aseg.xml#id(Bro007.C.asg.82114)"/>
      <nite:child href="Bro007.B.aseg.xml#id(Bro007.B.asg.81758)..id(Bro007.B.asg.81759)"/>
      <nite:child href="Bro007.C.aseg.xml#id(Bro007.C.asg.82115)"/>
      <nite:child href="Bro007.B.aseg.xml#id(Bro007.B.asg.81760)"/>
      <nite:child href="Bro007.C.aseg.xml#id(Bro007.C.asg.82116)"/>
      <nite:child href="Bro007.B.aseg.xml#id(Bro007.B.asg.81761)..id(Bro007.B.asg.81768)"/>
      <nite:child href="Bro007.C.aseg.xml#id(Bro007.C.asg.82117)"/>
      <nite:child href="Bro007.B.aseg.xml#id(Bro007.B.asg.81769)..id(Bro007.B.asg.81773)"/>
      <nite:child href="Bro007.C.aseg.xml#id(Bro007.C.asg.82118)"/>
      <nite:child href="Bro007.B.aseg.xml#id(Bro007.B.asg.81774)"/>
   </autopic>
   <autopic nite:id="Bro007.autotopic.13" tstart="1685.65" tend="1705.14">
      <nite:child href="Bro007.B.aseg.xml#id(Bro007.B.asg.81775)..id(Bro007.B.asg.81776)"/>
      <nite:child href="Bro007.C.aseg.xml#id(Bro007.C.asg.82119)"/>
      <nite:child href="Bro007.B.aseg.xml#id(Bro007.B.asg.81777)..id(Bro007.B.asg.81779)"/>
   </autopic>
   <autopic nite:id="Bro007.autotopic.14" tstart="1706.33" tend="1760.66">
      <nite:child href="Bro007.B.aseg.xml#id(Bro007.B.asg.81780)..id(Bro007.B.asg.81795)"/>
   </autopic>
   <autopic nite:id="Bro007.autotopic.15" tstart="1760.33" tend="1781.64">
      <nite:child href="Bro007.C.aseg.xml#id(Bro007.C.asg.82120)"/>
      <nite:child href="Bro007.B.aseg.xml#id(Bro007.B.asg.81796)..id(Bro007.B.asg.81802)"/>
   </autopic>
   <autopic nite:id="Bro007.autotopic.16" tstart="1785.55" tend="2046.05">
      <nite:child href="Bro007.B.aseg.xml#id(Bro007.B.asg.81803)..id(Bro007.B.asg.81826)"/>
      <nite:child href="Bro007.E.aseg.xml#id(Bro007.E.asg.82223)..id(Bro007.E.asg.82245)"/>
      <nite:child href="Bro007.C.aseg.xml#id(Bro007.C.asg.82121)..id(Bro007.C.asg.82141)"/>
      <nite:child href="Bro007.A.aseg.xml#id(Bro007.A.asg.81384)..id(Bro007.A.asg.81405)"/>
      <nite:child href="Bro007.D.aseg.xml#id(Bro007.D.asg.82202)..id(Bro007.D.asg.82222)"/>
   </autopic>
</nite:root>