<?xml version="1.0" encoding="ISO-8859-1" standalone="yes"?>
<nite:root nite:id="Bdb001.summlink" xmlns:nite="http://nite.sourceforge.net/">
   <summlink nite:id="Bdb001.summlink.1">
      <nite:pointer role="extractive"  href="Bdb001.F.dialogue-acts.xml#id(Bdb001.F.dialogueact37)"/>
      <nite:pointer role="abstractive"  href="Bdb001.abssumm.xml#id(Bdb001.s.1)"/>
   </summlink>
   <summlink nite:id="Bdb001.summlink.2">
      <nite:pointer role="extractive"  href="Bdb001.C.dialogue-acts.xml#id(Bdb001.C.dialogueact44)"/>
      <nite:pointer role="abstractive"  href="Bdb001.abssumm.xml#id(Bdb001.s.2)"/>
   </summlink>
   <summlink nite:id="Bdb001.summlink.3">
      <nite:pointer role="extractive"  href="Bdb001.C.dialogue-acts.xml#id(Bdb001.C.dialogueact44)"/>
      <nite:pointer role="abstractive"  href="Bdb001.abssumm.xml#id(Bdb001.s.23)"/>
   </summlink>
   <summlink nite:id="Bdb001.summlink.4">
      <nite:pointer role="extractive"  href="Bdb001.C.dialogue-acts.xml#id(Bdb001.C.dialogueact62)"/>
      <nite:pointer role="abstractive"  href="Bdb001.abssumm.xml#id(Bdb001.s.2)"/>
   </summlink>
   <summlink nite:id="Bdb001.summlink.5">
      <nite:pointer role="extractive"  href="Bdb001.C.dialogue-acts.xml#id(Bdb001.C.dialogueact62)"/>
      <nite:pointer role="abstractive"  href="Bdb001.abssumm.xml#id(Bdb001.s.25)"/>
   </summlink>
   <summlink nite:id="Bdb001.summlink.6">
      <nite:pointer role="extractive"  href="Bdb001.C.dialogue-acts.xml#id(Bdb001.C.dialogueact72)"/>
      <nite:pointer role="abstractive"  href="Bdb001.abssumm.xml#id(Bdb001.s.25)"/>
   </summlink>
   <summlink nite:id="Bdb001.summlink.8">
      <nite:pointer role="extractive"  href="Bdb001.C.dialogue-acts.xml#id(Bdb001.C.dialogueact84)"/>
      <nite:pointer role="abstractive"  href="Bdb001.abssumm.xml#id(Bdb001.s.25)"/>
   </summlink>
   <summlink nite:id="Bdb001.summlink.9">
      <nite:pointer role="extractive"  href="Bdb001.C.dialogue-acts.xml#id(Bdb001.C.dialogueact89)"/>
      <nite:pointer role="abstractive"  href="Bdb001.abssumm.xml#id(Bdb001.s.24)"/>
   </summlink>
   <summlink nite:id="Bdb001.summlink.10">
      <nite:pointer role="extractive"  href="Bdb001.C.dialogue-acts.xml#id(Bdb001.C.dialogueact187)"/>
      <nite:pointer role="abstractive"  href="Bdb001.abssumm.xml#id(Bdb001.s.2)"/>
   </summlink>
   <summlink nite:id="Bdb001.summlink.11">
      <nite:pointer role="extractive"  href="Bdb001.C.dialogue-acts.xml#id(Bdb001.C.dialogueact193)"/>
      <nite:pointer role="abstractive"  href="Bdb001.abssumm.xml#id(Bdb001.s.17)"/>
   </summlink>
   <summlink nite:id="Bdb001.summlink.12">
      <nite:pointer role="extractive"  href="Bdb001.C.dialogue-acts.xml#id(Bdb001.C.dialogueact201)"/>
      <nite:pointer role="abstractive"  href="Bdb001.abssumm.xml#id(Bdb001.s.5)"/>
   </summlink>
   <summlink nite:id="Bdb001.summlink.13">
      <nite:pointer role="extractive"  href="Bdb001.C.dialogue-acts.xml#id(Bdb001.C.dialogueact201)"/>
      <nite:pointer role="abstractive"  href="Bdb001.abssumm.xml#id(Bdb001.s.27)"/>
   </summlink>
   <summlink nite:id="Bdb001.summlink.14">
      <nite:pointer role="extractive"  href="Bdb001.C.dialogue-acts.xml#id(Bdb001.C.dialogueact204)"/>
      <nite:pointer role="abstractive"  href="Bdb001.abssumm.xml#id(Bdb001.s.27)"/>
   </summlink>
   <summlink nite:id="Bdb001.summlink.15">
      <nite:pointer role="extractive"  href="Bdb001.C.dialogue-acts.xml#id(Bdb001.C.dialogueact204)"/>
      <nite:pointer role="abstractive"  href="Bdb001.abssumm.xml#id(Bdb001.s.5)"/>
   </summlink>
   <summlink nite:id="Bdb001.summlink.16">
      <nite:pointer role="extractive"  href="Bdb001.F.dialogue-acts.xml#id(Bdb001.F.dialogueact207)"/>
      <nite:pointer role="abstractive"  href="Bdb001.abssumm.xml#id(Bdb001.s.26)"/>
   </summlink>
   <summlink nite:id="Bdb001.summlink.17">
      <nite:pointer role="extractive"  href="Bdb001.C.dialogue-acts.xml#id(Bdb001.C.dialogueact210)"/>
      <nite:pointer role="abstractive"  href="Bdb001.abssumm.xml#id(Bdb001.s.26)"/>
   </summlink>
   <summlink nite:id="Bdb001.summlink.18">
      <nite:pointer role="extractive"  href="Bdb001.C.dialogue-acts.xml#id(Bdb001.C.dialogueact218)"/>
      <nite:pointer role="abstractive"  href="Bdb001.abssumm.xml#id(Bdb001.s.6)"/>
   </summlink>
   <summlink nite:id="Bdb001.summlink.19">
      <nite:pointer role="extractive"  href="Bdb001.F.dialogue-acts.xml#id(Bdb001.F.dialogueact222)"/>
      <nite:pointer role="abstractive"  href="Bdb001.abssumm.xml#id(Bdb001.s.19)"/>
   </summlink>
   <summlink nite:id="Bdb001.summlink.20">
      <nite:pointer role="extractive"  href="Bdb001.F.dialogue-acts.xml#id(Bdb001.F.dialogueact237)"/>
      <nite:pointer role="abstractive"  href="Bdb001.abssumm.xml#id(Bdb001.s.17)"/>
   </summlink>
   <summlink nite:id="Bdb001.summlink.21">
      <nite:pointer role="extractive"  href="Bdb001.C.dialogue-acts.xml#id(Bdb001.C.dialogueact270)"/>
      <nite:pointer role="abstractive"  href="Bdb001.abssumm.xml#id(Bdb001.s.4)"/>
   </summlink>
   <summlink nite:id="Bdb001.summlink.22">
      <nite:pointer role="extractive"  href="Bdb001.C.dialogue-acts.xml#id(Bdb001.C.dialogueact272)"/>
      <nite:pointer role="abstractive"  href="Bdb001.abssumm.xml#id(Bdb001.s.19)"/>
   </summlink>
   <summlink nite:id="Bdb001.summlink.23">
      <nite:pointer role="extractive"  href="Bdb001.C.dialogue-acts.xml#id(Bdb001.C.dialogueact306)"/>
      <nite:pointer role="abstractive"  href="Bdb001.abssumm.xml#id(Bdb001.s.5)"/>
   </summlink>
   <summlink nite:id="Bdb001.summlink.24">
      <nite:pointer role="extractive"  href="Bdb001.C.dialogue-acts.xml#id(Bdb001.C.dialogueact306)"/>
      <nite:pointer role="abstractive"  href="Bdb001.abssumm.xml#id(Bdb001.s.28)"/>
   </summlink>
   <summlink nite:id="Bdb001.summlink.25">
      <nite:pointer role="extractive"  href="Bdb001.C.dialogue-acts.xml#id(Bdb001.C.dialogueact314)"/>
      <nite:pointer role="abstractive"  href="Bdb001.abssumm.xml#id(Bdb001.s.28)"/>
   </summlink>
   <summlink nite:id="Bdb001.summlink.26">
      <nite:pointer role="extractive"  href="Bdb001.C.dialogue-acts.xml#id(Bdb001.C.dialogueact323)"/>
      <nite:pointer role="abstractive"  href="Bdb001.abssumm.xml#id(Bdb001.s.5)"/>
   </summlink>
   <summlink nite:id="Bdb001.summlink.27">
      <nite:pointer role="extractive"  href="Bdb001.C.dialogue-acts.xml#id(Bdb001.C.dialogueact323)"/>
      <nite:pointer role="abstractive"  href="Bdb001.abssumm.xml#id(Bdb001.s.27)"/>
   </summlink>
   <summlink nite:id="Bdb001.summlink.28">
      <nite:pointer role="extractive"  href="Bdb001.F.dialogue-acts.xml#id(Bdb001.F.dialogueact380)"/>
      <nite:pointer role="abstractive"  href="Bdb001.abssumm.xml#id(Bdb001.s.11)"/>
   </summlink>
   <summlink nite:id="Bdb001.summlink.29">
      <nite:pointer role="extractive"  href="Bdb001.F.dialogue-acts.xml#id(Bdb001.F.dialogueact389)"/>
      <nite:pointer role="abstractive"  href="Bdb001.abssumm.xml#id(Bdb001.s.11)"/>
   </summlink>
   <summlink nite:id="Bdb001.summlink.30">
      <nite:pointer role="extractive"  href="Bdb001.F.dialogue-acts.xml#id(Bdb001.F.dialogueact390)"/>
      <nite:pointer role="abstractive"  href="Bdb001.abssumm.xml#id(Bdb001.s.11)"/>
   </summlink>
   <summlink nite:id="Bdb001.summlink.31">
      <nite:pointer role="extractive"  href="Bdb001.C.dialogue-acts.xml#id(Bdb001.C.dialogueact395)"/>
      <nite:pointer role="abstractive"  href="Bdb001.abssumm.xml#id(Bdb001.s.12)"/>
   </summlink>
   <summlink nite:id="Bdb001.summlink.32">
      <nite:pointer role="extractive"  href="Bdb001.C.dialogue-acts.xml#id(Bdb001.C.dialogueact404)"/>
      <nite:pointer role="abstractive"  href="Bdb001.abssumm.xml#id(Bdb001.s.1)"/>
   </summlink>
   <summlink nite:id="Bdb001.summlink.34">
      <nite:pointer role="extractive"  href="Bdb001.C.dialogue-acts.xml#id(Bdb001.C.dialogueact409)"/>
      <nite:pointer role="abstractive"  href="Bdb001.abssumm.xml#id(Bdb001.s.8)"/>
   </summlink>
   <summlink nite:id="Bdb001.summlink.35">
      <nite:pointer role="extractive"  href="Bdb001.C.dialogue-acts.xml#id(Bdb001.C.dialogueact413)"/>
      <nite:pointer role="abstractive"  href="Bdb001.abssumm.xml#id(Bdb001.s.3)"/>
   </summlink>
   <summlink nite:id="Bdb001.summlink.36">
      <nite:pointer role="extractive"  href="Bdb001.C.dialogue-acts.xml#id(Bdb001.C.dialogueact442)"/>
      <nite:pointer role="abstractive"  href="Bdb001.abssumm.xml#id(Bdb001.s.3)"/>
   </summlink>
   <summlink nite:id="Bdb001.summlink.37">
      <nite:pointer role="extractive"  href="Bdb001.F.dialogue-acts.xml#id(Bdb001.F.dialogueact454)"/>
      <nite:pointer role="abstractive"  href="Bdb001.abssumm.xml#id(Bdb001.s.3)"/>
   </summlink>
   <summlink nite:id="Bdb001.summlink.38">
      <nite:pointer role="extractive"  href="Bdb001.C.dialogue-acts.xml#id(Bdb001.C.dialogueact461)"/>
      <nite:pointer role="abstractive"  href="Bdb001.abssumm.xml#id(Bdb001.s.9)"/>
   </summlink>
   <summlink nite:id="Bdb001.summlink.39">
      <nite:pointer role="extractive"  href="Bdb001.C.dialogue-acts.xml#id(Bdb001.C.dialogueact474)"/>
      <nite:pointer role="abstractive"  href="Bdb001.abssumm.xml#id(Bdb001.s.10)"/>
   </summlink>
   <summlink nite:id="Bdb001.summlink.40">
      <nite:pointer role="extractive"  href="Bdb001.A.dialogue-acts.xml#id(Bdb001.A.dialogueact477)"/>
      <nite:pointer role="abstractive"  href="Bdb001.abssumm.xml#id(Bdb001.s.16)"/>
   </summlink>
   <summlink nite:id="Bdb001.summlink.41">
      <nite:pointer role="extractive"  href="Bdb001.A.dialogue-acts.xml#id(Bdb001.A.dialogueact477)"/>
      <nite:pointer role="abstractive"  href="Bdb001.abssumm.xml#id(Bdb001.s.13)"/>
   </summlink>
   <summlink nite:id="Bdb001.summlink.42">
      <nite:pointer role="extractive"  href="Bdb001.C.dialogue-acts.xml#id(Bdb001.C.dialogueact495)"/>
      <nite:pointer role="abstractive"  href="Bdb001.abssumm.xml#id(Bdb001.s.10)"/>
   </summlink>
   <summlink nite:id="Bdb001.summlink.43">
      <nite:pointer role="extractive"  href="Bdb001.C.dialogue-acts.xml#id(Bdb001.C.dialogueact497)"/>
      <nite:pointer role="abstractive"  href="Bdb001.abssumm.xml#id(Bdb001.s.12)"/>
   </summlink>
   <summlink nite:id="Bdb001.summlink.44">
      <nite:pointer role="extractive"  href="Bdb001.C.dialogue-acts.xml#id(Bdb001.C.dialogueact500)"/>
      <nite:pointer role="abstractive"  href="Bdb001.abssumm.xml#id(Bdb001.s.16)"/>
   </summlink>
   <summlink nite:id="Bdb001.summlink.45">
      <nite:pointer role="extractive"  href="Bdb001.A.dialogue-acts.xml#id(Bdb001.A.dialogueact507)"/>
      <nite:pointer role="abstractive"  href="Bdb001.abssumm.xml#id(Bdb001.s.15)"/>
   </summlink>
   <summlink nite:id="Bdb001.summlink.46">
      <nite:pointer role="extractive"  href="Bdb001.C.dialogue-acts.xml#id(Bdb001.C.dialogueact512)"/>
      <nite:pointer role="abstractive"  href="Bdb001.abssumm.xml#id(Bdb001.s.12)"/>
   </summlink>
   <summlink nite:id="Bdb001.summlink.47">
      <nite:pointer role="extractive"  href="Bdb001.C.dialogue-acts.xml#id(Bdb001.C.dialogueact522)"/>
      <nite:pointer role="abstractive"  href="Bdb001.abssumm.xml#id(Bdb001.s.3)"/>
   </summlink>
   <summlink nite:id="Bdb001.summlink.48">
      <nite:pointer role="extractive"  href="Bdb001.A.dialogue-acts.xml#id(Bdb001.A.dialogueact564)"/>
      <nite:pointer role="abstractive"  href="Bdb001.abssumm.xml#id(Bdb001.s.14)"/>
   </summlink>
   <summlink nite:id="Bdb001.summlink.49">
      <nite:pointer role="extractive"  href="Bdb001.C.dialogue-acts.xml#id(Bdb001.C.dialogueact577)"/>
      <nite:pointer role="abstractive"  href="Bdb001.abssumm.xml#id(Bdb001.s.24)"/>
   </summlink>
   <summlink nite:id="Bdb001.summlink.50">
      <nite:pointer role="extractive"  href="Bdb001.C.dialogue-acts.xml#id(Bdb001.C.dialogueact674)"/>
      <nite:pointer role="abstractive"  href="Bdb001.abssumm.xml#id(Bdb001.s.13)"/>
   </summlink>
   <summlink nite:id="Bdb001.summlink.51">
      <nite:pointer role="extractive"  href="Bdb001.C.dialogue-acts.xml#id(Bdb001.C.dialogueact703)"/>
      <nite:pointer role="abstractive"  href="Bdb001.abssumm.xml#id(Bdb001.s.13)"/>
   </summlink>
   <summlink nite:id="Bdb001.summlink.52">
      <nite:pointer role="extractive"  href="Bdb001.C.dialogue-acts.xml#id(Bdb001.C.dialogueact780)"/>
      <nite:pointer role="abstractive"  href="Bdb001.abssumm.xml#id(Bdb001.s.7)"/>
   </summlink>
   <summlink nite:id="Bdb001.summlink.53">
      <nite:pointer role="extractive"  href="Bdb001.C.dialogue-acts.xml#id(Bdb001.C.dialogueact790)"/>
      <nite:pointer role="abstractive"  href="Bdb001.abssumm.xml#id(Bdb001.s.7)"/>
   </summlink>
   <summlink nite:id="Bdb001.summlink.54">
      <nite:pointer role="extractive"  href="Bdb001.C.dialogue-acts.xml#id(Bdb001.C.dialogueact814)"/>
      <nite:pointer role="abstractive"  href="Bdb001.abssumm.xml#id(Bdb001.s.20)"/>
   </summlink>
   <summlink nite:id="Bdb001.summlink.55">
      <nite:pointer role="extractive"  href="Bdb001.C.dialogue-acts.xml#id(Bdb001.C.dialogueact839)"/>
      <nite:pointer role="abstractive"  href="Bdb001.abssumm.xml#id(Bdb001.s.10)"/>
   </summlink>
   <summlink nite:id="Bdb001.summlink.56">
      <nite:pointer role="extractive"  href="Bdb001.C.dialogue-acts.xml#id(Bdb001.C.dialogueact841)"/>
      <nite:pointer role="abstractive"  href="Bdb001.abssumm.xml#id(Bdb001.s.10)"/>
   </summlink>
   <summlink nite:id="Bdb001.summlink.57">
      <nite:pointer role="extractive"  href="Bdb001.C.dialogue-acts.xml#id(Bdb001.C.dialogueact890)"/>
      <nite:pointer role="abstractive"  href="Bdb001.abssumm.xml#id(Bdb001.s.7)"/>
   </summlink>
   <summlink nite:id="Bdb001.summlink.58">
      <nite:pointer role="extractive"  href="Bdb001.C.dialogue-acts.xml#id(Bdb001.C.dialogueact922)"/>
      <nite:pointer role="abstractive"  href="Bdb001.abssumm.xml#id(Bdb001.s.13)"/>
   </summlink>
   <summlink nite:id="Bdb001.summlink.59">
      <nite:pointer role="extractive"  href="Bdb001.C.dialogue-acts.xml#id(Bdb001.C.dialogueact922)"/>
      <nite:pointer role="abstractive"  href="Bdb001.abssumm.xml#id(Bdb001.s.16)"/>
   </summlink>
   <summlink nite:id="Bdb001.summlink.60">
      <nite:pointer role="extractive"  href="Bdb001.C.dialogue-acts.xml#id(Bdb001.C.dialogueact982)"/>
      <nite:pointer role="abstractive"  href="Bdb001.abssumm.xml#id(Bdb001.s.5)"/>
   </summlink>
   <summlink nite:id="Bdb001.summlink.61">
      <nite:pointer role="extractive"  href="Bdb001.C.dialogue-acts.xml#id(Bdb001.C.dialogueact982)"/>
      <nite:pointer role="abstractive"  href="Bdb001.abssumm.xml#id(Bdb001.s.27)"/>
   </summlink>
   <summlink nite:id="Bdb001.summlink.62">
      <nite:pointer role="extractive"  href="Bdb001.C.dialogue-acts.xml#id(Bdb001.C.dialogueact987)"/>
      <nite:pointer role="abstractive"  href="Bdb001.abssumm.xml#id(Bdb001.s.28)"/>
   </summlink>
   <summlink nite:id="Bdb001.summlink.63">
      <nite:pointer role="extractive"  href="Bdb001.C.dialogue-acts.xml#id(Bdb001.C.dialogueact990)"/>
      <nite:pointer role="abstractive"  href="Bdb001.abssumm.xml#id(Bdb001.s.28)"/>
   </summlink>
   <summlink nite:id="Bdb001.summlink.64">
      <nite:pointer role="extractive"  href="Bdb001.A.dialogue-acts.xml#id(Bdb001.A.dialogueact1155)"/>
      <nite:pointer role="abstractive"  href="Bdb001.abssumm.xml#id(Bdb001.s.21)"/>
   </summlink>
   <summlink nite:id="Bdb001.summlink.65">
      <nite:pointer role="extractive"  href="Bdb001.A.dialogue-acts.xml#id(Bdb001.A.dialogueact1164)"/>
      <nite:pointer role="abstractive"  href="Bdb001.abssumm.xml#id(Bdb001.s.21)"/>
   </summlink>
   <summlink nite:id="Bdb001.summlink.66">
      <nite:pointer role="extractive"  href="Bdb001.C.dialogue-acts.xml#id(Bdb001.C.dialogueact1217)"/>
      <nite:pointer role="abstractive"  href="Bdb001.abssumm.xml#id(Bdb001.s.22)"/>
   </summlink>
</nite:root>