<?xml version="1.0" encoding="ISO-8859-1" standalone="yes"?>
<nite:root nite:id="Bed013.summlink" xmlns:nite="http://nite.sourceforge.net/">
   <summlink nite:id="Bed013.summlink.1">
      <nite:pointer role="extractive"  href="Bed013.D.dialogue-acts.xml#id(Bed013.D.dialogueact46)"/>
      <nite:pointer role="abstractive"  href="Bed013.abssumm.xml#id(Bed013.s.1)"/>
   </summlink>
   <summlink nite:id="Bed013.summlink.2">
      <nite:pointer role="extractive"  href="Bed013.D.dialogue-acts.xml#id(Bed013.D.dialogueact54)"/>
      <nite:pointer role="abstractive"  href="Bed013.abssumm.xml#id(Bed013.s.1)"/>
   </summlink>
   <summlink nite:id="Bed013.summlink.3">
      <nite:pointer role="extractive"  href="Bed013.D.dialogue-acts.xml#id(Bed013.D.dialogueact64)"/>
      <nite:pointer role="abstractive"  href="Bed013.abssumm.xml#id(Bed013.s.1)"/>
   </summlink>
   <summlink nite:id="Bed013.summlink.4">
      <nite:pointer role="extractive"  href="Bed013.D.dialogue-acts.xml#id(Bed013.D.dialogueact94)"/>
      <nite:pointer role="abstractive"  href="Bed013.abssumm.xml#id(Bed013.s.2)"/>
   </summlink>
   <summlink nite:id="Bed013.summlink.5">
      <nite:pointer role="extractive"  href="Bed013.D.dialogue-acts.xml#id(Bed013.D.dialogueact94)"/>
      <nite:pointer role="abstractive"  href="Bed013.abssumm.xml#id(Bed013.s.18)"/>
   </summlink>
   <summlink nite:id="Bed013.summlink.7">
      <nite:pointer role="extractive"  href="Bed013.E.dialogue-acts.xml#id(Bed013.E.dialogueact114)"/>
      <nite:pointer role="abstractive"  href="Bed013.abssumm.xml#id(Bed013.s.17)"/>
   </summlink>
   <summlink nite:id="Bed013.summlink.8">
      <nite:pointer role="extractive"  href="Bed013.E.dialogue-acts.xml#id(Bed013.E.dialogueact110)"/>
      <nite:pointer role="abstractive"  href="Bed013.abssumm.xml#id(Bed013.s.16)"/>
   </summlink>
   <summlink nite:id="Bed013.summlink.9">
      <nite:pointer role="extractive"  href="Bed013.D.dialogue-acts.xml#id(Bed013.D.dialogueact118)"/>
      <nite:pointer role="abstractive"  href="Bed013.abssumm.xml#id(Bed013.s.16)"/>
   </summlink>
   <summlink nite:id="Bed013.summlink.10">
      <nite:pointer role="extractive"  href="Bed013.B.dialogue-acts.xml#id(Bed013.B.dialogueact126)"/>
      <nite:pointer role="abstractive"  href="Bed013.abssumm.xml#id(Bed013.s.3)"/>
   </summlink>
   <summlink nite:id="Bed013.summlink.11">
      <nite:pointer role="extractive"  href="Bed013.D.dialogue-acts.xml#id(Bed013.D.dialogueact173)"/>
      <nite:pointer role="abstractive"  href="Bed013.abssumm.xml#id(Bed013.s.3)"/>
   </summlink>
   <summlink nite:id="Bed013.summlink.12">
      <nite:pointer role="extractive"  href="Bed013.E.dialogue-acts.xml#id(Bed013.E.dialogueact250)"/>
      <nite:pointer role="abstractive"  href="Bed013.abssumm.xml#id(Bed013.s.18)"/>
   </summlink>
   <summlink nite:id="Bed013.summlink.13">
      <nite:pointer role="extractive"  href="Bed013.D.dialogue-acts.xml#id(Bed013.D.dialogueact283)"/>
      <nite:pointer role="abstractive"  href="Bed013.abssumm.xml#id(Bed013.s.24)"/>
   </summlink>
   <summlink nite:id="Bed013.summlink.14">
      <nite:pointer role="extractive"  href="Bed013.D.dialogue-acts.xml#id(Bed013.D.dialogueact289)"/>
      <nite:pointer role="abstractive"  href="Bed013.abssumm.xml#id(Bed013.s.25)"/>
   </summlink>
   <summlink nite:id="Bed013.summlink.15">
      <nite:pointer role="extractive"  href="Bed013.B.dialogue-acts.xml#id(Bed013.B.dialogueact293)"/>
      <nite:pointer role="abstractive"  href="Bed013.abssumm.xml#id(Bed013.s.25)"/>
   </summlink>
   <summlink nite:id="Bed013.summlink.16">
      <nite:pointer role="extractive"  href="Bed013.B.dialogue-acts.xml#id(Bed013.B.dialogueact346)"/>
      <nite:pointer role="abstractive"  href="Bed013.abssumm.xml#id(Bed013.s.4)"/>
   </summlink>
   <summlink nite:id="Bed013.summlink.17">
      <nite:pointer role="extractive"  href="Bed013.D.dialogue-acts.xml#id(Bed013.D.dialogueact508)"/>
      <nite:pointer role="abstractive"  href="Bed013.abssumm.xml#id(Bed013.s.4)"/>
   </summlink>
   <summlink nite:id="Bed013.summlink.18">
      <nite:pointer role="extractive"  href="Bed013.D.dialogue-acts.xml#id(Bed013.D.dialogueact540)"/>
      <nite:pointer role="abstractive"  href="Bed013.abssumm.xml#id(Bed013.s.19)"/>
   </summlink>
   <summlink nite:id="Bed013.summlink.20">
      <nite:pointer role="extractive"  href="Bed013.D.dialogue-acts.xml#id(Bed013.D.dialogueact616)"/>
      <nite:pointer role="abstractive"  href="Bed013.abssumm.xml#id(Bed013.s.12)"/>
   </summlink>
   <summlink nite:id="Bed013.summlink.21">
      <nite:pointer role="extractive"  href="Bed013.D.dialogue-acts.xml#id(Bed013.D.dialogueact741)"/>
      <nite:pointer role="abstractive"  href="Bed013.abssumm.xml#id(Bed013.s.4)"/>
   </summlink>
   <summlink nite:id="Bed013.summlink.22">
      <nite:pointer role="extractive"  href="Bed013.A.dialogue-acts.xml#id(Bed013.A.dialogueact768)"/>
      <nite:pointer role="abstractive"  href="Bed013.abssumm.xml#id(Bed013.s.20)"/>
   </summlink>
   <summlink nite:id="Bed013.summlink.23">
      <nite:pointer role="extractive"  href="Bed013.D.dialogue-acts.xml#id(Bed013.D.dialogueact785)"/>
      <nite:pointer role="abstractive"  href="Bed013.abssumm.xml#id(Bed013.s.5)"/>
   </summlink>
   <summlink nite:id="Bed013.summlink.24">
      <nite:pointer role="extractive"  href="Bed013.D.dialogue-acts.xml#id(Bed013.D.dialogueact785)"/>
      <nite:pointer role="abstractive"  href="Bed013.abssumm.xml#id(Bed013.s.13)"/>
   </summlink>
   <summlink nite:id="Bed013.summlink.25">
      <nite:pointer role="extractive"  href="Bed013.D.dialogue-acts.xml#id(Bed013.D.dialogueact833)"/>
      <nite:pointer role="abstractive"  href="Bed013.abssumm.xml#id(Bed013.s.6)"/>
   </summlink>
   <summlink nite:id="Bed013.summlink.26">
      <nite:pointer role="extractive"  href="Bed013.D.dialogue-acts.xml#id(Bed013.D.dialogueact898)"/>
      <nite:pointer role="abstractive"  href="Bed013.abssumm.xml#id(Bed013.s.5)"/>
   </summlink>
   <summlink nite:id="Bed013.summlink.27">
      <nite:pointer role="extractive"  href="Bed013.D.dialogue-acts.xml#id(Bed013.D.dialogueact899)"/>
      <nite:pointer role="abstractive"  href="Bed013.abssumm.xml#id(Bed013.s.5)"/>
   </summlink>
   <summlink nite:id="Bed013.summlink.28">
      <nite:pointer role="extractive"  href="Bed013.D.dialogue-acts.xml#id(Bed013.D.dialogueact950)"/>
      <nite:pointer role="abstractive"  href="Bed013.abssumm.xml#id(Bed013.s.7)"/>
   </summlink>
   <summlink nite:id="Bed013.summlink.29">
      <nite:pointer role="extractive"  href="Bed013.D.dialogue-acts.xml#id(Bed013.D.dialogueact1051)"/>
      <nite:pointer role="abstractive"  href="Bed013.abssumm.xml#id(Bed013.s.8)"/>
   </summlink>
   <summlink nite:id="Bed013.summlink.30">
      <nite:pointer role="extractive"  href="Bed013.D.dialogue-acts.xml#id(Bed013.D.dialogueact1051)"/>
      <nite:pointer role="abstractive"  href="Bed013.abssumm.xml#id(Bed013.s.14)"/>
   </summlink>
   <summlink nite:id="Bed013.summlink.31">
      <nite:pointer role="extractive"  href="Bed013.D.dialogue-acts.xml#id(Bed013.D.dialogueact1133)"/>
      <nite:pointer role="abstractive"  href="Bed013.abssumm.xml#id(Bed013.s.8)"/>
   </summlink>
   <summlink nite:id="Bed013.summlink.32">
      <nite:pointer role="extractive"  href="Bed013.D.dialogue-acts.xml#id(Bed013.D.dialogueact1133)"/>
      <nite:pointer role="abstractive"  href="Bed013.abssumm.xml#id(Bed013.s.14)"/>
   </summlink>
   <summlink nite:id="Bed013.summlink.33">
      <nite:pointer role="extractive"  href="Bed013.A.dialogue-acts.xml#id(Bed013.A.dialogueact1286)"/>
      <nite:pointer role="abstractive"  href="Bed013.abssumm.xml#id(Bed013.s.15)"/>
   </summlink>
   <summlink nite:id="Bed013.summlink.34">
      <nite:pointer role="extractive"  href="Bed013.D.dialogue-acts.xml#id(Bed013.D.dialogueact1287)"/>
      <nite:pointer role="abstractive"  href="Bed013.abssumm.xml#id(Bed013.s.15)"/>
   </summlink>
   <summlink nite:id="Bed013.summlink.35">
      <nite:pointer role="extractive"  href="Bed013.D.dialogue-acts.xml#id(Bed013.D.dialogueact1350)"/>
      <nite:pointer role="abstractive"  href="Bed013.abssumm.xml#id(Bed013.s.8)"/>
   </summlink>
   <summlink nite:id="Bed013.summlink.36">
      <nite:pointer role="extractive"  href="Bed013.D.dialogue-acts.xml#id(Bed013.D.dialogueact1351)"/>
      <nite:pointer role="abstractive"  href="Bed013.abssumm.xml#id(Bed013.s.8)"/>
   </summlink>
   <summlink nite:id="Bed013.summlink.37">
      <nite:pointer role="extractive"  href="Bed013.D.dialogue-acts.xml#id(Bed013.D.dialogueact1350)"/>
      <nite:pointer role="abstractive"  href="Bed013.abssumm.xml#id(Bed013.s.14)"/>
   </summlink>
   <summlink nite:id="Bed013.summlink.38">
      <nite:pointer role="extractive"  href="Bed013.D.dialogue-acts.xml#id(Bed013.D.dialogueact1355)"/>
      <nite:pointer role="abstractive"  href="Bed013.abssumm.xml#id(Bed013.s.9)"/>
   </summlink>
   <summlink nite:id="Bed013.summlink.39">
      <nite:pointer role="extractive"  href="Bed013.D.dialogue-acts.xml#id(Bed013.D.dialogueact1384)"/>
      <nite:pointer role="abstractive"  href="Bed013.abssumm.xml#id(Bed013.s.23)"/>
   </summlink>
   <summlink nite:id="Bed013.summlink.40">
      <nite:pointer role="extractive"  href="Bed013.D.dialogue-acts.xml#id(Bed013.D.dialogueact1419)"/>
      <nite:pointer role="abstractive"  href="Bed013.abssumm.xml#id(Bed013.s.27)"/>
   </summlink>
   <summlink nite:id="Bed013.summlink.41">
      <nite:pointer role="extractive"  href="Bed013.D.dialogue-acts.xml#id(Bed013.D.dialogueact1420)"/>
      <nite:pointer role="abstractive"  href="Bed013.abssumm.xml#id(Bed013.s.27)"/>
   </summlink>
   <summlink nite:id="Bed013.summlink.42">
      <nite:pointer role="extractive"  href="Bed013.D.dialogue-acts.xml#id(Bed013.D.dialogueact1433)"/>
      <nite:pointer role="abstractive"  href="Bed013.abssumm.xml#id(Bed013.s.26)"/>
   </summlink>
   <summlink nite:id="Bed013.summlink.43">
      <nite:pointer role="extractive"  href="Bed013.D.dialogue-acts.xml#id(Bed013.D.dialogueact1448)"/>
      <nite:pointer role="abstractive"  href="Bed013.abssumm.xml#id(Bed013.s.26)"/>
   </summlink>
</nite:root>