<?xml version="1.0" encoding="ISO-8859-1" standalone="yes"?>
<nite:root nite:id="Bed016.extsumm" xmlns:nite="http://nite.sourceforge.net/">
   <extsumm nite:id="Bed016.extsumm.1">
      <nite:child href="Bed016.E.dialogue-acts.xml#id(Bed016.E.dialogueact106)..id(Bed016.E.dialogueact108)"/>
      <nite:child href="Bed016.C.dialogue-acts.xml#id(Bed016.C.dialogueact112)"/>
      <nite:child href="Bed016.C.dialogue-acts.xml#id(Bed016.C.dialogueact114)"/>
      <nite:child href="Bed016.C.dialogue-acts.xml#id(Bed016.C.dialogueact126)..id(Bed016.C.dialogueact131)"/>
      <nite:child href="Bed016.C.dialogue-acts.xml#id(Bed016.C.dialogueact148)"/>
      <nite:child href="Bed016.C.dialogue-acts.xml#id(Bed016.C.dialogueact166)..id(Bed016.C.dialogueact170)"/>
      <nite:child href="Bed016.A.dialogue-acts.xml#id(Bed016.A.dialogueact194)..id(Bed016.A.dialogueact195)"/>
      <nite:child href="Bed016.C.dialogue-acts.xml#id(Bed016.C.dialogueact205)..id(Bed016.C.dialogueact209)"/>
      <nite:child href="Bed016.C.dialogue-acts.xml#id(Bed016.C.dialogueact213)"/>
      <nite:child href="Bed016.C.dialogue-acts.xml#id(Bed016.C.dialogueact229)..id(Bed016.C.dialogueact230)"/>
      <nite:child href="Bed016.C.dialogue-acts.xml#id(Bed016.C.dialogueact232)..id(Bed016.C.dialogueact234)"/>
      <nite:child href="Bed016.F.dialogue-acts.xml#id(Bed016.F.dialogueact237)"/>
      <nite:child href="Bed016.C.dialogue-acts.xml#id(Bed016.C.dialogueact258)"/>
      <nite:child href="Bed016.C.dialogue-acts.xml#id(Bed016.C.dialogueact245)"/>
      <nite:child href="Bed016.C.dialogue-acts.xml#id(Bed016.C.dialogueact260)"/>
      <nite:child href="Bed016.C.dialogue-acts.xml#id(Bed016.C.dialogueact294)"/>
      <nite:child href="Bed016.C.dialogue-acts.xml#id(Bed016.C.dialogueact292)"/>
      <nite:child href="Bed016.C.dialogue-acts.xml#id(Bed016.C.dialogueact304)..id(Bed016.C.dialogueact305)"/>
      <nite:child href="Bed016.C.dialogue-acts.xml#id(Bed016.C.dialogueact309)"/>
      <nite:child href="Bed016.C.dialogue-acts.xml#id(Bed016.C.dialogueact330)..id(Bed016.C.dialogueact331)"/>
      <nite:child href="Bed016.C.dialogue-acts.xml#id(Bed016.C.dialogueact329)"/>
      <nite:child href="Bed016.C.dialogue-acts.xml#id(Bed016.C.dialogueact335)"/>
      <nite:child href="Bed016.E.dialogue-acts.xml#id(Bed016.E.dialogueact343)"/>
      <nite:child href="Bed016.E.dialogue-acts.xml#id(Bed016.E.dialogueact356)"/>
      <nite:child href="Bed016.C.dialogue-acts.xml#id(Bed016.C.dialogueact369)"/>
      <nite:child href="Bed016.C.dialogue-acts.xml#id(Bed016.C.dialogueact419)"/>
      <nite:child href="Bed016.C.dialogue-acts.xml#id(Bed016.C.dialogueact423)"/>
      <nite:child href="Bed016.E.dialogue-acts.xml#id(Bed016.E.dialogueact489)"/>
      <nite:child href="Bed016.F.dialogue-acts.xml#id(Bed016.F.dialogueact492)..id(Bed016.F.dialogueact493)"/>
      <nite:child href="Bed016.E.dialogue-acts.xml#id(Bed016.E.dialogueact513)"/>
      <nite:child href="Bed016.E.dialogue-acts.xml#id(Bed016.E.dialogueact526)"/>
      <nite:child href="Bed016.E.dialogue-acts.xml#id(Bed016.E.dialogueact550)"/>
      <nite:child href="Bed016.E.dialogue-acts.xml#id(Bed016.E.dialogueact553)"/>
      <nite:child href="Bed016.E.dialogue-acts.xml#id(Bed016.E.dialogueact557)..id(Bed016.E.dialogueact564)"/>
      <nite:child href="Bed016.C.dialogue-acts.xml#id(Bed016.C.dialogueact590)"/>
      <nite:child href="Bed016.E.dialogue-acts.xml#id(Bed016.E.dialogueact591)..id(Bed016.E.dialogueact593)"/>
      <nite:child href="Bed016.C.dialogue-acts.xml#id(Bed016.C.dialogueact598)"/>
      <nite:child href="Bed016.E.dialogue-acts.xml#id(Bed016.E.dialogueact600)"/>
      <nite:child href="Bed016.E.dialogue-acts.xml#id(Bed016.E.dialogueact614)"/>
      <nite:child href="Bed016.C.dialogue-acts.xml#id(Bed016.C.dialogueact626)"/>
      <nite:child href="Bed016.E.dialogue-acts.xml#id(Bed016.E.dialogueact627)"/>
      <nite:child href="Bed016.E.dialogue-acts.xml#id(Bed016.E.dialogueact644)"/>
      <nite:child href="Bed016.E.dialogue-acts.xml#id(Bed016.E.dialogueact649)"/>
      <nite:child href="Bed016.E.dialogue-acts.xml#id(Bed016.E.dialogueact688)..id(Bed016.E.dialogueact689)"/>
      <nite:child href="Bed016.C.dialogue-acts.xml#id(Bed016.C.dialogueact693)"/>
      <nite:child href="Bed016.C.dialogue-acts.xml#id(Bed016.C.dialogueact701)..id(Bed016.C.dialogueact704)"/>
      <nite:child href="Bed016.E.dialogue-acts.xml#id(Bed016.E.dialogueact708)"/>
      <nite:child href="Bed016.E.dialogue-acts.xml#id(Bed016.E.dialogueact740)"/>
      <nite:child href="Bed016.C.dialogue-acts.xml#id(Bed016.C.dialogueact754)"/>
      <nite:child href="Bed016.A.dialogue-acts.xml#id(Bed016.A.dialogueact762)..id(Bed016.A.dialogueact763)"/>
      <nite:child href="Bed016.A.dialogue-acts.xml#id(Bed016.A.dialogueact878)"/>
      <nite:child href="Bed016.C.dialogue-acts.xml#id(Bed016.C.dialogueact883)..id(Bed016.C.dialogueact885)"/>
      <nite:child href="Bed016.E.dialogue-acts.xml#id(Bed016.E.dialogueact915)"/>
      <nite:child href="Bed016.E.dialogue-acts.xml#id(Bed016.E.dialogueact921)"/>
      <nite:child href="Bed016.E.dialogue-acts.xml#id(Bed016.E.dialogueact930)"/>
      <nite:child href="Bed016.C.dialogue-acts.xml#id(Bed016.C.dialogueact946)..id(Bed016.C.dialogueact950)"/>
      <nite:child href="Bed016.C.dialogue-acts.xml#id(Bed016.C.dialogueact963)"/>
      <nite:child href="Bed016.C.dialogue-acts.xml#id(Bed016.C.dialogueact974)"/>
      <nite:child href="Bed016.E.dialogue-acts.xml#id(Bed016.E.dialogueact994)"/>
      <nite:child href="Bed016.E.dialogue-acts.xml#id(Bed016.E.dialogueact1003)"/>
      <nite:child href="Bed016.E.dialogue-acts.xml#id(Bed016.E.dialogueact1032)..id(Bed016.E.dialogueact1034)"/>
      <nite:child href="Bed016.E.dialogue-acts.xml#id(Bed016.E.dialogueact1062)"/>
      <nite:child href="Bed016.A.dialogue-acts.xml#id(Bed016.A.dialogueact1072)"/>
      <nite:child href="Bed016.C.dialogue-acts.xml#id(Bed016.C.dialogueact1081)..id(Bed016.C.dialogueact1083)"/>
      <nite:child href="Bed016.C.dialogue-acts.xml#id(Bed016.C.dialogueact1109)"/>
      <nite:child href="Bed016.C.dialogue-acts.xml#id(Bed016.C.dialogueact1130)"/>
      <nite:child href="Bed016.C.dialogue-acts.xml#id(Bed016.C.dialogueact1141)..id(Bed016.C.dialogueact1142)"/>
      <nite:child href="Bed016.C.dialogue-acts.xml#id(Bed016.C.dialogueact1148)..id(Bed016.C.dialogueact1151)"/>
      <nite:child href="Bed016.C.dialogue-acts.xml#id(Bed016.C.dialogueact1166)"/>
      <nite:child href="Bed016.E.dialogue-acts.xml#id(Bed016.E.dialogueact1172)"/>
      <nite:child href="Bed016.C.dialogue-acts.xml#id(Bed016.C.dialogueact110)"/>
      <nite:child href="Bed016.E.dialogue-acts.xml#id(Bed016.E.dialogueact484)"/>
      <nite:child href="Bed016.E.dialogue-acts.xml#id(Bed016.E.dialogueact382)"/>
   </extsumm>
</nite:root>