<?xml version="1.0" encoding="ISO-8859-1" standalone="yes"?>
<nite:root nite:id="Bed015.extsumm" xmlns:nite="http://nite.sourceforge.net/">
   <extsumm nite:id="Bed015.extsumm.1">
      <nite:child href="Bed015.F.dialogue-acts.xml#id(Bed015.F.dialogueact18)"/>
      <nite:child href="Bed015.F.dialogue-acts.xml#id(Bed015.F.dialogueact24)..id(Bed015.F.dialogueact26)"/>
      <nite:child href="Bed015.F.dialogue-acts.xml#id(Bed015.F.dialogueact44)"/>
      <nite:child href="Bed015.F.dialogue-acts.xml#id(Bed015.F.dialogueact49)"/>
      <nite:child href="Bed015.F.dialogue-acts.xml#id(Bed015.F.dialogueact52)..id(Bed015.F.dialogueact53)"/>
      <nite:child href="Bed015.F.dialogue-acts.xml#id(Bed015.F.dialogueact69)..id(Bed015.F.dialogueact70)"/>
      <nite:child href="Bed015.F.dialogue-acts.xml#id(Bed015.F.dialogueact76)"/>
      <nite:child href="Bed015.F.dialogue-acts.xml#id(Bed015.F.dialogueact80)"/>
      <nite:child href="Bed015.F.dialogue-acts.xml#id(Bed015.F.dialogueact93)"/>
      <nite:child href="Bed015.F.dialogue-acts.xml#id(Bed015.F.dialogueact107)"/>
      <nite:child href="Bed015.F.dialogue-acts.xml#id(Bed015.F.dialogueact149)"/>
      <nite:child href="Bed015.F.dialogue-acts.xml#id(Bed015.F.dialogueact158)"/>
      <nite:child href="Bed015.F.dialogue-acts.xml#id(Bed015.F.dialogueact230)..id(Bed015.F.dialogueact232)"/>
      <nite:child href="Bed015.F.dialogue-acts.xml#id(Bed015.F.dialogueact241)"/>
      <nite:child href="Bed015.F.dialogue-acts.xml#id(Bed015.F.dialogueact284)..id(Bed015.F.dialogueact285)"/>
      <nite:child href="Bed015.F.dialogue-acts.xml#id(Bed015.F.dialogueact367)..id(Bed015.F.dialogueact370)"/>
      <nite:child href="Bed015.E.dialogue-acts.xml#id(Bed015.E.dialogueact353)"/>
      <nite:child href="Bed015.C.dialogue-acts.xml#id(Bed015.C.dialogueact355)"/>
      <nite:child href="Bed015.C.dialogue-acts.xml#id(Bed015.C.dialogueact406)"/>
      <nite:child href="Bed015.F.dialogue-acts.xml#id(Bed015.F.dialogueact408)"/>
      <nite:child href="Bed015.F.dialogue-acts.xml#id(Bed015.F.dialogueact452)"/>
      <nite:child href="Bed015.F.dialogue-acts.xml#id(Bed015.F.dialogueact456)"/>
      <nite:child href="Bed015.F.dialogue-acts.xml#id(Bed015.F.dialogueact463)"/>
      <nite:child href="Bed015.A.dialogue-acts.xml#id(Bed015.A.dialogueact478)"/>
      <nite:child href="Bed015.F.dialogue-acts.xml#id(Bed015.F.dialogueact484)"/>
      <nite:child href="Bed015.F.dialogue-acts.xml#id(Bed015.F.dialogueact487)..id(Bed015.F.dialogueact488)"/>
      <nite:child href="Bed015.E.dialogue-acts.xml#id(Bed015.E.dialogueact524)..id(Bed015.E.dialogueact525)"/>
      <nite:child href="Bed015.E.dialogue-acts.xml#id(Bed015.E.dialogueact527)"/>
      <nite:child href="Bed015.C.dialogue-acts.xml#id(Bed015.C.dialogueact603)..id(Bed015.C.dialogueact605)"/>
      <nite:child href="Bed015.F.dialogue-acts.xml#id(Bed015.F.dialogueact619)..id(Bed015.F.dialogueact622)"/>
      <nite:child href="Bed015.F.dialogue-acts.xml#id(Bed015.F.dialogueact624)"/>
      <nite:child href="Bed015.F.dialogue-acts.xml#id(Bed015.F.dialogueact628)"/>
      <nite:child href="Bed015.F.dialogue-acts.xml#id(Bed015.F.dialogueact631)"/>
      <nite:child href="Bed015.F.dialogue-acts.xml#id(Bed015.F.dialogueact658)"/>
      <nite:child href="Bed015.F.dialogue-acts.xml#id(Bed015.F.dialogueact661)"/>
      <nite:child href="Bed015.F.dialogue-acts.xml#id(Bed015.F.dialogueact673)"/>
      <nite:child href="Bed015.C.dialogue-acts.xml#id(Bed015.C.dialogueact709)"/>
      <nite:child href="Bed015.F.dialogue-acts.xml#id(Bed015.F.dialogueact720)"/>
      <nite:child href="Bed015.F.dialogue-acts.xml#id(Bed015.F.dialogueact725)"/>
      <nite:child href="Bed015.F.dialogue-acts.xml#id(Bed015.F.dialogueact736)"/>
      <nite:child href="Bed015.F.dialogue-acts.xml#id(Bed015.F.dialogueact742)..id(Bed015.F.dialogueact743)"/>
      <nite:child href="Bed015.F.dialogue-acts.xml#id(Bed015.F.dialogueact749)"/>
      <nite:child href="Bed015.F.dialogue-acts.xml#id(Bed015.F.dialogueact763)"/>
      <nite:child href="Bed015.F.dialogue-acts.xml#id(Bed015.F.dialogueact765)"/>
      <nite:child href="Bed015.F.dialogue-acts.xml#id(Bed015.F.dialogueact767)"/>
      <nite:child href="Bed015.F.dialogue-acts.xml#id(Bed015.F.dialogueact776)"/>
      <nite:child href="Bed015.E.dialogue-acts.xml#id(Bed015.E.dialogueact777)"/>
      <nite:child href="Bed015.F.dialogue-acts.xml#id(Bed015.F.dialogueact781)"/>
      <nite:child href="Bed015.F.dialogue-acts.xml#id(Bed015.F.dialogueact789)..id(Bed015.F.dialogueact793)"/>
      <nite:child href="Bed015.F.dialogue-acts.xml#id(Bed015.F.dialogueact802)..id(Bed015.F.dialogueact803)"/>
      <nite:child href="Bed015.F.dialogue-acts.xml#id(Bed015.F.dialogueact805)"/>
      <nite:child href="Bed015.A.dialogue-acts.xml#id(Bed015.A.dialogueact814)"/>
      <nite:child href="Bed015.A.dialogue-acts.xml#id(Bed015.A.dialogueact822)..id(Bed015.A.dialogueact823)"/>
      <nite:child href="Bed015.A.dialogue-acts.xml#id(Bed015.A.dialogueact836)"/>
      <nite:child href="Bed015.A.dialogue-acts.xml#id(Bed015.A.dialogueact826)"/>
      <nite:child href="Bed015.A.dialogue-acts.xml#id(Bed015.A.dialogueact866)"/>
      <nite:child href="Bed015.F.dialogue-acts.xml#id(Bed015.F.dialogueact931)"/>
      <nite:child href="Bed015.F.dialogue-acts.xml#id(Bed015.F.dialogueact933)"/>
      <nite:child href="Bed015.F.dialogue-acts.xml#id(Bed015.F.dialogueact950)"/>
      <nite:child href="Bed015.A.dialogue-acts.xml#id(Bed015.A.dialogueact966)..id(Bed015.A.dialogueact967)"/>
      <nite:child href="Bed015.F.dialogue-acts.xml#id(Bed015.F.dialogueact982)"/>
      <nite:child href="Bed015.F.dialogue-acts.xml#id(Bed015.F.dialogueact994)"/>
      <nite:child href="Bed015.F.dialogue-acts.xml#id(Bed015.F.dialogueact1000)"/>
      <nite:child href="Bed015.F.dialogue-acts.xml#id(Bed015.F.dialogueact1005)..id(Bed015.F.dialogueact1006)"/>
      <nite:child href="Bed015.E.dialogue-acts.xml#id(Bed015.E.dialogueact1011)"/>
      <nite:child href="Bed015.F.dialogue-acts.xml#id(Bed015.F.dialogueact1022)..id(Bed015.F.dialogueact1025)"/>
      <nite:child href="Bed015.F.dialogue-acts.xml#id(Bed015.F.dialogueact1031)"/>
      <nite:child href="Bed015.F.dialogue-acts.xml#id(Bed015.F.dialogueact1034)"/>
      <nite:child href="Bed015.F.dialogue-acts.xml#id(Bed015.F.dialogueact1041)"/>
      <nite:child href="Bed015.F.dialogue-acts.xml#id(Bed015.F.dialogueact1051)..id(Bed015.F.dialogueact1052)"/>
      <nite:child href="Bed015.F.dialogue-acts.xml#id(Bed015.F.dialogueact1055)..id(Bed015.F.dialogueact1056)"/>
      <nite:child href="Bed015.F.dialogue-acts.xml#id(Bed015.F.dialogueact1159)"/>
      <nite:child href="Bed015.F.dialogue-acts.xml#id(Bed015.F.dialogueact1157)"/>
      <nite:child href="Bed015.F.dialogue-acts.xml#id(Bed015.F.dialogueact1164)..id(Bed015.F.dialogueact1166)"/>
      <nite:child href="Bed015.F.dialogue-acts.xml#id(Bed015.F.dialogueact1168)"/>
      <nite:child href="Bed015.F.dialogue-acts.xml#id(Bed015.F.dialogueact1167)"/>
      <nite:child href="Bed015.F.dialogue-acts.xml#id(Bed015.F.dialogueact1180)"/>
      <nite:child href="Bed015.F.dialogue-acts.xml#id(Bed015.F.dialogueact1222)..id(Bed015.F.dialogueact1223)"/>
      <nite:child href="Bed015.E.dialogue-acts.xml#id(Bed015.E.dialogueact1245)"/>
      <nite:child href="Bed015.F.dialogue-acts.xml#id(Bed015.F.dialogueact1252)"/>
      <nite:child href="Bed015.E.dialogue-acts.xml#id(Bed015.E.dialogueact1253)"/>
      <nite:child href="Bed015.C.dialogue-acts.xml#id(Bed015.C.dialogueact1274)..id(Bed015.C.dialogueact1280)"/>
      <nite:child href="Bed015.C.dialogue-acts.xml#id(Bed015.C.dialogueact1286)"/>
      <nite:child href="Bed015.C.dialogue-acts.xml#id(Bed015.C.dialogueact1290)"/>
      <nite:child href="Bed015.C.dialogue-acts.xml#id(Bed015.C.dialogueact1298)"/>
      <nite:child href="Bed015.F.dialogue-acts.xml#id(Bed015.F.dialogueact1300)"/>
      <nite:child href="Bed015.C.dialogue-acts.xml#id(Bed015.C.dialogueact1304)"/>
      <nite:child href="Bed015.F.dialogue-acts.xml#id(Bed015.F.dialogueact1315)"/>
      <nite:child href="Bed015.F.dialogue-acts.xml#id(Bed015.F.dialogueact1336)"/>
      <nite:child href="Bed015.F.dialogue-acts.xml#id(Bed015.F.dialogueact1342)"/>
      <nite:child href="Bed015.C.dialogue-acts.xml#id(Bed015.C.dialogueact1358)..id(Bed015.C.dialogueact1359)"/>
      <nite:child href="Bed015.C.dialogue-acts.xml#id(Bed015.C.dialogueact1366)..id(Bed015.C.dialogueact1369)"/>
      <nite:child href="Bed015.E.dialogue-acts.xml#id(Bed015.E.dialogueact1382)..id(Bed015.E.dialogueact1384)"/>
      <nite:child href="Bed015.E.dialogue-acts.xml#id(Bed015.E.dialogueact1389)..id(Bed015.E.dialogueact1390)"/>
      <nite:child href="Bed015.F.dialogue-acts.xml#id(Bed015.F.dialogueact1419)..id(Bed015.F.dialogueact1421)"/>
      <nite:child href="Bed015.A.dialogue-acts.xml#id(Bed015.A.dialogueact1428)"/>
      <nite:child href="Bed015.A.dialogue-acts.xml#id(Bed015.A.dialogueact1465)"/>
      <nite:child href="Bed015.F.dialogue-acts.xml#id(Bed015.F.dialogueact1466)"/>
      <nite:child href="Bed015.A.dialogue-acts.xml#id(Bed015.A.dialogueact1473)"/>
      <nite:child href="Bed015.F.dialogue-acts.xml#id(Bed015.F.dialogueact1485)"/>
      <nite:child href="Bed015.F.dialogue-acts.xml#id(Bed015.F.dialogueact1488)"/>
      <nite:child href="Bed015.A.dialogue-acts.xml#id(Bed015.A.dialogueact1492)"/>
      <nite:child href="Bed015.C.dialogue-acts.xml#id(Bed015.C.dialogueact1534)"/>
      <nite:child href="Bed015.C.dialogue-acts.xml#id(Bed015.C.dialogueact1538)"/>
      <nite:child href="Bed015.F.dialogue-acts.xml#id(Bed015.F.dialogueact1565)..id(Bed015.F.dialogueact1568)"/>
      <nite:child href="Bed015.C.dialogue-acts.xml#id(Bed015.C.dialogueact1573)"/>
      <nite:child href="Bed015.C.dialogue-acts.xml#id(Bed015.C.dialogueact1588)"/>
      <nite:child href="Bed015.C.dialogue-acts.xml#id(Bed015.C.dialogueact1593)..id(Bed015.C.dialogueact1595)"/>
      <nite:child href="Bed015.E.dialogue-acts.xml#id(Bed015.E.dialogueact1615)"/>
      <nite:child href="Bed015.E.dialogue-acts.xml#id(Bed015.E.dialogueact1619)"/>
      <nite:child href="Bed015.E.dialogue-acts.xml#id(Bed015.E.dialogueact1627)..id(Bed015.E.dialogueact1628)"/>
      <nite:child href="Bed015.E.dialogue-acts.xml#id(Bed015.E.dialogueact1658)"/>
      <nite:child href="Bed015.E.dialogue-acts.xml#id(Bed015.E.dialogueact1630)"/>
      <nite:child href="Bed015.E.dialogue-acts.xml#id(Bed015.E.dialogueact1677)"/>
      <nite:child href="Bed015.F.dialogue-acts.xml#id(Bed015.F.dialogueact1665)..id(Bed015.F.dialogueact1666)"/>
      <nite:child href="Bed015.A.dialogue-acts.xml#id(Bed015.A.dialogueact1710)"/>
      <nite:child href="Bed015.A.dialogue-acts.xml#id(Bed015.A.dialogueact1713)"/>
      <nite:child href="Bed015.C.dialogue-acts.xml#id(Bed015.C.dialogueact1719)"/>
      <nite:child href="Bed015.F.dialogue-acts.xml#id(Bed015.F.dialogueact1734)..id(Bed015.F.dialogueact1738)"/>
      <nite:child href="Bed015.C.dialogue-acts.xml#id(Bed015.C.dialogueact1744)"/>
      <nite:child href="Bed015.F.dialogue-acts.xml#id(Bed015.F.dialogueact1748)"/>
      <nite:child href="Bed015.E.dialogue-acts.xml#id(Bed015.E.dialogueact1755)"/>
      <nite:child href="Bed015.C.dialogue-acts.xml#id(Bed015.C.dialogueact1766)"/>
      <nite:child href="Bed015.F.dialogue-acts.xml#id(Bed015.F.dialogueact1797)"/>
      <nite:child href="Bed015.E.dialogue-acts.xml#id(Bed015.E.dialogueact1804)"/>
      <nite:child href="Bed015.E.dialogue-acts.xml#id(Bed015.E.dialogueact1814)"/>
      <nite:child href="Bed015.C.dialogue-acts.xml#id(Bed015.C.dialogueact1829)..id(Bed015.C.dialogueact1830)"/>
      <nite:child href="Bed015.C.dialogue-acts.xml#id(Bed015.C.dialogueact1833)"/>
      <nite:child href="Bed015.C.dialogue-acts.xml#id(Bed015.C.dialogueact1836)..id(Bed015.C.dialogueact1837)"/>
      <nite:child href="Bed015.C.dialogue-acts.xml#id(Bed015.C.dialogueact1878)"/>
      <nite:child href="Bed015.C.dialogue-acts.xml#id(Bed015.C.dialogueact1877)"/>
      <nite:child href="Bed015.C.dialogue-acts.xml#id(Bed015.C.dialogueact1881)"/>
      <nite:child href="Bed015.C.dialogue-acts.xml#id(Bed015.C.dialogueact1885)"/>
      <nite:child href="Bed015.C.dialogue-acts.xml#id(Bed015.C.dialogueact1894)"/>
      <nite:child href="Bed015.C.dialogue-acts.xml#id(Bed015.C.dialogueact1909)..id(Bed015.C.dialogueact1910)"/>
      <nite:child href="Bed015.C.dialogue-acts.xml#id(Bed015.C.dialogueact1914)"/>
      <nite:child href="Bed015.C.dialogue-acts.xml#id(Bed015.C.dialogueact1913)"/>
      <nite:child href="Bed015.B.dialogue-acts.xml#id(Bed015.B.dialogueact1967)"/>
      <nite:child href="Bed015.F.dialogue-acts.xml#id(Bed015.F.dialogueact1980)"/>
      <nite:child href="Bed015.E.dialogue-acts.xml#id(Bed015.E.dialogueact1985)..id(Bed015.E.dialogueact1987)"/>
      <nite:child href="Bed015.C.dialogue-acts.xml#id(Bed015.C.dialogueact2006)"/>
      <nite:child href="Bed015.C.dialogue-acts.xml#id(Bed015.C.dialogueact2021)..id(Bed015.C.dialogueact2024)"/>
      <nite:child href="Bed015.A.dialogue-acts.xml#id(Bed015.A.dialogueact2047)..id(Bed015.A.dialogueact2048)"/>
      <nite:child href="Bed015.A.dialogue-acts.xml#id(Bed015.A.dialogueact2050)"/>
      <nite:child href="Bed015.A.dialogue-acts.xml#id(Bed015.A.dialogueact2084)"/>
      <nite:child href="Bed015.A.dialogue-acts.xml#id(Bed015.A.dialogueact2086)"/>
      <nite:child href="Bed015.A.dialogue-acts.xml#id(Bed015.A.dialogueact2089)"/>
      <nite:child href="Bed015.A.dialogue-acts.xml#id(Bed015.A.dialogueact2094)"/>
      <nite:child href="Bed015.A.dialogue-acts.xml#id(Bed015.A.dialogueact2099)"/>
      <nite:child href="Bed015.F.dialogue-acts.xml#id(Bed015.F.dialogueact2101)"/>
      <nite:child href="Bed015.A.dialogue-acts.xml#id(Bed015.A.dialogueact2105)..id(Bed015.A.dialogueact2106)"/>
      <nite:child href="Bed015.A.dialogue-acts.xml#id(Bed015.A.dialogueact2108)"/>
      <nite:child href="Bed015.A.dialogue-acts.xml#id(Bed015.A.dialogueact2112)..id(Bed015.A.dialogueact2114)"/>
      <nite:child href="Bed015.A.dialogue-acts.xml#id(Bed015.A.dialogueact2123)"/>
      <nite:child href="Bed015.C.dialogue-acts.xml#id(Bed015.C.dialogueact2135)"/>
      <nite:child href="Bed015.C.dialogue-acts.xml#id(Bed015.C.dialogueact2192)"/>
      <nite:child href="Bed015.A.dialogue-acts.xml#id(Bed015.A.dialogueact2195)"/>
      <nite:child href="Bed015.A.dialogue-acts.xml#id(Bed015.A.dialogueact2224)"/>
      <nite:child href="Bed015.F.dialogue-acts.xml#id(Bed015.F.dialogueact2243)"/>
      <nite:child href="Bed015.E.dialogue-acts.xml#id(Bed015.E.dialogueact532)"/>
      <nite:child href="Bed015.E.dialogue-acts.xml#id(Bed015.E.dialogueact1385)"/>
      <nite:child href="Bed015.C.dialogue-acts.xml#id(Bed015.C.dialogueact1880)"/>
   </extsumm>
</nite:root>