<?xml version="1.0" encoding="ISO-8859-1" standalone="yes"?>
<nite:root nite:id="Bed011.extsumm" xmlns:nite="http://nite.sourceforge.net/">
   <extsumm nite:id="Bed011.extsumm.1">
      <nite:child href="Bed011.C.dialogue-acts.xml#id(Bed011.C.dialogueact26)..id(Bed011.C.dialogueact28)"/>
      <nite:child href="Bed011.C.dialogue-acts.xml#id(Bed011.C.dialogueact32)"/>
      <nite:child href="Bed011.C.dialogue-acts.xml#id(Bed011.C.dialogueact35)..id(Bed011.C.dialogueact37)"/>
      <nite:child href="Bed011.D.dialogue-acts.xml#id(Bed011.D.dialogueact44)..id(Bed011.D.dialogueact46)"/>
      <nite:child href="Bed011.D.dialogue-acts.xml#id(Bed011.D.dialogueact56)"/>
      <nite:child href="Bed011.C.dialogue-acts.xml#id(Bed011.C.dialogueact85)"/>
      <nite:child href="Bed011.C.dialogue-acts.xml#id(Bed011.C.dialogueact88)..id(Bed011.C.dialogueact89)"/>
      <nite:child href="Bed011.C.dialogue-acts.xml#id(Bed011.C.dialogueact99)"/>
      <nite:child href="Bed011.C.dialogue-acts.xml#id(Bed011.C.dialogueact102)..id(Bed011.C.dialogueact103)"/>
      <nite:child href="Bed011.C.dialogue-acts.xml#id(Bed011.C.dialogueact106)"/>
      <nite:child href="Bed011.C.dialogue-acts.xml#id(Bed011.C.dialogueact108)"/>
      <nite:child href="Bed011.C.dialogue-acts.xml#id(Bed011.C.dialogueact124)..id(Bed011.C.dialogueact125)"/>
      <nite:child href="Bed011.C.dialogue-acts.xml#id(Bed011.C.dialogueact133)"/>
      <nite:child href="Bed011.E.dialogue-acts.xml#id(Bed011.E.dialogueact135)"/>
      <nite:child href="Bed011.C.dialogue-acts.xml#id(Bed011.C.dialogueact147)"/>
      <nite:child href="Bed011.C.dialogue-acts.xml#id(Bed011.C.dialogueact154)"/>
      <nite:child href="Bed011.C.dialogue-acts.xml#id(Bed011.C.dialogueact161)"/>
      <nite:child href="Bed011.C.dialogue-acts.xml#id(Bed011.C.dialogueact164)..id(Bed011.C.dialogueact165)"/>
      <nite:child href="Bed011.C.dialogue-acts.xml#id(Bed011.C.dialogueact179)..id(Bed011.C.dialogueact182)"/>
      <nite:child href="Bed011.C.dialogue-acts.xml#id(Bed011.C.dialogueact188)"/>
      <nite:child href="Bed011.D.dialogue-acts.xml#id(Bed011.D.dialogueact208)..id(Bed011.D.dialogueact211)"/>
      <nite:child href="Bed011.D.dialogue-acts.xml#id(Bed011.D.dialogueact217)..id(Bed011.D.dialogueact218)"/>
      <nite:child href="Bed011.B.dialogue-acts.xml#id(Bed011.B.dialogueact302)"/>
      <nite:child href="Bed011.C.dialogue-acts.xml#id(Bed011.C.dialogueact323)"/>
      <nite:child href="Bed011.C.dialogue-acts.xml#id(Bed011.C.dialogueact326)"/>
      <nite:child href="Bed011.B.dialogue-acts.xml#id(Bed011.B.dialogueact333)"/>
      <nite:child href="Bed011.E.dialogue-acts.xml#id(Bed011.E.dialogueact364)"/>
      <nite:child href="Bed011.E.dialogue-acts.xml#id(Bed011.E.dialogueact369)"/>
      <nite:child href="Bed011.D.dialogue-acts.xml#id(Bed011.D.dialogueact373)"/>
      <nite:child href="Bed011.C.dialogue-acts.xml#id(Bed011.C.dialogueact375)"/>
      <nite:child href="Bed011.D.dialogue-acts.xml#id(Bed011.D.dialogueact382)"/>
      <nite:child href="Bed011.D.dialogue-acts.xml#id(Bed011.D.dialogueact384)..id(Bed011.D.dialogueact385)"/>
      <nite:child href="Bed011.C.dialogue-acts.xml#id(Bed011.C.dialogueact415)"/>
      <nite:child href="Bed011.D.dialogue-acts.xml#id(Bed011.D.dialogueact416)"/>
      <nite:child href="Bed011.D.dialogue-acts.xml#id(Bed011.D.dialogueact438)..id(Bed011.D.dialogueact439)"/>
      <nite:child href="Bed011.D.dialogue-acts.xml#id(Bed011.D.dialogueact441)"/>
      <nite:child href="Bed011.D.dialogue-acts.xml#id(Bed011.D.dialogueact444)"/>
      <nite:child href="Bed011.E.dialogue-acts.xml#id(Bed011.E.dialogueact454)"/>
      <nite:child href="Bed011.D.dialogue-acts.xml#id(Bed011.D.dialogueact455)"/>
      <nite:child href="Bed011.D.dialogue-acts.xml#id(Bed011.D.dialogueact492)..id(Bed011.D.dialogueact493)"/>
      <nite:child href="Bed011.F.dialogue-acts.xml#id(Bed011.F.dialogueact503)"/>
      <nite:child href="Bed011.D.dialogue-acts.xml#id(Bed011.D.dialogueact528)"/>
      <nite:child href="Bed011.C.dialogue-acts.xml#id(Bed011.C.dialogueact539)"/>
      <nite:child href="Bed011.C.dialogue-acts.xml#id(Bed011.C.dialogueact543)"/>
      <nite:child href="Bed011.C.dialogue-acts.xml#id(Bed011.C.dialogueact545)"/>
      <nite:child href="Bed011.C.dialogue-acts.xml#id(Bed011.C.dialogueact547)"/>
      <nite:child href="Bed011.C.dialogue-acts.xml#id(Bed011.C.dialogueact612)..id(Bed011.C.dialogueact613)"/>
      <nite:child href="Bed011.C.dialogue-acts.xml#id(Bed011.C.dialogueact682)"/>
      <nite:child href="Bed011.C.dialogue-acts.xml#id(Bed011.C.dialogueact684)"/>
      <nite:child href="Bed011.C.dialogue-acts.xml#id(Bed011.C.dialogueact741)"/>
      <nite:child href="Bed011.B.dialogue-acts.xml#id(Bed011.B.dialogueact756)"/>
      <nite:child href="Bed011.C.dialogue-acts.xml#id(Bed011.C.dialogueact758)..id(Bed011.C.dialogueact762)"/>
      <nite:child href="Bed011.D.dialogue-acts.xml#id(Bed011.D.dialogueact769)"/>
      <nite:child href="Bed011.C.dialogue-acts.xml#id(Bed011.C.dialogueact780)..id(Bed011.C.dialogueact782)"/>
      <nite:child href="Bed011.C.dialogue-acts.xml#id(Bed011.C.dialogueact871)..id(Bed011.C.dialogueact872)"/>
      <nite:child href="Bed011.D.dialogue-acts.xml#id(Bed011.D.dialogueact891)"/>
      <nite:child href="Bed011.D.dialogue-acts.xml#id(Bed011.D.dialogueact903)"/>
      <nite:child href="Bed011.D.dialogue-acts.xml#id(Bed011.D.dialogueact914)..id(Bed011.D.dialogueact916)"/>
      <nite:child href="Bed011.C.dialogue-acts.xml#id(Bed011.C.dialogueact951)"/>
      <nite:child href="Bed011.C.dialogue-acts.xml#id(Bed011.C.dialogueact959)"/>
      <nite:child href="Bed011.B.dialogue-acts.xml#id(Bed011.B.dialogueact969)"/>
      <nite:child href="Bed011.C.dialogue-acts.xml#id(Bed011.C.dialogueact978)"/>
      <nite:child href="Bed011.C.dialogue-acts.xml#id(Bed011.C.dialogueact983)"/>
      <nite:child href="Bed011.D.dialogue-acts.xml#id(Bed011.D.dialogueact996)"/>
      <nite:child href="Bed011.D.dialogue-acts.xml#id(Bed011.D.dialogueact1003)"/>
      <nite:child href="Bed011.D.dialogue-acts.xml#id(Bed011.D.dialogueact1009)"/>
      <nite:child href="Bed011.D.dialogue-acts.xml#id(Bed011.D.dialogueact1012)"/>
      <nite:child href="Bed011.D.dialogue-acts.xml#id(Bed011.D.dialogueact1042)"/>
      <nite:child href="Bed011.D.dialogue-acts.xml#id(Bed011.D.dialogueact1047)"/>
      <nite:child href="Bed011.B.dialogue-acts.xml#id(Bed011.B.dialogueact1052)"/>
      <nite:child href="Bed011.D.dialogue-acts.xml#id(Bed011.D.dialogueact1060)..id(Bed011.D.dialogueact1066)"/>
      <nite:child href="Bed011.D.dialogue-acts.xml#id(Bed011.D.dialogueact1070)"/>
      <nite:child href="Bed011.C.dialogue-acts.xml#id(Bed011.C.dialogueact1089)"/>
      <nite:child href="Bed011.C.dialogue-acts.xml#id(Bed011.C.dialogueact1099)"/>
      <nite:child href="Bed011.C.dialogue-acts.xml#id(Bed011.C.dialogueact1126)..id(Bed011.C.dialogueact1128)"/>
      <nite:child href="Bed011.C.dialogue-acts.xml#id(Bed011.C.dialogueact1132)"/>
      <nite:child href="Bed011.C.dialogue-acts.xml#id(Bed011.C.dialogueact1136)"/>
      <nite:child href="Bed011.C.dialogue-acts.xml#id(Bed011.C.dialogueact874)"/>
      <nite:child href="Bed011.C.dialogue-acts.xml#id(Bed011.C.dialogueact985)"/>
   </extsumm>
</nite:root>