<?xml version="1.0" encoding="ISO-8859-1" standalone="yes"?>
<nite:root nite:id="Bed017.extsumm" xmlns:nite="http://nite.sourceforge.net/">
   <extsumm nite:id="Bed017.extsumm.1">
      <nite:child href="Bed017.F.dialogue-acts.xml#id(Bed017.F.dialogueact47)"/>
      <nite:child href="Bed017.B.dialogue-acts.xml#id(Bed017.B.dialogueact49)..id(Bed017.B.dialogueact52)"/>
      <nite:child href="Bed017.B.dialogue-acts.xml#id(Bed017.B.dialogueact55)..id(Bed017.B.dialogueact58)"/>
      <nite:child href="Bed017.B.dialogue-acts.xml#id(Bed017.B.dialogueact67)..id(Bed017.B.dialogueact68)"/>
      <nite:child href="Bed017.B.dialogue-acts.xml#id(Bed017.B.dialogueact74)"/>
      <nite:child href="Bed017.B.dialogue-acts.xml#id(Bed017.B.dialogueact85)"/>
      <nite:child href="Bed017.B.dialogue-acts.xml#id(Bed017.B.dialogueact87)"/>
      <nite:child href="Bed017.D.dialogue-acts.xml#id(Bed017.D.dialogueact128)"/>
      <nite:child href="Bed017.D.dialogue-acts.xml#id(Bed017.D.dialogueact132)..id(Bed017.D.dialogueact134)"/>
      <nite:child href="Bed017.D.dialogue-acts.xml#id(Bed017.D.dialogueact140)"/>
      <nite:child href="Bed017.D.dialogue-acts.xml#id(Bed017.D.dialogueact145)"/>
      <nite:child href="Bed017.D.dialogue-acts.xml#id(Bed017.D.dialogueact147)"/>
      <nite:child href="Bed017.D.dialogue-acts.xml#id(Bed017.D.dialogueact149)"/>
      <nite:child href="Bed017.D.dialogue-acts.xml#id(Bed017.D.dialogueact151)"/>
      <nite:child href="Bed017.D.dialogue-acts.xml#id(Bed017.D.dialogueact155)..id(Bed017.D.dialogueact156)"/>
      <nite:child href="Bed017.D.dialogue-acts.xml#id(Bed017.D.dialogueact162)..id(Bed017.D.dialogueact163)"/>
      <nite:child href="Bed017.D.dialogue-acts.xml#id(Bed017.D.dialogueact166)"/>
      <nite:child href="Bed017.D.dialogue-acts.xml#id(Bed017.D.dialogueact186)"/>
      <nite:child href="Bed017.D.dialogue-acts.xml#id(Bed017.D.dialogueact188)"/>
      <nite:child href="Bed017.D.dialogue-acts.xml#id(Bed017.D.dialogueact191)"/>
      <nite:child href="Bed017.D.dialogue-acts.xml#id(Bed017.D.dialogueact199)..id(Bed017.D.dialogueact203)"/>
      <nite:child href="Bed017.F.dialogue-acts.xml#id(Bed017.F.dialogueact215)"/>
      <nite:child href="Bed017.F.dialogue-acts.xml#id(Bed017.F.dialogueact221)"/>
      <nite:child href="Bed017.F.dialogue-acts.xml#id(Bed017.F.dialogueact223)"/>
      <nite:child href="Bed017.F.dialogue-acts.xml#id(Bed017.F.dialogueact225)"/>
      <nite:child href="Bed017.F.dialogue-acts.xml#id(Bed017.F.dialogueact227)"/>
      <nite:child href="Bed017.F.dialogue-acts.xml#id(Bed017.F.dialogueact232)"/>
      <nite:child href="Bed017.F.dialogue-acts.xml#id(Bed017.F.dialogueact241)"/>
      <nite:child href="Bed017.B.dialogue-acts.xml#id(Bed017.B.dialogueact274)"/>
      <nite:child href="Bed017.D.dialogue-acts.xml#id(Bed017.D.dialogueact290)..id(Bed017.D.dialogueact293)"/>
      <nite:child href="Bed017.F.dialogue-acts.xml#id(Bed017.F.dialogueact301)..id(Bed017.F.dialogueact302)"/>
      <nite:child href="Bed017.F.dialogue-acts.xml#id(Bed017.F.dialogueact305)"/>
      <nite:child href="Bed017.B.dialogue-acts.xml#id(Bed017.B.dialogueact362)"/>
      <nite:child href="Bed017.C.dialogue-acts.xml#id(Bed017.C.dialogueact377)"/>
      <nite:child href="Bed017.C.dialogue-acts.xml#id(Bed017.C.dialogueact379)..id(Bed017.C.dialogueact381)"/>
      <nite:child href="Bed017.C.dialogue-acts.xml#id(Bed017.C.dialogueact389)..id(Bed017.C.dialogueact390)"/>
      <nite:child href="Bed017.C.dialogue-acts.xml#id(Bed017.C.dialogueact394)"/>
      <nite:child href="Bed017.C.dialogue-acts.xml#id(Bed017.C.dialogueact409)..id(Bed017.C.dialogueact410)"/>
      <nite:child href="Bed017.C.dialogue-acts.xml#id(Bed017.C.dialogueact416)"/>
      <nite:child href="Bed017.C.dialogue-acts.xml#id(Bed017.C.dialogueact431)..id(Bed017.C.dialogueact432)"/>
      <nite:child href="Bed017.C.dialogue-acts.xml#id(Bed017.C.dialogueact443)..id(Bed017.C.dialogueact444)"/>
      <nite:child href="Bed017.C.dialogue-acts.xml#id(Bed017.C.dialogueact453)"/>
      <nite:child href="Bed017.C.dialogue-acts.xml#id(Bed017.C.dialogueact455)"/>
      <nite:child href="Bed017.C.dialogue-acts.xml#id(Bed017.C.dialogueact467)"/>
      <nite:child href="Bed017.C.dialogue-acts.xml#id(Bed017.C.dialogueact486)..id(Bed017.C.dialogueact491)"/>
      <nite:child href="Bed017.A.dialogue-acts.xml#id(Bed017.A.dialogueact523)"/>
      <nite:child href="Bed017.C.dialogue-acts.xml#id(Bed017.C.dialogueact524)"/>
      <nite:child href="Bed017.A.dialogue-acts.xml#id(Bed017.A.dialogueact522)"/>
      <nite:child href="Bed017.F.dialogue-acts.xml#id(Bed017.F.dialogueact531)"/>
      <nite:child href="Bed017.C.dialogue-acts.xml#id(Bed017.C.dialogueact553)"/>
      <nite:child href="Bed017.C.dialogue-acts.xml#id(Bed017.C.dialogueact555)"/>
      <nite:child href="Bed017.F.dialogue-acts.xml#id(Bed017.F.dialogueact622)"/>
      <nite:child href="Bed017.A.dialogue-acts.xml#id(Bed017.A.dialogueact634)"/>
      <nite:child href="Bed017.A.dialogue-acts.xml#id(Bed017.A.dialogueact642)"/>
      <nite:child href="Bed017.B.dialogue-acts.xml#id(Bed017.B.dialogueact679)..id(Bed017.B.dialogueact681)"/>
      <nite:child href="Bed017.F.dialogue-acts.xml#id(Bed017.F.dialogueact697)"/>
      <nite:child href="Bed017.F.dialogue-acts.xml#id(Bed017.F.dialogueact701)"/>
      <nite:child href="Bed017.F.dialogue-acts.xml#id(Bed017.F.dialogueact714)"/>
      <nite:child href="Bed017.F.dialogue-acts.xml#id(Bed017.F.dialogueact716)..id(Bed017.F.dialogueact719)"/>
      <nite:child href="Bed017.D.dialogue-acts.xml#id(Bed017.D.dialogueact154)"/>
      <nite:child href="Bed017.C.dialogue-acts.xml#id(Bed017.C.dialogueact436)"/>
   </extsumm>
</nite:root>