<?xml version="1.0" encoding="ISO-8859-1" standalone="yes"?>
<nite:root nite:id="Bed011.summlink" xmlns:nite="http://nite.sourceforge.net/">
   <summlink nite:id="Bed011.summlink.1">
      <nite:pointer role="extractive"  href="Bed011.C.dialogue-acts.xml#id(Bed011.C.dialogueact26)"/>
      <nite:pointer role="abstractive"  href="Bed011.abssumm.xml#id(Bed011.s.23)"/>
   </summlink>
   <summlink nite:id="Bed011.summlink.3">
      <nite:pointer role="extractive"  href="Bed011.C.dialogue-acts.xml#id(Bed011.C.dialogueact32)"/>
      <nite:pointer role="abstractive"  href="Bed011.abssumm.xml#id(Bed011.s.18)"/>
   </summlink>
   <summlink nite:id="Bed011.summlink.5">
      <nite:pointer role="extractive"  href="Bed011.C.dialogue-acts.xml#id(Bed011.C.dialogueact35)"/>
      <nite:pointer role="abstractive"  href="Bed011.abssumm.xml#id(Bed011.s.17)"/>
   </summlink>
   <summlink nite:id="Bed011.summlink.6">
      <nite:pointer role="extractive"  href="Bed011.C.dialogue-acts.xml#id(Bed011.C.dialogueact37)"/>
      <nite:pointer role="abstractive"  href="Bed011.abssumm.xml#id(Bed011.s.12)"/>
   </summlink>
   <summlink nite:id="Bed011.summlink.7">
      <nite:pointer role="extractive"  href="Bed011.D.dialogue-acts.xml#id(Bed011.D.dialogueact45)"/>
      <nite:pointer role="abstractive"  href="Bed011.abssumm.xml#id(Bed011.s.1)"/>
   </summlink>
   <summlink nite:id="Bed011.summlink.8">
      <nite:pointer role="extractive"  href="Bed011.D.dialogue-acts.xml#id(Bed011.D.dialogueact46)"/>
      <nite:pointer role="abstractive"  href="Bed011.abssumm.xml#id(Bed011.s.6)"/>
   </summlink>
   <summlink nite:id="Bed011.summlink.9">
      <nite:pointer role="extractive"  href="Bed011.D.dialogue-acts.xml#id(Bed011.D.dialogueact56)"/>
      <nite:pointer role="abstractive"  href="Bed011.abssumm.xml#id(Bed011.s.1)"/>
   </summlink>
   <summlink nite:id="Bed011.summlink.10">
      <nite:pointer role="extractive"  href="Bed011.C.dialogue-acts.xml#id(Bed011.C.dialogueact88)"/>
      <nite:pointer role="abstractive"  href="Bed011.abssumm.xml#id(Bed011.s.26)"/>
   </summlink>
   <summlink nite:id="Bed011.summlink.11">
      <nite:pointer role="extractive"  href="Bed011.C.dialogue-acts.xml#id(Bed011.C.dialogueact89)"/>
      <nite:pointer role="abstractive"  href="Bed011.abssumm.xml#id(Bed011.s.26)"/>
   </summlink>
   <summlink nite:id="Bed011.summlink.12">
      <nite:pointer role="extractive"  href="Bed011.C.dialogue-acts.xml#id(Bed011.C.dialogueact99)"/>
      <nite:pointer role="abstractive"  href="Bed011.abssumm.xml#id(Bed011.s.26)"/>
   </summlink>
   <summlink nite:id="Bed011.summlink.13">
      <nite:pointer role="extractive"  href="Bed011.C.dialogue-acts.xml#id(Bed011.C.dialogueact99)"/>
      <nite:pointer role="abstractive"  href="Bed011.abssumm.xml#id(Bed011.s.3)"/>
   </summlink>
   <summlink nite:id="Bed011.summlink.14">
      <nite:pointer role="extractive"  href="Bed011.C.dialogue-acts.xml#id(Bed011.C.dialogueact99)"/>
      <nite:pointer role="abstractive"  href="Bed011.abssumm.xml#id(Bed011.s.11)"/>
   </summlink>
   <summlink nite:id="Bed011.summlink.15">
      <nite:pointer role="extractive"  href="Bed011.C.dialogue-acts.xml#id(Bed011.C.dialogueact103)"/>
      <nite:pointer role="abstractive"  href="Bed011.abssumm.xml#id(Bed011.s.27)"/>
   </summlink>
   <summlink nite:id="Bed011.summlink.16">
      <nite:pointer role="extractive"  href="Bed011.C.dialogue-acts.xml#id(Bed011.C.dialogueact106)"/>
      <nite:pointer role="abstractive"  href="Bed011.abssumm.xml#id(Bed011.s.27)"/>
   </summlink>
   <summlink nite:id="Bed011.summlink.17">
      <nite:pointer role="extractive"  href="Bed011.C.dialogue-acts.xml#id(Bed011.C.dialogueact108)"/>
      <nite:pointer role="abstractive"  href="Bed011.abssumm.xml#id(Bed011.s.27)"/>
   </summlink>
   <summlink nite:id="Bed011.summlink.18">
      <nite:pointer role="extractive"  href="Bed011.C.dialogue-acts.xml#id(Bed011.C.dialogueact125)"/>
      <nite:pointer role="abstractive"  href="Bed011.abssumm.xml#id(Bed011.s.27)"/>
   </summlink>
   <summlink nite:id="Bed011.summlink.19">
      <nite:pointer role="extractive"  href="Bed011.C.dialogue-acts.xml#id(Bed011.C.dialogueact133)"/>
      <nite:pointer role="abstractive"  href="Bed011.abssumm.xml#id(Bed011.s.2)"/>
   </summlink>
   <summlink nite:id="Bed011.summlink.20">
      <nite:pointer role="extractive"  href="Bed011.C.dialogue-acts.xml#id(Bed011.C.dialogueact133)"/>
      <nite:pointer role="abstractive"  href="Bed011.abssumm.xml#id(Bed011.s.25)"/>
   </summlink>
   <summlink nite:id="Bed011.summlink.21">
      <nite:pointer role="extractive"  href="Bed011.C.dialogue-acts.xml#id(Bed011.C.dialogueact147)"/>
      <nite:pointer role="abstractive"  href="Bed011.abssumm.xml#id(Bed011.s.20)"/>
   </summlink>
   <summlink nite:id="Bed011.summlink.22">
      <nite:pointer role="extractive"  href="Bed011.C.dialogue-acts.xml#id(Bed011.C.dialogueact154)"/>
      <nite:pointer role="abstractive"  href="Bed011.abssumm.xml#id(Bed011.s.20)"/>
   </summlink>
   <summlink nite:id="Bed011.summlink.23">
      <nite:pointer role="extractive"  href="Bed011.C.dialogue-acts.xml#id(Bed011.C.dialogueact161)"/>
      <nite:pointer role="abstractive"  href="Bed011.abssumm.xml#id(Bed011.s.24)"/>
   </summlink>
   <summlink nite:id="Bed011.summlink.25">
      <nite:pointer role="extractive"  href="Bed011.C.dialogue-acts.xml#id(Bed011.C.dialogueact180)"/>
      <nite:pointer role="abstractive"  href="Bed011.abssumm.xml#id(Bed011.s.24)"/>
   </summlink>
   <summlink nite:id="Bed011.summlink.26">
      <nite:pointer role="extractive"  href="Bed011.C.dialogue-acts.xml#id(Bed011.C.dialogueact181)"/>
      <nite:pointer role="abstractive"  href="Bed011.abssumm.xml#id(Bed011.s.24)"/>
   </summlink>
   <summlink nite:id="Bed011.summlink.28">
      <nite:pointer role="extractive"  href="Bed011.D.dialogue-acts.xml#id(Bed011.D.dialogueact217)"/>
      <nite:pointer role="abstractive"  href="Bed011.abssumm.xml#id(Bed011.s.3)"/>
   </summlink>
   <summlink nite:id="Bed011.summlink.29">
      <nite:pointer role="extractive"  href="Bed011.D.dialogue-acts.xml#id(Bed011.D.dialogueact218)"/>
      <nite:pointer role="abstractive"  href="Bed011.abssumm.xml#id(Bed011.s.18)"/>
   </summlink>
   <summlink nite:id="Bed011.summlink.30">
      <nite:pointer role="extractive"  href="Bed011.C.dialogue-acts.xml#id(Bed011.C.dialogueact323)"/>
      <nite:pointer role="abstractive"  href="Bed011.abssumm.xml#id(Bed011.s.10)"/>
   </summlink>
   <summlink nite:id="Bed011.summlink.31">
      <nite:pointer role="extractive"  href="Bed011.C.dialogue-acts.xml#id(Bed011.C.dialogueact326)"/>
      <nite:pointer role="abstractive"  href="Bed011.abssumm.xml#id(Bed011.s.12)"/>
   </summlink>
   <summlink nite:id="Bed011.summlink.32">
      <nite:pointer role="extractive"  href="Bed011.B.dialogue-acts.xml#id(Bed011.B.dialogueact333)"/>
      <nite:pointer role="abstractive"  href="Bed011.abssumm.xml#id(Bed011.s.29)"/>
   </summlink>
   <summlink nite:id="Bed011.summlink.33">
      <nite:pointer role="extractive"  href="Bed011.E.dialogue-acts.xml#id(Bed011.E.dialogueact369)"/>
      <nite:pointer role="abstractive"  href="Bed011.abssumm.xml#id(Bed011.s.12)"/>
   </summlink>
   <summlink nite:id="Bed011.summlink.34">
      <nite:pointer role="extractive"  href="Bed011.D.dialogue-acts.xml#id(Bed011.D.dialogueact373)"/>
      <nite:pointer role="abstractive"  href="Bed011.abssumm.xml#id(Bed011.s.12)"/>
   </summlink>
   <summlink nite:id="Bed011.summlink.35">
      <nite:pointer role="extractive"  href="Bed011.C.dialogue-acts.xml#id(Bed011.C.dialogueact375)"/>
      <nite:pointer role="abstractive"  href="Bed011.abssumm.xml#id(Bed011.s.12)"/>
   </summlink>
   <summlink nite:id="Bed011.summlink.36">
      <nite:pointer role="extractive"  href="Bed011.D.dialogue-acts.xml#id(Bed011.D.dialogueact382)"/>
      <nite:pointer role="abstractive"  href="Bed011.abssumm.xml#id(Bed011.s.12)"/>
   </summlink>
   <summlink nite:id="Bed011.summlink.37">
      <nite:pointer role="extractive"  href="Bed011.D.dialogue-acts.xml#id(Bed011.D.dialogueact416)"/>
      <nite:pointer role="abstractive"  href="Bed011.abssumm.xml#id(Bed011.s.4)"/>
   </summlink>
   <summlink nite:id="Bed011.summlink.38">
      <nite:pointer role="extractive"  href="Bed011.D.dialogue-acts.xml#id(Bed011.D.dialogueact438)"/>
      <nite:pointer role="abstractive"  href="Bed011.abssumm.xml#id(Bed011.s.10)"/>
   </summlink>
   <summlink nite:id="Bed011.summlink.39">
      <nite:pointer role="extractive"  href="Bed011.D.dialogue-acts.xml#id(Bed011.D.dialogueact439)"/>
      <nite:pointer role="abstractive"  href="Bed011.abssumm.xml#id(Bed011.s.12)"/>
   </summlink>
   <summlink nite:id="Bed011.summlink.40">
      <nite:pointer role="extractive"  href="Bed011.D.dialogue-acts.xml#id(Bed011.D.dialogueact441)"/>
      <nite:pointer role="abstractive"  href="Bed011.abssumm.xml#id(Bed011.s.12)"/>
   </summlink>
   <summlink nite:id="Bed011.summlink.41">
      <nite:pointer role="extractive"  href="Bed011.E.dialogue-acts.xml#id(Bed011.E.dialogueact454)"/>
      <nite:pointer role="abstractive"  href="Bed011.abssumm.xml#id(Bed011.s.3)"/>
   </summlink>
   <summlink nite:id="Bed011.summlink.42">
      <nite:pointer role="extractive"  href="Bed011.E.dialogue-acts.xml#id(Bed011.E.dialogueact454)"/>
      <nite:pointer role="abstractive"  href="Bed011.abssumm.xml#id(Bed011.s.11)"/>
   </summlink>
   <summlink nite:id="Bed011.summlink.43">
      <nite:pointer role="extractive"  href="Bed011.D.dialogue-acts.xml#id(Bed011.D.dialogueact492)"/>
      <nite:pointer role="abstractive"  href="Bed011.abssumm.xml#id(Bed011.s.11)"/>
   </summlink>
   <summlink nite:id="Bed011.summlink.44">
      <nite:pointer role="extractive"  href="Bed011.D.dialogue-acts.xml#id(Bed011.D.dialogueact493)"/>
      <nite:pointer role="abstractive"  href="Bed011.abssumm.xml#id(Bed011.s.11)"/>
   </summlink>
   <summlink nite:id="Bed011.summlink.45">
      <nite:pointer role="extractive"  href="Bed011.D.dialogue-acts.xml#id(Bed011.D.dialogueact528)"/>
      <nite:pointer role="abstractive"  href="Bed011.abssumm.xml#id(Bed011.s.2)"/>
   </summlink>
   <summlink nite:id="Bed011.summlink.46">
      <nite:pointer role="extractive"  href="Bed011.C.dialogue-acts.xml#id(Bed011.C.dialogueact539)"/>
      <nite:pointer role="abstractive"  href="Bed011.abssumm.xml#id(Bed011.s.24)"/>
   </summlink>
   <summlink nite:id="Bed011.summlink.47">
      <nite:pointer role="extractive"  href="Bed011.C.dialogue-acts.xml#id(Bed011.C.dialogueact545)"/>
      <nite:pointer role="abstractive"  href="Bed011.abssumm.xml#id(Bed011.s.24)"/>
   </summlink>
   <summlink nite:id="Bed011.summlink.48">
      <nite:pointer role="extractive"  href="Bed011.C.dialogue-acts.xml#id(Bed011.C.dialogueact547)"/>
      <nite:pointer role="abstractive"  href="Bed011.abssumm.xml#id(Bed011.s.24)"/>
   </summlink>
   <summlink nite:id="Bed011.summlink.49">
      <nite:pointer role="extractive"  href="Bed011.C.dialogue-acts.xml#id(Bed011.C.dialogueact612)"/>
      <nite:pointer role="abstractive"  href="Bed011.abssumm.xml#id(Bed011.s.24)"/>
   </summlink>
   <summlink nite:id="Bed011.summlink.50">
      <nite:pointer role="extractive"  href="Bed011.C.dialogue-acts.xml#id(Bed011.C.dialogueact613)"/>
      <nite:pointer role="abstractive"  href="Bed011.abssumm.xml#id(Bed011.s.24)"/>
   </summlink>
   <summlink nite:id="Bed011.summlink.51">
      <nite:pointer role="extractive"  href="Bed011.C.dialogue-acts.xml#id(Bed011.C.dialogueact682)"/>
      <nite:pointer role="abstractive"  href="Bed011.abssumm.xml#id(Bed011.s.24)"/>
   </summlink>
   <summlink nite:id="Bed011.summlink.52">
      <nite:pointer role="extractive"  href="Bed011.C.dialogue-acts.xml#id(Bed011.C.dialogueact741)"/>
      <nite:pointer role="abstractive"  href="Bed011.abssumm.xml#id(Bed011.s.24)"/>
   </summlink>
   <summlink nite:id="Bed011.summlink.53">
      <nite:pointer role="extractive"  href="Bed011.C.dialogue-acts.xml#id(Bed011.C.dialogueact762)"/>
      <nite:pointer role="abstractive"  href="Bed011.abssumm.xml#id(Bed011.s.7)"/>
   </summlink>
   <summlink nite:id="Bed011.summlink.54">
      <nite:pointer role="extractive"  href="Bed011.D.dialogue-acts.xml#id(Bed011.D.dialogueact769)"/>
      <nite:pointer role="abstractive"  href="Bed011.abssumm.xml#id(Bed011.s.7)"/>
   </summlink>
   <summlink nite:id="Bed011.summlink.55">
      <nite:pointer role="extractive"  href="Bed011.C.dialogue-acts.xml#id(Bed011.C.dialogueact780)"/>
      <nite:pointer role="abstractive"  href="Bed011.abssumm.xml#id(Bed011.s.24)"/>
   </summlink>
   <summlink nite:id="Bed011.summlink.56">
      <nite:pointer role="extractive"  href="Bed011.C.dialogue-acts.xml#id(Bed011.C.dialogueact781)"/>
      <nite:pointer role="abstractive"  href="Bed011.abssumm.xml#id(Bed011.s.24)"/>
   </summlink>
   <summlink nite:id="Bed011.summlink.57">
      <nite:pointer role="extractive"  href="Bed011.C.dialogue-acts.xml#id(Bed011.C.dialogueact874)"/>
      <nite:pointer role="abstractive"  href="Bed011.abssumm.xml#id(Bed011.s.24)"/>
   </summlink>
   <summlink nite:id="Bed011.summlink.59">
      <nite:pointer role="extractive"  href="Bed011.C.dialogue-acts.xml#id(Bed011.C.dialogueact871)"/>
      <nite:pointer role="abstractive"  href="Bed011.abssumm.xml#id(Bed011.s.24)"/>
   </summlink>
   <summlink nite:id="Bed011.summlink.60">
      <nite:pointer role="extractive"  href="Bed011.D.dialogue-acts.xml#id(Bed011.D.dialogueact916)"/>
      <nite:pointer role="abstractive"  href="Bed011.abssumm.xml#id(Bed011.s.12)"/>
   </summlink>
   <summlink nite:id="Bed011.summlink.61">
      <nite:pointer role="extractive"  href="Bed011.C.dialogue-acts.xml#id(Bed011.C.dialogueact959)"/>
      <nite:pointer role="abstractive"  href="Bed011.abssumm.xml#id(Bed011.s.28)"/>
   </summlink>
   <summlink nite:id="Bed011.summlink.62">
      <nite:pointer role="extractive"  href="Bed011.C.dialogue-acts.xml#id(Bed011.C.dialogueact983)"/>
      <nite:pointer role="abstractive"  href="Bed011.abssumm.xml#id(Bed011.s.13)"/>
   </summlink>
   <summlink nite:id="Bed011.summlink.63">
      <nite:pointer role="extractive"  href="Bed011.C.dialogue-acts.xml#id(Bed011.C.dialogueact985)"/>
      <nite:pointer role="abstractive"  href="Bed011.abssumm.xml#id(Bed011.s.13)"/>
   </summlink>
   <summlink nite:id="Bed011.summlink.64">
      <nite:pointer role="extractive"  href="Bed011.D.dialogue-acts.xml#id(Bed011.D.dialogueact996)"/>
      <nite:pointer role="abstractive"  href="Bed011.abssumm.xml#id(Bed011.s.9)"/>
   </summlink>
   <summlink nite:id="Bed011.summlink.65">
      <nite:pointer role="extractive"  href="Bed011.D.dialogue-acts.xml#id(Bed011.D.dialogueact914)"/>
      <nite:pointer role="abstractive"  href="Bed011.abssumm.xml#id(Bed011.s.14)"/>
   </summlink>
   <summlink nite:id="Bed011.summlink.66">
      <nite:pointer role="extractive"  href="Bed011.D.dialogue-acts.xml#id(Bed011.D.dialogueact1003)"/>
      <nite:pointer role="abstractive"  href="Bed011.abssumm.xml#id(Bed011.s.9)"/>
   </summlink>
   <summlink nite:id="Bed011.summlink.67">
      <nite:pointer role="extractive"  href="Bed011.D.dialogue-acts.xml#id(Bed011.D.dialogueact1009)"/>
      <nite:pointer role="abstractive"  href="Bed011.abssumm.xml#id(Bed011.s.9)"/>
   </summlink>
   <summlink nite:id="Bed011.summlink.68">
      <nite:pointer role="extractive"  href="Bed011.D.dialogue-acts.xml#id(Bed011.D.dialogueact1012)"/>
      <nite:pointer role="abstractive"  href="Bed011.abssumm.xml#id(Bed011.s.9)"/>
   </summlink>
   <summlink nite:id="Bed011.summlink.69">
      <nite:pointer role="extractive"  href="Bed011.D.dialogue-acts.xml#id(Bed011.D.dialogueact1047)"/>
      <nite:pointer role="abstractive"  href="Bed011.abssumm.xml#id(Bed011.s.8)"/>
   </summlink>
   <summlink nite:id="Bed011.summlink.70">
      <nite:pointer role="extractive"  href="Bed011.D.dialogue-acts.xml#id(Bed011.D.dialogueact1047)"/>
      <nite:pointer role="abstractive"  href="Bed011.abssumm.xml#id(Bed011.s.15)"/>
   </summlink>
   <summlink nite:id="Bed011.summlink.71">
      <nite:pointer role="extractive"  href="Bed011.B.dialogue-acts.xml#id(Bed011.B.dialogueact1052)"/>
      <nite:pointer role="abstractive"  href="Bed011.abssumm.xml#id(Bed011.s.22)"/>
   </summlink>
   <summlink nite:id="Bed011.summlink.72">
      <nite:pointer role="extractive"  href="Bed011.D.dialogue-acts.xml#id(Bed011.D.dialogueact1070)"/>
      <nite:pointer role="abstractive"  href="Bed011.abssumm.xml#id(Bed011.s.16)"/>
   </summlink>
</nite:root>