<?xml version="1.0" encoding="ISO-8859-1" standalone="yes"?>
<nite:root nite:id="Bed012.extsumm" xmlns:nite="http://nite.sourceforge.net/">
   <extsumm nite:id="Bed012.extsumm.1">
      <nite:child href="Bed012.B.dialogue-acts.xml#id(Bed012.B.dialogueact19)..id(Bed012.B.dialogueact20)"/>
      <nite:child href="Bed012.B.dialogue-acts.xml#id(Bed012.B.dialogueact28)"/>
      <nite:child href="Bed012.C.dialogue-acts.xml#id(Bed012.C.dialogueact30)"/>
      <nite:child href="Bed012.B.dialogue-acts.xml#id(Bed012.B.dialogueact33)"/>
      <nite:child href="Bed012.B.dialogue-acts.xml#id(Bed012.B.dialogueact70)"/>
      <nite:child href="Bed012.B.dialogue-acts.xml#id(Bed012.B.dialogueact72)"/>
      <nite:child href="Bed012.C.dialogue-acts.xml#id(Bed012.C.dialogueact78)"/>
      <nite:child href="Bed012.B.dialogue-acts.xml#id(Bed012.B.dialogueact79)"/>
      <nite:child href="Bed012.B.dialogue-acts.xml#id(Bed012.B.dialogueact93)"/>
      <nite:child href="Bed012.B.dialogue-acts.xml#id(Bed012.B.dialogueact101)"/>
      <nite:child href="Bed012.B.dialogue-acts.xml#id(Bed012.B.dialogueact103)"/>
      <nite:child href="Bed012.B.dialogue-acts.xml#id(Bed012.B.dialogueact138)"/>
      <nite:child href="Bed012.B.dialogue-acts.xml#id(Bed012.B.dialogueact140)"/>
      <nite:child href="Bed012.B.dialogue-acts.xml#id(Bed012.B.dialogueact142)..id(Bed012.B.dialogueact143)"/>
      <nite:child href="Bed012.B.dialogue-acts.xml#id(Bed012.B.dialogueact155)..id(Bed012.B.dialogueact156)"/>
      <nite:child href="Bed012.B.dialogue-acts.xml#id(Bed012.B.dialogueact186)..id(Bed012.B.dialogueact187)"/>
      <nite:child href="Bed012.C.dialogue-acts.xml#id(Bed012.C.dialogueact190)"/>
      <nite:child href="Bed012.C.dialogue-acts.xml#id(Bed012.C.dialogueact197)..id(Bed012.C.dialogueact198)"/>
      <nite:child href="Bed012.C.dialogue-acts.xml#id(Bed012.C.dialogueact346)"/>
      <nite:child href="Bed012.A.dialogue-acts.xml#id(Bed012.A.dialogueact347)"/>
      <nite:child href="Bed012.A.dialogue-acts.xml#id(Bed012.A.dialogueact357)"/>
      <nite:child href="Bed012.B.dialogue-acts.xml#id(Bed012.B.dialogueact390)..id(Bed012.B.dialogueact391)"/>
      <nite:child href="Bed012.C.dialogue-acts.xml#id(Bed012.C.dialogueact401)..id(Bed012.C.dialogueact404)"/>
      <nite:child href="Bed012.C.dialogue-acts.xml#id(Bed012.C.dialogueact414)"/>
      <nite:child href="Bed012.C.dialogue-acts.xml#id(Bed012.C.dialogueact419)"/>
      <nite:child href="Bed012.A.dialogue-acts.xml#id(Bed012.A.dialogueact438)"/>
      <nite:child href="Bed012.A.dialogue-acts.xml#id(Bed012.A.dialogueact440)..id(Bed012.A.dialogueact442)"/>
      <nite:child href="Bed012.B.dialogue-acts.xml#id(Bed012.B.dialogueact443)"/>
      <nite:child href="Bed012.A.dialogue-acts.xml#id(Bed012.A.dialogueact422)..id(Bed012.A.dialogueact423)"/>
      <nite:child href="Bed012.C.dialogue-acts.xml#id(Bed012.C.dialogueact481)..id(Bed012.C.dialogueact483)"/>
      <nite:child href="Bed012.C.dialogue-acts.xml#id(Bed012.C.dialogueact516)"/>
      <nite:child href="Bed012.A.dialogue-acts.xml#id(Bed012.A.dialogueact537)"/>
      <nite:child href="Bed012.A.dialogue-acts.xml#id(Bed012.A.dialogueact539)"/>
      <nite:child href="Bed012.A.dialogue-acts.xml#id(Bed012.A.dialogueact541)"/>
      <nite:child href="Bed012.B.dialogue-acts.xml#id(Bed012.B.dialogueact548)..id(Bed012.B.dialogueact550)"/>
      <nite:child href="Bed012.D.dialogue-acts.xml#id(Bed012.D.dialogueact558)"/>
      <nite:child href="Bed012.B.dialogue-acts.xml#id(Bed012.B.dialogueact564)"/>
      <nite:child href="Bed012.C.dialogue-acts.xml#id(Bed012.C.dialogueact570)..id(Bed012.C.dialogueact572)"/>
      <nite:child href="Bed012.C.dialogue-acts.xml#id(Bed012.C.dialogueact583)..id(Bed012.C.dialogueact585)"/>
      <nite:child href="Bed012.B.dialogue-acts.xml#id(Bed012.B.dialogueact622)..id(Bed012.B.dialogueact627)"/>
      <nite:child href="Bed012.B.dialogue-acts.xml#id(Bed012.B.dialogueact665)..id(Bed012.B.dialogueact666)"/>
      <nite:child href="Bed012.B.dialogue-acts.xml#id(Bed012.B.dialogueact671)"/>
      <nite:child href="Bed012.A.dialogue-acts.xml#id(Bed012.A.dialogueact675)"/>
      <nite:child href="Bed012.B.dialogue-acts.xml#id(Bed012.B.dialogueact727)..id(Bed012.B.dialogueact728)"/>
      <nite:child href="Bed012.B.dialogue-acts.xml#id(Bed012.B.dialogueact741)"/>
      <nite:child href="Bed012.B.dialogue-acts.xml#id(Bed012.B.dialogueact765)..id(Bed012.B.dialogueact768)"/>
      <nite:child href="Bed012.B.dialogue-acts.xml#id(Bed012.B.dialogueact775)..id(Bed012.B.dialogueact776)"/>
      <nite:child href="Bed012.C.dialogue-acts.xml#id(Bed012.C.dialogueact888)..id(Bed012.C.dialogueact889)"/>
      <nite:child href="Bed012.B.dialogue-acts.xml#id(Bed012.B.dialogueact890)"/>
      <nite:child href="Bed012.A.dialogue-acts.xml#id(Bed012.A.dialogueact908)"/>
      <nite:child href="Bed012.C.dialogue-acts.xml#id(Bed012.C.dialogueact920)"/>
      <nite:child href="Bed012.B.dialogue-acts.xml#id(Bed012.B.dialogueact938)"/>
      <nite:child href="Bed012.C.dialogue-acts.xml#id(Bed012.C.dialogueact943)"/>
   </extsumm>
</nite:root>