<?xml version="1.0" encoding="ISO-8859-1" standalone="yes"?>
<nite:root nite:id="Bed009.summlink" xmlns:nite="http://nite.sourceforge.net/">
   <summlink nite:id="Bed009.summlink.1">
      <nite:pointer role="extractive"  href="Bed009.B.dialogue-acts.xml#id(Bed009.B.dialogueact54)"/>
      <nite:pointer role="abstractive"  href="Bed009.abssumm.xml#id(Bed009.s.16)"/>
   </summlink>
   <summlink nite:id="Bed009.summlink.2">
      <nite:pointer role="extractive"  href="Bed009.B.dialogue-acts.xml#id(Bed009.B.dialogueact56)"/>
      <nite:pointer role="abstractive"  href="Bed009.abssumm.xml#id(Bed009.s.2)"/>
   </summlink>
   <summlink nite:id="Bed009.summlink.3">
      <nite:pointer role="extractive"  href="Bed009.B.dialogue-acts.xml#id(Bed009.B.dialogueact63)"/>
      <nite:pointer role="abstractive"  href="Bed009.abssumm.xml#id(Bed009.s.16)"/>
   </summlink>
   <summlink nite:id="Bed009.summlink.4">
      <nite:pointer role="extractive"  href="Bed009.F.dialogue-acts.xml#id(Bed009.F.dialogueact122)"/>
      <nite:pointer role="abstractive"  href="Bed009.abssumm.xml#id(Bed009.s.3)"/>
   </summlink>
   <summlink nite:id="Bed009.summlink.5">
      <nite:pointer role="extractive"  href="Bed009.B.dialogue-acts.xml#id(Bed009.B.dialogueact166)"/>
      <nite:pointer role="abstractive"  href="Bed009.abssumm.xml#id(Bed009.s.17)"/>
   </summlink>
   <summlink nite:id="Bed009.summlink.6">
      <nite:pointer role="extractive"  href="Bed009.B.dialogue-acts.xml#id(Bed009.B.dialogueact169)"/>
      <nite:pointer role="abstractive"  href="Bed009.abssumm.xml#id(Bed009.s.17)"/>
   </summlink>
   <summlink nite:id="Bed009.summlink.7">
      <nite:pointer role="extractive"  href="Bed009.B.dialogue-acts.xml#id(Bed009.B.dialogueact176)"/>
      <nite:pointer role="abstractive"  href="Bed009.abssumm.xml#id(Bed009.s.17)"/>
   </summlink>
   <summlink nite:id="Bed009.summlink.8">
      <nite:pointer role="extractive"  href="Bed009.B.dialogue-acts.xml#id(Bed009.B.dialogueact230)"/>
      <nite:pointer role="abstractive"  href="Bed009.abssumm.xml#id(Bed009.s.18)"/>
   </summlink>
   <summlink nite:id="Bed009.summlink.9">
      <nite:pointer role="extractive"  href="Bed009.B.dialogue-acts.xml#id(Bed009.B.dialogueact265)"/>
      <nite:pointer role="abstractive"  href="Bed009.abssumm.xml#id(Bed009.s.1)"/>
   </summlink>
   <summlink nite:id="Bed009.summlink.10">
      <nite:pointer role="extractive"  href="Bed009.F.dialogue-acts.xml#id(Bed009.F.dialogueact324)"/>
      <nite:pointer role="abstractive"  href="Bed009.abssumm.xml#id(Bed009.s.19)"/>
   </summlink>
   <summlink nite:id="Bed009.summlink.11">
      <nite:pointer role="extractive"  href="Bed009.F.dialogue-acts.xml#id(Bed009.F.dialogueact348)"/>
      <nite:pointer role="abstractive"  href="Bed009.abssumm.xml#id(Bed009.s.19)"/>
   </summlink>
   <summlink nite:id="Bed009.summlink.12">
      <nite:pointer role="extractive"  href="Bed009.F.dialogue-acts.xml#id(Bed009.F.dialogueact348)"/>
      <nite:pointer role="abstractive"  href="Bed009.abssumm.xml#id(Bed009.s.2)"/>
   </summlink>
   <summlink nite:id="Bed009.summlink.13">
      <nite:pointer role="extractive"  href="Bed009.F.dialogue-acts.xml#id(Bed009.F.dialogueact350)"/>
      <nite:pointer role="abstractive"  href="Bed009.abssumm.xml#id(Bed009.s.19)"/>
   </summlink>
   <summlink nite:id="Bed009.summlink.14">
      <nite:pointer role="extractive"  href="Bed009.A.dialogue-acts.xml#id(Bed009.A.dialogueact356)"/>
      <nite:pointer role="abstractive"  href="Bed009.abssumm.xml#id(Bed009.s.4)"/>
   </summlink>
   <summlink nite:id="Bed009.summlink.15">
      <nite:pointer role="extractive"  href="Bed009.F.dialogue-acts.xml#id(Bed009.F.dialogueact436)"/>
      <nite:pointer role="abstractive"  href="Bed009.abssumm.xml#id(Bed009.s.10)"/>
   </summlink>
   <summlink nite:id="Bed009.summlink.16">
      <nite:pointer role="extractive"  href="Bed009.A.dialogue-acts.xml#id(Bed009.A.dialogueact443)"/>
      <nite:pointer role="abstractive"  href="Bed009.abssumm.xml#id(Bed009.s.10)"/>
   </summlink>
   <summlink nite:id="Bed009.summlink.17">
      <nite:pointer role="extractive"  href="Bed009.A.dialogue-acts.xml#id(Bed009.A.dialogueact451)"/>
      <nite:pointer role="abstractive"  href="Bed009.abssumm.xml#id(Bed009.s.10)"/>
   </summlink>
   <summlink nite:id="Bed009.summlink.18">
      <nite:pointer role="extractive"  href="Bed009.B.dialogue-acts.xml#id(Bed009.B.dialogueact486)"/>
      <nite:pointer role="abstractive"  href="Bed009.abssumm.xml#id(Bed009.s.11)"/>
   </summlink>
   <summlink nite:id="Bed009.summlink.19">
      <nite:pointer role="extractive"  href="Bed009.B.dialogue-acts.xml#id(Bed009.B.dialogueact487)"/>
      <nite:pointer role="abstractive"  href="Bed009.abssumm.xml#id(Bed009.s.11)"/>
   </summlink>
   <summlink nite:id="Bed009.summlink.20">
      <nite:pointer role="extractive"  href="Bed009.F.dialogue-acts.xml#id(Bed009.F.dialogueact547)"/>
      <nite:pointer role="abstractive"  href="Bed009.abssumm.xml#id(Bed009.s.12)"/>
   </summlink>
   <summlink nite:id="Bed009.summlink.22">
      <nite:pointer role="extractive"  href="Bed009.A.dialogue-acts.xml#id(Bed009.A.dialogueact561)"/>
      <nite:pointer role="abstractive"  href="Bed009.abssumm.xml#id(Bed009.s.5)"/>
   </summlink>
   <summlink nite:id="Bed009.summlink.23">
      <nite:pointer role="extractive"  href="Bed009.F.dialogue-acts.xml#id(Bed009.F.dialogueact547)"/>
      <nite:pointer role="abstractive"  href="Bed009.abssumm.xml#id(Bed009.s.1)"/>
   </summlink>
   <summlink nite:id="Bed009.summlink.24">
      <nite:pointer role="extractive"  href="Bed009.B.dialogue-acts.xml#id(Bed009.B.dialogueact597)"/>
      <nite:pointer role="abstractive"  href="Bed009.abssumm.xml#id(Bed009.s.13)"/>
   </summlink>
   <summlink nite:id="Bed009.summlink.25">
      <nite:pointer role="extractive"  href="Bed009.B.dialogue-acts.xml#id(Bed009.B.dialogueact600)"/>
      <nite:pointer role="abstractive"  href="Bed009.abssumm.xml#id(Bed009.s.13)"/>
   </summlink>
   <summlink nite:id="Bed009.summlink.26">
      <nite:pointer role="extractive"  href="Bed009.B.dialogue-acts.xml#id(Bed009.B.dialogueact601)"/>
      <nite:pointer role="abstractive"  href="Bed009.abssumm.xml#id(Bed009.s.13)"/>
   </summlink>
   <summlink nite:id="Bed009.summlink.27">
      <nite:pointer role="extractive"  href="Bed009.A.dialogue-acts.xml#id(Bed009.A.dialogueact619)"/>
      <nite:pointer role="abstractive"  href="Bed009.abssumm.xml#id(Bed009.s.6)"/>
   </summlink>
   <summlink nite:id="Bed009.summlink.28">
      <nite:pointer role="extractive"  href="Bed009.A.dialogue-acts.xml#id(Bed009.A.dialogueact626)"/>
      <nite:pointer role="abstractive"  href="Bed009.abssumm.xml#id(Bed009.s.6)"/>
   </summlink>
   <summlink nite:id="Bed009.summlink.29">
      <nite:pointer role="extractive"  href="Bed009.F.dialogue-acts.xml#id(Bed009.F.dialogueact669)"/>
      <nite:pointer role="abstractive"  href="Bed009.abssumm.xml#id(Bed009.s.7)"/>
   </summlink>
   <summlink nite:id="Bed009.summlink.30">
      <nite:pointer role="extractive"  href="Bed009.F.dialogue-acts.xml#id(Bed009.F.dialogueact671)"/>
      <nite:pointer role="abstractive"  href="Bed009.abssumm.xml#id(Bed009.s.7)"/>
   </summlink>
   <summlink nite:id="Bed009.summlink.31">
      <nite:pointer role="extractive"  href="Bed009.F.dialogue-acts.xml#id(Bed009.F.dialogueact669)"/>
      <nite:pointer role="abstractive"  href="Bed009.abssumm.xml#id(Bed009.s.19)"/>
   </summlink>
   <summlink nite:id="Bed009.summlink.32">
      <nite:pointer role="extractive"  href="Bed009.A.dialogue-acts.xml#id(Bed009.A.dialogueact680)"/>
      <nite:pointer role="abstractive"  href="Bed009.abssumm.xml#id(Bed009.s.8)"/>
   </summlink>
   <summlink nite:id="Bed009.summlink.33">
      <nite:pointer role="extractive"  href="Bed009.A.dialogue-acts.xml#id(Bed009.A.dialogueact685)"/>
      <nite:pointer role="abstractive"  href="Bed009.abssumm.xml#id(Bed009.s.8)"/>
   </summlink>
   <summlink nite:id="Bed009.summlink.34">
      <nite:pointer role="extractive"  href="Bed009.A.dialogue-acts.xml#id(Bed009.A.dialogueact683)"/>
      <nite:pointer role="abstractive"  href="Bed009.abssumm.xml#id(Bed009.s.8)"/>
   </summlink>
   <summlink nite:id="Bed009.summlink.35">
      <nite:pointer role="extractive"  href="Bed009.D.dialogue-acts.xml#id(Bed009.D.dialogueact728)"/>
      <nite:pointer role="abstractive"  href="Bed009.abssumm.xml#id(Bed009.s.9)"/>
   </summlink>
   <summlink nite:id="Bed009.summlink.36">
      <nite:pointer role="extractive"  href="Bed009.D.dialogue-acts.xml#id(Bed009.D.dialogueact760)"/>
      <nite:pointer role="abstractive"  href="Bed009.abssumm.xml#id(Bed009.s.14)"/>
   </summlink>
   <summlink nite:id="Bed009.summlink.37">
      <nite:pointer role="extractive"  href="Bed009.D.dialogue-acts.xml#id(Bed009.D.dialogueact769)"/>
      <nite:pointer role="abstractive"  href="Bed009.abssumm.xml#id(Bed009.s.14)"/>
   </summlink>
   <summlink nite:id="Bed009.summlink.38">
      <nite:pointer role="extractive"  href="Bed009.F.dialogue-acts.xml#id(Bed009.F.dialogueact835)"/>
      <nite:pointer role="abstractive"  href="Bed009.abssumm.xml#id(Bed009.s.14)"/>
   </summlink>
   <summlink nite:id="Bed009.summlink.39">
      <nite:pointer role="extractive"  href="Bed009.F.dialogue-acts.xml#id(Bed009.F.dialogueact835)"/>
      <nite:pointer role="abstractive"  href="Bed009.abssumm.xml#id(Bed009.s.9)"/>
   </summlink>
   <summlink nite:id="Bed009.summlink.40">
      <nite:pointer role="extractive"  href="Bed009.D.dialogue-acts.xml#id(Bed009.D.dialogueact897)"/>
      <nite:pointer role="abstractive"  href="Bed009.abssumm.xml#id(Bed009.s.20)"/>
   </summlink>
   <summlink nite:id="Bed009.summlink.41">
      <nite:pointer role="extractive"  href="Bed009.D.dialogue-acts.xml#id(Bed009.D.dialogueact967)"/>
      <nite:pointer role="abstractive"  href="Bed009.abssumm.xml#id(Bed009.s.14)"/>
   </summlink>
   <summlink nite:id="Bed009.summlink.42">
      <nite:pointer role="extractive"  href="Bed009.F.dialogue-acts.xml#id(Bed009.F.dialogueact1002)"/>
      <nite:pointer role="abstractive"  href="Bed009.abssumm.xml#id(Bed009.s.1)"/>
   </summlink>
   <summlink nite:id="Bed009.summlink.43">
      <nite:pointer role="extractive"  href="Bed009.F.dialogue-acts.xml#id(Bed009.F.dialogueact1020)"/>
      <nite:pointer role="abstractive"  href="Bed009.abssumm.xml#id(Bed009.s.15)"/>
   </summlink>
   <summlink nite:id="Bed009.summlink.44">
      <nite:pointer role="extractive"  href="Bed009.F.dialogue-acts.xml#id(Bed009.F.dialogueact1065)"/>
      <nite:pointer role="abstractive"  href="Bed009.abssumm.xml#id(Bed009.s.8)"/>
   </summlink>
</nite:root>