<?xml version="1.0" encoding="ISO-8859-1" standalone="yes"?>
<nite:root nite:id="Bed005.extsumm" xmlns:nite="http://nite.sourceforge.net/">
   <extsumm nite:id="Bed005.extsumm.1">
      <nite:child href="Bed005.B.dialogue-acts.xml#id(Bed005.B.dialogueact19)"/>
      <nite:child href="Bed005.B.dialogue-acts.xml#id(Bed005.B.dialogueact26)"/>
      <nite:child href="Bed005.B.dialogue-acts.xml#id(Bed005.B.dialogueact29)"/>
      <nite:child href="Bed005.B.dialogue-acts.xml#id(Bed005.B.dialogueact31)"/>
      <nite:child href="Bed005.B.dialogue-acts.xml#id(Bed005.B.dialogueact27)"/>
      <nite:child href="Bed005.C.dialogue-acts.xml#id(Bed005.C.dialogueact45)"/>
      <nite:child href="Bed005.B.dialogue-acts.xml#id(Bed005.B.dialogueact66)"/>
      <nite:child href="Bed005.B.dialogue-acts.xml#id(Bed005.B.dialogueact70)"/>
      <nite:child href="Bed005.B.dialogue-acts.xml#id(Bed005.B.dialogueact85)"/>
      <nite:child href="Bed005.C.dialogue-acts.xml#id(Bed005.C.dialogueact107)"/>
      <nite:child href="Bed005.C.dialogue-acts.xml#id(Bed005.C.dialogueact109)"/>
      <nite:child href="Bed005.C.dialogue-acts.xml#id(Bed005.C.dialogueact108)"/>
      <nite:child href="Bed005.C.dialogue-acts.xml#id(Bed005.C.dialogueact124)"/>
      <nite:child href="Bed005.C.dialogue-acts.xml#id(Bed005.C.dialogueact147)"/>
      <nite:child href="Bed005.E.dialogue-acts.xml#id(Bed005.E.dialogueact198)"/>
      <nite:child href="Bed005.C.dialogue-acts.xml#id(Bed005.C.dialogueact231)..id(Bed005.C.dialogueact232)"/>
      <nite:child href="Bed005.D.dialogue-acts.xml#id(Bed005.D.dialogueact240)"/>
      <nite:child href="Bed005.D.dialogue-acts.xml#id(Bed005.D.dialogueact256)"/>
      <nite:child href="Bed005.C.dialogue-acts.xml#id(Bed005.C.dialogueact258)"/>
      <nite:child href="Bed005.D.dialogue-acts.xml#id(Bed005.D.dialogueact295)"/>
      <nite:child href="Bed005.C.dialogue-acts.xml#id(Bed005.C.dialogueact303)"/>
      <nite:child href="Bed005.C.dialogue-acts.xml#id(Bed005.C.dialogueact323)"/>
      <nite:child href="Bed005.C.dialogue-acts.xml#id(Bed005.C.dialogueact331)..id(Bed005.C.dialogueact332)"/>
      <nite:child href="Bed005.C.dialogue-acts.xml#id(Bed005.C.dialogueact386)"/>
      <nite:child href="Bed005.D.dialogue-acts.xml#id(Bed005.D.dialogueact344)"/>
      <nite:child href="Bed005.D.dialogue-acts.xml#id(Bed005.D.dialogueact346)"/>
      <nite:child href="Bed005.D.dialogue-acts.xml#id(Bed005.D.dialogueact395)"/>
      <nite:child href="Bed005.B.dialogue-acts.xml#id(Bed005.B.dialogueact401)"/>
      <nite:child href="Bed005.A.dialogue-acts.xml#id(Bed005.A.dialogueact459)"/>
      <nite:child href="Bed005.D.dialogue-acts.xml#id(Bed005.D.dialogueact460)"/>
      <nite:child href="Bed005.B.dialogue-acts.xml#id(Bed005.B.dialogueact504)"/>
      <nite:child href="Bed005.C.dialogue-acts.xml#id(Bed005.C.dialogueact508)"/>
      <nite:child href="Bed005.C.dialogue-acts.xml#id(Bed005.C.dialogueact513)"/>
      <nite:child href="Bed005.B.dialogue-acts.xml#id(Bed005.B.dialogueact543)"/>
      <nite:child href="Bed005.C.dialogue-acts.xml#id(Bed005.C.dialogueact560)..id(Bed005.C.dialogueact565)"/>
      <nite:child href="Bed005.C.dialogue-acts.xml#id(Bed005.C.dialogueact569)..id(Bed005.C.dialogueact570)"/>
      <nite:child href="Bed005.C.dialogue-acts.xml#id(Bed005.C.dialogueact577)..id(Bed005.C.dialogueact579)"/>
      <nite:child href="Bed005.B.dialogue-acts.xml#id(Bed005.B.dialogueact625)"/>
      <nite:child href="Bed005.B.dialogue-acts.xml#id(Bed005.B.dialogueact627)"/>
      <nite:child href="Bed005.B.dialogue-acts.xml#id(Bed005.B.dialogueact629)"/>
      <nite:child href="Bed005.B.dialogue-acts.xml#id(Bed005.B.dialogueact589)"/>
      <nite:child href="Bed005.B.dialogue-acts.xml#id(Bed005.B.dialogueact591)"/>
      <nite:child href="Bed005.B.dialogue-acts.xml#id(Bed005.B.dialogueact653)..id(Bed005.B.dialogueact655)"/>
      <nite:child href="Bed005.B.dialogue-acts.xml#id(Bed005.B.dialogueact682)"/>
      <nite:child href="Bed005.B.dialogue-acts.xml#id(Bed005.B.dialogueact685)"/>
      <nite:child href="Bed005.B.dialogue-acts.xml#id(Bed005.B.dialogueact661)"/>
      <nite:child href="Bed005.B.dialogue-acts.xml#id(Bed005.B.dialogueact693)..id(Bed005.B.dialogueact694)"/>
      <nite:child href="Bed005.B.dialogue-acts.xml#id(Bed005.B.dialogueact710)..id(Bed005.B.dialogueact712)"/>
      <nite:child href="Bed005.B.dialogue-acts.xml#id(Bed005.B.dialogueact718)"/>
      <nite:child href="Bed005.C.dialogue-acts.xml#id(Bed005.C.dialogueact735)..id(Bed005.C.dialogueact736)"/>
      <nite:child href="Bed005.C.dialogue-acts.xml#id(Bed005.C.dialogueact738)"/>
      <nite:child href="Bed005.B.dialogue-acts.xml#id(Bed005.B.dialogueact776)..id(Bed005.B.dialogueact779)"/>
      <nite:child href="Bed005.B.dialogue-acts.xml#id(Bed005.B.dialogueact846)..id(Bed005.B.dialogueact851)"/>
      <nite:child href="Bed005.B.dialogue-acts.xml#id(Bed005.B.dialogueact866)"/>
      <nite:child href="Bed005.B.dialogue-acts.xml#id(Bed005.B.dialogueact859)"/>
      <nite:child href="Bed005.B.dialogue-acts.xml#id(Bed005.B.dialogueact872)"/>
      <nite:child href="Bed005.F.dialogue-acts.xml#id(Bed005.F.dialogueact901)"/>
      <nite:child href="Bed005.B.dialogue-acts.xml#id(Bed005.B.dialogueact908)..id(Bed005.B.dialogueact917)"/>
      <nite:child href="Bed005.B.dialogue-acts.xml#id(Bed005.B.dialogueact923)"/>
      <nite:child href="Bed005.B.dialogue-acts.xml#id(Bed005.B.dialogueact922)"/>
      <nite:child href="Bed005.B.dialogue-acts.xml#id(Bed005.B.dialogueact921)"/>
      <nite:child href="Bed005.B.dialogue-acts.xml#id(Bed005.B.dialogueact918)"/>
      <nite:child href="Bed005.D.dialogue-acts.xml#id(Bed005.D.dialogueact992)"/>
      <nite:child href="Bed005.D.dialogue-acts.xml#id(Bed005.D.dialogueact996)..id(Bed005.D.dialogueact997)"/>
      <nite:child href="Bed005.D.dialogue-acts.xml#id(Bed005.D.dialogueact1010)"/>
      <nite:child href="Bed005.D.dialogue-acts.xml#id(Bed005.D.dialogueact1041)"/>
      <nite:child href="Bed005.D.dialogue-acts.xml#id(Bed005.D.dialogueact1048)..id(Bed005.D.dialogueact1049)"/>
      <nite:child href="Bed005.D.dialogue-acts.xml#id(Bed005.D.dialogueact1059)"/>
      <nite:child href="Bed005.D.dialogue-acts.xml#id(Bed005.D.dialogueact1071)"/>
      <nite:child href="Bed005.B.dialogue-acts.xml#id(Bed005.B.dialogueact1070)"/>
      <nite:child href="Bed005.D.dialogue-acts.xml#id(Bed005.D.dialogueact1079)"/>
      <nite:child href="Bed005.D.dialogue-acts.xml#id(Bed005.D.dialogueact1073)"/>
      <nite:child href="Bed005.D.dialogue-acts.xml#id(Bed005.D.dialogueact1084)"/>
      <nite:child href="Bed005.B.dialogue-acts.xml#id(Bed005.B.dialogueact1093)..id(Bed005.B.dialogueact1094)"/>
      <nite:child href="Bed005.D.dialogue-acts.xml#id(Bed005.D.dialogueact1086)"/>
      <nite:child href="Bed005.D.dialogue-acts.xml#id(Bed005.D.dialogueact1125)"/>
      <nite:child href="Bed005.B.dialogue-acts.xml#id(Bed005.B.dialogueact1131)"/>
      <nite:child href="Bed005.B.dialogue-acts.xml#id(Bed005.B.dialogueact1172)"/>
      <nite:child href="Bed005.B.dialogue-acts.xml#id(Bed005.B.dialogueact1174)"/>
      <nite:child href="Bed005.B.dialogue-acts.xml#id(Bed005.B.dialogueact1230)"/>
      <nite:child href="Bed005.B.dialogue-acts.xml#id(Bed005.B.dialogueact1232)"/>
      <nite:child href="Bed005.B.dialogue-acts.xml#id(Bed005.B.dialogueact1235)"/>
      <nite:child href="Bed005.B.dialogue-acts.xml#id(Bed005.B.dialogueact1222)"/>
      <nite:child href="Bed005.B.dialogue-acts.xml#id(Bed005.B.dialogueact1263)"/>
      <nite:child href="Bed005.B.dialogue-acts.xml#id(Bed005.B.dialogueact1267)..id(Bed005.B.dialogueact1269)"/>
      <nite:child href="Bed005.B.dialogue-acts.xml#id(Bed005.B.dialogueact1276)..id(Bed005.B.dialogueact1277)"/>
      <nite:child href="Bed005.B.dialogue-acts.xml#id(Bed005.B.dialogueact1290)"/>
      <nite:child href="Bed005.B.dialogue-acts.xml#id(Bed005.B.dialogueact1302)"/>
      <nite:child href="Bed005.C.dialogue-acts.xml#id(Bed005.C.dialogueact1323)"/>
      <nite:child href="Bed005.C.dialogue-acts.xml#id(Bed005.C.dialogueact1330)"/>
      <nite:child href="Bed005.C.dialogue-acts.xml#id(Bed005.C.dialogueact1333)..id(Bed005.C.dialogueact1335)"/>
      <nite:child href="Bed005.C.dialogue-acts.xml#id(Bed005.C.dialogueact1347)"/>
      <nite:child href="Bed005.B.dialogue-acts.xml#id(Bed005.B.dialogueact1397)"/>
      <nite:child href="Bed005.B.dialogue-acts.xml#id(Bed005.B.dialogueact1399)"/>
      <nite:child href="Bed005.B.dialogue-acts.xml#id(Bed005.B.dialogueact1428)"/>
      <nite:child href="Bed005.D.dialogue-acts.xml#id(Bed005.D.dialogueact1456)..id(Bed005.D.dialogueact1458)"/>
      <nite:child href="Bed005.C.dialogue-acts.xml#id(Bed005.C.dialogueact1494)"/>
      <nite:child href="Bed005.B.dialogue-acts.xml#id(Bed005.B.dialogueact1496)"/>
      <nite:child href="Bed005.B.dialogue-acts.xml#id(Bed005.B.dialogueact716)"/>
      <nite:child href="Bed005.B.dialogue-acts.xml#id(Bed005.B.dialogueact1266)"/>
   </extsumm>
</nite:root>