<?xml version="1.0" encoding="ISO-8859-1" standalone="yes"?>
<nite:root nite:id="Bmr014.summlink" xmlns:nite="http://nite.sourceforge.net/">
   <summlink nite:id="Bmr014.summlink.1">
      <nite:pointer role="extractive"  href="Bmr014.C.dialogue-acts.xml#id(Bmr014.C.dialogueact23)"/>
      <nite:pointer role="abstractive"  href="Bmr014.abssumm.xml#id(Bmr014.s.4)"/>
   </summlink>
   <summlink nite:id="Bmr014.summlink.2">
      <nite:pointer role="extractive"  href="Bmr014.F.dialogue-acts.xml#id(Bmr014.F.dialogueact31)"/>
      <nite:pointer role="abstractive"  href="Bmr014.abssumm.xml#id(Bmr014.s.8)"/>
   </summlink>
   <summlink nite:id="Bmr014.summlink.3">
      <nite:pointer role="extractive"  href="Bmr014.E.dialogue-acts.xml#id(Bmr014.E.dialogueact130)"/>
      <nite:pointer role="abstractive"  href="Bmr014.abssumm.xml#id(Bmr014.s.1)"/>
   </summlink>
   <summlink nite:id="Bmr014.summlink.4">
      <nite:pointer role="extractive"  href="Bmr014.C.dialogue-acts.xml#id(Bmr014.C.dialogueact135)"/>
      <nite:pointer role="abstractive"  href="Bmr014.abssumm.xml#id(Bmr014.s.1)"/>
   </summlink>
   <summlink nite:id="Bmr014.summlink.5">
      <nite:pointer role="extractive"  href="Bmr014.C.dialogue-acts.xml#id(Bmr014.C.dialogueact135)"/>
      <nite:pointer role="abstractive"  href="Bmr014.abssumm.xml#id(Bmr014.s.12)"/>
   </summlink>
   <summlink nite:id="Bmr014.summlink.6">
      <nite:pointer role="extractive"  href="Bmr014.C.dialogue-acts.xml#id(Bmr014.C.dialogueact148)"/>
      <nite:pointer role="abstractive"  href="Bmr014.abssumm.xml#id(Bmr014.s.6)"/>
   </summlink>
   <summlink nite:id="Bmr014.summlink.7">
      <nite:pointer role="extractive"  href="Bmr014.C.dialogue-acts.xml#id(Bmr014.C.dialogueact148)"/>
      <nite:pointer role="abstractive"  href="Bmr014.abssumm.xml#id(Bmr014.s.1)"/>
   </summlink>
   <summlink nite:id="Bmr014.summlink.8">
      <nite:pointer role="extractive"  href="Bmr014.C.dialogue-acts.xml#id(Bmr014.C.dialogueact152)"/>
      <nite:pointer role="abstractive"  href="Bmr014.abssumm.xml#id(Bmr014.s.6)"/>
   </summlink>
   <summlink nite:id="Bmr014.summlink.9">
      <nite:pointer role="extractive"  href="Bmr014.C.dialogue-acts.xml#id(Bmr014.C.dialogueact152)"/>
      <nite:pointer role="abstractive"  href="Bmr014.abssumm.xml#id(Bmr014.s.1)"/>
   </summlink>
   <summlink nite:id="Bmr014.summlink.10">
      <nite:pointer role="extractive"  href="Bmr014.C.dialogue-acts.xml#id(Bmr014.C.dialogueact177)"/>
      <nite:pointer role="abstractive"  href="Bmr014.abssumm.xml#id(Bmr014.s.6)"/>
   </summlink>
   <summlink nite:id="Bmr014.summlink.11">
      <nite:pointer role="extractive"  href="Bmr014.C.dialogue-acts.xml#id(Bmr014.C.dialogueact177)"/>
      <nite:pointer role="abstractive"  href="Bmr014.abssumm.xml#id(Bmr014.s.1)"/>
   </summlink>
   <summlink nite:id="Bmr014.summlink.12">
      <nite:pointer role="extractive"  href="Bmr014.C.dialogue-acts.xml#id(Bmr014.C.dialogueact181)"/>
      <nite:pointer role="abstractive"  href="Bmr014.abssumm.xml#id(Bmr014.s.6)"/>
   </summlink>
   <summlink nite:id="Bmr014.summlink.13">
      <nite:pointer role="extractive"  href="Bmr014.C.dialogue-acts.xml#id(Bmr014.C.dialogueact181)"/>
      <nite:pointer role="abstractive"  href="Bmr014.abssumm.xml#id(Bmr014.s.1)"/>
   </summlink>
   <summlink nite:id="Bmr014.summlink.14">
      <nite:pointer role="extractive"  href="Bmr014.C.dialogue-acts.xml#id(Bmr014.C.dialogueact208)"/>
      <nite:pointer role="abstractive"  href="Bmr014.abssumm.xml#id(Bmr014.s.7)"/>
   </summlink>
   <summlink nite:id="Bmr014.summlink.15">
      <nite:pointer role="extractive"  href="Bmr014.C.dialogue-acts.xml#id(Bmr014.C.dialogueact209)"/>
      <nite:pointer role="abstractive"  href="Bmr014.abssumm.xml#id(Bmr014.s.7)"/>
   </summlink>
   <summlink nite:id="Bmr014.summlink.16">
      <nite:pointer role="extractive"  href="Bmr014.E.dialogue-acts.xml#id(Bmr014.E.dialogueact270)"/>
      <nite:pointer role="abstractive"  href="Bmr014.abssumm.xml#id(Bmr014.s.14)"/>
   </summlink>
   <summlink nite:id="Bmr014.summlink.17">
      <nite:pointer role="extractive"  href="Bmr014.E.dialogue-acts.xml#id(Bmr014.E.dialogueact272)"/>
      <nite:pointer role="abstractive"  href="Bmr014.abssumm.xml#id(Bmr014.s.14)"/>
   </summlink>
   <summlink nite:id="Bmr014.summlink.18">
      <nite:pointer role="extractive"  href="Bmr014.F.dialogue-acts.xml#id(Bmr014.F.dialogueact273)"/>
      <nite:pointer role="abstractive"  href="Bmr014.abssumm.xml#id(Bmr014.s.14)"/>
   </summlink>
   <summlink nite:id="Bmr014.summlink.19">
      <nite:pointer role="extractive"  href="Bmr014.C.dialogue-acts.xml#id(Bmr014.C.dialogueact286)"/>
      <nite:pointer role="abstractive"  href="Bmr014.abssumm.xml#id(Bmr014.s.14)"/>
   </summlink>
   <summlink nite:id="Bmr014.summlink.20">
      <nite:pointer role="extractive"  href="Bmr014.C.dialogue-acts.xml#id(Bmr014.C.dialogueact351)"/>
      <nite:pointer role="abstractive"  href="Bmr014.abssumm.xml#id(Bmr014.s.13)"/>
   </summlink>
   <summlink nite:id="Bmr014.summlink.21">
      <nite:pointer role="extractive"  href="Bmr014.E.dialogue-acts.xml#id(Bmr014.E.dialogueact365)"/>
      <nite:pointer role="abstractive"  href="Bmr014.abssumm.xml#id(Bmr014.s.13)"/>
   </summlink>
   <summlink nite:id="Bmr014.summlink.22">
      <nite:pointer role="extractive"  href="Bmr014.C.dialogue-acts.xml#id(Bmr014.C.dialogueact367)"/>
      <nite:pointer role="abstractive"  href="Bmr014.abssumm.xml#id(Bmr014.s.13)"/>
   </summlink>
   <summlink nite:id="Bmr014.summlink.23">
      <nite:pointer role="extractive"  href="Bmr014.F.dialogue-acts.xml#id(Bmr014.F.dialogueact376)"/>
      <nite:pointer role="abstractive"  href="Bmr014.abssumm.xml#id(Bmr014.s.15)"/>
   </summlink>
   <summlink nite:id="Bmr014.summlink.24">
      <nite:pointer role="extractive"  href="Bmr014.F.dialogue-acts.xml#id(Bmr014.F.dialogueact376)"/>
      <nite:pointer role="abstractive"  href="Bmr014.abssumm.xml#id(Bmr014.s.2)"/>
   </summlink>
   <summlink nite:id="Bmr014.summlink.25">
      <nite:pointer role="extractive"  href="Bmr014.F.dialogue-acts.xml#id(Bmr014.F.dialogueact377)"/>
      <nite:pointer role="abstractive"  href="Bmr014.abssumm.xml#id(Bmr014.s.2)"/>
   </summlink>
   <summlink nite:id="Bmr014.summlink.26">
      <nite:pointer role="extractive"  href="Bmr014.F.dialogue-acts.xml#id(Bmr014.F.dialogueact377)"/>
      <nite:pointer role="abstractive"  href="Bmr014.abssumm.xml#id(Bmr014.s.16)"/>
   </summlink>
   <summlink nite:id="Bmr014.summlink.27">
      <nite:pointer role="extractive"  href="Bmr014.F.dialogue-acts.xml#id(Bmr014.F.dialogueact378)"/>
      <nite:pointer role="abstractive"  href="Bmr014.abssumm.xml#id(Bmr014.s.16)"/>
   </summlink>
   <summlink nite:id="Bmr014.summlink.28">
      <nite:pointer role="extractive"  href="Bmr014.F.dialogue-acts.xml#id(Bmr014.F.dialogueact379)"/>
      <nite:pointer role="abstractive"  href="Bmr014.abssumm.xml#id(Bmr014.s.16)"/>
   </summlink>
   <summlink nite:id="Bmr014.summlink.29">
      <nite:pointer role="extractive"  href="Bmr014.F.dialogue-acts.xml#id(Bmr014.F.dialogueact380)"/>
      <nite:pointer role="abstractive"  href="Bmr014.abssumm.xml#id(Bmr014.s.16)"/>
   </summlink>
   <summlink nite:id="Bmr014.summlink.30">
      <nite:pointer role="extractive"  href="Bmr014.F.dialogue-acts.xml#id(Bmr014.F.dialogueact380)"/>
      <nite:pointer role="abstractive"  href="Bmr014.abssumm.xml#id(Bmr014.s.2)"/>
   </summlink>
   <summlink nite:id="Bmr014.summlink.31">
      <nite:pointer role="extractive"  href="Bmr014.F.dialogue-acts.xml#id(Bmr014.F.dialogueact379)"/>
      <nite:pointer role="abstractive"  href="Bmr014.abssumm.xml#id(Bmr014.s.2)"/>
   </summlink>
   <summlink nite:id="Bmr014.summlink.32">
      <nite:pointer role="extractive"  href="Bmr014.F.dialogue-acts.xml#id(Bmr014.F.dialogueact424)"/>
      <nite:pointer role="abstractive"  href="Bmr014.abssumm.xml#id(Bmr014.s.16)"/>
   </summlink>
   <summlink nite:id="Bmr014.summlink.33">
      <nite:pointer role="extractive"  href="Bmr014.F.dialogue-acts.xml#id(Bmr014.F.dialogueact425)"/>
      <nite:pointer role="abstractive"  href="Bmr014.abssumm.xml#id(Bmr014.s.16)"/>
   </summlink>
   <summlink nite:id="Bmr014.summlink.34">
      <nite:pointer role="extractive"  href="Bmr014.F.dialogue-acts.xml#id(Bmr014.F.dialogueact427)"/>
      <nite:pointer role="abstractive"  href="Bmr014.abssumm.xml#id(Bmr014.s.16)"/>
   </summlink>
   <summlink nite:id="Bmr014.summlink.35">
      <nite:pointer role="extractive"  href="Bmr014.F.dialogue-acts.xml#id(Bmr014.F.dialogueact428)"/>
      <nite:pointer role="abstractive"  href="Bmr014.abssumm.xml#id(Bmr014.s.16)"/>
   </summlink>
   <summlink nite:id="Bmr014.summlink.36">
      <nite:pointer role="extractive"  href="Bmr014.F.dialogue-acts.xml#id(Bmr014.F.dialogueact484)"/>
      <nite:pointer role="abstractive"  href="Bmr014.abssumm.xml#id(Bmr014.s.17)"/>
   </summlink>
   <summlink nite:id="Bmr014.summlink.37">
      <nite:pointer role="extractive"  href="Bmr014.F.dialogue-acts.xml#id(Bmr014.F.dialogueact487)"/>
      <nite:pointer role="abstractive"  href="Bmr014.abssumm.xml#id(Bmr014.s.19)"/>
   </summlink>
   <summlink nite:id="Bmr014.summlink.38">
      <nite:pointer role="extractive"  href="Bmr014.F.dialogue-acts.xml#id(Bmr014.F.dialogueact501)"/>
      <nite:pointer role="abstractive"  href="Bmr014.abssumm.xml#id(Bmr014.s.18)"/>
   </summlink>
   <summlink nite:id="Bmr014.summlink.39">
      <nite:pointer role="extractive"  href="Bmr014.A.dialogue-acts.xml#id(Bmr014.A.dialogueact581)"/>
      <nite:pointer role="abstractive"  href="Bmr014.abssumm.xml#id(Bmr014.s.19)"/>
   </summlink>
   <summlink nite:id="Bmr014.summlink.40">
      <nite:pointer role="extractive"  href="Bmr014.A.dialogue-acts.xml#id(Bmr014.A.dialogueact585)"/>
      <nite:pointer role="abstractive"  href="Bmr014.abssumm.xml#id(Bmr014.s.20)"/>
   </summlink>
   <summlink nite:id="Bmr014.summlink.41">
      <nite:pointer role="extractive"  href="Bmr014.A.dialogue-acts.xml#id(Bmr014.A.dialogueact633)"/>
      <nite:pointer role="abstractive"  href="Bmr014.abssumm.xml#id(Bmr014.s.3)"/>
   </summlink>
   <summlink nite:id="Bmr014.summlink.42">
      <nite:pointer role="extractive"  href="Bmr014.A.dialogue-acts.xml#id(Bmr014.A.dialogueact633)"/>
      <nite:pointer role="abstractive"  href="Bmr014.abssumm.xml#id(Bmr014.s.21)"/>
   </summlink>
   <summlink nite:id="Bmr014.summlink.43">
      <nite:pointer role="extractive"  href="Bmr014.A.dialogue-acts.xml#id(Bmr014.A.dialogueact634)"/>
      <nite:pointer role="abstractive"  href="Bmr014.abssumm.xml#id(Bmr014.s.3)"/>
   </summlink>
   <summlink nite:id="Bmr014.summlink.44">
      <nite:pointer role="extractive"  href="Bmr014.A.dialogue-acts.xml#id(Bmr014.A.dialogueact634)"/>
      <nite:pointer role="abstractive"  href="Bmr014.abssumm.xml#id(Bmr014.s.21)"/>
   </summlink>
   <summlink nite:id="Bmr014.summlink.45">
      <nite:pointer role="extractive"  href="Bmr014.A.dialogue-acts.xml#id(Bmr014.A.dialogueact635)"/>
      <nite:pointer role="abstractive"  href="Bmr014.abssumm.xml#id(Bmr014.s.21)"/>
   </summlink>
   <summlink nite:id="Bmr014.summlink.46">
      <nite:pointer role="extractive"  href="Bmr014.E.dialogue-acts.xml#id(Bmr014.E.dialogueact645)"/>
      <nite:pointer role="abstractive"  href="Bmr014.abssumm.xml#id(Bmr014.s.4)"/>
   </summlink>
   <summlink nite:id="Bmr014.summlink.47">
      <nite:pointer role="extractive"  href="Bmr014.E.dialogue-acts.xml#id(Bmr014.E.dialogueact645)"/>
      <nite:pointer role="abstractive"  href="Bmr014.abssumm.xml#id(Bmr014.s.22)"/>
   </summlink>
   <summlink nite:id="Bmr014.summlink.48">
      <nite:pointer role="extractive"  href="Bmr014.C.dialogue-acts.xml#id(Bmr014.C.dialogueact648)"/>
      <nite:pointer role="abstractive"  href="Bmr014.abssumm.xml#id(Bmr014.s.4)"/>
   </summlink>
   <summlink nite:id="Bmr014.summlink.49">
      <nite:pointer role="extractive"  href="Bmr014.C.dialogue-acts.xml#id(Bmr014.C.dialogueact648)"/>
      <nite:pointer role="abstractive"  href="Bmr014.abssumm.xml#id(Bmr014.s.22)"/>
   </summlink>
   <summlink nite:id="Bmr014.summlink.50">
      <nite:pointer role="extractive"  href="Bmr014.B.dialogue-acts.xml#id(Bmr014.B.dialogueact749)"/>
      <nite:pointer role="abstractive"  href="Bmr014.abssumm.xml#id(Bmr014.s.10)"/>
   </summlink>
   <summlink nite:id="Bmr014.summlink.51">
      <nite:pointer role="extractive"  href="Bmr014.B.dialogue-acts.xml#id(Bmr014.B.dialogueact754)"/>
      <nite:pointer role="abstractive"  href="Bmr014.abssumm.xml#id(Bmr014.s.10)"/>
   </summlink>
   <summlink nite:id="Bmr014.summlink.52">
      <nite:pointer role="extractive"  href="Bmr014.E.dialogue-acts.xml#id(Bmr014.E.dialogueact892)"/>
      <nite:pointer role="abstractive"  href="Bmr014.abssumm.xml#id(Bmr014.s.11)"/>
   </summlink>
   <summlink nite:id="Bmr014.summlink.53">
      <nite:pointer role="extractive"  href="Bmr014.E.dialogue-acts.xml#id(Bmr014.E.dialogueact893)"/>
      <nite:pointer role="abstractive"  href="Bmr014.abssumm.xml#id(Bmr014.s.11)"/>
   </summlink>
   <summlink nite:id="Bmr014.summlink.54">
      <nite:pointer role="extractive"  href="Bmr014.C.dialogue-acts.xml#id(Bmr014.C.dialogueact1025)"/>
      <nite:pointer role="abstractive"  href="Bmr014.abssumm.xml#id(Bmr014.s.4)"/>
   </summlink>
   <summlink nite:id="Bmr014.summlink.55">
      <nite:pointer role="extractive"  href="Bmr014.C.dialogue-acts.xml#id(Bmr014.C.dialogueact1025)"/>
      <nite:pointer role="abstractive"  href="Bmr014.abssumm.xml#id(Bmr014.s.22)"/>
   </summlink>
   <summlink nite:id="Bmr014.summlink.56">
      <nite:pointer role="extractive"  href="Bmr014.C.dialogue-acts.xml#id(Bmr014.C.dialogueact1025)"/>
      <nite:pointer role="abstractive"  href="Bmr014.abssumm.xml#id(Bmr014.s.5)"/>
   </summlink>
   <summlink nite:id="Bmr014.summlink.57">
      <nite:pointer role="extractive"  href="Bmr014.C.dialogue-acts.xml#id(Bmr014.C.dialogueact1029)"/>
      <nite:pointer role="abstractive"  href="Bmr014.abssumm.xml#id(Bmr014.s.4)"/>
   </summlink>
   <summlink nite:id="Bmr014.summlink.58">
      <nite:pointer role="extractive"  href="Bmr014.C.dialogue-acts.xml#id(Bmr014.C.dialogueact1029)"/>
      <nite:pointer role="abstractive"  href="Bmr014.abssumm.xml#id(Bmr014.s.22)"/>
   </summlink>
   <summlink nite:id="Bmr014.summlink.59">
      <nite:pointer role="extractive"  href="Bmr014.C.dialogue-acts.xml#id(Bmr014.C.dialogueact1030)"/>
      <nite:pointer role="abstractive"  href="Bmr014.abssumm.xml#id(Bmr014.s.22)"/>
   </summlink>
   <summlink nite:id="Bmr014.summlink.60">
      <nite:pointer role="extractive"  href="Bmr014.C.dialogue-acts.xml#id(Bmr014.C.dialogueact1030)"/>
      <nite:pointer role="abstractive"  href="Bmr014.abssumm.xml#id(Bmr014.s.4)"/>
   </summlink>
   <summlink nite:id="Bmr014.summlink.61">
      <nite:pointer role="extractive"  href="Bmr014.C.dialogue-acts.xml#id(Bmr014.C.dialogueact1030)"/>
      <nite:pointer role="abstractive"  href="Bmr014.abssumm.xml#id(Bmr014.s.5)"/>
   </summlink>
   <summlink nite:id="Bmr014.summlink.62">
      <nite:pointer role="extractive"  href="Bmr014.C.dialogue-acts.xml#id(Bmr014.C.dialogueact1029)"/>
      <nite:pointer role="abstractive"  href="Bmr014.abssumm.xml#id(Bmr014.s.5)"/>
   </summlink>
   <summlink nite:id="Bmr014.summlink.63">
      <nite:pointer role="extractive"  href="Bmr014.E.dialogue-acts.xml#id(Bmr014.E.dialogueact1096)"/>
      <nite:pointer role="abstractive"  href="Bmr014.abssumm.xml#id(Bmr014.s.5)"/>
   </summlink>
</nite:root>