<?xml version="1.0" encoding="ISO-8859-1" standalone="yes"?>
<nite:root nite:id="Bmr019.extsumm" xmlns:nite="http://nite.sourceforge.net/">
   <extsumm nite:id="Bmr019.extsumm.1">
      <nite:child href="Bmr019.E.dialogue-acts.xml#id(Bmr019.E.dialogueact544)..id(Bmr019.E.dialogueact547)"/>
      <nite:child href="Bmr019.F.dialogue-acts.xml#id(Bmr019.F.dialogueact597)"/>
      <nite:child href="Bmr019.B.dialogue-acts.xml#id(Bmr019.B.dialogueact605)..id(Bmr019.B.dialogueact607)"/>
      <nite:child href="Bmr019.B.dialogue-acts.xml#id(Bmr019.B.dialogueact613)"/>
      <nite:child href="Bmr019.F.dialogue-acts.xml#id(Bmr019.F.dialogueact617)..id(Bmr019.F.dialogueact618)"/>
      <nite:child href="Bmr019.F.dialogue-acts.xml#id(Bmr019.F.dialogueact638)"/>
      <nite:child href="Bmr019.E.dialogue-acts.xml#id(Bmr019.E.dialogueact640)"/>
      <nite:child href="Bmr019.F.dialogue-acts.xml#id(Bmr019.F.dialogueact651)"/>
      <nite:child href="Bmr019.A.dialogue-acts.xml#id(Bmr019.A.dialogueact667)"/>
      <nite:child href="Bmr019.A.dialogue-acts.xml#id(Bmr019.A.dialogueact686)..id(Bmr019.A.dialogueact688)"/>
      <nite:child href="Bmr019.F.dialogue-acts.xml#id(Bmr019.F.dialogueact689)"/>
      <nite:child href="Bmr019.F.dialogue-acts.xml#id(Bmr019.F.dialogueact694)"/>
      <nite:child href="Bmr019.F.dialogue-acts.xml#id(Bmr019.F.dialogueact699)"/>
      <nite:child href="Bmr019.B.dialogue-acts.xml#id(Bmr019.B.dialogueact542)"/>
      <nite:child href="Bmr019.F.dialogue-acts.xml#id(Bmr019.F.dialogueact637)"/>
      <nite:child href="Bmr019.F.dialogue-acts.xml#id(Bmr019.F.dialogueact635)"/>
      <nite:child href="Bmr019.A.dialogue-acts.xml#id(Bmr019.A.dialogueact705)..id(Bmr019.A.dialogueact706)"/>
      <nite:child href="Bmr019.F.dialogue-acts.xml#id(Bmr019.F.dialogueact701)"/>
      <nite:child href="Bmr019.A.dialogue-acts.xml#id(Bmr019.A.dialogueact712)"/>
      <nite:child href="Bmr019.A.dialogue-acts.xml#id(Bmr019.A.dialogueact716)"/>
      <nite:child href="Bmr019.A.dialogue-acts.xml#id(Bmr019.A.dialogueact740)"/>
      <nite:child href="Bmr019.A.dialogue-acts.xml#id(Bmr019.A.dialogueact736)"/>
      <nite:child href="Bmr019.F.dialogue-acts.xml#id(Bmr019.F.dialogueact749)..id(Bmr019.F.dialogueact750)"/>
      <nite:child href="Bmr019.F.dialogue-acts.xml#id(Bmr019.F.dialogueact752)"/>
      <nite:child href="Bmr019.A.dialogue-acts.xml#id(Bmr019.A.dialogueact761)"/>
      <nite:child href="Bmr019.F.dialogue-acts.xml#id(Bmr019.F.dialogueact781)..id(Bmr019.F.dialogueact782)"/>
      <nite:child href="Bmr019.F.dialogue-acts.xml#id(Bmr019.F.dialogueact784)"/>
      <nite:child href="Bmr019.A.dialogue-acts.xml#id(Bmr019.A.dialogueact849)..id(Bmr019.A.dialogueact851)"/>
      <nite:child href="Bmr019.A.dialogue-acts.xml#id(Bmr019.A.dialogueact877)..id(Bmr019.A.dialogueact879)"/>
      <nite:child href="Bmr019.G.dialogue-acts.xml#id(Bmr019.G.dialogueact941)"/>
      <nite:child href="Bmr019.C.dialogue-acts.xml#id(Bmr019.C.dialogueact944)"/>
      <nite:child href="Bmr019.G.dialogue-acts.xml#id(Bmr019.G.dialogueact975)"/>
      <nite:child href="Bmr019.C.dialogue-acts.xml#id(Bmr019.C.dialogueact985)"/>
      <nite:child href="Bmr019.A.dialogue-acts.xml#id(Bmr019.A.dialogueact1063)"/>
      <nite:child href="Bmr019.A.dialogue-acts.xml#id(Bmr019.A.dialogueact1066)..id(Bmr019.A.dialogueact1070)"/>
      <nite:child href="Bmr019.B.dialogue-acts.xml#id(Bmr019.B.dialogueact1073)"/>
      <nite:child href="Bmr019.A.dialogue-acts.xml#id(Bmr019.A.dialogueact1099)"/>
      <nite:child href="Bmr019.F.dialogue-acts.xml#id(Bmr019.F.dialogueact1103)"/>
      <nite:child href="Bmr019.A.dialogue-acts.xml#id(Bmr019.A.dialogueact1105)"/>
      <nite:child href="Bmr019.F.dialogue-acts.xml#id(Bmr019.F.dialogueact1211)..id(Bmr019.F.dialogueact1213)"/>
      <nite:child href="Bmr019.F.dialogue-acts.xml#id(Bmr019.F.dialogueact1249)..id(Bmr019.F.dialogueact1251)"/>
      <nite:child href="Bmr019.B.dialogue-acts.xml#id(Bmr019.B.dialogueact1484)..id(Bmr019.B.dialogueact1487)"/>
      <nite:child href="Bmr019.B.dialogue-acts.xml#id(Bmr019.B.dialogueact1491)"/>
      <nite:child href="Bmr019.F.dialogue-acts.xml#id(Bmr019.F.dialogueact1666)"/>
      <nite:child href="Bmr019.F.dialogue-acts.xml#id(Bmr019.F.dialogueact1672)"/>
      <nite:child href="Bmr019.A.dialogue-acts.xml#id(Bmr019.A.dialogueact1679)"/>
      <nite:child href="Bmr019.A.dialogue-acts.xml#id(Bmr019.A.dialogueact514)"/>
      <nite:child href="Bmr019.A.dialogue-acts.xml#id(Bmr019.A.dialogueact707)..id(Bmr019.A.dialogueact711)"/>
      <nite:child href="Bmr019.E.dialogue-acts.xml#id(Bmr019.E.dialogueact12)"/>
      <nite:child href="Bmr019.E.dialogue-acts.xml#id(Bmr019.E.dialogueact90)"/>
      <nite:child href="Bmr019.B.dialogue-acts.xml#id(Bmr019.B.dialogueact142)..id(Bmr019.B.dialogueact145)"/>
      <nite:child href="Bmr019.F.dialogue-acts.xml#id(Bmr019.F.dialogueact155)"/>
      <nite:child href="Bmr019.B.dialogue-acts.xml#id(Bmr019.B.dialogueact184)"/>
      <nite:child href="Bmr019.B.dialogue-acts.xml#id(Bmr019.B.dialogueact188)"/>
      <nite:child href="Bmr019.B.dialogue-acts.xml#id(Bmr019.B.dialogueact201)"/>
      <nite:child href="Bmr019.B.dialogue-acts.xml#id(Bmr019.B.dialogueact205)"/>
      <nite:child href="Bmr019.F.dialogue-acts.xml#id(Bmr019.F.dialogueact233)"/>
      <nite:child href="Bmr019.F.dialogue-acts.xml#id(Bmr019.F.dialogueact240)"/>
      <nite:child href="Bmr019.F.dialogue-acts.xml#id(Bmr019.F.dialogueact285)..id(Bmr019.F.dialogueact287)"/>
      <nite:child href="Bmr019.F.dialogue-acts.xml#id(Bmr019.F.dialogueact307)"/>
      <nite:child href="Bmr019.E.dialogue-acts.xml#id(Bmr019.E.dialogueact315)"/>
      <nite:child href="Bmr019.F.dialogue-acts.xml#id(Bmr019.F.dialogueact332)"/>
      <nite:child href="Bmr019.F.dialogue-acts.xml#id(Bmr019.F.dialogueact361)"/>
      <nite:child href="Bmr019.B.dialogue-acts.xml#id(Bmr019.B.dialogueact406)"/>
      <nite:child href="Bmr019.B.dialogue-acts.xml#id(Bmr019.B.dialogueact410)..id(Bmr019.B.dialogueact411)"/>
      <nite:child href="Bmr019.B.dialogue-acts.xml#id(Bmr019.B.dialogueact470)"/>
      <nite:child href="Bmr019.B.dialogue-acts.xml#id(Bmr019.B.dialogueact483)"/>
      <nite:child href="Bmr019.E.dialogue-acts.xml#id(Bmr019.E.dialogueact489)..id(Bmr019.E.dialogueact493)"/>
      <nite:child href="Bmr019.A.dialogue-acts.xml#id(Bmr019.A.dialogueact503)"/>
      <nite:child href="Bmr019.A.dialogue-acts.xml#id(Bmr019.A.dialogueact506)"/>
      <nite:child href="Bmr019.A.dialogue-acts.xml#id(Bmr019.A.dialogueact508)"/>
      <nite:child href="Bmr019.B.dialogue-acts.xml#id(Bmr019.B.dialogueact510)"/>
      <nite:child href="Bmr019.B.dialogue-acts.xml#id(Bmr019.B.dialogueact515)..id(Bmr019.B.dialogueact518)"/>
      <nite:child href="Bmr019.F.dialogue-acts.xml#id(Bmr019.F.dialogueact528)"/>
      <nite:child href="Bmr019.A.dialogue-acts.xml#id(Bmr019.A.dialogueact737)..id(Bmr019.A.dialogueact739)"/>
      <nite:child href="Bmr019.A.dialogue-acts.xml#id(Bmr019.A.dialogueact817)"/>
      <nite:child href="Bmr019.A.dialogue-acts.xml#id(Bmr019.A.dialogueact847)"/>
      <nite:child href="Bmr019.C.dialogue-acts.xml#id(Bmr019.C.dialogueact875)"/>
      <nite:child href="Bmr019.A.dialogue-acts.xml#id(Bmr019.A.dialogueact892)"/>
      <nite:child href="Bmr019.C.dialogue-acts.xml#id(Bmr019.C.dialogueact992)"/>
      <nite:child href="Bmr019.A.dialogue-acts.xml#id(Bmr019.A.dialogueact1035)"/>
      <nite:child href="Bmr019.A.dialogue-acts.xml#id(Bmr019.A.dialogueact1044)"/>
      <nite:child href="Bmr019.A.dialogue-acts.xml#id(Bmr019.A.dialogueact1043)"/>
      <nite:child href="Bmr019.A.dialogue-acts.xml#id(Bmr019.A.dialogueact1098)"/>
      <nite:child href="Bmr019.A.dialogue-acts.xml#id(Bmr019.A.dialogueact1101)"/>
      <nite:child href="Bmr019.A.dialogue-acts.xml#id(Bmr019.A.dialogueact1104)"/>
      <nite:child href="Bmr019.F.dialogue-acts.xml#id(Bmr019.F.dialogueact1170)..id(Bmr019.F.dialogueact1171)"/>
      <nite:child href="Bmr019.F.dialogue-acts.xml#id(Bmr019.F.dialogueact1180)"/>
      <nite:child href="Bmr019.F.dialogue-acts.xml#id(Bmr019.F.dialogueact1179)"/>
      <nite:child href="Bmr019.F.dialogue-acts.xml#id(Bmr019.F.dialogueact1183)..id(Bmr019.F.dialogueact1184)"/>
      <nite:child href="Bmr019.F.dialogue-acts.xml#id(Bmr019.F.dialogueact1198)..id(Bmr019.F.dialogueact1199)"/>
      <nite:child href="Bmr019.A.dialogue-acts.xml#id(Bmr019.A.dialogueact1217)..id(Bmr019.A.dialogueact1218)"/>
   </extsumm>
</nite:root>