<?xml version="1.0" encoding="ISO-8859-1" standalone="yes"?>
<nite:root nite:id="Bmr007.summlink" xmlns:nite="http://nite.sourceforge.net/">
   <summlink nite:id="Bmr007.summlink.1">
      <nite:pointer role="extractive"  href="Bmr007.F.dialogue-acts.xml#id(Bmr007.F.dialogueact88)"/>
      <nite:pointer role="abstractive"  href="Bmr007.abssumm.xml#id(Bmr007.s.15)"/>
   </summlink>
   <summlink nite:id="Bmr007.summlink.3">
      <nite:pointer role="extractive"  href="Bmr007.F.dialogue-acts.xml#id(Bmr007.F.dialogueact89)"/>
      <nite:pointer role="abstractive"  href="Bmr007.abssumm.xml#id(Bmr007.s.16)"/>
   </summlink>
   <summlink nite:id="Bmr007.summlink.4">
      <nite:pointer role="extractive"  href="Bmr007.F.dialogue-acts.xml#id(Bmr007.F.dialogueact94)"/>
      <nite:pointer role="abstractive"  href="Bmr007.abssumm.xml#id(Bmr007.s.15)"/>
   </summlink>
   <summlink nite:id="Bmr007.summlink.5">
      <nite:pointer role="extractive"  href="Bmr007.F.dialogue-acts.xml#id(Bmr007.F.dialogueact98)"/>
      <nite:pointer role="abstractive"  href="Bmr007.abssumm.xml#id(Bmr007.s.17)"/>
   </summlink>
   <summlink nite:id="Bmr007.summlink.6">
      <nite:pointer role="extractive"  href="Bmr007.F.dialogue-acts.xml#id(Bmr007.F.dialogueact118)"/>
      <nite:pointer role="abstractive"  href="Bmr007.abssumm.xml#id(Bmr007.s.18)"/>
   </summlink>
   <summlink nite:id="Bmr007.summlink.7">
      <nite:pointer role="extractive"  href="Bmr007.F.dialogue-acts.xml#id(Bmr007.F.dialogueact130)"/>
      <nite:pointer role="abstractive"  href="Bmr007.abssumm.xml#id(Bmr007.s.2)"/>
   </summlink>
   <summlink nite:id="Bmr007.summlink.8">
      <nite:pointer role="extractive"  href="Bmr007.F.dialogue-acts.xml#id(Bmr007.F.dialogueact140)"/>
      <nite:pointer role="abstractive"  href="Bmr007.abssumm.xml#id(Bmr007.s.2)"/>
   </summlink>
   <summlink nite:id="Bmr007.summlink.9">
      <nite:pointer role="extractive"  href="Bmr007.F.dialogue-acts.xml#id(Bmr007.F.dialogueact142)"/>
      <nite:pointer role="abstractive"  href="Bmr007.abssumm.xml#id(Bmr007.s.3)"/>
   </summlink>
   <summlink nite:id="Bmr007.summlink.10">
      <nite:pointer role="extractive"  href="Bmr007.F.dialogue-acts.xml#id(Bmr007.F.dialogueact142)"/>
      <nite:pointer role="abstractive"  href="Bmr007.abssumm.xml#id(Bmr007.s.18)"/>
   </summlink>
   <summlink nite:id="Bmr007.summlink.11">
      <nite:pointer role="extractive"  href="Bmr007.F.dialogue-acts.xml#id(Bmr007.F.dialogueact143)"/>
      <nite:pointer role="abstractive"  href="Bmr007.abssumm.xml#id(Bmr007.s.9)"/>
   </summlink>
   <summlink nite:id="Bmr007.summlink.12">
      <nite:pointer role="extractive"  href="Bmr007.F.dialogue-acts.xml#id(Bmr007.F.dialogueact143)"/>
      <nite:pointer role="abstractive"  href="Bmr007.abssumm.xml#id(Bmr007.s.2)"/>
   </summlink>
   <summlink nite:id="Bmr007.summlink.13">
      <nite:pointer role="extractive"  href="Bmr007.F.dialogue-acts.xml#id(Bmr007.F.dialogueact173)"/>
      <nite:pointer role="abstractive"  href="Bmr007.abssumm.xml#id(Bmr007.s.3)"/>
   </summlink>
   <summlink nite:id="Bmr007.summlink.14">
      <nite:pointer role="extractive"  href="Bmr007.F.dialogue-acts.xml#id(Bmr007.F.dialogueact173)"/>
      <nite:pointer role="abstractive"  href="Bmr007.abssumm.xml#id(Bmr007.s.19)"/>
   </summlink>
   <summlink nite:id="Bmr007.summlink.15">
      <nite:pointer role="extractive"  href="Bmr007.F.dialogue-acts.xml#id(Bmr007.F.dialogueact174)"/>
      <nite:pointer role="abstractive"  href="Bmr007.abssumm.xml#id(Bmr007.s.19)"/>
   </summlink>
   <summlink nite:id="Bmr007.summlink.16">
      <nite:pointer role="extractive"  href="Bmr007.F.dialogue-acts.xml#id(Bmr007.F.dialogueact194)"/>
      <nite:pointer role="abstractive"  href="Bmr007.abssumm.xml#id(Bmr007.s.19)"/>
   </summlink>
   <summlink nite:id="Bmr007.summlink.17">
      <nite:pointer role="extractive"  href="Bmr007.F.dialogue-acts.xml#id(Bmr007.F.dialogueact194)"/>
      <nite:pointer role="abstractive"  href="Bmr007.abssumm.xml#id(Bmr007.s.3)"/>
   </summlink>
   <summlink nite:id="Bmr007.summlink.18">
      <nite:pointer role="extractive"  href="Bmr007.F.dialogue-acts.xml#id(Bmr007.F.dialogueact195)"/>
      <nite:pointer role="abstractive"  href="Bmr007.abssumm.xml#id(Bmr007.s.19)"/>
   </summlink>
   <summlink nite:id="Bmr007.summlink.19">
      <nite:pointer role="extractive"  href="Bmr007.F.dialogue-acts.xml#id(Bmr007.F.dialogueact196)"/>
      <nite:pointer role="abstractive"  href="Bmr007.abssumm.xml#id(Bmr007.s.19)"/>
   </summlink>
   <summlink nite:id="Bmr007.summlink.20">
      <nite:pointer role="extractive"  href="Bmr007.F.dialogue-acts.xml#id(Bmr007.F.dialogueact204)"/>
      <nite:pointer role="abstractive"  href="Bmr007.abssumm.xml#id(Bmr007.s.19)"/>
   </summlink>
   <summlink nite:id="Bmr007.summlink.21">
      <nite:pointer role="extractive"  href="Bmr007.F.dialogue-acts.xml#id(Bmr007.F.dialogueact206)"/>
      <nite:pointer role="abstractive"  href="Bmr007.abssumm.xml#id(Bmr007.s.3)"/>
   </summlink>
   <summlink nite:id="Bmr007.summlink.22">
      <nite:pointer role="extractive"  href="Bmr007.F.dialogue-acts.xml#id(Bmr007.F.dialogueact206)"/>
      <nite:pointer role="abstractive"  href="Bmr007.abssumm.xml#id(Bmr007.s.19)"/>
   </summlink>
   <summlink nite:id="Bmr007.summlink.23">
      <nite:pointer role="extractive"  href="Bmr007.D.dialogue-acts.xml#id(Bmr007.D.dialogueact208)"/>
      <nite:pointer role="abstractive"  href="Bmr007.abssumm.xml#id(Bmr007.s.2)"/>
   </summlink>
   <summlink nite:id="Bmr007.summlink.24">
      <nite:pointer role="extractive"  href="Bmr007.D.dialogue-acts.xml#id(Bmr007.D.dialogueact208)"/>
      <nite:pointer role="abstractive"  href="Bmr007.abssumm.xml#id(Bmr007.s.17)"/>
   </summlink>
   <summlink nite:id="Bmr007.summlink.25">
      <nite:pointer role="extractive"  href="Bmr007.D.dialogue-acts.xml#id(Bmr007.D.dialogueact215)"/>
      <nite:pointer role="abstractive"  href="Bmr007.abssumm.xml#id(Bmr007.s.2)"/>
   </summlink>
   <summlink nite:id="Bmr007.summlink.26">
      <nite:pointer role="extractive"  href="Bmr007.F.dialogue-acts.xml#id(Bmr007.F.dialogueact285)"/>
      <nite:pointer role="abstractive"  href="Bmr007.abssumm.xml#id(Bmr007.s.16)"/>
   </summlink>
   <summlink nite:id="Bmr007.summlink.27">
      <nite:pointer role="extractive"  href="Bmr007.B.dialogue-acts.xml#id(Bmr007.B.dialogueact350)"/>
      <nite:pointer role="abstractive"  href="Bmr007.abssumm.xml#id(Bmr007.s.3)"/>
   </summlink>
   <summlink nite:id="Bmr007.summlink.28">
      <nite:pointer role="extractive"  href="Bmr007.B.dialogue-acts.xml#id(Bmr007.B.dialogueact350)"/>
      <nite:pointer role="abstractive"  href="Bmr007.abssumm.xml#id(Bmr007.s.20)"/>
   </summlink>
   <summlink nite:id="Bmr007.summlink.29">
      <nite:pointer role="extractive"  href="Bmr007.D.dialogue-acts.xml#id(Bmr007.D.dialogueact369)"/>
      <nite:pointer role="abstractive"  href="Bmr007.abssumm.xml#id(Bmr007.s.1)"/>
   </summlink>
   <summlink nite:id="Bmr007.summlink.30">
      <nite:pointer role="extractive"  href="Bmr007.D.dialogue-acts.xml#id(Bmr007.D.dialogueact369)"/>
      <nite:pointer role="abstractive"  href="Bmr007.abssumm.xml#id(Bmr007.s.15)"/>
   </summlink>
   <summlink nite:id="Bmr007.summlink.31">
      <nite:pointer role="extractive"  href="Bmr007.B.dialogue-acts.xml#id(Bmr007.B.dialogueact381)"/>
      <nite:pointer role="abstractive"  href="Bmr007.abssumm.xml#id(Bmr007.s.20)"/>
   </summlink>
   <summlink nite:id="Bmr007.summlink.32">
      <nite:pointer role="extractive"  href="Bmr007.B.dialogue-acts.xml#id(Bmr007.B.dialogueact381)"/>
      <nite:pointer role="abstractive"  href="Bmr007.abssumm.xml#id(Bmr007.s.3)"/>
   </summlink>
   <summlink nite:id="Bmr007.summlink.33">
      <nite:pointer role="extractive"  href="Bmr007.B.dialogue-acts.xml#id(Bmr007.B.dialogueact393)"/>
      <nite:pointer role="abstractive"  href="Bmr007.abssumm.xml#id(Bmr007.s.8)"/>
   </summlink>
   <summlink nite:id="Bmr007.summlink.34">
      <nite:pointer role="extractive"  href="Bmr007.B.dialogue-acts.xml#id(Bmr007.B.dialogueact399)"/>
      <nite:pointer role="abstractive"  href="Bmr007.abssumm.xml#id(Bmr007.s.8)"/>
   </summlink>
   <summlink nite:id="Bmr007.summlink.35">
      <nite:pointer role="extractive"  href="Bmr007.D.dialogue-acts.xml#id(Bmr007.D.dialogueact433)"/>
      <nite:pointer role="abstractive"  href="Bmr007.abssumm.xml#id(Bmr007.s.2)"/>
   </summlink>
   <summlink nite:id="Bmr007.summlink.36">
      <nite:pointer role="extractive"  href="Bmr007.D.dialogue-acts.xml#id(Bmr007.D.dialogueact433)"/>
      <nite:pointer role="abstractive"  href="Bmr007.abssumm.xml#id(Bmr007.s.17)"/>
   </summlink>
   <summlink nite:id="Bmr007.summlink.37">
      <nite:pointer role="extractive"  href="Bmr007.D.dialogue-acts.xml#id(Bmr007.D.dialogueact454)"/>
      <nite:pointer role="abstractive"  href="Bmr007.abssumm.xml#id(Bmr007.s.2)"/>
   </summlink>
   <summlink nite:id="Bmr007.summlink.38">
      <nite:pointer role="extractive"  href="Bmr007.D.dialogue-acts.xml#id(Bmr007.D.dialogueact454)"/>
      <nite:pointer role="abstractive"  href="Bmr007.abssumm.xml#id(Bmr007.s.17)"/>
   </summlink>
   <summlink nite:id="Bmr007.summlink.39">
      <nite:pointer role="extractive"  href="Bmr007.B.dialogue-acts.xml#id(Bmr007.B.dialogueact469)"/>
      <nite:pointer role="abstractive"  href="Bmr007.abssumm.xml#id(Bmr007.s.3)"/>
   </summlink>
   <summlink nite:id="Bmr007.summlink.40">
      <nite:pointer role="extractive"  href="Bmr007.B.dialogue-acts.xml#id(Bmr007.B.dialogueact469)"/>
      <nite:pointer role="abstractive"  href="Bmr007.abssumm.xml#id(Bmr007.s.20)"/>
   </summlink>
   <summlink nite:id="Bmr007.summlink.41">
      <nite:pointer role="extractive"  href="Bmr007.H.dialogue-acts.xml#id(Bmr007.H.dialogueact556)"/>
      <nite:pointer role="abstractive"  href="Bmr007.abssumm.xml#id(Bmr007.s.21)"/>
   </summlink>
   <summlink nite:id="Bmr007.summlink.42">
      <nite:pointer role="extractive"  href="Bmr007.B.dialogue-acts.xml#id(Bmr007.B.dialogueact559)"/>
      <nite:pointer role="abstractive"  href="Bmr007.abssumm.xml#id(Bmr007.s.20)"/>
   </summlink>
   <summlink nite:id="Bmr007.summlink.43">
      <nite:pointer role="extractive"  href="Bmr007.G.dialogue-acts.xml#id(Bmr007.G.dialogueact564)"/>
      <nite:pointer role="abstractive"  href="Bmr007.abssumm.xml#id(Bmr007.s.19)"/>
   </summlink>
   <summlink nite:id="Bmr007.summlink.44">
      <nite:pointer role="extractive"  href="Bmr007.F.dialogue-acts.xml#id(Bmr007.F.dialogueact576)"/>
      <nite:pointer role="abstractive"  href="Bmr007.abssumm.xml#id(Bmr007.s.3)"/>
   </summlink>
   <summlink nite:id="Bmr007.summlink.45">
      <nite:pointer role="extractive"  href="Bmr007.F.dialogue-acts.xml#id(Bmr007.F.dialogueact576)"/>
      <nite:pointer role="abstractive"  href="Bmr007.abssumm.xml#id(Bmr007.s.19)"/>
   </summlink>
   <summlink nite:id="Bmr007.summlink.46">
      <nite:pointer role="extractive"  href="Bmr007.D.dialogue-acts.xml#id(Bmr007.D.dialogueact601)"/>
      <nite:pointer role="abstractive"  href="Bmr007.abssumm.xml#id(Bmr007.s.9)"/>
   </summlink>
   <summlink nite:id="Bmr007.summlink.47">
      <nite:pointer role="extractive"  href="Bmr007.B.dialogue-acts.xml#id(Bmr007.B.dialogueact653)"/>
      <nite:pointer role="abstractive"  href="Bmr007.abssumm.xml#id(Bmr007.s.3)"/>
   </summlink>
   <summlink nite:id="Bmr007.summlink.48">
      <nite:pointer role="extractive"  href="Bmr007.B.dialogue-acts.xml#id(Bmr007.B.dialogueact653)"/>
      <nite:pointer role="abstractive"  href="Bmr007.abssumm.xml#id(Bmr007.s.20)"/>
   </summlink>
   <summlink nite:id="Bmr007.summlink.49">
      <nite:pointer role="extractive"  href="Bmr007.G.dialogue-acts.xml#id(Bmr007.G.dialogueact681)"/>
      <nite:pointer role="abstractive"  href="Bmr007.abssumm.xml#id(Bmr007.s.5)"/>
   </summlink>
   <summlink nite:id="Bmr007.summlink.50">
      <nite:pointer role="extractive"  href="Bmr007.G.dialogue-acts.xml#id(Bmr007.G.dialogueact681)"/>
      <nite:pointer role="abstractive"  href="Bmr007.abssumm.xml#id(Bmr007.s.21)"/>
   </summlink>
   <summlink nite:id="Bmr007.summlink.51">
      <nite:pointer role="extractive"  href="Bmr007.H.dialogue-acts.xml#id(Bmr007.H.dialogueact718)"/>
      <nite:pointer role="abstractive"  href="Bmr007.abssumm.xml#id(Bmr007.s.6)"/>
   </summlink>
   <summlink nite:id="Bmr007.summlink.53">
      <nite:pointer role="extractive"  href="Bmr007.H.dialogue-acts.xml#id(Bmr007.H.dialogueact738)"/>
      <nite:pointer role="abstractive"  href="Bmr007.abssumm.xml#id(Bmr007.s.6)"/>
   </summlink>
   <summlink nite:id="Bmr007.summlink.54">
      <nite:pointer role="extractive"  href="Bmr007.H.dialogue-acts.xml#id(Bmr007.H.dialogueact790)"/>
      <nite:pointer role="abstractive"  href="Bmr007.abssumm.xml#id(Bmr007.s.4)"/>
   </summlink>
   <summlink nite:id="Bmr007.summlink.55">
      <nite:pointer role="extractive"  href="Bmr007.H.dialogue-acts.xml#id(Bmr007.H.dialogueact790)"/>
      <nite:pointer role="abstractive"  href="Bmr007.abssumm.xml#id(Bmr007.s.22)"/>
   </summlink>
   <summlink nite:id="Bmr007.summlink.56">
      <nite:pointer role="extractive"  href="Bmr007.H.dialogue-acts.xml#id(Bmr007.H.dialogueact792)"/>
      <nite:pointer role="abstractive"  href="Bmr007.abssumm.xml#id(Bmr007.s.4)"/>
   </summlink>
   <summlink nite:id="Bmr007.summlink.57">
      <nite:pointer role="extractive"  href="Bmr007.H.dialogue-acts.xml#id(Bmr007.H.dialogueact792)"/>
      <nite:pointer role="abstractive"  href="Bmr007.abssumm.xml#id(Bmr007.s.22)"/>
   </summlink>
   <summlink nite:id="Bmr007.summlink.58">
      <nite:pointer role="extractive"  href="Bmr007.H.dialogue-acts.xml#id(Bmr007.H.dialogueact794)"/>
      <nite:pointer role="abstractive"  href="Bmr007.abssumm.xml#id(Bmr007.s.11)"/>
   </summlink>
   <summlink nite:id="Bmr007.summlink.59">
      <nite:pointer role="extractive"  href="Bmr007.H.dialogue-acts.xml#id(Bmr007.H.dialogueact795)"/>
      <nite:pointer role="abstractive"  href="Bmr007.abssumm.xml#id(Bmr007.s.11)"/>
   </summlink>
   <summlink nite:id="Bmr007.summlink.60">
      <nite:pointer role="extractive"  href="Bmr007.H.dialogue-acts.xml#id(Bmr007.H.dialogueact798)"/>
      <nite:pointer role="abstractive"  href="Bmr007.abssumm.xml#id(Bmr007.s.11)"/>
   </summlink>
   <summlink nite:id="Bmr007.summlink.61">
      <nite:pointer role="extractive"  href="Bmr007.H.dialogue-acts.xml#id(Bmr007.H.dialogueact833)"/>
      <nite:pointer role="abstractive"  href="Bmr007.abssumm.xml#id(Bmr007.s.22)"/>
   </summlink>
   <summlink nite:id="Bmr007.summlink.62">
      <nite:pointer role="extractive"  href="Bmr007.H.dialogue-acts.xml#id(Bmr007.H.dialogueact833)"/>
      <nite:pointer role="abstractive"  href="Bmr007.abssumm.xml#id(Bmr007.s.4)"/>
   </summlink>
   <summlink nite:id="Bmr007.summlink.63">
      <nite:pointer role="extractive"  href="Bmr007.H.dialogue-acts.xml#id(Bmr007.H.dialogueact834)"/>
      <nite:pointer role="abstractive"  href="Bmr007.abssumm.xml#id(Bmr007.s.12)"/>
   </summlink>
   <summlink nite:id="Bmr007.summlink.64">
      <nite:pointer role="extractive"  href="Bmr007.H.dialogue-acts.xml#id(Bmr007.H.dialogueact841)"/>
      <nite:pointer role="abstractive"  href="Bmr007.abssumm.xml#id(Bmr007.s.12)"/>
   </summlink>
   <summlink nite:id="Bmr007.summlink.65">
      <nite:pointer role="extractive"  href="Bmr007.H.dialogue-acts.xml#id(Bmr007.H.dialogueact849)"/>
      <nite:pointer role="abstractive"  href="Bmr007.abssumm.xml#id(Bmr007.s.4)"/>
   </summlink>
   <summlink nite:id="Bmr007.summlink.66">
      <nite:pointer role="extractive"  href="Bmr007.H.dialogue-acts.xml#id(Bmr007.H.dialogueact849)"/>
      <nite:pointer role="abstractive"  href="Bmr007.abssumm.xml#id(Bmr007.s.22)"/>
   </summlink>
   <summlink nite:id="Bmr007.summlink.67">
      <nite:pointer role="extractive"  href="Bmr007.H.dialogue-acts.xml#id(Bmr007.H.dialogueact857)"/>
      <nite:pointer role="abstractive"  href="Bmr007.abssumm.xml#id(Bmr007.s.4)"/>
   </summlink>
   <summlink nite:id="Bmr007.summlink.68">
      <nite:pointer role="extractive"  href="Bmr007.H.dialogue-acts.xml#id(Bmr007.H.dialogueact857)"/>
      <nite:pointer role="abstractive"  href="Bmr007.abssumm.xml#id(Bmr007.s.22)"/>
   </summlink>
   <summlink nite:id="Bmr007.summlink.69">
      <nite:pointer role="extractive"  href="Bmr007.H.dialogue-acts.xml#id(Bmr007.H.dialogueact985)"/>
      <nite:pointer role="abstractive"  href="Bmr007.abssumm.xml#id(Bmr007.s.4)"/>
   </summlink>
   <summlink nite:id="Bmr007.summlink.70">
      <nite:pointer role="extractive"  href="Bmr007.H.dialogue-acts.xml#id(Bmr007.H.dialogueact985)"/>
      <nite:pointer role="abstractive"  href="Bmr007.abssumm.xml#id(Bmr007.s.22)"/>
   </summlink>
   <summlink nite:id="Bmr007.summlink.71">
      <nite:pointer role="extractive"  href="Bmr007.H.dialogue-acts.xml#id(Bmr007.H.dialogueact828)"/>
      <nite:pointer role="abstractive"  href="Bmr007.abssumm.xml#id(Bmr007.s.10)"/>
   </summlink>
   <summlink nite:id="Bmr007.summlink.72">
      <nite:pointer role="extractive"  href="Bmr007.B.dialogue-acts.xml#id(Bmr007.B.dialogueact1110)"/>
      <nite:pointer role="abstractive"  href="Bmr007.abssumm.xml#id(Bmr007.s.14)"/>
   </summlink>
   <summlink nite:id="Bmr007.summlink.73">
      <nite:pointer role="extractive"  href="Bmr007.D.dialogue-acts.xml#id(Bmr007.D.dialogueact1130)"/>
      <nite:pointer role="abstractive"  href="Bmr007.abssumm.xml#id(Bmr007.s.5)"/>
   </summlink>
   <summlink nite:id="Bmr007.summlink.74">
      <nite:pointer role="extractive"  href="Bmr007.D.dialogue-acts.xml#id(Bmr007.D.dialogueact1141)"/>
      <nite:pointer role="abstractive"  href="Bmr007.abssumm.xml#id(Bmr007.s.2)"/>
   </summlink>
   <summlink nite:id="Bmr007.summlink.76">
      <nite:pointer role="extractive"  href="Bmr007.D.dialogue-acts.xml#id(Bmr007.D.dialogueact1141)"/>
      <nite:pointer role="abstractive"  href="Bmr007.abssumm.xml#id(Bmr007.s.18)"/>
   </summlink>
   <summlink nite:id="Bmr007.summlink.77">
      <nite:pointer role="extractive"  href="Bmr007.F.dialogue-acts.xml#id(Bmr007.F.dialogueact1323)"/>
      <nite:pointer role="abstractive"  href="Bmr007.abssumm.xml#id(Bmr007.s.19)"/>
   </summlink>
   <summlink nite:id="Bmr007.summlink.78">
      <nite:pointer role="extractive"  href="Bmr007.F.dialogue-acts.xml#id(Bmr007.F.dialogueact1323)"/>
      <nite:pointer role="abstractive"  href="Bmr007.abssumm.xml#id(Bmr007.s.7)"/>
   </summlink>
   <summlink nite:id="Bmr007.summlink.79">
      <nite:pointer role="extractive"  href="Bmr007.F.dialogue-acts.xml#id(Bmr007.F.dialogueact1324)"/>
      <nite:pointer role="abstractive"  href="Bmr007.abssumm.xml#id(Bmr007.s.7)"/>
   </summlink>
   <summlink nite:id="Bmr007.summlink.80">
      <nite:pointer role="extractive"  href="Bmr007.F.dialogue-acts.xml#id(Bmr007.F.dialogueact1324)"/>
      <nite:pointer role="abstractive"  href="Bmr007.abssumm.xml#id(Bmr007.s.19)"/>
   </summlink>
   <summlink nite:id="Bmr007.summlink.81">
      <nite:pointer role="extractive"  href="Bmr007.F.dialogue-acts.xml#id(Bmr007.F.dialogueact1325)"/>
      <nite:pointer role="abstractive"  href="Bmr007.abssumm.xml#id(Bmr007.s.7)"/>
   </summlink>
</nite:root>