<?xml version="1.0" encoding="ISO-8859-1" standalone="yes"?>
<nite:root nite:id="Bmr020.extsumm" xmlns:nite="http://nite.sourceforge.net/">
   <extsumm nite:id="Bmr020.extsumm.1">
      <nite:child href="Bmr020.A.dialogue-acts.xml#id(Bmr020.A.dialogueact79)"/>
      <nite:child href="Bmr020.F.dialogue-acts.xml#id(Bmr020.F.dialogueact84)"/>
      <nite:child href="Bmr020.G.dialogue-acts.xml#id(Bmr020.G.dialogueact98)"/>
      <nite:child href="Bmr020.A.dialogue-acts.xml#id(Bmr020.A.dialogueact111)..id(Bmr020.A.dialogueact112)"/>
      <nite:child href="Bmr020.G.dialogue-acts.xml#id(Bmr020.G.dialogueact155)..id(Bmr020.G.dialogueact156)"/>
      <nite:child href="Bmr020.G.dialogue-acts.xml#id(Bmr020.G.dialogueact173)"/>
      <nite:child href="Bmr020.G.dialogue-acts.xml#id(Bmr020.G.dialogueact187)"/>
      <nite:child href="Bmr020.G.dialogue-acts.xml#id(Bmr020.G.dialogueact199)"/>
      <nite:child href="Bmr020.G.dialogue-acts.xml#id(Bmr020.G.dialogueact204)"/>
      <nite:child href="Bmr020.G.dialogue-acts.xml#id(Bmr020.G.dialogueact207)..id(Bmr020.G.dialogueact214)"/>
      <nite:child href="Bmr020.G.dialogue-acts.xml#id(Bmr020.G.dialogueact219)..id(Bmr020.G.dialogueact221)"/>
      <nite:child href="Bmr020.G.dialogue-acts.xml#id(Bmr020.G.dialogueact223)"/>
      <nite:child href="Bmr020.G.dialogue-acts.xml#id(Bmr020.G.dialogueact230)..id(Bmr020.G.dialogueact234)"/>
      <nite:child href="Bmr020.C.dialogue-acts.xml#id(Bmr020.C.dialogueact248)"/>
      <nite:child href="Bmr020.G.dialogue-acts.xml#id(Bmr020.G.dialogueact282)"/>
      <nite:child href="Bmr020.D.dialogue-acts.xml#id(Bmr020.D.dialogueact289)"/>
      <nite:child href="Bmr020.A.dialogue-acts.xml#id(Bmr020.A.dialogueact300)"/>
      <nite:child href="Bmr020.A.dialogue-acts.xml#id(Bmr020.A.dialogueact310)"/>
      <nite:child href="Bmr020.G.dialogue-acts.xml#id(Bmr020.G.dialogueact324)"/>
      <nite:child href="Bmr020.G.dialogue-acts.xml#id(Bmr020.G.dialogueact329)"/>
      <nite:child href="Bmr020.G.dialogue-acts.xml#id(Bmr020.G.dialogueact337)..id(Bmr020.G.dialogueact342)"/>
      <nite:child href="Bmr020.G.dialogue-acts.xml#id(Bmr020.G.dialogueact346)"/>
      <nite:child href="Bmr020.G.dialogue-acts.xml#id(Bmr020.G.dialogueact365)..id(Bmr020.G.dialogueact366)"/>
      <nite:child href="Bmr020.G.dialogue-acts.xml#id(Bmr020.G.dialogueact364)"/>
      <nite:child href="Bmr020.G.dialogue-acts.xml#id(Bmr020.G.dialogueact373)"/>
      <nite:child href="Bmr020.A.dialogue-acts.xml#id(Bmr020.A.dialogueact386)"/>
      <nite:child href="Bmr020.G.dialogue-acts.xml#id(Bmr020.G.dialogueact390)..id(Bmr020.G.dialogueact394)"/>
      <nite:child href="Bmr020.G.dialogue-acts.xml#id(Bmr020.G.dialogueact400)"/>
      <nite:child href="Bmr020.G.dialogue-acts.xml#id(Bmr020.G.dialogueact408)"/>
      <nite:child href="Bmr020.G.dialogue-acts.xml#id(Bmr020.G.dialogueact439)"/>
      <nite:child href="Bmr020.G.dialogue-acts.xml#id(Bmr020.G.dialogueact442)..id(Bmr020.G.dialogueact443)"/>
      <nite:child href="Bmr020.G.dialogue-acts.xml#id(Bmr020.G.dialogueact464)"/>
      <nite:child href="Bmr020.G.dialogue-acts.xml#id(Bmr020.G.dialogueact478)"/>
      <nite:child href="Bmr020.G.dialogue-acts.xml#id(Bmr020.G.dialogueact487)"/>
      <nite:child href="Bmr020.G.dialogue-acts.xml#id(Bmr020.G.dialogueact491)"/>
      <nite:child href="Bmr020.G.dialogue-acts.xml#id(Bmr020.G.dialogueact494)"/>
      <nite:child href="Bmr020.G.dialogue-acts.xml#id(Bmr020.G.dialogueact501)"/>
      <nite:child href="Bmr020.G.dialogue-acts.xml#id(Bmr020.G.dialogueact505)"/>
      <nite:child href="Bmr020.G.dialogue-acts.xml#id(Bmr020.G.dialogueact504)"/>
      <nite:child href="Bmr020.G.dialogue-acts.xml#id(Bmr020.G.dialogueact507)"/>
      <nite:child href="Bmr020.G.dialogue-acts.xml#id(Bmr020.G.dialogueact503)"/>
      <nite:child href="Bmr020.G.dialogue-acts.xml#id(Bmr020.G.dialogueact496)"/>
      <nite:child href="Bmr020.G.dialogue-acts.xml#id(Bmr020.G.dialogueact498)"/>
      <nite:child href="Bmr020.G.dialogue-acts.xml#id(Bmr020.G.dialogueact500)"/>
      <nite:child href="Bmr020.G.dialogue-acts.xml#id(Bmr020.G.dialogueact516)"/>
      <nite:child href="Bmr020.G.dialogue-acts.xml#id(Bmr020.G.dialogueact520)"/>
      <nite:child href="Bmr020.G.dialogue-acts.xml#id(Bmr020.G.dialogueact529)"/>
      <nite:child href="Bmr020.G.dialogue-acts.xml#id(Bmr020.G.dialogueact531)..id(Bmr020.G.dialogueact532)"/>
      <nite:child href="Bmr020.D.dialogue-acts.xml#id(Bmr020.D.dialogueact541)..id(Bmr020.D.dialogueact542)"/>
      <nite:child href="Bmr020.G.dialogue-acts.xml#id(Bmr020.G.dialogueact546)"/>
      <nite:child href="Bmr020.D.dialogue-acts.xml#id(Bmr020.D.dialogueact592)"/>
      <nite:child href="Bmr020.D.dialogue-acts.xml#id(Bmr020.D.dialogueact596)"/>
      <nite:child href="Bmr020.G.dialogue-acts.xml#id(Bmr020.G.dialogueact602)..id(Bmr020.G.dialogueact606)"/>
      <nite:child href="Bmr020.G.dialogue-acts.xml#id(Bmr020.G.dialogueact638)..id(Bmr020.G.dialogueact639)"/>
      <nite:child href="Bmr020.G.dialogue-acts.xml#id(Bmr020.G.dialogueact646)"/>
      <nite:child href="Bmr020.G.dialogue-acts.xml#id(Bmr020.G.dialogueact651)..id(Bmr020.G.dialogueact653)"/>
      <nite:child href="Bmr020.G.dialogue-acts.xml#id(Bmr020.G.dialogueact670)"/>
      <nite:child href="Bmr020.G.dialogue-acts.xml#id(Bmr020.G.dialogueact669)"/>
      <nite:child href="Bmr020.G.dialogue-acts.xml#id(Bmr020.G.dialogueact680)"/>
      <nite:child href="Bmr020.G.dialogue-acts.xml#id(Bmr020.G.dialogueact699)..id(Bmr020.G.dialogueact705)"/>
      <nite:child href="Bmr020.G.dialogue-acts.xml#id(Bmr020.G.dialogueact729)"/>
      <nite:child href="Bmr020.G.dialogue-acts.xml#id(Bmr020.G.dialogueact740)"/>
      <nite:child href="Bmr020.G.dialogue-acts.xml#id(Bmr020.G.dialogueact728)"/>
      <nite:child href="Bmr020.G.dialogue-acts.xml#id(Bmr020.G.dialogueact747)"/>
      <nite:child href="Bmr020.G.dialogue-acts.xml#id(Bmr020.G.dialogueact751)"/>
      <nite:child href="Bmr020.D.dialogue-acts.xml#id(Bmr020.D.dialogueact780)..id(Bmr020.D.dialogueact782)"/>
      <nite:child href="Bmr020.G.dialogue-acts.xml#id(Bmr020.G.dialogueact809)"/>
      <nite:child href="Bmr020.G.dialogue-acts.xml#id(Bmr020.G.dialogueact816)"/>
      <nite:child href="Bmr020.E.dialogue-acts.xml#id(Bmr020.E.dialogueact842)"/>
      <nite:child href="Bmr020.F.dialogue-acts.xml#id(Bmr020.F.dialogueact857)"/>
      <nite:child href="Bmr020.C.dialogue-acts.xml#id(Bmr020.C.dialogueact860)"/>
      <nite:child href="Bmr020.C.dialogue-acts.xml#id(Bmr020.C.dialogueact864)..id(Bmr020.C.dialogueact865)"/>
      <nite:child href="Bmr020.A.dialogue-acts.xml#id(Bmr020.A.dialogueact879)"/>
      <nite:child href="Bmr020.A.dialogue-acts.xml#id(Bmr020.A.dialogueact886)"/>
      <nite:child href="Bmr020.D.dialogue-acts.xml#id(Bmr020.D.dialogueact901)..id(Bmr020.D.dialogueact904)"/>
      <nite:child href="Bmr020.D.dialogue-acts.xml#id(Bmr020.D.dialogueact907)"/>
      <nite:child href="Bmr020.D.dialogue-acts.xml#id(Bmr020.D.dialogueact935)"/>
      <nite:child href="Bmr020.A.dialogue-acts.xml#id(Bmr020.A.dialogueact937)"/>
      <nite:child href="Bmr020.G.dialogue-acts.xml#id(Bmr020.G.dialogueact969)..id(Bmr020.G.dialogueact972)"/>
      <nite:child href="Bmr020.C.dialogue-acts.xml#id(Bmr020.C.dialogueact994)"/>
      <nite:child href="Bmr020.G.dialogue-acts.xml#id(Bmr020.G.dialogueact1007)..id(Bmr020.G.dialogueact1008)"/>
      <nite:child href="Bmr020.C.dialogue-acts.xml#id(Bmr020.C.dialogueact1024)..id(Bmr020.C.dialogueact1026)"/>
      <nite:child href="Bmr020.C.dialogue-acts.xml#id(Bmr020.C.dialogueact1030)"/>
      <nite:child href="Bmr020.C.dialogue-acts.xml#id(Bmr020.C.dialogueact1060)..id(Bmr020.C.dialogueact1061)"/>
      <nite:child href="Bmr020.C.dialogue-acts.xml#id(Bmr020.C.dialogueact1064)"/>
      <nite:child href="Bmr020.G.dialogue-acts.xml#id(Bmr020.G.dialogueact1071)..id(Bmr020.G.dialogueact1073)"/>
      <nite:child href="Bmr020.B.dialogue-acts.xml#id(Bmr020.B.dialogueact1080)"/>
      <nite:child href="Bmr020.G.dialogue-acts.xml#id(Bmr020.G.dialogueact1081)"/>
      <nite:child href="Bmr020.C.dialogue-acts.xml#id(Bmr020.C.dialogueact1093)"/>
      <nite:child href="Bmr020.G.dialogue-acts.xml#id(Bmr020.G.dialogueact1098)..id(Bmr020.G.dialogueact1101)"/>
      <nite:child href="Bmr020.C.dialogue-acts.xml#id(Bmr020.C.dialogueact1110)"/>
      <nite:child href="Bmr020.B.dialogue-acts.xml#id(Bmr020.B.dialogueact1122)..id(Bmr020.B.dialogueact1124)"/>
      <nite:child href="Bmr020.C.dialogue-acts.xml#id(Bmr020.C.dialogueact1134)"/>
      <nite:child href="Bmr020.C.dialogue-acts.xml#id(Bmr020.C.dialogueact1140)"/>
      <nite:child href="Bmr020.C.dialogue-acts.xml#id(Bmr020.C.dialogueact1142)"/>
      <nite:child href="Bmr020.C.dialogue-acts.xml#id(Bmr020.C.dialogueact1151)"/>
      <nite:child href="Bmr020.C.dialogue-acts.xml#id(Bmr020.C.dialogueact1154)"/>
      <nite:child href="Bmr020.C.dialogue-acts.xml#id(Bmr020.C.dialogueact1156)..id(Bmr020.C.dialogueact1157)"/>
      <nite:child href="Bmr020.C.dialogue-acts.xml#id(Bmr020.C.dialogueact1172)..id(Bmr020.C.dialogueact1173)"/>
      <nite:child href="Bmr020.B.dialogue-acts.xml#id(Bmr020.B.dialogueact1244)"/>
      <nite:child href="Bmr020.C.dialogue-acts.xml#id(Bmr020.C.dialogueact1246)"/>
      <nite:child href="Bmr020.C.dialogue-acts.xml#id(Bmr020.C.dialogueact1269)"/>
      <nite:child href="Bmr020.B.dialogue-acts.xml#id(Bmr020.B.dialogueact1287)"/>
      <nite:child href="Bmr020.D.dialogue-acts.xml#id(Bmr020.D.dialogueact1288)"/>
      <nite:child href="Bmr020.C.dialogue-acts.xml#id(Bmr020.C.dialogueact1295)"/>
      <nite:child href="Bmr020.D.dialogue-acts.xml#id(Bmr020.D.dialogueact1331)..id(Bmr020.D.dialogueact1343)"/>
      <nite:child href="Bmr020.D.dialogue-acts.xml#id(Bmr020.D.dialogueact1384)"/>
      <nite:child href="Bmr020.F.dialogue-acts.xml#id(Bmr020.F.dialogueact1444)"/>
      <nite:child href="Bmr020.F.dialogue-acts.xml#id(Bmr020.F.dialogueact1446)"/>
      <nite:child href="Bmr020.F.dialogue-acts.xml#id(Bmr020.F.dialogueact1456)..id(Bmr020.F.dialogueact1462)"/>
      <nite:child href="Bmr020.A.dialogue-acts.xml#id(Bmr020.A.dialogueact1467)"/>
      <nite:child href="Bmr020.F.dialogue-acts.xml#id(Bmr020.F.dialogueact1509)..id(Bmr020.F.dialogueact1510)"/>
      <nite:child href="Bmr020.B.dialogue-acts.xml#id(Bmr020.B.dialogueact1546)"/>
      <nite:child href="Bmr020.B.dialogue-acts.xml#id(Bmr020.B.dialogueact1564)"/>
      <nite:child href="Bmr020.C.dialogue-acts.xml#id(Bmr020.C.dialogueact1581)"/>
      <nite:child href="Bmr020.B.dialogue-acts.xml#id(Bmr020.B.dialogueact1617)..id(Bmr020.B.dialogueact1620)"/>
      <nite:child href="Bmr020.D.dialogue-acts.xml#id(Bmr020.D.dialogueact1657)..id(Bmr020.D.dialogueact1660)"/>
      <nite:child href="Bmr020.B.dialogue-acts.xml#id(Bmr020.B.dialogueact1694)..id(Bmr020.B.dialogueact1698)"/>
      <nite:child href="Bmr020.A.dialogue-acts.xml#id(Bmr020.A.dialogueact1701)"/>
      <nite:child href="Bmr020.A.dialogue-acts.xml#id(Bmr020.A.dialogueact1720)"/>
      <nite:child href="Bmr020.A.dialogue-acts.xml#id(Bmr020.A.dialogueact1798)..id(Bmr020.A.dialogueact1805)"/>
      <nite:child href="Bmr020.G.dialogue-acts.xml#id(Bmr020.G.dialogueact87)"/>
      <nite:child href="Bmr020.G.dialogue-acts.xml#id(Bmr020.G.dialogueact292)"/>
      <nite:child href="Bmr020.F.dialogue-acts.xml#id(Bmr020.F.dialogueact1626)"/>
   </extsumm>
</nite:root>