<?xml version="1.0" encoding="ISO-8859-1" standalone="yes"?>
<nite:root nite:id="Bmr027.summlink" xmlns:nite="http://nite.sourceforge.net/">
   <summlink nite:id="Bmr027.summlink.1">
      <nite:pointer role="extractive"  href="Bmr027.F.dialogue-acts.xml#id(Bmr027.F.dialogueact26)"/>
      <nite:pointer role="abstractive"  href="Bmr027.abssumm.xml#id(Bmr027.s.1)"/>
   </summlink>
   <summlink nite:id="Bmr027.summlink.2">
      <nite:pointer role="extractive"  href="Bmr027.F.dialogue-acts.xml#id(Bmr027.F.dialogueact27)"/>
      <nite:pointer role="abstractive"  href="Bmr027.abssumm.xml#id(Bmr027.s.1)"/>
   </summlink>
   <summlink nite:id="Bmr027.summlink.3">
      <nite:pointer role="extractive"  href="Bmr027.F.dialogue-acts.xml#id(Bmr027.F.dialogueact28)"/>
      <nite:pointer role="abstractive"  href="Bmr027.abssumm.xml#id(Bmr027.s.1)"/>
   </summlink>
   <summlink nite:id="Bmr027.summlink.4">
      <nite:pointer role="extractive"  href="Bmr027.B.dialogue-acts.xml#id(Bmr027.B.dialogueact31)"/>
      <nite:pointer role="abstractive"  href="Bmr027.abssumm.xml#id(Bmr027.s.7)"/>
   </summlink>
   <summlink nite:id="Bmr027.summlink.5">
      <nite:pointer role="extractive"  href="Bmr027.B.dialogue-acts.xml#id(Bmr027.B.dialogueact31)"/>
      <nite:pointer role="abstractive"  href="Bmr027.abssumm.xml#id(Bmr027.s.8)"/>
   </summlink>
   <summlink nite:id="Bmr027.summlink.6">
      <nite:pointer role="extractive"  href="Bmr027.B.dialogue-acts.xml#id(Bmr027.B.dialogueact32)"/>
      <nite:pointer role="abstractive"  href="Bmr027.abssumm.xml#id(Bmr027.s.7)"/>
   </summlink>
   <summlink nite:id="Bmr027.summlink.7">
      <nite:pointer role="extractive"  href="Bmr027.B.dialogue-acts.xml#id(Bmr027.B.dialogueact32)"/>
      <nite:pointer role="abstractive"  href="Bmr027.abssumm.xml#id(Bmr027.s.8)"/>
   </summlink>
   <summlink nite:id="Bmr027.summlink.8">
      <nite:pointer role="extractive"  href="Bmr027.F.dialogue-acts.xml#id(Bmr027.F.dialogueact36)"/>
      <nite:pointer role="abstractive"  href="Bmr027.abssumm.xml#id(Bmr027.s.7)"/>
   </summlink>
   <summlink nite:id="Bmr027.summlink.9">
      <nite:pointer role="extractive"  href="Bmr027.F.dialogue-acts.xml#id(Bmr027.F.dialogueact36)"/>
      <nite:pointer role="abstractive"  href="Bmr027.abssumm.xml#id(Bmr027.s.8)"/>
   </summlink>
   <summlink nite:id="Bmr027.summlink.10">
      <nite:pointer role="extractive"  href="Bmr027.F.dialogue-acts.xml#id(Bmr027.F.dialogueact40)"/>
      <nite:pointer role="abstractive"  href="Bmr027.abssumm.xml#id(Bmr027.s.8)"/>
   </summlink>
   <summlink nite:id="Bmr027.summlink.11">
      <nite:pointer role="extractive"  href="Bmr027.F.dialogue-acts.xml#id(Bmr027.F.dialogueact47)"/>
      <nite:pointer role="abstractive"  href="Bmr027.abssumm.xml#id(Bmr027.s.2)"/>
   </summlink>
   <summlink nite:id="Bmr027.summlink.12">
      <nite:pointer role="extractive"  href="Bmr027.F.dialogue-acts.xml#id(Bmr027.F.dialogueact47)"/>
      <nite:pointer role="abstractive"  href="Bmr027.abssumm.xml#id(Bmr027.s.21)"/>
   </summlink>
   <summlink nite:id="Bmr027.summlink.13">
      <nite:pointer role="extractive"  href="Bmr027.F.dialogue-acts.xml#id(Bmr027.F.dialogueact49)"/>
      <nite:pointer role="abstractive"  href="Bmr027.abssumm.xml#id(Bmr027.s.21)"/>
   </summlink>
   <summlink nite:id="Bmr027.summlink.14">
      <nite:pointer role="extractive"  href="Bmr027.B.dialogue-acts.xml#id(Bmr027.B.dialogueact65)"/>
      <nite:pointer role="abstractive"  href="Bmr027.abssumm.xml#id(Bmr027.s.22)"/>
   </summlink>
   <summlink nite:id="Bmr027.summlink.15">
      <nite:pointer role="extractive"  href="Bmr027.A.dialogue-acts.xml#id(Bmr027.A.dialogueact76)"/>
      <nite:pointer role="abstractive"  href="Bmr027.abssumm.xml#id(Bmr027.s.22)"/>
   </summlink>
   <summlink nite:id="Bmr027.summlink.16">
      <nite:pointer role="extractive"  href="Bmr027.A.dialogue-acts.xml#id(Bmr027.A.dialogueact96)"/>
      <nite:pointer role="abstractive"  href="Bmr027.abssumm.xml#id(Bmr027.s.3)"/>
   </summlink>
   <summlink nite:id="Bmr027.summlink.17">
      <nite:pointer role="extractive"  href="Bmr027.A.dialogue-acts.xml#id(Bmr027.A.dialogueact96)"/>
      <nite:pointer role="abstractive"  href="Bmr027.abssumm.xml#id(Bmr027.s.13)"/>
   </summlink>
   <summlink nite:id="Bmr027.summlink.18">
      <nite:pointer role="extractive"  href="Bmr027.B.dialogue-acts.xml#id(Bmr027.B.dialogueact102)"/>
      <nite:pointer role="abstractive"  href="Bmr027.abssumm.xml#id(Bmr027.s.3)"/>
   </summlink>
   <summlink nite:id="Bmr027.summlink.19">
      <nite:pointer role="extractive"  href="Bmr027.B.dialogue-acts.xml#id(Bmr027.B.dialogueact102)"/>
      <nite:pointer role="abstractive"  href="Bmr027.abssumm.xml#id(Bmr027.s.13)"/>
   </summlink>
   <summlink nite:id="Bmr027.summlink.20">
      <nite:pointer role="extractive"  href="Bmr027.B.dialogue-acts.xml#id(Bmr027.B.dialogueact103)"/>
      <nite:pointer role="abstractive"  href="Bmr027.abssumm.xml#id(Bmr027.s.3)"/>
   </summlink>
   <summlink nite:id="Bmr027.summlink.21">
      <nite:pointer role="extractive"  href="Bmr027.B.dialogue-acts.xml#id(Bmr027.B.dialogueact103)"/>
      <nite:pointer role="abstractive"  href="Bmr027.abssumm.xml#id(Bmr027.s.13)"/>
   </summlink>
   <summlink nite:id="Bmr027.summlink.22">
      <nite:pointer role="extractive"  href="Bmr027.F.dialogue-acts.xml#id(Bmr027.F.dialogueact59)"/>
      <nite:pointer role="abstractive"  href="Bmr027.abssumm.xml#id(Bmr027.s.2)"/>
   </summlink>
   <summlink nite:id="Bmr027.summlink.23">
      <nite:pointer role="extractive"  href="Bmr027.F.dialogue-acts.xml#id(Bmr027.F.dialogueact59)"/>
      <nite:pointer role="abstractive"  href="Bmr027.abssumm.xml#id(Bmr027.s.10)"/>
   </summlink>
   <summlink nite:id="Bmr027.summlink.24">
      <nite:pointer role="extractive"  href="Bmr027.F.dialogue-acts.xml#id(Bmr027.F.dialogueact57)"/>
      <nite:pointer role="abstractive"  href="Bmr027.abssumm.xml#id(Bmr027.s.10)"/>
   </summlink>
   <summlink nite:id="Bmr027.summlink.25">
      <nite:pointer role="extractive"  href="Bmr027.F.dialogue-acts.xml#id(Bmr027.F.dialogueact57)"/>
      <nite:pointer role="abstractive"  href="Bmr027.abssumm.xml#id(Bmr027.s.2)"/>
   </summlink>
   <summlink nite:id="Bmr027.summlink.26">
      <nite:pointer role="extractive"  href="Bmr027.B.dialogue-acts.xml#id(Bmr027.B.dialogueact56)"/>
      <nite:pointer role="abstractive"  href="Bmr027.abssumm.xml#id(Bmr027.s.2)"/>
   </summlink>
   <summlink nite:id="Bmr027.summlink.27">
      <nite:pointer role="extractive"  href="Bmr027.B.dialogue-acts.xml#id(Bmr027.B.dialogueact56)"/>
      <nite:pointer role="abstractive"  href="Bmr027.abssumm.xml#id(Bmr027.s.10)"/>
   </summlink>
   <summlink nite:id="Bmr027.summlink.28">
      <nite:pointer role="extractive"  href="Bmr027.A.dialogue-acts.xml#id(Bmr027.A.dialogueact130)"/>
      <nite:pointer role="abstractive"  href="Bmr027.abssumm.xml#id(Bmr027.s.22)"/>
   </summlink>
   <summlink nite:id="Bmr027.summlink.29">
      <nite:pointer role="extractive"  href="Bmr027.A.dialogue-acts.xml#id(Bmr027.A.dialogueact152)"/>
      <nite:pointer role="abstractive"  href="Bmr027.abssumm.xml#id(Bmr027.s.5)"/>
   </summlink>
   <summlink nite:id="Bmr027.summlink.30">
      <nite:pointer role="extractive"  href="Bmr027.A.dialogue-acts.xml#id(Bmr027.A.dialogueact152)"/>
      <nite:pointer role="abstractive"  href="Bmr027.abssumm.xml#id(Bmr027.s.19)"/>
   </summlink>
   <summlink nite:id="Bmr027.summlink.31">
      <nite:pointer role="extractive"  href="Bmr027.B.dialogue-acts.xml#id(Bmr027.B.dialogueact159)"/>
      <nite:pointer role="abstractive"  href="Bmr027.abssumm.xml#id(Bmr027.s.19)"/>
   </summlink>
   <summlink nite:id="Bmr027.summlink.32">
      <nite:pointer role="extractive"  href="Bmr027.B.dialogue-acts.xml#id(Bmr027.B.dialogueact159)"/>
      <nite:pointer role="abstractive"  href="Bmr027.abssumm.xml#id(Bmr027.s.5)"/>
   </summlink>
   <summlink nite:id="Bmr027.summlink.33">
      <nite:pointer role="extractive"  href="Bmr027.A.dialogue-acts.xml#id(Bmr027.A.dialogueact188)"/>
      <nite:pointer role="abstractive"  href="Bmr027.abssumm.xml#id(Bmr027.s.9)"/>
   </summlink>
   <summlink nite:id="Bmr027.summlink.34">
      <nite:pointer role="extractive"  href="Bmr027.A.dialogue-acts.xml#id(Bmr027.A.dialogueact189)"/>
      <nite:pointer role="abstractive"  href="Bmr027.abssumm.xml#id(Bmr027.s.9)"/>
   </summlink>
   <summlink nite:id="Bmr027.summlink.35">
      <nite:pointer role="extractive"  href="Bmr027.A.dialogue-acts.xml#id(Bmr027.A.dialogueact190)"/>
      <nite:pointer role="abstractive"  href="Bmr027.abssumm.xml#id(Bmr027.s.9)"/>
   </summlink>
   <summlink nite:id="Bmr027.summlink.36">
      <nite:pointer role="extractive"  href="Bmr027.A.dialogue-acts.xml#id(Bmr027.A.dialogueact191)"/>
      <nite:pointer role="abstractive"  href="Bmr027.abssumm.xml#id(Bmr027.s.9)"/>
   </summlink>
   <summlink nite:id="Bmr027.summlink.37">
      <nite:pointer role="extractive"  href="Bmr027.F.dialogue-acts.xml#id(Bmr027.F.dialogueact245)"/>
      <nite:pointer role="abstractive"  href="Bmr027.abssumm.xml#id(Bmr027.s.1)"/>
   </summlink>
   <summlink nite:id="Bmr027.summlink.38">
      <nite:pointer role="extractive"  href="Bmr027.A.dialogue-acts.xml#id(Bmr027.A.dialogueact259)"/>
      <nite:pointer role="abstractive"  href="Bmr027.abssumm.xml#id(Bmr027.s.2)"/>
   </summlink>
   <summlink nite:id="Bmr027.summlink.39">
      <nite:pointer role="extractive"  href="Bmr027.A.dialogue-acts.xml#id(Bmr027.A.dialogueact259)"/>
      <nite:pointer role="abstractive"  href="Bmr027.abssumm.xml#id(Bmr027.s.17)"/>
   </summlink>
   <summlink nite:id="Bmr027.summlink.40">
      <nite:pointer role="extractive"  href="Bmr027.A.dialogue-acts.xml#id(Bmr027.A.dialogueact260)"/>
      <nite:pointer role="abstractive"  href="Bmr027.abssumm.xml#id(Bmr027.s.17)"/>
   </summlink>
   <summlink nite:id="Bmr027.summlink.41">
      <nite:pointer role="extractive"  href="Bmr027.A.dialogue-acts.xml#id(Bmr027.A.dialogueact260)"/>
      <nite:pointer role="abstractive"  href="Bmr027.abssumm.xml#id(Bmr027.s.2)"/>
   </summlink>
   <summlink nite:id="Bmr027.summlink.42">
      <nite:pointer role="extractive"  href="Bmr027.A.dialogue-acts.xml#id(Bmr027.A.dialogueact261)"/>
      <nite:pointer role="abstractive"  href="Bmr027.abssumm.xml#id(Bmr027.s.17)"/>
   </summlink>
   <summlink nite:id="Bmr027.summlink.43">
      <nite:pointer role="extractive"  href="Bmr027.A.dialogue-acts.xml#id(Bmr027.A.dialogueact261)"/>
      <nite:pointer role="abstractive"  href="Bmr027.abssumm.xml#id(Bmr027.s.2)"/>
   </summlink>
   <summlink nite:id="Bmr027.summlink.44">
      <nite:pointer role="extractive"  href="Bmr027.B.dialogue-acts.xml#id(Bmr027.B.dialogueact264)"/>
      <nite:pointer role="abstractive"  href="Bmr027.abssumm.xml#id(Bmr027.s.17)"/>
   </summlink>
   <summlink nite:id="Bmr027.summlink.45">
      <nite:pointer role="extractive"  href="Bmr027.B.dialogue-acts.xml#id(Bmr027.B.dialogueact264)"/>
      <nite:pointer role="abstractive"  href="Bmr027.abssumm.xml#id(Bmr027.s.2)"/>
   </summlink>
   <summlink nite:id="Bmr027.summlink.46">
      <nite:pointer role="extractive"  href="Bmr027.B.dialogue-acts.xml#id(Bmr027.B.dialogueact267)"/>
      <nite:pointer role="abstractive"  href="Bmr027.abssumm.xml#id(Bmr027.s.2)"/>
   </summlink>
   <summlink nite:id="Bmr027.summlink.47">
      <nite:pointer role="extractive"  href="Bmr027.B.dialogue-acts.xml#id(Bmr027.B.dialogueact267)"/>
      <nite:pointer role="abstractive"  href="Bmr027.abssumm.xml#id(Bmr027.s.17)"/>
   </summlink>
   <summlink nite:id="Bmr027.summlink.48">
      <nite:pointer role="extractive"  href="Bmr027.B.dialogue-acts.xml#id(Bmr027.B.dialogueact267)"/>
      <nite:pointer role="abstractive"  href="Bmr027.abssumm.xml#id(Bmr027.s.16)"/>
   </summlink>
   <summlink nite:id="Bmr027.summlink.49">
      <nite:pointer role="extractive"  href="Bmr027.H.dialogue-acts.xml#id(Bmr027.H.dialogueact279)"/>
      <nite:pointer role="abstractive"  href="Bmr027.abssumm.xml#id(Bmr027.s.16)"/>
   </summlink>
   <summlink nite:id="Bmr027.summlink.50">
      <nite:pointer role="extractive"  href="Bmr027.H.dialogue-acts.xml#id(Bmr027.H.dialogueact279)"/>
      <nite:pointer role="abstractive"  href="Bmr027.abssumm.xml#id(Bmr027.s.17)"/>
   </summlink>
   <summlink nite:id="Bmr027.summlink.51">
      <nite:pointer role="extractive"  href="Bmr027.H.dialogue-acts.xml#id(Bmr027.H.dialogueact279)"/>
      <nite:pointer role="abstractive"  href="Bmr027.abssumm.xml#id(Bmr027.s.18)"/>
   </summlink>
   <summlink nite:id="Bmr027.summlink.52">
      <nite:pointer role="extractive"  href="Bmr027.H.dialogue-acts.xml#id(Bmr027.H.dialogueact278)"/>
      <nite:pointer role="abstractive"  href="Bmr027.abssumm.xml#id(Bmr027.s.16)"/>
   </summlink>
   <summlink nite:id="Bmr027.summlink.53">
      <nite:pointer role="extractive"  href="Bmr027.H.dialogue-acts.xml#id(Bmr027.H.dialogueact278)"/>
      <nite:pointer role="abstractive"  href="Bmr027.abssumm.xml#id(Bmr027.s.17)"/>
   </summlink>
   <summlink nite:id="Bmr027.summlink.54">
      <nite:pointer role="extractive"  href="Bmr027.H.dialogue-acts.xml#id(Bmr027.H.dialogueact278)"/>
      <nite:pointer role="abstractive"  href="Bmr027.abssumm.xml#id(Bmr027.s.18)"/>
   </summlink>
   <summlink nite:id="Bmr027.summlink.55">
      <nite:pointer role="extractive"  href="Bmr027.H.dialogue-acts.xml#id(Bmr027.H.dialogueact284)"/>
      <nite:pointer role="abstractive"  href="Bmr027.abssumm.xml#id(Bmr027.s.16)"/>
   </summlink>
   <summlink nite:id="Bmr027.summlink.56">
      <nite:pointer role="extractive"  href="Bmr027.H.dialogue-acts.xml#id(Bmr027.H.dialogueact284)"/>
      <nite:pointer role="abstractive"  href="Bmr027.abssumm.xml#id(Bmr027.s.17)"/>
   </summlink>
   <summlink nite:id="Bmr027.summlink.57">
      <nite:pointer role="extractive"  href="Bmr027.H.dialogue-acts.xml#id(Bmr027.H.dialogueact284)"/>
      <nite:pointer role="abstractive"  href="Bmr027.abssumm.xml#id(Bmr027.s.18)"/>
   </summlink>
   <summlink nite:id="Bmr027.summlink.58">
      <nite:pointer role="extractive"  href="Bmr027.H.dialogue-acts.xml#id(Bmr027.H.dialogueact284)"/>
      <nite:pointer role="abstractive"  href="Bmr027.abssumm.xml#id(Bmr027.s.10)"/>
   </summlink>
   <summlink nite:id="Bmr027.summlink.59">
      <nite:pointer role="extractive"  href="Bmr027.F.dialogue-acts.xml#id(Bmr027.F.dialogueact286)"/>
      <nite:pointer role="abstractive"  href="Bmr027.abssumm.xml#id(Bmr027.s.10)"/>
   </summlink>
   <summlink nite:id="Bmr027.summlink.60">
      <nite:pointer role="extractive"  href="Bmr027.F.dialogue-acts.xml#id(Bmr027.F.dialogueact286)"/>
      <nite:pointer role="abstractive"  href="Bmr027.abssumm.xml#id(Bmr027.s.18)"/>
   </summlink>
   <summlink nite:id="Bmr027.summlink.61">
      <nite:pointer role="extractive"  href="Bmr027.F.dialogue-acts.xml#id(Bmr027.F.dialogueact291)"/>
      <nite:pointer role="abstractive"  href="Bmr027.abssumm.xml#id(Bmr027.s.10)"/>
   </summlink>
   <summlink nite:id="Bmr027.summlink.62">
      <nite:pointer role="extractive"  href="Bmr027.F.dialogue-acts.xml#id(Bmr027.F.dialogueact291)"/>
      <nite:pointer role="abstractive"  href="Bmr027.abssumm.xml#id(Bmr027.s.18)"/>
   </summlink>
   <summlink nite:id="Bmr027.summlink.63">
      <nite:pointer role="extractive"  href="Bmr027.H.dialogue-acts.xml#id(Bmr027.H.dialogueact336)"/>
      <nite:pointer role="abstractive"  href="Bmr027.abssumm.xml#id(Bmr027.s.16)"/>
   </summlink>
   <summlink nite:id="Bmr027.summlink.64">
      <nite:pointer role="extractive"  href="Bmr027.E.dialogue-acts.xml#id(Bmr027.E.dialogueact338)"/>
      <nite:pointer role="abstractive"  href="Bmr027.abssumm.xml#id(Bmr027.s.16)"/>
   </summlink>
   <summlink nite:id="Bmr027.summlink.65">
      <nite:pointer role="extractive"  href="Bmr027.E.dialogue-acts.xml#id(Bmr027.E.dialogueact338)"/>
      <nite:pointer role="abstractive"  href="Bmr027.abssumm.xml#id(Bmr027.s.17)"/>
   </summlink>
   <summlink nite:id="Bmr027.summlink.66">
      <nite:pointer role="extractive"  href="Bmr027.E.dialogue-acts.xml#id(Bmr027.E.dialogueact339)"/>
      <nite:pointer role="abstractive"  href="Bmr027.abssumm.xml#id(Bmr027.s.16)"/>
   </summlink>
   <summlink nite:id="Bmr027.summlink.67">
      <nite:pointer role="extractive"  href="Bmr027.E.dialogue-acts.xml#id(Bmr027.E.dialogueact339)"/>
      <nite:pointer role="abstractive"  href="Bmr027.abssumm.xml#id(Bmr027.s.17)"/>
   </summlink>
   <summlink nite:id="Bmr027.summlink.68">
      <nite:pointer role="extractive"  href="Bmr027.F.dialogue-acts.xml#id(Bmr027.F.dialogueact358)"/>
      <nite:pointer role="abstractive"  href="Bmr027.abssumm.xml#id(Bmr027.s.16)"/>
   </summlink>
   <summlink nite:id="Bmr027.summlink.69">
      <nite:pointer role="extractive"  href="Bmr027.F.dialogue-acts.xml#id(Bmr027.F.dialogueact358)"/>
      <nite:pointer role="abstractive"  href="Bmr027.abssumm.xml#id(Bmr027.s.17)"/>
   </summlink>
   <summlink nite:id="Bmr027.summlink.70">
      <nite:pointer role="extractive"  href="Bmr027.F.dialogue-acts.xml#id(Bmr027.F.dialogueact358)"/>
      <nite:pointer role="abstractive"  href="Bmr027.abssumm.xml#id(Bmr027.s.18)"/>
   </summlink>
   <summlink nite:id="Bmr027.summlink.71">
      <nite:pointer role="extractive"  href="Bmr027.F.dialogue-acts.xml#id(Bmr027.F.dialogueact359)"/>
      <nite:pointer role="abstractive"  href="Bmr027.abssumm.xml#id(Bmr027.s.16)"/>
   </summlink>
   <summlink nite:id="Bmr027.summlink.72">
      <nite:pointer role="extractive"  href="Bmr027.F.dialogue-acts.xml#id(Bmr027.F.dialogueact359)"/>
      <nite:pointer role="abstractive"  href="Bmr027.abssumm.xml#id(Bmr027.s.17)"/>
   </summlink>
   <summlink nite:id="Bmr027.summlink.73">
      <nite:pointer role="extractive"  href="Bmr027.F.dialogue-acts.xml#id(Bmr027.F.dialogueact359)"/>
      <nite:pointer role="abstractive"  href="Bmr027.abssumm.xml#id(Bmr027.s.18)"/>
   </summlink>
   <summlink nite:id="Bmr027.summlink.74">
      <nite:pointer role="extractive"  href="Bmr027.F.dialogue-acts.xml#id(Bmr027.F.dialogueact360)"/>
      <nite:pointer role="abstractive"  href="Bmr027.abssumm.xml#id(Bmr027.s.16)"/>
   </summlink>
   <summlink nite:id="Bmr027.summlink.75">
      <nite:pointer role="extractive"  href="Bmr027.F.dialogue-acts.xml#id(Bmr027.F.dialogueact360)"/>
      <nite:pointer role="abstractive"  href="Bmr027.abssumm.xml#id(Bmr027.s.17)"/>
   </summlink>
   <summlink nite:id="Bmr027.summlink.76">
      <nite:pointer role="extractive"  href="Bmr027.F.dialogue-acts.xml#id(Bmr027.F.dialogueact360)"/>
      <nite:pointer role="abstractive"  href="Bmr027.abssumm.xml#id(Bmr027.s.18)"/>
   </summlink>
   <summlink nite:id="Bmr027.summlink.77">
      <nite:pointer role="extractive"  href="Bmr027.F.dialogue-acts.xml#id(Bmr027.F.dialogueact361)"/>
      <nite:pointer role="abstractive"  href="Bmr027.abssumm.xml#id(Bmr027.s.16)"/>
   </summlink>
   <summlink nite:id="Bmr027.summlink.78">
      <nite:pointer role="extractive"  href="Bmr027.F.dialogue-acts.xml#id(Bmr027.F.dialogueact361)"/>
      <nite:pointer role="abstractive"  href="Bmr027.abssumm.xml#id(Bmr027.s.17)"/>
   </summlink>
   <summlink nite:id="Bmr027.summlink.79">
      <nite:pointer role="extractive"  href="Bmr027.F.dialogue-acts.xml#id(Bmr027.F.dialogueact361)"/>
      <nite:pointer role="abstractive"  href="Bmr027.abssumm.xml#id(Bmr027.s.18)"/>
   </summlink>
   <summlink nite:id="Bmr027.summlink.80">
      <nite:pointer role="extractive"  href="Bmr027.H.dialogue-acts.xml#id(Bmr027.H.dialogueact362)"/>
      <nite:pointer role="abstractive"  href="Bmr027.abssumm.xml#id(Bmr027.s.16)"/>
   </summlink>
   <summlink nite:id="Bmr027.summlink.81">
      <nite:pointer role="extractive"  href="Bmr027.H.dialogue-acts.xml#id(Bmr027.H.dialogueact362)"/>
      <nite:pointer role="abstractive"  href="Bmr027.abssumm.xml#id(Bmr027.s.17)"/>
   </summlink>
   <summlink nite:id="Bmr027.summlink.82">
      <nite:pointer role="extractive"  href="Bmr027.H.dialogue-acts.xml#id(Bmr027.H.dialogueact362)"/>
      <nite:pointer role="abstractive"  href="Bmr027.abssumm.xml#id(Bmr027.s.18)"/>
   </summlink>
   <summlink nite:id="Bmr027.summlink.83">
      <nite:pointer role="extractive"  href="Bmr027.H.dialogue-acts.xml#id(Bmr027.H.dialogueact362)"/>
      <nite:pointer role="abstractive"  href="Bmr027.abssumm.xml#id(Bmr027.s.3)"/>
   </summlink>
   <summlink nite:id="Bmr027.summlink.84">
      <nite:pointer role="extractive"  href="Bmr027.A.dialogue-acts.xml#id(Bmr027.A.dialogueact479)"/>
      <nite:pointer role="abstractive"  href="Bmr027.abssumm.xml#id(Bmr027.s.3)"/>
   </summlink>
   <summlink nite:id="Bmr027.summlink.85">
      <nite:pointer role="extractive"  href="Bmr027.A.dialogue-acts.xml#id(Bmr027.A.dialogueact479)"/>
      <nite:pointer role="abstractive"  href="Bmr027.abssumm.xml#id(Bmr027.s.14)"/>
   </summlink>
   <summlink nite:id="Bmr027.summlink.86">
      <nite:pointer role="extractive"  href="Bmr027.A.dialogue-acts.xml#id(Bmr027.A.dialogueact484)"/>
      <nite:pointer role="abstractive"  href="Bmr027.abssumm.xml#id(Bmr027.s.3)"/>
   </summlink>
   <summlink nite:id="Bmr027.summlink.87">
      <nite:pointer role="extractive"  href="Bmr027.A.dialogue-acts.xml#id(Bmr027.A.dialogueact484)"/>
      <nite:pointer role="abstractive"  href="Bmr027.abssumm.xml#id(Bmr027.s.14)"/>
   </summlink>
   <summlink nite:id="Bmr027.summlink.88">
      <nite:pointer role="extractive"  href="Bmr027.A.dialogue-acts.xml#id(Bmr027.A.dialogueact485)"/>
      <nite:pointer role="abstractive"  href="Bmr027.abssumm.xml#id(Bmr027.s.14)"/>
   </summlink>
   <summlink nite:id="Bmr027.summlink.89">
      <nite:pointer role="extractive"  href="Bmr027.A.dialogue-acts.xml#id(Bmr027.A.dialogueact485)"/>
      <nite:pointer role="abstractive"  href="Bmr027.abssumm.xml#id(Bmr027.s.3)"/>
   </summlink>
   <summlink nite:id="Bmr027.summlink.90">
      <nite:pointer role="extractive"  href="Bmr027.A.dialogue-acts.xml#id(Bmr027.A.dialogueact487)"/>
      <nite:pointer role="abstractive"  href="Bmr027.abssumm.xml#id(Bmr027.s.3)"/>
   </summlink>
   <summlink nite:id="Bmr027.summlink.92">
      <nite:pointer role="extractive"  href="Bmr027.A.dialogue-acts.xml#id(Bmr027.A.dialogueact487)"/>
      <nite:pointer role="abstractive"  href="Bmr027.abssumm.xml#id(Bmr027.s.14)"/>
   </summlink>
   <summlink nite:id="Bmr027.summlink.93">
      <nite:pointer role="extractive"  href="Bmr027.A.dialogue-acts.xml#id(Bmr027.A.dialogueact488)"/>
      <nite:pointer role="abstractive"  href="Bmr027.abssumm.xml#id(Bmr027.s.3)"/>
   </summlink>
   <summlink nite:id="Bmr027.summlink.94">
      <nite:pointer role="extractive"  href="Bmr027.A.dialogue-acts.xml#id(Bmr027.A.dialogueact488)"/>
      <nite:pointer role="abstractive"  href="Bmr027.abssumm.xml#id(Bmr027.s.14)"/>
   </summlink>
   <summlink nite:id="Bmr027.summlink.95">
      <nite:pointer role="extractive"  href="Bmr027.B.dialogue-acts.xml#id(Bmr027.B.dialogueact505)"/>
      <nite:pointer role="abstractive"  href="Bmr027.abssumm.xml#id(Bmr027.s.14)"/>
   </summlink>
   <summlink nite:id="Bmr027.summlink.96">
      <nite:pointer role="extractive"  href="Bmr027.B.dialogue-acts.xml#id(Bmr027.B.dialogueact505)"/>
      <nite:pointer role="abstractive"  href="Bmr027.abssumm.xml#id(Bmr027.s.3)"/>
   </summlink>
   <summlink nite:id="Bmr027.summlink.97">
      <nite:pointer role="extractive"  href="Bmr027.B.dialogue-acts.xml#id(Bmr027.B.dialogueact508)"/>
      <nite:pointer role="abstractive"  href="Bmr027.abssumm.xml#id(Bmr027.s.3)"/>
   </summlink>
   <summlink nite:id="Bmr027.summlink.98">
      <nite:pointer role="extractive"  href="Bmr027.B.dialogue-acts.xml#id(Bmr027.B.dialogueact508)"/>
      <nite:pointer role="abstractive"  href="Bmr027.abssumm.xml#id(Bmr027.s.14)"/>
   </summlink>
   <summlink nite:id="Bmr027.summlink.99">
      <nite:pointer role="extractive"  href="Bmr027.B.dialogue-acts.xml#id(Bmr027.B.dialogueact510)"/>
      <nite:pointer role="abstractive"  href="Bmr027.abssumm.xml#id(Bmr027.s.3)"/>
   </summlink>
   <summlink nite:id="Bmr027.summlink.100">
      <nite:pointer role="extractive"  href="Bmr027.B.dialogue-acts.xml#id(Bmr027.B.dialogueact510)"/>
      <nite:pointer role="abstractive"  href="Bmr027.abssumm.xml#id(Bmr027.s.14)"/>
   </summlink>
   <summlink nite:id="Bmr027.summlink.101">
      <nite:pointer role="extractive"  href="Bmr027.B.dialogue-acts.xml#id(Bmr027.B.dialogueact511)"/>
      <nite:pointer role="abstractive"  href="Bmr027.abssumm.xml#id(Bmr027.s.3)"/>
   </summlink>
   <summlink nite:id="Bmr027.summlink.102">
      <nite:pointer role="extractive"  href="Bmr027.B.dialogue-acts.xml#id(Bmr027.B.dialogueact511)"/>
      <nite:pointer role="abstractive"  href="Bmr027.abssumm.xml#id(Bmr027.s.14)"/>
   </summlink>
   <summlink nite:id="Bmr027.summlink.103">
      <nite:pointer role="extractive"  href="Bmr027.E.dialogue-acts.xml#id(Bmr027.E.dialogueact513)"/>
      <nite:pointer role="abstractive"  href="Bmr027.abssumm.xml#id(Bmr027.s.3)"/>
   </summlink>
   <summlink nite:id="Bmr027.summlink.104">
      <nite:pointer role="extractive"  href="Bmr027.E.dialogue-acts.xml#id(Bmr027.E.dialogueact513)"/>
      <nite:pointer role="abstractive"  href="Bmr027.abssumm.xml#id(Bmr027.s.14)"/>
   </summlink>
   <summlink nite:id="Bmr027.summlink.105">
      <nite:pointer role="extractive"  href="Bmr027.E.dialogue-acts.xml#id(Bmr027.E.dialogueact513)"/>
      <nite:pointer role="abstractive"  href="Bmr027.abssumm.xml#id(Bmr027.s.13)"/>
   </summlink>
   <summlink nite:id="Bmr027.summlink.106">
      <nite:pointer role="extractive"  href="Bmr027.E.dialogue-acts.xml#id(Bmr027.E.dialogueact521)"/>
      <nite:pointer role="abstractive"  href="Bmr027.abssumm.xml#id(Bmr027.s.13)"/>
   </summlink>
   <summlink nite:id="Bmr027.summlink.107">
      <nite:pointer role="extractive"  href="Bmr027.E.dialogue-acts.xml#id(Bmr027.E.dialogueact521)"/>
      <nite:pointer role="abstractive"  href="Bmr027.abssumm.xml#id(Bmr027.s.14)"/>
   </summlink>
   <summlink nite:id="Bmr027.summlink.109">
      <nite:pointer role="extractive"  href="Bmr027.B.dialogue-acts.xml#id(Bmr027.B.dialogueact541)"/>
      <nite:pointer role="abstractive"  href="Bmr027.abssumm.xml#id(Bmr027.s.10)"/>
   </summlink>
   <summlink nite:id="Bmr027.summlink.110">
      <nite:pointer role="extractive"  href="Bmr027.B.dialogue-acts.xml#id(Bmr027.B.dialogueact546)"/>
      <nite:pointer role="abstractive"  href="Bmr027.abssumm.xml#id(Bmr027.s.10)"/>
   </summlink>
   <summlink nite:id="Bmr027.summlink.111">
      <nite:pointer role="extractive"  href="Bmr027.B.dialogue-acts.xml#id(Bmr027.B.dialogueact547)"/>
      <nite:pointer role="abstractive"  href="Bmr027.abssumm.xml#id(Bmr027.s.10)"/>
   </summlink>
   <summlink nite:id="Bmr027.summlink.112">
      <nite:pointer role="extractive"  href="Bmr027.B.dialogue-acts.xml#id(Bmr027.B.dialogueact549)"/>
      <nite:pointer role="abstractive"  href="Bmr027.abssumm.xml#id(Bmr027.s.10)"/>
   </summlink>
   <summlink nite:id="Bmr027.summlink.113">
      <nite:pointer role="extractive"  href="Bmr027.F.dialogue-acts.xml#id(Bmr027.F.dialogueact583)"/>
      <nite:pointer role="abstractive"  href="Bmr027.abssumm.xml#id(Bmr027.s.14)"/>
   </summlink>
   <summlink nite:id="Bmr027.summlink.114">
      <nite:pointer role="extractive"  href="Bmr027.F.dialogue-acts.xml#id(Bmr027.F.dialogueact583)"/>
      <nite:pointer role="abstractive"  href="Bmr027.abssumm.xml#id(Bmr027.s.3)"/>
   </summlink>
   <summlink nite:id="Bmr027.summlink.115">
      <nite:pointer role="extractive"  href="Bmr027.A.dialogue-acts.xml#id(Bmr027.A.dialogueact584)"/>
      <nite:pointer role="abstractive"  href="Bmr027.abssumm.xml#id(Bmr027.s.3)"/>
   </summlink>
   <summlink nite:id="Bmr027.summlink.116">
      <nite:pointer role="extractive"  href="Bmr027.A.dialogue-acts.xml#id(Bmr027.A.dialogueact584)"/>
      <nite:pointer role="abstractive"  href="Bmr027.abssumm.xml#id(Bmr027.s.14)"/>
   </summlink>
   <summlink nite:id="Bmr027.summlink.117">
      <nite:pointer role="extractive"  href="Bmr027.A.dialogue-acts.xml#id(Bmr027.A.dialogueact584)"/>
      <nite:pointer role="abstractive"  href="Bmr027.abssumm.xml#id(Bmr027.s.18)"/>
   </summlink>
   <summlink nite:id="Bmr027.summlink.118">
      <nite:pointer role="extractive"  href="Bmr027.F.dialogue-acts.xml#id(Bmr027.F.dialogueact583)"/>
      <nite:pointer role="abstractive"  href="Bmr027.abssumm.xml#id(Bmr027.s.18)"/>
   </summlink>
   <summlink nite:id="Bmr027.summlink.119">
      <nite:pointer role="extractive"  href="Bmr027.A.dialogue-acts.xml#id(Bmr027.A.dialogueact589)"/>
      <nite:pointer role="abstractive"  href="Bmr027.abssumm.xml#id(Bmr027.s.18)"/>
   </summlink>
   <summlink nite:id="Bmr027.summlink.120">
      <nite:pointer role="extractive"  href="Bmr027.A.dialogue-acts.xml#id(Bmr027.A.dialogueact589)"/>
      <nite:pointer role="abstractive"  href="Bmr027.abssumm.xml#id(Bmr027.s.14)"/>
   </summlink>
   <summlink nite:id="Bmr027.summlink.121">
      <nite:pointer role="extractive"  href="Bmr027.A.dialogue-acts.xml#id(Bmr027.A.dialogueact589)"/>
      <nite:pointer role="abstractive"  href="Bmr027.abssumm.xml#id(Bmr027.s.3)"/>
   </summlink>
   <summlink nite:id="Bmr027.summlink.122">
      <nite:pointer role="extractive"  href="Bmr027.B.dialogue-acts.xml#id(Bmr027.B.dialogueact602)"/>
      <nite:pointer role="abstractive"  href="Bmr027.abssumm.xml#id(Bmr027.s.3)"/>
   </summlink>
   <summlink nite:id="Bmr027.summlink.123">
      <nite:pointer role="extractive"  href="Bmr027.B.dialogue-acts.xml#id(Bmr027.B.dialogueact602)"/>
      <nite:pointer role="abstractive"  href="Bmr027.abssumm.xml#id(Bmr027.s.14)"/>
   </summlink>
   <summlink nite:id="Bmr027.summlink.124">
      <nite:pointer role="extractive"  href="Bmr027.F.dialogue-acts.xml#id(Bmr027.F.dialogueact606)"/>
      <nite:pointer role="abstractive"  href="Bmr027.abssumm.xml#id(Bmr027.s.14)"/>
   </summlink>
   <summlink nite:id="Bmr027.summlink.125">
      <nite:pointer role="extractive"  href="Bmr027.F.dialogue-acts.xml#id(Bmr027.F.dialogueact606)"/>
      <nite:pointer role="abstractive"  href="Bmr027.abssumm.xml#id(Bmr027.s.3)"/>
   </summlink>
   <summlink nite:id="Bmr027.summlink.126">
      <nite:pointer role="extractive"  href="Bmr027.F.dialogue-acts.xml#id(Bmr027.F.dialogueact606)"/>
      <nite:pointer role="abstractive"  href="Bmr027.abssumm.xml#id(Bmr027.s.18)"/>
   </summlink>
   <summlink nite:id="Bmr027.summlink.127">
      <nite:pointer role="extractive"  href="Bmr027.B.dialogue-acts.xml#id(Bmr027.B.dialogueact612)"/>
      <nite:pointer role="abstractive"  href="Bmr027.abssumm.xml#id(Bmr027.s.11)"/>
   </summlink>
   <summlink nite:id="Bmr027.summlink.128">
      <nite:pointer role="extractive"  href="Bmr027.B.dialogue-acts.xml#id(Bmr027.B.dialogueact612)"/>
      <nite:pointer role="abstractive"  href="Bmr027.abssumm.xml#id(Bmr027.s.18)"/>
   </summlink>
   <summlink nite:id="Bmr027.summlink.129">
      <nite:pointer role="extractive"  href="Bmr027.B.dialogue-acts.xml#id(Bmr027.B.dialogueact612)"/>
      <nite:pointer role="abstractive"  href="Bmr027.abssumm.xml#id(Bmr027.s.16)"/>
   </summlink>
   <summlink nite:id="Bmr027.summlink.130">
      <nite:pointer role="extractive"  href="Bmr027.A.dialogue-acts.xml#id(Bmr027.A.dialogueact632)"/>
      <nite:pointer role="abstractive"  href="Bmr027.abssumm.xml#id(Bmr027.s.3)"/>
   </summlink>
   <summlink nite:id="Bmr027.summlink.131">
      <nite:pointer role="extractive"  href="Bmr027.A.dialogue-acts.xml#id(Bmr027.A.dialogueact632)"/>
      <nite:pointer role="abstractive"  href="Bmr027.abssumm.xml#id(Bmr027.s.13)"/>
   </summlink>
   <summlink nite:id="Bmr027.summlink.132">
      <nite:pointer role="extractive"  href="Bmr027.F.dialogue-acts.xml#id(Bmr027.F.dialogueact678)"/>
      <nite:pointer role="abstractive"  href="Bmr027.abssumm.xml#id(Bmr027.s.20)"/>
   </summlink>
   <summlink nite:id="Bmr027.summlink.133">
      <nite:pointer role="extractive"  href="Bmr027.F.dialogue-acts.xml#id(Bmr027.F.dialogueact678)"/>
      <nite:pointer role="abstractive"  href="Bmr027.abssumm.xml#id(Bmr027.s.26)"/>
   </summlink>
   <summlink nite:id="Bmr027.summlink.134">
      <nite:pointer role="extractive"  href="Bmr027.F.dialogue-acts.xml#id(Bmr027.F.dialogueact678)"/>
      <nite:pointer role="abstractive"  href="Bmr027.abssumm.xml#id(Bmr027.s.6)"/>
   </summlink>
   <summlink nite:id="Bmr027.summlink.135">
      <nite:pointer role="extractive"  href="Bmr027.F.dialogue-acts.xml#id(Bmr027.F.dialogueact678)"/>
      <nite:pointer role="abstractive"  href="Bmr027.abssumm.xml#id(Bmr027.s.15)"/>
   </summlink>
   <summlink nite:id="Bmr027.summlink.136">
      <nite:pointer role="extractive"  href="Bmr027.F.dialogue-acts.xml#id(Bmr027.F.dialogueact683)"/>
      <nite:pointer role="abstractive"  href="Bmr027.abssumm.xml#id(Bmr027.s.6)"/>
   </summlink>
   <summlink nite:id="Bmr027.summlink.137">
      <nite:pointer role="extractive"  href="Bmr027.F.dialogue-acts.xml#id(Bmr027.F.dialogueact683)"/>
      <nite:pointer role="abstractive"  href="Bmr027.abssumm.xml#id(Bmr027.s.15)"/>
   </summlink>
   <summlink nite:id="Bmr027.summlink.139">
      <nite:pointer role="extractive"  href="Bmr027.F.dialogue-acts.xml#id(Bmr027.F.dialogueact683)"/>
      <nite:pointer role="abstractive"  href="Bmr027.abssumm.xml#id(Bmr027.s.20)"/>
   </summlink>
   <summlink nite:id="Bmr027.summlink.140">
      <nite:pointer role="extractive"  href="Bmr027.F.dialogue-acts.xml#id(Bmr027.F.dialogueact684)"/>
      <nite:pointer role="abstractive"  href="Bmr027.abssumm.xml#id(Bmr027.s.6)"/>
   </summlink>
   <summlink nite:id="Bmr027.summlink.141">
      <nite:pointer role="extractive"  href="Bmr027.F.dialogue-acts.xml#id(Bmr027.F.dialogueact684)"/>
      <nite:pointer role="abstractive"  href="Bmr027.abssumm.xml#id(Bmr027.s.15)"/>
   </summlink>
   <summlink nite:id="Bmr027.summlink.142">
      <nite:pointer role="extractive"  href="Bmr027.F.dialogue-acts.xml#id(Bmr027.F.dialogueact684)"/>
      <nite:pointer role="abstractive"  href="Bmr027.abssumm.xml#id(Bmr027.s.20)"/>
   </summlink>
   <summlink nite:id="Bmr027.summlink.143">
      <nite:pointer role="extractive"  href="Bmr027.A.dialogue-acts.xml#id(Bmr027.A.dialogueact706)"/>
      <nite:pointer role="abstractive"  href="Bmr027.abssumm.xml#id(Bmr027.s.6)"/>
   </summlink>
   <summlink nite:id="Bmr027.summlink.144">
      <nite:pointer role="extractive"  href="Bmr027.A.dialogue-acts.xml#id(Bmr027.A.dialogueact706)"/>
      <nite:pointer role="abstractive"  href="Bmr027.abssumm.xml#id(Bmr027.s.15)"/>
   </summlink>
   <summlink nite:id="Bmr027.summlink.145">
      <nite:pointer role="extractive"  href="Bmr027.F.dialogue-acts.xml#id(Bmr027.F.dialogueact708)"/>
      <nite:pointer role="abstractive"  href="Bmr027.abssumm.xml#id(Bmr027.s.6)"/>
   </summlink>
   <summlink nite:id="Bmr027.summlink.146">
      <nite:pointer role="extractive"  href="Bmr027.F.dialogue-acts.xml#id(Bmr027.F.dialogueact708)"/>
      <nite:pointer role="abstractive"  href="Bmr027.abssumm.xml#id(Bmr027.s.15)"/>
   </summlink>
   <summlink nite:id="Bmr027.summlink.148">
      <nite:pointer role="extractive"  href="Bmr027.B.dialogue-acts.xml#id(Bmr027.B.dialogueact709)"/>
      <nite:pointer role="abstractive"  href="Bmr027.abssumm.xml#id(Bmr027.s.6)"/>
   </summlink>
   <summlink nite:id="Bmr027.summlink.149">
      <nite:pointer role="extractive"  href="Bmr027.B.dialogue-acts.xml#id(Bmr027.B.dialogueact709)"/>
      <nite:pointer role="abstractive"  href="Bmr027.abssumm.xml#id(Bmr027.s.15)"/>
   </summlink>
   <summlink nite:id="Bmr027.summlink.150">
      <nite:pointer role="extractive"  href="Bmr027.F.dialogue-acts.xml#id(Bmr027.F.dialogueact710)"/>
      <nite:pointer role="abstractive"  href="Bmr027.abssumm.xml#id(Bmr027.s.15)"/>
   </summlink>
   <summlink nite:id="Bmr027.summlink.151">
      <nite:pointer role="extractive"  href="Bmr027.F.dialogue-acts.xml#id(Bmr027.F.dialogueact711)"/>
      <nite:pointer role="abstractive"  href="Bmr027.abssumm.xml#id(Bmr027.s.15)"/>
   </summlink>
   <summlink nite:id="Bmr027.summlink.152">
      <nite:pointer role="extractive"  href="Bmr027.F.dialogue-acts.xml#id(Bmr027.F.dialogueact712)"/>
      <nite:pointer role="abstractive"  href="Bmr027.abssumm.xml#id(Bmr027.s.15)"/>
   </summlink>
   <summlink nite:id="Bmr027.summlink.153">
      <nite:pointer role="extractive"  href="Bmr027.F.dialogue-acts.xml#id(Bmr027.F.dialogueact713)"/>
      <nite:pointer role="abstractive"  href="Bmr027.abssumm.xml#id(Bmr027.s.15)"/>
   </summlink>
   <summlink nite:id="Bmr027.summlink.154">
      <nite:pointer role="extractive"  href="Bmr027.E.dialogue-acts.xml#id(Bmr027.E.dialogueact902)"/>
      <nite:pointer role="abstractive"  href="Bmr027.abssumm.xml#id(Bmr027.s.12)"/>
   </summlink>
   <summlink nite:id="Bmr027.summlink.155">
      <nite:pointer role="extractive"  href="Bmr027.E.dialogue-acts.xml#id(Bmr027.E.dialogueact904)"/>
      <nite:pointer role="abstractive"  href="Bmr027.abssumm.xml#id(Bmr027.s.12)"/>
   </summlink>
   <summlink nite:id="Bmr027.summlink.156">
      <nite:pointer role="extractive"  href="Bmr027.E.dialogue-acts.xml#id(Bmr027.E.dialogueact905)"/>
      <nite:pointer role="abstractive"  href="Bmr027.abssumm.xml#id(Bmr027.s.12)"/>
   </summlink>
   <summlink nite:id="Bmr027.summlink.157">
      <nite:pointer role="extractive"  href="Bmr027.F.dialogue-acts.xml#id(Bmr027.F.dialogueact907)"/>
      <nite:pointer role="abstractive"  href="Bmr027.abssumm.xml#id(Bmr027.s.12)"/>
   </summlink>
   <summlink nite:id="Bmr027.summlink.158">
      <nite:pointer role="extractive"  href="Bmr027.B.dialogue-acts.xml#id(Bmr027.B.dialogueact943)"/>
      <nite:pointer role="abstractive"  href="Bmr027.abssumm.xml#id(Bmr027.s.4)"/>
   </summlink>
   <summlink nite:id="Bmr027.summlink.159">
      <nite:pointer role="extractive"  href="Bmr027.B.dialogue-acts.xml#id(Bmr027.B.dialogueact943)"/>
      <nite:pointer role="abstractive"  href="Bmr027.abssumm.xml#id(Bmr027.s.23)"/>
   </summlink>
   <summlink nite:id="Bmr027.summlink.160">
      <nite:pointer role="extractive"  href="Bmr027.C.dialogue-acts.xml#id(Bmr027.C.dialogueact948)"/>
      <nite:pointer role="abstractive"  href="Bmr027.abssumm.xml#id(Bmr027.s.4)"/>
   </summlink>
   <summlink nite:id="Bmr027.summlink.161">
      <nite:pointer role="extractive"  href="Bmr027.C.dialogue-acts.xml#id(Bmr027.C.dialogueact948)"/>
      <nite:pointer role="abstractive"  href="Bmr027.abssumm.xml#id(Bmr027.s.23)"/>
   </summlink>
   <summlink nite:id="Bmr027.summlink.162">
      <nite:pointer role="extractive"  href="Bmr027.C.dialogue-acts.xml#id(Bmr027.C.dialogueact949)"/>
      <nite:pointer role="abstractive"  href="Bmr027.abssumm.xml#id(Bmr027.s.4)"/>
   </summlink>
   <summlink nite:id="Bmr027.summlink.163">
      <nite:pointer role="extractive"  href="Bmr027.C.dialogue-acts.xml#id(Bmr027.C.dialogueact949)"/>
      <nite:pointer role="abstractive"  href="Bmr027.abssumm.xml#id(Bmr027.s.23)"/>
   </summlink>
   <summlink nite:id="Bmr027.summlink.164">
      <nite:pointer role="extractive"  href="Bmr027.C.dialogue-acts.xml#id(Bmr027.C.dialogueact950)"/>
      <nite:pointer role="abstractive"  href="Bmr027.abssumm.xml#id(Bmr027.s.24)"/>
   </summlink>
   <summlink nite:id="Bmr027.summlink.165">
      <nite:pointer role="extractive"  href="Bmr027.C.dialogue-acts.xml#id(Bmr027.C.dialogueact950)"/>
      <nite:pointer role="abstractive"  href="Bmr027.abssumm.xml#id(Bmr027.s.4)"/>
   </summlink>
   <summlink nite:id="Bmr027.summlink.166">
      <nite:pointer role="extractive"  href="Bmr027.C.dialogue-acts.xml#id(Bmr027.C.dialogueact950)"/>
      <nite:pointer role="abstractive"  href="Bmr027.abssumm.xml#id(Bmr027.s.23)"/>
   </summlink>
   <summlink nite:id="Bmr027.summlink.167">
      <nite:pointer role="extractive"  href="Bmr027.F.dialogue-acts.xml#id(Bmr027.F.dialogueact953)"/>
      <nite:pointer role="abstractive"  href="Bmr027.abssumm.xml#id(Bmr027.s.4)"/>
   </summlink>
   <summlink nite:id="Bmr027.summlink.168">
      <nite:pointer role="extractive"  href="Bmr027.F.dialogue-acts.xml#id(Bmr027.F.dialogueact953)"/>
      <nite:pointer role="abstractive"  href="Bmr027.abssumm.xml#id(Bmr027.s.23)"/>
   </summlink>
   <summlink nite:id="Bmr027.summlink.169">
      <nite:pointer role="extractive"  href="Bmr027.F.dialogue-acts.xml#id(Bmr027.F.dialogueact953)"/>
      <nite:pointer role="abstractive"  href="Bmr027.abssumm.xml#id(Bmr027.s.24)"/>
   </summlink>
   <summlink nite:id="Bmr027.summlink.170">
      <nite:pointer role="extractive"  href="Bmr027.C.dialogue-acts.xml#id(Bmr027.C.dialogueact959)"/>
      <nite:pointer role="abstractive"  href="Bmr027.abssumm.xml#id(Bmr027.s.24)"/>
   </summlink>
   <summlink nite:id="Bmr027.summlink.171">
      <nite:pointer role="extractive"  href="Bmr027.C.dialogue-acts.xml#id(Bmr027.C.dialogueact959)"/>
      <nite:pointer role="abstractive"  href="Bmr027.abssumm.xml#id(Bmr027.s.4)"/>
   </summlink>
   <summlink nite:id="Bmr027.summlink.172">
      <nite:pointer role="extractive"  href="Bmr027.F.dialogue-acts.xml#id(Bmr027.F.dialogueact960)"/>
      <nite:pointer role="abstractive"  href="Bmr027.abssumm.xml#id(Bmr027.s.24)"/>
   </summlink>
   <summlink nite:id="Bmr027.summlink.173">
      <nite:pointer role="extractive"  href="Bmr027.F.dialogue-acts.xml#id(Bmr027.F.dialogueact960)"/>
      <nite:pointer role="abstractive"  href="Bmr027.abssumm.xml#id(Bmr027.s.4)"/>
   </summlink>
   <summlink nite:id="Bmr027.summlink.174">
      <nite:pointer role="extractive"  href="Bmr027.A.dialogue-acts.xml#id(Bmr027.A.dialogueact972)"/>
      <nite:pointer role="abstractive"  href="Bmr027.abssumm.xml#id(Bmr027.s.4)"/>
   </summlink>
   <summlink nite:id="Bmr027.summlink.175">
      <nite:pointer role="extractive"  href="Bmr027.A.dialogue-acts.xml#id(Bmr027.A.dialogueact972)"/>
      <nite:pointer role="abstractive"  href="Bmr027.abssumm.xml#id(Bmr027.s.24)"/>
   </summlink>
   <summlink nite:id="Bmr027.summlink.176">
      <nite:pointer role="extractive"  href="Bmr027.F.dialogue-acts.xml#id(Bmr027.F.dialogueact976)"/>
      <nite:pointer role="abstractive"  href="Bmr027.abssumm.xml#id(Bmr027.s.4)"/>
   </summlink>
   <summlink nite:id="Bmr027.summlink.177">
      <nite:pointer role="extractive"  href="Bmr027.F.dialogue-acts.xml#id(Bmr027.F.dialogueact976)"/>
      <nite:pointer role="abstractive"  href="Bmr027.abssumm.xml#id(Bmr027.s.24)"/>
   </summlink>
   <summlink nite:id="Bmr027.summlink.178">
      <nite:pointer role="extractive"  href="Bmr027.F.dialogue-acts.xml#id(Bmr027.F.dialogueact977)"/>
      <nite:pointer role="abstractive"  href="Bmr027.abssumm.xml#id(Bmr027.s.4)"/>
   </summlink>
   <summlink nite:id="Bmr027.summlink.179">
      <nite:pointer role="extractive"  href="Bmr027.F.dialogue-acts.xml#id(Bmr027.F.dialogueact977)"/>
      <nite:pointer role="abstractive"  href="Bmr027.abssumm.xml#id(Bmr027.s.24)"/>
   </summlink>
   <summlink nite:id="Bmr027.summlink.180">
      <nite:pointer role="extractive"  href="Bmr027.A.dialogue-acts.xml#id(Bmr027.A.dialogueact984)"/>
      <nite:pointer role="abstractive"  href="Bmr027.abssumm.xml#id(Bmr027.s.25)"/>
   </summlink>
   <summlink nite:id="Bmr027.summlink.181">
      <nite:pointer role="extractive"  href="Bmr027.A.dialogue-acts.xml#id(Bmr027.A.dialogueact984)"/>
      <nite:pointer role="abstractive"  href="Bmr027.abssumm.xml#id(Bmr027.s.6)"/>
   </summlink>
   <summlink nite:id="Bmr027.summlink.182">
      <nite:pointer role="extractive"  href="Bmr027.A.dialogue-acts.xml#id(Bmr027.A.dialogueact985)"/>
      <nite:pointer role="abstractive"  href="Bmr027.abssumm.xml#id(Bmr027.s.25)"/>
   </summlink>
   <summlink nite:id="Bmr027.summlink.183">
      <nite:pointer role="extractive"  href="Bmr027.A.dialogue-acts.xml#id(Bmr027.A.dialogueact985)"/>
      <nite:pointer role="abstractive"  href="Bmr027.abssumm.xml#id(Bmr027.s.6)"/>
   </summlink>
   <summlink nite:id="Bmr027.summlink.184">
      <nite:pointer role="extractive"  href="Bmr027.A.dialogue-acts.xml#id(Bmr027.A.dialogueact986)"/>
      <nite:pointer role="abstractive"  href="Bmr027.abssumm.xml#id(Bmr027.s.25)"/>
   </summlink>
   <summlink nite:id="Bmr027.summlink.185">
      <nite:pointer role="extractive"  href="Bmr027.A.dialogue-acts.xml#id(Bmr027.A.dialogueact986)"/>
      <nite:pointer role="abstractive"  href="Bmr027.abssumm.xml#id(Bmr027.s.6)"/>
   </summlink>
   <summlink nite:id="Bmr027.summlink.186">
      <nite:pointer role="extractive"  href="Bmr027.A.dialogue-acts.xml#id(Bmr027.A.dialogueact1014)"/>
      <nite:pointer role="abstractive"  href="Bmr027.abssumm.xml#id(Bmr027.s.19)"/>
   </summlink>
   <summlink nite:id="Bmr027.summlink.187">
      <nite:pointer role="extractive"  href="Bmr027.A.dialogue-acts.xml#id(Bmr027.A.dialogueact1014)"/>
      <nite:pointer role="abstractive"  href="Bmr027.abssumm.xml#id(Bmr027.s.5)"/>
   </summlink>
   <summlink nite:id="Bmr027.summlink.188">
      <nite:pointer role="extractive"  href="Bmr027.A.dialogue-acts.xml#id(Bmr027.A.dialogueact1051)"/>
      <nite:pointer role="abstractive"  href="Bmr027.abssumm.xml#id(Bmr027.s.5)"/>
   </summlink>
   <summlink nite:id="Bmr027.summlink.189">
      <nite:pointer role="extractive"  href="Bmr027.A.dialogue-acts.xml#id(Bmr027.A.dialogueact1051)"/>
      <nite:pointer role="abstractive"  href="Bmr027.abssumm.xml#id(Bmr027.s.19)"/>
   </summlink>
   <summlink nite:id="Bmr027.summlink.190">
      <nite:pointer role="extractive"  href="Bmr027.A.dialogue-acts.xml#id(Bmr027.A.dialogueact1060)"/>
      <nite:pointer role="abstractive"  href="Bmr027.abssumm.xml#id(Bmr027.s.5)"/>
   </summlink>
   <summlink nite:id="Bmr027.summlink.191">
      <nite:pointer role="extractive"  href="Bmr027.A.dialogue-acts.xml#id(Bmr027.A.dialogueact1060)"/>
      <nite:pointer role="abstractive"  href="Bmr027.abssumm.xml#id(Bmr027.s.19)"/>
   </summlink>
   <summlink nite:id="Bmr027.summlink.192">
      <nite:pointer role="extractive"  href="Bmr027.A.dialogue-acts.xml#id(Bmr027.A.dialogueact1106)"/>
      <nite:pointer role="abstractive"  href="Bmr027.abssumm.xml#id(Bmr027.s.5)"/>
   </summlink>
   <summlink nite:id="Bmr027.summlink.193">
      <nite:pointer role="extractive"  href="Bmr027.A.dialogue-acts.xml#id(Bmr027.A.dialogueact1106)"/>
      <nite:pointer role="abstractive"  href="Bmr027.abssumm.xml#id(Bmr027.s.19)"/>
   </summlink>
   <summlink nite:id="Bmr027.summlink.194">
      <nite:pointer role="extractive"  href="Bmr027.F.dialogue-acts.xml#id(Bmr027.F.dialogueact1109)"/>
      <nite:pointer role="abstractive"  href="Bmr027.abssumm.xml#id(Bmr027.s.5)"/>
   </summlink>
   <summlink nite:id="Bmr027.summlink.195">
      <nite:pointer role="extractive"  href="Bmr027.F.dialogue-acts.xml#id(Bmr027.F.dialogueact1109)"/>
      <nite:pointer role="abstractive"  href="Bmr027.abssumm.xml#id(Bmr027.s.19)"/>
   </summlink>
   <summlink nite:id="Bmr027.summlink.196">
      <nite:pointer role="extractive"  href="Bmr027.A.dialogue-acts.xml#id(Bmr027.A.dialogueact1111)"/>
      <nite:pointer role="abstractive"  href="Bmr027.abssumm.xml#id(Bmr027.s.19)"/>
   </summlink>
   <summlink nite:id="Bmr027.summlink.197">
      <nite:pointer role="extractive"  href="Bmr027.A.dialogue-acts.xml#id(Bmr027.A.dialogueact1111)"/>
      <nite:pointer role="abstractive"  href="Bmr027.abssumm.xml#id(Bmr027.s.5)"/>
   </summlink>
   <summlink nite:id="Bmr027.summlink.198">
      <nite:pointer role="extractive"  href="Bmr027.F.dialogue-acts.xml#id(Bmr027.F.dialogueact1115)"/>
      <nite:pointer role="abstractive"  href="Bmr027.abssumm.xml#id(Bmr027.s.5)"/>
   </summlink>
   <summlink nite:id="Bmr027.summlink.199">
      <nite:pointer role="extractive"  href="Bmr027.F.dialogue-acts.xml#id(Bmr027.F.dialogueact1115)"/>
      <nite:pointer role="abstractive"  href="Bmr027.abssumm.xml#id(Bmr027.s.19)"/>
   </summlink>
   <summlink nite:id="Bmr027.summlink.200">
      <nite:pointer role="extractive"  href="Bmr027.A.dialogue-acts.xml#id(Bmr027.A.dialogueact1117)"/>
      <nite:pointer role="abstractive"  href="Bmr027.abssumm.xml#id(Bmr027.s.5)"/>
   </summlink>
   <summlink nite:id="Bmr027.summlink.201">
      <nite:pointer role="extractive"  href="Bmr027.A.dialogue-acts.xml#id(Bmr027.A.dialogueact1117)"/>
      <nite:pointer role="abstractive"  href="Bmr027.abssumm.xml#id(Bmr027.s.19)"/>
   </summlink>
   <summlink nite:id="Bmr027.summlink.202">
      <nite:pointer role="extractive"  href="Bmr027.A.dialogue-acts.xml#id(Bmr027.A.dialogueact1120)"/>
      <nite:pointer role="abstractive"  href="Bmr027.abssumm.xml#id(Bmr027.s.5)"/>
   </summlink>
   <summlink nite:id="Bmr027.summlink.203">
      <nite:pointer role="extractive"  href="Bmr027.A.dialogue-acts.xml#id(Bmr027.A.dialogueact1120)"/>
      <nite:pointer role="abstractive"  href="Bmr027.abssumm.xml#id(Bmr027.s.19)"/>
   </summlink>
   <summlink nite:id="Bmr027.summlink.204">
      <nite:pointer role="extractive"  href="Bmr027.H.dialogue-acts.xml#id(Bmr027.H.dialogueact1121)"/>
      <nite:pointer role="abstractive"  href="Bmr027.abssumm.xml#id(Bmr027.s.19)"/>
   </summlink>
   <summlink nite:id="Bmr027.summlink.205">
      <nite:pointer role="extractive"  href="Bmr027.H.dialogue-acts.xml#id(Bmr027.H.dialogueact1121)"/>
      <nite:pointer role="abstractive"  href="Bmr027.abssumm.xml#id(Bmr027.s.5)"/>
   </summlink>
   <summlink nite:id="Bmr027.summlink.207">
      <nite:pointer role="extractive"  href="Bmr027.A.dialogue-acts.xml#id(Bmr027.A.dialogueact1143)"/>
      <nite:pointer role="abstractive"  href="Bmr027.abssumm.xml#id(Bmr027.s.25)"/>
   </summlink>
   <summlink nite:id="Bmr027.summlink.208">
      <nite:pointer role="extractive"  href="Bmr027.A.dialogue-acts.xml#id(Bmr027.A.dialogueact1145)"/>
      <nite:pointer role="abstractive"  href="Bmr027.abssumm.xml#id(Bmr027.s.25)"/>
   </summlink>
   <summlink nite:id="Bmr027.summlink.209">
      <nite:pointer role="extractive"  href="Bmr027.A.dialogue-acts.xml#id(Bmr027.A.dialogueact1146)"/>
      <nite:pointer role="abstractive"  href="Bmr027.abssumm.xml#id(Bmr027.s.25)"/>
   </summlink>
   <summlink nite:id="Bmr027.summlink.210">
      <nite:pointer role="extractive"  href="Bmr027.H.dialogue-acts.xml#id(Bmr027.H.dialogueact1162)"/>
      <nite:pointer role="abstractive"  href="Bmr027.abssumm.xml#id(Bmr027.s.25)"/>
   </summlink>
   <summlink nite:id="Bmr027.summlink.211">
      <nite:pointer role="extractive"  href="Bmr027.H.dialogue-acts.xml#id(Bmr027.H.dialogueact1162)"/>
      <nite:pointer role="abstractive"  href="Bmr027.abssumm.xml#id(Bmr027.s.20)"/>
   </summlink>
   <summlink nite:id="Bmr027.summlink.212">
      <nite:pointer role="extractive"  href="Bmr027.H.dialogue-acts.xml#id(Bmr027.H.dialogueact1169)"/>
      <nite:pointer role="abstractive"  href="Bmr027.abssumm.xml#id(Bmr027.s.25)"/>
   </summlink>
   <summlink nite:id="Bmr027.summlink.213">
      <nite:pointer role="extractive"  href="Bmr027.H.dialogue-acts.xml#id(Bmr027.H.dialogueact1169)"/>
      <nite:pointer role="abstractive"  href="Bmr027.abssumm.xml#id(Bmr027.s.20)"/>
   </summlink>
   <summlink nite:id="Bmr027.summlink.214">
      <nite:pointer role="extractive"  href="Bmr027.D.dialogue-acts.xml#id(Bmr027.D.dialogueact1187)"/>
      <nite:pointer role="abstractive"  href="Bmr027.abssumm.xml#id(Bmr027.s.25)"/>
   </summlink>
   <summlink nite:id="Bmr027.summlink.215">
      <nite:pointer role="extractive"  href="Bmr027.D.dialogue-acts.xml#id(Bmr027.D.dialogueact1187)"/>
      <nite:pointer role="abstractive"  href="Bmr027.abssumm.xml#id(Bmr027.s.20)"/>
   </summlink>
   <summlink nite:id="Bmr027.summlink.216">
      <nite:pointer role="extractive"  href="Bmr027.B.dialogue-acts.xml#id(Bmr027.B.dialogueact1198)"/>
      <nite:pointer role="abstractive"  href="Bmr027.abssumm.xml#id(Bmr027.s.20)"/>
   </summlink>
   <summlink nite:id="Bmr027.summlink.217">
      <nite:pointer role="extractive"  href="Bmr027.F.dialogue-acts.xml#id(Bmr027.F.dialogueact1226)"/>
      <nite:pointer role="abstractive"  href="Bmr027.abssumm.xml#id(Bmr027.s.20)"/>
   </summlink>
   <summlink nite:id="Bmr027.summlink.218">
      <nite:pointer role="extractive"  href="Bmr027.F.dialogue-acts.xml#id(Bmr027.F.dialogueact1226)"/>
      <nite:pointer role="abstractive"  href="Bmr027.abssumm.xml#id(Bmr027.s.26)"/>
   </summlink>
   <summlink nite:id="Bmr027.summlink.220">
      <nite:pointer role="extractive"  href="Bmr027.H.dialogue-acts.xml#id(Bmr027.H.dialogueact1234)"/>
      <nite:pointer role="abstractive"  href="Bmr027.abssumm.xml#id(Bmr027.s.26)"/>
   </summlink>
   <summlink nite:id="Bmr027.summlink.221">
      <nite:pointer role="extractive"  href="Bmr027.F.dialogue-acts.xml#id(Bmr027.F.dialogueact1226)"/>
      <nite:pointer role="abstractive"  href="Bmr027.abssumm.xml#id(Bmr027.s.6)"/>
   </summlink>
   <summlink nite:id="Bmr027.summlink.222">
      <nite:pointer role="extractive"  href="Bmr027.H.dialogue-acts.xml#id(Bmr027.H.dialogueact1234)"/>
      <nite:pointer role="abstractive"  href="Bmr027.abssumm.xml#id(Bmr027.s.20)"/>
   </summlink>
   <summlink nite:id="Bmr027.summlink.223">
      <nite:pointer role="extractive"  href="Bmr027.B.dialogue-acts.xml#id(Bmr027.B.dialogueact1265)"/>
      <nite:pointer role="abstractive"  href="Bmr027.abssumm.xml#id(Bmr027.s.26)"/>
   </summlink>
   <summlink nite:id="Bmr027.summlink.224">
      <nite:pointer role="extractive"  href="Bmr027.B.dialogue-acts.xml#id(Bmr027.B.dialogueact1265)"/>
      <nite:pointer role="abstractive"  href="Bmr027.abssumm.xml#id(Bmr027.s.6)"/>
   </summlink>
   <summlink nite:id="Bmr027.summlink.225">
      <nite:pointer role="extractive"  href="Bmr027.B.dialogue-acts.xml#id(Bmr027.B.dialogueact1265)"/>
      <nite:pointer role="abstractive"  href="Bmr027.abssumm.xml#id(Bmr027.s.20)"/>
   </summlink>
   <summlink nite:id="Bmr027.summlink.226">
      <nite:pointer role="extractive"  href="Bmr027.D.dialogue-acts.xml#id(Bmr027.D.dialogueact1278)"/>
      <nite:pointer role="abstractive"  href="Bmr027.abssumm.xml#id(Bmr027.s.26)"/>
   </summlink>
   <summlink nite:id="Bmr027.summlink.227">
      <nite:pointer role="extractive"  href="Bmr027.D.dialogue-acts.xml#id(Bmr027.D.dialogueact1278)"/>
      <nite:pointer role="abstractive"  href="Bmr027.abssumm.xml#id(Bmr027.s.27)"/>
   </summlink>
   <summlink nite:id="Bmr027.summlink.228">
      <nite:pointer role="extractive"  href="Bmr027.D.dialogue-acts.xml#id(Bmr027.D.dialogueact1278)"/>
      <nite:pointer role="abstractive"  href="Bmr027.abssumm.xml#id(Bmr027.s.20)"/>
   </summlink>
   <summlink nite:id="Bmr027.summlink.229">
      <nite:pointer role="extractive"  href="Bmr027.F.dialogue-acts.xml#id(Bmr027.F.dialogueact1299)"/>
      <nite:pointer role="abstractive"  href="Bmr027.abssumm.xml#id(Bmr027.s.27)"/>
   </summlink>
   <summlink nite:id="Bmr027.summlink.230">
      <nite:pointer role="extractive"  href="Bmr027.F.dialogue-acts.xml#id(Bmr027.F.dialogueact1299)"/>
      <nite:pointer role="abstractive"  href="Bmr027.abssumm.xml#id(Bmr027.s.26)"/>
   </summlink>
   <summlink nite:id="Bmr027.summlink.231">
      <nite:pointer role="extractive"  href="Bmr027.F.dialogue-acts.xml#id(Bmr027.F.dialogueact1299)"/>
      <nite:pointer role="abstractive"  href="Bmr027.abssumm.xml#id(Bmr027.s.20)"/>
   </summlink>
   <summlink nite:id="Bmr027.summlink.232">
      <nite:pointer role="extractive"  href="Bmr027.D.dialogue-acts.xml#id(Bmr027.D.dialogueact1304)"/>
      <nite:pointer role="abstractive"  href="Bmr027.abssumm.xml#id(Bmr027.s.26)"/>
   </summlink>
   <summlink nite:id="Bmr027.summlink.233">
      <nite:pointer role="extractive"  href="Bmr027.D.dialogue-acts.xml#id(Bmr027.D.dialogueact1304)"/>
      <nite:pointer role="abstractive"  href="Bmr027.abssumm.xml#id(Bmr027.s.27)"/>
   </summlink>
   <summlink nite:id="Bmr027.summlink.234">
      <nite:pointer role="extractive"  href="Bmr027.D.dialogue-acts.xml#id(Bmr027.D.dialogueact1304)"/>
      <nite:pointer role="abstractive"  href="Bmr027.abssumm.xml#id(Bmr027.s.20)"/>
   </summlink>
   <summlink nite:id="Bmr027.summlink.238">
      <nite:pointer role="extractive"  href="Bmr027.B.dialogue-acts.xml#id(Bmr027.B.dialogueact1335)"/>
      <nite:pointer role="abstractive"  href="Bmr027.abssumm.xml#id(Bmr027.s.6)"/>
   </summlink>
   <summlink nite:id="Bmr027.summlink.239">
      <nite:pointer role="extractive"  href="Bmr027.B.dialogue-acts.xml#id(Bmr027.B.dialogueact1335)"/>
      <nite:pointer role="abstractive"  href="Bmr027.abssumm.xml#id(Bmr027.s.28)"/>
   </summlink>
   <summlink nite:id="Bmr027.summlink.240">
      <nite:pointer role="extractive"  href="Bmr027.B.dialogue-acts.xml#id(Bmr027.B.dialogueact1350)"/>
      <nite:pointer role="abstractive"  href="Bmr027.abssumm.xml#id(Bmr027.s.28)"/>
   </summlink>
   <summlink nite:id="Bmr027.summlink.241">
      <nite:pointer role="extractive"  href="Bmr027.B.dialogue-acts.xml#id(Bmr027.B.dialogueact1350)"/>
      <nite:pointer role="abstractive"  href="Bmr027.abssumm.xml#id(Bmr027.s.6)"/>
   </summlink>
   <summlink nite:id="Bmr027.summlink.242">
      <nite:pointer role="extractive"  href="Bmr027.B.dialogue-acts.xml#id(Bmr027.B.dialogueact1353)"/>
      <nite:pointer role="abstractive"  href="Bmr027.abssumm.xml#id(Bmr027.s.28)"/>
   </summlink>
   <summlink nite:id="Bmr027.summlink.243">
      <nite:pointer role="extractive"  href="Bmr027.B.dialogue-acts.xml#id(Bmr027.B.dialogueact1354)"/>
      <nite:pointer role="abstractive"  href="Bmr027.abssumm.xml#id(Bmr027.s.28)"/>
   </summlink>
   <summlink nite:id="Bmr027.summlink.244">
      <nite:pointer role="extractive"  href="Bmr027.B.dialogue-acts.xml#id(Bmr027.B.dialogueact1355)"/>
      <nite:pointer role="abstractive"  href="Bmr027.abssumm.xml#id(Bmr027.s.28)"/>
   </summlink>
   <summlink nite:id="Bmr027.summlink.245">
      <nite:pointer role="extractive"  href="Bmr027.B.dialogue-acts.xml#id(Bmr027.B.dialogueact1357)"/>
      <nite:pointer role="abstractive"  href="Bmr027.abssumm.xml#id(Bmr027.s.28)"/>
   </summlink>
   <summlink nite:id="Bmr027.summlink.246">
      <nite:pointer role="extractive"  href="Bmr027.B.dialogue-acts.xml#id(Bmr027.B.dialogueact1358)"/>
      <nite:pointer role="abstractive"  href="Bmr027.abssumm.xml#id(Bmr027.s.28)"/>
   </summlink>
   <summlink nite:id="Bmr027.summlink.247">
      <nite:pointer role="extractive"  href="Bmr027.B.dialogue-acts.xml#id(Bmr027.B.dialogueact1359)"/>
      <nite:pointer role="abstractive"  href="Bmr027.abssumm.xml#id(Bmr027.s.28)"/>
   </summlink>
   <summlink nite:id="Bmr027.summlink.248">
      <nite:pointer role="extractive"  href="Bmr027.F.dialogue-acts.xml#id(Bmr027.F.dialogueact1360)"/>
      <nite:pointer role="abstractive"  href="Bmr027.abssumm.xml#id(Bmr027.s.28)"/>
   </summlink>
   <summlink nite:id="Bmr027.summlink.249">
      <nite:pointer role="extractive"  href="Bmr027.B.dialogue-acts.xml#id(Bmr027.B.dialogueact1363)"/>
      <nite:pointer role="abstractive"  href="Bmr027.abssumm.xml#id(Bmr027.s.28)"/>
   </summlink>
   <summlink nite:id="Bmr027.summlink.250">
      <nite:pointer role="extractive"  href="Bmr027.F.dialogue-acts.xml#id(Bmr027.F.dialogueact1452)"/>
      <nite:pointer role="abstractive"  href="Bmr027.abssumm.xml#id(Bmr027.s.8)"/>
   </summlink>
   <summlink nite:id="Bmr027.summlink.251">
      <nite:pointer role="extractive"  href="Bmr027.F.dialogue-acts.xml#id(Bmr027.F.dialogueact1453)"/>
      <nite:pointer role="abstractive"  href="Bmr027.abssumm.xml#id(Bmr027.s.8)"/>
   </summlink>
   <summlink nite:id="Bmr027.summlink.252">
      <nite:pointer role="extractive"  href="Bmr027.H.dialogue-acts.xml#id(Bmr027.H.dialogueact1472)"/>
      <nite:pointer role="abstractive"  href="Bmr027.abssumm.xml#id(Bmr027.s.29)"/>
   </summlink>
   <summlink nite:id="Bmr027.summlink.253">
      <nite:pointer role="extractive"  href="Bmr027.H.dialogue-acts.xml#id(Bmr027.H.dialogueact1472)"/>
      <nite:pointer role="abstractive"  href="Bmr027.abssumm.xml#id(Bmr027.s.6)"/>
   </summlink>
   <summlink nite:id="Bmr027.summlink.254">
      <nite:pointer role="extractive"  href="Bmr027.H.dialogue-acts.xml#id(Bmr027.H.dialogueact1474)"/>
      <nite:pointer role="abstractive"  href="Bmr027.abssumm.xml#id(Bmr027.s.29)"/>
   </summlink>
   <summlink nite:id="Bmr027.summlink.255">
      <nite:pointer role="extractive"  href="Bmr027.H.dialogue-acts.xml#id(Bmr027.H.dialogueact1474)"/>
      <nite:pointer role="abstractive"  href="Bmr027.abssumm.xml#id(Bmr027.s.6)"/>
   </summlink>
   <summlink nite:id="Bmr027.summlink.256">
      <nite:pointer role="extractive"  href="Bmr027.H.dialogue-acts.xml#id(Bmr027.H.dialogueact1475)"/>
      <nite:pointer role="abstractive"  href="Bmr027.abssumm.xml#id(Bmr027.s.6)"/>
   </summlink>
   <summlink nite:id="Bmr027.summlink.257">
      <nite:pointer role="extractive"  href="Bmr027.H.dialogue-acts.xml#id(Bmr027.H.dialogueact1475)"/>
      <nite:pointer role="abstractive"  href="Bmr027.abssumm.xml#id(Bmr027.s.29)"/>
   </summlink>
   <summlink nite:id="Bmr027.summlink.258">
      <nite:pointer role="extractive"  href="Bmr027.E.dialogue-acts.xml#id(Bmr027.E.dialogueact1479)"/>
      <nite:pointer role="abstractive"  href="Bmr027.abssumm.xml#id(Bmr027.s.6)"/>
   </summlink>
   <summlink nite:id="Bmr027.summlink.259">
      <nite:pointer role="extractive"  href="Bmr027.E.dialogue-acts.xml#id(Bmr027.E.dialogueact1479)"/>
      <nite:pointer role="abstractive"  href="Bmr027.abssumm.xml#id(Bmr027.s.29)"/>
   </summlink>
   <summlink nite:id="Bmr027.summlink.260">
      <nite:pointer role="extractive"  href="Bmr027.E.dialogue-acts.xml#id(Bmr027.E.dialogueact1482)"/>
      <nite:pointer role="abstractive"  href="Bmr027.abssumm.xml#id(Bmr027.s.29)"/>
   </summlink>
   <summlink nite:id="Bmr027.summlink.261">
      <nite:pointer role="extractive"  href="Bmr027.E.dialogue-acts.xml#id(Bmr027.E.dialogueact1482)"/>
      <nite:pointer role="abstractive"  href="Bmr027.abssumm.xml#id(Bmr027.s.6)"/>
   </summlink>
   <summlink nite:id="Bmr027.summlink.262">
      <nite:pointer role="extractive"  href="Bmr027.E.dialogue-acts.xml#id(Bmr027.E.dialogueact1488)"/>
      <nite:pointer role="abstractive"  href="Bmr027.abssumm.xml#id(Bmr027.s.29)"/>
   </summlink>
   <summlink nite:id="Bmr027.summlink.263">
      <nite:pointer role="extractive"  href="Bmr027.E.dialogue-acts.xml#id(Bmr027.E.dialogueact1489)"/>
      <nite:pointer role="abstractive"  href="Bmr027.abssumm.xml#id(Bmr027.s.29)"/>
   </summlink>
   <summlink nite:id="Bmr027.summlink.264">
      <nite:pointer role="extractive"  href="Bmr027.E.dialogue-acts.xml#id(Bmr027.E.dialogueact1494)"/>
      <nite:pointer role="abstractive"  href="Bmr027.abssumm.xml#id(Bmr027.s.30)"/>
   </summlink>
   <summlink nite:id="Bmr027.summlink.265">
      <nite:pointer role="extractive"  href="Bmr027.E.dialogue-acts.xml#id(Bmr027.E.dialogueact1494)"/>
      <nite:pointer role="abstractive"  href="Bmr027.abssumm.xml#id(Bmr027.s.6)"/>
   </summlink>
   <summlink nite:id="Bmr027.summlink.266">
      <nite:pointer role="extractive"  href="Bmr027.E.dialogue-acts.xml#id(Bmr027.E.dialogueact1496)"/>
      <nite:pointer role="abstractive"  href="Bmr027.abssumm.xml#id(Bmr027.s.6)"/>
   </summlink>
   <summlink nite:id="Bmr027.summlink.267">
      <nite:pointer role="extractive"  href="Bmr027.E.dialogue-acts.xml#id(Bmr027.E.dialogueact1496)"/>
      <nite:pointer role="abstractive"  href="Bmr027.abssumm.xml#id(Bmr027.s.30)"/>
   </summlink>
   <summlink nite:id="Bmr027.summlink.268">
      <nite:pointer role="extractive"  href="Bmr027.E.dialogue-acts.xml#id(Bmr027.E.dialogueact1502)"/>
      <nite:pointer role="abstractive"  href="Bmr027.abssumm.xml#id(Bmr027.s.6)"/>
   </summlink>
   <summlink nite:id="Bmr027.summlink.269">
      <nite:pointer role="extractive"  href="Bmr027.E.dialogue-acts.xml#id(Bmr027.E.dialogueact1502)"/>
      <nite:pointer role="abstractive"  href="Bmr027.abssumm.xml#id(Bmr027.s.30)"/>
   </summlink>
   <summlink nite:id="Bmr027.summlink.270">
      <nite:pointer role="extractive"  href="Bmr027.E.dialogue-acts.xml#id(Bmr027.E.dialogueact1503)"/>
      <nite:pointer role="abstractive"  href="Bmr027.abssumm.xml#id(Bmr027.s.30)"/>
   </summlink>
   <summlink nite:id="Bmr027.summlink.271">
      <nite:pointer role="extractive"  href="Bmr027.E.dialogue-acts.xml#id(Bmr027.E.dialogueact1503)"/>
      <nite:pointer role="abstractive"  href="Bmr027.abssumm.xml#id(Bmr027.s.6)"/>
   </summlink>
   <summlink nite:id="Bmr027.summlink.272">
      <nite:pointer role="extractive"  href="Bmr027.E.dialogue-acts.xml#id(Bmr027.E.dialogueact1509)"/>
      <nite:pointer role="abstractive"  href="Bmr027.abssumm.xml#id(Bmr027.s.30)"/>
   </summlink>
   <summlink nite:id="Bmr027.summlink.273">
      <nite:pointer role="extractive"  href="Bmr027.E.dialogue-acts.xml#id(Bmr027.E.dialogueact1509)"/>
      <nite:pointer role="abstractive"  href="Bmr027.abssumm.xml#id(Bmr027.s.6)"/>
   </summlink>
   <summlink nite:id="Bmr027.summlink.274">
      <nite:pointer role="extractive"  href="Bmr027.E.dialogue-acts.xml#id(Bmr027.E.dialogueact1510)"/>
      <nite:pointer role="abstractive"  href="Bmr027.abssumm.xml#id(Bmr027.s.30)"/>
   </summlink>
   <summlink nite:id="Bmr027.summlink.275">
      <nite:pointer role="extractive"  href="Bmr027.E.dialogue-acts.xml#id(Bmr027.E.dialogueact1510)"/>
      <nite:pointer role="abstractive"  href="Bmr027.abssumm.xml#id(Bmr027.s.6)"/>
   </summlink>
   <summlink nite:id="Bmr027.summlink.276">
      <nite:pointer role="extractive"  href="Bmr027.E.dialogue-acts.xml#id(Bmr027.E.dialogueact1511)"/>
      <nite:pointer role="abstractive"  href="Bmr027.abssumm.xml#id(Bmr027.s.30)"/>
   </summlink>
   <summlink nite:id="Bmr027.summlink.277">
      <nite:pointer role="extractive"  href="Bmr027.E.dialogue-acts.xml#id(Bmr027.E.dialogueact1511)"/>
      <nite:pointer role="abstractive"  href="Bmr027.abssumm.xml#id(Bmr027.s.6)"/>
   </summlink>
   <summlink nite:id="Bmr027.summlink.278">
      <nite:pointer role="extractive"  href="Bmr027.E.dialogue-acts.xml#id(Bmr027.E.dialogueact1514)"/>
      <nite:pointer role="abstractive"  href="Bmr027.abssumm.xml#id(Bmr027.s.6)"/>
   </summlink>
   <summlink nite:id="Bmr027.summlink.279">
      <nite:pointer role="extractive"  href="Bmr027.E.dialogue-acts.xml#id(Bmr027.E.dialogueact1514)"/>
      <nite:pointer role="abstractive"  href="Bmr027.abssumm.xml#id(Bmr027.s.30)"/>
   </summlink>
   <summlink nite:id="Bmr027.summlink.280">
      <nite:pointer role="extractive"  href="Bmr027.B.dialogue-acts.xml#id(Bmr027.B.dialogueact1521)"/>
      <nite:pointer role="abstractive"  href="Bmr027.abssumm.xml#id(Bmr027.s.6)"/>
   </summlink>
   <summlink nite:id="Bmr027.summlink.281">
      <nite:pointer role="extractive"  href="Bmr027.B.dialogue-acts.xml#id(Bmr027.B.dialogueact1521)"/>
      <nite:pointer role="abstractive"  href="Bmr027.abssumm.xml#id(Bmr027.s.30)"/>
   </summlink>
   <summlink nite:id="Bmr027.summlink.282">
      <nite:pointer role="extractive"  href="Bmr027.F.dialogue-acts.xml#id(Bmr027.F.dialogueact1524)"/>
      <nite:pointer role="abstractive"  href="Bmr027.abssumm.xml#id(Bmr027.s.6)"/>
   </summlink>
   <summlink nite:id="Bmr027.summlink.283">
      <nite:pointer role="extractive"  href="Bmr027.F.dialogue-acts.xml#id(Bmr027.F.dialogueact1524)"/>
      <nite:pointer role="abstractive"  href="Bmr027.abssumm.xml#id(Bmr027.s.30)"/>
   </summlink>
   <summlink nite:id="Bmr027.summlink.284">
      <nite:pointer role="extractive"  href="Bmr027.F.dialogue-acts.xml#id(Bmr027.F.dialogueact1525)"/>
      <nite:pointer role="abstractive"  href="Bmr027.abssumm.xml#id(Bmr027.s.6)"/>
   </summlink>
   <summlink nite:id="Bmr027.summlink.285">
      <nite:pointer role="extractive"  href="Bmr027.F.dialogue-acts.xml#id(Bmr027.F.dialogueact1525)"/>
      <nite:pointer role="abstractive"  href="Bmr027.abssumm.xml#id(Bmr027.s.30)"/>
   </summlink>
   <summlink nite:id="Bmr027.summlink.286">
      <nite:pointer role="extractive"  href="Bmr027.B.dialogue-acts.xml#id(Bmr027.B.dialogueact102)"/>
      <nite:pointer role="abstractive"  href="Bmr027.abssumm.xml#id(Bmr027.s.2)"/>
   </summlink>
   <summlink nite:id="Bmr027.summlink.287">
      <nite:pointer role="extractive"  href="Bmr027.B.dialogue-acts.xml#id(Bmr027.B.dialogueact103)"/>
      <nite:pointer role="abstractive"  href="Bmr027.abssumm.xml#id(Bmr027.s.2)"/>
   </summlink>
</nite:root>