<?xml version="1.0" encoding="ISO-8859-1" standalone="yes"?>
<nite:root nite:id="Bmr018.summlink" xmlns:nite="http://nite.sourceforge.net/">
   <summlink nite:id="Bmr018.summlink.1">
      <nite:pointer role="extractive"  href="Bmr018.E.dialogue-acts.xml#id(Bmr018.E.dialogueact159)"/>
      <nite:pointer role="abstractive"  href="Bmr018.abssumm.xml#id(Bmr018.s.24)"/>
   </summlink>
   <summlink nite:id="Bmr018.summlink.2">
      <nite:pointer role="extractive"  href="Bmr018.A.dialogue-acts.xml#id(Bmr018.A.dialogueact165)"/>
      <nite:pointer role="abstractive"  href="Bmr018.abssumm.xml#id(Bmr018.s.19)"/>
   </summlink>
   <summlink nite:id="Bmr018.summlink.3">
      <nite:pointer role="extractive"  href="Bmr018.B.dialogue-acts.xml#id(Bmr018.B.dialogueact188)"/>
      <nite:pointer role="abstractive"  href="Bmr018.abssumm.xml#id(Bmr018.s.1)"/>
   </summlink>
   <summlink nite:id="Bmr018.summlink.4">
      <nite:pointer role="extractive"  href="Bmr018.B.dialogue-acts.xml#id(Bmr018.B.dialogueact188)"/>
      <nite:pointer role="abstractive"  href="Bmr018.abssumm.xml#id(Bmr018.s.5)"/>
   </summlink>
   <summlink nite:id="Bmr018.summlink.5">
      <nite:pointer role="extractive"  href="Bmr018.A.dialogue-acts.xml#id(Bmr018.A.dialogueact165)"/>
      <nite:pointer role="abstractive"  href="Bmr018.abssumm.xml#id(Bmr018.s.6)"/>
   </summlink>
   <summlink nite:id="Bmr018.summlink.6">
      <nite:pointer role="extractive"  href="Bmr018.B.dialogue-acts.xml#id(Bmr018.B.dialogueact212)"/>
      <nite:pointer role="abstractive"  href="Bmr018.abssumm.xml#id(Bmr018.s.1)"/>
   </summlink>
   <summlink nite:id="Bmr018.summlink.7">
      <nite:pointer role="extractive"  href="Bmr018.C.dialogue-acts.xml#id(Bmr018.C.dialogueact228)"/>
      <nite:pointer role="abstractive"  href="Bmr018.abssumm.xml#id(Bmr018.s.1)"/>
   </summlink>
   <summlink nite:id="Bmr018.summlink.8">
      <nite:pointer role="extractive"  href="Bmr018.C.dialogue-acts.xml#id(Bmr018.C.dialogueact228)"/>
      <nite:pointer role="abstractive"  href="Bmr018.abssumm.xml#id(Bmr018.s.5)"/>
   </summlink>
   <summlink nite:id="Bmr018.summlink.9">
      <nite:pointer role="extractive"  href="Bmr018.C.dialogue-acts.xml#id(Bmr018.C.dialogueact229)"/>
      <nite:pointer role="abstractive"  href="Bmr018.abssumm.xml#id(Bmr018.s.6)"/>
   </summlink>
   <summlink nite:id="Bmr018.summlink.10">
      <nite:pointer role="extractive"  href="Bmr018.C.dialogue-acts.xml#id(Bmr018.C.dialogueact226)"/>
      <nite:pointer role="abstractive"  href="Bmr018.abssumm.xml#id(Bmr018.s.19)"/>
   </summlink>
   <summlink nite:id="Bmr018.summlink.11">
      <nite:pointer role="extractive"  href="Bmr018.A.dialogue-acts.xml#id(Bmr018.A.dialogueact273)"/>
      <nite:pointer role="abstractive"  href="Bmr018.abssumm.xml#id(Bmr018.s.8)"/>
   </summlink>
   <summlink nite:id="Bmr018.summlink.12">
      <nite:pointer role="extractive"  href="Bmr018.A.dialogue-acts.xml#id(Bmr018.A.dialogueact274)"/>
      <nite:pointer role="abstractive"  href="Bmr018.abssumm.xml#id(Bmr018.s.9)"/>
   </summlink>
   <summlink nite:id="Bmr018.summlink.13">
      <nite:pointer role="extractive"  href="Bmr018.C.dialogue-acts.xml#id(Bmr018.C.dialogueact286)"/>
      <nite:pointer role="abstractive"  href="Bmr018.abssumm.xml#id(Bmr018.s.1)"/>
   </summlink>
   <summlink nite:id="Bmr018.summlink.14">
      <nite:pointer role="extractive"  href="Bmr018.D.dialogue-acts.xml#id(Bmr018.D.dialogueact296)"/>
      <nite:pointer role="abstractive"  href="Bmr018.abssumm.xml#id(Bmr018.s.10)"/>
   </summlink>
   <summlink nite:id="Bmr018.summlink.15">
      <nite:pointer role="extractive"  href="Bmr018.E.dialogue-acts.xml#id(Bmr018.E.dialogueact311)"/>
      <nite:pointer role="abstractive"  href="Bmr018.abssumm.xml#id(Bmr018.s.5)"/>
   </summlink>
   <summlink nite:id="Bmr018.summlink.16">
      <nite:pointer role="extractive"  href="Bmr018.E.dialogue-acts.xml#id(Bmr018.E.dialogueact311)"/>
      <nite:pointer role="abstractive"  href="Bmr018.abssumm.xml#id(Bmr018.s.1)"/>
   </summlink>
   <summlink nite:id="Bmr018.summlink.17">
      <nite:pointer role="extractive"  href="Bmr018.A.dialogue-acts.xml#id(Bmr018.A.dialogueact313)"/>
      <nite:pointer role="abstractive"  href="Bmr018.abssumm.xml#id(Bmr018.s.8)"/>
   </summlink>
   <summlink nite:id="Bmr018.summlink.18">
      <nite:pointer role="extractive"  href="Bmr018.E.dialogue-acts.xml#id(Bmr018.E.dialogueact405)"/>
      <nite:pointer role="abstractive"  href="Bmr018.abssumm.xml#id(Bmr018.s.11)"/>
   </summlink>
   <summlink nite:id="Bmr018.summlink.19">
      <nite:pointer role="extractive"  href="Bmr018.A.dialogue-acts.xml#id(Bmr018.A.dialogueact414)"/>
      <nite:pointer role="abstractive"  href="Bmr018.abssumm.xml#id(Bmr018.s.11)"/>
   </summlink>
   <summlink nite:id="Bmr018.summlink.20">
      <nite:pointer role="extractive"  href="Bmr018.E.dialogue-acts.xml#id(Bmr018.E.dialogueact452)"/>
      <nite:pointer role="abstractive"  href="Bmr018.abssumm.xml#id(Bmr018.s.7)"/>
   </summlink>
   <summlink nite:id="Bmr018.summlink.21">
      <nite:pointer role="extractive"  href="Bmr018.D.dialogue-acts.xml#id(Bmr018.D.dialogueact490)"/>
      <nite:pointer role="abstractive"  href="Bmr018.abssumm.xml#id(Bmr018.s.8)"/>
   </summlink>
   <summlink nite:id="Bmr018.summlink.22">
      <nite:pointer role="extractive"  href="Bmr018.F.dialogue-acts.xml#id(Bmr018.F.dialogueact593)"/>
      <nite:pointer role="abstractive"  href="Bmr018.abssumm.xml#id(Bmr018.s.22)"/>
   </summlink>
   <summlink nite:id="Bmr018.summlink.23">
      <nite:pointer role="extractive"  href="Bmr018.E.dialogue-acts.xml#id(Bmr018.E.dialogueact623)"/>
      <nite:pointer role="abstractive"  href="Bmr018.abssumm.xml#id(Bmr018.s.22)"/>
   </summlink>
   <summlink nite:id="Bmr018.summlink.24">
      <nite:pointer role="extractive"  href="Bmr018.F.dialogue-acts.xml#id(Bmr018.F.dialogueact640)"/>
      <nite:pointer role="abstractive"  href="Bmr018.abssumm.xml#id(Bmr018.s.3)"/>
   </summlink>
   <summlink nite:id="Bmr018.summlink.25">
      <nite:pointer role="extractive"  href="Bmr018.F.dialogue-acts.xml#id(Bmr018.F.dialogueact640)"/>
      <nite:pointer role="abstractive"  href="Bmr018.abssumm.xml#id(Bmr018.s.21)"/>
   </summlink>
   <summlink nite:id="Bmr018.summlink.26">
      <nite:pointer role="extractive"  href="Bmr018.F.dialogue-acts.xml#id(Bmr018.F.dialogueact640)"/>
      <nite:pointer role="abstractive"  href="Bmr018.abssumm.xml#id(Bmr018.s.1)"/>
   </summlink>
   <summlink nite:id="Bmr018.summlink.27">
      <nite:pointer role="extractive"  href="Bmr018.F.dialogue-acts.xml#id(Bmr018.F.dialogueact685)"/>
      <nite:pointer role="abstractive"  href="Bmr018.abssumm.xml#id(Bmr018.s.12)"/>
   </summlink>
   <summlink nite:id="Bmr018.summlink.28">
      <nite:pointer role="extractive"  href="Bmr018.F.dialogue-acts.xml#id(Bmr018.F.dialogueact704)"/>
      <nite:pointer role="abstractive"  href="Bmr018.abssumm.xml#id(Bmr018.s.12)"/>
   </summlink>
   <summlink nite:id="Bmr018.summlink.29">
      <nite:pointer role="extractive"  href="Bmr018.C.dialogue-acts.xml#id(Bmr018.C.dialogueact706)"/>
      <nite:pointer role="abstractive"  href="Bmr018.abssumm.xml#id(Bmr018.s.14)"/>
   </summlink>
   <summlink nite:id="Bmr018.summlink.30">
      <nite:pointer role="extractive"  href="Bmr018.D.dialogue-acts.xml#id(Bmr018.D.dialogueact709)"/>
      <nite:pointer role="abstractive"  href="Bmr018.abssumm.xml#id(Bmr018.s.14)"/>
   </summlink>
   <summlink nite:id="Bmr018.summlink.32">
      <nite:pointer role="extractive"  href="Bmr018.D.dialogue-acts.xml#id(Bmr018.D.dialogueact723)"/>
      <nite:pointer role="abstractive"  href="Bmr018.abssumm.xml#id(Bmr018.s.23)"/>
   </summlink>
   <summlink nite:id="Bmr018.summlink.33">
      <nite:pointer role="extractive"  href="Bmr018.D.dialogue-acts.xml#id(Bmr018.D.dialogueact720)"/>
      <nite:pointer role="abstractive"  href="Bmr018.abssumm.xml#id(Bmr018.s.12)"/>
   </summlink>
   <summlink nite:id="Bmr018.summlink.34">
      <nite:pointer role="extractive"  href="Bmr018.D.dialogue-acts.xml#id(Bmr018.D.dialogueact754)"/>
      <nite:pointer role="abstractive"  href="Bmr018.abssumm.xml#id(Bmr018.s.14)"/>
   </summlink>
   <summlink nite:id="Bmr018.summlink.35">
      <nite:pointer role="extractive"  href="Bmr018.F.dialogue-acts.xml#id(Bmr018.F.dialogueact763)"/>
      <nite:pointer role="abstractive"  href="Bmr018.abssumm.xml#id(Bmr018.s.15)"/>
   </summlink>
   <summlink nite:id="Bmr018.summlink.37">
      <nite:pointer role="extractive"  href="Bmr018.A.dialogue-acts.xml#id(Bmr018.A.dialogueact925)"/>
      <nite:pointer role="abstractive"  href="Bmr018.abssumm.xml#id(Bmr018.s.16)"/>
   </summlink>
   <summlink nite:id="Bmr018.summlink.38">
      <nite:pointer role="extractive"  href="Bmr018.D.dialogue-acts.xml#id(Bmr018.D.dialogueact1039)"/>
      <nite:pointer role="abstractive"  href="Bmr018.abssumm.xml#id(Bmr018.s.26)"/>
   </summlink>
   <summlink nite:id="Bmr018.summlink.39">
      <nite:pointer role="extractive"  href="Bmr018.D.dialogue-acts.xml#id(Bmr018.D.dialogueact1039)"/>
      <nite:pointer role="abstractive"  href="Bmr018.abssumm.xml#id(Bmr018.s.4)"/>
   </summlink>
   <summlink nite:id="Bmr018.summlink.40">
      <nite:pointer role="extractive"  href="Bmr018.F.dialogue-acts.xml#id(Bmr018.F.dialogueact1043)"/>
      <nite:pointer role="abstractive"  href="Bmr018.abssumm.xml#id(Bmr018.s.26)"/>
   </summlink>
   <summlink nite:id="Bmr018.summlink.41">
      <nite:pointer role="extractive"  href="Bmr018.E.dialogue-acts.xml#id(Bmr018.E.dialogueact1128)"/>
      <nite:pointer role="abstractive"  href="Bmr018.abssumm.xml#id(Bmr018.s.17)"/>
   </summlink>
   <summlink nite:id="Bmr018.summlink.42">
      <nite:pointer role="extractive"  href="Bmr018.A.dialogue-acts.xml#id(Bmr018.A.dialogueact1141)"/>
      <nite:pointer role="abstractive"  href="Bmr018.abssumm.xml#id(Bmr018.s.25)"/>
   </summlink>
   <summlink nite:id="Bmr018.summlink.43">
      <nite:pointer role="extractive"  href="Bmr018.A.dialogue-acts.xml#id(Bmr018.A.dialogueact1142)"/>
      <nite:pointer role="abstractive"  href="Bmr018.abssumm.xml#id(Bmr018.s.25)"/>
   </summlink>
   <summlink nite:id="Bmr018.summlink.44">
      <nite:pointer role="extractive"  href="Bmr018.A.dialogue-acts.xml#id(Bmr018.A.dialogueact1143)"/>
      <nite:pointer role="abstractive"  href="Bmr018.abssumm.xml#id(Bmr018.s.25)"/>
   </summlink>
   <summlink nite:id="Bmr018.summlink.45">
      <nite:pointer role="extractive"  href="Bmr018.E.dialogue-acts.xml#id(Bmr018.E.dialogueact1211)"/>
      <nite:pointer role="abstractive"  href="Bmr018.abssumm.xml#id(Bmr018.s.18)"/>
   </summlink>
</nite:root>