<?xml version="1.0" encoding="ISO-8859-1" standalone="yes"?>
<nite:root nite:id="Bmr010.summlink" xmlns:nite="http://nite.sourceforge.net/">
   <summlink nite:id="Bmr010.summlink.1">
      <nite:pointer role="extractive"  href="Bmr010.F.dialogue-acts.xml#id(Bmr010.F.dialogueact28)"/>
      <nite:pointer role="abstractive"  href="Bmr010.abssumm.xml#id(Bmr010.s.1)"/>
   </summlink>
   <summlink nite:id="Bmr010.summlink.2">
      <nite:pointer role="extractive"  href="Bmr010.F.dialogue-acts.xml#id(Bmr010.F.dialogueact30)"/>
      <nite:pointer role="abstractive"  href="Bmr010.abssumm.xml#id(Bmr010.s.3)"/>
   </summlink>
   <summlink nite:id="Bmr010.summlink.3">
      <nite:pointer role="extractive"  href="Bmr010.F.dialogue-acts.xml#id(Bmr010.F.dialogueact34)"/>
      <nite:pointer role="abstractive"  href="Bmr010.abssumm.xml#id(Bmr010.s.2)"/>
   </summlink>
   <summlink nite:id="Bmr010.summlink.4">
      <nite:pointer role="extractive"  href="Bmr010.F.dialogue-acts.xml#id(Bmr010.F.dialogueact34)"/>
      <nite:pointer role="abstractive"  href="Bmr010.abssumm.xml#id(Bmr010.s.13)"/>
   </summlink>
   <summlink nite:id="Bmr010.summlink.5">
      <nite:pointer role="extractive"  href="Bmr010.F.dialogue-acts.xml#id(Bmr010.F.dialogueact37)"/>
      <nite:pointer role="abstractive"  href="Bmr010.abssumm.xml#id(Bmr010.s.13)"/>
   </summlink>
   <summlink nite:id="Bmr010.summlink.6">
      <nite:pointer role="extractive"  href="Bmr010.C.dialogue-acts.xml#id(Bmr010.C.dialogueact122)"/>
      <nite:pointer role="abstractive"  href="Bmr010.abssumm.xml#id(Bmr010.s.2)"/>
   </summlink>
   <summlink nite:id="Bmr010.summlink.7">
      <nite:pointer role="extractive"  href="Bmr010.C.dialogue-acts.xml#id(Bmr010.C.dialogueact122)"/>
      <nite:pointer role="abstractive"  href="Bmr010.abssumm.xml#id(Bmr010.s.13)"/>
   </summlink>
   <summlink nite:id="Bmr010.summlink.8">
      <nite:pointer role="extractive"  href="Bmr010.C.dialogue-acts.xml#id(Bmr010.C.dialogueact125)"/>
      <nite:pointer role="abstractive"  href="Bmr010.abssumm.xml#id(Bmr010.s.13)"/>
   </summlink>
   <summlink nite:id="Bmr010.summlink.9">
      <nite:pointer role="extractive"  href="Bmr010.C.dialogue-acts.xml#id(Bmr010.C.dialogueact136)"/>
      <nite:pointer role="abstractive"  href="Bmr010.abssumm.xml#id(Bmr010.s.13)"/>
   </summlink>
   <summlink nite:id="Bmr010.summlink.10">
      <nite:pointer role="extractive"  href="Bmr010.F.dialogue-acts.xml#id(Bmr010.F.dialogueact140)"/>
      <nite:pointer role="abstractive"  href="Bmr010.abssumm.xml#id(Bmr010.s.13)"/>
   </summlink>
   <summlink nite:id="Bmr010.summlink.11">
      <nite:pointer role="extractive"  href="Bmr010.C.dialogue-acts.xml#id(Bmr010.C.dialogueact151)"/>
      <nite:pointer role="abstractive"  href="Bmr010.abssumm.xml#id(Bmr010.s.14)"/>
   </summlink>
   <summlink nite:id="Bmr010.summlink.12">
      <nite:pointer role="extractive"  href="Bmr010.C.dialogue-acts.xml#id(Bmr010.C.dialogueact179)"/>
      <nite:pointer role="abstractive"  href="Bmr010.abssumm.xml#id(Bmr010.s.15)"/>
   </summlink>
   <summlink nite:id="Bmr010.summlink.13">
      <nite:pointer role="extractive"  href="Bmr010.C.dialogue-acts.xml#id(Bmr010.C.dialogueact181)"/>
      <nite:pointer role="abstractive"  href="Bmr010.abssumm.xml#id(Bmr010.s.15)"/>
   </summlink>
   <summlink nite:id="Bmr010.summlink.14">
      <nite:pointer role="extractive"  href="Bmr010.A.dialogue-acts.xml#id(Bmr010.A.dialogueact187)"/>
      <nite:pointer role="abstractive"  href="Bmr010.abssumm.xml#id(Bmr010.s.15)"/>
   </summlink>
   <summlink nite:id="Bmr010.summlink.15">
      <nite:pointer role="extractive"  href="Bmr010.F.dialogue-acts.xml#id(Bmr010.F.dialogueact203)"/>
      <nite:pointer role="abstractive"  href="Bmr010.abssumm.xml#id(Bmr010.s.13)"/>
   </summlink>
   <summlink nite:id="Bmr010.summlink.16">
      <nite:pointer role="extractive"  href="Bmr010.F.dialogue-acts.xml#id(Bmr010.F.dialogueact203)"/>
      <nite:pointer role="abstractive"  href="Bmr010.abssumm.xml#id(Bmr010.s.2)"/>
   </summlink>
   <summlink nite:id="Bmr010.summlink.17">
      <nite:pointer role="extractive"  href="Bmr010.F.dialogue-acts.xml#id(Bmr010.F.dialogueact239)"/>
      <nite:pointer role="abstractive"  href="Bmr010.abssumm.xml#id(Bmr010.s.1)"/>
   </summlink>
   <summlink nite:id="Bmr010.summlink.18">
      <nite:pointer role="extractive"  href="Bmr010.F.dialogue-acts.xml#id(Bmr010.F.dialogueact240)"/>
      <nite:pointer role="abstractive"  href="Bmr010.abssumm.xml#id(Bmr010.s.1)"/>
   </summlink>
   <summlink nite:id="Bmr010.summlink.19">
      <nite:pointer role="extractive"  href="Bmr010.C.dialogue-acts.xml#id(Bmr010.C.dialogueact268)"/>
      <nite:pointer role="abstractive"  href="Bmr010.abssumm.xml#id(Bmr010.s.19)"/>
   </summlink>
   <summlink nite:id="Bmr010.summlink.20">
      <nite:pointer role="extractive"  href="Bmr010.F.dialogue-acts.xml#id(Bmr010.F.dialogueact286)"/>
      <nite:pointer role="abstractive"  href="Bmr010.abssumm.xml#id(Bmr010.s.19)"/>
   </summlink>
   <summlink nite:id="Bmr010.summlink.21">
      <nite:pointer role="extractive"  href="Bmr010.A.dialogue-acts.xml#id(Bmr010.A.dialogueact279)"/>
      <nite:pointer role="abstractive"  href="Bmr010.abssumm.xml#id(Bmr010.s.19)"/>
   </summlink>
   <summlink nite:id="Bmr010.summlink.22">
      <nite:pointer role="extractive"  href="Bmr010.A.dialogue-acts.xml#id(Bmr010.A.dialogueact322)"/>
      <nite:pointer role="abstractive"  href="Bmr010.abssumm.xml#id(Bmr010.s.1)"/>
   </summlink>
   <summlink nite:id="Bmr010.summlink.23">
      <nite:pointer role="extractive"  href="Bmr010.A.dialogue-acts.xml#id(Bmr010.A.dialogueact322)"/>
      <nite:pointer role="abstractive"  href="Bmr010.abssumm.xml#id(Bmr010.s.5)"/>
   </summlink>
   <summlink nite:id="Bmr010.summlink.24">
      <nite:pointer role="extractive"  href="Bmr010.F.dialogue-acts.xml#id(Bmr010.F.dialogueact331)"/>
      <nite:pointer role="abstractive"  href="Bmr010.abssumm.xml#id(Bmr010.s.5)"/>
   </summlink>
   <summlink nite:id="Bmr010.summlink.25">
      <nite:pointer role="extractive"  href="Bmr010.F.dialogue-acts.xml#id(Bmr010.F.dialogueact331)"/>
      <nite:pointer role="abstractive"  href="Bmr010.abssumm.xml#id(Bmr010.s.16)"/>
   </summlink>
   <summlink nite:id="Bmr010.summlink.26">
      <nite:pointer role="extractive"  href="Bmr010.F.dialogue-acts.xml#id(Bmr010.F.dialogueact333)"/>
      <nite:pointer role="abstractive"  href="Bmr010.abssumm.xml#id(Bmr010.s.16)"/>
   </summlink>
   <summlink nite:id="Bmr010.summlink.27">
      <nite:pointer role="extractive"  href="Bmr010.F.dialogue-acts.xml#id(Bmr010.F.dialogueact397)"/>
      <nite:pointer role="abstractive"  href="Bmr010.abssumm.xml#id(Bmr010.s.18)"/>
   </summlink>
   <summlink nite:id="Bmr010.summlink.28">
      <nite:pointer role="extractive"  href="Bmr010.F.dialogue-acts.xml#id(Bmr010.F.dialogueact403)"/>
      <nite:pointer role="abstractive"  href="Bmr010.abssumm.xml#id(Bmr010.s.18)"/>
   </summlink>
   <summlink nite:id="Bmr010.summlink.29">
      <nite:pointer role="extractive"  href="Bmr010.F.dialogue-acts.xml#id(Bmr010.F.dialogueact419)"/>
      <nite:pointer role="abstractive"  href="Bmr010.abssumm.xml#id(Bmr010.s.18)"/>
   </summlink>
   <summlink nite:id="Bmr010.summlink.30">
      <nite:pointer role="extractive"  href="Bmr010.F.dialogue-acts.xml#id(Bmr010.F.dialogueact423)"/>
      <nite:pointer role="abstractive"  href="Bmr010.abssumm.xml#id(Bmr010.s.18)"/>
   </summlink>
   <summlink nite:id="Bmr010.summlink.31">
      <nite:pointer role="extractive"  href="Bmr010.F.dialogue-acts.xml#id(Bmr010.F.dialogueact425)"/>
      <nite:pointer role="abstractive"  href="Bmr010.abssumm.xml#id(Bmr010.s.18)"/>
   </summlink>
   <summlink nite:id="Bmr010.summlink.32">
      <nite:pointer role="extractive"  href="Bmr010.A.dialogue-acts.xml#id(Bmr010.A.dialogueact440)"/>
      <nite:pointer role="abstractive"  href="Bmr010.abssumm.xml#id(Bmr010.s.6)"/>
   </summlink>
   <summlink nite:id="Bmr010.summlink.33">
      <nite:pointer role="extractive"  href="Bmr010.A.dialogue-acts.xml#id(Bmr010.A.dialogueact442)"/>
      <nite:pointer role="abstractive"  href="Bmr010.abssumm.xml#id(Bmr010.s.6)"/>
   </summlink>
   <summlink nite:id="Bmr010.summlink.34">
      <nite:pointer role="extractive"  href="Bmr010.A.dialogue-acts.xml#id(Bmr010.A.dialogueact476)"/>
      <nite:pointer role="abstractive"  href="Bmr010.abssumm.xml#id(Bmr010.s.20)"/>
   </summlink>
   <summlink nite:id="Bmr010.summlink.35">
      <nite:pointer role="extractive"  href="Bmr010.G.dialogue-acts.xml#id(Bmr010.G.dialogueact488)"/>
      <nite:pointer role="abstractive"  href="Bmr010.abssumm.xml#id(Bmr010.s.20)"/>
   </summlink>
   <summlink nite:id="Bmr010.summlink.36">
      <nite:pointer role="extractive"  href="Bmr010.F.dialogue-acts.xml#id(Bmr010.F.dialogueact501)"/>
      <nite:pointer role="abstractive"  href="Bmr010.abssumm.xml#id(Bmr010.s.10)"/>
   </summlink>
   <summlink nite:id="Bmr010.summlink.37">
      <nite:pointer role="extractive"  href="Bmr010.F.dialogue-acts.xml#id(Bmr010.F.dialogueact503)"/>
      <nite:pointer role="abstractive"  href="Bmr010.abssumm.xml#id(Bmr010.s.10)"/>
   </summlink>
   <summlink nite:id="Bmr010.summlink.38">
      <nite:pointer role="extractive"  href="Bmr010.A.dialogue-acts.xml#id(Bmr010.A.dialogueact552)"/>
      <nite:pointer role="abstractive"  href="Bmr010.abssumm.xml#id(Bmr010.s.5)"/>
   </summlink>
   <summlink nite:id="Bmr010.summlink.39">
      <nite:pointer role="extractive"  href="Bmr010.G.dialogue-acts.xml#id(Bmr010.G.dialogueact624)"/>
      <nite:pointer role="abstractive"  href="Bmr010.abssumm.xml#id(Bmr010.s.3)"/>
   </summlink>
   <summlink nite:id="Bmr010.summlink.40">
      <nite:pointer role="extractive"  href="Bmr010.G.dialogue-acts.xml#id(Bmr010.G.dialogueact678)"/>
      <nite:pointer role="abstractive"  href="Bmr010.abssumm.xml#id(Bmr010.s.3)"/>
   </summlink>
   <summlink nite:id="Bmr010.summlink.41">
      <nite:pointer role="extractive"  href="Bmr010.G.dialogue-acts.xml#id(Bmr010.G.dialogueact678)"/>
      <nite:pointer role="abstractive"  href="Bmr010.abssumm.xml#id(Bmr010.s.8)"/>
   </summlink>
   <summlink nite:id="Bmr010.summlink.42">
      <nite:pointer role="extractive"  href="Bmr010.B.dialogue-acts.xml#id(Bmr010.B.dialogueact706)"/>
      <nite:pointer role="abstractive"  href="Bmr010.abssumm.xml#id(Bmr010.s.8)"/>
   </summlink>
   <summlink nite:id="Bmr010.summlink.43">
      <nite:pointer role="extractive"  href="Bmr010.B.dialogue-acts.xml#id(Bmr010.B.dialogueact706)"/>
      <nite:pointer role="abstractive"  href="Bmr010.abssumm.xml#id(Bmr010.s.3)"/>
   </summlink>
   <summlink nite:id="Bmr010.summlink.44">
      <nite:pointer role="extractive"  href="Bmr010.A.dialogue-acts.xml#id(Bmr010.A.dialogueact711)"/>
      <nite:pointer role="abstractive"  href="Bmr010.abssumm.xml#id(Bmr010.s.8)"/>
   </summlink>
   <summlink nite:id="Bmr010.summlink.45">
      <nite:pointer role="extractive"  href="Bmr010.A.dialogue-acts.xml#id(Bmr010.A.dialogueact711)"/>
      <nite:pointer role="abstractive"  href="Bmr010.abssumm.xml#id(Bmr010.s.3)"/>
   </summlink>
   <summlink nite:id="Bmr010.summlink.46">
      <nite:pointer role="extractive"  href="Bmr010.F.dialogue-acts.xml#id(Bmr010.F.dialogueact816)"/>
      <nite:pointer role="abstractive"  href="Bmr010.abssumm.xml#id(Bmr010.s.17)"/>
   </summlink>
   <summlink nite:id="Bmr010.summlink.47">
      <nite:pointer role="extractive"  href="Bmr010.B.dialogue-acts.xml#id(Bmr010.B.dialogueact805)"/>
      <nite:pointer role="abstractive"  href="Bmr010.abssumm.xml#id(Bmr010.s.17)"/>
   </summlink>
   <summlink nite:id="Bmr010.summlink.48">
      <nite:pointer role="extractive"  href="Bmr010.B.dialogue-acts.xml#id(Bmr010.B.dialogueact806)"/>
      <nite:pointer role="abstractive"  href="Bmr010.abssumm.xml#id(Bmr010.s.17)"/>
   </summlink>
   <summlink nite:id="Bmr010.summlink.49">
      <nite:pointer role="extractive"  href="Bmr010.F.dialogue-acts.xml#id(Bmr010.F.dialogueact820)"/>
      <nite:pointer role="abstractive"  href="Bmr010.abssumm.xml#id(Bmr010.s.17)"/>
   </summlink>
   <summlink nite:id="Bmr010.summlink.50">
      <nite:pointer role="extractive"  href="Bmr010.B.dialogue-acts.xml#id(Bmr010.B.dialogueact860)"/>
      <nite:pointer role="abstractive"  href="Bmr010.abssumm.xml#id(Bmr010.s.11)"/>
   </summlink>
   <summlink nite:id="Bmr010.summlink.51">
      <nite:pointer role="extractive"  href="Bmr010.G.dialogue-acts.xml#id(Bmr010.G.dialogueact1044)"/>
      <nite:pointer role="abstractive"  href="Bmr010.abssumm.xml#id(Bmr010.s.16)"/>
   </summlink>
   <summlink nite:id="Bmr010.summlink.52">
      <nite:pointer role="extractive"  href="Bmr010.F.dialogue-acts.xml#id(Bmr010.F.dialogueact1133)"/>
      <nite:pointer role="abstractive"  href="Bmr010.abssumm.xml#id(Bmr010.s.16)"/>
   </summlink>
   <summlink nite:id="Bmr010.summlink.53">
      <nite:pointer role="extractive"  href="Bmr010.A.dialogue-acts.xml#id(Bmr010.A.dialogueact1140)"/>
      <nite:pointer role="abstractive"  href="Bmr010.abssumm.xml#id(Bmr010.s.7)"/>
   </summlink>
   <summlink nite:id="Bmr010.summlink.54">
      <nite:pointer role="extractive"  href="Bmr010.A.dialogue-acts.xml#id(Bmr010.A.dialogueact1142)"/>
      <nite:pointer role="abstractive"  href="Bmr010.abssumm.xml#id(Bmr010.s.7)"/>
   </summlink>
   <summlink nite:id="Bmr010.summlink.55">
      <nite:pointer role="extractive"  href="Bmr010.G.dialogue-acts.xml#id(Bmr010.G.dialogueact1277)"/>
      <nite:pointer role="abstractive"  href="Bmr010.abssumm.xml#id(Bmr010.s.12)"/>
   </summlink>
   <summlink nite:id="Bmr010.summlink.56">
      <nite:pointer role="extractive"  href="Bmr010.G.dialogue-acts.xml#id(Bmr010.G.dialogueact1305)"/>
      <nite:pointer role="abstractive"  href="Bmr010.abssumm.xml#id(Bmr010.s.4)"/>
   </summlink>
   <summlink nite:id="Bmr010.summlink.57">
      <nite:pointer role="extractive"  href="Bmr010.G.dialogue-acts.xml#id(Bmr010.G.dialogueact1305)"/>
      <nite:pointer role="abstractive"  href="Bmr010.abssumm.xml#id(Bmr010.s.9)"/>
   </summlink>
   <summlink nite:id="Bmr010.summlink.58">
      <nite:pointer role="extractive"  href="Bmr010.G.dialogue-acts.xml#id(Bmr010.G.dialogueact1318)"/>
      <nite:pointer role="abstractive"  href="Bmr010.abssumm.xml#id(Bmr010.s.4)"/>
   </summlink>
   <summlink nite:id="Bmr010.summlink.59">
      <nite:pointer role="extractive"  href="Bmr010.G.dialogue-acts.xml#id(Bmr010.G.dialogueact1312)"/>
      <nite:pointer role="abstractive"  href="Bmr010.abssumm.xml#id(Bmr010.s.4)"/>
   </summlink>
   <summlink nite:id="Bmr010.summlink.60">
      <nite:pointer role="extractive"  href="Bmr010.G.dialogue-acts.xml#id(Bmr010.G.dialogueact1321)"/>
      <nite:pointer role="abstractive"  href="Bmr010.abssumm.xml#id(Bmr010.s.4)"/>
   </summlink>
   <summlink nite:id="Bmr010.summlink.61">
      <nite:pointer role="extractive"  href="Bmr010.G.dialogue-acts.xml#id(Bmr010.G.dialogueact1323)"/>
      <nite:pointer role="abstractive"  href="Bmr010.abssumm.xml#id(Bmr010.s.4)"/>
   </summlink>
   <summlink nite:id="Bmr010.summlink.62">
      <nite:pointer role="extractive"  href="Bmr010.D.dialogue-acts.xml#id(Bmr010.D.dialogueact1353)"/>
      <nite:pointer role="abstractive"  href="Bmr010.abssumm.xml#id(Bmr010.s.9)"/>
   </summlink>
   <summlink nite:id="Bmr010.summlink.63">
      <nite:pointer role="extractive"  href="Bmr010.D.dialogue-acts.xml#id(Bmr010.D.dialogueact1353)"/>
      <nite:pointer role="abstractive"  href="Bmr010.abssumm.xml#id(Bmr010.s.4)"/>
   </summlink>
   <summlink nite:id="Bmr010.summlink.64">
      <nite:pointer role="extractive"  href="Bmr010.G.dialogue-acts.xml#id(Bmr010.G.dialogueact1499)"/>
      <nite:pointer role="abstractive"  href="Bmr010.abssumm.xml#id(Bmr010.s.4)"/>
   </summlink>
   <summlink nite:id="Bmr010.summlink.65">
      <nite:pointer role="extractive"  href="Bmr010.G.dialogue-acts.xml#id(Bmr010.G.dialogueact1488)"/>
      <nite:pointer role="abstractive"  href="Bmr010.abssumm.xml#id(Bmr010.s.4)"/>
   </summlink>
   <summlink nite:id="Bmr010.summlink.66">
      <nite:pointer role="extractive"  href="Bmr010.G.dialogue-acts.xml#id(Bmr010.G.dialogueact1488)"/>
      <nite:pointer role="abstractive"  href="Bmr010.abssumm.xml#id(Bmr010.s.12)"/>
   </summlink>
   <summlink nite:id="Bmr010.summlink.67">
      <nite:pointer role="extractive"  href="Bmr010.G.dialogue-acts.xml#id(Bmr010.G.dialogueact1514)"/>
      <nite:pointer role="abstractive"  href="Bmr010.abssumm.xml#id(Bmr010.s.12)"/>
   </summlink>
   <summlink nite:id="Bmr010.summlink.68">
      <nite:pointer role="extractive"  href="Bmr010.G.dialogue-acts.xml#id(Bmr010.G.dialogueact1518)"/>
      <nite:pointer role="abstractive"  href="Bmr010.abssumm.xml#id(Bmr010.s.4)"/>
   </summlink>
   <summlink nite:id="Bmr010.summlink.69">
      <nite:pointer role="extractive"  href="Bmr010.G.dialogue-acts.xml#id(Bmr010.G.dialogueact1528)"/>
      <nite:pointer role="abstractive"  href="Bmr010.abssumm.xml#id(Bmr010.s.4)"/>
   </summlink>
   <summlink nite:id="Bmr010.summlink.70">
      <nite:pointer role="extractive"  href="Bmr010.D.dialogue-acts.xml#id(Bmr010.D.dialogueact1537)"/>
      <nite:pointer role="abstractive"  href="Bmr010.abssumm.xml#id(Bmr010.s.9)"/>
   </summlink>
   <summlink nite:id="Bmr010.summlink.71">
      <nite:pointer role="extractive"  href="Bmr010.A.dialogue-acts.xml#id(Bmr010.A.dialogueact1568)"/>
      <nite:pointer role="abstractive"  href="Bmr010.abssumm.xml#id(Bmr010.s.9)"/>
   </summlink>
   <summlink nite:id="Bmr010.summlink.72">
      <nite:pointer role="extractive"  href="Bmr010.A.dialogue-acts.xml#id(Bmr010.A.dialogueact1574)"/>
      <nite:pointer role="abstractive"  href="Bmr010.abssumm.xml#id(Bmr010.s.9)"/>
   </summlink>
</nite:root>