<?xml version="1.0" encoding="ISO-8859-1" standalone="yes"?>
<nite:root nite:id="Bmr012.summlink" xmlns:nite="http://nite.sourceforge.net/">
   <summlink nite:id="Bmr012.summlink.1">
      <nite:pointer role="extractive"  href="Bmr012.E.dialogue-acts.xml#id(Bmr012.E.dialogueact155)"/>
      <nite:pointer role="abstractive"  href="Bmr012.abssumm.xml#id(Bmr012.s.4)"/>
   </summlink>
   <summlink nite:id="Bmr012.summlink.2">
      <nite:pointer role="extractive"  href="Bmr012.E.dialogue-acts.xml#id(Bmr012.E.dialogueact157)"/>
      <nite:pointer role="abstractive"  href="Bmr012.abssumm.xml#id(Bmr012.s.1)"/>
   </summlink>
   <summlink nite:id="Bmr012.summlink.3">
      <nite:pointer role="extractive"  href="Bmr012.C.dialogue-acts.xml#id(Bmr012.C.dialogueact173)"/>
      <nite:pointer role="abstractive"  href="Bmr012.abssumm.xml#id(Bmr012.s.19)"/>
   </summlink>
   <summlink nite:id="Bmr012.summlink.4">
      <nite:pointer role="extractive"  href="Bmr012.C.dialogue-acts.xml#id(Bmr012.C.dialogueact186)"/>
      <nite:pointer role="abstractive"  href="Bmr012.abssumm.xml#id(Bmr012.s.1)"/>
   </summlink>
   <summlink nite:id="Bmr012.summlink.5">
      <nite:pointer role="extractive"  href="Bmr012.C.dialogue-acts.xml#id(Bmr012.C.dialogueact220)"/>
      <nite:pointer role="abstractive"  href="Bmr012.abssumm.xml#id(Bmr012.s.20)"/>
   </summlink>
   <summlink nite:id="Bmr012.summlink.7">
      <nite:pointer role="extractive"  href="Bmr012.C.dialogue-acts.xml#id(Bmr012.C.dialogueact221)"/>
      <nite:pointer role="abstractive"  href="Bmr012.abssumm.xml#id(Bmr012.s.20)"/>
   </summlink>
   <summlink nite:id="Bmr012.summlink.8">
      <nite:pointer role="extractive"  href="Bmr012.C.dialogue-acts.xml#id(Bmr012.C.dialogueact221)"/>
      <nite:pointer role="abstractive"  href="Bmr012.abssumm.xml#id(Bmr012.s.15)"/>
   </summlink>
   <summlink nite:id="Bmr012.summlink.9">
      <nite:pointer role="extractive"  href="Bmr012.C.dialogue-acts.xml#id(Bmr012.C.dialogueact220)"/>
      <nite:pointer role="abstractive"  href="Bmr012.abssumm.xml#id(Bmr012.s.15)"/>
   </summlink>
   <summlink nite:id="Bmr012.summlink.10">
      <nite:pointer role="extractive"  href="Bmr012.A.dialogue-acts.xml#id(Bmr012.A.dialogueact209)"/>
      <nite:pointer role="abstractive"  href="Bmr012.abssumm.xml#id(Bmr012.s.15)"/>
   </summlink>
   <summlink nite:id="Bmr012.summlink.11">
      <nite:pointer role="extractive"  href="Bmr012.A.dialogue-acts.xml#id(Bmr012.A.dialogueact209)"/>
      <nite:pointer role="abstractive"  href="Bmr012.abssumm.xml#id(Bmr012.s.20)"/>
   </summlink>
   <summlink nite:id="Bmr012.summlink.12">
      <nite:pointer role="extractive"  href="Bmr012.E.dialogue-acts.xml#id(Bmr012.E.dialogueact252)"/>
      <nite:pointer role="abstractive"  href="Bmr012.abssumm.xml#id(Bmr012.s.15)"/>
   </summlink>
   <summlink nite:id="Bmr012.summlink.13">
      <nite:pointer role="extractive"  href="Bmr012.E.dialogue-acts.xml#id(Bmr012.E.dialogueact252)"/>
      <nite:pointer role="abstractive"  href="Bmr012.abssumm.xml#id(Bmr012.s.20)"/>
   </summlink>
   <summlink nite:id="Bmr012.summlink.14">
      <nite:pointer role="extractive"  href="Bmr012.C.dialogue-acts.xml#id(Bmr012.C.dialogueact346)"/>
      <nite:pointer role="abstractive"  href="Bmr012.abssumm.xml#id(Bmr012.s.20)"/>
   </summlink>
   <summlink nite:id="Bmr012.summlink.15">
      <nite:pointer role="extractive"  href="Bmr012.A.dialogue-acts.xml#id(Bmr012.A.dialogueact367)"/>
      <nite:pointer role="abstractive"  href="Bmr012.abssumm.xml#id(Bmr012.s.17)"/>
   </summlink>
   <summlink nite:id="Bmr012.summlink.16">
      <nite:pointer role="extractive"  href="Bmr012.C.dialogue-acts.xml#id(Bmr012.C.dialogueact376)"/>
      <nite:pointer role="abstractive"  href="Bmr012.abssumm.xml#id(Bmr012.s.17)"/>
   </summlink>
   <summlink nite:id="Bmr012.summlink.17">
      <nite:pointer role="extractive"  href="Bmr012.B.dialogue-acts.xml#id(Bmr012.B.dialogueact435)"/>
      <nite:pointer role="abstractive"  href="Bmr012.abssumm.xml#id(Bmr012.s.19)"/>
   </summlink>
   <summlink nite:id="Bmr012.summlink.18">
      <nite:pointer role="extractive"  href="Bmr012.A.dialogue-acts.xml#id(Bmr012.A.dialogueact436)"/>
      <nite:pointer role="abstractive"  href="Bmr012.abssumm.xml#id(Bmr012.s.19)"/>
   </summlink>
   <summlink nite:id="Bmr012.summlink.19">
      <nite:pointer role="extractive"  href="Bmr012.C.dialogue-acts.xml#id(Bmr012.C.dialogueact442)"/>
      <nite:pointer role="abstractive"  href="Bmr012.abssumm.xml#id(Bmr012.s.19)"/>
   </summlink>
   <summlink nite:id="Bmr012.summlink.20">
      <nite:pointer role="extractive"  href="Bmr012.A.dialogue-acts.xml#id(Bmr012.A.dialogueact476)"/>
      <nite:pointer role="abstractive"  href="Bmr012.abssumm.xml#id(Bmr012.s.19)"/>
   </summlink>
   <summlink nite:id="Bmr012.summlink.21">
      <nite:pointer role="extractive"  href="Bmr012.A.dialogue-acts.xml#id(Bmr012.A.dialogueact492)"/>
      <nite:pointer role="abstractive"  href="Bmr012.abssumm.xml#id(Bmr012.s.21)"/>
   </summlink>
   <summlink nite:id="Bmr012.summlink.22">
      <nite:pointer role="extractive"  href="Bmr012.C.dialogue-acts.xml#id(Bmr012.C.dialogueact535)"/>
      <nite:pointer role="abstractive"  href="Bmr012.abssumm.xml#id(Bmr012.s.1)"/>
   </summlink>
   <summlink nite:id="Bmr012.summlink.23">
      <nite:pointer role="extractive"  href="Bmr012.C.dialogue-acts.xml#id(Bmr012.C.dialogueact535)"/>
      <nite:pointer role="abstractive"  href="Bmr012.abssumm.xml#id(Bmr012.s.20)"/>
   </summlink>
   <summlink nite:id="Bmr012.summlink.24">
      <nite:pointer role="extractive"  href="Bmr012.E.dialogue-acts.xml#id(Bmr012.E.dialogueact550)"/>
      <nite:pointer role="abstractive"  href="Bmr012.abssumm.xml#id(Bmr012.s.3)"/>
   </summlink>
   <summlink nite:id="Bmr012.summlink.25">
      <nite:pointer role="extractive"  href="Bmr012.E.dialogue-acts.xml#id(Bmr012.E.dialogueact550)"/>
      <nite:pointer role="abstractive"  href="Bmr012.abssumm.xml#id(Bmr012.s.8)"/>
   </summlink>
   <summlink nite:id="Bmr012.summlink.26">
      <nite:pointer role="extractive"  href="Bmr012.C.dialogue-acts.xml#id(Bmr012.C.dialogueact559)"/>
      <nite:pointer role="abstractive"  href="Bmr012.abssumm.xml#id(Bmr012.s.2)"/>
   </summlink>
   <summlink nite:id="Bmr012.summlink.27">
      <nite:pointer role="extractive"  href="Bmr012.C.dialogue-acts.xml#id(Bmr012.C.dialogueact560)"/>
      <nite:pointer role="abstractive"  href="Bmr012.abssumm.xml#id(Bmr012.s.2)"/>
   </summlink>
   <summlink nite:id="Bmr012.summlink.28">
      <nite:pointer role="extractive"  href="Bmr012.C.dialogue-acts.xml#id(Bmr012.C.dialogueact563)"/>
      <nite:pointer role="abstractive"  href="Bmr012.abssumm.xml#id(Bmr012.s.2)"/>
   </summlink>
   <summlink nite:id="Bmr012.summlink.29">
      <nite:pointer role="extractive"  href="Bmr012.C.dialogue-acts.xml#id(Bmr012.C.dialogueact560)"/>
      <nite:pointer role="abstractive"  href="Bmr012.abssumm.xml#id(Bmr012.s.22)"/>
   </summlink>
   <summlink nite:id="Bmr012.summlink.30">
      <nite:pointer role="extractive"  href="Bmr012.C.dialogue-acts.xml#id(Bmr012.C.dialogueact563)"/>
      <nite:pointer role="abstractive"  href="Bmr012.abssumm.xml#id(Bmr012.s.22)"/>
   </summlink>
   <summlink nite:id="Bmr012.summlink.31">
      <nite:pointer role="extractive"  href="Bmr012.C.dialogue-acts.xml#id(Bmr012.C.dialogueact564)"/>
      <nite:pointer role="abstractive"  href="Bmr012.abssumm.xml#id(Bmr012.s.22)"/>
   </summlink>
   <summlink nite:id="Bmr012.summlink.32">
      <nite:pointer role="extractive"  href="Bmr012.C.dialogue-acts.xml#id(Bmr012.C.dialogueact564)"/>
      <nite:pointer role="abstractive"  href="Bmr012.abssumm.xml#id(Bmr012.s.2)"/>
   </summlink>
   <summlink nite:id="Bmr012.summlink.33">
      <nite:pointer role="extractive"  href="Bmr012.C.dialogue-acts.xml#id(Bmr012.C.dialogueact565)"/>
      <nite:pointer role="abstractive"  href="Bmr012.abssumm.xml#id(Bmr012.s.2)"/>
   </summlink>
   <summlink nite:id="Bmr012.summlink.34">
      <nite:pointer role="extractive"  href="Bmr012.C.dialogue-acts.xml#id(Bmr012.C.dialogueact565)"/>
      <nite:pointer role="abstractive"  href="Bmr012.abssumm.xml#id(Bmr012.s.22)"/>
   </summlink>
   <summlink nite:id="Bmr012.summlink.35">
      <nite:pointer role="extractive"  href="Bmr012.C.dialogue-acts.xml#id(Bmr012.C.dialogueact567)"/>
      <nite:pointer role="abstractive"  href="Bmr012.abssumm.xml#id(Bmr012.s.23)"/>
   </summlink>
   <summlink nite:id="Bmr012.summlink.36">
      <nite:pointer role="extractive"  href="Bmr012.B.dialogue-acts.xml#id(Bmr012.B.dialogueact621)"/>
      <nite:pointer role="abstractive"  href="Bmr012.abssumm.xml#id(Bmr012.s.3)"/>
   </summlink>
   <summlink nite:id="Bmr012.summlink.37">
      <nite:pointer role="extractive"  href="Bmr012.B.dialogue-acts.xml#id(Bmr012.B.dialogueact623)"/>
      <nite:pointer role="abstractive"  href="Bmr012.abssumm.xml#id(Bmr012.s.3)"/>
   </summlink>
   <summlink nite:id="Bmr012.summlink.38">
      <nite:pointer role="extractive"  href="Bmr012.B.dialogue-acts.xml#id(Bmr012.B.dialogueact621)"/>
      <nite:pointer role="abstractive"  href="Bmr012.abssumm.xml#id(Bmr012.s.8)"/>
   </summlink>
   <summlink nite:id="Bmr012.summlink.39">
      <nite:pointer role="extractive"  href="Bmr012.B.dialogue-acts.xml#id(Bmr012.B.dialogueact623)"/>
      <nite:pointer role="abstractive"  href="Bmr012.abssumm.xml#id(Bmr012.s.8)"/>
   </summlink>
   <summlink nite:id="Bmr012.summlink.40">
      <nite:pointer role="extractive"  href="Bmr012.A.dialogue-acts.xml#id(Bmr012.A.dialogueact657)"/>
      <nite:pointer role="abstractive"  href="Bmr012.abssumm.xml#id(Bmr012.s.10)"/>
   </summlink>
   <summlink nite:id="Bmr012.summlink.41">
      <nite:pointer role="extractive"  href="Bmr012.A.dialogue-acts.xml#id(Bmr012.A.dialogueact659)"/>
      <nite:pointer role="abstractive"  href="Bmr012.abssumm.xml#id(Bmr012.s.10)"/>
   </summlink>
   <summlink nite:id="Bmr012.summlink.42">
      <nite:pointer role="extractive"  href="Bmr012.B.dialogue-acts.xml#id(Bmr012.B.dialogueact697)"/>
      <nite:pointer role="abstractive"  href="Bmr012.abssumm.xml#id(Bmr012.s.26)"/>
   </summlink>
   <summlink nite:id="Bmr012.summlink.43">
      <nite:pointer role="extractive"  href="Bmr012.E.dialogue-acts.xml#id(Bmr012.E.dialogueact721)"/>
      <nite:pointer role="abstractive"  href="Bmr012.abssumm.xml#id(Bmr012.s.26)"/>
   </summlink>
   <summlink nite:id="Bmr012.summlink.44">
      <nite:pointer role="extractive"  href="Bmr012.C.dialogue-acts.xml#id(Bmr012.C.dialogueact953)"/>
      <nite:pointer role="abstractive"  href="Bmr012.abssumm.xml#id(Bmr012.s.7)"/>
   </summlink>
   <summlink nite:id="Bmr012.summlink.45">
      <nite:pointer role="extractive"  href="Bmr012.C.dialogue-acts.xml#id(Bmr012.C.dialogueact953)"/>
      <nite:pointer role="abstractive"  href="Bmr012.abssumm.xml#id(Bmr012.s.24)"/>
   </summlink>
   <summlink nite:id="Bmr012.summlink.46">
      <nite:pointer role="extractive"  href="Bmr012.B.dialogue-acts.xml#id(Bmr012.B.dialogueact993)"/>
      <nite:pointer role="abstractive"  href="Bmr012.abssumm.xml#id(Bmr012.s.18)"/>
   </summlink>
   <summlink nite:id="Bmr012.summlink.47">
      <nite:pointer role="extractive"  href="Bmr012.E.dialogue-acts.xml#id(Bmr012.E.dialogueact1021)"/>
      <nite:pointer role="abstractive"  href="Bmr012.abssumm.xml#id(Bmr012.s.12)"/>
   </summlink>
   <summlink nite:id="Bmr012.summlink.48">
      <nite:pointer role="extractive"  href="Bmr012.E.dialogue-acts.xml#id(Bmr012.E.dialogueact964)"/>
      <nite:pointer role="abstractive"  href="Bmr012.abssumm.xml#id(Bmr012.s.13)"/>
   </summlink>
   <summlink nite:id="Bmr012.summlink.49">
      <nite:pointer role="extractive"  href="Bmr012.C.dialogue-acts.xml#id(Bmr012.C.dialogueact1109)"/>
      <nite:pointer role="abstractive"  href="Bmr012.abssumm.xml#id(Bmr012.s.6)"/>
   </summlink>
   <summlink nite:id="Bmr012.summlink.50">
      <nite:pointer role="extractive"  href="Bmr012.C.dialogue-acts.xml#id(Bmr012.C.dialogueact1109)"/>
      <nite:pointer role="abstractive"  href="Bmr012.abssumm.xml#id(Bmr012.s.12)"/>
   </summlink>
   <summlink nite:id="Bmr012.summlink.51">
      <nite:pointer role="extractive"  href="Bmr012.G.dialogue-acts.xml#id(Bmr012.G.dialogueact1231)"/>
      <nite:pointer role="abstractive"  href="Bmr012.abssumm.xml#id(Bmr012.s.25)"/>
   </summlink>
   <summlink nite:id="Bmr012.summlink.52">
      <nite:pointer role="extractive"  href="Bmr012.G.dialogue-acts.xml#id(Bmr012.G.dialogueact1243)"/>
      <nite:pointer role="abstractive"  href="Bmr012.abssumm.xml#id(Bmr012.s.14)"/>
   </summlink>
   <summlink nite:id="Bmr012.summlink.53">
      <nite:pointer role="extractive"  href="Bmr012.G.dialogue-acts.xml#id(Bmr012.G.dialogueact1243)"/>
      <nite:pointer role="abstractive"  href="Bmr012.abssumm.xml#id(Bmr012.s.7)"/>
   </summlink>
   <summlink nite:id="Bmr012.summlink.54">
      <nite:pointer role="extractive"  href="Bmr012.J.dialogue-acts.xml#id(Bmr012.J.dialogueact1371)"/>
      <nite:pointer role="abstractive"  href="Bmr012.abssumm.xml#id(Bmr012.s.27)"/>
   </summlink>
   <summlink nite:id="Bmr012.summlink.55">
      <nite:pointer role="extractive"  href="Bmr012.J.dialogue-acts.xml#id(Bmr012.J.dialogueact1377)"/>
      <nite:pointer role="abstractive"  href="Bmr012.abssumm.xml#id(Bmr012.s.27)"/>
   </summlink>
   <summlink nite:id="Bmr012.summlink.56">
      <nite:pointer role="extractive"  href="Bmr012.J.dialogue-acts.xml#id(Bmr012.J.dialogueact1378)"/>
      <nite:pointer role="abstractive"  href="Bmr012.abssumm.xml#id(Bmr012.s.27)"/>
   </summlink>
</nite:root>