<?xml version="1.0" encoding="ISO-8859-1" standalone="yes"?>
<nite:root nite:id="Bmr019.summlink" xmlns:nite="http://nite.sourceforge.net/">
   <summlink nite:id="Bmr019.summlink.3">
      <nite:pointer role="extractive"  href="Bmr019.E.dialogue-acts.xml#id(Bmr019.E.dialogueact12)"/>
      <nite:pointer role="abstractive"  href="Bmr019.abssumm.xml#id(Bmr019.s.2)"/>
   </summlink>
   <summlink nite:id="Bmr019.summlink.4">
      <nite:pointer role="extractive"  href="Bmr019.E.dialogue-acts.xml#id(Bmr019.E.dialogueact90)"/>
      <nite:pointer role="abstractive"  href="Bmr019.abssumm.xml#id(Bmr019.s.20)"/>
   </summlink>
   <summlink nite:id="Bmr019.summlink.5">
      <nite:pointer role="extractive"  href="Bmr019.B.dialogue-acts.xml#id(Bmr019.B.dialogueact145)"/>
      <nite:pointer role="abstractive"  href="Bmr019.abssumm.xml#id(Bmr019.s.12)"/>
   </summlink>
   <summlink nite:id="Bmr019.summlink.6">
      <nite:pointer role="extractive"  href="Bmr019.B.dialogue-acts.xml#id(Bmr019.B.dialogueact144)"/>
      <nite:pointer role="abstractive"  href="Bmr019.abssumm.xml#id(Bmr019.s.1)"/>
   </summlink>
   <summlink nite:id="Bmr019.summlink.7">
      <nite:pointer role="extractive"  href="Bmr019.F.dialogue-acts.xml#id(Bmr019.F.dialogueact155)"/>
      <nite:pointer role="abstractive"  href="Bmr019.abssumm.xml#id(Bmr019.s.12)"/>
   </summlink>
   <summlink nite:id="Bmr019.summlink.8">
      <nite:pointer role="extractive"  href="Bmr019.B.dialogue-acts.xml#id(Bmr019.B.dialogueact184)"/>
      <nite:pointer role="abstractive"  href="Bmr019.abssumm.xml#id(Bmr019.s.6)"/>
   </summlink>
   <summlink nite:id="Bmr019.summlink.9">
      <nite:pointer role="extractive"  href="Bmr019.B.dialogue-acts.xml#id(Bmr019.B.dialogueact188)"/>
      <nite:pointer role="abstractive"  href="Bmr019.abssumm.xml#id(Bmr019.s.6)"/>
   </summlink>
   <summlink nite:id="Bmr019.summlink.10">
      <nite:pointer role="extractive"  href="Bmr019.B.dialogue-acts.xml#id(Bmr019.B.dialogueact205)"/>
      <nite:pointer role="abstractive"  href="Bmr019.abssumm.xml#id(Bmr019.s.13)"/>
   </summlink>
   <summlink nite:id="Bmr019.summlink.11">
      <nite:pointer role="extractive"  href="Bmr019.B.dialogue-acts.xml#id(Bmr019.B.dialogueact205)"/>
      <nite:pointer role="abstractive"  href="Bmr019.abssumm.xml#id(Bmr019.s.3)"/>
   </summlink>
   <summlink nite:id="Bmr019.summlink.12">
      <nite:pointer role="extractive"  href="Bmr019.B.dialogue-acts.xml#id(Bmr019.B.dialogueact205)"/>
      <nite:pointer role="abstractive"  href="Bmr019.abssumm.xml#id(Bmr019.s.14)"/>
   </summlink>
   <summlink nite:id="Bmr019.summlink.13">
      <nite:pointer role="extractive"  href="Bmr019.F.dialogue-acts.xml#id(Bmr019.F.dialogueact240)"/>
      <nite:pointer role="abstractive"  href="Bmr019.abssumm.xml#id(Bmr019.s.14)"/>
   </summlink>
   <summlink nite:id="Bmr019.summlink.14">
      <nite:pointer role="extractive"  href="Bmr019.F.dialogue-acts.xml#id(Bmr019.F.dialogueact287)"/>
      <nite:pointer role="abstractive"  href="Bmr019.abssumm.xml#id(Bmr019.s.15)"/>
   </summlink>
   <summlink nite:id="Bmr019.summlink.15">
      <nite:pointer role="extractive"  href="Bmr019.F.dialogue-acts.xml#id(Bmr019.F.dialogueact287)"/>
      <nite:pointer role="abstractive"  href="Bmr019.abssumm.xml#id(Bmr019.s.3)"/>
   </summlink>
   <summlink nite:id="Bmr019.summlink.16">
      <nite:pointer role="extractive"  href="Bmr019.F.dialogue-acts.xml#id(Bmr019.F.dialogueact307)"/>
      <nite:pointer role="abstractive"  href="Bmr019.abssumm.xml#id(Bmr019.s.7)"/>
   </summlink>
   <summlink nite:id="Bmr019.summlink.17">
      <nite:pointer role="extractive"  href="Bmr019.E.dialogue-acts.xml#id(Bmr019.E.dialogueact315)"/>
      <nite:pointer role="abstractive"  href="Bmr019.abssumm.xml#id(Bmr019.s.7)"/>
   </summlink>
   <summlink nite:id="Bmr019.summlink.18">
      <nite:pointer role="extractive"  href="Bmr019.F.dialogue-acts.xml#id(Bmr019.F.dialogueact361)"/>
      <nite:pointer role="abstractive"  href="Bmr019.abssumm.xml#id(Bmr019.s.14)"/>
   </summlink>
   <summlink nite:id="Bmr019.summlink.19">
      <nite:pointer role="extractive"  href="Bmr019.B.dialogue-acts.xml#id(Bmr019.B.dialogueact411)"/>
      <nite:pointer role="abstractive"  href="Bmr019.abssumm.xml#id(Bmr019.s.14)"/>
   </summlink>
   <summlink nite:id="Bmr019.summlink.20">
      <nite:pointer role="extractive"  href="Bmr019.B.dialogue-acts.xml#id(Bmr019.B.dialogueact470)"/>
      <nite:pointer role="abstractive"  href="Bmr019.abssumm.xml#id(Bmr019.s.8)"/>
   </summlink>
   <summlink nite:id="Bmr019.summlink.21">
      <nite:pointer role="extractive"  href="Bmr019.B.dialogue-acts.xml#id(Bmr019.B.dialogueact483)"/>
      <nite:pointer role="abstractive"  href="Bmr019.abssumm.xml#id(Bmr019.s.8)"/>
   </summlink>
   <summlink nite:id="Bmr019.summlink.22">
      <nite:pointer role="extractive"  href="Bmr019.E.dialogue-acts.xml#id(Bmr019.E.dialogueact489)"/>
      <nite:pointer role="abstractive"  href="Bmr019.abssumm.xml#id(Bmr019.s.8)"/>
   </summlink>
   <summlink nite:id="Bmr019.summlink.23">
      <nite:pointer role="extractive"  href="Bmr019.E.dialogue-acts.xml#id(Bmr019.E.dialogueact493)"/>
      <nite:pointer role="abstractive"  href="Bmr019.abssumm.xml#id(Bmr019.s.8)"/>
   </summlink>
   <summlink nite:id="Bmr019.summlink.24">
      <nite:pointer role="extractive"  href="Bmr019.A.dialogue-acts.xml#id(Bmr019.A.dialogueact503)"/>
      <nite:pointer role="abstractive"  href="Bmr019.abssumm.xml#id(Bmr019.s.21)"/>
   </summlink>
   <summlink nite:id="Bmr019.summlink.25">
      <nite:pointer role="extractive"  href="Bmr019.A.dialogue-acts.xml#id(Bmr019.A.dialogueact506)"/>
      <nite:pointer role="abstractive"  href="Bmr019.abssumm.xml#id(Bmr019.s.21)"/>
   </summlink>
   <summlink nite:id="Bmr019.summlink.26">
      <nite:pointer role="extractive"  href="Bmr019.A.dialogue-acts.xml#id(Bmr019.A.dialogueact508)"/>
      <nite:pointer role="abstractive"  href="Bmr019.abssumm.xml#id(Bmr019.s.21)"/>
   </summlink>
   <summlink nite:id="Bmr019.summlink.27">
      <nite:pointer role="extractive"  href="Bmr019.A.dialogue-acts.xml#id(Bmr019.A.dialogueact514)"/>
      <nite:pointer role="abstractive"  href="Bmr019.abssumm.xml#id(Bmr019.s.21)"/>
   </summlink>
   <summlink nite:id="Bmr019.summlink.28">
      <nite:pointer role="extractive"  href="Bmr019.E.dialogue-acts.xml#id(Bmr019.E.dialogueact547)"/>
      <nite:pointer role="abstractive"  href="Bmr019.abssumm.xml#id(Bmr019.s.16)"/>
   </summlink>
   <summlink nite:id="Bmr019.summlink.29">
      <nite:pointer role="extractive"  href="Bmr019.B.dialogue-acts.xml#id(Bmr019.B.dialogueact613)"/>
      <nite:pointer role="abstractive"  href="Bmr019.abssumm.xml#id(Bmr019.s.22)"/>
   </summlink>
   <summlink nite:id="Bmr019.summlink.30">
      <nite:pointer role="extractive"  href="Bmr019.F.dialogue-acts.xml#id(Bmr019.F.dialogueact617)"/>
      <nite:pointer role="abstractive"  href="Bmr019.abssumm.xml#id(Bmr019.s.5)"/>
   </summlink>
   <summlink nite:id="Bmr019.summlink.31">
      <nite:pointer role="extractive"  href="Bmr019.F.dialogue-acts.xml#id(Bmr019.F.dialogueact618)"/>
      <nite:pointer role="abstractive"  href="Bmr019.abssumm.xml#id(Bmr019.s.5)"/>
   </summlink>
   <summlink nite:id="Bmr019.summlink.32">
      <nite:pointer role="extractive"  href="Bmr019.B.dialogue-acts.xml#id(Bmr019.B.dialogueact605)"/>
      <nite:pointer role="abstractive"  href="Bmr019.abssumm.xml#id(Bmr019.s.5)"/>
   </summlink>
   <summlink nite:id="Bmr019.summlink.33">
      <nite:pointer role="extractive"  href="Bmr019.A.dialogue-acts.xml#id(Bmr019.A.dialogueact667)"/>
      <nite:pointer role="abstractive"  href="Bmr019.abssumm.xml#id(Bmr019.s.23)"/>
   </summlink>
   <summlink nite:id="Bmr019.summlink.34">
      <nite:pointer role="extractive"  href="Bmr019.A.dialogue-acts.xml#id(Bmr019.A.dialogueact667)"/>
      <nite:pointer role="abstractive"  href="Bmr019.abssumm.xml#id(Bmr019.s.4)"/>
   </summlink>
   <summlink nite:id="Bmr019.summlink.35">
      <nite:pointer role="extractive"  href="Bmr019.A.dialogue-acts.xml#id(Bmr019.A.dialogueact686)"/>
      <nite:pointer role="abstractive"  href="Bmr019.abssumm.xml#id(Bmr019.s.24)"/>
   </summlink>
   <summlink nite:id="Bmr019.summlink.37">
      <nite:pointer role="extractive"  href="Bmr019.F.dialogue-acts.xml#id(Bmr019.F.dialogueact694)"/>
      <nite:pointer role="abstractive"  href="Bmr019.abssumm.xml#id(Bmr019.s.24)"/>
   </summlink>
   <summlink nite:id="Bmr019.summlink.38">
      <nite:pointer role="extractive"  href="Bmr019.F.dialogue-acts.xml#id(Bmr019.F.dialogueact699)"/>
      <nite:pointer role="abstractive"  href="Bmr019.abssumm.xml#id(Bmr019.s.24)"/>
   </summlink>
   <summlink nite:id="Bmr019.summlink.39">
      <nite:pointer role="extractive"  href="Bmr019.F.dialogue-acts.xml#id(Bmr019.F.dialogueact701)"/>
      <nite:pointer role="abstractive"  href="Bmr019.abssumm.xml#id(Bmr019.s.17)"/>
   </summlink>
   <summlink nite:id="Bmr019.summlink.41">
      <nite:pointer role="extractive"  href="Bmr019.A.dialogue-acts.xml#id(Bmr019.A.dialogueact707)"/>
      <nite:pointer role="abstractive"  href="Bmr019.abssumm.xml#id(Bmr019.s.17)"/>
   </summlink>
   <summlink nite:id="Bmr019.summlink.43">
      <nite:pointer role="extractive"  href="Bmr019.A.dialogue-acts.xml#id(Bmr019.A.dialogueact709)"/>
      <nite:pointer role="abstractive"  href="Bmr019.abssumm.xml#id(Bmr019.s.17)"/>
   </summlink>
   <summlink nite:id="Bmr019.summlink.44">
      <nite:pointer role="extractive"  href="Bmr019.A.dialogue-acts.xml#id(Bmr019.A.dialogueact711)"/>
      <nite:pointer role="abstractive"  href="Bmr019.abssumm.xml#id(Bmr019.s.17)"/>
   </summlink>
   <summlink nite:id="Bmr019.summlink.45">
      <nite:pointer role="extractive"  href="Bmr019.A.dialogue-acts.xml#id(Bmr019.A.dialogueact736)"/>
      <nite:pointer role="abstractive"  href="Bmr019.abssumm.xml#id(Bmr019.s.18)"/>
   </summlink>
   <summlink nite:id="Bmr019.summlink.46">
      <nite:pointer role="extractive"  href="Bmr019.A.dialogue-acts.xml#id(Bmr019.A.dialogueact737)"/>
      <nite:pointer role="abstractive"  href="Bmr019.abssumm.xml#id(Bmr019.s.18)"/>
   </summlink>
   <summlink nite:id="Bmr019.summlink.47">
      <nite:pointer role="extractive"  href="Bmr019.A.dialogue-acts.xml#id(Bmr019.A.dialogueact738)"/>
      <nite:pointer role="abstractive"  href="Bmr019.abssumm.xml#id(Bmr019.s.18)"/>
   </summlink>
   <summlink nite:id="Bmr019.summlink.48">
      <nite:pointer role="extractive"  href="Bmr019.A.dialogue-acts.xml#id(Bmr019.A.dialogueact739)"/>
      <nite:pointer role="abstractive"  href="Bmr019.abssumm.xml#id(Bmr019.s.18)"/>
   </summlink>
   <summlink nite:id="Bmr019.summlink.49">
      <nite:pointer role="extractive"  href="Bmr019.A.dialogue-acts.xml#id(Bmr019.A.dialogueact740)"/>
      <nite:pointer role="abstractive"  href="Bmr019.abssumm.xml#id(Bmr019.s.18)"/>
   </summlink>
   <summlink nite:id="Bmr019.summlink.50">
      <nite:pointer role="extractive"  href="Bmr019.F.dialogue-acts.xml#id(Bmr019.F.dialogueact749)"/>
      <nite:pointer role="abstractive"  href="Bmr019.abssumm.xml#id(Bmr019.s.25)"/>
   </summlink>
   <summlink nite:id="Bmr019.summlink.51">
      <nite:pointer role="extractive"  href="Bmr019.F.dialogue-acts.xml#id(Bmr019.F.dialogueact750)"/>
      <nite:pointer role="abstractive"  href="Bmr019.abssumm.xml#id(Bmr019.s.25)"/>
   </summlink>
   <summlink nite:id="Bmr019.summlink.52">
      <nite:pointer role="extractive"  href="Bmr019.F.dialogue-acts.xml#id(Bmr019.F.dialogueact752)"/>
      <nite:pointer role="abstractive"  href="Bmr019.abssumm.xml#id(Bmr019.s.25)"/>
   </summlink>
   <summlink nite:id="Bmr019.summlink.53">
      <nite:pointer role="extractive"  href="Bmr019.A.dialogue-acts.xml#id(Bmr019.A.dialogueact761)"/>
      <nite:pointer role="abstractive"  href="Bmr019.abssumm.xml#id(Bmr019.s.4)"/>
   </summlink>
   <summlink nite:id="Bmr019.summlink.54">
      <nite:pointer role="extractive"  href="Bmr019.F.dialogue-acts.xml#id(Bmr019.F.dialogueact781)"/>
      <nite:pointer role="abstractive"  href="Bmr019.abssumm.xml#id(Bmr019.s.9)"/>
   </summlink>
   <summlink nite:id="Bmr019.summlink.55">
      <nite:pointer role="extractive"  href="Bmr019.F.dialogue-acts.xml#id(Bmr019.F.dialogueact782)"/>
      <nite:pointer role="abstractive"  href="Bmr019.abssumm.xml#id(Bmr019.s.9)"/>
   </summlink>
   <summlink nite:id="Bmr019.summlink.56">
      <nite:pointer role="extractive"  href="Bmr019.F.dialogue-acts.xml#id(Bmr019.F.dialogueact784)"/>
      <nite:pointer role="abstractive"  href="Bmr019.abssumm.xml#id(Bmr019.s.9)"/>
   </summlink>
   <summlink nite:id="Bmr019.summlink.57">
      <nite:pointer role="extractive"  href="Bmr019.A.dialogue-acts.xml#id(Bmr019.A.dialogueact847)"/>
      <nite:pointer role="abstractive"  href="Bmr019.abssumm.xml#id(Bmr019.s.10)"/>
   </summlink>
   <summlink nite:id="Bmr019.summlink.58">
      <nite:pointer role="extractive"  href="Bmr019.A.dialogue-acts.xml#id(Bmr019.A.dialogueact851)"/>
      <nite:pointer role="abstractive"  href="Bmr019.abssumm.xml#id(Bmr019.s.10)"/>
   </summlink>
   <summlink nite:id="Bmr019.summlink.59">
      <nite:pointer role="extractive"  href="Bmr019.A.dialogue-acts.xml#id(Bmr019.A.dialogueact877)"/>
      <nite:pointer role="abstractive"  href="Bmr019.abssumm.xml#id(Bmr019.s.10)"/>
   </summlink>
   <summlink nite:id="Bmr019.summlink.60">
      <nite:pointer role="extractive"  href="Bmr019.A.dialogue-acts.xml#id(Bmr019.A.dialogueact879)"/>
      <nite:pointer role="abstractive"  href="Bmr019.abssumm.xml#id(Bmr019.s.10)"/>
   </summlink>
   <summlink nite:id="Bmr019.summlink.61">
      <nite:pointer role="extractive"  href="Bmr019.A.dialogue-acts.xml#id(Bmr019.A.dialogueact892)"/>
      <nite:pointer role="abstractive"  href="Bmr019.abssumm.xml#id(Bmr019.s.2)"/>
   </summlink>
   <summlink nite:id="Bmr019.summlink.62">
      <nite:pointer role="extractive"  href="Bmr019.G.dialogue-acts.xml#id(Bmr019.G.dialogueact941)"/>
      <nite:pointer role="abstractive"  href="Bmr019.abssumm.xml#id(Bmr019.s.3)"/>
   </summlink>
   <summlink nite:id="Bmr019.summlink.63">
      <nite:pointer role="extractive"  href="Bmr019.G.dialogue-acts.xml#id(Bmr019.G.dialogueact975)"/>
      <nite:pointer role="abstractive"  href="Bmr019.abssumm.xml#id(Bmr019.s.3)"/>
   </summlink>
   <summlink nite:id="Bmr019.summlink.64">
      <nite:pointer role="extractive"  href="Bmr019.C.dialogue-acts.xml#id(Bmr019.C.dialogueact992)"/>
      <nite:pointer role="abstractive"  href="Bmr019.abssumm.xml#id(Bmr019.s.27)"/>
   </summlink>
   <summlink nite:id="Bmr019.summlink.65">
      <nite:pointer role="extractive"  href="Bmr019.A.dialogue-acts.xml#id(Bmr019.A.dialogueact1035)"/>
      <nite:pointer role="abstractive"  href="Bmr019.abssumm.xml#id(Bmr019.s.28)"/>
   </summlink>
   <summlink nite:id="Bmr019.summlink.66">
      <nite:pointer role="extractive"  href="Bmr019.A.dialogue-acts.xml#id(Bmr019.A.dialogueact1044)"/>
      <nite:pointer role="abstractive"  href="Bmr019.abssumm.xml#id(Bmr019.s.28)"/>
   </summlink>
   <summlink nite:id="Bmr019.summlink.67">
      <nite:pointer role="extractive"  href="Bmr019.A.dialogue-acts.xml#id(Bmr019.A.dialogueact1063)"/>
      <nite:pointer role="abstractive"  href="Bmr019.abssumm.xml#id(Bmr019.s.26)"/>
   </summlink>
   <summlink nite:id="Bmr019.summlink.68">
      <nite:pointer role="extractive"  href="Bmr019.A.dialogue-acts.xml#id(Bmr019.A.dialogueact1067)"/>
      <nite:pointer role="abstractive"  href="Bmr019.abssumm.xml#id(Bmr019.s.26)"/>
   </summlink>
   <summlink nite:id="Bmr019.summlink.69">
      <nite:pointer role="extractive"  href="Bmr019.A.dialogue-acts.xml#id(Bmr019.A.dialogueact1098)"/>
      <nite:pointer role="abstractive"  href="Bmr019.abssumm.xml#id(Bmr019.s.29)"/>
   </summlink>
   <summlink nite:id="Bmr019.summlink.70">
      <nite:pointer role="extractive"  href="Bmr019.A.dialogue-acts.xml#id(Bmr019.A.dialogueact1099)"/>
      <nite:pointer role="abstractive"  href="Bmr019.abssumm.xml#id(Bmr019.s.30)"/>
   </summlink>
   <summlink nite:id="Bmr019.summlink.71">
      <nite:pointer role="extractive"  href="Bmr019.F.dialogue-acts.xml#id(Bmr019.F.dialogueact1103)"/>
      <nite:pointer role="abstractive"  href="Bmr019.abssumm.xml#id(Bmr019.s.30)"/>
   </summlink>
   <summlink nite:id="Bmr019.summlink.72">
      <nite:pointer role="extractive"  href="Bmr019.A.dialogue-acts.xml#id(Bmr019.A.dialogueact1105)"/>
      <nite:pointer role="abstractive"  href="Bmr019.abssumm.xml#id(Bmr019.s.30)"/>
   </summlink>
   <summlink nite:id="Bmr019.summlink.73">
      <nite:pointer role="extractive"  href="Bmr019.F.dialogue-acts.xml#id(Bmr019.F.dialogueact1198)"/>
      <nite:pointer role="abstractive"  href="Bmr019.abssumm.xml#id(Bmr019.s.30)"/>
   </summlink>
   <summlink nite:id="Bmr019.summlink.74">
      <nite:pointer role="extractive"  href="Bmr019.F.dialogue-acts.xml#id(Bmr019.F.dialogueact1199)"/>
      <nite:pointer role="abstractive"  href="Bmr019.abssumm.xml#id(Bmr019.s.30)"/>
   </summlink>
   <summlink nite:id="Bmr019.summlink.75">
      <nite:pointer role="extractive"  href="Bmr019.F.dialogue-acts.xml#id(Bmr019.F.dialogueact1211)"/>
      <nite:pointer role="abstractive"  href="Bmr019.abssumm.xml#id(Bmr019.s.30)"/>
   </summlink>
   <summlink nite:id="Bmr019.summlink.76">
      <nite:pointer role="extractive"  href="Bmr019.F.dialogue-acts.xml#id(Bmr019.F.dialogueact1212)"/>
      <nite:pointer role="abstractive"  href="Bmr019.abssumm.xml#id(Bmr019.s.30)"/>
   </summlink>
   <summlink nite:id="Bmr019.summlink.77">
      <nite:pointer role="extractive"  href="Bmr019.B.dialogue-acts.xml#id(Bmr019.B.dialogueact1484)"/>
      <nite:pointer role="abstractive"  href="Bmr019.abssumm.xml#id(Bmr019.s.29)"/>
   </summlink>
   <summlink nite:id="Bmr019.summlink.78">
      <nite:pointer role="extractive"  href="Bmr019.B.dialogue-acts.xml#id(Bmr019.B.dialogueact1491)"/>
      <nite:pointer role="abstractive"  href="Bmr019.abssumm.xml#id(Bmr019.s.29)"/>
   </summlink>
   <summlink nite:id="Bmr019.summlink.79">
      <nite:pointer role="extractive"  href="Bmr019.A.dialogue-acts.xml#id(Bmr019.A.dialogueact1679)"/>
      <nite:pointer role="abstractive"  href="Bmr019.abssumm.xml#id(Bmr019.s.19)"/>
   </summlink>
</nite:root>