<?xml version="1.0" encoding="ISO-8859-1" standalone="yes"?>
<nite:root nite:id="Bmr025.extsumm" xmlns:nite="http://nite.sourceforge.net/">
   <extsumm nite:id="Bmr025.extsumm.1">
      <nite:child href="Bmr025.A.dialogue-acts.xml#id(Bmr025.A.dialogueact14)..id(Bmr025.A.dialogueact15)"/>
      <nite:child href="Bmr025.A.dialogue-acts.xml#id(Bmr025.A.dialogueact21)"/>
      <nite:child href="Bmr025.H.dialogue-acts.xml#id(Bmr025.H.dialogueact25)..id(Bmr025.H.dialogueact28)"/>
      <nite:child href="Bmr025.D.dialogue-acts.xml#id(Bmr025.D.dialogueact45)..id(Bmr025.D.dialogueact48)"/>
      <nite:child href="Bmr025.F.dialogue-acts.xml#id(Bmr025.F.dialogueact49)"/>
      <nite:child href="Bmr025.D.dialogue-acts.xml#id(Bmr025.D.dialogueact51)"/>
      <nite:child href="Bmr025.F.dialogue-acts.xml#id(Bmr025.F.dialogueact54)"/>
      <nite:child href="Bmr025.F.dialogue-acts.xml#id(Bmr025.F.dialogueact69)..id(Bmr025.F.dialogueact73)"/>
      <nite:child href="Bmr025.F.dialogue-acts.xml#id(Bmr025.F.dialogueact80)"/>
      <nite:child href="Bmr025.H.dialogue-acts.xml#id(Bmr025.H.dialogueact84)"/>
      <nite:child href="Bmr025.H.dialogue-acts.xml#id(Bmr025.H.dialogueact91)..id(Bmr025.H.dialogueact98)"/>
      <nite:child href="Bmr025.H.dialogue-acts.xml#id(Bmr025.H.dialogueact111)"/>
      <nite:child href="Bmr025.H.dialogue-acts.xml#id(Bmr025.H.dialogueact125)"/>
      <nite:child href="Bmr025.H.dialogue-acts.xml#id(Bmr025.H.dialogueact119)"/>
      <nite:child href="Bmr025.H.dialogue-acts.xml#id(Bmr025.H.dialogueact122)"/>
      <nite:child href="Bmr025.H.dialogue-acts.xml#id(Bmr025.H.dialogueact121)"/>
      <nite:child href="Bmr025.G.dialogue-acts.xml#id(Bmr025.G.dialogueact337)"/>
      <nite:child href="Bmr025.G.dialogue-acts.xml#id(Bmr025.G.dialogueact340)"/>
      <nite:child href="Bmr025.G.dialogue-acts.xml#id(Bmr025.G.dialogueact342)..id(Bmr025.G.dialogueact345)"/>
      <nite:child href="Bmr025.B.dialogue-acts.xml#id(Bmr025.B.dialogueact346)"/>
      <nite:child href="Bmr025.B.dialogue-acts.xml#id(Bmr025.B.dialogueact348)"/>
      <nite:child href="Bmr025.B.dialogue-acts.xml#id(Bmr025.B.dialogueact359)"/>
      <nite:child href="Bmr025.C.dialogue-acts.xml#id(Bmr025.C.dialogueact357)"/>
      <nite:child href="Bmr025.G.dialogue-acts.xml#id(Bmr025.G.dialogueact370)"/>
      <nite:child href="Bmr025.B.dialogue-acts.xml#id(Bmr025.B.dialogueact377)"/>
      <nite:child href="Bmr025.H.dialogue-acts.xml#id(Bmr025.H.dialogueact403)"/>
      <nite:child href="Bmr025.H.dialogue-acts.xml#id(Bmr025.H.dialogueact408)"/>
      <nite:child href="Bmr025.H.dialogue-acts.xml#id(Bmr025.H.dialogueact406)"/>
      <nite:child href="Bmr025.H.dialogue-acts.xml#id(Bmr025.H.dialogueact429)"/>
      <nite:child href="Bmr025.G.dialogue-acts.xml#id(Bmr025.G.dialogueact436)"/>
      <nite:child href="Bmr025.H.dialogue-acts.xml#id(Bmr025.H.dialogueact439)"/>
      <nite:child href="Bmr025.G.dialogue-acts.xml#id(Bmr025.G.dialogueact492)"/>
      <nite:child href="Bmr025.F.dialogue-acts.xml#id(Bmr025.F.dialogueact495)"/>
      <nite:child href="Bmr025.H.dialogue-acts.xml#id(Bmr025.H.dialogueact502)..id(Bmr025.H.dialogueact504)"/>
      <nite:child href="Bmr025.H.dialogue-acts.xml#id(Bmr025.H.dialogueact528)..id(Bmr025.H.dialogueact533)"/>
      <nite:child href="Bmr025.H.dialogue-acts.xml#id(Bmr025.H.dialogueact550)"/>
      <nite:child href="Bmr025.H.dialogue-acts.xml#id(Bmr025.H.dialogueact558)"/>
      <nite:child href="Bmr025.H.dialogue-acts.xml#id(Bmr025.H.dialogueact601)"/>
      <nite:child href="Bmr025.H.dialogue-acts.xml#id(Bmr025.H.dialogueact604)"/>
      <nite:child href="Bmr025.H.dialogue-acts.xml#id(Bmr025.H.dialogueact603)"/>
      <nite:child href="Bmr025.H.dialogue-acts.xml#id(Bmr025.H.dialogueact605)..id(Bmr025.H.dialogueact606)"/>
      <nite:child href="Bmr025.H.dialogue-acts.xml#id(Bmr025.H.dialogueact608)"/>
      <nite:child href="Bmr025.H.dialogue-acts.xml#id(Bmr025.H.dialogueact611)"/>
      <nite:child href="Bmr025.B.dialogue-acts.xml#id(Bmr025.B.dialogueact613)"/>
      <nite:child href="Bmr025.H.dialogue-acts.xml#id(Bmr025.H.dialogueact614)"/>
      <nite:child href="Bmr025.H.dialogue-acts.xml#id(Bmr025.H.dialogueact620)..id(Bmr025.H.dialogueact622)"/>
      <nite:child href="Bmr025.B.dialogue-acts.xml#id(Bmr025.B.dialogueact623)"/>
      <nite:child href="Bmr025.H.dialogue-acts.xml#id(Bmr025.H.dialogueact624)"/>
      <nite:child href="Bmr025.A.dialogue-acts.xml#id(Bmr025.A.dialogueact657)"/>
      <nite:child href="Bmr025.D.dialogue-acts.xml#id(Bmr025.D.dialogueact658)"/>
      <nite:child href="Bmr025.B.dialogue-acts.xml#id(Bmr025.B.dialogueact677)"/>
      <nite:child href="Bmr025.H.dialogue-acts.xml#id(Bmr025.H.dialogueact680)"/>
      <nite:child href="Bmr025.H.dialogue-acts.xml#id(Bmr025.H.dialogueact685)"/>
      <nite:child href="Bmr025.A.dialogue-acts.xml#id(Bmr025.A.dialogueact701)..id(Bmr025.A.dialogueact703)"/>
      <nite:child href="Bmr025.B.dialogue-acts.xml#id(Bmr025.B.dialogueact717)"/>
      <nite:child href="Bmr025.H.dialogue-acts.xml#id(Bmr025.H.dialogueact723)"/>
      <nite:child href="Bmr025.B.dialogue-acts.xml#id(Bmr025.B.dialogueact726)..id(Bmr025.B.dialogueact728)"/>
      <nite:child href="Bmr025.H.dialogue-acts.xml#id(Bmr025.H.dialogueact804)..id(Bmr025.H.dialogueact806)"/>
      <nite:child href="Bmr025.B.dialogue-acts.xml#id(Bmr025.B.dialogueact838)"/>
      <nite:child href="Bmr025.B.dialogue-acts.xml#id(Bmr025.B.dialogueact841)"/>
      <nite:child href="Bmr025.E.dialogue-acts.xml#id(Bmr025.E.dialogueact864)..id(Bmr025.E.dialogueact865)"/>
      <nite:child href="Bmr025.H.dialogue-acts.xml#id(Bmr025.H.dialogueact885)"/>
      <nite:child href="Bmr025.G.dialogue-acts.xml#id(Bmr025.G.dialogueact964)..id(Bmr025.G.dialogueact966)"/>
      <nite:child href="Bmr025.H.dialogue-acts.xml#id(Bmr025.H.dialogueact969)"/>
      <nite:child href="Bmr025.B.dialogue-acts.xml#id(Bmr025.B.dialogueact957)..id(Bmr025.B.dialogueact960)"/>
      <nite:child href="Bmr025.G.dialogue-acts.xml#id(Bmr025.G.dialogueact963)"/>
      <nite:child href="Bmr025.H.dialogue-acts.xml#id(Bmr025.H.dialogueact1000)"/>
      <nite:child href="Bmr025.H.dialogue-acts.xml#id(Bmr025.H.dialogueact1003)..id(Bmr025.H.dialogueact1004)"/>
      <nite:child href="Bmr025.B.dialogue-acts.xml#id(Bmr025.B.dialogueact1020)..id(Bmr025.B.dialogueact1023)"/>
      <nite:child href="Bmr025.B.dialogue-acts.xml#id(Bmr025.B.dialogueact88)"/>
      <nite:child href="Bmr025.G.dialogue-acts.xml#id(Bmr025.G.dialogueact762)..id(Bmr025.G.dialogueact763)"/>
      <nite:child href="Bmr025.G.dialogue-acts.xml#id(Bmr025.G.dialogueact1042)"/>
      <nite:child href="Bmr025.H.dialogue-acts.xml#id(Bmr025.H.dialogueact1043)"/>
   </extsumm>
</nite:root>