<?xml version="1.0" encoding="ISO-8859-1" standalone="yes"?>
<nite:root nite:id="Bmr018.extsumm" xmlns:nite="http://nite.sourceforge.net/">
   <extsumm nite:id="Bmr018.extsumm.1">
      <nite:child href="Bmr018.E.dialogue-acts.xml#id(Bmr018.E.dialogueact159)..id(Bmr018.E.dialogueact161)"/>
      <nite:child href="Bmr018.A.dialogue-acts.xml#id(Bmr018.A.dialogueact165)"/>
      <nite:child href="Bmr018.B.dialogue-acts.xml#id(Bmr018.B.dialogueact186)..id(Bmr018.B.dialogueact188)"/>
      <nite:child href="Bmr018.B.dialogue-acts.xml#id(Bmr018.B.dialogueact212)"/>
      <nite:child href="Bmr018.E.dialogue-acts.xml#id(Bmr018.E.dialogueact217)"/>
      <nite:child href="Bmr018.C.dialogue-acts.xml#id(Bmr018.C.dialogueact226)..id(Bmr018.C.dialogueact229)"/>
      <nite:child href="Bmr018.B.dialogue-acts.xml#id(Bmr018.B.dialogueact265)..id(Bmr018.B.dialogueact266)"/>
      <nite:child href="Bmr018.A.dialogue-acts.xml#id(Bmr018.A.dialogueact268)"/>
      <nite:child href="Bmr018.A.dialogue-acts.xml#id(Bmr018.A.dialogueact274)"/>
      <nite:child href="Bmr018.A.dialogue-acts.xml#id(Bmr018.A.dialogueact271)..id(Bmr018.A.dialogueact273)"/>
      <nite:child href="Bmr018.C.dialogue-acts.xml#id(Bmr018.C.dialogueact286)"/>
      <nite:child href="Bmr018.E.dialogue-acts.xml#id(Bmr018.E.dialogueact288)..id(Bmr018.E.dialogueact293)"/>
      <nite:child href="Bmr018.D.dialogue-acts.xml#id(Bmr018.D.dialogueact296)"/>
      <nite:child href="Bmr018.E.dialogue-acts.xml#id(Bmr018.E.dialogueact300)"/>
      <nite:child href="Bmr018.D.dialogue-acts.xml#id(Bmr018.D.dialogueact301)"/>
      <nite:child href="Bmr018.E.dialogue-acts.xml#id(Bmr018.E.dialogueact311)"/>
      <nite:child href="Bmr018.A.dialogue-acts.xml#id(Bmr018.A.dialogueact313)"/>
      <nite:child href="Bmr018.B.dialogue-acts.xml#id(Bmr018.B.dialogueact323)"/>
      <nite:child href="Bmr018.E.dialogue-acts.xml#id(Bmr018.E.dialogueact326)"/>
      <nite:child href="Bmr018.A.dialogue-acts.xml#id(Bmr018.A.dialogueact363)..id(Bmr018.A.dialogueact365)"/>
      <nite:child href="Bmr018.C.dialogue-acts.xml#id(Bmr018.C.dialogueact368)"/>
      <nite:child href="Bmr018.C.dialogue-acts.xml#id(Bmr018.C.dialogueact373)..id(Bmr018.C.dialogueact377)"/>
      <nite:child href="Bmr018.A.dialogue-acts.xml#id(Bmr018.A.dialogueact381)"/>
      <nite:child href="Bmr018.A.dialogue-acts.xml#id(Bmr018.A.dialogueact386)"/>
      <nite:child href="Bmr018.A.dialogue-acts.xml#id(Bmr018.A.dialogueact385)"/>
      <nite:child href="Bmr018.C.dialogue-acts.xml#id(Bmr018.C.dialogueact391)"/>
      <nite:child href="Bmr018.C.dialogue-acts.xml#id(Bmr018.C.dialogueact396)"/>
      <nite:child href="Bmr018.E.dialogue-acts.xml#id(Bmr018.E.dialogueact405)"/>
      <nite:child href="Bmr018.A.dialogue-acts.xml#id(Bmr018.A.dialogueact413)..id(Bmr018.A.dialogueact414)"/>
      <nite:child href="Bmr018.E.dialogue-acts.xml#id(Bmr018.E.dialogueact452)"/>
      <nite:child href="Bmr018.A.dialogue-acts.xml#id(Bmr018.A.dialogueact479)..id(Bmr018.A.dialogueact483)"/>
      <nite:child href="Bmr018.E.dialogue-acts.xml#id(Bmr018.E.dialogueact486)..id(Bmr018.E.dialogueact488)"/>
      <nite:child href="Bmr018.D.dialogue-acts.xml#id(Bmr018.D.dialogueact490)"/>
      <nite:child href="Bmr018.C.dialogue-acts.xml#id(Bmr018.C.dialogueact548)"/>
      <nite:child href="Bmr018.E.dialogue-acts.xml#id(Bmr018.E.dialogueact549)..id(Bmr018.E.dialogueact550)"/>
      <nite:child href="Bmr018.C.dialogue-acts.xml#id(Bmr018.C.dialogueact560)"/>
      <nite:child href="Bmr018.E.dialogue-acts.xml#id(Bmr018.E.dialogueact570)..id(Bmr018.E.dialogueact575)"/>
      <nite:child href="Bmr018.E.dialogue-acts.xml#id(Bmr018.E.dialogueact577)..id(Bmr018.E.dialogueact578)"/>
      <nite:child href="Bmr018.B.dialogue-acts.xml#id(Bmr018.B.dialogueact582)"/>
      <nite:child href="Bmr018.F.dialogue-acts.xml#id(Bmr018.F.dialogueact588)"/>
      <nite:child href="Bmr018.F.dialogue-acts.xml#id(Bmr018.F.dialogueact593)"/>
      <nite:child href="Bmr018.F.dialogue-acts.xml#id(Bmr018.F.dialogueact599)"/>
      <nite:child href="Bmr018.B.dialogue-acts.xml#id(Bmr018.B.dialogueact603)"/>
      <nite:child href="Bmr018.C.dialogue-acts.xml#id(Bmr018.C.dialogueact604)"/>
      <nite:child href="Bmr018.F.dialogue-acts.xml#id(Bmr018.F.dialogueact605)"/>
      <nite:child href="Bmr018.F.dialogue-acts.xml#id(Bmr018.F.dialogueact613)..id(Bmr018.F.dialogueact614)"/>
      <nite:child href="Bmr018.G.dialogue-acts.xml#id(Bmr018.G.dialogueact618)"/>
      <nite:child href="Bmr018.E.dialogue-acts.xml#id(Bmr018.E.dialogueact620)"/>
      <nite:child href="Bmr018.F.dialogue-acts.xml#id(Bmr018.F.dialogueact622)"/>
      <nite:child href="Bmr018.E.dialogue-acts.xml#id(Bmr018.E.dialogueact623)"/>
      <nite:child href="Bmr018.F.dialogue-acts.xml#id(Bmr018.F.dialogueact627)"/>
      <nite:child href="Bmr018.E.dialogue-acts.xml#id(Bmr018.E.dialogueact628)"/>
      <nite:child href="Bmr018.E.dialogue-acts.xml#id(Bmr018.E.dialogueact632)"/>
      <nite:child href="Bmr018.E.dialogue-acts.xml#id(Bmr018.E.dialogueact630)"/>
      <nite:child href="Bmr018.E.dialogue-acts.xml#id(Bmr018.E.dialogueact636)"/>
      <nite:child href="Bmr018.F.dialogue-acts.xml#id(Bmr018.F.dialogueact640)..id(Bmr018.F.dialogueact647)"/>
      <nite:child href="Bmr018.D.dialogue-acts.xml#id(Bmr018.D.dialogueact652)"/>
      <nite:child href="Bmr018.F.dialogue-acts.xml#id(Bmr018.F.dialogueact669)"/>
      <nite:child href="Bmr018.F.dialogue-acts.xml#id(Bmr018.F.dialogueact685)"/>
      <nite:child href="Bmr018.F.dialogue-acts.xml#id(Bmr018.F.dialogueact687)"/>
      <nite:child href="Bmr018.F.dialogue-acts.xml#id(Bmr018.F.dialogueact703)..id(Bmr018.F.dialogueact704)"/>
      <nite:child href="Bmr018.C.dialogue-acts.xml#id(Bmr018.C.dialogueact706)"/>
      <nite:child href="Bmr018.D.dialogue-acts.xml#id(Bmr018.D.dialogueact709)"/>
      <nite:child href="Bmr018.D.dialogue-acts.xml#id(Bmr018.D.dialogueact720)"/>
      <nite:child href="Bmr018.D.dialogue-acts.xml#id(Bmr018.D.dialogueact723)"/>
      <nite:child href="Bmr018.B.dialogue-acts.xml#id(Bmr018.B.dialogueact729)"/>
      <nite:child href="Bmr018.B.dialogue-acts.xml#id(Bmr018.B.dialogueact734)"/>
      <nite:child href="Bmr018.F.dialogue-acts.xml#id(Bmr018.F.dialogueact743)"/>
      <nite:child href="Bmr018.D.dialogue-acts.xml#id(Bmr018.D.dialogueact749)"/>
      <nite:child href="Bmr018.D.dialogue-acts.xml#id(Bmr018.D.dialogueact754)"/>
      <nite:child href="Bmr018.D.dialogue-acts.xml#id(Bmr018.D.dialogueact758)"/>
      <nite:child href="Bmr018.B.dialogue-acts.xml#id(Bmr018.B.dialogueact759)"/>
      <nite:child href="Bmr018.F.dialogue-acts.xml#id(Bmr018.F.dialogueact761)..id(Bmr018.F.dialogueact766)"/>
      <nite:child href="Bmr018.B.dialogue-acts.xml#id(Bmr018.B.dialogueact767)..id(Bmr018.B.dialogueact771)"/>
      <nite:child href="Bmr018.F.dialogue-acts.xml#id(Bmr018.F.dialogueact778)"/>
      <nite:child href="Bmr018.F.dialogue-acts.xml#id(Bmr018.F.dialogueact786)..id(Bmr018.F.dialogueact787)"/>
      <nite:child href="Bmr018.D.dialogue-acts.xml#id(Bmr018.D.dialogueact804)"/>
      <nite:child href="Bmr018.D.dialogue-acts.xml#id(Bmr018.D.dialogueact798)"/>
      <nite:child href="Bmr018.D.dialogue-acts.xml#id(Bmr018.D.dialogueact833)..id(Bmr018.D.dialogueact835)"/>
      <nite:child href="Bmr018.E.dialogue-acts.xml#id(Bmr018.E.dialogueact836)"/>
      <nite:child href="Bmr018.D.dialogue-acts.xml#id(Bmr018.D.dialogueact837)..id(Bmr018.D.dialogueact838)"/>
      <nite:child href="Bmr018.A.dialogue-acts.xml#id(Bmr018.A.dialogueact871)"/>
      <nite:child href="Bmr018.A.dialogue-acts.xml#id(Bmr018.A.dialogueact866)..id(Bmr018.A.dialogueact868)"/>
      <nite:child href="Bmr018.A.dialogue-acts.xml#id(Bmr018.A.dialogueact882)"/>
      <nite:child href="Bmr018.E.dialogue-acts.xml#id(Bmr018.E.dialogueact903)"/>
      <nite:child href="Bmr018.A.dialogue-acts.xml#id(Bmr018.A.dialogueact895)"/>
      <nite:child href="Bmr018.E.dialogue-acts.xml#id(Bmr018.E.dialogueact898)"/>
      <nite:child href="Bmr018.A.dialogue-acts.xml#id(Bmr018.A.dialogueact924)..id(Bmr018.A.dialogueact925)"/>
      <nite:child href="Bmr018.D.dialogue-acts.xml#id(Bmr018.D.dialogueact982)"/>
      <nite:child href="Bmr018.E.dialogue-acts.xml#id(Bmr018.E.dialogueact983)..id(Bmr018.E.dialogueact985)"/>
      <nite:child href="Bmr018.D.dialogue-acts.xml#id(Bmr018.D.dialogueact1014)..id(Bmr018.D.dialogueact1015)"/>
      <nite:child href="Bmr018.D.dialogue-acts.xml#id(Bmr018.D.dialogueact1039)"/>
      <nite:child href="Bmr018.F.dialogue-acts.xml#id(Bmr018.F.dialogueact1043)"/>
      <nite:child href="Bmr018.D.dialogue-acts.xml#id(Bmr018.D.dialogueact1065)..id(Bmr018.D.dialogueact1068)"/>
      <nite:child href="Bmr018.D.dialogue-acts.xml#id(Bmr018.D.dialogueact1077)"/>
      <nite:child href="Bmr018.D.dialogue-acts.xml#id(Bmr018.D.dialogueact1126)"/>
      <nite:child href="Bmr018.E.dialogue-acts.xml#id(Bmr018.E.dialogueact1128)"/>
      <nite:child href="Bmr018.A.dialogue-acts.xml#id(Bmr018.A.dialogueact1141)..id(Bmr018.A.dialogueact1143)"/>
      <nite:child href="Bmr018.D.dialogue-acts.xml#id(Bmr018.D.dialogueact1163)"/>
      <nite:child href="Bmr018.D.dialogue-acts.xml#id(Bmr018.D.dialogueact1180)"/>
      <nite:child href="Bmr018.E.dialogue-acts.xml#id(Bmr018.E.dialogueact1236)"/>
      <nite:child href="Bmr018.E.dialogue-acts.xml#id(Bmr018.E.dialogueact1240)"/>
      <nite:child href="Bmr018.E.dialogue-acts.xml#id(Bmr018.E.dialogueact1243)..id(Bmr018.E.dialogueact1244)"/>
      <nite:child href="Bmr018.E.dialogue-acts.xml#id(Bmr018.E.dialogueact1205)"/>
      <nite:child href="Bmr018.E.dialogue-acts.xml#id(Bmr018.E.dialogueact1210)..id(Bmr018.E.dialogueact1211)"/>
   </extsumm>
</nite:root>