<?xml version="1.0" encoding="ISO-8859-1" standalone="yes"?>
<nite:root nite:id="Bmr023.summlink" xmlns:nite="http://nite.sourceforge.net/">
   <summlink nite:id="Bmr023.summlink.1">
      <nite:pointer role="extractive"  href="Bmr023.F.dialogue-acts.xml#id(Bmr023.F.dialogueact56)"/>
      <nite:pointer role="abstractive"  href="Bmr023.abssumm.xml#id(Bmr023.s.2)"/>
   </summlink>
   <summlink nite:id="Bmr023.summlink.2">
      <nite:pointer role="extractive"  href="Bmr023.F.dialogue-acts.xml#id(Bmr023.F.dialogueact58)"/>
      <nite:pointer role="abstractive"  href="Bmr023.abssumm.xml#id(Bmr023.s.4)"/>
   </summlink>
   <summlink nite:id="Bmr023.summlink.3">
      <nite:pointer role="extractive"  href="Bmr023.G.dialogue-acts.xml#id(Bmr023.G.dialogueact61)"/>
      <nite:pointer role="abstractive"  href="Bmr023.abssumm.xml#id(Bmr023.s.4)"/>
   </summlink>
   <summlink nite:id="Bmr023.summlink.4">
      <nite:pointer role="extractive"  href="Bmr023.F.dialogue-acts.xml#id(Bmr023.F.dialogueact55)"/>
      <nite:pointer role="abstractive"  href="Bmr023.abssumm.xml#id(Bmr023.s.4)"/>
   </summlink>
   <summlink nite:id="Bmr023.summlink.5">
      <nite:pointer role="extractive"  href="Bmr023.F.dialogue-acts.xml#id(Bmr023.F.dialogueact55)"/>
      <nite:pointer role="abstractive"  href="Bmr023.abssumm.xml#id(Bmr023.s.15)"/>
   </summlink>
   <summlink nite:id="Bmr023.summlink.6">
      <nite:pointer role="extractive"  href="Bmr023.F.dialogue-acts.xml#id(Bmr023.F.dialogueact56)"/>
      <nite:pointer role="abstractive"  href="Bmr023.abssumm.xml#id(Bmr023.s.15)"/>
   </summlink>
   <summlink nite:id="Bmr023.summlink.7">
      <nite:pointer role="extractive"  href="Bmr023.F.dialogue-acts.xml#id(Bmr023.F.dialogueact58)"/>
      <nite:pointer role="abstractive"  href="Bmr023.abssumm.xml#id(Bmr023.s.15)"/>
   </summlink>
   <summlink nite:id="Bmr023.summlink.8">
      <nite:pointer role="extractive"  href="Bmr023.G.dialogue-acts.xml#id(Bmr023.G.dialogueact61)"/>
      <nite:pointer role="abstractive"  href="Bmr023.abssumm.xml#id(Bmr023.s.15)"/>
   </summlink>
   <summlink nite:id="Bmr023.summlink.9">
      <nite:pointer role="extractive"  href="Bmr023.F.dialogue-acts.xml#id(Bmr023.F.dialogueact133)"/>
      <nite:pointer role="abstractive"  href="Bmr023.abssumm.xml#id(Bmr023.s.5)"/>
   </summlink>
   <summlink nite:id="Bmr023.summlink.10">
      <nite:pointer role="extractive"  href="Bmr023.F.dialogue-acts.xml#id(Bmr023.F.dialogueact135)"/>
      <nite:pointer role="abstractive"  href="Bmr023.abssumm.xml#id(Bmr023.s.5)"/>
   </summlink>
   <summlink nite:id="Bmr023.summlink.11">
      <nite:pointer role="extractive"  href="Bmr023.D.dialogue-acts.xml#id(Bmr023.D.dialogueact141)"/>
      <nite:pointer role="abstractive"  href="Bmr023.abssumm.xml#id(Bmr023.s.5)"/>
   </summlink>
   <summlink nite:id="Bmr023.summlink.13">
      <nite:pointer role="extractive"  href="Bmr023.F.dialogue-acts.xml#id(Bmr023.F.dialogueact135)"/>
      <nite:pointer role="abstractive"  href="Bmr023.abssumm.xml#id(Bmr023.s.23)"/>
   </summlink>
   <summlink nite:id="Bmr023.summlink.14">
      <nite:pointer role="extractive"  href="Bmr023.F.dialogue-acts.xml#id(Bmr023.F.dialogueact133)"/>
      <nite:pointer role="abstractive"  href="Bmr023.abssumm.xml#id(Bmr023.s.23)"/>
   </summlink>
   <summlink nite:id="Bmr023.summlink.15">
      <nite:pointer role="extractive"  href="Bmr023.C.dialogue-acts.xml#id(Bmr023.C.dialogueact155)"/>
      <nite:pointer role="abstractive"  href="Bmr023.abssumm.xml#id(Bmr023.s.24)"/>
   </summlink>
   <summlink nite:id="Bmr023.summlink.16">
      <nite:pointer role="extractive"  href="Bmr023.C.dialogue-acts.xml#id(Bmr023.C.dialogueact155)"/>
      <nite:pointer role="abstractive"  href="Bmr023.abssumm.xml#id(Bmr023.s.5)"/>
   </summlink>
   <summlink nite:id="Bmr023.summlink.17">
      <nite:pointer role="extractive"  href="Bmr023.C.dialogue-acts.xml#id(Bmr023.C.dialogueact172)"/>
      <nite:pointer role="abstractive"  href="Bmr023.abssumm.xml#id(Bmr023.s.19)"/>
   </summlink>
   <summlink nite:id="Bmr023.summlink.18">
      <nite:pointer role="extractive"  href="Bmr023.C.dialogue-acts.xml#id(Bmr023.C.dialogueact172)"/>
      <nite:pointer role="abstractive"  href="Bmr023.abssumm.xml#id(Bmr023.s.25)"/>
   </summlink>
   <summlink nite:id="Bmr023.summlink.20">
      <nite:pointer role="extractive"  href="Bmr023.C.dialogue-acts.xml#id(Bmr023.C.dialogueact172)"/>
      <nite:pointer role="abstractive"  href="Bmr023.abssumm.xml#id(Bmr023.s.5)"/>
   </summlink>
   <summlink nite:id="Bmr023.summlink.21">
      <nite:pointer role="extractive"  href="Bmr023.C.dialogue-acts.xml#id(Bmr023.C.dialogueact174)"/>
      <nite:pointer role="abstractive"  href="Bmr023.abssumm.xml#id(Bmr023.s.5)"/>
   </summlink>
   <summlink nite:id="Bmr023.summlink.22">
      <nite:pointer role="extractive"  href="Bmr023.C.dialogue-acts.xml#id(Bmr023.C.dialogueact174)"/>
      <nite:pointer role="abstractive"  href="Bmr023.abssumm.xml#id(Bmr023.s.10)"/>
   </summlink>
   <summlink nite:id="Bmr023.summlink.23">
      <nite:pointer role="extractive"  href="Bmr023.C.dialogue-acts.xml#id(Bmr023.C.dialogueact174)"/>
      <nite:pointer role="abstractive"  href="Bmr023.abssumm.xml#id(Bmr023.s.25)"/>
   </summlink>
   <summlink nite:id="Bmr023.summlink.24">
      <nite:pointer role="extractive"  href="Bmr023.C.dialogue-acts.xml#id(Bmr023.C.dialogueact174)"/>
      <nite:pointer role="abstractive"  href="Bmr023.abssumm.xml#id(Bmr023.s.19)"/>
   </summlink>
   <summlink nite:id="Bmr023.summlink.25">
      <nite:pointer role="extractive"  href="Bmr023.G.dialogue-acts.xml#id(Bmr023.G.dialogueact191)"/>
      <nite:pointer role="abstractive"  href="Bmr023.abssumm.xml#id(Bmr023.s.5)"/>
   </summlink>
   <summlink nite:id="Bmr023.summlink.26">
      <nite:pointer role="extractive"  href="Bmr023.G.dialogue-acts.xml#id(Bmr023.G.dialogueact191)"/>
      <nite:pointer role="abstractive"  href="Bmr023.abssumm.xml#id(Bmr023.s.25)"/>
   </summlink>
   <summlink nite:id="Bmr023.summlink.27">
      <nite:pointer role="extractive"  href="Bmr023.G.dialogue-acts.xml#id(Bmr023.G.dialogueact196)"/>
      <nite:pointer role="abstractive"  href="Bmr023.abssumm.xml#id(Bmr023.s.25)"/>
   </summlink>
   <summlink nite:id="Bmr023.summlink.30">
      <nite:pointer role="extractive"  href="Bmr023.G.dialogue-acts.xml#id(Bmr023.G.dialogueact200)"/>
      <nite:pointer role="abstractive"  href="Bmr023.abssumm.xml#id(Bmr023.s.10)"/>
   </summlink>
   <summlink nite:id="Bmr023.summlink.31">
      <nite:pointer role="extractive"  href="Bmr023.C.dialogue-acts.xml#id(Bmr023.C.dialogueact201)"/>
      <nite:pointer role="abstractive"  href="Bmr023.abssumm.xml#id(Bmr023.s.10)"/>
   </summlink>
   <summlink nite:id="Bmr023.summlink.32">
      <nite:pointer role="extractive"  href="Bmr023.G.dialogue-acts.xml#id(Bmr023.G.dialogueact205)"/>
      <nite:pointer role="abstractive"  href="Bmr023.abssumm.xml#id(Bmr023.s.10)"/>
   </summlink>
   <summlink nite:id="Bmr023.summlink.33">
      <nite:pointer role="extractive"  href="Bmr023.D.dialogue-acts.xml#id(Bmr023.D.dialogueact227)"/>
      <nite:pointer role="abstractive"  href="Bmr023.abssumm.xml#id(Bmr023.s.3)"/>
   </summlink>
   <summlink nite:id="Bmr023.summlink.34">
      <nite:pointer role="extractive"  href="Bmr023.D.dialogue-acts.xml#id(Bmr023.D.dialogueact227)"/>
      <nite:pointer role="abstractive"  href="Bmr023.abssumm.xml#id(Bmr023.s.11)"/>
   </summlink>
   <summlink nite:id="Bmr023.summlink.35">
      <nite:pointer role="extractive"  href="Bmr023.D.dialogue-acts.xml#id(Bmr023.D.dialogueact228)"/>
      <nite:pointer role="abstractive"  href="Bmr023.abssumm.xml#id(Bmr023.s.3)"/>
   </summlink>
   <summlink nite:id="Bmr023.summlink.37">
      <nite:pointer role="extractive"  href="Bmr023.D.dialogue-acts.xml#id(Bmr023.D.dialogueact228)"/>
      <nite:pointer role="abstractive"  href="Bmr023.abssumm.xml#id(Bmr023.s.26)"/>
   </summlink>
   <summlink nite:id="Bmr023.summlink.38">
      <nite:pointer role="extractive"  href="Bmr023.D.dialogue-acts.xml#id(Bmr023.D.dialogueact232)"/>
      <nite:pointer role="abstractive"  href="Bmr023.abssumm.xml#id(Bmr023.s.26)"/>
   </summlink>
   <summlink nite:id="Bmr023.summlink.39">
      <nite:pointer role="extractive"  href="Bmr023.D.dialogue-acts.xml#id(Bmr023.D.dialogueact269)"/>
      <nite:pointer role="abstractive"  href="Bmr023.abssumm.xml#id(Bmr023.s.26)"/>
   </summlink>
   <summlink nite:id="Bmr023.summlink.40">
      <nite:pointer role="extractive"  href="Bmr023.D.dialogue-acts.xml#id(Bmr023.D.dialogueact270)"/>
      <nite:pointer role="abstractive"  href="Bmr023.abssumm.xml#id(Bmr023.s.26)"/>
   </summlink>
   <summlink nite:id="Bmr023.summlink.41">
      <nite:pointer role="extractive"  href="Bmr023.D.dialogue-acts.xml#id(Bmr023.D.dialogueact271)"/>
      <nite:pointer role="abstractive"  href="Bmr023.abssumm.xml#id(Bmr023.s.26)"/>
   </summlink>
   <summlink nite:id="Bmr023.summlink.42">
      <nite:pointer role="extractive"  href="Bmr023.D.dialogue-acts.xml#id(Bmr023.D.dialogueact272)"/>
      <nite:pointer role="abstractive"  href="Bmr023.abssumm.xml#id(Bmr023.s.26)"/>
   </summlink>
   <summlink nite:id="Bmr023.summlink.43">
      <nite:pointer role="extractive"  href="Bmr023.D.dialogue-acts.xml#id(Bmr023.D.dialogueact273)"/>
      <nite:pointer role="abstractive"  href="Bmr023.abssumm.xml#id(Bmr023.s.26)"/>
   </summlink>
   <summlink nite:id="Bmr023.summlink.44">
      <nite:pointer role="extractive"  href="Bmr023.F.dialogue-acts.xml#id(Bmr023.F.dialogueact274)"/>
      <nite:pointer role="abstractive"  href="Bmr023.abssumm.xml#id(Bmr023.s.26)"/>
   </summlink>
   <summlink nite:id="Bmr023.summlink.45">
      <nite:pointer role="extractive"  href="Bmr023.D.dialogue-acts.xml#id(Bmr023.D.dialogueact281)"/>
      <nite:pointer role="abstractive"  href="Bmr023.abssumm.xml#id(Bmr023.s.26)"/>
   </summlink>
   <summlink nite:id="Bmr023.summlink.46">
      <nite:pointer role="extractive"  href="Bmr023.D.dialogue-acts.xml#id(Bmr023.D.dialogueact283)"/>
      <nite:pointer role="abstractive"  href="Bmr023.abssumm.xml#id(Bmr023.s.26)"/>
   </summlink>
   <summlink nite:id="Bmr023.summlink.47">
      <nite:pointer role="extractive"  href="Bmr023.D.dialogue-acts.xml#id(Bmr023.D.dialogueact284)"/>
      <nite:pointer role="abstractive"  href="Bmr023.abssumm.xml#id(Bmr023.s.26)"/>
   </summlink>
   <summlink nite:id="Bmr023.summlink.48">
      <nite:pointer role="extractive"  href="Bmr023.E.dialogue-acts.xml#id(Bmr023.E.dialogueact287)"/>
      <nite:pointer role="abstractive"  href="Bmr023.abssumm.xml#id(Bmr023.s.26)"/>
   </summlink>
   <summlink nite:id="Bmr023.summlink.49">
      <nite:pointer role="extractive"  href="Bmr023.F.dialogue-acts.xml#id(Bmr023.F.dialogueact289)"/>
      <nite:pointer role="abstractive"  href="Bmr023.abssumm.xml#id(Bmr023.s.18)"/>
   </summlink>
   <summlink nite:id="Bmr023.summlink.50">
      <nite:pointer role="extractive"  href="Bmr023.F.dialogue-acts.xml#id(Bmr023.F.dialogueact289)"/>
      <nite:pointer role="abstractive"  href="Bmr023.abssumm.xml#id(Bmr023.s.11)"/>
   </summlink>
   <summlink nite:id="Bmr023.summlink.51">
      <nite:pointer role="extractive"  href="Bmr023.F.dialogue-acts.xml#id(Bmr023.F.dialogueact289)"/>
      <nite:pointer role="abstractive"  href="Bmr023.abssumm.xml#id(Bmr023.s.3)"/>
   </summlink>
   <summlink nite:id="Bmr023.summlink.52">
      <nite:pointer role="extractive"  href="Bmr023.F.dialogue-acts.xml#id(Bmr023.F.dialogueact293)"/>
      <nite:pointer role="abstractive"  href="Bmr023.abssumm.xml#id(Bmr023.s.3)"/>
   </summlink>
   <summlink nite:id="Bmr023.summlink.53">
      <nite:pointer role="extractive"  href="Bmr023.F.dialogue-acts.xml#id(Bmr023.F.dialogueact293)"/>
      <nite:pointer role="abstractive"  href="Bmr023.abssumm.xml#id(Bmr023.s.11)"/>
   </summlink>
   <summlink nite:id="Bmr023.summlink.54">
      <nite:pointer role="extractive"  href="Bmr023.F.dialogue-acts.xml#id(Bmr023.F.dialogueact293)"/>
      <nite:pointer role="abstractive"  href="Bmr023.abssumm.xml#id(Bmr023.s.18)"/>
   </summlink>
   <summlink nite:id="Bmr023.summlink.55">
      <nite:pointer role="extractive"  href="Bmr023.F.dialogue-acts.xml#id(Bmr023.F.dialogueact294)"/>
      <nite:pointer role="abstractive"  href="Bmr023.abssumm.xml#id(Bmr023.s.18)"/>
   </summlink>
   <summlink nite:id="Bmr023.summlink.56">
      <nite:pointer role="extractive"  href="Bmr023.F.dialogue-acts.xml#id(Bmr023.F.dialogueact294)"/>
      <nite:pointer role="abstractive"  href="Bmr023.abssumm.xml#id(Bmr023.s.17)"/>
   </summlink>
   <summlink nite:id="Bmr023.summlink.57">
      <nite:pointer role="extractive"  href="Bmr023.F.dialogue-acts.xml#id(Bmr023.F.dialogueact294)"/>
      <nite:pointer role="abstractive"  href="Bmr023.abssumm.xml#id(Bmr023.s.3)"/>
   </summlink>
   <summlink nite:id="Bmr023.summlink.58">
      <nite:pointer role="extractive"  href="Bmr023.F.dialogue-acts.xml#id(Bmr023.F.dialogueact294)"/>
      <nite:pointer role="abstractive"  href="Bmr023.abssumm.xml#id(Bmr023.s.11)"/>
   </summlink>
   <summlink nite:id="Bmr023.summlink.59">
      <nite:pointer role="extractive"  href="Bmr023.F.dialogue-acts.xml#id(Bmr023.F.dialogueact305)"/>
      <nite:pointer role="abstractive"  href="Bmr023.abssumm.xml#id(Bmr023.s.15)"/>
   </summlink>
   <summlink nite:id="Bmr023.summlink.60">
      <nite:pointer role="extractive"  href="Bmr023.F.dialogue-acts.xml#id(Bmr023.F.dialogueact305)"/>
      <nite:pointer role="abstractive"  href="Bmr023.abssumm.xml#id(Bmr023.s.2)"/>
   </summlink>
   <summlink nite:id="Bmr023.summlink.61">
      <nite:pointer role="extractive"  href="Bmr023.F.dialogue-acts.xml#id(Bmr023.F.dialogueact305)"/>
      <nite:pointer role="abstractive"  href="Bmr023.abssumm.xml#id(Bmr023.s.12)"/>
   </summlink>
   <summlink nite:id="Bmr023.summlink.62">
      <nite:pointer role="extractive"  href="Bmr023.F.dialogue-acts.xml#id(Bmr023.F.dialogueact307)"/>
      <nite:pointer role="abstractive"  href="Bmr023.abssumm.xml#id(Bmr023.s.11)"/>
   </summlink>
   <summlink nite:id="Bmr023.summlink.63">
      <nite:pointer role="extractive"  href="Bmr023.F.dialogue-acts.xml#id(Bmr023.F.dialogueact307)"/>
      <nite:pointer role="abstractive"  href="Bmr023.abssumm.xml#id(Bmr023.s.12)"/>
   </summlink>
   <summlink nite:id="Bmr023.summlink.64">
      <nite:pointer role="extractive"  href="Bmr023.F.dialogue-acts.xml#id(Bmr023.F.dialogueact307)"/>
      <nite:pointer role="abstractive"  href="Bmr023.abssumm.xml#id(Bmr023.s.17)"/>
   </summlink>
   <summlink nite:id="Bmr023.summlink.65">
      <nite:pointer role="extractive"  href="Bmr023.A.dialogue-acts.xml#id(Bmr023.A.dialogueact314)"/>
      <nite:pointer role="abstractive"  href="Bmr023.abssumm.xml#id(Bmr023.s.27)"/>
   </summlink>
   <summlink nite:id="Bmr023.summlink.66">
      <nite:pointer role="extractive"  href="Bmr023.A.dialogue-acts.xml#id(Bmr023.A.dialogueact316)"/>
      <nite:pointer role="abstractive"  href="Bmr023.abssumm.xml#id(Bmr023.s.27)"/>
   </summlink>
   <summlink nite:id="Bmr023.summlink.67">
      <nite:pointer role="extractive"  href="Bmr023.A.dialogue-acts.xml#id(Bmr023.A.dialogueact320)"/>
      <nite:pointer role="abstractive"  href="Bmr023.abssumm.xml#id(Bmr023.s.3)"/>
   </summlink>
   <summlink nite:id="Bmr023.summlink.68">
      <nite:pointer role="extractive"  href="Bmr023.A.dialogue-acts.xml#id(Bmr023.A.dialogueact320)"/>
      <nite:pointer role="abstractive"  href="Bmr023.abssumm.xml#id(Bmr023.s.11)"/>
   </summlink>
   <summlink nite:id="Bmr023.summlink.69">
      <nite:pointer role="extractive"  href="Bmr023.A.dialogue-acts.xml#id(Bmr023.A.dialogueact320)"/>
      <nite:pointer role="abstractive"  href="Bmr023.abssumm.xml#id(Bmr023.s.17)"/>
   </summlink>
   <summlink nite:id="Bmr023.summlink.70">
      <nite:pointer role="extractive"  href="Bmr023.A.dialogue-acts.xml#id(Bmr023.A.dialogueact321)"/>
      <nite:pointer role="abstractive"  href="Bmr023.abssumm.xml#id(Bmr023.s.3)"/>
   </summlink>
   <summlink nite:id="Bmr023.summlink.71">
      <nite:pointer role="extractive"  href="Bmr023.A.dialogue-acts.xml#id(Bmr023.A.dialogueact321)"/>
      <nite:pointer role="abstractive"  href="Bmr023.abssumm.xml#id(Bmr023.s.11)"/>
   </summlink>
   <summlink nite:id="Bmr023.summlink.72">
      <nite:pointer role="extractive"  href="Bmr023.A.dialogue-acts.xml#id(Bmr023.A.dialogueact321)"/>
      <nite:pointer role="abstractive"  href="Bmr023.abssumm.xml#id(Bmr023.s.17)"/>
   </summlink>
   <summlink nite:id="Bmr023.summlink.73">
      <nite:pointer role="extractive"  href="Bmr023.F.dialogue-acts.xml#id(Bmr023.F.dialogueact362)"/>
      <nite:pointer role="abstractive"  href="Bmr023.abssumm.xml#id(Bmr023.s.11)"/>
   </summlink>
   <summlink nite:id="Bmr023.summlink.74">
      <nite:pointer role="extractive"  href="Bmr023.A.dialogue-acts.xml#id(Bmr023.A.dialogueact379)"/>
      <nite:pointer role="abstractive"  href="Bmr023.abssumm.xml#id(Bmr023.s.28)"/>
   </summlink>
   <summlink nite:id="Bmr023.summlink.75">
      <nite:pointer role="extractive"  href="Bmr023.A.dialogue-acts.xml#id(Bmr023.A.dialogueact410)"/>
      <nite:pointer role="abstractive"  href="Bmr023.abssumm.xml#id(Bmr023.s.28)"/>
   </summlink>
   <summlink nite:id="Bmr023.summlink.76">
      <nite:pointer role="extractive"  href="Bmr023.A.dialogue-acts.xml#id(Bmr023.A.dialogueact411)"/>
      <nite:pointer role="abstractive"  href="Bmr023.abssumm.xml#id(Bmr023.s.28)"/>
   </summlink>
   <summlink nite:id="Bmr023.summlink.77">
      <nite:pointer role="extractive"  href="Bmr023.A.dialogue-acts.xml#id(Bmr023.A.dialogueact410)"/>
      <nite:pointer role="abstractive"  href="Bmr023.abssumm.xml#id(Bmr023.s.17)"/>
   </summlink>
   <summlink nite:id="Bmr023.summlink.78">
      <nite:pointer role="extractive"  href="Bmr023.A.dialogue-acts.xml#id(Bmr023.A.dialogueact411)"/>
      <nite:pointer role="abstractive"  href="Bmr023.abssumm.xml#id(Bmr023.s.17)"/>
   </summlink>
   <summlink nite:id="Bmr023.summlink.79">
      <nite:pointer role="extractive"  href="Bmr023.A.dialogue-acts.xml#id(Bmr023.A.dialogueact379)"/>
      <nite:pointer role="abstractive"  href="Bmr023.abssumm.xml#id(Bmr023.s.17)"/>
   </summlink>
   <summlink nite:id="Bmr023.summlink.80">
      <nite:pointer role="extractive"  href="Bmr023.A.dialogue-acts.xml#id(Bmr023.A.dialogueact435)"/>
      <nite:pointer role="abstractive"  href="Bmr023.abssumm.xml#id(Bmr023.s.28)"/>
   </summlink>
   <summlink nite:id="Bmr023.summlink.81">
      <nite:pointer role="extractive"  href="Bmr023.A.dialogue-acts.xml#id(Bmr023.A.dialogueact435)"/>
      <nite:pointer role="abstractive"  href="Bmr023.abssumm.xml#id(Bmr023.s.17)"/>
   </summlink>
   <summlink nite:id="Bmr023.summlink.82">
      <nite:pointer role="extractive"  href="Bmr023.G.dialogue-acts.xml#id(Bmr023.G.dialogueact445)"/>
      <nite:pointer role="abstractive"  href="Bmr023.abssumm.xml#id(Bmr023.s.28)"/>
   </summlink>
   <summlink nite:id="Bmr023.summlink.83">
      <nite:pointer role="extractive"  href="Bmr023.G.dialogue-acts.xml#id(Bmr023.G.dialogueact445)"/>
      <nite:pointer role="abstractive"  href="Bmr023.abssumm.xml#id(Bmr023.s.17)"/>
   </summlink>
   <summlink nite:id="Bmr023.summlink.84">
      <nite:pointer role="extractive"  href="Bmr023.D.dialogue-acts.xml#id(Bmr023.D.dialogueact457)"/>
      <nite:pointer role="abstractive"  href="Bmr023.abssumm.xml#id(Bmr023.s.29)"/>
   </summlink>
   <summlink nite:id="Bmr023.summlink.85">
      <nite:pointer role="extractive"  href="Bmr023.D.dialogue-acts.xml#id(Bmr023.D.dialogueact457)"/>
      <nite:pointer role="abstractive"  href="Bmr023.abssumm.xml#id(Bmr023.s.3)"/>
   </summlink>
   <summlink nite:id="Bmr023.summlink.86">
      <nite:pointer role="extractive"  href="Bmr023.D.dialogue-acts.xml#id(Bmr023.D.dialogueact457)"/>
      <nite:pointer role="abstractive"  href="Bmr023.abssumm.xml#id(Bmr023.s.15)"/>
   </summlink>
   <summlink nite:id="Bmr023.summlink.87">
      <nite:pointer role="extractive"  href="Bmr023.D.dialogue-acts.xml#id(Bmr023.D.dialogueact460)"/>
      <nite:pointer role="abstractive"  href="Bmr023.abssumm.xml#id(Bmr023.s.15)"/>
   </summlink>
   <summlink nite:id="Bmr023.summlink.88">
      <nite:pointer role="extractive"  href="Bmr023.D.dialogue-acts.xml#id(Bmr023.D.dialogueact460)"/>
      <nite:pointer role="abstractive"  href="Bmr023.abssumm.xml#id(Bmr023.s.29)"/>
   </summlink>
   <summlink nite:id="Bmr023.summlink.89">
      <nite:pointer role="extractive"  href="Bmr023.D.dialogue-acts.xml#id(Bmr023.D.dialogueact460)"/>
      <nite:pointer role="abstractive"  href="Bmr023.abssumm.xml#id(Bmr023.s.3)"/>
   </summlink>
   <summlink nite:id="Bmr023.summlink.90">
      <nite:pointer role="extractive"  href="Bmr023.D.dialogue-acts.xml#id(Bmr023.D.dialogueact463)"/>
      <nite:pointer role="abstractive"  href="Bmr023.abssumm.xml#id(Bmr023.s.29)"/>
   </summlink>
   <summlink nite:id="Bmr023.summlink.91">
      <nite:pointer role="extractive"  href="Bmr023.D.dialogue-acts.xml#id(Bmr023.D.dialogueact465)"/>
      <nite:pointer role="abstractive"  href="Bmr023.abssumm.xml#id(Bmr023.s.29)"/>
   </summlink>
   <summlink nite:id="Bmr023.summlink.92">
      <nite:pointer role="extractive"  href="Bmr023.D.dialogue-acts.xml#id(Bmr023.D.dialogueact468)"/>
      <nite:pointer role="abstractive"  href="Bmr023.abssumm.xml#id(Bmr023.s.29)"/>
   </summlink>
   <summlink nite:id="Bmr023.summlink.93">
      <nite:pointer role="extractive"  href="Bmr023.D.dialogue-acts.xml#id(Bmr023.D.dialogueact471)"/>
      <nite:pointer role="abstractive"  href="Bmr023.abssumm.xml#id(Bmr023.s.29)"/>
   </summlink>
   <summlink nite:id="Bmr023.summlink.94">
      <nite:pointer role="extractive"  href="Bmr023.D.dialogue-acts.xml#id(Bmr023.D.dialogueact473)"/>
      <nite:pointer role="abstractive"  href="Bmr023.abssumm.xml#id(Bmr023.s.29)"/>
   </summlink>
   <summlink nite:id="Bmr023.summlink.95">
      <nite:pointer role="extractive"  href="Bmr023.D.dialogue-acts.xml#id(Bmr023.D.dialogueact475)"/>
      <nite:pointer role="abstractive"  href="Bmr023.abssumm.xml#id(Bmr023.s.29)"/>
   </summlink>
   <summlink nite:id="Bmr023.summlink.96">
      <nite:pointer role="extractive"  href="Bmr023.D.dialogue-acts.xml#id(Bmr023.D.dialogueact479)"/>
      <nite:pointer role="abstractive"  href="Bmr023.abssumm.xml#id(Bmr023.s.29)"/>
   </summlink>
   <summlink nite:id="Bmr023.summlink.97">
      <nite:pointer role="extractive"  href="Bmr023.F.dialogue-acts.xml#id(Bmr023.F.dialogueact494)"/>
      <nite:pointer role="abstractive"  href="Bmr023.abssumm.xml#id(Bmr023.s.17)"/>
   </summlink>
   <summlink nite:id="Bmr023.summlink.98">
      <nite:pointer role="extractive"  href="Bmr023.F.dialogue-acts.xml#id(Bmr023.F.dialogueact496)"/>
      <nite:pointer role="abstractive"  href="Bmr023.abssumm.xml#id(Bmr023.s.15)"/>
   </summlink>
   <summlink nite:id="Bmr023.summlink.99">
      <nite:pointer role="extractive"  href="Bmr023.F.dialogue-acts.xml#id(Bmr023.F.dialogueact496)"/>
      <nite:pointer role="abstractive"  href="Bmr023.abssumm.xml#id(Bmr023.s.2)"/>
   </summlink>
   <summlink nite:id="Bmr023.summlink.100">
      <nite:pointer role="extractive"  href="Bmr023.F.dialogue-acts.xml#id(Bmr023.F.dialogueact499)"/>
      <nite:pointer role="abstractive"  href="Bmr023.abssumm.xml#id(Bmr023.s.2)"/>
   </summlink>
   <summlink nite:id="Bmr023.summlink.101">
      <nite:pointer role="extractive"  href="Bmr023.F.dialogue-acts.xml#id(Bmr023.F.dialogueact499)"/>
      <nite:pointer role="abstractive"  href="Bmr023.abssumm.xml#id(Bmr023.s.15)"/>
   </summlink>
   <summlink nite:id="Bmr023.summlink.102">
      <nite:pointer role="extractive"  href="Bmr023.F.dialogue-acts.xml#id(Bmr023.F.dialogueact502)"/>
      <nite:pointer role="abstractive"  href="Bmr023.abssumm.xml#id(Bmr023.s.15)"/>
   </summlink>
   <summlink nite:id="Bmr023.summlink.103">
      <nite:pointer role="extractive"  href="Bmr023.F.dialogue-acts.xml#id(Bmr023.F.dialogueact502)"/>
      <nite:pointer role="abstractive"  href="Bmr023.abssumm.xml#id(Bmr023.s.12)"/>
   </summlink>
   <summlink nite:id="Bmr023.summlink.104">
      <nite:pointer role="extractive"  href="Bmr023.F.dialogue-acts.xml#id(Bmr023.F.dialogueact505)"/>
      <nite:pointer role="abstractive"  href="Bmr023.abssumm.xml#id(Bmr023.s.12)"/>
   </summlink>
   <summlink nite:id="Bmr023.summlink.105">
      <nite:pointer role="extractive"  href="Bmr023.C.dialogue-acts.xml#id(Bmr023.C.dialogueact512)"/>
      <nite:pointer role="abstractive"  href="Bmr023.abssumm.xml#id(Bmr023.s.12)"/>
   </summlink>
   <summlink nite:id="Bmr023.summlink.106">
      <nite:pointer role="extractive"  href="Bmr023.F.dialogue-acts.xml#id(Bmr023.F.dialogueact514)"/>
      <nite:pointer role="abstractive"  href="Bmr023.abssumm.xml#id(Bmr023.s.12)"/>
   </summlink>
   <summlink nite:id="Bmr023.summlink.107">
      <nite:pointer role="extractive"  href="Bmr023.C.dialogue-acts.xml#id(Bmr023.C.dialogueact516)"/>
      <nite:pointer role="abstractive"  href="Bmr023.abssumm.xml#id(Bmr023.s.12)"/>
   </summlink>
   <summlink nite:id="Bmr023.summlink.108">
      <nite:pointer role="extractive"  href="Bmr023.F.dialogue-acts.xml#id(Bmr023.F.dialogueact527)"/>
      <nite:pointer role="abstractive"  href="Bmr023.abssumm.xml#id(Bmr023.s.12)"/>
   </summlink>
   <summlink nite:id="Bmr023.summlink.109">
      <nite:pointer role="extractive"  href="Bmr023.A.dialogue-acts.xml#id(Bmr023.A.dialogueact588)"/>
      <nite:pointer role="abstractive"  href="Bmr023.abssumm.xml#id(Bmr023.s.12)"/>
   </summlink>
   <summlink nite:id="Bmr023.summlink.110">
      <nite:pointer role="extractive"  href="Bmr023.A.dialogue-acts.xml#id(Bmr023.A.dialogueact590)"/>
      <nite:pointer role="abstractive"  href="Bmr023.abssumm.xml#id(Bmr023.s.12)"/>
   </summlink>
   <summlink nite:id="Bmr023.summlink.111">
      <nite:pointer role="extractive"  href="Bmr023.F.dialogue-acts.xml#id(Bmr023.F.dialogueact602)"/>
      <nite:pointer role="abstractive"  href="Bmr023.abssumm.xml#id(Bmr023.s.12)"/>
   </summlink>
   <summlink nite:id="Bmr023.summlink.113">
      <nite:pointer role="extractive"  href="Bmr023.F.dialogue-acts.xml#id(Bmr023.F.dialogueact602)"/>
      <nite:pointer role="abstractive"  href="Bmr023.abssumm.xml#id(Bmr023.s.16)"/>
   </summlink>
   <summlink nite:id="Bmr023.summlink.114">
      <nite:pointer role="extractive"  href="Bmr023.A.dialogue-acts.xml#id(Bmr023.A.dialogueact590)"/>
      <nite:pointer role="abstractive"  href="Bmr023.abssumm.xml#id(Bmr023.s.16)"/>
   </summlink>
   <summlink nite:id="Bmr023.summlink.115">
      <nite:pointer role="extractive"  href="Bmr023.A.dialogue-acts.xml#id(Bmr023.A.dialogueact588)"/>
      <nite:pointer role="abstractive"  href="Bmr023.abssumm.xml#id(Bmr023.s.16)"/>
   </summlink>
   <summlink nite:id="Bmr023.summlink.116">
      <nite:pointer role="extractive"  href="Bmr023.F.dialogue-acts.xml#id(Bmr023.F.dialogueact527)"/>
      <nite:pointer role="abstractive"  href="Bmr023.abssumm.xml#id(Bmr023.s.16)"/>
   </summlink>
   <summlink nite:id="Bmr023.summlink.117">
      <nite:pointer role="extractive"  href="Bmr023.C.dialogue-acts.xml#id(Bmr023.C.dialogueact516)"/>
      <nite:pointer role="abstractive"  href="Bmr023.abssumm.xml#id(Bmr023.s.16)"/>
   </summlink>
   <summlink nite:id="Bmr023.summlink.118">
      <nite:pointer role="extractive"  href="Bmr023.F.dialogue-acts.xml#id(Bmr023.F.dialogueact514)"/>
      <nite:pointer role="abstractive"  href="Bmr023.abssumm.xml#id(Bmr023.s.16)"/>
   </summlink>
   <summlink nite:id="Bmr023.summlink.119">
      <nite:pointer role="extractive"  href="Bmr023.C.dialogue-acts.xml#id(Bmr023.C.dialogueact512)"/>
      <nite:pointer role="abstractive"  href="Bmr023.abssumm.xml#id(Bmr023.s.16)"/>
   </summlink>
   <summlink nite:id="Bmr023.summlink.120">
      <nite:pointer role="extractive"  href="Bmr023.F.dialogue-acts.xml#id(Bmr023.F.dialogueact505)"/>
      <nite:pointer role="abstractive"  href="Bmr023.abssumm.xml#id(Bmr023.s.16)"/>
   </summlink>
   <summlink nite:id="Bmr023.summlink.121">
      <nite:pointer role="extractive"  href="Bmr023.G.dialogue-acts.xml#id(Bmr023.G.dialogueact618)"/>
      <nite:pointer role="abstractive"  href="Bmr023.abssumm.xml#id(Bmr023.s.20)"/>
   </summlink>
   <summlink nite:id="Bmr023.summlink.122">
      <nite:pointer role="extractive"  href="Bmr023.G.dialogue-acts.xml#id(Bmr023.G.dialogueact619)"/>
      <nite:pointer role="abstractive"  href="Bmr023.abssumm.xml#id(Bmr023.s.20)"/>
   </summlink>
   <summlink nite:id="Bmr023.summlink.124">
      <nite:pointer role="extractive"  href="Bmr023.G.dialogue-acts.xml#id(Bmr023.G.dialogueact620)"/>
      <nite:pointer role="abstractive"  href="Bmr023.abssumm.xml#id(Bmr023.s.20)"/>
   </summlink>
   <summlink nite:id="Bmr023.summlink.125">
      <nite:pointer role="extractive"  href="Bmr023.G.dialogue-acts.xml#id(Bmr023.G.dialogueact620)"/>
      <nite:pointer role="abstractive"  href="Bmr023.abssumm.xml#id(Bmr023.s.30)"/>
   </summlink>
   <summlink nite:id="Bmr023.summlink.126">
      <nite:pointer role="extractive"  href="Bmr023.G.dialogue-acts.xml#id(Bmr023.G.dialogueact620)"/>
      <nite:pointer role="abstractive"  href="Bmr023.abssumm.xml#id(Bmr023.s.31)"/>
   </summlink>
   <summlink nite:id="Bmr023.summlink.127">
      <nite:pointer role="extractive"  href="Bmr023.G.dialogue-acts.xml#id(Bmr023.G.dialogueact621)"/>
      <nite:pointer role="abstractive"  href="Bmr023.abssumm.xml#id(Bmr023.s.30)"/>
   </summlink>
   <summlink nite:id="Bmr023.summlink.128">
      <nite:pointer role="extractive"  href="Bmr023.G.dialogue-acts.xml#id(Bmr023.G.dialogueact621)"/>
      <nite:pointer role="abstractive"  href="Bmr023.abssumm.xml#id(Bmr023.s.31)"/>
   </summlink>
   <summlink nite:id="Bmr023.summlink.129">
      <nite:pointer role="extractive"  href="Bmr023.G.dialogue-acts.xml#id(Bmr023.G.dialogueact623)"/>
      <nite:pointer role="abstractive"  href="Bmr023.abssumm.xml#id(Bmr023.s.30)"/>
   </summlink>
   <summlink nite:id="Bmr023.summlink.130">
      <nite:pointer role="extractive"  href="Bmr023.G.dialogue-acts.xml#id(Bmr023.G.dialogueact623)"/>
      <nite:pointer role="abstractive"  href="Bmr023.abssumm.xml#id(Bmr023.s.31)"/>
   </summlink>
   <summlink nite:id="Bmr023.summlink.131">
      <nite:pointer role="extractive"  href="Bmr023.G.dialogue-acts.xml#id(Bmr023.G.dialogueact623)"/>
      <nite:pointer role="abstractive"  href="Bmr023.abssumm.xml#id(Bmr023.s.6)"/>
   </summlink>
   <summlink nite:id="Bmr023.summlink.132">
      <nite:pointer role="extractive"  href="Bmr023.G.dialogue-acts.xml#id(Bmr023.G.dialogueact621)"/>
      <nite:pointer role="abstractive"  href="Bmr023.abssumm.xml#id(Bmr023.s.6)"/>
   </summlink>
   <summlink nite:id="Bmr023.summlink.133">
      <nite:pointer role="extractive"  href="Bmr023.G.dialogue-acts.xml#id(Bmr023.G.dialogueact620)"/>
      <nite:pointer role="abstractive"  href="Bmr023.abssumm.xml#id(Bmr023.s.6)"/>
   </summlink>
   <summlink nite:id="Bmr023.summlink.134">
      <nite:pointer role="extractive"  href="Bmr023.G.dialogue-acts.xml#id(Bmr023.G.dialogueact624)"/>
      <nite:pointer role="abstractive"  href="Bmr023.abssumm.xml#id(Bmr023.s.30)"/>
   </summlink>
   <summlink nite:id="Bmr023.summlink.135">
      <nite:pointer role="extractive"  href="Bmr023.G.dialogue-acts.xml#id(Bmr023.G.dialogueact625)"/>
      <nite:pointer role="abstractive"  href="Bmr023.abssumm.xml#id(Bmr023.s.30)"/>
   </summlink>
   <summlink nite:id="Bmr023.summlink.136">
      <nite:pointer role="extractive"  href="Bmr023.G.dialogue-acts.xml#id(Bmr023.G.dialogueact640)"/>
      <nite:pointer role="abstractive"  href="Bmr023.abssumm.xml#id(Bmr023.s.30)"/>
   </summlink>
   <summlink nite:id="Bmr023.summlink.137">
      <nite:pointer role="extractive"  href="Bmr023.B.dialogue-acts.xml#id(Bmr023.B.dialogueact668)"/>
      <nite:pointer role="abstractive"  href="Bmr023.abssumm.xml#id(Bmr023.s.30)"/>
   </summlink>
   <summlink nite:id="Bmr023.summlink.138">
      <nite:pointer role="extractive"  href="Bmr023.C.dialogue-acts.xml#id(Bmr023.C.dialogueact670)"/>
      <nite:pointer role="abstractive"  href="Bmr023.abssumm.xml#id(Bmr023.s.30)"/>
   </summlink>
   <summlink nite:id="Bmr023.summlink.139">
      <nite:pointer role="extractive"  href="Bmr023.G.dialogue-acts.xml#id(Bmr023.G.dialogueact682)"/>
      <nite:pointer role="abstractive"  href="Bmr023.abssumm.xml#id(Bmr023.s.30)"/>
   </summlink>
   <summlink nite:id="Bmr023.summlink.140">
      <nite:pointer role="extractive"  href="Bmr023.G.dialogue-acts.xml#id(Bmr023.G.dialogueact683)"/>
      <nite:pointer role="abstractive"  href="Bmr023.abssumm.xml#id(Bmr023.s.30)"/>
   </summlink>
   <summlink nite:id="Bmr023.summlink.141">
      <nite:pointer role="extractive"  href="Bmr023.G.dialogue-acts.xml#id(Bmr023.G.dialogueact685)"/>
      <nite:pointer role="abstractive"  href="Bmr023.abssumm.xml#id(Bmr023.s.30)"/>
   </summlink>
   <summlink nite:id="Bmr023.summlink.142">
      <nite:pointer role="extractive"  href="Bmr023.G.dialogue-acts.xml#id(Bmr023.G.dialogueact686)"/>
      <nite:pointer role="abstractive"  href="Bmr023.abssumm.xml#id(Bmr023.s.30)"/>
   </summlink>
   <summlink nite:id="Bmr023.summlink.143">
      <nite:pointer role="extractive"  href="Bmr023.G.dialogue-acts.xml#id(Bmr023.G.dialogueact687)"/>
      <nite:pointer role="abstractive"  href="Bmr023.abssumm.xml#id(Bmr023.s.30)"/>
   </summlink>
   <summlink nite:id="Bmr023.summlink.144">
      <nite:pointer role="extractive"  href="Bmr023.G.dialogue-acts.xml#id(Bmr023.G.dialogueact689)"/>
      <nite:pointer role="abstractive"  href="Bmr023.abssumm.xml#id(Bmr023.s.30)"/>
   </summlink>
   <summlink nite:id="Bmr023.summlink.145">
      <nite:pointer role="extractive"  href="Bmr023.G.dialogue-acts.xml#id(Bmr023.G.dialogueact690)"/>
      <nite:pointer role="abstractive"  href="Bmr023.abssumm.xml#id(Bmr023.s.30)"/>
   </summlink>
   <summlink nite:id="Bmr023.summlink.146">
      <nite:pointer role="extractive"  href="Bmr023.G.dialogue-acts.xml#id(Bmr023.G.dialogueact691)"/>
      <nite:pointer role="abstractive"  href="Bmr023.abssumm.xml#id(Bmr023.s.30)"/>
   </summlink>
   <summlink nite:id="Bmr023.summlink.147">
      <nite:pointer role="extractive"  href="Bmr023.G.dialogue-acts.xml#id(Bmr023.G.dialogueact696)"/>
      <nite:pointer role="abstractive"  href="Bmr023.abssumm.xml#id(Bmr023.s.30)"/>
   </summlink>
   <summlink nite:id="Bmr023.summlink.149">
      <nite:pointer role="extractive"  href="Bmr023.G.dialogue-acts.xml#id(Bmr023.G.dialogueact687)"/>
      <nite:pointer role="abstractive"  href="Bmr023.abssumm.xml#id(Bmr023.s.31)"/>
   </summlink>
   <summlink nite:id="Bmr023.summlink.150">
      <nite:pointer role="extractive"  href="Bmr023.G.dialogue-acts.xml#id(Bmr023.G.dialogueact724)"/>
      <nite:pointer role="abstractive"  href="Bmr023.abssumm.xml#id(Bmr023.s.32)"/>
   </summlink>
   <summlink nite:id="Bmr023.summlink.151">
      <nite:pointer role="extractive"  href="Bmr023.G.dialogue-acts.xml#id(Bmr023.G.dialogueact725)"/>
      <nite:pointer role="abstractive"  href="Bmr023.abssumm.xml#id(Bmr023.s.32)"/>
   </summlink>
   <summlink nite:id="Bmr023.summlink.152">
      <nite:pointer role="extractive"  href="Bmr023.G.dialogue-acts.xml#id(Bmr023.G.dialogueact726)"/>
      <nite:pointer role="abstractive"  href="Bmr023.abssumm.xml#id(Bmr023.s.32)"/>
   </summlink>
   <summlink nite:id="Bmr023.summlink.153">
      <nite:pointer role="extractive"  href="Bmr023.G.dialogue-acts.xml#id(Bmr023.G.dialogueact729)"/>
      <nite:pointer role="abstractive"  href="Bmr023.abssumm.xml#id(Bmr023.s.32)"/>
   </summlink>
   <summlink nite:id="Bmr023.summlink.154">
      <nite:pointer role="extractive"  href="Bmr023.G.dialogue-acts.xml#id(Bmr023.G.dialogueact730)"/>
      <nite:pointer role="abstractive"  href="Bmr023.abssumm.xml#id(Bmr023.s.32)"/>
   </summlink>
   <summlink nite:id="Bmr023.summlink.155">
      <nite:pointer role="extractive"  href="Bmr023.G.dialogue-acts.xml#id(Bmr023.G.dialogueact731)"/>
      <nite:pointer role="abstractive"  href="Bmr023.abssumm.xml#id(Bmr023.s.32)"/>
   </summlink>
   <summlink nite:id="Bmr023.summlink.156">
      <nite:pointer role="extractive"  href="Bmr023.G.dialogue-acts.xml#id(Bmr023.G.dialogueact734)"/>
      <nite:pointer role="abstractive"  href="Bmr023.abssumm.xml#id(Bmr023.s.32)"/>
   </summlink>
   <summlink nite:id="Bmr023.summlink.157">
      <nite:pointer role="extractive"  href="Bmr023.D.dialogue-acts.xml#id(Bmr023.D.dialogueact742)"/>
      <nite:pointer role="abstractive"  href="Bmr023.abssumm.xml#id(Bmr023.s.32)"/>
   </summlink>
   <summlink nite:id="Bmr023.summlink.158">
      <nite:pointer role="extractive"  href="Bmr023.G.dialogue-acts.xml#id(Bmr023.G.dialogueact743)"/>
      <nite:pointer role="abstractive"  href="Bmr023.abssumm.xml#id(Bmr023.s.32)"/>
   </summlink>
   <summlink nite:id="Bmr023.summlink.159">
      <nite:pointer role="extractive"  href="Bmr023.G.dialogue-acts.xml#id(Bmr023.G.dialogueact744)"/>
      <nite:pointer role="abstractive"  href="Bmr023.abssumm.xml#id(Bmr023.s.32)"/>
   </summlink>
   <summlink nite:id="Bmr023.summlink.160">
      <nite:pointer role="extractive"  href="Bmr023.G.dialogue-acts.xml#id(Bmr023.G.dialogueact746)"/>
      <nite:pointer role="abstractive"  href="Bmr023.abssumm.xml#id(Bmr023.s.32)"/>
   </summlink>
   <summlink nite:id="Bmr023.summlink.162">
      <nite:pointer role="extractive"  href="Bmr023.G.dialogue-acts.xml#id(Bmr023.G.dialogueact753)"/>
      <nite:pointer role="abstractive"  href="Bmr023.abssumm.xml#id(Bmr023.s.30)"/>
   </summlink>
   <summlink nite:id="Bmr023.summlink.163">
      <nite:pointer role="extractive"  href="Bmr023.F.dialogue-acts.xml#id(Bmr023.F.dialogueact757)"/>
      <nite:pointer role="abstractive"  href="Bmr023.abssumm.xml#id(Bmr023.s.5)"/>
   </summlink>
   <summlink nite:id="Bmr023.summlink.164">
      <nite:pointer role="extractive"  href="Bmr023.C.dialogue-acts.xml#id(Bmr023.C.dialogueact783)"/>
      <nite:pointer role="abstractive"  href="Bmr023.abssumm.xml#id(Bmr023.s.21)"/>
   </summlink>
   <summlink nite:id="Bmr023.summlink.165">
      <nite:pointer role="extractive"  href="Bmr023.C.dialogue-acts.xml#id(Bmr023.C.dialogueact783)"/>
      <nite:pointer role="abstractive"  href="Bmr023.abssumm.xml#id(Bmr023.s.23)"/>
   </summlink>
   <summlink nite:id="Bmr023.summlink.166">
      <nite:pointer role="extractive"  href="Bmr023.F.dialogue-acts.xml#id(Bmr023.F.dialogueact757)"/>
      <nite:pointer role="abstractive"  href="Bmr023.abssumm.xml#id(Bmr023.s.23)"/>
   </summlink>
   <summlink nite:id="Bmr023.summlink.167">
      <nite:pointer role="extractive"  href="Bmr023.F.dialogue-acts.xml#id(Bmr023.F.dialogueact757)"/>
      <nite:pointer role="abstractive"  href="Bmr023.abssumm.xml#id(Bmr023.s.7)"/>
   </summlink>
   <summlink nite:id="Bmr023.summlink.168">
      <nite:pointer role="extractive"  href="Bmr023.C.dialogue-acts.xml#id(Bmr023.C.dialogueact784)"/>
      <nite:pointer role="abstractive"  href="Bmr023.abssumm.xml#id(Bmr023.s.23)"/>
   </summlink>
   <summlink nite:id="Bmr023.summlink.169">
      <nite:pointer role="extractive"  href="Bmr023.C.dialogue-acts.xml#id(Bmr023.C.dialogueact784)"/>
      <nite:pointer role="abstractive"  href="Bmr023.abssumm.xml#id(Bmr023.s.21)"/>
   </summlink>
   <summlink nite:id="Bmr023.summlink.170">
      <nite:pointer role="extractive"  href="Bmr023.C.dialogue-acts.xml#id(Bmr023.C.dialogueact786)"/>
      <nite:pointer role="abstractive"  href="Bmr023.abssumm.xml#id(Bmr023.s.21)"/>
   </summlink>
   <summlink nite:id="Bmr023.summlink.172">
      <nite:pointer role="extractive"  href="Bmr023.C.dialogue-acts.xml#id(Bmr023.C.dialogueact787)"/>
      <nite:pointer role="abstractive"  href="Bmr023.abssumm.xml#id(Bmr023.s.21)"/>
   </summlink>
   <summlink nite:id="Bmr023.summlink.173">
      <nite:pointer role="extractive"  href="Bmr023.D.dialogue-acts.xml#id(Bmr023.D.dialogueact789)"/>
      <nite:pointer role="abstractive"  href="Bmr023.abssumm.xml#id(Bmr023.s.21)"/>
   </summlink>
   <summlink nite:id="Bmr023.summlink.174">
      <nite:pointer role="extractive"  href="Bmr023.C.dialogue-acts.xml#id(Bmr023.C.dialogueact792)"/>
      <nite:pointer role="abstractive"  href="Bmr023.abssumm.xml#id(Bmr023.s.21)"/>
   </summlink>
   <summlink nite:id="Bmr023.summlink.175">
      <nite:pointer role="extractive"  href="Bmr023.C.dialogue-acts.xml#id(Bmr023.C.dialogueact795)"/>
      <nite:pointer role="abstractive"  href="Bmr023.abssumm.xml#id(Bmr023.s.21)"/>
   </summlink>
   <summlink nite:id="Bmr023.summlink.176">
      <nite:pointer role="extractive"  href="Bmr023.C.dialogue-acts.xml#id(Bmr023.C.dialogueact799)"/>
      <nite:pointer role="abstractive"  href="Bmr023.abssumm.xml#id(Bmr023.s.21)"/>
   </summlink>
   <summlink nite:id="Bmr023.summlink.178">
      <nite:pointer role="extractive"  href="Bmr023.C.dialogue-acts.xml#id(Bmr023.C.dialogueact808)"/>
      <nite:pointer role="abstractive"  href="Bmr023.abssumm.xml#id(Bmr023.s.21)"/>
   </summlink>
   <summlink nite:id="Bmr023.summlink.179">
      <nite:pointer role="extractive"  href="Bmr023.C.dialogue-acts.xml#id(Bmr023.C.dialogueact811)"/>
      <nite:pointer role="abstractive"  href="Bmr023.abssumm.xml#id(Bmr023.s.21)"/>
   </summlink>
   <summlink nite:id="Bmr023.summlink.180">
      <nite:pointer role="extractive"  href="Bmr023.C.dialogue-acts.xml#id(Bmr023.C.dialogueact811)"/>
      <nite:pointer role="abstractive"  href="Bmr023.abssumm.xml#id(Bmr023.s.24)"/>
   </summlink>
   <summlink nite:id="Bmr023.summlink.181">
      <nite:pointer role="extractive"  href="Bmr023.C.dialogue-acts.xml#id(Bmr023.C.dialogueact808)"/>
      <nite:pointer role="abstractive"  href="Bmr023.abssumm.xml#id(Bmr023.s.24)"/>
   </summlink>
   <summlink nite:id="Bmr023.summlink.182">
      <nite:pointer role="extractive"  href="Bmr023.C.dialogue-acts.xml#id(Bmr023.C.dialogueact811)"/>
      <nite:pointer role="abstractive"  href="Bmr023.abssumm.xml#id(Bmr023.s.7)"/>
   </summlink>
   <summlink nite:id="Bmr023.summlink.183">
      <nite:pointer role="extractive"  href="Bmr023.C.dialogue-acts.xml#id(Bmr023.C.dialogueact808)"/>
      <nite:pointer role="abstractive"  href="Bmr023.abssumm.xml#id(Bmr023.s.7)"/>
   </summlink>
   <summlink nite:id="Bmr023.summlink.184">
      <nite:pointer role="extractive"  href="Bmr023.C.dialogue-acts.xml#id(Bmr023.C.dialogueact808)"/>
      <nite:pointer role="abstractive"  href="Bmr023.abssumm.xml#id(Bmr023.s.5)"/>
   </summlink>
   <summlink nite:id="Bmr023.summlink.185">
      <nite:pointer role="extractive"  href="Bmr023.C.dialogue-acts.xml#id(Bmr023.C.dialogueact813)"/>
      <nite:pointer role="abstractive"  href="Bmr023.abssumm.xml#id(Bmr023.s.24)"/>
   </summlink>
   <summlink nite:id="Bmr023.summlink.186">
      <nite:pointer role="extractive"  href="Bmr023.C.dialogue-acts.xml#id(Bmr023.C.dialogueact814)"/>
      <nite:pointer role="abstractive"  href="Bmr023.abssumm.xml#id(Bmr023.s.24)"/>
   </summlink>
   <summlink nite:id="Bmr023.summlink.187">
      <nite:pointer role="extractive"  href="Bmr023.C.dialogue-acts.xml#id(Bmr023.C.dialogueact816)"/>
      <nite:pointer role="abstractive"  href="Bmr023.abssumm.xml#id(Bmr023.s.24)"/>
   </summlink>
   <summlink nite:id="Bmr023.summlink.188">
      <nite:pointer role="extractive"  href="Bmr023.C.dialogue-acts.xml#id(Bmr023.C.dialogueact817)"/>
      <nite:pointer role="abstractive"  href="Bmr023.abssumm.xml#id(Bmr023.s.24)"/>
   </summlink>
   <summlink nite:id="Bmr023.summlink.189">
      <nite:pointer role="extractive"  href="Bmr023.C.dialogue-acts.xml#id(Bmr023.C.dialogueact820)"/>
      <nite:pointer role="abstractive"  href="Bmr023.abssumm.xml#id(Bmr023.s.24)"/>
   </summlink>
   <summlink nite:id="Bmr023.summlink.190">
      <nite:pointer role="extractive"  href="Bmr023.C.dialogue-acts.xml#id(Bmr023.C.dialogueact831)"/>
      <nite:pointer role="abstractive"  href="Bmr023.abssumm.xml#id(Bmr023.s.24)"/>
   </summlink>
   <summlink nite:id="Bmr023.summlink.191">
      <nite:pointer role="extractive"  href="Bmr023.C.dialogue-acts.xml#id(Bmr023.C.dialogueact839)"/>
      <nite:pointer role="abstractive"  href="Bmr023.abssumm.xml#id(Bmr023.s.24)"/>
   </summlink>
   <summlink nite:id="Bmr023.summlink.192">
      <nite:pointer role="extractive"  href="Bmr023.C.dialogue-acts.xml#id(Bmr023.C.dialogueact839)"/>
      <nite:pointer role="abstractive"  href="Bmr023.abssumm.xml#id(Bmr023.s.7)"/>
   </summlink>
   <summlink nite:id="Bmr023.summlink.193">
      <nite:pointer role="extractive"  href="Bmr023.C.dialogue-acts.xml#id(Bmr023.C.dialogueact786)"/>
      <nite:pointer role="abstractive"  href="Bmr023.abssumm.xml#id(Bmr023.s.13)"/>
   </summlink>
   <summlink nite:id="Bmr023.summlink.194">
      <nite:pointer role="extractive"  href="Bmr023.C.dialogue-acts.xml#id(Bmr023.C.dialogueact787)"/>
      <nite:pointer role="abstractive"  href="Bmr023.abssumm.xml#id(Bmr023.s.13)"/>
   </summlink>
   <summlink nite:id="Bmr023.summlink.195">
      <nite:pointer role="extractive"  href="Bmr023.D.dialogue-acts.xml#id(Bmr023.D.dialogueact789)"/>
      <nite:pointer role="abstractive"  href="Bmr023.abssumm.xml#id(Bmr023.s.13)"/>
   </summlink>
   <summlink nite:id="Bmr023.summlink.196">
      <nite:pointer role="extractive"  href="Bmr023.C.dialogue-acts.xml#id(Bmr023.C.dialogueact792)"/>
      <nite:pointer role="abstractive"  href="Bmr023.abssumm.xml#id(Bmr023.s.13)"/>
   </summlink>
   <summlink nite:id="Bmr023.summlink.197">
      <nite:pointer role="extractive"  href="Bmr023.C.dialogue-acts.xml#id(Bmr023.C.dialogueact795)"/>
      <nite:pointer role="abstractive"  href="Bmr023.abssumm.xml#id(Bmr023.s.13)"/>
   </summlink>
   <summlink nite:id="Bmr023.summlink.198">
      <nite:pointer role="extractive"  href="Bmr023.C.dialogue-acts.xml#id(Bmr023.C.dialogueact799)"/>
      <nite:pointer role="abstractive"  href="Bmr023.abssumm.xml#id(Bmr023.s.13)"/>
   </summlink>
   <summlink nite:id="Bmr023.summlink.199">
      <nite:pointer role="extractive"  href="Bmr023.F.dialogue-acts.xml#id(Bmr023.F.dialogueact976)"/>
      <nite:pointer role="abstractive"  href="Bmr023.abssumm.xml#id(Bmr023.s.24)"/>
   </summlink>
   <summlink nite:id="Bmr023.summlink.200">
      <nite:pointer role="extractive"  href="Bmr023.F.dialogue-acts.xml#id(Bmr023.F.dialogueact976)"/>
      <nite:pointer role="abstractive"  href="Bmr023.abssumm.xml#id(Bmr023.s.7)"/>
   </summlink>
   <summlink nite:id="Bmr023.summlink.201">
      <nite:pointer role="extractive"  href="Bmr023.F.dialogue-acts.xml#id(Bmr023.F.dialogueact977)"/>
      <nite:pointer role="abstractive"  href="Bmr023.abssumm.xml#id(Bmr023.s.7)"/>
   </summlink>
   <summlink nite:id="Bmr023.summlink.202">
      <nite:pointer role="extractive"  href="Bmr023.F.dialogue-acts.xml#id(Bmr023.F.dialogueact977)"/>
      <nite:pointer role="abstractive"  href="Bmr023.abssumm.xml#id(Bmr023.s.24)"/>
   </summlink>
   <summlink nite:id="Bmr023.summlink.203">
      <nite:pointer role="extractive"  href="Bmr023.F.dialogue-acts.xml#id(Bmr023.F.dialogueact978)"/>
      <nite:pointer role="abstractive"  href="Bmr023.abssumm.xml#id(Bmr023.s.7)"/>
   </summlink>
   <summlink nite:id="Bmr023.summlink.204">
      <nite:pointer role="extractive"  href="Bmr023.F.dialogue-acts.xml#id(Bmr023.F.dialogueact978)"/>
      <nite:pointer role="abstractive"  href="Bmr023.abssumm.xml#id(Bmr023.s.24)"/>
   </summlink>
   <summlink nite:id="Bmr023.summlink.205">
      <nite:pointer role="extractive"  href="Bmr023.C.dialogue-acts.xml#id(Bmr023.C.dialogueact991)"/>
      <nite:pointer role="abstractive"  href="Bmr023.abssumm.xml#id(Bmr023.s.7)"/>
   </summlink>
   <summlink nite:id="Bmr023.summlink.206">
      <nite:pointer role="extractive"  href="Bmr023.C.dialogue-acts.xml#id(Bmr023.C.dialogueact991)"/>
      <nite:pointer role="abstractive"  href="Bmr023.abssumm.xml#id(Bmr023.s.25)"/>
   </summlink>
   <summlink nite:id="Bmr023.summlink.207">
      <nite:pointer role="extractive"  href="Bmr023.C.dialogue-acts.xml#id(Bmr023.C.dialogueact1058)"/>
      <nite:pointer role="abstractive"  href="Bmr023.abssumm.xml#id(Bmr023.s.22)"/>
   </summlink>
   <summlink nite:id="Bmr023.summlink.208">
      <nite:pointer role="extractive"  href="Bmr023.C.dialogue-acts.xml#id(Bmr023.C.dialogueact1059)"/>
      <nite:pointer role="abstractive"  href="Bmr023.abssumm.xml#id(Bmr023.s.22)"/>
   </summlink>
   <summlink nite:id="Bmr023.summlink.209">
      <nite:pointer role="extractive"  href="Bmr023.C.dialogue-acts.xml#id(Bmr023.C.dialogueact1060)"/>
      <nite:pointer role="abstractive"  href="Bmr023.abssumm.xml#id(Bmr023.s.22)"/>
   </summlink>
   <summlink nite:id="Bmr023.summlink.210">
      <nite:pointer role="extractive"  href="Bmr023.C.dialogue-acts.xml#id(Bmr023.C.dialogueact1076)"/>
      <nite:pointer role="abstractive"  href="Bmr023.abssumm.xml#id(Bmr023.s.22)"/>
   </summlink>
   <summlink nite:id="Bmr023.summlink.211">
      <nite:pointer role="extractive"  href="Bmr023.D.dialogue-acts.xml#id(Bmr023.D.dialogueact1079)"/>
      <nite:pointer role="abstractive"  href="Bmr023.abssumm.xml#id(Bmr023.s.22)"/>
   </summlink>
   <summlink nite:id="Bmr023.summlink.212">
      <nite:pointer role="extractive"  href="Bmr023.F.dialogue-acts.xml#id(Bmr023.F.dialogueact1116)"/>
      <nite:pointer role="abstractive"  href="Bmr023.abssumm.xml#id(Bmr023.s.14)"/>
   </summlink>
   <summlink nite:id="Bmr023.summlink.213">
      <nite:pointer role="extractive"  href="Bmr023.F.dialogue-acts.xml#id(Bmr023.F.dialogueact1116)"/>
      <nite:pointer role="abstractive"  href="Bmr023.abssumm.xml#id(Bmr023.s.22)"/>
   </summlink>
   <summlink nite:id="Bmr023.summlink.214">
      <nite:pointer role="extractive"  href="Bmr023.D.dialogue-acts.xml#id(Bmr023.D.dialogueact1122)"/>
      <nite:pointer role="abstractive"  href="Bmr023.abssumm.xml#id(Bmr023.s.14)"/>
   </summlink>
   <summlink nite:id="Bmr023.summlink.215">
      <nite:pointer role="extractive"  href="Bmr023.D.dialogue-acts.xml#id(Bmr023.D.dialogueact1122)"/>
      <nite:pointer role="abstractive"  href="Bmr023.abssumm.xml#id(Bmr023.s.22)"/>
   </summlink>
   <summlink nite:id="Bmr023.summlink.216">
      <nite:pointer role="extractive"  href="Bmr023.D.dialogue-acts.xml#id(Bmr023.D.dialogueact1123)"/>
      <nite:pointer role="abstractive"  href="Bmr023.abssumm.xml#id(Bmr023.s.14)"/>
   </summlink>
   <summlink nite:id="Bmr023.summlink.217">
      <nite:pointer role="extractive"  href="Bmr023.D.dialogue-acts.xml#id(Bmr023.D.dialogueact1123)"/>
      <nite:pointer role="abstractive"  href="Bmr023.abssumm.xml#id(Bmr023.s.22)"/>
   </summlink>
   <summlink nite:id="Bmr023.summlink.218">
      <nite:pointer role="extractive"  href="Bmr023.D.dialogue-acts.xml#id(Bmr023.D.dialogueact1124)"/>
      <nite:pointer role="abstractive"  href="Bmr023.abssumm.xml#id(Bmr023.s.14)"/>
   </summlink>
   <summlink nite:id="Bmr023.summlink.219">
      <nite:pointer role="extractive"  href="Bmr023.D.dialogue-acts.xml#id(Bmr023.D.dialogueact1124)"/>
      <nite:pointer role="abstractive"  href="Bmr023.abssumm.xml#id(Bmr023.s.22)"/>
   </summlink>
   <summlink nite:id="Bmr023.summlink.220">
      <nite:pointer role="extractive"  href="Bmr023.F.dialogue-acts.xml#id(Bmr023.F.dialogueact1125)"/>
      <nite:pointer role="abstractive"  href="Bmr023.abssumm.xml#id(Bmr023.s.14)"/>
   </summlink>
   <summlink nite:id="Bmr023.summlink.221">
      <nite:pointer role="extractive"  href="Bmr023.F.dialogue-acts.xml#id(Bmr023.F.dialogueact1125)"/>
      <nite:pointer role="abstractive"  href="Bmr023.abssumm.xml#id(Bmr023.s.22)"/>
   </summlink>
   <summlink nite:id="Bmr023.summlink.222">
      <nite:pointer role="extractive"  href="Bmr023.F.dialogue-acts.xml#id(Bmr023.F.dialogueact1171)"/>
      <nite:pointer role="abstractive"  href="Bmr023.abssumm.xml#id(Bmr023.s.23)"/>
   </summlink>
   <summlink nite:id="Bmr023.summlink.223">
      <nite:pointer role="extractive"  href="Bmr023.F.dialogue-acts.xml#id(Bmr023.F.dialogueact1172)"/>
      <nite:pointer role="abstractive"  href="Bmr023.abssumm.xml#id(Bmr023.s.23)"/>
   </summlink>
   <summlink nite:id="Bmr023.summlink.224">
      <nite:pointer role="extractive"  href="Bmr023.F.dialogue-acts.xml#id(Bmr023.F.dialogueact1173)"/>
      <nite:pointer role="abstractive"  href="Bmr023.abssumm.xml#id(Bmr023.s.23)"/>
   </summlink>
   <summlink nite:id="Bmr023.summlink.225">
      <nite:pointer role="extractive"  href="Bmr023.F.dialogue-acts.xml#id(Bmr023.F.dialogueact1174)"/>
      <nite:pointer role="abstractive"  href="Bmr023.abssumm.xml#id(Bmr023.s.23)"/>
   </summlink>
   <summlink nite:id="Bmr023.summlink.226">
      <nite:pointer role="extractive"  href="Bmr023.F.dialogue-acts.xml#id(Bmr023.F.dialogueact1175)"/>
      <nite:pointer role="abstractive"  href="Bmr023.abssumm.xml#id(Bmr023.s.23)"/>
   </summlink>
   <summlink nite:id="Bmr023.summlink.227">
      <nite:pointer role="extractive"  href="Bmr023.F.dialogue-acts.xml#id(Bmr023.F.dialogueact1176)"/>
      <nite:pointer role="abstractive"  href="Bmr023.abssumm.xml#id(Bmr023.s.23)"/>
   </summlink>
   <summlink nite:id="Bmr023.summlink.228">
      <nite:pointer role="extractive"  href="Bmr023.F.dialogue-acts.xml#id(Bmr023.F.dialogueact1178)"/>
      <nite:pointer role="abstractive"  href="Bmr023.abssumm.xml#id(Bmr023.s.23)"/>
   </summlink>
   <summlink nite:id="Bmr023.summlink.229">
      <nite:pointer role="extractive"  href="Bmr023.G.dialogue-acts.xml#id(Bmr023.G.dialogueact1241)"/>
      <nite:pointer role="abstractive"  href="Bmr023.abssumm.xml#id(Bmr023.s.8)"/>
   </summlink>
   <summlink nite:id="Bmr023.summlink.230">
      <nite:pointer role="extractive"  href="Bmr023.G.dialogue-acts.xml#id(Bmr023.G.dialogueact1242)"/>
      <nite:pointer role="abstractive"  href="Bmr023.abssumm.xml#id(Bmr023.s.8)"/>
   </summlink>
   <summlink nite:id="Bmr023.summlink.231">
      <nite:pointer role="extractive"  href="Bmr023.G.dialogue-acts.xml#id(Bmr023.G.dialogueact1241)"/>
      <nite:pointer role="abstractive"  href="Bmr023.abssumm.xml#id(Bmr023.s.9)"/>
   </summlink>
   <summlink nite:id="Bmr023.summlink.232">
      <nite:pointer role="extractive"  href="Bmr023.G.dialogue-acts.xml#id(Bmr023.G.dialogueact1242)"/>
      <nite:pointer role="abstractive"  href="Bmr023.abssumm.xml#id(Bmr023.s.9)"/>
   </summlink>
   <summlink nite:id="Bmr023.summlink.233">
      <nite:pointer role="extractive"  href="Bmr023.F.dialogue-acts.xml#id(Bmr023.F.dialogueact1244)"/>
      <nite:pointer role="abstractive"  href="Bmr023.abssumm.xml#id(Bmr023.s.8)"/>
   </summlink>
   <summlink nite:id="Bmr023.summlink.234">
      <nite:pointer role="extractive"  href="Bmr023.F.dialogue-acts.xml#id(Bmr023.F.dialogueact1245)"/>
      <nite:pointer role="abstractive"  href="Bmr023.abssumm.xml#id(Bmr023.s.8)"/>
   </summlink>
   <summlink nite:id="Bmr023.summlink.235">
      <nite:pointer role="extractive"  href="Bmr023.F.dialogue-acts.xml#id(Bmr023.F.dialogueact1245)"/>
      <nite:pointer role="abstractive"  href="Bmr023.abssumm.xml#id(Bmr023.s.9)"/>
   </summlink>
   <summlink nite:id="Bmr023.summlink.236">
      <nite:pointer role="extractive"  href="Bmr023.F.dialogue-acts.xml#id(Bmr023.F.dialogueact1244)"/>
      <nite:pointer role="abstractive"  href="Bmr023.abssumm.xml#id(Bmr023.s.9)"/>
   </summlink>
</nite:root>