<?xml version="1.0" encoding="ISO-8859-1" standalone="yes"?>
<nite:root nite:id="Bmr026.extsumm" xmlns:nite="http://nite.sourceforge.net/">
   <extsumm nite:id="Bmr026.extsumm.1">
      <nite:child href="Bmr026.A.dialogue-acts.xml#id(Bmr026.A.dialogueact2)..id(Bmr026.A.dialogueact3)"/>
      <nite:child href="Bmr026.F.dialogue-acts.xml#id(Bmr026.F.dialogueact8)"/>
      <nite:child href="Bmr026.F.dialogue-acts.xml#id(Bmr026.F.dialogueact13)"/>
      <nite:child href="Bmr026.F.dialogue-acts.xml#id(Bmr026.F.dialogueact18)"/>
      <nite:child href="Bmr026.E.dialogue-acts.xml#id(Bmr026.E.dialogueact29)"/>
      <nite:child href="Bmr026.A.dialogue-acts.xml#id(Bmr026.A.dialogueact39)"/>
      <nite:child href="Bmr026.D.dialogue-acts.xml#id(Bmr026.D.dialogueact44)"/>
      <nite:child href="Bmr026.D.dialogue-acts.xml#id(Bmr026.D.dialogueact54)..id(Bmr026.D.dialogueact55)"/>
      <nite:child href="Bmr026.F.dialogue-acts.xml#id(Bmr026.F.dialogueact92)"/>
      <nite:child href="Bmr026.F.dialogue-acts.xml#id(Bmr026.F.dialogueact97)"/>
      <nite:child href="Bmr026.A.dialogue-acts.xml#id(Bmr026.A.dialogueact106)"/>
      <nite:child href="Bmr026.F.dialogue-acts.xml#id(Bmr026.F.dialogueact100)"/>
      <nite:child href="Bmr026.A.dialogue-acts.xml#id(Bmr026.A.dialogueact110)"/>
      <nite:child href="Bmr026.C.dialogue-acts.xml#id(Bmr026.C.dialogueact115)"/>
      <nite:child href="Bmr026.A.dialogue-acts.xml#id(Bmr026.A.dialogueact116)"/>
      <nite:child href="Bmr026.A.dialogue-acts.xml#id(Bmr026.A.dialogueact121)"/>
      <nite:child href="Bmr026.F.dialogue-acts.xml#id(Bmr026.F.dialogueact125)..id(Bmr026.F.dialogueact126)"/>
      <nite:child href="Bmr026.A.dialogue-acts.xml#id(Bmr026.A.dialogueact129)"/>
      <nite:child href="Bmr026.F.dialogue-acts.xml#id(Bmr026.F.dialogueact131)"/>
      <nite:child href="Bmr026.A.dialogue-acts.xml#id(Bmr026.A.dialogueact139)..id(Bmr026.A.dialogueact140)"/>
      <nite:child href="Bmr026.A.dialogue-acts.xml#id(Bmr026.A.dialogueact142)..id(Bmr026.A.dialogueact145)"/>
      <nite:child href="Bmr026.E.dialogue-acts.xml#id(Bmr026.E.dialogueact165)..id(Bmr026.E.dialogueact167)"/>
      <nite:child href="Bmr026.C.dialogue-acts.xml#id(Bmr026.C.dialogueact185)"/>
      <nite:child href="Bmr026.A.dialogue-acts.xml#id(Bmr026.A.dialogueact197)"/>
      <nite:child href="Bmr026.C.dialogue-acts.xml#id(Bmr026.C.dialogueact203)"/>
      <nite:child href="Bmr026.D.dialogue-acts.xml#id(Bmr026.D.dialogueact247)"/>
      <nite:child href="Bmr026.E.dialogue-acts.xml#id(Bmr026.E.dialogueact284)"/>
      <nite:child href="Bmr026.A.dialogue-acts.xml#id(Bmr026.A.dialogueact290)"/>
      <nite:child href="Bmr026.B.dialogue-acts.xml#id(Bmr026.B.dialogueact300)..id(Bmr026.B.dialogueact301)"/>
      <nite:child href="Bmr026.A.dialogue-acts.xml#id(Bmr026.A.dialogueact314)"/>
      <nite:child href="Bmr026.A.dialogue-acts.xml#id(Bmr026.A.dialogueact313)"/>
      <nite:child href="Bmr026.A.dialogue-acts.xml#id(Bmr026.A.dialogueact315)..id(Bmr026.A.dialogueact318)"/>
      <nite:child href="Bmr026.B.dialogue-acts.xml#id(Bmr026.B.dialogueact351)"/>
      <nite:child href="Bmr026.B.dialogue-acts.xml#id(Bmr026.B.dialogueact374)"/>
      <nite:child href="Bmr026.A.dialogue-acts.xml#id(Bmr026.A.dialogueact383)"/>
      <nite:child href="Bmr026.E.dialogue-acts.xml#id(Bmr026.E.dialogueact387)"/>
      <nite:child href="Bmr026.B.dialogue-acts.xml#id(Bmr026.B.dialogueact503)"/>
      <nite:child href="Bmr026.F.dialogue-acts.xml#id(Bmr026.F.dialogueact509)"/>
      <nite:child href="Bmr026.A.dialogue-acts.xml#id(Bmr026.A.dialogueact525)..id(Bmr026.A.dialogueact527)"/>
      <nite:child href="Bmr026.B.dialogue-acts.xml#id(Bmr026.B.dialogueact536)"/>
      <nite:child href="Bmr026.F.dialogue-acts.xml#id(Bmr026.F.dialogueact538)"/>
      <nite:child href="Bmr026.A.dialogue-acts.xml#id(Bmr026.A.dialogueact556)"/>
      <nite:child href="Bmr026.B.dialogue-acts.xml#id(Bmr026.B.dialogueact618)"/>
      <nite:child href="Bmr026.B.dialogue-acts.xml#id(Bmr026.B.dialogueact617)"/>
      <nite:child href="Bmr026.A.dialogue-acts.xml#id(Bmr026.A.dialogueact623)"/>
      <nite:child href="Bmr026.B.dialogue-acts.xml#id(Bmr026.B.dialogueact601)"/>
      <nite:child href="Bmr026.B.dialogue-acts.xml#id(Bmr026.B.dialogueact663)"/>
      <nite:child href="Bmr026.D.dialogue-acts.xml#id(Bmr026.D.dialogueact660)"/>
      <nite:child href="Bmr026.D.dialogue-acts.xml#id(Bmr026.D.dialogueact652)"/>
      <nite:child href="Bmr026.D.dialogue-acts.xml#id(Bmr026.D.dialogueact677)"/>
      <nite:child href="Bmr026.F.dialogue-acts.xml#id(Bmr026.F.dialogueact712)"/>
      <nite:child href="Bmr026.F.dialogue-acts.xml#id(Bmr026.F.dialogueact725)"/>
      <nite:child href="Bmr026.B.dialogue-acts.xml#id(Bmr026.B.dialogueact741)"/>
      <nite:child href="Bmr026.B.dialogue-acts.xml#id(Bmr026.B.dialogueact744)"/>
      <nite:child href="Bmr026.D.dialogue-acts.xml#id(Bmr026.D.dialogueact766)..id(Bmr026.D.dialogueact768)"/>
      <nite:child href="Bmr026.D.dialogue-acts.xml#id(Bmr026.D.dialogueact775)"/>
      <nite:child href="Bmr026.D.dialogue-acts.xml#id(Bmr026.D.dialogueact780)"/>
      <nite:child href="Bmr026.D.dialogue-acts.xml#id(Bmr026.D.dialogueact787)"/>
      <nite:child href="Bmr026.D.dialogue-acts.xml#id(Bmr026.D.dialogueact813)..id(Bmr026.D.dialogueact814)"/>
      <nite:child href="Bmr026.D.dialogue-acts.xml#id(Bmr026.D.dialogueact834)"/>
      <nite:child href="Bmr026.D.dialogue-acts.xml#id(Bmr026.D.dialogueact840)"/>
      <nite:child href="Bmr026.D.dialogue-acts.xml#id(Bmr026.D.dialogueact848)..id(Bmr026.D.dialogueact852)"/>
      <nite:child href="Bmr026.B.dialogue-acts.xml#id(Bmr026.B.dialogueact853)"/>
      <nite:child href="Bmr026.D.dialogue-acts.xml#id(Bmr026.D.dialogueact855)"/>
      <nite:child href="Bmr026.D.dialogue-acts.xml#id(Bmr026.D.dialogueact860)"/>
      <nite:child href="Bmr026.D.dialogue-acts.xml#id(Bmr026.D.dialogueact867)"/>
      <nite:child href="Bmr026.D.dialogue-acts.xml#id(Bmr026.D.dialogueact866)"/>
      <nite:child href="Bmr026.B.dialogue-acts.xml#id(Bmr026.B.dialogueact871)"/>
      <nite:child href="Bmr026.D.dialogue-acts.xml#id(Bmr026.D.dialogueact886)..id(Bmr026.D.dialogueact887)"/>
      <nite:child href="Bmr026.D.dialogue-acts.xml#id(Bmr026.D.dialogueact891)"/>
      <nite:child href="Bmr026.D.dialogue-acts.xml#id(Bmr026.D.dialogueact912)"/>
      <nite:child href="Bmr026.F.dialogue-acts.xml#id(Bmr026.F.dialogueact915)..id(Bmr026.F.dialogueact918)"/>
      <nite:child href="Bmr026.D.dialogue-acts.xml#id(Bmr026.D.dialogueact922)"/>
      <nite:child href="Bmr026.D.dialogue-acts.xml#id(Bmr026.D.dialogueact926)"/>
      <nite:child href="Bmr026.D.dialogue-acts.xml#id(Bmr026.D.dialogueact932)..id(Bmr026.D.dialogueact934)"/>
      <nite:child href="Bmr026.B.dialogue-acts.xml#id(Bmr026.B.dialogueact936)"/>
      <nite:child href="Bmr026.D.dialogue-acts.xml#id(Bmr026.D.dialogueact941)..id(Bmr026.D.dialogueact942)"/>
      <nite:child href="Bmr026.D.dialogue-acts.xml#id(Bmr026.D.dialogueact952)..id(Bmr026.D.dialogueact953)"/>
      <nite:child href="Bmr026.B.dialogue-acts.xml#id(Bmr026.B.dialogueact954)"/>
      <nite:child href="Bmr026.D.dialogue-acts.xml#id(Bmr026.D.dialogueact1035)"/>
      <nite:child href="Bmr026.B.dialogue-acts.xml#id(Bmr026.B.dialogueact1039)"/>
      <nite:child href="Bmr026.D.dialogue-acts.xml#id(Bmr026.D.dialogueact1086)"/>
      <nite:child href="Bmr026.D.dialogue-acts.xml#id(Bmr026.D.dialogueact1094)"/>
      <nite:child href="Bmr026.A.dialogue-acts.xml#id(Bmr026.A.dialogueact1099)"/>
      <nite:child href="Bmr026.F.dialogue-acts.xml#id(Bmr026.F.dialogueact1156)..id(Bmr026.F.dialogueact1157)"/>
      <nite:child href="Bmr026.B.dialogue-acts.xml#id(Bmr026.B.dialogueact1158)"/>
      <nite:child href="Bmr026.D.dialogue-acts.xml#id(Bmr026.D.dialogueact52)"/>
      <nite:child href="Bmr026.A.dialogue-acts.xml#id(Bmr026.A.dialogueact311)"/>
   </extsumm>
</nite:root>