<?xml version="1.0" encoding="ISO-8859-1" standalone="yes"?>
<nite:root nite:id="Bmr012.extsumm" xmlns:nite="http://nite.sourceforge.net/">
   <extsumm nite:id="Bmr012.extsumm.1">
      <nite:child href="Bmr012.E.dialogue-acts.xml#id(Bmr012.E.dialogueact155)..id(Bmr012.E.dialogueact157)"/>
      <nite:child href="Bmr012.C.dialogue-acts.xml#id(Bmr012.C.dialogueact170)..id(Bmr012.C.dialogueact173)"/>
      <nite:child href="Bmr012.C.dialogue-acts.xml#id(Bmr012.C.dialogueact175)..id(Bmr012.C.dialogueact176)"/>
      <nite:child href="Bmr012.C.dialogue-acts.xml#id(Bmr012.C.dialogueact186)"/>
      <nite:child href="Bmr012.A.dialogue-acts.xml#id(Bmr012.A.dialogueact206)"/>
      <nite:child href="Bmr012.C.dialogue-acts.xml#id(Bmr012.C.dialogueact220)..id(Bmr012.C.dialogueact221)"/>
      <nite:child href="Bmr012.A.dialogue-acts.xml#id(Bmr012.A.dialogueact207)"/>
      <nite:child href="Bmr012.A.dialogue-acts.xml#id(Bmr012.A.dialogueact209)"/>
      <nite:child href="Bmr012.A.dialogue-acts.xml#id(Bmr012.A.dialogueact208)"/>
      <nite:child href="Bmr012.A.dialogue-acts.xml#id(Bmr012.A.dialogueact235)"/>
      <nite:child href="Bmr012.F.dialogue-acts.xml#id(Bmr012.F.dialogueact224)"/>
      <nite:child href="Bmr012.C.dialogue-acts.xml#id(Bmr012.C.dialogueact233)"/>
      <nite:child href="Bmr012.E.dialogue-acts.xml#id(Bmr012.E.dialogueact252)..id(Bmr012.E.dialogueact257)"/>
      <nite:child href="Bmr012.C.dialogue-acts.xml#id(Bmr012.C.dialogueact308)"/>
      <nite:child href="Bmr012.C.dialogue-acts.xml#id(Bmr012.C.dialogueact315)"/>
      <nite:child href="Bmr012.E.dialogue-acts.xml#id(Bmr012.E.dialogueact305)"/>
      <nite:child href="Bmr012.C.dialogue-acts.xml#id(Bmr012.C.dialogueact342)"/>
      <nite:child href="Bmr012.C.dialogue-acts.xml#id(Bmr012.C.dialogueact346)"/>
      <nite:child href="Bmr012.A.dialogue-acts.xml#id(Bmr012.A.dialogueact367)"/>
      <nite:child href="Bmr012.C.dialogue-acts.xml#id(Bmr012.C.dialogueact376)"/>
      <nite:child href="Bmr012.C.dialogue-acts.xml#id(Bmr012.C.dialogueact397)..id(Bmr012.C.dialogueact400)"/>
      <nite:child href="Bmr012.B.dialogue-acts.xml#id(Bmr012.B.dialogueact435)"/>
      <nite:child href="Bmr012.C.dialogue-acts.xml#id(Bmr012.C.dialogueact442)"/>
      <nite:child href="Bmr012.A.dialogue-acts.xml#id(Bmr012.A.dialogueact472)"/>
      <nite:child href="Bmr012.A.dialogue-acts.xml#id(Bmr012.A.dialogueact436)"/>
      <nite:child href="Bmr012.A.dialogue-acts.xml#id(Bmr012.A.dialogueact476)..id(Bmr012.A.dialogueact477)"/>
      <nite:child href="Bmr012.A.dialogue-acts.xml#id(Bmr012.A.dialogueact488)"/>
      <nite:child href="Bmr012.A.dialogue-acts.xml#id(Bmr012.A.dialogueact492)"/>
      <nite:child href="Bmr012.C.dialogue-acts.xml#id(Bmr012.C.dialogueact534)..id(Bmr012.C.dialogueact535)"/>
      <nite:child href="Bmr012.A.dialogue-acts.xml#id(Bmr012.A.dialogueact536)"/>
      <nite:child href="Bmr012.E.dialogue-acts.xml#id(Bmr012.E.dialogueact550)"/>
      <nite:child href="Bmr012.C.dialogue-acts.xml#id(Bmr012.C.dialogueact559)..id(Bmr012.C.dialogueact560)"/>
      <nite:child href="Bmr012.C.dialogue-acts.xml#id(Bmr012.C.dialogueact563)..id(Bmr012.C.dialogueact565)"/>
      <nite:child href="Bmr012.C.dialogue-acts.xml#id(Bmr012.C.dialogueact567)"/>
      <nite:child href="Bmr012.C.dialogue-acts.xml#id(Bmr012.C.dialogueact578)"/>
      <nite:child href="Bmr012.C.dialogue-acts.xml#id(Bmr012.C.dialogueact587)..id(Bmr012.C.dialogueact588)"/>
      <nite:child href="Bmr012.B.dialogue-acts.xml#id(Bmr012.B.dialogueact621)"/>
      <nite:child href="Bmr012.B.dialogue-acts.xml#id(Bmr012.B.dialogueact623)"/>
      <nite:child href="Bmr012.B.dialogue-acts.xml#id(Bmr012.B.dialogueact622)"/>
      <nite:child href="Bmr012.C.dialogue-acts.xml#id(Bmr012.C.dialogueact639)"/>
      <nite:child href="Bmr012.A.dialogue-acts.xml#id(Bmr012.A.dialogueact657)..id(Bmr012.A.dialogueact659)"/>
      <nite:child href="Bmr012.B.dialogue-acts.xml#id(Bmr012.B.dialogueact697)"/>
      <nite:child href="Bmr012.E.dialogue-acts.xml#id(Bmr012.E.dialogueact721)"/>
      <nite:child href="Bmr012.F.dialogue-acts.xml#id(Bmr012.F.dialogueact737)"/>
      <nite:child href="Bmr012.A.dialogue-acts.xml#id(Bmr012.A.dialogueact759)..id(Bmr012.A.dialogueact764)"/>
      <nite:child href="Bmr012.A.dialogue-acts.xml#id(Bmr012.A.dialogueact799)"/>
      <nite:child href="Bmr012.C.dialogue-acts.xml#id(Bmr012.C.dialogueact813)"/>
      <nite:child href="Bmr012.B.dialogue-acts.xml#id(Bmr012.B.dialogueact826)"/>
      <nite:child href="Bmr012.A.dialogue-acts.xml#id(Bmr012.A.dialogueact828)"/>
      <nite:child href="Bmr012.G.dialogue-acts.xml#id(Bmr012.G.dialogueact873)"/>
      <nite:child href="Bmr012.E.dialogue-acts.xml#id(Bmr012.E.dialogueact880)"/>
      <nite:child href="Bmr012.B.dialogue-acts.xml#id(Bmr012.B.dialogueact882)"/>
      <nite:child href="Bmr012.E.dialogue-acts.xml#id(Bmr012.E.dialogueact885)"/>
      <nite:child href="Bmr012.B.dialogue-acts.xml#id(Bmr012.B.dialogueact918)..id(Bmr012.B.dialogueact920)"/>
      <nite:child href="Bmr012.C.dialogue-acts.xml#id(Bmr012.C.dialogueact949)"/>
      <nite:child href="Bmr012.C.dialogue-acts.xml#id(Bmr012.C.dialogueact953)"/>
      <nite:child href="Bmr012.C.dialogue-acts.xml#id(Bmr012.C.dialogueact958)"/>
      <nite:child href="Bmr012.E.dialogue-acts.xml#id(Bmr012.E.dialogueact964)"/>
      <nite:child href="Bmr012.B.dialogue-acts.xml#id(Bmr012.B.dialogueact980)"/>
      <nite:child href="Bmr012.E.dialogue-acts.xml#id(Bmr012.E.dialogueact984)..id(Bmr012.E.dialogueact985)"/>
      <nite:child href="Bmr012.E.dialogue-acts.xml#id(Bmr012.E.dialogueact988)..id(Bmr012.E.dialogueact990)"/>
      <nite:child href="Bmr012.B.dialogue-acts.xml#id(Bmr012.B.dialogueact993)"/>
      <nite:child href="Bmr012.E.dialogue-acts.xml#id(Bmr012.E.dialogueact1021)"/>
      <nite:child href="Bmr012.E.dialogue-acts.xml#id(Bmr012.E.dialogueact1024)"/>
      <nite:child href="Bmr012.E.dialogue-acts.xml#id(Bmr012.E.dialogueact1069)"/>
      <nite:child href="Bmr012.B.dialogue-acts.xml#id(Bmr012.B.dialogueact1088)"/>
      <nite:child href="Bmr012.C.dialogue-acts.xml#id(Bmr012.C.dialogueact1109)"/>
      <nite:child href="Bmr012.B.dialogue-acts.xml#id(Bmr012.B.dialogueact1133)"/>
      <nite:child href="Bmr012.B.dialogue-acts.xml#id(Bmr012.B.dialogueact1200)"/>
      <nite:child href="Bmr012.B.dialogue-acts.xml#id(Bmr012.B.dialogueact1210)..id(Bmr012.B.dialogueact1211)"/>
      <nite:child href="Bmr012.G.dialogue-acts.xml#id(Bmr012.G.dialogueact1227)"/>
      <nite:child href="Bmr012.G.dialogue-acts.xml#id(Bmr012.G.dialogueact1231)"/>
      <nite:child href="Bmr012.G.dialogue-acts.xml#id(Bmr012.G.dialogueact1228)"/>
      <nite:child href="Bmr012.G.dialogue-acts.xml#id(Bmr012.G.dialogueact1243)"/>
      <nite:child href="Bmr012.E.dialogue-acts.xml#id(Bmr012.E.dialogueact1274)"/>
      <nite:child href="Bmr012.C.dialogue-acts.xml#id(Bmr012.C.dialogueact1273)"/>
      <nite:child href="Bmr012.B.dialogue-acts.xml#id(Bmr012.B.dialogueact1278)"/>
      <nite:child href="Bmr012.J.dialogue-acts.xml#id(Bmr012.J.dialogueact1370)..id(Bmr012.J.dialogueact1371)"/>
      <nite:child href="Bmr012.J.dialogue-acts.xml#id(Bmr012.J.dialogueact1377)..id(Bmr012.J.dialogueact1378)"/>
   </extsumm>
</nite:root>