<?xml version="1.0" encoding="ISO-8859-1" standalone="yes"?>
<nite:root nite:id="Bmr006.summlink" xmlns:nite="http://nite.sourceforge.net/">
   <summlink nite:id="Bmr006.summlink.1">
      <nite:pointer role="extractive"  href="Bmr006.F.dialogue-acts.xml#id(Bmr006.F.dialogueact38)"/>
      <nite:pointer role="abstractive"  href="Bmr006.abssumm.xml#id(Bmr006.s.18)"/>
   </summlink>
   <summlink nite:id="Bmr006.summlink.2">
      <nite:pointer role="extractive"  href="Bmr006.F.dialogue-acts.xml#id(Bmr006.F.dialogueact58)"/>
      <nite:pointer role="abstractive"  href="Bmr006.abssumm.xml#id(Bmr006.s.17)"/>
   </summlink>
   <summlink nite:id="Bmr006.summlink.3">
      <nite:pointer role="extractive"  href="Bmr006.F.dialogue-acts.xml#id(Bmr006.F.dialogueact58)"/>
      <nite:pointer role="abstractive"  href="Bmr006.abssumm.xml#id(Bmr006.s.1)"/>
   </summlink>
   <summlink nite:id="Bmr006.summlink.4">
      <nite:pointer role="extractive"  href="Bmr006.F.dialogue-acts.xml#id(Bmr006.F.dialogueact64)"/>
      <nite:pointer role="abstractive"  href="Bmr006.abssumm.xml#id(Bmr006.s.18)"/>
   </summlink>
   <summlink nite:id="Bmr006.summlink.5">
      <nite:pointer role="extractive"  href="Bmr006.F.dialogue-acts.xml#id(Bmr006.F.dialogueact66)"/>
      <nite:pointer role="abstractive"  href="Bmr006.abssumm.xml#id(Bmr006.s.18)"/>
   </summlink>
   <summlink nite:id="Bmr006.summlink.6">
      <nite:pointer role="extractive"  href="Bmr006.F.dialogue-acts.xml#id(Bmr006.F.dialogueact67)"/>
      <nite:pointer role="abstractive"  href="Bmr006.abssumm.xml#id(Bmr006.s.2)"/>
   </summlink>
   <summlink nite:id="Bmr006.summlink.7">
      <nite:pointer role="extractive"  href="Bmr006.F.dialogue-acts.xml#id(Bmr006.F.dialogueact58)"/>
      <nite:pointer role="abstractive"  href="Bmr006.abssumm.xml#id(Bmr006.s.2)"/>
   </summlink>
   <summlink nite:id="Bmr006.summlink.8">
      <nite:pointer role="extractive"  href="Bmr006.F.dialogue-acts.xml#id(Bmr006.F.dialogueact67)"/>
      <nite:pointer role="abstractive"  href="Bmr006.abssumm.xml#id(Bmr006.s.9)"/>
   </summlink>
   <summlink nite:id="Bmr006.summlink.10">
      <nite:pointer role="extractive"  href="Bmr006.F.dialogue-acts.xml#id(Bmr006.F.dialogueact95)"/>
      <nite:pointer role="abstractive"  href="Bmr006.abssumm.xml#id(Bmr006.s.2)"/>
   </summlink>
   <summlink nite:id="Bmr006.summlink.11">
      <nite:pointer role="extractive"  href="Bmr006.D.dialogue-acts.xml#id(Bmr006.D.dialogueact102)"/>
      <nite:pointer role="abstractive"  href="Bmr006.abssumm.xml#id(Bmr006.s.2)"/>
   </summlink>
   <summlink nite:id="Bmr006.summlink.12">
      <nite:pointer role="extractive"  href="Bmr006.D.dialogue-acts.xml#id(Bmr006.D.dialogueact107)"/>
      <nite:pointer role="abstractive"  href="Bmr006.abssumm.xml#id(Bmr006.s.2)"/>
   </summlink>
   <summlink nite:id="Bmr006.summlink.13">
      <nite:pointer role="extractive"  href="Bmr006.D.dialogue-acts.xml#id(Bmr006.D.dialogueact107)"/>
      <nite:pointer role="abstractive"  href="Bmr006.abssumm.xml#id(Bmr006.s.9)"/>
   </summlink>
   <summlink nite:id="Bmr006.summlink.14">
      <nite:pointer role="extractive"  href="Bmr006.D.dialogue-acts.xml#id(Bmr006.D.dialogueact108)"/>
      <nite:pointer role="abstractive"  href="Bmr006.abssumm.xml#id(Bmr006.s.9)"/>
   </summlink>
   <summlink nite:id="Bmr006.summlink.15">
      <nite:pointer role="extractive"  href="Bmr006.D.dialogue-acts.xml#id(Bmr006.D.dialogueact108)"/>
      <nite:pointer role="abstractive"  href="Bmr006.abssumm.xml#id(Bmr006.s.2)"/>
   </summlink>
   <summlink nite:id="Bmr006.summlink.16">
      <nite:pointer role="extractive"  href="Bmr006.D.dialogue-acts.xml#id(Bmr006.D.dialogueact135)"/>
      <nite:pointer role="abstractive"  href="Bmr006.abssumm.xml#id(Bmr006.s.8)"/>
   </summlink>
   <summlink nite:id="Bmr006.summlink.17">
      <nite:pointer role="extractive"  href="Bmr006.B.dialogue-acts.xml#id(Bmr006.B.dialogueact169)"/>
      <nite:pointer role="abstractive"  href="Bmr006.abssumm.xml#id(Bmr006.s.7)"/>
   </summlink>
   <summlink nite:id="Bmr006.summlink.18">
      <nite:pointer role="extractive"  href="Bmr006.E.dialogue-acts.xml#id(Bmr006.E.dialogueact191)"/>
      <nite:pointer role="abstractive"  href="Bmr006.abssumm.xml#id(Bmr006.s.13)"/>
   </summlink>
   <summlink nite:id="Bmr006.summlink.19">
      <nite:pointer role="extractive"  href="Bmr006.D.dialogue-acts.xml#id(Bmr006.D.dialogueact217)"/>
      <nite:pointer role="abstractive"  href="Bmr006.abssumm.xml#id(Bmr006.s.8)"/>
   </summlink>
   <summlink nite:id="Bmr006.summlink.20">
      <nite:pointer role="extractive"  href="Bmr006.E.dialogue-acts.xml#id(Bmr006.E.dialogueact221)"/>
      <nite:pointer role="abstractive"  href="Bmr006.abssumm.xml#id(Bmr006.s.8)"/>
   </summlink>
   <summlink nite:id="Bmr006.summlink.21">
      <nite:pointer role="extractive"  href="Bmr006.D.dialogue-acts.xml#id(Bmr006.D.dialogueact310)"/>
      <nite:pointer role="abstractive"  href="Bmr006.abssumm.xml#id(Bmr006.s.14)"/>
   </summlink>
   <summlink nite:id="Bmr006.summlink.22">
      <nite:pointer role="extractive"  href="Bmr006.D.dialogue-acts.xml#id(Bmr006.D.dialogueact373)"/>
      <nite:pointer role="abstractive"  href="Bmr006.abssumm.xml#id(Bmr006.s.14)"/>
   </summlink>
   <summlink nite:id="Bmr006.summlink.23">
      <nite:pointer role="extractive"  href="Bmr006.B.dialogue-acts.xml#id(Bmr006.B.dialogueact406)"/>
      <nite:pointer role="abstractive"  href="Bmr006.abssumm.xml#id(Bmr006.s.11)"/>
   </summlink>
   <summlink nite:id="Bmr006.summlink.24">
      <nite:pointer role="extractive"  href="Bmr006.B.dialogue-acts.xml#id(Bmr006.B.dialogueact407)"/>
      <nite:pointer role="abstractive"  href="Bmr006.abssumm.xml#id(Bmr006.s.11)"/>
   </summlink>
   <summlink nite:id="Bmr006.summlink.25">
      <nite:pointer role="extractive"  href="Bmr006.F.dialogue-acts.xml#id(Bmr006.F.dialogueact408)"/>
      <nite:pointer role="abstractive"  href="Bmr006.abssumm.xml#id(Bmr006.s.11)"/>
   </summlink>
   <summlink nite:id="Bmr006.summlink.26">
      <nite:pointer role="extractive"  href="Bmr006.F.dialogue-acts.xml#id(Bmr006.F.dialogueact421)"/>
      <nite:pointer role="abstractive"  href="Bmr006.abssumm.xml#id(Bmr006.s.2)"/>
   </summlink>
   <summlink nite:id="Bmr006.summlink.27">
      <nite:pointer role="extractive"  href="Bmr006.F.dialogue-acts.xml#id(Bmr006.F.dialogueact421)"/>
      <nite:pointer role="abstractive"  href="Bmr006.abssumm.xml#id(Bmr006.s.9)"/>
   </summlink>
   <summlink nite:id="Bmr006.summlink.28">
      <nite:pointer role="extractive"  href="Bmr006.D.dialogue-acts.xml#id(Bmr006.D.dialogueact437)"/>
      <nite:pointer role="abstractive"  href="Bmr006.abssumm.xml#id(Bmr006.s.12)"/>
   </summlink>
   <summlink nite:id="Bmr006.summlink.29">
      <nite:pointer role="extractive"  href="Bmr006.E.dialogue-acts.xml#id(Bmr006.E.dialogueact480)"/>
      <nite:pointer role="abstractive"  href="Bmr006.abssumm.xml#id(Bmr006.s.12)"/>
   </summlink>
   <summlink nite:id="Bmr006.summlink.30">
      <nite:pointer role="extractive"  href="Bmr006.E.dialogue-acts.xml#id(Bmr006.E.dialogueact496)"/>
      <nite:pointer role="abstractive"  href="Bmr006.abssumm.xml#id(Bmr006.s.12)"/>
   </summlink>
   <summlink nite:id="Bmr006.summlink.31">
      <nite:pointer role="extractive"  href="Bmr006.D.dialogue-acts.xml#id(Bmr006.D.dialogueact517)"/>
      <nite:pointer role="abstractive"  href="Bmr006.abssumm.xml#id(Bmr006.s.5)"/>
   </summlink>
   <summlink nite:id="Bmr006.summlink.32">
      <nite:pointer role="extractive"  href="Bmr006.D.dialogue-acts.xml#id(Bmr006.D.dialogueact584)"/>
      <nite:pointer role="abstractive"  href="Bmr006.abssumm.xml#id(Bmr006.s.26)"/>
   </summlink>
   <summlink nite:id="Bmr006.summlink.33">
      <nite:pointer role="extractive"  href="Bmr006.D.dialogue-acts.xml#id(Bmr006.D.dialogueact585)"/>
      <nite:pointer role="abstractive"  href="Bmr006.abssumm.xml#id(Bmr006.s.26)"/>
   </summlink>
   <summlink nite:id="Bmr006.summlink.35">
      <nite:pointer role="extractive"  href="Bmr006.C.dialogue-acts.xml#id(Bmr006.C.dialogueact668)"/>
      <nite:pointer role="abstractive"  href="Bmr006.abssumm.xml#id(Bmr006.s.3)"/>
   </summlink>
   <summlink nite:id="Bmr006.summlink.36">
      <nite:pointer role="extractive"  href="Bmr006.C.dialogue-acts.xml#id(Bmr006.C.dialogueact668)"/>
      <nite:pointer role="abstractive"  href="Bmr006.abssumm.xml#id(Bmr006.s.19)"/>
   </summlink>
   <summlink nite:id="Bmr006.summlink.37">
      <nite:pointer role="extractive"  href="Bmr006.C.dialogue-acts.xml#id(Bmr006.C.dialogueact679)"/>
      <nite:pointer role="abstractive"  href="Bmr006.abssumm.xml#id(Bmr006.s.3)"/>
   </summlink>
   <summlink nite:id="Bmr006.summlink.38">
      <nite:pointer role="extractive"  href="Bmr006.C.dialogue-acts.xml#id(Bmr006.C.dialogueact679)"/>
      <nite:pointer role="abstractive"  href="Bmr006.abssumm.xml#id(Bmr006.s.19)"/>
   </summlink>
   <summlink nite:id="Bmr006.summlink.40">
      <nite:pointer role="extractive"  href="Bmr006.C.dialogue-acts.xml#id(Bmr006.C.dialogueact685)"/>
      <nite:pointer role="abstractive"  href="Bmr006.abssumm.xml#id(Bmr006.s.19)"/>
   </summlink>
   <summlink nite:id="Bmr006.summlink.41">
      <nite:pointer role="extractive"  href="Bmr006.C.dialogue-acts.xml#id(Bmr006.C.dialogueact696)"/>
      <nite:pointer role="abstractive"  href="Bmr006.abssumm.xml#id(Bmr006.s.3)"/>
   </summlink>
   <summlink nite:id="Bmr006.summlink.42">
      <nite:pointer role="extractive"  href="Bmr006.C.dialogue-acts.xml#id(Bmr006.C.dialogueact696)"/>
      <nite:pointer role="abstractive"  href="Bmr006.abssumm.xml#id(Bmr006.s.19)"/>
   </summlink>
   <summlink nite:id="Bmr006.summlink.43">
      <nite:pointer role="extractive"  href="Bmr006.C.dialogue-acts.xml#id(Bmr006.C.dialogueact704)"/>
      <nite:pointer role="abstractive"  href="Bmr006.abssumm.xml#id(Bmr006.s.3)"/>
   </summlink>
   <summlink nite:id="Bmr006.summlink.44">
      <nite:pointer role="extractive"  href="Bmr006.C.dialogue-acts.xml#id(Bmr006.C.dialogueact704)"/>
      <nite:pointer role="abstractive"  href="Bmr006.abssumm.xml#id(Bmr006.s.19)"/>
   </summlink>
   <summlink nite:id="Bmr006.summlink.45">
      <nite:pointer role="extractive"  href="Bmr006.C.dialogue-acts.xml#id(Bmr006.C.dialogueact708)"/>
      <nite:pointer role="abstractive"  href="Bmr006.abssumm.xml#id(Bmr006.s.19)"/>
   </summlink>
   <summlink nite:id="Bmr006.summlink.46">
      <nite:pointer role="extractive"  href="Bmr006.C.dialogue-acts.xml#id(Bmr006.C.dialogueact708)"/>
      <nite:pointer role="abstractive"  href="Bmr006.abssumm.xml#id(Bmr006.s.3)"/>
   </summlink>
   <summlink nite:id="Bmr006.summlink.47">
      <nite:pointer role="extractive"  href="Bmr006.C.dialogue-acts.xml#id(Bmr006.C.dialogueact685)"/>
      <nite:pointer role="abstractive"  href="Bmr006.abssumm.xml#id(Bmr006.s.20)"/>
   </summlink>
   <summlink nite:id="Bmr006.summlink.48">
      <nite:pointer role="extractive"  href="Bmr006.C.dialogue-acts.xml#id(Bmr006.C.dialogueact689)"/>
      <nite:pointer role="abstractive"  href="Bmr006.abssumm.xml#id(Bmr006.s.20)"/>
   </summlink>
   <summlink nite:id="Bmr006.summlink.50">
      <nite:pointer role="extractive"  href="Bmr006.C.dialogue-acts.xml#id(Bmr006.C.dialogueact719)"/>
      <nite:pointer role="abstractive"  href="Bmr006.abssumm.xml#id(Bmr006.s.21)"/>
   </summlink>
   <summlink nite:id="Bmr006.summlink.51">
      <nite:pointer role="extractive"  href="Bmr006.C.dialogue-acts.xml#id(Bmr006.C.dialogueact720)"/>
      <nite:pointer role="abstractive"  href="Bmr006.abssumm.xml#id(Bmr006.s.21)"/>
   </summlink>
   <summlink nite:id="Bmr006.summlink.52">
      <nite:pointer role="extractive"  href="Bmr006.C.dialogue-acts.xml#id(Bmr006.C.dialogueact740)"/>
      <nite:pointer role="abstractive"  href="Bmr006.abssumm.xml#id(Bmr006.s.20)"/>
   </summlink>
   <summlink nite:id="Bmr006.summlink.53">
      <nite:pointer role="extractive"  href="Bmr006.C.dialogue-acts.xml#id(Bmr006.C.dialogueact756)"/>
      <nite:pointer role="abstractive"  href="Bmr006.abssumm.xml#id(Bmr006.s.21)"/>
   </summlink>
   <summlink nite:id="Bmr006.summlink.54">
      <nite:pointer role="extractive"  href="Bmr006.C.dialogue-acts.xml#id(Bmr006.C.dialogueact925)"/>
      <nite:pointer role="abstractive"  href="Bmr006.abssumm.xml#id(Bmr006.s.21)"/>
   </summlink>
   <summlink nite:id="Bmr006.summlink.55">
      <nite:pointer role="extractive"  href="Bmr006.B.dialogue-acts.xml#id(Bmr006.B.dialogueact926)"/>
      <nite:pointer role="abstractive"  href="Bmr006.abssumm.xml#id(Bmr006.s.21)"/>
   </summlink>
   <summlink nite:id="Bmr006.summlink.56">
      <nite:pointer role="extractive"  href="Bmr006.C.dialogue-acts.xml#id(Bmr006.C.dialogueact941)"/>
      <nite:pointer role="abstractive"  href="Bmr006.abssumm.xml#id(Bmr006.s.21)"/>
   </summlink>
   <summlink nite:id="Bmr006.summlink.57">
      <nite:pointer role="extractive"  href="Bmr006.D.dialogue-acts.xml#id(Bmr006.D.dialogueact977)"/>
      <nite:pointer role="abstractive"  href="Bmr006.abssumm.xml#id(Bmr006.s.4)"/>
   </summlink>
   <summlink nite:id="Bmr006.summlink.58">
      <nite:pointer role="extractive"  href="Bmr006.D.dialogue-acts.xml#id(Bmr006.D.dialogueact977)"/>
      <nite:pointer role="abstractive"  href="Bmr006.abssumm.xml#id(Bmr006.s.22)"/>
   </summlink>
   <summlink nite:id="Bmr006.summlink.59">
      <nite:pointer role="extractive"  href="Bmr006.D.dialogue-acts.xml#id(Bmr006.D.dialogueact989)"/>
      <nite:pointer role="abstractive"  href="Bmr006.abssumm.xml#id(Bmr006.s.23)"/>
   </summlink>
   <summlink nite:id="Bmr006.summlink.60">
      <nite:pointer role="extractive"  href="Bmr006.D.dialogue-acts.xml#id(Bmr006.D.dialogueact1058)"/>
      <nite:pointer role="abstractive"  href="Bmr006.abssumm.xml#id(Bmr006.s.3)"/>
   </summlink>
   <summlink nite:id="Bmr006.summlink.61">
      <nite:pointer role="extractive"  href="Bmr006.D.dialogue-acts.xml#id(Bmr006.D.dialogueact1058)"/>
      <nite:pointer role="abstractive"  href="Bmr006.abssumm.xml#id(Bmr006.s.19)"/>
   </summlink>
   <summlink nite:id="Bmr006.summlink.62">
      <nite:pointer role="extractive"  href="Bmr006.D.dialogue-acts.xml#id(Bmr006.D.dialogueact1080)"/>
      <nite:pointer role="abstractive"  href="Bmr006.abssumm.xml#id(Bmr006.s.4)"/>
   </summlink>
   <summlink nite:id="Bmr006.summlink.63">
      <nite:pointer role="extractive"  href="Bmr006.D.dialogue-acts.xml#id(Bmr006.D.dialogueact1080)"/>
      <nite:pointer role="abstractive"  href="Bmr006.abssumm.xml#id(Bmr006.s.22)"/>
   </summlink>
   <summlink nite:id="Bmr006.summlink.64">
      <nite:pointer role="extractive"  href="Bmr006.D.dialogue-acts.xml#id(Bmr006.D.dialogueact1157)"/>
      <nite:pointer role="abstractive"  href="Bmr006.abssumm.xml#id(Bmr006.s.4)"/>
   </summlink>
   <summlink nite:id="Bmr006.summlink.65">
      <nite:pointer role="extractive"  href="Bmr006.D.dialogue-acts.xml#id(Bmr006.D.dialogueact1157)"/>
      <nite:pointer role="abstractive"  href="Bmr006.abssumm.xml#id(Bmr006.s.22)"/>
   </summlink>
   <summlink nite:id="Bmr006.summlink.66">
      <nite:pointer role="extractive"  href="Bmr006.A.dialogue-acts.xml#id(Bmr006.A.dialogueact1168)"/>
      <nite:pointer role="abstractive"  href="Bmr006.abssumm.xml#id(Bmr006.s.24)"/>
   </summlink>
   <summlink nite:id="Bmr006.summlink.67">
      <nite:pointer role="extractive"  href="Bmr006.B.dialogue-acts.xml#id(Bmr006.B.dialogueact1473)"/>
      <nite:pointer role="abstractive"  href="Bmr006.abssumm.xml#id(Bmr006.s.6)"/>
   </summlink>
   <summlink nite:id="Bmr006.summlink.68">
      <nite:pointer role="extractive"  href="Bmr006.B.dialogue-acts.xml#id(Bmr006.B.dialogueact1473)"/>
      <nite:pointer role="abstractive"  href="Bmr006.abssumm.xml#id(Bmr006.s.25)"/>
   </summlink>
   <summlink nite:id="Bmr006.summlink.69">
      <nite:pointer role="extractive"  href="Bmr006.E.dialogue-acts.xml#id(Bmr006.E.dialogueact1517)"/>
      <nite:pointer role="abstractive"  href="Bmr006.abssumm.xml#id(Bmr006.s.6)"/>
   </summlink>
   <summlink nite:id="Bmr006.summlink.70">
      <nite:pointer role="extractive"  href="Bmr006.E.dialogue-acts.xml#id(Bmr006.E.dialogueact1517)"/>
      <nite:pointer role="abstractive"  href="Bmr006.abssumm.xml#id(Bmr006.s.25)"/>
   </summlink>
   <summlink nite:id="Bmr006.summlink.71">
      <nite:pointer role="extractive"  href="Bmr006.E.dialogue-acts.xml#id(Bmr006.E.dialogueact1518)"/>
      <nite:pointer role="abstractive"  href="Bmr006.abssumm.xml#id(Bmr006.s.6)"/>
   </summlink>
   <summlink nite:id="Bmr006.summlink.72">
      <nite:pointer role="extractive"  href="Bmr006.E.dialogue-acts.xml#id(Bmr006.E.dialogueact1518)"/>
      <nite:pointer role="abstractive"  href="Bmr006.abssumm.xml#id(Bmr006.s.25)"/>
   </summlink>
   <summlink nite:id="Bmr006.summlink.73">
      <nite:pointer role="extractive"  href="Bmr006.E.dialogue-acts.xml#id(Bmr006.E.dialogueact1528)"/>
      <nite:pointer role="abstractive"  href="Bmr006.abssumm.xml#id(Bmr006.s.15)"/>
   </summlink>
   <summlink nite:id="Bmr006.summlink.74">
      <nite:pointer role="extractive"  href="Bmr006.B.dialogue-acts.xml#id(Bmr006.B.dialogueact1531)"/>
      <nite:pointer role="abstractive"  href="Bmr006.abssumm.xml#id(Bmr006.s.6)"/>
   </summlink>
   <summlink nite:id="Bmr006.summlink.75">
      <nite:pointer role="extractive"  href="Bmr006.E.dialogue-acts.xml#id(Bmr006.E.dialogueact1533)"/>
      <nite:pointer role="abstractive"  href="Bmr006.abssumm.xml#id(Bmr006.s.15)"/>
   </summlink>
   <summlink nite:id="Bmr006.summlink.76">
      <nite:pointer role="extractive"  href="Bmr006.E.dialogue-acts.xml#id(Bmr006.E.dialogueact1540)"/>
      <nite:pointer role="abstractive"  href="Bmr006.abssumm.xml#id(Bmr006.s.6)"/>
   </summlink>
   <summlink nite:id="Bmr006.summlink.77">
      <nite:pointer role="extractive"  href="Bmr006.E.dialogue-acts.xml#id(Bmr006.E.dialogueact1545)"/>
      <nite:pointer role="abstractive"  href="Bmr006.abssumm.xml#id(Bmr006.s.6)"/>
   </summlink>
   <summlink nite:id="Bmr006.summlink.78">
      <nite:pointer role="extractive"  href="Bmr006.E.dialogue-acts.xml#id(Bmr006.E.dialogueact1544)"/>
      <nite:pointer role="abstractive"  href="Bmr006.abssumm.xml#id(Bmr006.s.6)"/>
   </summlink>
   <summlink nite:id="Bmr006.summlink.79">
      <nite:pointer role="extractive"  href="Bmr006.E.dialogue-acts.xml#id(Bmr006.E.dialogueact1554)"/>
      <nite:pointer role="abstractive"  href="Bmr006.abssumm.xml#id(Bmr006.s.25)"/>
   </summlink>
   <summlink nite:id="Bmr006.summlink.80">
      <nite:pointer role="extractive"  href="Bmr006.E.dialogue-acts.xml#id(Bmr006.E.dialogueact1554)"/>
      <nite:pointer role="abstractive"  href="Bmr006.abssumm.xml#id(Bmr006.s.6)"/>
   </summlink>
   <summlink nite:id="Bmr006.summlink.81">
      <nite:pointer role="extractive"  href="Bmr006.B.dialogue-acts.xml#id(Bmr006.B.dialogueact1591)"/>
      <nite:pointer role="abstractive"  href="Bmr006.abssumm.xml#id(Bmr006.s.25)"/>
   </summlink>
   <summlink nite:id="Bmr006.summlink.82">
      <nite:pointer role="extractive"  href="Bmr006.B.dialogue-acts.xml#id(Bmr006.B.dialogueact1622)"/>
      <nite:pointer role="abstractive"  href="Bmr006.abssumm.xml#id(Bmr006.s.16)"/>
   </summlink>
   <summlink nite:id="Bmr006.summlink.83">
      <nite:pointer role="extractive"  href="Bmr006.B.dialogue-acts.xml#id(Bmr006.B.dialogueact1627)"/>
      <nite:pointer role="abstractive"  href="Bmr006.abssumm.xml#id(Bmr006.s.16)"/>
   </summlink>
   <summlink nite:id="Bmr006.summlink.84">
      <nite:pointer role="extractive"  href="Bmr006.E.dialogue-acts.xml#id(Bmr006.E.dialogueact1752)"/>
      <nite:pointer role="abstractive"  href="Bmr006.abssumm.xml#id(Bmr006.s.6)"/>
   </summlink>
   <summlink nite:id="Bmr006.summlink.85">
      <nite:pointer role="extractive"  href="Bmr006.E.dialogue-acts.xml#id(Bmr006.E.dialogueact1752)"/>
      <nite:pointer role="abstractive"  href="Bmr006.abssumm.xml#id(Bmr006.s.25)"/>
   </summlink>
</nite:root>