<?xml version="1.0" encoding="ISO-8859-1" standalone="yes"?>
<nite:root nite:id="Bmr011.summlink" xmlns:nite="http://nite.sourceforge.net/">
   <summlink nite:id="Bmr011.summlink.1">
      <nite:pointer role="extractive"  href="Bmr011.A.dialogue-acts.xml#id(Bmr011.A.dialogueact101)"/>
      <nite:pointer role="abstractive"  href="Bmr011.abssumm.xml#id(Bmr011.s.2)"/>
   </summlink>
   <summlink nite:id="Bmr011.summlink.2">
      <nite:pointer role="extractive"  href="Bmr011.A.dialogue-acts.xml#id(Bmr011.A.dialogueact106)"/>
      <nite:pointer role="abstractive"  href="Bmr011.abssumm.xml#id(Bmr011.s.6)"/>
   </summlink>
   <summlink nite:id="Bmr011.summlink.3">
      <nite:pointer role="extractive"  href="Bmr011.B.dialogue-acts.xml#id(Bmr011.B.dialogueact115)"/>
      <nite:pointer role="abstractive"  href="Bmr011.abssumm.xml#id(Bmr011.s.3)"/>
   </summlink>
   <summlink nite:id="Bmr011.summlink.4">
      <nite:pointer role="extractive"  href="Bmr011.H.dialogue-acts.xml#id(Bmr011.H.dialogueact132)"/>
      <nite:pointer role="abstractive"  href="Bmr011.abssumm.xml#id(Bmr011.s.2)"/>
   </summlink>
   <summlink nite:id="Bmr011.summlink.5">
      <nite:pointer role="extractive"  href="Bmr011.A.dialogue-acts.xml#id(Bmr011.A.dialogueact153)"/>
      <nite:pointer role="abstractive"  href="Bmr011.abssumm.xml#id(Bmr011.s.7)"/>
   </summlink>
   <summlink nite:id="Bmr011.summlink.6">
      <nite:pointer role="extractive"  href="Bmr011.A.dialogue-acts.xml#id(Bmr011.A.dialogueact153)"/>
      <nite:pointer role="abstractive"  href="Bmr011.abssumm.xml#id(Bmr011.s.2)"/>
   </summlink>
   <summlink nite:id="Bmr011.summlink.7">
      <nite:pointer role="extractive"  href="Bmr011.B.dialogue-acts.xml#id(Bmr011.B.dialogueact159)"/>
      <nite:pointer role="abstractive"  href="Bmr011.abssumm.xml#id(Bmr011.s.3)"/>
   </summlink>
   <summlink nite:id="Bmr011.summlink.8">
      <nite:pointer role="extractive"  href="Bmr011.B.dialogue-acts.xml#id(Bmr011.B.dialogueact187)"/>
      <nite:pointer role="abstractive"  href="Bmr011.abssumm.xml#id(Bmr011.s.2)"/>
   </summlink>
   <summlink nite:id="Bmr011.summlink.9">
      <nite:pointer role="extractive"  href="Bmr011.B.dialogue-acts.xml#id(Bmr011.B.dialogueact187)"/>
      <nite:pointer role="abstractive"  href="Bmr011.abssumm.xml#id(Bmr011.s.3)"/>
   </summlink>
   <summlink nite:id="Bmr011.summlink.10">
      <nite:pointer role="extractive"  href="Bmr011.G.dialogue-acts.xml#id(Bmr011.G.dialogueact216)"/>
      <nite:pointer role="abstractive"  href="Bmr011.abssumm.xml#id(Bmr011.s.2)"/>
   </summlink>
   <summlink nite:id="Bmr011.summlink.11">
      <nite:pointer role="extractive"  href="Bmr011.G.dialogue-acts.xml#id(Bmr011.G.dialogueact216)"/>
      <nite:pointer role="abstractive"  href="Bmr011.abssumm.xml#id(Bmr011.s.7)"/>
   </summlink>
   <summlink nite:id="Bmr011.summlink.12">
      <nite:pointer role="extractive"  href="Bmr011.G.dialogue-acts.xml#id(Bmr011.G.dialogueact235)"/>
      <nite:pointer role="abstractive"  href="Bmr011.abssumm.xml#id(Bmr011.s.7)"/>
   </summlink>
   <summlink nite:id="Bmr011.summlink.13">
      <nite:pointer role="extractive"  href="Bmr011.G.dialogue-acts.xml#id(Bmr011.G.dialogueact235)"/>
      <nite:pointer role="abstractive"  href="Bmr011.abssumm.xml#id(Bmr011.s.2)"/>
   </summlink>
   <summlink nite:id="Bmr011.summlink.14">
      <nite:pointer role="extractive"  href="Bmr011.H.dialogue-acts.xml#id(Bmr011.H.dialogueact242)"/>
      <nite:pointer role="abstractive"  href="Bmr011.abssumm.xml#id(Bmr011.s.3)"/>
   </summlink>
   <summlink nite:id="Bmr011.summlink.15">
      <nite:pointer role="extractive"  href="Bmr011.H.dialogue-acts.xml#id(Bmr011.H.dialogueact242)"/>
      <nite:pointer role="abstractive"  href="Bmr011.abssumm.xml#id(Bmr011.s.2)"/>
   </summlink>
   <summlink nite:id="Bmr011.summlink.17">
      <nite:pointer role="extractive"  href="Bmr011.G.dialogue-acts.xml#id(Bmr011.G.dialogueact306)"/>
      <nite:pointer role="abstractive"  href="Bmr011.abssumm.xml#id(Bmr011.s.11)"/>
   </summlink>
   <summlink nite:id="Bmr011.summlink.18">
      <nite:pointer role="extractive"  href="Bmr011.G.dialogue-acts.xml#id(Bmr011.G.dialogueact292)"/>
      <nite:pointer role="abstractive"  href="Bmr011.abssumm.xml#id(Bmr011.s.11)"/>
   </summlink>
   <summlink nite:id="Bmr011.summlink.19">
      <nite:pointer role="extractive"  href="Bmr011.G.dialogue-acts.xml#id(Bmr011.G.dialogueact310)"/>
      <nite:pointer role="abstractive"  href="Bmr011.abssumm.xml#id(Bmr011.s.12)"/>
   </summlink>
   <summlink nite:id="Bmr011.summlink.20">
      <nite:pointer role="extractive"  href="Bmr011.C.dialogue-acts.xml#id(Bmr011.C.dialogueact315)"/>
      <nite:pointer role="abstractive"  href="Bmr011.abssumm.xml#id(Bmr011.s.13)"/>
   </summlink>
   <summlink nite:id="Bmr011.summlink.21">
      <nite:pointer role="extractive"  href="Bmr011.C.dialogue-acts.xml#id(Bmr011.C.dialogueact318)"/>
      <nite:pointer role="abstractive"  href="Bmr011.abssumm.xml#id(Bmr011.s.13)"/>
   </summlink>
   <summlink nite:id="Bmr011.summlink.22">
      <nite:pointer role="extractive"  href="Bmr011.E.dialogue-acts.xml#id(Bmr011.E.dialogueact366)"/>
      <nite:pointer role="abstractive"  href="Bmr011.abssumm.xml#id(Bmr011.s.14)"/>
   </summlink>
   <summlink nite:id="Bmr011.summlink.23">
      <nite:pointer role="extractive"  href="Bmr011.H.dialogue-acts.xml#id(Bmr011.H.dialogueact369)"/>
      <nite:pointer role="abstractive"  href="Bmr011.abssumm.xml#id(Bmr011.s.14)"/>
   </summlink>
   <summlink nite:id="Bmr011.summlink.24">
      <nite:pointer role="extractive"  href="Bmr011.H.dialogue-acts.xml#id(Bmr011.H.dialogueact375)"/>
      <nite:pointer role="abstractive"  href="Bmr011.abssumm.xml#id(Bmr011.s.14)"/>
   </summlink>
   <summlink nite:id="Bmr011.summlink.25">
      <nite:pointer role="extractive"  href="Bmr011.E.dialogue-acts.xml#id(Bmr011.E.dialogueact377)"/>
      <nite:pointer role="abstractive"  href="Bmr011.abssumm.xml#id(Bmr011.s.14)"/>
   </summlink>
   <summlink nite:id="Bmr011.summlink.27">
      <nite:pointer role="extractive"  href="Bmr011.B.dialogue-acts.xml#id(Bmr011.B.dialogueact641)"/>
      <nite:pointer role="abstractive"  href="Bmr011.abssumm.xml#id(Bmr011.s.8)"/>
   </summlink>
   <summlink nite:id="Bmr011.summlink.28">
      <nite:pointer role="extractive"  href="Bmr011.B.dialogue-acts.xml#id(Bmr011.B.dialogueact642)"/>
      <nite:pointer role="abstractive"  href="Bmr011.abssumm.xml#id(Bmr011.s.8)"/>
   </summlink>
   <summlink nite:id="Bmr011.summlink.29">
      <nite:pointer role="extractive"  href="Bmr011.E.dialogue-acts.xml#id(Bmr011.E.dialogueact673)"/>
      <nite:pointer role="abstractive"  href="Bmr011.abssumm.xml#id(Bmr011.s.8)"/>
   </summlink>
   <summlink nite:id="Bmr011.summlink.30">
      <nite:pointer role="extractive"  href="Bmr011.H.dialogue-acts.xml#id(Bmr011.H.dialogueact677)"/>
      <nite:pointer role="abstractive"  href="Bmr011.abssumm.xml#id(Bmr011.s.8)"/>
   </summlink>
   <summlink nite:id="Bmr011.summlink.31">
      <nite:pointer role="extractive"  href="Bmr011.H.dialogue-acts.xml#id(Bmr011.H.dialogueact678)"/>
      <nite:pointer role="abstractive"  href="Bmr011.abssumm.xml#id(Bmr011.s.8)"/>
   </summlink>
   <summlink nite:id="Bmr011.summlink.32">
      <nite:pointer role="extractive"  href="Bmr011.B.dialogue-acts.xml#id(Bmr011.B.dialogueact470)"/>
      <nite:pointer role="abstractive"  href="Bmr011.abssumm.xml#id(Bmr011.s.8)"/>
   </summlink>
   <summlink nite:id="Bmr011.summlink.33">
      <nite:pointer role="extractive"  href="Bmr011.B.dialogue-acts.xml#id(Bmr011.B.dialogueact469)"/>
      <nite:pointer role="abstractive"  href="Bmr011.abssumm.xml#id(Bmr011.s.8)"/>
   </summlink>
   <summlink nite:id="Bmr011.summlink.34">
      <nite:pointer role="extractive"  href="Bmr011.G.dialogue-acts.xml#id(Bmr011.G.dialogueact776)"/>
      <nite:pointer role="abstractive"  href="Bmr011.abssumm.xml#id(Bmr011.s.12)"/>
   </summlink>
   <summlink nite:id="Bmr011.summlink.35">
      <nite:pointer role="extractive"  href="Bmr011.G.dialogue-acts.xml#id(Bmr011.G.dialogueact778)"/>
      <nite:pointer role="abstractive"  href="Bmr011.abssumm.xml#id(Bmr011.s.11)"/>
   </summlink>
   <summlink nite:id="Bmr011.summlink.37">
      <nite:pointer role="extractive"  href="Bmr011.G.dialogue-acts.xml#id(Bmr011.G.dialogueact778)"/>
      <nite:pointer role="abstractive"  href="Bmr011.abssumm.xml#id(Bmr011.s.2)"/>
   </summlink>
   <summlink nite:id="Bmr011.summlink.38">
      <nite:pointer role="extractive"  href="Bmr011.G.dialogue-acts.xml#id(Bmr011.G.dialogueact781)"/>
      <nite:pointer role="abstractive"  href="Bmr011.abssumm.xml#id(Bmr011.s.15)"/>
   </summlink>
   <summlink nite:id="Bmr011.summlink.39">
      <nite:pointer role="extractive"  href="Bmr011.G.dialogue-acts.xml#id(Bmr011.G.dialogueact783)"/>
      <nite:pointer role="abstractive"  href="Bmr011.abssumm.xml#id(Bmr011.s.15)"/>
   </summlink>
   <summlink nite:id="Bmr011.summlink.40">
      <nite:pointer role="extractive"  href="Bmr011.G.dialogue-acts.xml#id(Bmr011.G.dialogueact786)"/>
      <nite:pointer role="abstractive"  href="Bmr011.abssumm.xml#id(Bmr011.s.15)"/>
   </summlink>
   <summlink nite:id="Bmr011.summlink.41">
      <nite:pointer role="extractive"  href="Bmr011.G.dialogue-acts.xml#id(Bmr011.G.dialogueact903)"/>
      <nite:pointer role="abstractive"  href="Bmr011.abssumm.xml#id(Bmr011.s.16)"/>
   </summlink>
   <summlink nite:id="Bmr011.summlink.44">
      <nite:pointer role="extractive"  href="Bmr011.E.dialogue-acts.xml#id(Bmr011.E.dialogueact916)"/>
      <nite:pointer role="abstractive"  href="Bmr011.abssumm.xml#id(Bmr011.s.9)"/>
   </summlink>
   <summlink nite:id="Bmr011.summlink.45">
      <nite:pointer role="extractive"  href="Bmr011.A.dialogue-acts.xml#id(Bmr011.A.dialogueact1058)"/>
      <nite:pointer role="abstractive"  href="Bmr011.abssumm.xml#id(Bmr011.s.9)"/>
   </summlink>
   <summlink nite:id="Bmr011.summlink.46">
      <nite:pointer role="extractive"  href="Bmr011.A.dialogue-acts.xml#id(Bmr011.A.dialogueact1085)"/>
      <nite:pointer role="abstractive"  href="Bmr011.abssumm.xml#id(Bmr011.s.9)"/>
   </summlink>
   <summlink nite:id="Bmr011.summlink.47">
      <nite:pointer role="extractive"  href="Bmr011.A.dialogue-acts.xml#id(Bmr011.A.dialogueact1086)"/>
      <nite:pointer role="abstractive"  href="Bmr011.abssumm.xml#id(Bmr011.s.9)"/>
   </summlink>
   <summlink nite:id="Bmr011.summlink.48">
      <nite:pointer role="extractive"  href="Bmr011.A.dialogue-acts.xml#id(Bmr011.A.dialogueact1088)"/>
      <nite:pointer role="abstractive"  href="Bmr011.abssumm.xml#id(Bmr011.s.9)"/>
   </summlink>
   <summlink nite:id="Bmr011.summlink.49">
      <nite:pointer role="extractive"  href="Bmr011.B.dialogue-acts.xml#id(Bmr011.B.dialogueact1180)"/>
      <nite:pointer role="abstractive"  href="Bmr011.abssumm.xml#id(Bmr011.s.1)"/>
   </summlink>
   <summlink nite:id="Bmr011.summlink.50">
      <nite:pointer role="extractive"  href="Bmr011.B.dialogue-acts.xml#id(Bmr011.B.dialogueact1180)"/>
      <nite:pointer role="abstractive"  href="Bmr011.abssumm.xml#id(Bmr011.s.17)"/>
   </summlink>
   <summlink nite:id="Bmr011.summlink.51">
      <nite:pointer role="extractive"  href="Bmr011.B.dialogue-acts.xml#id(Bmr011.B.dialogueact1194)"/>
      <nite:pointer role="abstractive"  href="Bmr011.abssumm.xml#id(Bmr011.s.1)"/>
   </summlink>
   <summlink nite:id="Bmr011.summlink.52">
      <nite:pointer role="extractive"  href="Bmr011.B.dialogue-acts.xml#id(Bmr011.B.dialogueact1201)"/>
      <nite:pointer role="abstractive"  href="Bmr011.abssumm.xml#id(Bmr011.s.17)"/>
   </summlink>
   <summlink nite:id="Bmr011.summlink.53">
      <nite:pointer role="extractive"  href="Bmr011.B.dialogue-acts.xml#id(Bmr011.B.dialogueact1203)"/>
      <nite:pointer role="abstractive"  href="Bmr011.abssumm.xml#id(Bmr011.s.17)"/>
   </summlink>
   <summlink nite:id="Bmr011.summlink.54">
      <nite:pointer role="extractive"  href="Bmr011.A.dialogue-acts.xml#id(Bmr011.A.dialogueact1312)"/>
      <nite:pointer role="abstractive"  href="Bmr011.abssumm.xml#id(Bmr011.s.4)"/>
   </summlink>
   <summlink nite:id="Bmr011.summlink.55">
      <nite:pointer role="extractive"  href="Bmr011.A.dialogue-acts.xml#id(Bmr011.A.dialogueact1366)"/>
      <nite:pointer role="abstractive"  href="Bmr011.abssumm.xml#id(Bmr011.s.4)"/>
   </summlink>
   <summlink nite:id="Bmr011.summlink.56">
      <nite:pointer role="extractive"  href="Bmr011.A.dialogue-acts.xml#id(Bmr011.A.dialogueact1399)"/>
      <nite:pointer role="abstractive"  href="Bmr011.abssumm.xml#id(Bmr011.s.17)"/>
   </summlink>
   <summlink nite:id="Bmr011.summlink.57">
      <nite:pointer role="extractive"  href="Bmr011.A.dialogue-acts.xml#id(Bmr011.A.dialogueact1399)"/>
      <nite:pointer role="abstractive"  href="Bmr011.abssumm.xml#id(Bmr011.s.1)"/>
   </summlink>
   <summlink nite:id="Bmr011.summlink.58">
      <nite:pointer role="extractive"  href="Bmr011.A.dialogue-acts.xml#id(Bmr011.A.dialogueact1401)"/>
      <nite:pointer role="abstractive"  href="Bmr011.abssumm.xml#id(Bmr011.s.17)"/>
   </summlink>
   <summlink nite:id="Bmr011.summlink.59">
      <nite:pointer role="extractive"  href="Bmr011.A.dialogue-acts.xml#id(Bmr011.A.dialogueact1709)"/>
      <nite:pointer role="abstractive"  href="Bmr011.abssumm.xml#id(Bmr011.s.5)"/>
   </summlink>
   <summlink nite:id="Bmr011.summlink.60">
      <nite:pointer role="extractive"  href="Bmr011.E.dialogue-acts.xml#id(Bmr011.E.dialogueact1756)"/>
      <nite:pointer role="abstractive"  href="Bmr011.abssumm.xml#id(Bmr011.s.10)"/>
   </summlink>
</nite:root>