<?xml version="1.0" encoding="ISO-8859-1" standalone="yes"?>
<nite:root nite:id="Bmr020.summlink" xmlns:nite="http://nite.sourceforge.net/">
   <summlink nite:id="Bmr020.summlink.1">
      <nite:pointer role="extractive"  href="Bmr020.A.dialogue-acts.xml#id(Bmr020.A.dialogueact79)"/>
      <nite:pointer role="abstractive"  href="Bmr020.abssumm.xml#id(Bmr020.s.1)"/>
   </summlink>
   <summlink nite:id="Bmr020.summlink.2">
      <nite:pointer role="extractive"  href="Bmr020.A.dialogue-acts.xml#id(Bmr020.A.dialogueact79)"/>
      <nite:pointer role="abstractive"  href="Bmr020.abssumm.xml#id(Bmr020.s.8)"/>
   </summlink>
   <summlink nite:id="Bmr020.summlink.3">
      <nite:pointer role="extractive"  href="Bmr020.F.dialogue-acts.xml#id(Bmr020.F.dialogueact84)"/>
      <nite:pointer role="abstractive"  href="Bmr020.abssumm.xml#id(Bmr020.s.1)"/>
   </summlink>
   <summlink nite:id="Bmr020.summlink.4">
      <nite:pointer role="extractive"  href="Bmr020.F.dialogue-acts.xml#id(Bmr020.F.dialogueact84)"/>
      <nite:pointer role="abstractive"  href="Bmr020.abssumm.xml#id(Bmr020.s.27)"/>
   </summlink>
   <summlink nite:id="Bmr020.summlink.5">
      <nite:pointer role="extractive"  href="Bmr020.G.dialogue-acts.xml#id(Bmr020.G.dialogueact98)"/>
      <nite:pointer role="abstractive"  href="Bmr020.abssumm.xml#id(Bmr020.s.20)"/>
   </summlink>
   <summlink nite:id="Bmr020.summlink.6">
      <nite:pointer role="extractive"  href="Bmr020.G.dialogue-acts.xml#id(Bmr020.G.dialogueact87)"/>
      <nite:pointer role="abstractive"  href="Bmr020.abssumm.xml#id(Bmr020.s.20)"/>
   </summlink>
   <summlink nite:id="Bmr020.summlink.7">
      <nite:pointer role="extractive"  href="Bmr020.A.dialogue-acts.xml#id(Bmr020.A.dialogueact111)"/>
      <nite:pointer role="abstractive"  href="Bmr020.abssumm.xml#id(Bmr020.s.27)"/>
   </summlink>
   <summlink nite:id="Bmr020.summlink.8">
      <nite:pointer role="extractive"  href="Bmr020.G.dialogue-acts.xml#id(Bmr020.G.dialogueact173)"/>
      <nite:pointer role="abstractive"  href="Bmr020.abssumm.xml#id(Bmr020.s.5)"/>
   </summlink>
   <summlink nite:id="Bmr020.summlink.9">
      <nite:pointer role="extractive"  href="Bmr020.G.dialogue-acts.xml#id(Bmr020.G.dialogueact173)"/>
      <nite:pointer role="abstractive"  href="Bmr020.abssumm.xml#id(Bmr020.s.28)"/>
   </summlink>
   <summlink nite:id="Bmr020.summlink.10">
      <nite:pointer role="extractive"  href="Bmr020.G.dialogue-acts.xml#id(Bmr020.G.dialogueact204)"/>
      <nite:pointer role="abstractive"  href="Bmr020.abssumm.xml#id(Bmr020.s.2)"/>
   </summlink>
   <summlink nite:id="Bmr020.summlink.11">
      <nite:pointer role="extractive"  href="Bmr020.G.dialogue-acts.xml#id(Bmr020.G.dialogueact204)"/>
      <nite:pointer role="abstractive"  href="Bmr020.abssumm.xml#id(Bmr020.s.29)"/>
   </summlink>
   <summlink nite:id="Bmr020.summlink.12">
      <nite:pointer role="extractive"  href="Bmr020.G.dialogue-acts.xml#id(Bmr020.G.dialogueact207)"/>
      <nite:pointer role="abstractive"  href="Bmr020.abssumm.xml#id(Bmr020.s.29)"/>
   </summlink>
   <summlink nite:id="Bmr020.summlink.13">
      <nite:pointer role="extractive"  href="Bmr020.G.dialogue-acts.xml#id(Bmr020.G.dialogueact210)"/>
      <nite:pointer role="abstractive"  href="Bmr020.abssumm.xml#id(Bmr020.s.28)"/>
   </summlink>
   <summlink nite:id="Bmr020.summlink.14">
      <nite:pointer role="extractive"  href="Bmr020.G.dialogue-acts.xml#id(Bmr020.G.dialogueact220)"/>
      <nite:pointer role="abstractive"  href="Bmr020.abssumm.xml#id(Bmr020.s.30)"/>
   </summlink>
   <summlink nite:id="Bmr020.summlink.15">
      <nite:pointer role="extractive"  href="Bmr020.G.dialogue-acts.xml#id(Bmr020.G.dialogueact221)"/>
      <nite:pointer role="abstractive"  href="Bmr020.abssumm.xml#id(Bmr020.s.30)"/>
   </summlink>
   <summlink nite:id="Bmr020.summlink.16">
      <nite:pointer role="extractive"  href="Bmr020.G.dialogue-acts.xml#id(Bmr020.G.dialogueact282)"/>
      <nite:pointer role="abstractive"  href="Bmr020.abssumm.xml#id(Bmr020.s.29)"/>
   </summlink>
   <summlink nite:id="Bmr020.summlink.17">
      <nite:pointer role="extractive"  href="Bmr020.G.dialogue-acts.xml#id(Bmr020.G.dialogueact292)"/>
      <nite:pointer role="abstractive"  href="Bmr020.abssumm.xml#id(Bmr020.s.21)"/>
   </summlink>
   <summlink nite:id="Bmr020.summlink.18">
      <nite:pointer role="extractive"  href="Bmr020.D.dialogue-acts.xml#id(Bmr020.D.dialogueact289)"/>
      <nite:pointer role="abstractive"  href="Bmr020.abssumm.xml#id(Bmr020.s.21)"/>
   </summlink>
   <summlink nite:id="Bmr020.summlink.19">
      <nite:pointer role="extractive"  href="Bmr020.A.dialogue-acts.xml#id(Bmr020.A.dialogueact300)"/>
      <nite:pointer role="abstractive"  href="Bmr020.abssumm.xml#id(Bmr020.s.21)"/>
   </summlink>
   <summlink nite:id="Bmr020.summlink.20">
      <nite:pointer role="extractive"  href="Bmr020.G.dialogue-acts.xml#id(Bmr020.G.dialogueact324)"/>
      <nite:pointer role="abstractive"  href="Bmr020.abssumm.xml#id(Bmr020.s.2)"/>
   </summlink>
   <summlink nite:id="Bmr020.summlink.21">
      <nite:pointer role="extractive"  href="Bmr020.G.dialogue-acts.xml#id(Bmr020.G.dialogueact329)"/>
      <nite:pointer role="abstractive"  href="Bmr020.abssumm.xml#id(Bmr020.s.2)"/>
   </summlink>
   <summlink nite:id="Bmr020.summlink.23">
      <nite:pointer role="extractive"  href="Bmr020.G.dialogue-acts.xml#id(Bmr020.G.dialogueact342)"/>
      <nite:pointer role="abstractive"  href="Bmr020.abssumm.xml#id(Bmr020.s.3)"/>
   </summlink>
   <summlink nite:id="Bmr020.summlink.24">
      <nite:pointer role="extractive"  href="Bmr020.G.dialogue-acts.xml#id(Bmr020.G.dialogueact337)"/>
      <nite:pointer role="abstractive"  href="Bmr020.abssumm.xml#id(Bmr020.s.3)"/>
   </summlink>
   <summlink nite:id="Bmr020.summlink.25">
      <nite:pointer role="extractive"  href="Bmr020.G.dialogue-acts.xml#id(Bmr020.G.dialogueact337)"/>
      <nite:pointer role="abstractive"  href="Bmr020.abssumm.xml#id(Bmr020.s.31)"/>
   </summlink>
   <summlink nite:id="Bmr020.summlink.27">
      <nite:pointer role="extractive"  href="Bmr020.G.dialogue-acts.xml#id(Bmr020.G.dialogueact373)"/>
      <nite:pointer role="abstractive"  href="Bmr020.abssumm.xml#id(Bmr020.s.31)"/>
   </summlink>
   <summlink nite:id="Bmr020.summlink.28">
      <nite:pointer role="extractive"  href="Bmr020.G.dialogue-acts.xml#id(Bmr020.G.dialogueact373)"/>
      <nite:pointer role="abstractive"  href="Bmr020.abssumm.xml#id(Bmr020.s.3)"/>
   </summlink>
   <summlink nite:id="Bmr020.summlink.29">
      <nite:pointer role="extractive"  href="Bmr020.G.dialogue-acts.xml#id(Bmr020.G.dialogueact500)"/>
      <nite:pointer role="abstractive"  href="Bmr020.abssumm.xml#id(Bmr020.s.32)"/>
   </summlink>
   <summlink nite:id="Bmr020.summlink.30">
      <nite:pointer role="extractive"  href="Bmr020.G.dialogue-acts.xml#id(Bmr020.G.dialogueact503)"/>
      <nite:pointer role="abstractive"  href="Bmr020.abssumm.xml#id(Bmr020.s.32)"/>
   </summlink>
   <summlink nite:id="Bmr020.summlink.31">
      <nite:pointer role="extractive"  href="Bmr020.G.dialogue-acts.xml#id(Bmr020.G.dialogueact504)"/>
      <nite:pointer role="abstractive"  href="Bmr020.abssumm.xml#id(Bmr020.s.32)"/>
   </summlink>
   <summlink nite:id="Bmr020.summlink.32">
      <nite:pointer role="extractive"  href="Bmr020.G.dialogue-acts.xml#id(Bmr020.G.dialogueact505)"/>
      <nite:pointer role="abstractive"  href="Bmr020.abssumm.xml#id(Bmr020.s.32)"/>
   </summlink>
   <summlink nite:id="Bmr020.summlink.33">
      <nite:pointer role="extractive"  href="Bmr020.G.dialogue-acts.xml#id(Bmr020.G.dialogueact529)"/>
      <nite:pointer role="abstractive"  href="Bmr020.abssumm.xml#id(Bmr020.s.4)"/>
   </summlink>
   <summlink nite:id="Bmr020.summlink.34">
      <nite:pointer role="extractive"  href="Bmr020.G.dialogue-acts.xml#id(Bmr020.G.dialogueact529)"/>
      <nite:pointer role="abstractive"  href="Bmr020.abssumm.xml#id(Bmr020.s.32)"/>
   </summlink>
   <summlink nite:id="Bmr020.summlink.35">
      <nite:pointer role="extractive"  href="Bmr020.G.dialogue-acts.xml#id(Bmr020.G.dialogueact531)"/>
      <nite:pointer role="abstractive"  href="Bmr020.abssumm.xml#id(Bmr020.s.32)"/>
   </summlink>
   <summlink nite:id="Bmr020.summlink.36">
      <nite:pointer role="extractive"  href="Bmr020.G.dialogue-acts.xml#id(Bmr020.G.dialogueact546)"/>
      <nite:pointer role="abstractive"  href="Bmr020.abssumm.xml#id(Bmr020.s.22)"/>
   </summlink>
   <summlink nite:id="Bmr020.summlink.37">
      <nite:pointer role="extractive"  href="Bmr020.G.dialogue-acts.xml#id(Bmr020.G.dialogueact604)"/>
      <nite:pointer role="abstractive"  href="Bmr020.abssumm.xml#id(Bmr020.s.6)"/>
   </summlink>
   <summlink nite:id="Bmr020.summlink.38">
      <nite:pointer role="extractive"  href="Bmr020.G.dialogue-acts.xml#id(Bmr020.G.dialogueact702)"/>
      <nite:pointer role="abstractive"  href="Bmr020.abssumm.xml#id(Bmr020.s.7)"/>
   </summlink>
   <summlink nite:id="Bmr020.summlink.39">
      <nite:pointer role="extractive"  href="Bmr020.G.dialogue-acts.xml#id(Bmr020.G.dialogueact702)"/>
      <nite:pointer role="abstractive"  href="Bmr020.abssumm.xml#id(Bmr020.s.33)"/>
   </summlink>
   <summlink nite:id="Bmr020.summlink.40">
      <nite:pointer role="extractive"  href="Bmr020.G.dialogue-acts.xml#id(Bmr020.G.dialogueact704)"/>
      <nite:pointer role="abstractive"  href="Bmr020.abssumm.xml#id(Bmr020.s.33)"/>
   </summlink>
   <summlink nite:id="Bmr020.summlink.41">
      <nite:pointer role="extractive"  href="Bmr020.G.dialogue-acts.xml#id(Bmr020.G.dialogueact704)"/>
      <nite:pointer role="abstractive"  href="Bmr020.abssumm.xml#id(Bmr020.s.7)"/>
   </summlink>
   <summlink nite:id="Bmr020.summlink.42">
      <nite:pointer role="extractive"  href="Bmr020.G.dialogue-acts.xml#id(Bmr020.G.dialogueact705)"/>
      <nite:pointer role="abstractive"  href="Bmr020.abssumm.xml#id(Bmr020.s.7)"/>
   </summlink>
   <summlink nite:id="Bmr020.summlink.43">
      <nite:pointer role="extractive"  href="Bmr020.G.dialogue-acts.xml#id(Bmr020.G.dialogueact705)"/>
      <nite:pointer role="abstractive"  href="Bmr020.abssumm.xml#id(Bmr020.s.33)"/>
   </summlink>
   <summlink nite:id="Bmr020.summlink.44">
      <nite:pointer role="extractive"  href="Bmr020.G.dialogue-acts.xml#id(Bmr020.G.dialogueact747)"/>
      <nite:pointer role="abstractive"  href="Bmr020.abssumm.xml#id(Bmr020.s.33)"/>
   </summlink>
   <summlink nite:id="Bmr020.summlink.45">
      <nite:pointer role="extractive"  href="Bmr020.G.dialogue-acts.xml#id(Bmr020.G.dialogueact816)"/>
      <nite:pointer role="abstractive"  href="Bmr020.abssumm.xml#id(Bmr020.s.11)"/>
   </summlink>
   <summlink nite:id="Bmr020.summlink.46">
      <nite:pointer role="extractive"  href="Bmr020.E.dialogue-acts.xml#id(Bmr020.E.dialogueact842)"/>
      <nite:pointer role="abstractive"  href="Bmr020.abssumm.xml#id(Bmr020.s.11)"/>
   </summlink>
   <summlink nite:id="Bmr020.summlink.47">
      <nite:pointer role="extractive"  href="Bmr020.F.dialogue-acts.xml#id(Bmr020.F.dialogueact857)"/>
      <nite:pointer role="abstractive"  href="Bmr020.abssumm.xml#id(Bmr020.s.1)"/>
   </summlink>
   <summlink nite:id="Bmr020.summlink.48">
      <nite:pointer role="extractive"  href="Bmr020.F.dialogue-acts.xml#id(Bmr020.F.dialogueact857)"/>
      <nite:pointer role="abstractive"  href="Bmr020.abssumm.xml#id(Bmr020.s.8)"/>
   </summlink>
   <summlink nite:id="Bmr020.summlink.49">
      <nite:pointer role="extractive"  href="Bmr020.C.dialogue-acts.xml#id(Bmr020.C.dialogueact860)"/>
      <nite:pointer role="abstractive"  href="Bmr020.abssumm.xml#id(Bmr020.s.34)"/>
   </summlink>
   <summlink nite:id="Bmr020.summlink.50">
      <nite:pointer role="extractive"  href="Bmr020.A.dialogue-acts.xml#id(Bmr020.A.dialogueact886)"/>
      <nite:pointer role="abstractive"  href="Bmr020.abssumm.xml#id(Bmr020.s.13)"/>
   </summlink>
   <summlink nite:id="Bmr020.summlink.51">
      <nite:pointer role="extractive"  href="Bmr020.D.dialogue-acts.xml#id(Bmr020.D.dialogueact901)"/>
      <nite:pointer role="abstractive"  href="Bmr020.abssumm.xml#id(Bmr020.s.12)"/>
   </summlink>
   <summlink nite:id="Bmr020.summlink.52">
      <nite:pointer role="extractive"  href="Bmr020.D.dialogue-acts.xml#id(Bmr020.D.dialogueact904)"/>
      <nite:pointer role="abstractive"  href="Bmr020.abssumm.xml#id(Bmr020.s.12)"/>
   </summlink>
   <summlink nite:id="Bmr020.summlink.53">
      <nite:pointer role="extractive"  href="Bmr020.D.dialogue-acts.xml#id(Bmr020.D.dialogueact907)"/>
      <nite:pointer role="abstractive"  href="Bmr020.abssumm.xml#id(Bmr020.s.12)"/>
   </summlink>
   <summlink nite:id="Bmr020.summlink.54">
      <nite:pointer role="extractive"  href="Bmr020.D.dialogue-acts.xml#id(Bmr020.D.dialogueact901)"/>
      <nite:pointer role="abstractive"  href="Bmr020.abssumm.xml#id(Bmr020.s.23)"/>
   </summlink>
   <summlink nite:id="Bmr020.summlink.55">
      <nite:pointer role="extractive"  href="Bmr020.A.dialogue-acts.xml#id(Bmr020.A.dialogueact937)"/>
      <nite:pointer role="abstractive"  href="Bmr020.abssumm.xml#id(Bmr020.s.23)"/>
   </summlink>
   <summlink nite:id="Bmr020.summlink.56">
      <nite:pointer role="extractive"  href="Bmr020.G.dialogue-acts.xml#id(Bmr020.G.dialogueact972)"/>
      <nite:pointer role="abstractive"  href="Bmr020.abssumm.xml#id(Bmr020.s.14)"/>
   </summlink>
   <summlink nite:id="Bmr020.summlink.57">
      <nite:pointer role="extractive"  href="Bmr020.G.dialogue-acts.xml#id(Bmr020.G.dialogueact969)"/>
      <nite:pointer role="abstractive"  href="Bmr020.abssumm.xml#id(Bmr020.s.14)"/>
   </summlink>
   <summlink nite:id="Bmr020.summlink.58">
      <nite:pointer role="extractive"  href="Bmr020.D.dialogue-acts.xml#id(Bmr020.D.dialogueact780)"/>
      <nite:pointer role="abstractive"  href="Bmr020.abssumm.xml#id(Bmr020.s.15)"/>
   </summlink>
   <summlink nite:id="Bmr020.summlink.59">
      <nite:pointer role="extractive"  href="Bmr020.C.dialogue-acts.xml#id(Bmr020.C.dialogueact1026)"/>
      <nite:pointer role="abstractive"  href="Bmr020.abssumm.xml#id(Bmr020.s.10)"/>
   </summlink>
   <summlink nite:id="Bmr020.summlink.60">
      <nite:pointer role="extractive"  href="Bmr020.C.dialogue-acts.xml#id(Bmr020.C.dialogueact1061)"/>
      <nite:pointer role="abstractive"  href="Bmr020.abssumm.xml#id(Bmr020.s.10)"/>
   </summlink>
   <summlink nite:id="Bmr020.summlink.61">
      <nite:pointer role="extractive"  href="Bmr020.C.dialogue-acts.xml#id(Bmr020.C.dialogueact1093)"/>
      <nite:pointer role="abstractive"  href="Bmr020.abssumm.xml#id(Bmr020.s.14)"/>
   </summlink>
   <summlink nite:id="Bmr020.summlink.62">
      <nite:pointer role="extractive"  href="Bmr020.G.dialogue-acts.xml#id(Bmr020.G.dialogueact1098)"/>
      <nite:pointer role="abstractive"  href="Bmr020.abssumm.xml#id(Bmr020.s.14)"/>
   </summlink>
   <summlink nite:id="Bmr020.summlink.63">
      <nite:pointer role="extractive"  href="Bmr020.C.dialogue-acts.xml#id(Bmr020.C.dialogueact1110)"/>
      <nite:pointer role="abstractive"  href="Bmr020.abssumm.xml#id(Bmr020.s.13)"/>
   </summlink>
   <summlink nite:id="Bmr020.summlink.64">
      <nite:pointer role="extractive"  href="Bmr020.C.dialogue-acts.xml#id(Bmr020.C.dialogueact1140)"/>
      <nite:pointer role="abstractive"  href="Bmr020.abssumm.xml#id(Bmr020.s.35)"/>
   </summlink>
   <summlink nite:id="Bmr020.summlink.65">
      <nite:pointer role="extractive"  href="Bmr020.C.dialogue-acts.xml#id(Bmr020.C.dialogueact1142)"/>
      <nite:pointer role="abstractive"  href="Bmr020.abssumm.xml#id(Bmr020.s.35)"/>
   </summlink>
   <summlink nite:id="Bmr020.summlink.66">
      <nite:pointer role="extractive"  href="Bmr020.C.dialogue-acts.xml#id(Bmr020.C.dialogueact1157)"/>
      <nite:pointer role="abstractive"  href="Bmr020.abssumm.xml#id(Bmr020.s.9)"/>
   </summlink>
   <summlink nite:id="Bmr020.summlink.67">
      <nite:pointer role="extractive"  href="Bmr020.B.dialogue-acts.xml#id(Bmr020.B.dialogueact1244)"/>
      <nite:pointer role="abstractive"  href="Bmr020.abssumm.xml#id(Bmr020.s.9)"/>
   </summlink>
   <summlink nite:id="Bmr020.summlink.68">
      <nite:pointer role="extractive"  href="Bmr020.C.dialogue-acts.xml#id(Bmr020.C.dialogueact1269)"/>
      <nite:pointer role="abstractive"  href="Bmr020.abssumm.xml#id(Bmr020.s.24)"/>
   </summlink>
   <summlink nite:id="Bmr020.summlink.69">
      <nite:pointer role="extractive"  href="Bmr020.B.dialogue-acts.xml#id(Bmr020.B.dialogueact1287)"/>
      <nite:pointer role="abstractive"  href="Bmr020.abssumm.xml#id(Bmr020.s.9)"/>
   </summlink>
   <summlink nite:id="Bmr020.summlink.70">
      <nite:pointer role="extractive"  href="Bmr020.D.dialogue-acts.xml#id(Bmr020.D.dialogueact1288)"/>
      <nite:pointer role="abstractive"  href="Bmr020.abssumm.xml#id(Bmr020.s.9)"/>
   </summlink>
   <summlink nite:id="Bmr020.summlink.71">
      <nite:pointer role="extractive"  href="Bmr020.B.dialogue-acts.xml#id(Bmr020.B.dialogueact1287)"/>
      <nite:pointer role="abstractive"  href="Bmr020.abssumm.xml#id(Bmr020.s.16)"/>
   </summlink>
   <summlink nite:id="Bmr020.summlink.72">
      <nite:pointer role="extractive"  href="Bmr020.D.dialogue-acts.xml#id(Bmr020.D.dialogueact1331)"/>
      <nite:pointer role="abstractive"  href="Bmr020.abssumm.xml#id(Bmr020.s.16)"/>
   </summlink>
   <summlink nite:id="Bmr020.summlink.73">
      <nite:pointer role="extractive"  href="Bmr020.D.dialogue-acts.xml#id(Bmr020.D.dialogueact1334)"/>
      <nite:pointer role="abstractive"  href="Bmr020.abssumm.xml#id(Bmr020.s.15)"/>
   </summlink>
   <summlink nite:id="Bmr020.summlink.74">
      <nite:pointer role="extractive"  href="Bmr020.D.dialogue-acts.xml#id(Bmr020.D.dialogueact1336)"/>
      <nite:pointer role="abstractive"  href="Bmr020.abssumm.xml#id(Bmr020.s.16)"/>
   </summlink>
   <summlink nite:id="Bmr020.summlink.75">
      <nite:pointer role="extractive"  href="Bmr020.D.dialogue-acts.xml#id(Bmr020.D.dialogueact1336)"/>
      <nite:pointer role="abstractive"  href="Bmr020.abssumm.xml#id(Bmr020.s.15)"/>
   </summlink>
   <summlink nite:id="Bmr020.summlink.76">
      <nite:pointer role="extractive"  href="Bmr020.D.dialogue-acts.xml#id(Bmr020.D.dialogueact1340)"/>
      <nite:pointer role="abstractive"  href="Bmr020.abssumm.xml#id(Bmr020.s.16)"/>
   </summlink>
   <summlink nite:id="Bmr020.summlink.77">
      <nite:pointer role="extractive"  href="Bmr020.F.dialogue-acts.xml#id(Bmr020.F.dialogueact1444)"/>
      <nite:pointer role="abstractive"  href="Bmr020.abssumm.xml#id(Bmr020.s.9)"/>
   </summlink>
   <summlink nite:id="Bmr020.summlink.78">
      <nite:pointer role="extractive"  href="Bmr020.F.dialogue-acts.xml#id(Bmr020.F.dialogueact1446)"/>
      <nite:pointer role="abstractive"  href="Bmr020.abssumm.xml#id(Bmr020.s.18)"/>
   </summlink>
   <summlink nite:id="Bmr020.summlink.79">
      <nite:pointer role="extractive"  href="Bmr020.F.dialogue-acts.xml#id(Bmr020.F.dialogueact1462)"/>
      <nite:pointer role="abstractive"  href="Bmr020.abssumm.xml#id(Bmr020.s.9)"/>
   </summlink>
   <summlink nite:id="Bmr020.summlink.80">
      <nite:pointer role="extractive"  href="Bmr020.B.dialogue-acts.xml#id(Bmr020.B.dialogueact1564)"/>
      <nite:pointer role="abstractive"  href="Bmr020.abssumm.xml#id(Bmr020.s.24)"/>
   </summlink>
   <summlink nite:id="Bmr020.summlink.81">
      <nite:pointer role="extractive"  href="Bmr020.C.dialogue-acts.xml#id(Bmr020.C.dialogueact1581)"/>
      <nite:pointer role="abstractive"  href="Bmr020.abssumm.xml#id(Bmr020.s.17)"/>
   </summlink>
   <summlink nite:id="Bmr020.summlink.82">
      <nite:pointer role="extractive"  href="Bmr020.B.dialogue-acts.xml#id(Bmr020.B.dialogueact1620)"/>
      <nite:pointer role="abstractive"  href="Bmr020.abssumm.xml#id(Bmr020.s.17)"/>
   </summlink>
   <summlink nite:id="Bmr020.summlink.83">
      <nite:pointer role="extractive"  href="Bmr020.F.dialogue-acts.xml#id(Bmr020.F.dialogueact1626)"/>
      <nite:pointer role="abstractive"  href="Bmr020.abssumm.xml#id(Bmr020.s.17)"/>
   </summlink>
   <summlink nite:id="Bmr020.summlink.84">
      <nite:pointer role="extractive"  href="Bmr020.D.dialogue-acts.xml#id(Bmr020.D.dialogueact1659)"/>
      <nite:pointer role="abstractive"  href="Bmr020.abssumm.xml#id(Bmr020.s.16)"/>
   </summlink>
   <summlink nite:id="Bmr020.summlink.85">
      <nite:pointer role="extractive"  href="Bmr020.D.dialogue-acts.xml#id(Bmr020.D.dialogueact1660)"/>
      <nite:pointer role="abstractive"  href="Bmr020.abssumm.xml#id(Bmr020.s.15)"/>
   </summlink>
   <summlink nite:id="Bmr020.summlink.86">
      <nite:pointer role="extractive"  href="Bmr020.B.dialogue-acts.xml#id(Bmr020.B.dialogueact1698)"/>
      <nite:pointer role="abstractive"  href="Bmr020.abssumm.xml#id(Bmr020.s.25)"/>
   </summlink>
   <summlink nite:id="Bmr020.summlink.87">
      <nite:pointer role="extractive"  href="Bmr020.A.dialogue-acts.xml#id(Bmr020.A.dialogueact1701)"/>
      <nite:pointer role="abstractive"  href="Bmr020.abssumm.xml#id(Bmr020.s.19)"/>
   </summlink>
   <summlink nite:id="Bmr020.summlink.88">
      <nite:pointer role="extractive"  href="Bmr020.A.dialogue-acts.xml#id(Bmr020.A.dialogueact1720)"/>
      <nite:pointer role="abstractive"  href="Bmr020.abssumm.xml#id(Bmr020.s.26)"/>
   </summlink>
   <summlink nite:id="Bmr020.summlink.89">
      <nite:pointer role="extractive"  href="Bmr020.A.dialogue-acts.xml#id(Bmr020.A.dialogueact1805)"/>
      <nite:pointer role="abstractive"  href="Bmr020.abssumm.xml#id(Bmr020.s.19)"/>
   </summlink>
</nite:root>