<?xml version="1.0" encoding="ISO-8859-1" standalone="yes"?>
<nite:root nite:id="Bmr024.summlink" xmlns:nite="http://nite.sourceforge.net/">
   <summlink nite:id="Bmr024.summlink.1">
      <nite:pointer role="extractive"  href="Bmr024.D.dialogue-acts.xml#id(Bmr024.D.dialogueact62)"/>
      <nite:pointer role="abstractive"  href="Bmr024.abssumm.xml#id(Bmr024.s.28)"/>
   </summlink>
   <summlink nite:id="Bmr024.summlink.2">
      <nite:pointer role="extractive"  href="Bmr024.D.dialogue-acts.xml#id(Bmr024.D.dialogueact62)"/>
      <nite:pointer role="abstractive"  href="Bmr024.abssumm.xml#id(Bmr024.s.6)"/>
   </summlink>
   <summlink nite:id="Bmr024.summlink.3">
      <nite:pointer role="extractive"  href="Bmr024.F.dialogue-acts.xml#id(Bmr024.F.dialogueact65)"/>
      <nite:pointer role="abstractive"  href="Bmr024.abssumm.xml#id(Bmr024.s.6)"/>
   </summlink>
   <summlink nite:id="Bmr024.summlink.4">
      <nite:pointer role="extractive"  href="Bmr024.F.dialogue-acts.xml#id(Bmr024.F.dialogueact65)"/>
      <nite:pointer role="abstractive"  href="Bmr024.abssumm.xml#id(Bmr024.s.28)"/>
   </summlink>
   <summlink nite:id="Bmr024.summlink.5">
      <nite:pointer role="extractive"  href="Bmr024.F.dialogue-acts.xml#id(Bmr024.F.dialogueact66)"/>
      <nite:pointer role="abstractive"  href="Bmr024.abssumm.xml#id(Bmr024.s.6)"/>
   </summlink>
   <summlink nite:id="Bmr024.summlink.6">
      <nite:pointer role="extractive"  href="Bmr024.F.dialogue-acts.xml#id(Bmr024.F.dialogueact66)"/>
      <nite:pointer role="abstractive"  href="Bmr024.abssumm.xml#id(Bmr024.s.28)"/>
   </summlink>
   <summlink nite:id="Bmr024.summlink.7">
      <nite:pointer role="extractive"  href="Bmr024.A.dialogue-acts.xml#id(Bmr024.A.dialogueact72)"/>
      <nite:pointer role="abstractive"  href="Bmr024.abssumm.xml#id(Bmr024.s.12)"/>
   </summlink>
   <summlink nite:id="Bmr024.summlink.8">
      <nite:pointer role="extractive"  href="Bmr024.F.dialogue-acts.xml#id(Bmr024.F.dialogueact93)"/>
      <nite:pointer role="abstractive"  href="Bmr024.abssumm.xml#id(Bmr024.s.28)"/>
   </summlink>
   <summlink nite:id="Bmr024.summlink.9">
      <nite:pointer role="extractive"  href="Bmr024.F.dialogue-acts.xml#id(Bmr024.F.dialogueact93)"/>
      <nite:pointer role="abstractive"  href="Bmr024.abssumm.xml#id(Bmr024.s.6)"/>
   </summlink>
   <summlink nite:id="Bmr024.summlink.10">
      <nite:pointer role="extractive"  href="Bmr024.F.dialogue-acts.xml#id(Bmr024.F.dialogueact95)"/>
      <nite:pointer role="abstractive"  href="Bmr024.abssumm.xml#id(Bmr024.s.28)"/>
   </summlink>
   <summlink nite:id="Bmr024.summlink.11">
      <nite:pointer role="extractive"  href="Bmr024.F.dialogue-acts.xml#id(Bmr024.F.dialogueact95)"/>
      <nite:pointer role="abstractive"  href="Bmr024.abssumm.xml#id(Bmr024.s.6)"/>
   </summlink>
   <summlink nite:id="Bmr024.summlink.12">
      <nite:pointer role="extractive"  href="Bmr024.D.dialogue-acts.xml#id(Bmr024.D.dialogueact104)"/>
      <nite:pointer role="abstractive"  href="Bmr024.abssumm.xml#id(Bmr024.s.2)"/>
   </summlink>
   <summlink nite:id="Bmr024.summlink.13">
      <nite:pointer role="extractive"  href="Bmr024.D.dialogue-acts.xml#id(Bmr024.D.dialogueact104)"/>
      <nite:pointer role="abstractive"  href="Bmr024.abssumm.xml#id(Bmr024.s.19)"/>
   </summlink>
   <summlink nite:id="Bmr024.summlink.14">
      <nite:pointer role="extractive"  href="Bmr024.F.dialogue-acts.xml#id(Bmr024.F.dialogueact108)"/>
      <nite:pointer role="abstractive"  href="Bmr024.abssumm.xml#id(Bmr024.s.19)"/>
   </summlink>
   <summlink nite:id="Bmr024.summlink.16">
      <nite:pointer role="extractive"  href="Bmr024.F.dialogue-acts.xml#id(Bmr024.F.dialogueact108)"/>
      <nite:pointer role="abstractive"  href="Bmr024.abssumm.xml#id(Bmr024.s.2)"/>
   </summlink>
   <summlink nite:id="Bmr024.summlink.17">
      <nite:pointer role="extractive"  href="Bmr024.F.dialogue-acts.xml#id(Bmr024.F.dialogueact109)"/>
      <nite:pointer role="abstractive"  href="Bmr024.abssumm.xml#id(Bmr024.s.19)"/>
   </summlink>
   <summlink nite:id="Bmr024.summlink.18">
      <nite:pointer role="extractive"  href="Bmr024.E.dialogue-acts.xml#id(Bmr024.E.dialogueact114)"/>
      <nite:pointer role="abstractive"  href="Bmr024.abssumm.xml#id(Bmr024.s.19)"/>
   </summlink>
   <summlink nite:id="Bmr024.summlink.19">
      <nite:pointer role="extractive"  href="Bmr024.F.dialogue-acts.xml#id(Bmr024.F.dialogueact117)"/>
      <nite:pointer role="abstractive"  href="Bmr024.abssumm.xml#id(Bmr024.s.19)"/>
   </summlink>
   <summlink nite:id="Bmr024.summlink.20">
      <nite:pointer role="extractive"  href="Bmr024.B.dialogue-acts.xml#id(Bmr024.B.dialogueact130)"/>
      <nite:pointer role="abstractive"  href="Bmr024.abssumm.xml#id(Bmr024.s.19)"/>
   </summlink>
   <summlink nite:id="Bmr024.summlink.21">
      <nite:pointer role="extractive"  href="Bmr024.A.dialogue-acts.xml#id(Bmr024.A.dialogueact233)"/>
      <nite:pointer role="abstractive"  href="Bmr024.abssumm.xml#id(Bmr024.s.2)"/>
   </summlink>
   <summlink nite:id="Bmr024.summlink.23">
      <nite:pointer role="extractive"  href="Bmr024.A.dialogue-acts.xml#id(Bmr024.A.dialogueact233)"/>
      <nite:pointer role="abstractive"  href="Bmr024.abssumm.xml#id(Bmr024.s.21)"/>
   </summlink>
   <summlink nite:id="Bmr024.summlink.25">
      <nite:pointer role="extractive"  href="Bmr024.A.dialogue-acts.xml#id(Bmr024.A.dialogueact236)"/>
      <nite:pointer role="abstractive"  href="Bmr024.abssumm.xml#id(Bmr024.s.2)"/>
   </summlink>
   <summlink nite:id="Bmr024.summlink.27">
      <nite:pointer role="extractive"  href="Bmr024.A.dialogue-acts.xml#id(Bmr024.A.dialogueact236)"/>
      <nite:pointer role="abstractive"  href="Bmr024.abssumm.xml#id(Bmr024.s.22)"/>
   </summlink>
   <summlink nite:id="Bmr024.summlink.28">
      <nite:pointer role="extractive"  href="Bmr024.A.dialogue-acts.xml#id(Bmr024.A.dialogueact237)"/>
      <nite:pointer role="abstractive"  href="Bmr024.abssumm.xml#id(Bmr024.s.22)"/>
   </summlink>
   <summlink nite:id="Bmr024.summlink.29">
      <nite:pointer role="extractive"  href="Bmr024.A.dialogue-acts.xml#id(Bmr024.A.dialogueact237)"/>
      <nite:pointer role="abstractive"  href="Bmr024.abssumm.xml#id(Bmr024.s.2)"/>
   </summlink>
   <summlink nite:id="Bmr024.summlink.30">
      <nite:pointer role="extractive"  href="Bmr024.A.dialogue-acts.xml#id(Bmr024.A.dialogueact240)"/>
      <nite:pointer role="abstractive"  href="Bmr024.abssumm.xml#id(Bmr024.s.22)"/>
   </summlink>
   <summlink nite:id="Bmr024.summlink.31">
      <nite:pointer role="extractive"  href="Bmr024.A.dialogue-acts.xml#id(Bmr024.A.dialogueact241)"/>
      <nite:pointer role="abstractive"  href="Bmr024.abssumm.xml#id(Bmr024.s.22)"/>
   </summlink>
   <summlink nite:id="Bmr024.summlink.32">
      <nite:pointer role="extractive"  href="Bmr024.A.dialogue-acts.xml#id(Bmr024.A.dialogueact243)"/>
      <nite:pointer role="abstractive"  href="Bmr024.abssumm.xml#id(Bmr024.s.22)"/>
   </summlink>
   <summlink nite:id="Bmr024.summlink.33">
      <nite:pointer role="extractive"  href="Bmr024.A.dialogue-acts.xml#id(Bmr024.A.dialogueact243)"/>
      <nite:pointer role="abstractive"  href="Bmr024.abssumm.xml#id(Bmr024.s.2)"/>
   </summlink>
   <summlink nite:id="Bmr024.summlink.34">
      <nite:pointer role="extractive"  href="Bmr024.A.dialogue-acts.xml#id(Bmr024.A.dialogueact244)"/>
      <nite:pointer role="abstractive"  href="Bmr024.abssumm.xml#id(Bmr024.s.2)"/>
   </summlink>
   <summlink nite:id="Bmr024.summlink.36">
      <nite:pointer role="extractive"  href="Bmr024.A.dialogue-acts.xml#id(Bmr024.A.dialogueact244)"/>
      <nite:pointer role="abstractive"  href="Bmr024.abssumm.xml#id(Bmr024.s.22)"/>
   </summlink>
   <summlink nite:id="Bmr024.summlink.37">
      <nite:pointer role="extractive"  href="Bmr024.D.dialogue-acts.xml#id(Bmr024.D.dialogueact248)"/>
      <nite:pointer role="abstractive"  href="Bmr024.abssumm.xml#id(Bmr024.s.2)"/>
   </summlink>
   <summlink nite:id="Bmr024.summlink.38">
      <nite:pointer role="extractive"  href="Bmr024.D.dialogue-acts.xml#id(Bmr024.D.dialogueact248)"/>
      <nite:pointer role="abstractive"  href="Bmr024.abssumm.xml#id(Bmr024.s.22)"/>
   </summlink>
   <summlink nite:id="Bmr024.summlink.39">
      <nite:pointer role="extractive"  href="Bmr024.D.dialogue-acts.xml#id(Bmr024.D.dialogueact263)"/>
      <nite:pointer role="abstractive"  href="Bmr024.abssumm.xml#id(Bmr024.s.2)"/>
   </summlink>
   <summlink nite:id="Bmr024.summlink.41">
      <nite:pointer role="extractive"  href="Bmr024.D.dialogue-acts.xml#id(Bmr024.D.dialogueact263)"/>
      <nite:pointer role="abstractive"  href="Bmr024.abssumm.xml#id(Bmr024.s.22)"/>
   </summlink>
   <summlink nite:id="Bmr024.summlink.42">
      <nite:pointer role="extractive"  href="Bmr024.A.dialogue-acts.xml#id(Bmr024.A.dialogueact283)"/>
      <nite:pointer role="abstractive"  href="Bmr024.abssumm.xml#id(Bmr024.s.23)"/>
   </summlink>
   <summlink nite:id="Bmr024.summlink.43">
      <nite:pointer role="extractive"  href="Bmr024.A.dialogue-acts.xml#id(Bmr024.A.dialogueact284)"/>
      <nite:pointer role="abstractive"  href="Bmr024.abssumm.xml#id(Bmr024.s.23)"/>
   </summlink>
   <summlink nite:id="Bmr024.summlink.44">
      <nite:pointer role="extractive"  href="Bmr024.A.dialogue-acts.xml#id(Bmr024.A.dialogueact285)"/>
      <nite:pointer role="abstractive"  href="Bmr024.abssumm.xml#id(Bmr024.s.23)"/>
   </summlink>
   <summlink nite:id="Bmr024.summlink.45">
      <nite:pointer role="extractive"  href="Bmr024.A.dialogue-acts.xml#id(Bmr024.A.dialogueact286)"/>
      <nite:pointer role="abstractive"  href="Bmr024.abssumm.xml#id(Bmr024.s.23)"/>
   </summlink>
   <summlink nite:id="Bmr024.summlink.46">
      <nite:pointer role="extractive"  href="Bmr024.A.dialogue-acts.xml#id(Bmr024.A.dialogueact288)"/>
      <nite:pointer role="abstractive"  href="Bmr024.abssumm.xml#id(Bmr024.s.23)"/>
   </summlink>
   <summlink nite:id="Bmr024.summlink.47">
      <nite:pointer role="extractive"  href="Bmr024.A.dialogue-acts.xml#id(Bmr024.A.dialogueact301)"/>
      <nite:pointer role="abstractive"  href="Bmr024.abssumm.xml#id(Bmr024.s.23)"/>
   </summlink>
   <summlink nite:id="Bmr024.summlink.48">
      <nite:pointer role="extractive"  href="Bmr024.F.dialogue-acts.xml#id(Bmr024.F.dialogueact325)"/>
      <nite:pointer role="abstractive"  href="Bmr024.abssumm.xml#id(Bmr024.s.24)"/>
   </summlink>
   <summlink nite:id="Bmr024.summlink.49">
      <nite:pointer role="extractive"  href="Bmr024.D.dialogue-acts.xml#id(Bmr024.D.dialogueact326)"/>
      <nite:pointer role="abstractive"  href="Bmr024.abssumm.xml#id(Bmr024.s.24)"/>
   </summlink>
   <summlink nite:id="Bmr024.summlink.50">
      <nite:pointer role="extractive"  href="Bmr024.D.dialogue-acts.xml#id(Bmr024.D.dialogueact327)"/>
      <nite:pointer role="abstractive"  href="Bmr024.abssumm.xml#id(Bmr024.s.24)"/>
   </summlink>
   <summlink nite:id="Bmr024.summlink.51">
      <nite:pointer role="extractive"  href="Bmr024.D.dialogue-acts.xml#id(Bmr024.D.dialogueact345)"/>
      <nite:pointer role="abstractive"  href="Bmr024.abssumm.xml#id(Bmr024.s.24)"/>
   </summlink>
   <summlink nite:id="Bmr024.summlink.52">
      <nite:pointer role="extractive"  href="Bmr024.D.dialogue-acts.xml#id(Bmr024.D.dialogueact346)"/>
      <nite:pointer role="abstractive"  href="Bmr024.abssumm.xml#id(Bmr024.s.24)"/>
   </summlink>
   <summlink nite:id="Bmr024.summlink.53">
      <nite:pointer role="extractive"  href="Bmr024.D.dialogue-acts.xml#id(Bmr024.D.dialogueact347)"/>
      <nite:pointer role="abstractive"  href="Bmr024.abssumm.xml#id(Bmr024.s.24)"/>
   </summlink>
   <summlink nite:id="Bmr024.summlink.54">
      <nite:pointer role="extractive"  href="Bmr024.F.dialogue-acts.xml#id(Bmr024.F.dialogueact350)"/>
      <nite:pointer role="abstractive"  href="Bmr024.abssumm.xml#id(Bmr024.s.24)"/>
   </summlink>
   <summlink nite:id="Bmr024.summlink.57">
      <nite:pointer role="extractive"  href="Bmr024.D.dialogue-acts.xml#id(Bmr024.D.dialogueact345)"/>
      <nite:pointer role="abstractive"  href="Bmr024.abssumm.xml#id(Bmr024.s.25)"/>
   </summlink>
   <summlink nite:id="Bmr024.summlink.58">
      <nite:pointer role="extractive"  href="Bmr024.D.dialogue-acts.xml#id(Bmr024.D.dialogueact346)"/>
      <nite:pointer role="abstractive"  href="Bmr024.abssumm.xml#id(Bmr024.s.25)"/>
   </summlink>
   <summlink nite:id="Bmr024.summlink.59">
      <nite:pointer role="extractive"  href="Bmr024.D.dialogue-acts.xml#id(Bmr024.D.dialogueact347)"/>
      <nite:pointer role="abstractive"  href="Bmr024.abssumm.xml#id(Bmr024.s.25)"/>
   </summlink>
   <summlink nite:id="Bmr024.summlink.60">
      <nite:pointer role="extractive"  href="Bmr024.D.dialogue-acts.xml#id(Bmr024.D.dialogueact327)"/>
      <nite:pointer role="abstractive"  href="Bmr024.abssumm.xml#id(Bmr024.s.25)"/>
   </summlink>
   <summlink nite:id="Bmr024.summlink.61">
      <nite:pointer role="extractive"  href="Bmr024.F.dialogue-acts.xml#id(Bmr024.F.dialogueact325)"/>
      <nite:pointer role="abstractive"  href="Bmr024.abssumm.xml#id(Bmr024.s.25)"/>
   </summlink>
   <summlink nite:id="Bmr024.summlink.62">
      <nite:pointer role="extractive"  href="Bmr024.D.dialogue-acts.xml#id(Bmr024.D.dialogueact326)"/>
      <nite:pointer role="abstractive"  href="Bmr024.abssumm.xml#id(Bmr024.s.25)"/>
   </summlink>
   <summlink nite:id="Bmr024.summlink.63">
      <nite:pointer role="extractive"  href="Bmr024.D.dialogue-acts.xml#id(Bmr024.D.dialogueact357)"/>
      <nite:pointer role="abstractive"  href="Bmr024.abssumm.xml#id(Bmr024.s.24)"/>
   </summlink>
   <summlink nite:id="Bmr024.summlink.64">
      <nite:pointer role="extractive"  href="Bmr024.F.dialogue-acts.xml#id(Bmr024.F.dialogueact360)"/>
      <nite:pointer role="abstractive"  href="Bmr024.abssumm.xml#id(Bmr024.s.25)"/>
   </summlink>
   <summlink nite:id="Bmr024.summlink.65">
      <nite:pointer role="extractive"  href="Bmr024.F.dialogue-acts.xml#id(Bmr024.F.dialogueact360)"/>
      <nite:pointer role="abstractive"  href="Bmr024.abssumm.xml#id(Bmr024.s.24)"/>
   </summlink>
   <summlink nite:id="Bmr024.summlink.66">
      <nite:pointer role="extractive"  href="Bmr024.F.dialogue-acts.xml#id(Bmr024.F.dialogueact361)"/>
      <nite:pointer role="abstractive"  href="Bmr024.abssumm.xml#id(Bmr024.s.24)"/>
   </summlink>
   <summlink nite:id="Bmr024.summlink.67">
      <nite:pointer role="extractive"  href="Bmr024.F.dialogue-acts.xml#id(Bmr024.F.dialogueact361)"/>
      <nite:pointer role="abstractive"  href="Bmr024.abssumm.xml#id(Bmr024.s.25)"/>
   </summlink>
   <summlink nite:id="Bmr024.summlink.68">
      <nite:pointer role="extractive"  href="Bmr024.F.dialogue-acts.xml#id(Bmr024.F.dialogueact364)"/>
      <nite:pointer role="abstractive"  href="Bmr024.abssumm.xml#id(Bmr024.s.24)"/>
   </summlink>
   <summlink nite:id="Bmr024.summlink.69">
      <nite:pointer role="extractive"  href="Bmr024.F.dialogue-acts.xml#id(Bmr024.F.dialogueact364)"/>
      <nite:pointer role="abstractive"  href="Bmr024.abssumm.xml#id(Bmr024.s.25)"/>
   </summlink>
   <summlink nite:id="Bmr024.summlink.70">
      <nite:pointer role="extractive"  href="Bmr024.F.dialogue-acts.xml#id(Bmr024.F.dialogueact364)"/>
      <nite:pointer role="abstractive"  href="Bmr024.abssumm.xml#id(Bmr024.s.13)"/>
   </summlink>
   <summlink nite:id="Bmr024.summlink.71">
      <nite:pointer role="extractive"  href="Bmr024.F.dialogue-acts.xml#id(Bmr024.F.dialogueact365)"/>
      <nite:pointer role="abstractive"  href="Bmr024.abssumm.xml#id(Bmr024.s.24)"/>
   </summlink>
   <summlink nite:id="Bmr024.summlink.72">
      <nite:pointer role="extractive"  href="Bmr024.F.dialogue-acts.xml#id(Bmr024.F.dialogueact365)"/>
      <nite:pointer role="abstractive"  href="Bmr024.abssumm.xml#id(Bmr024.s.25)"/>
   </summlink>
   <summlink nite:id="Bmr024.summlink.73">
      <nite:pointer role="extractive"  href="Bmr024.F.dialogue-acts.xml#id(Bmr024.F.dialogueact365)"/>
      <nite:pointer role="abstractive"  href="Bmr024.abssumm.xml#id(Bmr024.s.13)"/>
   </summlink>
   <summlink nite:id="Bmr024.summlink.74">
      <nite:pointer role="extractive"  href="Bmr024.I.dialogue-acts.xml#id(Bmr024.I.dialogueact421)"/>
      <nite:pointer role="abstractive"  href="Bmr024.abssumm.xml#id(Bmr024.s.24)"/>
   </summlink>
   <summlink nite:id="Bmr024.summlink.75">
      <nite:pointer role="extractive"  href="Bmr024.I.dialogue-acts.xml#id(Bmr024.I.dialogueact421)"/>
      <nite:pointer role="abstractive"  href="Bmr024.abssumm.xml#id(Bmr024.s.25)"/>
   </summlink>
   <summlink nite:id="Bmr024.summlink.76">
      <nite:pointer role="extractive"  href="Bmr024.E.dialogue-acts.xml#id(Bmr024.E.dialogueact427)"/>
      <nite:pointer role="abstractive"  href="Bmr024.abssumm.xml#id(Bmr024.s.24)"/>
   </summlink>
   <summlink nite:id="Bmr024.summlink.77">
      <nite:pointer role="extractive"  href="Bmr024.E.dialogue-acts.xml#id(Bmr024.E.dialogueact427)"/>
      <nite:pointer role="abstractive"  href="Bmr024.abssumm.xml#id(Bmr024.s.25)"/>
   </summlink>
   <summlink nite:id="Bmr024.summlink.78">
      <nite:pointer role="extractive"  href="Bmr024.I.dialogue-acts.xml#id(Bmr024.I.dialogueact432)"/>
      <nite:pointer role="abstractive"  href="Bmr024.abssumm.xml#id(Bmr024.s.24)"/>
   </summlink>
   <summlink nite:id="Bmr024.summlink.79">
      <nite:pointer role="extractive"  href="Bmr024.I.dialogue-acts.xml#id(Bmr024.I.dialogueact432)"/>
      <nite:pointer role="abstractive"  href="Bmr024.abssumm.xml#id(Bmr024.s.25)"/>
   </summlink>
   <summlink nite:id="Bmr024.summlink.80">
      <nite:pointer role="extractive"  href="Bmr024.I.dialogue-acts.xml#id(Bmr024.I.dialogueact436)"/>
      <nite:pointer role="abstractive"  href="Bmr024.abssumm.xml#id(Bmr024.s.24)"/>
   </summlink>
   <summlink nite:id="Bmr024.summlink.81">
      <nite:pointer role="extractive"  href="Bmr024.I.dialogue-acts.xml#id(Bmr024.I.dialogueact436)"/>
      <nite:pointer role="abstractive"  href="Bmr024.abssumm.xml#id(Bmr024.s.25)"/>
   </summlink>
   <summlink nite:id="Bmr024.summlink.82">
      <nite:pointer role="extractive"  href="Bmr024.I.dialogue-acts.xml#id(Bmr024.I.dialogueact441)"/>
      <nite:pointer role="abstractive"  href="Bmr024.abssumm.xml#id(Bmr024.s.24)"/>
   </summlink>
   <summlink nite:id="Bmr024.summlink.83">
      <nite:pointer role="extractive"  href="Bmr024.I.dialogue-acts.xml#id(Bmr024.I.dialogueact441)"/>
      <nite:pointer role="abstractive"  href="Bmr024.abssumm.xml#id(Bmr024.s.25)"/>
   </summlink>
   <summlink nite:id="Bmr024.summlink.84">
      <nite:pointer role="extractive"  href="Bmr024.I.dialogue-acts.xml#id(Bmr024.I.dialogueact442)"/>
      <nite:pointer role="abstractive"  href="Bmr024.abssumm.xml#id(Bmr024.s.24)"/>
   </summlink>
   <summlink nite:id="Bmr024.summlink.85">
      <nite:pointer role="extractive"  href="Bmr024.I.dialogue-acts.xml#id(Bmr024.I.dialogueact442)"/>
      <nite:pointer role="abstractive"  href="Bmr024.abssumm.xml#id(Bmr024.s.25)"/>
   </summlink>
   <summlink nite:id="Bmr024.summlink.86">
      <nite:pointer role="extractive"  href="Bmr024.I.dialogue-acts.xml#id(Bmr024.I.dialogueact457)"/>
      <nite:pointer role="abstractive"  href="Bmr024.abssumm.xml#id(Bmr024.s.24)"/>
   </summlink>
   <summlink nite:id="Bmr024.summlink.87">
      <nite:pointer role="extractive"  href="Bmr024.I.dialogue-acts.xml#id(Bmr024.I.dialogueact457)"/>
      <nite:pointer role="abstractive"  href="Bmr024.abssumm.xml#id(Bmr024.s.25)"/>
   </summlink>
   <summlink nite:id="Bmr024.summlink.88">
      <nite:pointer role="extractive"  href="Bmr024.I.dialogue-acts.xml#id(Bmr024.I.dialogueact467)"/>
      <nite:pointer role="abstractive"  href="Bmr024.abssumm.xml#id(Bmr024.s.24)"/>
   </summlink>
   <summlink nite:id="Bmr024.summlink.89">
      <nite:pointer role="extractive"  href="Bmr024.I.dialogue-acts.xml#id(Bmr024.I.dialogueact467)"/>
      <nite:pointer role="abstractive"  href="Bmr024.abssumm.xml#id(Bmr024.s.25)"/>
   </summlink>
   <summlink nite:id="Bmr024.summlink.90">
      <nite:pointer role="extractive"  href="Bmr024.I.dialogue-acts.xml#id(Bmr024.I.dialogueact469)"/>
      <nite:pointer role="abstractive"  href="Bmr024.abssumm.xml#id(Bmr024.s.24)"/>
   </summlink>
   <summlink nite:id="Bmr024.summlink.91">
      <nite:pointer role="extractive"  href="Bmr024.I.dialogue-acts.xml#id(Bmr024.I.dialogueact469)"/>
      <nite:pointer role="abstractive"  href="Bmr024.abssumm.xml#id(Bmr024.s.25)"/>
   </summlink>
   <summlink nite:id="Bmr024.summlink.92">
      <nite:pointer role="extractive"  href="Bmr024.D.dialogue-acts.xml#id(Bmr024.D.dialogueact263)"/>
      <nite:pointer role="abstractive"  href="Bmr024.abssumm.xml#id(Bmr024.s.14)"/>
   </summlink>
   <summlink nite:id="Bmr024.summlink.93">
      <nite:pointer role="extractive"  href="Bmr024.D.dialogue-acts.xml#id(Bmr024.D.dialogueact263)"/>
      <nite:pointer role="abstractive"  href="Bmr024.abssumm.xml#id(Bmr024.s.13)"/>
   </summlink>
   <summlink nite:id="Bmr024.summlink.94">
      <nite:pointer role="extractive"  href="Bmr024.F.dialogue-acts.xml#id(Bmr024.F.dialogueact361)"/>
      <nite:pointer role="abstractive"  href="Bmr024.abssumm.xml#id(Bmr024.s.13)"/>
   </summlink>
   <summlink nite:id="Bmr024.summlink.95">
      <nite:pointer role="extractive"  href="Bmr024.F.dialogue-acts.xml#id(Bmr024.F.dialogueact523)"/>
      <nite:pointer role="abstractive"  href="Bmr024.abssumm.xml#id(Bmr024.s.10)"/>
   </summlink>
   <summlink nite:id="Bmr024.summlink.96">
      <nite:pointer role="extractive"  href="Bmr024.F.dialogue-acts.xml#id(Bmr024.F.dialogueact523)"/>
      <nite:pointer role="abstractive"  href="Bmr024.abssumm.xml#id(Bmr024.s.5)"/>
   </summlink>
   <summlink nite:id="Bmr024.summlink.98">
      <nite:pointer role="extractive"  href="Bmr024.F.dialogue-acts.xml#id(Bmr024.F.dialogueact523)"/>
      <nite:pointer role="abstractive"  href="Bmr024.abssumm.xml#id(Bmr024.s.4)"/>
   </summlink>
   <summlink nite:id="Bmr024.summlink.99">
      <nite:pointer role="extractive"  href="Bmr024.F.dialogue-acts.xml#id(Bmr024.F.dialogueact523)"/>
      <nite:pointer role="abstractive"  href="Bmr024.abssumm.xml#id(Bmr024.s.9)"/>
   </summlink>
   <summlink nite:id="Bmr024.summlink.100">
      <nite:pointer role="extractive"  href="Bmr024.F.dialogue-acts.xml#id(Bmr024.F.dialogueact526)"/>
      <nite:pointer role="abstractive"  href="Bmr024.abssumm.xml#id(Bmr024.s.10)"/>
   </summlink>
   <summlink nite:id="Bmr024.summlink.101">
      <nite:pointer role="extractive"  href="Bmr024.F.dialogue-acts.xml#id(Bmr024.F.dialogueact527)"/>
      <nite:pointer role="abstractive"  href="Bmr024.abssumm.xml#id(Bmr024.s.10)"/>
   </summlink>
   <summlink nite:id="Bmr024.summlink.102">
      <nite:pointer role="extractive"  href="Bmr024.F.dialogue-acts.xml#id(Bmr024.F.dialogueact530)"/>
      <nite:pointer role="abstractive"  href="Bmr024.abssumm.xml#id(Bmr024.s.10)"/>
   </summlink>
   <summlink nite:id="Bmr024.summlink.104">
      <nite:pointer role="extractive"  href="Bmr024.F.dialogue-acts.xml#id(Bmr024.F.dialogueact538)"/>
      <nite:pointer role="abstractive"  href="Bmr024.abssumm.xml#id(Bmr024.s.10)"/>
   </summlink>
   <summlink nite:id="Bmr024.summlink.105">
      <nite:pointer role="extractive"  href="Bmr024.F.dialogue-acts.xml#id(Bmr024.F.dialogueact539)"/>
      <nite:pointer role="abstractive"  href="Bmr024.abssumm.xml#id(Bmr024.s.10)"/>
   </summlink>
   <summlink nite:id="Bmr024.summlink.106">
      <nite:pointer role="extractive"  href="Bmr024.I.dialogue-acts.xml#id(Bmr024.I.dialogueact552)"/>
      <nite:pointer role="abstractive"  href="Bmr024.abssumm.xml#id(Bmr024.s.10)"/>
   </summlink>
   <summlink nite:id="Bmr024.summlink.107">
      <nite:pointer role="extractive"  href="Bmr024.F.dialogue-acts.xml#id(Bmr024.F.dialogueact557)"/>
      <nite:pointer role="abstractive"  href="Bmr024.abssumm.xml#id(Bmr024.s.10)"/>
   </summlink>
   <summlink nite:id="Bmr024.summlink.108">
      <nite:pointer role="extractive"  href="Bmr024.F.dialogue-acts.xml#id(Bmr024.F.dialogueact586)"/>
      <nite:pointer role="abstractive"  href="Bmr024.abssumm.xml#id(Bmr024.s.10)"/>
   </summlink>
   <summlink nite:id="Bmr024.summlink.109">
      <nite:pointer role="extractive"  href="Bmr024.D.dialogue-acts.xml#id(Bmr024.D.dialogueact658)"/>
      <nite:pointer role="abstractive"  href="Bmr024.abssumm.xml#id(Bmr024.s.10)"/>
   </summlink>
   <summlink nite:id="Bmr024.summlink.110">
      <nite:pointer role="extractive"  href="Bmr024.F.dialogue-acts.xml#id(Bmr024.F.dialogueact664)"/>
      <nite:pointer role="abstractive"  href="Bmr024.abssumm.xml#id(Bmr024.s.10)"/>
   </summlink>
   <summlink nite:id="Bmr024.summlink.111">
      <nite:pointer role="extractive"  href="Bmr024.D.dialogue-acts.xml#id(Bmr024.D.dialogueact666)"/>
      <nite:pointer role="abstractive"  href="Bmr024.abssumm.xml#id(Bmr024.s.10)"/>
   </summlink>
   <summlink nite:id="Bmr024.summlink.112">
      <nite:pointer role="extractive"  href="Bmr024.F.dialogue-acts.xml#id(Bmr024.F.dialogueact667)"/>
      <nite:pointer role="abstractive"  href="Bmr024.abssumm.xml#id(Bmr024.s.10)"/>
   </summlink>
   <summlink nite:id="Bmr024.summlink.113">
      <nite:pointer role="extractive"  href="Bmr024.F.dialogue-acts.xml#id(Bmr024.F.dialogueact686)"/>
      <nite:pointer role="abstractive"  href="Bmr024.abssumm.xml#id(Bmr024.s.10)"/>
   </summlink>
   <summlink nite:id="Bmr024.summlink.114">
      <nite:pointer role="extractive"  href="Bmr024.I.dialogue-acts.xml#id(Bmr024.I.dialogueact688)"/>
      <nite:pointer role="abstractive"  href="Bmr024.abssumm.xml#id(Bmr024.s.10)"/>
   </summlink>
   <summlink nite:id="Bmr024.summlink.115">
      <nite:pointer role="extractive"  href="Bmr024.I.dialogue-acts.xml#id(Bmr024.I.dialogueact692)"/>
      <nite:pointer role="abstractive"  href="Bmr024.abssumm.xml#id(Bmr024.s.10)"/>
   </summlink>
   <summlink nite:id="Bmr024.summlink.116">
      <nite:pointer role="extractive"  href="Bmr024.A.dialogue-acts.xml#id(Bmr024.A.dialogueact699)"/>
      <nite:pointer role="abstractive"  href="Bmr024.abssumm.xml#id(Bmr024.s.10)"/>
   </summlink>
   <summlink nite:id="Bmr024.summlink.117">
      <nite:pointer role="extractive"  href="Bmr024.A.dialogue-acts.xml#id(Bmr024.A.dialogueact701)"/>
      <nite:pointer role="abstractive"  href="Bmr024.abssumm.xml#id(Bmr024.s.10)"/>
   </summlink>
   <summlink nite:id="Bmr024.summlink.118">
      <nite:pointer role="extractive"  href="Bmr024.D.dialogue-acts.xml#id(Bmr024.D.dialogueact703)"/>
      <nite:pointer role="abstractive"  href="Bmr024.abssumm.xml#id(Bmr024.s.10)"/>
   </summlink>
   <summlink nite:id="Bmr024.summlink.119">
      <nite:pointer role="extractive"  href="Bmr024.D.dialogue-acts.xml#id(Bmr024.D.dialogueact717)"/>
      <nite:pointer role="abstractive"  href="Bmr024.abssumm.xml#id(Bmr024.s.10)"/>
   </summlink>
   <summlink nite:id="Bmr024.summlink.120">
      <nite:pointer role="extractive"  href="Bmr024.D.dialogue-acts.xml#id(Bmr024.D.dialogueact717)"/>
      <nite:pointer role="abstractive"  href="Bmr024.abssumm.xml#id(Bmr024.s.5)"/>
   </summlink>
   <summlink nite:id="Bmr024.summlink.121">
      <nite:pointer role="extractive"  href="Bmr024.F.dialogue-acts.xml#id(Bmr024.F.dialogueact728)"/>
      <nite:pointer role="abstractive"  href="Bmr024.abssumm.xml#id(Bmr024.s.10)"/>
   </summlink>
   <summlink nite:id="Bmr024.summlink.122">
      <nite:pointer role="extractive"  href="Bmr024.F.dialogue-acts.xml#id(Bmr024.F.dialogueact728)"/>
      <nite:pointer role="abstractive"  href="Bmr024.abssumm.xml#id(Bmr024.s.5)"/>
   </summlink>
   <summlink nite:id="Bmr024.summlink.123">
      <nite:pointer role="extractive"  href="Bmr024.D.dialogue-acts.xml#id(Bmr024.D.dialogueact730)"/>
      <nite:pointer role="abstractive"  href="Bmr024.abssumm.xml#id(Bmr024.s.10)"/>
   </summlink>
   <summlink nite:id="Bmr024.summlink.124">
      <nite:pointer role="extractive"  href="Bmr024.F.dialogue-acts.xml#id(Bmr024.F.dialogueact733)"/>
      <nite:pointer role="abstractive"  href="Bmr024.abssumm.xml#id(Bmr024.s.10)"/>
   </summlink>
   <summlink nite:id="Bmr024.summlink.125">
      <nite:pointer role="extractive"  href="Bmr024.D.dialogue-acts.xml#id(Bmr024.D.dialogueact740)"/>
      <nite:pointer role="abstractive"  href="Bmr024.abssumm.xml#id(Bmr024.s.10)"/>
   </summlink>
   <summlink nite:id="Bmr024.summlink.126">
      <nite:pointer role="extractive"  href="Bmr024.D.dialogue-acts.xml#id(Bmr024.D.dialogueact740)"/>
      <nite:pointer role="abstractive"  href="Bmr024.abssumm.xml#id(Bmr024.s.5)"/>
   </summlink>
   <summlink nite:id="Bmr024.summlink.127">
      <nite:pointer role="extractive"  href="Bmr024.D.dialogue-acts.xml#id(Bmr024.D.dialogueact740)"/>
      <nite:pointer role="abstractive"  href="Bmr024.abssumm.xml#id(Bmr024.s.9)"/>
   </summlink>
   <summlink nite:id="Bmr024.summlink.128">
      <nite:pointer role="extractive"  href="Bmr024.D.dialogue-acts.xml#id(Bmr024.D.dialogueact740)"/>
      <nite:pointer role="abstractive"  href="Bmr024.abssumm.xml#id(Bmr024.s.4)"/>
   </summlink>
   <summlink nite:id="Bmr024.summlink.129">
      <nite:pointer role="extractive"  href="Bmr024.F.dialogue-acts.xml#id(Bmr024.F.dialogueact733)"/>
      <nite:pointer role="abstractive"  href="Bmr024.abssumm.xml#id(Bmr024.s.9)"/>
   </summlink>
   <summlink nite:id="Bmr024.summlink.130">
      <nite:pointer role="extractive"  href="Bmr024.F.dialogue-acts.xml#id(Bmr024.F.dialogueact733)"/>
      <nite:pointer role="abstractive"  href="Bmr024.abssumm.xml#id(Bmr024.s.4)"/>
   </summlink>
   <summlink nite:id="Bmr024.summlink.131">
      <nite:pointer role="extractive"  href="Bmr024.F.dialogue-acts.xml#id(Bmr024.F.dialogueact733)"/>
      <nite:pointer role="abstractive"  href="Bmr024.abssumm.xml#id(Bmr024.s.5)"/>
   </summlink>
   <summlink nite:id="Bmr024.summlink.132">
      <nite:pointer role="extractive"  href="Bmr024.F.dialogue-acts.xml#id(Bmr024.F.dialogueact728)"/>
      <nite:pointer role="abstractive"  href="Bmr024.abssumm.xml#id(Bmr024.s.9)"/>
   </summlink>
   <summlink nite:id="Bmr024.summlink.133">
      <nite:pointer role="extractive"  href="Bmr024.F.dialogue-acts.xml#id(Bmr024.F.dialogueact728)"/>
      <nite:pointer role="abstractive"  href="Bmr024.abssumm.xml#id(Bmr024.s.4)"/>
   </summlink>
   <summlink nite:id="Bmr024.summlink.134">
      <nite:pointer role="extractive"  href="Bmr024.F.dialogue-acts.xml#id(Bmr024.F.dialogueact809)"/>
      <nite:pointer role="abstractive"  href="Bmr024.abssumm.xml#id(Bmr024.s.4)"/>
   </summlink>
   <summlink nite:id="Bmr024.summlink.135">
      <nite:pointer role="extractive"  href="Bmr024.F.dialogue-acts.xml#id(Bmr024.F.dialogueact809)"/>
      <nite:pointer role="abstractive"  href="Bmr024.abssumm.xml#id(Bmr024.s.16)"/>
   </summlink>
   <summlink nite:id="Bmr024.summlink.136">
      <nite:pointer role="extractive"  href="Bmr024.F.dialogue-acts.xml#id(Bmr024.F.dialogueact809)"/>
      <nite:pointer role="abstractive"  href="Bmr024.abssumm.xml#id(Bmr024.s.5)"/>
   </summlink>
   <summlink nite:id="Bmr024.summlink.137">
      <nite:pointer role="extractive"  href="Bmr024.F.dialogue-acts.xml#id(Bmr024.F.dialogueact815)"/>
      <nite:pointer role="abstractive"  href="Bmr024.abssumm.xml#id(Bmr024.s.16)"/>
   </summlink>
   <summlink nite:id="Bmr024.summlink.138">
      <nite:pointer role="extractive"  href="Bmr024.F.dialogue-acts.xml#id(Bmr024.F.dialogueact827)"/>
      <nite:pointer role="abstractive"  href="Bmr024.abssumm.xml#id(Bmr024.s.16)"/>
   </summlink>
   <summlink nite:id="Bmr024.summlink.139">
      <nite:pointer role="extractive"  href="Bmr024.I.dialogue-acts.xml#id(Bmr024.I.dialogueact876)"/>
      <nite:pointer role="abstractive"  href="Bmr024.abssumm.xml#id(Bmr024.s.16)"/>
   </summlink>
   <summlink nite:id="Bmr024.summlink.140">
      <nite:pointer role="extractive"  href="Bmr024.F.dialogue-acts.xml#id(Bmr024.F.dialogueact939)"/>
      <nite:pointer role="abstractive"  href="Bmr024.abssumm.xml#id(Bmr024.s.16)"/>
   </summlink>
   <summlink nite:id="Bmr024.summlink.141">
      <nite:pointer role="extractive"  href="Bmr024.F.dialogue-acts.xml#id(Bmr024.F.dialogueact942)"/>
      <nite:pointer role="abstractive"  href="Bmr024.abssumm.xml#id(Bmr024.s.16)"/>
   </summlink>
   <summlink nite:id="Bmr024.summlink.142">
      <nite:pointer role="extractive"  href="Bmr024.I.dialogue-acts.xml#id(Bmr024.I.dialogueact947)"/>
      <nite:pointer role="abstractive"  href="Bmr024.abssumm.xml#id(Bmr024.s.16)"/>
   </summlink>
   <summlink nite:id="Bmr024.summlink.143">
      <nite:pointer role="extractive"  href="Bmr024.F.dialogue-acts.xml#id(Bmr024.F.dialogueact990)"/>
      <nite:pointer role="abstractive"  href="Bmr024.abssumm.xml#id(Bmr024.s.16)"/>
   </summlink>
   <summlink nite:id="Bmr024.summlink.144">
      <nite:pointer role="extractive"  href="Bmr024.F.dialogue-acts.xml#id(Bmr024.F.dialogueact992)"/>
      <nite:pointer role="abstractive"  href="Bmr024.abssumm.xml#id(Bmr024.s.16)"/>
   </summlink>
   <summlink nite:id="Bmr024.summlink.145">
      <nite:pointer role="extractive"  href="Bmr024.F.dialogue-acts.xml#id(Bmr024.F.dialogueact1002)"/>
      <nite:pointer role="abstractive"  href="Bmr024.abssumm.xml#id(Bmr024.s.16)"/>
   </summlink>
   <summlink nite:id="Bmr024.summlink.146">
      <nite:pointer role="extractive"  href="Bmr024.I.dialogue-acts.xml#id(Bmr024.I.dialogueact1003)"/>
      <nite:pointer role="abstractive"  href="Bmr024.abssumm.xml#id(Bmr024.s.16)"/>
   </summlink>
   <summlink nite:id="Bmr024.summlink.147">
      <nite:pointer role="extractive"  href="Bmr024.A.dialogue-acts.xml#id(Bmr024.A.dialogueact1144)"/>
      <nite:pointer role="abstractive"  href="Bmr024.abssumm.xml#id(Bmr024.s.16)"/>
   </summlink>
   <summlink nite:id="Bmr024.summlink.148">
      <nite:pointer role="extractive"  href="Bmr024.A.dialogue-acts.xml#id(Bmr024.A.dialogueact1144)"/>
      <nite:pointer role="abstractive"  href="Bmr024.abssumm.xml#id(Bmr024.s.11)"/>
   </summlink>
   <summlink nite:id="Bmr024.summlink.149">
      <nite:pointer role="extractive"  href="Bmr024.A.dialogue-acts.xml#id(Bmr024.A.dialogueact1144)"/>
      <nite:pointer role="abstractive"  href="Bmr024.abssumm.xml#id(Bmr024.s.5)"/>
   </summlink>
   <summlink nite:id="Bmr024.summlink.151">
      <nite:pointer role="extractive"  href="Bmr024.A.dialogue-acts.xml#id(Bmr024.A.dialogueact1144)"/>
      <nite:pointer role="abstractive"  href="Bmr024.abssumm.xml#id(Bmr024.s.4)"/>
   </summlink>
   <summlink nite:id="Bmr024.summlink.152">
      <nite:pointer role="extractive"  href="Bmr024.B.dialogue-acts.xml#id(Bmr024.B.dialogueact1173)"/>
      <nite:pointer role="abstractive"  href="Bmr024.abssumm.xml#id(Bmr024.s.17)"/>
   </summlink>
   <summlink nite:id="Bmr024.summlink.153">
      <nite:pointer role="extractive"  href="Bmr024.B.dialogue-acts.xml#id(Bmr024.B.dialogueact1173)"/>
      <nite:pointer role="abstractive"  href="Bmr024.abssumm.xml#id(Bmr024.s.26)"/>
   </summlink>
   <summlink nite:id="Bmr024.summlink.154">
      <nite:pointer role="extractive"  href="Bmr024.B.dialogue-acts.xml#id(Bmr024.B.dialogueact1173)"/>
      <nite:pointer role="abstractive"  href="Bmr024.abssumm.xml#id(Bmr024.s.3)"/>
   </summlink>
   <summlink nite:id="Bmr024.summlink.155">
      <nite:pointer role="extractive"  href="Bmr024.B.dialogue-acts.xml#id(Bmr024.B.dialogueact1180)"/>
      <nite:pointer role="abstractive"  href="Bmr024.abssumm.xml#id(Bmr024.s.17)"/>
   </summlink>
   <summlink nite:id="Bmr024.summlink.156">
      <nite:pointer role="extractive"  href="Bmr024.I.dialogue-acts.xml#id(Bmr024.I.dialogueact1181)"/>
      <nite:pointer role="abstractive"  href="Bmr024.abssumm.xml#id(Bmr024.s.17)"/>
   </summlink>
   <summlink nite:id="Bmr024.summlink.157">
      <nite:pointer role="extractive"  href="Bmr024.I.dialogue-acts.xml#id(Bmr024.I.dialogueact1184)"/>
      <nite:pointer role="abstractive"  href="Bmr024.abssumm.xml#id(Bmr024.s.17)"/>
   </summlink>
   <summlink nite:id="Bmr024.summlink.158">
      <nite:pointer role="extractive"  href="Bmr024.I.dialogue-acts.xml#id(Bmr024.I.dialogueact1192)"/>
      <nite:pointer role="abstractive"  href="Bmr024.abssumm.xml#id(Bmr024.s.17)"/>
   </summlink>
   <summlink nite:id="Bmr024.summlink.159">
      <nite:pointer role="extractive"  href="Bmr024.I.dialogue-acts.xml#id(Bmr024.I.dialogueact1192)"/>
      <nite:pointer role="abstractive"  href="Bmr024.abssumm.xml#id(Bmr024.s.18)"/>
   </summlink>
   <summlink nite:id="Bmr024.summlink.160">
      <nite:pointer role="extractive"  href="Bmr024.I.dialogue-acts.xml#id(Bmr024.I.dialogueact1206)"/>
      <nite:pointer role="abstractive"  href="Bmr024.abssumm.xml#id(Bmr024.s.17)"/>
   </summlink>
   <summlink nite:id="Bmr024.summlink.161">
      <nite:pointer role="extractive"  href="Bmr024.I.dialogue-acts.xml#id(Bmr024.I.dialogueact1206)"/>
      <nite:pointer role="abstractive"  href="Bmr024.abssumm.xml#id(Bmr024.s.18)"/>
   </summlink>
   <summlink nite:id="Bmr024.summlink.162">
      <nite:pointer role="extractive"  href="Bmr024.I.dialogue-acts.xml#id(Bmr024.I.dialogueact1232)"/>
      <nite:pointer role="abstractive"  href="Bmr024.abssumm.xml#id(Bmr024.s.17)"/>
   </summlink>
   <summlink nite:id="Bmr024.summlink.163">
      <nite:pointer role="extractive"  href="Bmr024.I.dialogue-acts.xml#id(Bmr024.I.dialogueact1234)"/>
      <nite:pointer role="abstractive"  href="Bmr024.abssumm.xml#id(Bmr024.s.17)"/>
   </summlink>
   <summlink nite:id="Bmr024.summlink.164">
      <nite:pointer role="extractive"  href="Bmr024.I.dialogue-acts.xml#id(Bmr024.I.dialogueact1235)"/>
      <nite:pointer role="abstractive"  href="Bmr024.abssumm.xml#id(Bmr024.s.17)"/>
   </summlink>
   <summlink nite:id="Bmr024.summlink.165">
      <nite:pointer role="extractive"  href="Bmr024.D.dialogue-acts.xml#id(Bmr024.D.dialogueact1241)"/>
      <nite:pointer role="abstractive"  href="Bmr024.abssumm.xml#id(Bmr024.s.17)"/>
   </summlink>
   <summlink nite:id="Bmr024.summlink.166">
      <nite:pointer role="extractive"  href="Bmr024.D.dialogue-acts.xml#id(Bmr024.D.dialogueact1241)"/>
      <nite:pointer role="abstractive"  href="Bmr024.abssumm.xml#id(Bmr024.s.18)"/>
   </summlink>
   <summlink nite:id="Bmr024.summlink.167">
      <nite:pointer role="extractive"  href="Bmr024.I.dialogue-acts.xml#id(Bmr024.I.dialogueact1250)"/>
      <nite:pointer role="abstractive"  href="Bmr024.abssumm.xml#id(Bmr024.s.26)"/>
   </summlink>
   <summlink nite:id="Bmr024.summlink.168">
      <nite:pointer role="extractive"  href="Bmr024.I.dialogue-acts.xml#id(Bmr024.I.dialogueact1250)"/>
      <nite:pointer role="abstractive"  href="Bmr024.abssumm.xml#id(Bmr024.s.17)"/>
   </summlink>
   <summlink nite:id="Bmr024.summlink.169">
      <nite:pointer role="extractive"  href="Bmr024.I.dialogue-acts.xml#id(Bmr024.I.dialogueact1250)"/>
      <nite:pointer role="abstractive"  href="Bmr024.abssumm.xml#id(Bmr024.s.18)"/>
   </summlink>
   <summlink nite:id="Bmr024.summlink.170">
      <nite:pointer role="extractive"  href="Bmr024.I.dialogue-acts.xml#id(Bmr024.I.dialogueact1251)"/>
      <nite:pointer role="abstractive"  href="Bmr024.abssumm.xml#id(Bmr024.s.17)"/>
   </summlink>
   <summlink nite:id="Bmr024.summlink.171">
      <nite:pointer role="extractive"  href="Bmr024.I.dialogue-acts.xml#id(Bmr024.I.dialogueact1251)"/>
      <nite:pointer role="abstractive"  href="Bmr024.abssumm.xml#id(Bmr024.s.26)"/>
   </summlink>
   <summlink nite:id="Bmr024.summlink.173">
      <nite:pointer role="extractive"  href="Bmr024.I.dialogue-acts.xml#id(Bmr024.I.dialogueact1253)"/>
      <nite:pointer role="abstractive"  href="Bmr024.abssumm.xml#id(Bmr024.s.26)"/>
   </summlink>
   <summlink nite:id="Bmr024.summlink.174">
      <nite:pointer role="extractive"  href="Bmr024.I.dialogue-acts.xml#id(Bmr024.I.dialogueact1253)"/>
      <nite:pointer role="abstractive"  href="Bmr024.abssumm.xml#id(Bmr024.s.17)"/>
   </summlink>
   <summlink nite:id="Bmr024.summlink.175">
      <nite:pointer role="extractive"  href="Bmr024.I.dialogue-acts.xml#id(Bmr024.I.dialogueact1258)"/>
      <nite:pointer role="abstractive"  href="Bmr024.abssumm.xml#id(Bmr024.s.17)"/>
   </summlink>
   <summlink nite:id="Bmr024.summlink.176">
      <nite:pointer role="extractive"  href="Bmr024.I.dialogue-acts.xml#id(Bmr024.I.dialogueact1258)"/>
      <nite:pointer role="abstractive"  href="Bmr024.abssumm.xml#id(Bmr024.s.18)"/>
   </summlink>
   <summlink nite:id="Bmr024.summlink.177">
      <nite:pointer role="extractive"  href="Bmr024.I.dialogue-acts.xml#id(Bmr024.I.dialogueact1258)"/>
      <nite:pointer role="abstractive"  href="Bmr024.abssumm.xml#id(Bmr024.s.27)"/>
   </summlink>
   <summlink nite:id="Bmr024.summlink.178">
      <nite:pointer role="extractive"  href="Bmr024.I.dialogue-acts.xml#id(Bmr024.I.dialogueact1258)"/>
      <nite:pointer role="abstractive"  href="Bmr024.abssumm.xml#id(Bmr024.s.26)"/>
   </summlink>
   <summlink nite:id="Bmr024.summlink.179">
      <nite:pointer role="extractive"  href="Bmr024.I.dialogue-acts.xml#id(Bmr024.I.dialogueact1261)"/>
      <nite:pointer role="abstractive"  href="Bmr024.abssumm.xml#id(Bmr024.s.26)"/>
   </summlink>
   <summlink nite:id="Bmr024.summlink.180">
      <nite:pointer role="extractive"  href="Bmr024.I.dialogue-acts.xml#id(Bmr024.I.dialogueact1261)"/>
      <nite:pointer role="abstractive"  href="Bmr024.abssumm.xml#id(Bmr024.s.27)"/>
   </summlink>
   <summlink nite:id="Bmr024.summlink.181">
      <nite:pointer role="extractive"  href="Bmr024.I.dialogue-acts.xml#id(Bmr024.I.dialogueact1261)"/>
      <nite:pointer role="abstractive"  href="Bmr024.abssumm.xml#id(Bmr024.s.17)"/>
   </summlink>
   <summlink nite:id="Bmr024.summlink.182">
      <nite:pointer role="extractive"  href="Bmr024.I.dialogue-acts.xml#id(Bmr024.I.dialogueact1261)"/>
      <nite:pointer role="abstractive"  href="Bmr024.abssumm.xml#id(Bmr024.s.18)"/>
   </summlink>
   <summlink nite:id="Bmr024.summlink.183">
      <nite:pointer role="extractive"  href="Bmr024.I.dialogue-acts.xml#id(Bmr024.I.dialogueact1272)"/>
      <nite:pointer role="abstractive"  href="Bmr024.abssumm.xml#id(Bmr024.s.18)"/>
   </summlink>
   <summlink nite:id="Bmr024.summlink.184">
      <nite:pointer role="extractive"  href="Bmr024.I.dialogue-acts.xml#id(Bmr024.I.dialogueact1272)"/>
      <nite:pointer role="abstractive"  href="Bmr024.abssumm.xml#id(Bmr024.s.17)"/>
   </summlink>
   <summlink nite:id="Bmr024.summlink.185">
      <nite:pointer role="extractive"  href="Bmr024.I.dialogue-acts.xml#id(Bmr024.I.dialogueact1272)"/>
      <nite:pointer role="abstractive"  href="Bmr024.abssumm.xml#id(Bmr024.s.27)"/>
   </summlink>
   <summlink nite:id="Bmr024.summlink.186">
      <nite:pointer role="extractive"  href="Bmr024.I.dialogue-acts.xml#id(Bmr024.I.dialogueact1272)"/>
      <nite:pointer role="abstractive"  href="Bmr024.abssumm.xml#id(Bmr024.s.28)"/>
   </summlink>
   <summlink nite:id="Bmr024.summlink.187">
      <nite:pointer role="extractive"  href="Bmr024.I.dialogue-acts.xml#id(Bmr024.I.dialogueact1292)"/>
      <nite:pointer role="abstractive"  href="Bmr024.abssumm.xml#id(Bmr024.s.27)"/>
   </summlink>
   <summlink nite:id="Bmr024.summlink.188">
      <nite:pointer role="extractive"  href="Bmr024.I.dialogue-acts.xml#id(Bmr024.I.dialogueact1292)"/>
      <nite:pointer role="abstractive"  href="Bmr024.abssumm.xml#id(Bmr024.s.26)"/>
   </summlink>
   <summlink nite:id="Bmr024.summlink.189">
      <nite:pointer role="extractive"  href="Bmr024.I.dialogue-acts.xml#id(Bmr024.I.dialogueact1292)"/>
      <nite:pointer role="abstractive"  href="Bmr024.abssumm.xml#id(Bmr024.s.17)"/>
   </summlink>
   <summlink nite:id="Bmr024.summlink.190">
      <nite:pointer role="extractive"  href="Bmr024.I.dialogue-acts.xml#id(Bmr024.I.dialogueact1292)"/>
      <nite:pointer role="abstractive"  href="Bmr024.abssumm.xml#id(Bmr024.s.18)"/>
   </summlink>
   <summlink nite:id="Bmr024.summlink.191">
      <nite:pointer role="extractive"  href="Bmr024.D.dialogue-acts.xml#id(Bmr024.D.dialogueact1317)"/>
      <nite:pointer role="abstractive"  href="Bmr024.abssumm.xml#id(Bmr024.s.27)"/>
   </summlink>
   <summlink nite:id="Bmr024.summlink.192">
      <nite:pointer role="extractive"  href="Bmr024.D.dialogue-acts.xml#id(Bmr024.D.dialogueact1317)"/>
      <nite:pointer role="abstractive"  href="Bmr024.abssumm.xml#id(Bmr024.s.26)"/>
   </summlink>
   <summlink nite:id="Bmr024.summlink.193">
      <nite:pointer role="extractive"  href="Bmr024.D.dialogue-acts.xml#id(Bmr024.D.dialogueact1317)"/>
      <nite:pointer role="abstractive"  href="Bmr024.abssumm.xml#id(Bmr024.s.17)"/>
   </summlink>
   <summlink nite:id="Bmr024.summlink.194">
      <nite:pointer role="extractive"  href="Bmr024.D.dialogue-acts.xml#id(Bmr024.D.dialogueact1317)"/>
      <nite:pointer role="abstractive"  href="Bmr024.abssumm.xml#id(Bmr024.s.18)"/>
   </summlink>
   <summlink nite:id="Bmr024.summlink.195">
      <nite:pointer role="extractive"  href="Bmr024.I.dialogue-acts.xml#id(Bmr024.I.dialogueact1319)"/>
      <nite:pointer role="abstractive"  href="Bmr024.abssumm.xml#id(Bmr024.s.26)"/>
   </summlink>
   <summlink nite:id="Bmr024.summlink.196">
      <nite:pointer role="extractive"  href="Bmr024.I.dialogue-acts.xml#id(Bmr024.I.dialogueact1319)"/>
      <nite:pointer role="abstractive"  href="Bmr024.abssumm.xml#id(Bmr024.s.27)"/>
   </summlink>
   <summlink nite:id="Bmr024.summlink.197">
      <nite:pointer role="extractive"  href="Bmr024.I.dialogue-acts.xml#id(Bmr024.I.dialogueact1319)"/>
      <nite:pointer role="abstractive"  href="Bmr024.abssumm.xml#id(Bmr024.s.17)"/>
   </summlink>
   <summlink nite:id="Bmr024.summlink.198">
      <nite:pointer role="extractive"  href="Bmr024.I.dialogue-acts.xml#id(Bmr024.I.dialogueact1319)"/>
      <nite:pointer role="abstractive"  href="Bmr024.abssumm.xml#id(Bmr024.s.18)"/>
   </summlink>
   <summlink nite:id="Bmr024.summlink.199">
      <nite:pointer role="extractive"  href="Bmr024.F.dialogue-acts.xml#id(Bmr024.F.dialogueact1323)"/>
      <nite:pointer role="abstractive"  href="Bmr024.abssumm.xml#id(Bmr024.s.27)"/>
   </summlink>
   <summlink nite:id="Bmr024.summlink.200">
      <nite:pointer role="extractive"  href="Bmr024.F.dialogue-acts.xml#id(Bmr024.F.dialogueact1323)"/>
      <nite:pointer role="abstractive"  href="Bmr024.abssumm.xml#id(Bmr024.s.26)"/>
   </summlink>
   <summlink nite:id="Bmr024.summlink.201">
      <nite:pointer role="extractive"  href="Bmr024.D.dialogue-acts.xml#id(Bmr024.D.dialogueact1351)"/>
      <nite:pointer role="abstractive"  href="Bmr024.abssumm.xml#id(Bmr024.s.26)"/>
   </summlink>
   <summlink nite:id="Bmr024.summlink.202">
      <nite:pointer role="extractive"  href="Bmr024.D.dialogue-acts.xml#id(Bmr024.D.dialogueact1351)"/>
      <nite:pointer role="abstractive"  href="Bmr024.abssumm.xml#id(Bmr024.s.27)"/>
   </summlink>
   <summlink nite:id="Bmr024.summlink.203">
      <nite:pointer role="extractive"  href="Bmr024.D.dialogue-acts.xml#id(Bmr024.D.dialogueact1379)"/>
      <nite:pointer role="abstractive"  href="Bmr024.abssumm.xml#id(Bmr024.s.26)"/>
   </summlink>
   <summlink nite:id="Bmr024.summlink.204">
      <nite:pointer role="extractive"  href="Bmr024.D.dialogue-acts.xml#id(Bmr024.D.dialogueact1379)"/>
      <nite:pointer role="abstractive"  href="Bmr024.abssumm.xml#id(Bmr024.s.27)"/>
   </summlink>
   <summlink nite:id="Bmr024.summlink.207">
      <nite:pointer role="extractive"  href="Bmr024.I.dialogue-acts.xml#id(Bmr024.I.dialogueact1394)"/>
      <nite:pointer role="abstractive"  href="Bmr024.abssumm.xml#id(Bmr024.s.26)"/>
   </summlink>
   <summlink nite:id="Bmr024.summlink.208">
      <nite:pointer role="extractive"  href="Bmr024.I.dialogue-acts.xml#id(Bmr024.I.dialogueact1394)"/>
      <nite:pointer role="abstractive"  href="Bmr024.abssumm.xml#id(Bmr024.s.27)"/>
   </summlink>
   <summlink nite:id="Bmr024.summlink.209">
      <nite:pointer role="extractive"  href="Bmr024.I.dialogue-acts.xml#id(Bmr024.I.dialogueact1395)"/>
      <nite:pointer role="abstractive"  href="Bmr024.abssumm.xml#id(Bmr024.s.26)"/>
   </summlink>
   <summlink nite:id="Bmr024.summlink.210">
      <nite:pointer role="extractive"  href="Bmr024.I.dialogue-acts.xml#id(Bmr024.I.dialogueact1395)"/>
      <nite:pointer role="abstractive"  href="Bmr024.abssumm.xml#id(Bmr024.s.27)"/>
   </summlink>
   <summlink nite:id="Bmr024.summlink.211">
      <nite:pointer role="extractive"  href="Bmr024.D.dialogue-acts.xml#id(Bmr024.D.dialogueact1430)"/>
      <nite:pointer role="abstractive"  href="Bmr024.abssumm.xml#id(Bmr024.s.27)"/>
   </summlink>
   <summlink nite:id="Bmr024.summlink.212">
      <nite:pointer role="extractive"  href="Bmr024.D.dialogue-acts.xml#id(Bmr024.D.dialogueact1430)"/>
      <nite:pointer role="abstractive"  href="Bmr024.abssumm.xml#id(Bmr024.s.26)"/>
   </summlink>
   <summlink nite:id="Bmr024.summlink.213">
      <nite:pointer role="extractive"  href="Bmr024.D.dialogue-acts.xml#id(Bmr024.D.dialogueact1432)"/>
      <nite:pointer role="abstractive"  href="Bmr024.abssumm.xml#id(Bmr024.s.26)"/>
   </summlink>
   <summlink nite:id="Bmr024.summlink.214">
      <nite:pointer role="extractive"  href="Bmr024.D.dialogue-acts.xml#id(Bmr024.D.dialogueact1432)"/>
      <nite:pointer role="abstractive"  href="Bmr024.abssumm.xml#id(Bmr024.s.27)"/>
   </summlink>
   <summlink nite:id="Bmr024.summlink.215">
      <nite:pointer role="extractive"  href="Bmr024.D.dialogue-acts.xml#id(Bmr024.D.dialogueact1430)"/>
      <nite:pointer role="abstractive"  href="Bmr024.abssumm.xml#id(Bmr024.s.3)"/>
   </summlink>
   <summlink nite:id="Bmr024.summlink.216">
      <nite:pointer role="extractive"  href="Bmr024.D.dialogue-acts.xml#id(Bmr024.D.dialogueact1432)"/>
      <nite:pointer role="abstractive"  href="Bmr024.abssumm.xml#id(Bmr024.s.3)"/>
   </summlink>
   <summlink nite:id="Bmr024.summlink.217">
      <nite:pointer role="extractive"  href="Bmr024.D.dialogue-acts.xml#id(Bmr024.D.dialogueact1534)"/>
      <nite:pointer role="abstractive"  href="Bmr024.abssumm.xml#id(Bmr024.s.29)"/>
   </summlink>
   <summlink nite:id="Bmr024.summlink.218">
      <nite:pointer role="extractive"  href="Bmr024.D.dialogue-acts.xml#id(Bmr024.D.dialogueact1534)"/>
      <nite:pointer role="abstractive"  href="Bmr024.abssumm.xml#id(Bmr024.s.7)"/>
   </summlink>
   <summlink nite:id="Bmr024.summlink.219">
      <nite:pointer role="extractive"  href="Bmr024.F.dialogue-acts.xml#id(Bmr024.F.dialogueact1538)"/>
      <nite:pointer role="abstractive"  href="Bmr024.abssumm.xml#id(Bmr024.s.7)"/>
   </summlink>
   <summlink nite:id="Bmr024.summlink.220">
      <nite:pointer role="extractive"  href="Bmr024.F.dialogue-acts.xml#id(Bmr024.F.dialogueact1538)"/>
      <nite:pointer role="abstractive"  href="Bmr024.abssumm.xml#id(Bmr024.s.29)"/>
   </summlink>
   <summlink nite:id="Bmr024.summlink.221">
      <nite:pointer role="extractive"  href="Bmr024.F.dialogue-acts.xml#id(Bmr024.F.dialogueact1549)"/>
      <nite:pointer role="abstractive"  href="Bmr024.abssumm.xml#id(Bmr024.s.7)"/>
   </summlink>
   <summlink nite:id="Bmr024.summlink.222">
      <nite:pointer role="extractive"  href="Bmr024.F.dialogue-acts.xml#id(Bmr024.F.dialogueact1549)"/>
      <nite:pointer role="abstractive"  href="Bmr024.abssumm.xml#id(Bmr024.s.29)"/>
   </summlink>
   <summlink nite:id="Bmr024.summlink.223">
      <nite:pointer role="extractive"  href="Bmr024.F.dialogue-acts.xml#id(Bmr024.F.dialogueact1550)"/>
      <nite:pointer role="abstractive"  href="Bmr024.abssumm.xml#id(Bmr024.s.7)"/>
   </summlink>
   <summlink nite:id="Bmr024.summlink.224">
      <nite:pointer role="extractive"  href="Bmr024.F.dialogue-acts.xml#id(Bmr024.F.dialogueact1550)"/>
      <nite:pointer role="abstractive"  href="Bmr024.abssumm.xml#id(Bmr024.s.29)"/>
   </summlink>
   <summlink nite:id="Bmr024.summlink.226">
      <nite:pointer role="extractive"  href="Bmr024.D.dialogue-acts.xml#id(Bmr024.D.dialogueact1592)"/>
      <nite:pointer role="abstractive"  href="Bmr024.abssumm.xml#id(Bmr024.s.8)"/>
   </summlink>
   <summlink nite:id="Bmr024.summlink.227">
      <nite:pointer role="extractive"  href="Bmr024.D.dialogue-acts.xml#id(Bmr024.D.dialogueact1593)"/>
      <nite:pointer role="abstractive"  href="Bmr024.abssumm.xml#id(Bmr024.s.8)"/>
   </summlink>
   <summlink nite:id="Bmr024.summlink.228">
      <nite:pointer role="extractive"  href="Bmr024.D.dialogue-acts.xml#id(Bmr024.D.dialogueact1604)"/>
      <nite:pointer role="abstractive"  href="Bmr024.abssumm.xml#id(Bmr024.s.8)"/>
   </summlink>
   <summlink nite:id="Bmr024.summlink.229">
      <nite:pointer role="extractive"  href="Bmr024.D.dialogue-acts.xml#id(Bmr024.D.dialogueact1604)"/>
      <nite:pointer role="abstractive"  href="Bmr024.abssumm.xml#id(Bmr024.s.15)"/>
   </summlink>
   <summlink nite:id="Bmr024.summlink.230">
      <nite:pointer role="extractive"  href="Bmr024.D.dialogue-acts.xml#id(Bmr024.D.dialogueact1605)"/>
      <nite:pointer role="abstractive"  href="Bmr024.abssumm.xml#id(Bmr024.s.8)"/>
   </summlink>
   <summlink nite:id="Bmr024.summlink.231">
      <nite:pointer role="extractive"  href="Bmr024.D.dialogue-acts.xml#id(Bmr024.D.dialogueact1606)"/>
      <nite:pointer role="abstractive"  href="Bmr024.abssumm.xml#id(Bmr024.s.8)"/>
   </summlink>
   <summlink nite:id="Bmr024.summlink.232">
      <nite:pointer role="extractive"  href="Bmr024.D.dialogue-acts.xml#id(Bmr024.D.dialogueact1606)"/>
      <nite:pointer role="abstractive"  href="Bmr024.abssumm.xml#id(Bmr024.s.29)"/>
   </summlink>
</nite:root>