<?xml version="1.0" encoding="ISO-8859-1" standalone="yes"?>
<nite:root nite:id="Bmr011.extsumm" xmlns:nite="http://nite.sourceforge.net/">
   <extsumm nite:id="Bmr011.extsumm.1">
      <nite:child href="Bmr011.B.dialogue-acts.xml#id(Bmr011.B.dialogueact95)..id(Bmr011.B.dialogueact96)"/>
      <nite:child href="Bmr011.A.dialogue-acts.xml#id(Bmr011.A.dialogueact101)"/>
      <nite:child href="Bmr011.A.dialogue-acts.xml#id(Bmr011.A.dialogueact106)"/>
      <nite:child href="Bmr011.B.dialogue-acts.xml#id(Bmr011.B.dialogueact115)"/>
      <nite:child href="Bmr011.H.dialogue-acts.xml#id(Bmr011.H.dialogueact132)..id(Bmr011.H.dialogueact136)"/>
      <nite:child href="Bmr011.A.dialogue-acts.xml#id(Bmr011.A.dialogueact153)"/>
      <nite:child href="Bmr011.B.dialogue-acts.xml#id(Bmr011.B.dialogueact159)"/>
      <nite:child href="Bmr011.B.dialogue-acts.xml#id(Bmr011.B.dialogueact161)"/>
      <nite:child href="Bmr011.B.dialogue-acts.xml#id(Bmr011.B.dialogueact186)..id(Bmr011.B.dialogueact189)"/>
      <nite:child href="Bmr011.G.dialogue-acts.xml#id(Bmr011.G.dialogueact216)"/>
      <nite:child href="Bmr011.G.dialogue-acts.xml#id(Bmr011.G.dialogueact235)"/>
      <nite:child href="Bmr011.H.dialogue-acts.xml#id(Bmr011.H.dialogueact239)..id(Bmr011.H.dialogueact242)"/>
      <nite:child href="Bmr011.H.dialogue-acts.xml#id(Bmr011.H.dialogueact258)"/>
      <nite:child href="Bmr011.G.dialogue-acts.xml#id(Bmr011.G.dialogueact292)"/>
      <nite:child href="Bmr011.G.dialogue-acts.xml#id(Bmr011.G.dialogueact306)..id(Bmr011.G.dialogueact307)"/>
      <nite:child href="Bmr011.G.dialogue-acts.xml#id(Bmr011.G.dialogueact310)"/>
      <nite:child href="Bmr011.C.dialogue-acts.xml#id(Bmr011.C.dialogueact315)"/>
      <nite:child href="Bmr011.C.dialogue-acts.xml#id(Bmr011.C.dialogueact318)"/>
      <nite:child href="Bmr011.C.dialogue-acts.xml#id(Bmr011.C.dialogueact320)..id(Bmr011.C.dialogueact324)"/>
      <nite:child href="Bmr011.B.dialogue-acts.xml#id(Bmr011.B.dialogueact341)"/>
      <nite:child href="Bmr011.B.dialogue-acts.xml#id(Bmr011.B.dialogueact333)..id(Bmr011.B.dialogueact337)"/>
      <nite:child href="Bmr011.B.dialogue-acts.xml#id(Bmr011.B.dialogueact347)"/>
      <nite:child href="Bmr011.E.dialogue-acts.xml#id(Bmr011.E.dialogueact363)"/>
      <nite:child href="Bmr011.E.dialogue-acts.xml#id(Bmr011.E.dialogueact366)"/>
      <nite:child href="Bmr011.H.dialogue-acts.xml#id(Bmr011.H.dialogueact369)"/>
      <nite:child href="Bmr011.H.dialogue-acts.xml#id(Bmr011.H.dialogueact375)"/>
      <nite:child href="Bmr011.E.dialogue-acts.xml#id(Bmr011.E.dialogueact377)"/>
      <nite:child href="Bmr011.B.dialogue-acts.xml#id(Bmr011.B.dialogueact387)..id(Bmr011.B.dialogueact389)"/>
      <nite:child href="Bmr011.B.dialogue-acts.xml#id(Bmr011.B.dialogueact392)..id(Bmr011.B.dialogueact393)"/>
      <nite:child href="Bmr011.B.dialogue-acts.xml#id(Bmr011.B.dialogueact477)"/>
      <nite:child href="Bmr011.B.dialogue-acts.xml#id(Bmr011.B.dialogueact467)"/>
      <nite:child href="Bmr011.H.dialogue-acts.xml#id(Bmr011.H.dialogueact445)"/>
      <nite:child href="Bmr011.B.dialogue-acts.xml#id(Bmr011.B.dialogueact451)..id(Bmr011.B.dialogueact454)"/>
      <nite:child href="Bmr011.B.dialogue-acts.xml#id(Bmr011.B.dialogueact469)..id(Bmr011.B.dialogueact471)"/>
      <nite:child href="Bmr011.B.dialogue-acts.xml#id(Bmr011.B.dialogueact475)"/>
      <nite:child href="Bmr011.B.dialogue-acts.xml#id(Bmr011.B.dialogueact479)"/>
      <nite:child href="Bmr011.B.dialogue-acts.xml#id(Bmr011.B.dialogueact483)..id(Bmr011.B.dialogueact484)"/>
      <nite:child href="Bmr011.B.dialogue-acts.xml#id(Bmr011.B.dialogueact525)..id(Bmr011.B.dialogueact526)"/>
      <nite:child href="Bmr011.A.dialogue-acts.xml#id(Bmr011.A.dialogueact570)"/>
      <nite:child href="Bmr011.A.dialogue-acts.xml#id(Bmr011.A.dialogueact576)..id(Bmr011.A.dialogueact579)"/>
      <nite:child href="Bmr011.A.dialogue-acts.xml#id(Bmr011.A.dialogueact586)"/>
      <nite:child href="Bmr011.H.dialogue-acts.xml#id(Bmr011.H.dialogueact587)"/>
      <nite:child href="Bmr011.A.dialogue-acts.xml#id(Bmr011.A.dialogueact594)"/>
      <nite:child href="Bmr011.B.dialogue-acts.xml#id(Bmr011.B.dialogueact598)..id(Bmr011.B.dialogueact601)"/>
      <nite:child href="Bmr011.B.dialogue-acts.xml#id(Bmr011.B.dialogueact603)..id(Bmr011.B.dialogueact604)"/>
      <nite:child href="Bmr011.B.dialogue-acts.xml#id(Bmr011.B.dialogueact633)"/>
      <nite:child href="Bmr011.B.dialogue-acts.xml#id(Bmr011.B.dialogueact636)"/>
      <nite:child href="Bmr011.B.dialogue-acts.xml#id(Bmr011.B.dialogueact641)..id(Bmr011.B.dialogueact644)"/>
      <nite:child href="Bmr011.B.dialogue-acts.xml#id(Bmr011.B.dialogueact650)"/>
      <nite:child href="Bmr011.B.dialogue-acts.xml#id(Bmr011.B.dialogueact654)..id(Bmr011.B.dialogueact655)"/>
      <nite:child href="Bmr011.B.dialogue-acts.xml#id(Bmr011.B.dialogueact659)..id(Bmr011.B.dialogueact661)"/>
      <nite:child href="Bmr011.E.dialogue-acts.xml#id(Bmr011.E.dialogueact673)"/>
      <nite:child href="Bmr011.H.dialogue-acts.xml#id(Bmr011.H.dialogueact677)"/>
      <nite:child href="Bmr011.H.dialogue-acts.xml#id(Bmr011.H.dialogueact679)"/>
      <nite:child href="Bmr011.H.dialogue-acts.xml#id(Bmr011.H.dialogueact678)"/>
      <nite:child href="Bmr011.H.dialogue-acts.xml#id(Bmr011.H.dialogueact680)"/>
      <nite:child href="Bmr011.E.dialogue-acts.xml#id(Bmr011.E.dialogueact682)"/>
      <nite:child href="Bmr011.A.dialogue-acts.xml#id(Bmr011.A.dialogueact685)"/>
      <nite:child href="Bmr011.B.dialogue-acts.xml#id(Bmr011.B.dialogueact691)"/>
      <nite:child href="Bmr011.B.dialogue-acts.xml#id(Bmr011.B.dialogueact702)"/>
      <nite:child href="Bmr011.B.dialogue-acts.xml#id(Bmr011.B.dialogueact697)"/>
      <nite:child href="Bmr011.G.dialogue-acts.xml#id(Bmr011.G.dialogueact755)"/>
      <nite:child href="Bmr011.G.dialogue-acts.xml#id(Bmr011.G.dialogueact776)"/>
      <nite:child href="Bmr011.G.dialogue-acts.xml#id(Bmr011.G.dialogueact770)"/>
      <nite:child href="Bmr011.G.dialogue-acts.xml#id(Bmr011.G.dialogueact756)..id(Bmr011.G.dialogueact757)"/>
      <nite:child href="Bmr011.G.dialogue-acts.xml#id(Bmr011.G.dialogueact778)"/>
      <nite:child href="Bmr011.G.dialogue-acts.xml#id(Bmr011.G.dialogueact780)..id(Bmr011.G.dialogueact781)"/>
      <nite:child href="Bmr011.G.dialogue-acts.xml#id(Bmr011.G.dialogueact783)..id(Bmr011.G.dialogueact786)"/>
      <nite:child href="Bmr011.G.dialogue-acts.xml#id(Bmr011.G.dialogueact789)"/>
      <nite:child href="Bmr011.H.dialogue-acts.xml#id(Bmr011.H.dialogueact837)"/>
      <nite:child href="Bmr011.H.dialogue-acts.xml#id(Bmr011.H.dialogueact831)"/>
      <nite:child href="Bmr011.G.dialogue-acts.xml#id(Bmr011.G.dialogueact790)"/>
      <nite:child href="Bmr011.G.dialogue-acts.xml#id(Bmr011.G.dialogueact794)"/>
      <nite:child href="Bmr011.G.dialogue-acts.xml#id(Bmr011.G.dialogueact797)"/>
      <nite:child href="Bmr011.G.dialogue-acts.xml#id(Bmr011.G.dialogueact800)"/>
      <nite:child href="Bmr011.G.dialogue-acts.xml#id(Bmr011.G.dialogueact803)..id(Bmr011.G.dialogueact804)"/>
      <nite:child href="Bmr011.G.dialogue-acts.xml#id(Bmr011.G.dialogueact807)..id(Bmr011.G.dialogueact808)"/>
      <nite:child href="Bmr011.G.dialogue-acts.xml#id(Bmr011.G.dialogueact947)..id(Bmr011.G.dialogueact955)"/>
      <nite:child href="Bmr011.H.dialogue-acts.xml#id(Bmr011.H.dialogueact944)..id(Bmr011.H.dialogueact945)"/>
      <nite:child href="Bmr011.G.dialogue-acts.xml#id(Bmr011.G.dialogueact861)..id(Bmr011.G.dialogueact862)"/>
      <nite:child href="Bmr011.G.dialogue-acts.xml#id(Bmr011.G.dialogueact857)"/>
      <nite:child href="Bmr011.G.dialogue-acts.xml#id(Bmr011.G.dialogueact901)..id(Bmr011.G.dialogueact903)"/>
      <nite:child href="Bmr011.E.dialogue-acts.xml#id(Bmr011.E.dialogueact916)"/>
      <nite:child href="Bmr011.A.dialogue-acts.xml#id(Bmr011.A.dialogueact937)"/>
      <nite:child href="Bmr011.E.dialogue-acts.xml#id(Bmr011.E.dialogueact984)..id(Bmr011.E.dialogueact985)"/>
      <nite:child href="Bmr011.B.dialogue-acts.xml#id(Bmr011.B.dialogueact993)"/>
      <nite:child href="Bmr011.B.dialogue-acts.xml#id(Bmr011.B.dialogueact988)"/>
      <nite:child href="Bmr011.B.dialogue-acts.xml#id(Bmr011.B.dialogueact995)"/>
      <nite:child href="Bmr011.H.dialogue-acts.xml#id(Bmr011.H.dialogueact1020)"/>
      <nite:child href="Bmr011.A.dialogue-acts.xml#id(Bmr011.A.dialogueact1025)..id(Bmr011.A.dialogueact1026)"/>
      <nite:child href="Bmr011.A.dialogue-acts.xml#id(Bmr011.A.dialogueact1029)..id(Bmr011.A.dialogueact1031)"/>
      <nite:child href="Bmr011.A.dialogue-acts.xml#id(Bmr011.A.dialogueact1048)..id(Bmr011.A.dialogueact1051)"/>
      <nite:child href="Bmr011.A.dialogue-acts.xml#id(Bmr011.A.dialogueact1057)..id(Bmr011.A.dialogueact1058)"/>
      <nite:child href="Bmr011.A.dialogue-acts.xml#id(Bmr011.A.dialogueact1085)..id(Bmr011.A.dialogueact1088)"/>
      <nite:child href="Bmr011.G.dialogue-acts.xml#id(Bmr011.G.dialogueact1097)"/>
      <nite:child href="Bmr011.B.dialogue-acts.xml#id(Bmr011.B.dialogueact1101)"/>
      <nite:child href="Bmr011.B.dialogue-acts.xml#id(Bmr011.B.dialogueact1105)"/>
      <nite:child href="Bmr011.B.dialogue-acts.xml#id(Bmr011.B.dialogueact1180)"/>
      <nite:child href="Bmr011.B.dialogue-acts.xml#id(Bmr011.B.dialogueact1179)"/>
      <nite:child href="Bmr011.B.dialogue-acts.xml#id(Bmr011.B.dialogueact1191)..id(Bmr011.B.dialogueact1203)"/>
      <nite:child href="Bmr011.B.dialogue-acts.xml#id(Bmr011.B.dialogueact1255)"/>
      <nite:child href="Bmr011.B.dialogue-acts.xml#id(Bmr011.B.dialogueact1272)..id(Bmr011.B.dialogueact1280)"/>
      <nite:child href="Bmr011.A.dialogue-acts.xml#id(Bmr011.A.dialogueact1312)"/>
      <nite:child href="Bmr011.A.dialogue-acts.xml#id(Bmr011.A.dialogueact1366)"/>
      <nite:child href="Bmr011.A.dialogue-acts.xml#id(Bmr011.A.dialogueact1399)..id(Bmr011.A.dialogueact1402)"/>
      <nite:child href="Bmr011.G.dialogue-acts.xml#id(Bmr011.G.dialogueact1541)"/>
      <nite:child href="Bmr011.B.dialogue-acts.xml#id(Bmr011.B.dialogueact1592)"/>
      <nite:child href="Bmr011.A.dialogue-acts.xml#id(Bmr011.A.dialogueact1753)"/>
      <nite:child href="Bmr011.A.dialogue-acts.xml#id(Bmr011.A.dialogueact1709)"/>
      <nite:child href="Bmr011.E.dialogue-acts.xml#id(Bmr011.E.dialogueact1756)"/>
      <nite:child href="Bmr011.A.dialogue-acts.xml#id(Bmr011.A.dialogueact1757)"/>
      <nite:child href="Bmr011.A.dialogue-acts.xml#id(Bmr011.A.dialogueact1809)"/>
      <nite:child href="Bmr011.A.dialogue-acts.xml#id(Bmr011.A.dialogueact1812)..id(Bmr011.A.dialogueact1813)"/>
      <nite:child href="Bmr011.A.dialogue-acts.xml#id(Bmr011.A.dialogueact1811)"/>
      <nite:child href="Bmr011.A.dialogue-acts.xml#id(Bmr011.A.dialogueact1815)"/>
      <nite:child href="Bmr011.A.dialogue-acts.xml#id(Bmr011.A.dialogueact1849)"/>
      <nite:child href="Bmr011.A.dialogue-acts.xml#id(Bmr011.A.dialogueact1854)"/>
      <nite:child href="Bmr011.A.dialogue-acts.xml#id(Bmr011.A.dialogueact1857)"/>
   </extsumm>
</nite:root>