<?xml version="1.0" encoding="ISO-8859-1" standalone="yes"?>
<nite:root nite:id="Bmr013.extsumm" xmlns:nite="http://nite.sourceforge.net/">
   <extsumm nite:id="Bmr013.extsumm.1">
      <nite:child href="Bmr013.A.dialogue-acts.xml#id(Bmr013.A.dialogueact8)"/>
      <nite:child href="Bmr013.C.dialogue-acts.xml#id(Bmr013.C.dialogueact9)..id(Bmr013.C.dialogueact12)"/>
      <nite:child href="Bmr013.G.dialogue-acts.xml#id(Bmr013.G.dialogueact13)"/>
      <nite:child href="Bmr013.F.dialogue-acts.xml#id(Bmr013.F.dialogueact26)..id(Bmr013.F.dialogueact28)"/>
      <nite:child href="Bmr013.F.dialogue-acts.xml#id(Bmr013.F.dialogueact32)"/>
      <nite:child href="Bmr013.D.dialogue-acts.xml#id(Bmr013.D.dialogueact33)"/>
      <nite:child href="Bmr013.F.dialogue-acts.xml#id(Bmr013.F.dialogueact35)"/>
      <nite:child href="Bmr013.C.dialogue-acts.xml#id(Bmr013.C.dialogueact44)..id(Bmr013.C.dialogueact46)"/>
      <nite:child href="Bmr013.F.dialogue-acts.xml#id(Bmr013.F.dialogueact52)..id(Bmr013.F.dialogueact56)"/>
      <nite:child href="Bmr013.F.dialogue-acts.xml#id(Bmr013.F.dialogueact60)"/>
      <nite:child href="Bmr013.B.dialogue-acts.xml#id(Bmr013.B.dialogueact69)"/>
      <nite:child href="Bmr013.C.dialogue-acts.xml#id(Bmr013.C.dialogueact98)..id(Bmr013.C.dialogueact99)"/>
      <nite:child href="Bmr013.C.dialogue-acts.xml#id(Bmr013.C.dialogueact101)"/>
      <nite:child href="Bmr013.C.dialogue-acts.xml#id(Bmr013.C.dialogueact108)"/>
      <nite:child href="Bmr013.C.dialogue-acts.xml#id(Bmr013.C.dialogueact110)..id(Bmr013.C.dialogueact112)"/>
      <nite:child href="Bmr013.C.dialogue-acts.xml#id(Bmr013.C.dialogueact122)..id(Bmr013.C.dialogueact123)"/>
      <nite:child href="Bmr013.C.dialogue-acts.xml#id(Bmr013.C.dialogueact126)"/>
      <nite:child href="Bmr013.F.dialogue-acts.xml#id(Bmr013.F.dialogueact134)"/>
      <nite:child href="Bmr013.F.dialogue-acts.xml#id(Bmr013.F.dialogueact139)..id(Bmr013.F.dialogueact140)"/>
      <nite:child href="Bmr013.C.dialogue-acts.xml#id(Bmr013.C.dialogueact166)"/>
      <nite:child href="Bmr013.D.dialogue-acts.xml#id(Bmr013.D.dialogueact158)"/>
      <nite:child href="Bmr013.C.dialogue-acts.xml#id(Bmr013.C.dialogueact164)"/>
      <nite:child href="Bmr013.F.dialogue-acts.xml#id(Bmr013.F.dialogueact174)"/>
      <nite:child href="Bmr013.F.dialogue-acts.xml#id(Bmr013.F.dialogueact193)..id(Bmr013.F.dialogueact194)"/>
      <nite:child href="Bmr013.C.dialogue-acts.xml#id(Bmr013.C.dialogueact197)"/>
      <nite:child href="Bmr013.C.dialogue-acts.xml#id(Bmr013.C.dialogueact201)"/>
      <nite:child href="Bmr013.C.dialogue-acts.xml#id(Bmr013.C.dialogueact204)"/>
      <nite:child href="Bmr013.C.dialogue-acts.xml#id(Bmr013.C.dialogueact206)"/>
      <nite:child href="Bmr013.C.dialogue-acts.xml#id(Bmr013.C.dialogueact256)"/>
      <nite:child href="Bmr013.C.dialogue-acts.xml#id(Bmr013.C.dialogueact325)"/>
      <nite:child href="Bmr013.F.dialogue-acts.xml#id(Bmr013.F.dialogueact330)"/>
      <nite:child href="Bmr013.F.dialogue-acts.xml#id(Bmr013.F.dialogueact404)"/>
      <nite:child href="Bmr013.F.dialogue-acts.xml#id(Bmr013.F.dialogueact406)..id(Bmr013.F.dialogueact409)"/>
      <nite:child href="Bmr013.F.dialogue-acts.xml#id(Bmr013.F.dialogueact416)"/>
      <nite:child href="Bmr013.G.dialogue-acts.xml#id(Bmr013.G.dialogueact413)"/>
      <nite:child href="Bmr013.D.dialogue-acts.xml#id(Bmr013.D.dialogueact438)"/>
      <nite:child href="Bmr013.D.dialogue-acts.xml#id(Bmr013.D.dialogueact440)"/>
      <nite:child href="Bmr013.C.dialogue-acts.xml#id(Bmr013.C.dialogueact466)"/>
      <nite:child href="Bmr013.D.dialogue-acts.xml#id(Bmr013.D.dialogueact469)"/>
      <nite:child href="Bmr013.C.dialogue-acts.xml#id(Bmr013.C.dialogueact481)..id(Bmr013.C.dialogueact482)"/>
      <nite:child href="Bmr013.C.dialogue-acts.xml#id(Bmr013.C.dialogueact515)..id(Bmr013.C.dialogueact516)"/>
      <nite:child href="Bmr013.A.dialogue-acts.xml#id(Bmr013.A.dialogueact565)..id(Bmr013.A.dialogueact572)"/>
      <nite:child href="Bmr013.F.dialogue-acts.xml#id(Bmr013.F.dialogueact583)"/>
      <nite:child href="Bmr013.A.dialogue-acts.xml#id(Bmr013.A.dialogueact587)"/>
      <nite:child href="Bmr013.A.dialogue-acts.xml#id(Bmr013.A.dialogueact590)"/>
      <nite:child href="Bmr013.A.dialogue-acts.xml#id(Bmr013.A.dialogueact594)"/>
      <nite:child href="Bmr013.B.dialogue-acts.xml#id(Bmr013.B.dialogueact606)..id(Bmr013.B.dialogueact608)"/>
      <nite:child href="Bmr013.A.dialogue-acts.xml#id(Bmr013.A.dialogueact633)"/>
      <nite:child href="Bmr013.F.dialogue-acts.xml#id(Bmr013.F.dialogueact636)"/>
      <nite:child href="Bmr013.A.dialogue-acts.xml#id(Bmr013.A.dialogueact643)"/>
      <nite:child href="Bmr013.B.dialogue-acts.xml#id(Bmr013.B.dialogueact720)"/>
      <nite:child href="Bmr013.A.dialogue-acts.xml#id(Bmr013.A.dialogueact722)"/>
      <nite:child href="Bmr013.A.dialogue-acts.xml#id(Bmr013.A.dialogueact733)..id(Bmr013.A.dialogueact734)"/>
      <nite:child href="Bmr013.A.dialogue-acts.xml#id(Bmr013.A.dialogueact738)"/>
      <nite:child href="Bmr013.C.dialogue-acts.xml#id(Bmr013.C.dialogueact778)"/>
      <nite:child href="Bmr013.C.dialogue-acts.xml#id(Bmr013.C.dialogueact836)"/>
      <nite:child href="Bmr013.B.dialogue-acts.xml#id(Bmr013.B.dialogueact844)"/>
      <nite:child href="Bmr013.B.dialogue-acts.xml#id(Bmr013.B.dialogueact851)..id(Bmr013.B.dialogueact852)"/>
      <nite:child href="Bmr013.B.dialogue-acts.xml#id(Bmr013.B.dialogueact854)..id(Bmr013.B.dialogueact857)"/>
      <nite:child href="Bmr013.B.dialogue-acts.xml#id(Bmr013.B.dialogueact859)"/>
      <nite:child href="Bmr013.B.dialogue-acts.xml#id(Bmr013.B.dialogueact862)"/>
      <nite:child href="Bmr013.B.dialogue-acts.xml#id(Bmr013.B.dialogueact866)"/>
      <nite:child href="Bmr013.B.dialogue-acts.xml#id(Bmr013.B.dialogueact875)"/>
      <nite:child href="Bmr013.B.dialogue-acts.xml#id(Bmr013.B.dialogueact877)"/>
      <nite:child href="Bmr013.B.dialogue-acts.xml#id(Bmr013.B.dialogueact879)..id(Bmr013.B.dialogueact880)"/>
      <nite:child href="Bmr013.G.dialogue-acts.xml#id(Bmr013.G.dialogueact897)"/>
      <nite:child href="Bmr013.G.dialogue-acts.xml#id(Bmr013.G.dialogueact893)"/>
      <nite:child href="Bmr013.G.dialogue-acts.xml#id(Bmr013.G.dialogueact902)..id(Bmr013.G.dialogueact903)"/>
      <nite:child href="Bmr013.G.dialogue-acts.xml#id(Bmr013.G.dialogueact910)"/>
      <nite:child href="Bmr013.G.dialogue-acts.xml#id(Bmr013.G.dialogueact912)"/>
      <nite:child href="Bmr013.A.dialogue-acts.xml#id(Bmr013.A.dialogueact945)"/>
      <nite:child href="Bmr013.B.dialogue-acts.xml#id(Bmr013.B.dialogueact946)"/>
      <nite:child href="Bmr013.G.dialogue-acts.xml#id(Bmr013.G.dialogueact957)"/>
      <nite:child href="Bmr013.G.dialogue-acts.xml#id(Bmr013.G.dialogueact960)..id(Bmr013.G.dialogueact961)"/>
      <nite:child href="Bmr013.F.dialogue-acts.xml#id(Bmr013.F.dialogueact1003)..id(Bmr013.F.dialogueact1004)"/>
      <nite:child href="Bmr013.F.dialogue-acts.xml#id(Bmr013.F.dialogueact991)"/>
      <nite:child href="Bmr013.B.dialogue-acts.xml#id(Bmr013.B.dialogueact967)"/>
   </extsumm>
</nite:root>