<?xml version="1.0" encoding="ISO-8859-1" standalone="yes"?>
<nite:root nite:id="Bro007.extsumm" xmlns:nite="http://nite.sourceforge.net/">
   <extsumm nite:id="Bro007.extsumm.1">
      <nite:child href="Bro007.B.dialogue-acts.xml#id(Bro007.B.dialogueact71)"/>
      <nite:child href="Bro007.C.dialogue-acts.xml#id(Bro007.C.dialogueact74)"/>
      <nite:child href="Bro007.B.dialogue-acts.xml#id(Bro007.B.dialogueact78)"/>
      <nite:child href="Bro007.C.dialogue-acts.xml#id(Bro007.C.dialogueact82)"/>
      <nite:child href="Bro007.B.dialogue-acts.xml#id(Bro007.B.dialogueact84)"/>
      <nite:child href="Bro007.C.dialogue-acts.xml#id(Bro007.C.dialogueact87)"/>
      <nite:child href="Bro007.B.dialogue-acts.xml#id(Bro007.B.dialogueact89)..id(Bro007.B.dialogueact91)"/>
      <nite:child href="Bro007.C.dialogue-acts.xml#id(Bro007.C.dialogueact98)..id(Bro007.C.dialogueact102)"/>
      <nite:child href="Bro007.B.dialogue-acts.xml#id(Bro007.B.dialogueact105)"/>
      <nite:child href="Bro007.B.dialogue-acts.xml#id(Bro007.B.dialogueact116)"/>
      <nite:child href="Bro007.C.dialogue-acts.xml#id(Bro007.C.dialogueact125)..id(Bro007.C.dialogueact127)"/>
      <nite:child href="Bro007.B.dialogue-acts.xml#id(Bro007.B.dialogueact129)"/>
      <nite:child href="Bro007.C.dialogue-acts.xml#id(Bro007.C.dialogueact131)"/>
      <nite:child href="Bro007.B.dialogue-acts.xml#id(Bro007.B.dialogueact223)"/>
      <nite:child href="Bro007.C.dialogue-acts.xml#id(Bro007.C.dialogueact226)"/>
      <nite:child href="Bro007.B.dialogue-acts.xml#id(Bro007.B.dialogueact253)"/>
      <nite:child href="Bro007.B.dialogue-acts.xml#id(Bro007.B.dialogueact251)"/>
      <nite:child href="Bro007.B.dialogue-acts.xml#id(Bro007.B.dialogueact256)"/>
      <nite:child href="Bro007.B.dialogue-acts.xml#id(Bro007.B.dialogueact260)"/>
      <nite:child href="Bro007.B.dialogue-acts.xml#id(Bro007.B.dialogueact265)"/>
      <nite:child href="Bro007.B.dialogue-acts.xml#id(Bro007.B.dialogueact280)"/>
      <nite:child href="Bro007.D.dialogue-acts.xml#id(Bro007.D.dialogueact290)..id(Bro007.D.dialogueact291)"/>
      <nite:child href="Bro007.C.dialogue-acts.xml#id(Bro007.C.dialogueact298)"/>
      <nite:child href="Bro007.B.dialogue-acts.xml#id(Bro007.B.dialogueact294)"/>
      <nite:child href="Bro007.C.dialogue-acts.xml#id(Bro007.C.dialogueact302)"/>
      <nite:child href="Bro007.D.dialogue-acts.xml#id(Bro007.D.dialogueact304)"/>
      <nite:child href="Bro007.C.dialogue-acts.xml#id(Bro007.C.dialogueact305)"/>
      <nite:child href="Bro007.B.dialogue-acts.xml#id(Bro007.B.dialogueact332)..id(Bro007.B.dialogueact335)"/>
      <nite:child href="Bro007.B.dialogue-acts.xml#id(Bro007.B.dialogueact350)..id(Bro007.B.dialogueact354)"/>
      <nite:child href="Bro007.B.dialogue-acts.xml#id(Bro007.B.dialogueact376)"/>
      <nite:child href="Bro007.C.dialogue-acts.xml#id(Bro007.C.dialogueact378)"/>
      <nite:child href="Bro007.B.dialogue-acts.xml#id(Bro007.B.dialogueact379)"/>
      <nite:child href="Bro007.B.dialogue-acts.xml#id(Bro007.B.dialogueact390)..id(Bro007.B.dialogueact393)"/>
      <nite:child href="Bro007.C.dialogue-acts.xml#id(Bro007.C.dialogueact394)..id(Bro007.C.dialogueact396)"/>
      <nite:child href="Bro007.B.dialogue-acts.xml#id(Bro007.B.dialogueact397)..id(Bro007.B.dialogueact400)"/>
      <nite:child href="Bro007.B.dialogue-acts.xml#id(Bro007.B.dialogueact465)"/>
      <nite:child href="Bro007.B.dialogue-acts.xml#id(Bro007.B.dialogueact478)"/>
      <nite:child href="Bro007.B.dialogue-acts.xml#id(Bro007.B.dialogueact520)..id(Bro007.B.dialogueact521)"/>
      <nite:child href="Bro007.B.dialogue-acts.xml#id(Bro007.B.dialogueact533)..id(Bro007.B.dialogueact535)"/>
      <nite:child href="Bro007.C.dialogue-acts.xml#id(Bro007.C.dialogueact574)..id(Bro007.C.dialogueact575)"/>
      <nite:child href="Bro007.B.dialogue-acts.xml#id(Bro007.B.dialogueact579)"/>
      <nite:child href="Bro007.B.dialogue-acts.xml#id(Bro007.B.dialogueact605)..id(Bro007.B.dialogueact607)"/>
      <nite:child href="Bro007.B.dialogue-acts.xml#id(Bro007.B.dialogueact2)"/>
   </extsumm>
</nite:root>