<?xml version="1.0" encoding="ISO-8859-1" standalone="yes"?>
<nite:root nite:id="Bro019.summlink" xmlns:nite="http://nite.sourceforge.net/">
   <summlink nite:id="Bro019.summlink.1">
      <nite:pointer role="extractive"  href="Bro019.C.dialogue-acts.xml#id(Bro019.C.dialogueact70)"/>
      <nite:pointer role="abstractive"  href="Bro019.abssumm.xml#id(Bro019.s.1)"/>
   </summlink>
   <summlink nite:id="Bro019.summlink.2">
      <nite:pointer role="extractive"  href="Bro019.C.dialogue-acts.xml#id(Bro019.C.dialogueact76)"/>
      <nite:pointer role="abstractive"  href="Bro019.abssumm.xml#id(Bro019.s.3)"/>
   </summlink>
   <summlink nite:id="Bro019.summlink.3">
      <nite:pointer role="extractive"  href="Bro019.F.dialogue-acts.xml#id(Bro019.F.dialogueact78)"/>
      <nite:pointer role="abstractive"  href="Bro019.abssumm.xml#id(Bro019.s.5)"/>
   </summlink>
   <summlink nite:id="Bro019.summlink.4">
      <nite:pointer role="extractive"  href="Bro019.F.dialogue-acts.xml#id(Bro019.F.dialogueact79)"/>
      <nite:pointer role="abstractive"  href="Bro019.abssumm.xml#id(Bro019.s.5)"/>
   </summlink>
   <summlink nite:id="Bro019.summlink.5">
      <nite:pointer role="extractive"  href="Bro019.F.dialogue-acts.xml#id(Bro019.F.dialogueact87)"/>
      <nite:pointer role="abstractive"  href="Bro019.abssumm.xml#id(Bro019.s.5)"/>
   </summlink>
   <summlink nite:id="Bro019.summlink.6">
      <nite:pointer role="extractive"  href="Bro019.F.dialogue-acts.xml#id(Bro019.F.dialogueact94)"/>
      <nite:pointer role="abstractive"  href="Bro019.abssumm.xml#id(Bro019.s.5)"/>
   </summlink>
   <summlink nite:id="Bro019.summlink.8">
      <nite:pointer role="extractive"  href="Bro019.F.dialogue-acts.xml#id(Bro019.F.dialogueact95)"/>
      <nite:pointer role="abstractive"  href="Bro019.abssumm.xml#id(Bro019.s.5)"/>
   </summlink>
   <summlink nite:id="Bro019.summlink.9">
      <nite:pointer role="extractive"  href="Bro019.F.dialogue-acts.xml#id(Bro019.F.dialogueact98)"/>
      <nite:pointer role="abstractive"  href="Bro019.abssumm.xml#id(Bro019.s.5)"/>
   </summlink>
   <summlink nite:id="Bro019.summlink.10">
      <nite:pointer role="extractive"  href="Bro019.F.dialogue-acts.xml#id(Bro019.F.dialogueact98)"/>
      <nite:pointer role="abstractive"  href="Bro019.abssumm.xml#id(Bro019.s.6)"/>
   </summlink>
   <summlink nite:id="Bro019.summlink.11">
      <nite:pointer role="extractive"  href="Bro019.F.dialogue-acts.xml#id(Bro019.F.dialogueact99)"/>
      <nite:pointer role="abstractive"  href="Bro019.abssumm.xml#id(Bro019.s.5)"/>
   </summlink>
   <summlink nite:id="Bro019.summlink.12">
      <nite:pointer role="extractive"  href="Bro019.F.dialogue-acts.xml#id(Bro019.F.dialogueact99)"/>
      <nite:pointer role="abstractive"  href="Bro019.abssumm.xml#id(Bro019.s.6)"/>
   </summlink>
   <summlink nite:id="Bro019.summlink.13">
      <nite:pointer role="extractive"  href="Bro019.C.dialogue-acts.xml#id(Bro019.C.dialogueact102)"/>
      <nite:pointer role="abstractive"  href="Bro019.abssumm.xml#id(Bro019.s.6)"/>
   </summlink>
   <summlink nite:id="Bro019.summlink.14">
      <nite:pointer role="extractive"  href="Bro019.C.dialogue-acts.xml#id(Bro019.C.dialogueact102)"/>
      <nite:pointer role="abstractive"  href="Bro019.abssumm.xml#id(Bro019.s.5)"/>
   </summlink>
   <summlink nite:id="Bro019.summlink.15">
      <nite:pointer role="extractive"  href="Bro019.F.dialogue-acts.xml#id(Bro019.F.dialogueact110)"/>
      <nite:pointer role="abstractive"  href="Bro019.abssumm.xml#id(Bro019.s.5)"/>
   </summlink>
   <summlink nite:id="Bro019.summlink.16">
      <nite:pointer role="extractive"  href="Bro019.F.dialogue-acts.xml#id(Bro019.F.dialogueact119)"/>
      <nite:pointer role="abstractive"  href="Bro019.abssumm.xml#id(Bro019.s.5)"/>
   </summlink>
   <summlink nite:id="Bro019.summlink.17">
      <nite:pointer role="extractive"  href="Bro019.F.dialogue-acts.xml#id(Bro019.F.dialogueact135)"/>
      <nite:pointer role="abstractive"  href="Bro019.abssumm.xml#id(Bro019.s.5)"/>
   </summlink>
   <summlink nite:id="Bro019.summlink.18">
      <nite:pointer role="extractive"  href="Bro019.F.dialogue-acts.xml#id(Bro019.F.dialogueact136)"/>
      <nite:pointer role="abstractive"  href="Bro019.abssumm.xml#id(Bro019.s.5)"/>
   </summlink>
   <summlink nite:id="Bro019.summlink.19">
      <nite:pointer role="extractive"  href="Bro019.C.dialogue-acts.xml#id(Bro019.C.dialogueact324)"/>
      <nite:pointer role="abstractive"  href="Bro019.abssumm.xml#id(Bro019.s.1)"/>
   </summlink>
   <summlink nite:id="Bro019.summlink.20">
      <nite:pointer role="extractive"  href="Bro019.C.dialogue-acts.xml#id(Bro019.C.dialogueact324)"/>
      <nite:pointer role="abstractive"  href="Bro019.abssumm.xml#id(Bro019.s.2)"/>
   </summlink>
   <summlink nite:id="Bro019.summlink.21">
      <nite:pointer role="extractive"  href="Bro019.A.dialogue-acts.xml#id(Bro019.A.dialogueact381)"/>
      <nite:pointer role="abstractive"  href="Bro019.abssumm.xml#id(Bro019.s.2)"/>
   </summlink>
   <summlink nite:id="Bro019.summlink.22">
      <nite:pointer role="extractive"  href="Bro019.A.dialogue-acts.xml#id(Bro019.A.dialogueact382)"/>
      <nite:pointer role="abstractive"  href="Bro019.abssumm.xml#id(Bro019.s.2)"/>
   </summlink>
   <summlink nite:id="Bro019.summlink.23">
      <nite:pointer role="extractive"  href="Bro019.A.dialogue-acts.xml#id(Bro019.A.dialogueact383)"/>
      <nite:pointer role="abstractive"  href="Bro019.abssumm.xml#id(Bro019.s.2)"/>
   </summlink>
   <summlink nite:id="Bro019.summlink.24">
      <nite:pointer role="extractive"  href="Bro019.A.dialogue-acts.xml#id(Bro019.A.dialogueact384)"/>
      <nite:pointer role="abstractive"  href="Bro019.abssumm.xml#id(Bro019.s.2)"/>
   </summlink>
   <summlink nite:id="Bro019.summlink.25">
      <nite:pointer role="extractive"  href="Bro019.A.dialogue-acts.xml#id(Bro019.A.dialogueact386)"/>
      <nite:pointer role="abstractive"  href="Bro019.abssumm.xml#id(Bro019.s.2)"/>
   </summlink>
   <summlink nite:id="Bro019.summlink.26">
      <nite:pointer role="extractive"  href="Bro019.A.dialogue-acts.xml#id(Bro019.A.dialogueact419)"/>
      <nite:pointer role="abstractive"  href="Bro019.abssumm.xml#id(Bro019.s.2)"/>
   </summlink>
   <summlink nite:id="Bro019.summlink.27">
      <nite:pointer role="extractive"  href="Bro019.A.dialogue-acts.xml#id(Bro019.A.dialogueact420)"/>
      <nite:pointer role="abstractive"  href="Bro019.abssumm.xml#id(Bro019.s.2)"/>
   </summlink>
   <summlink nite:id="Bro019.summlink.28">
      <nite:pointer role="extractive"  href="Bro019.F.dialogue-acts.xml#id(Bro019.F.dialogueact422)"/>
      <nite:pointer role="abstractive"  href="Bro019.abssumm.xml#id(Bro019.s.2)"/>
   </summlink>
   <summlink nite:id="Bro019.summlink.29">
      <nite:pointer role="extractive"  href="Bro019.A.dialogue-acts.xml#id(Bro019.A.dialogueact423)"/>
      <nite:pointer role="abstractive"  href="Bro019.abssumm.xml#id(Bro019.s.2)"/>
   </summlink>
   <summlink nite:id="Bro019.summlink.30">
      <nite:pointer role="extractive"  href="Bro019.C.dialogue-acts.xml#id(Bro019.C.dialogueact513)"/>
      <nite:pointer role="abstractive"  href="Bro019.abssumm.xml#id(Bro019.s.3)"/>
   </summlink>
   <summlink nite:id="Bro019.summlink.31">
      <nite:pointer role="extractive"  href="Bro019.C.dialogue-acts.xml#id(Bro019.C.dialogueact513)"/>
      <nite:pointer role="abstractive"  href="Bro019.abssumm.xml#id(Bro019.s.8)"/>
   </summlink>
   <summlink nite:id="Bro019.summlink.32">
      <nite:pointer role="extractive"  href="Bro019.C.dialogue-acts.xml#id(Bro019.C.dialogueact514)"/>
      <nite:pointer role="abstractive"  href="Bro019.abssumm.xml#id(Bro019.s.8)"/>
   </summlink>
   <summlink nite:id="Bro019.summlink.33">
      <nite:pointer role="extractive"  href="Bro019.C.dialogue-acts.xml#id(Bro019.C.dialogueact514)"/>
      <nite:pointer role="abstractive"  href="Bro019.abssumm.xml#id(Bro019.s.3)"/>
   </summlink>
   <summlink nite:id="Bro019.summlink.34">
      <nite:pointer role="extractive"  href="Bro019.C.dialogue-acts.xml#id(Bro019.C.dialogueact518)"/>
      <nite:pointer role="abstractive"  href="Bro019.abssumm.xml#id(Bro019.s.8)"/>
   </summlink>
   <summlink nite:id="Bro019.summlink.35">
      <nite:pointer role="extractive"  href="Bro019.D.dialogue-acts.xml#id(Bro019.D.dialogueact527)"/>
      <nite:pointer role="abstractive"  href="Bro019.abssumm.xml#id(Bro019.s.3)"/>
   </summlink>
   <summlink nite:id="Bro019.summlink.36">
      <nite:pointer role="extractive"  href="Bro019.D.dialogue-acts.xml#id(Bro019.D.dialogueact527)"/>
      <nite:pointer role="abstractive"  href="Bro019.abssumm.xml#id(Bro019.s.8)"/>
   </summlink>
   <summlink nite:id="Bro019.summlink.37">
      <nite:pointer role="extractive"  href="Bro019.D.dialogue-acts.xml#id(Bro019.D.dialogueact588)"/>
      <nite:pointer role="abstractive"  href="Bro019.abssumm.xml#id(Bro019.s.8)"/>
   </summlink>
   <summlink nite:id="Bro019.summlink.38">
      <nite:pointer role="extractive"  href="Bro019.D.dialogue-acts.xml#id(Bro019.D.dialogueact591)"/>
      <nite:pointer role="abstractive"  href="Bro019.abssumm.xml#id(Bro019.s.8)"/>
   </summlink>
   <summlink nite:id="Bro019.summlink.39">
      <nite:pointer role="extractive"  href="Bro019.D.dialogue-acts.xml#id(Bro019.D.dialogueact597)"/>
      <nite:pointer role="abstractive"  href="Bro019.abssumm.xml#id(Bro019.s.8)"/>
   </summlink>
   <summlink nite:id="Bro019.summlink.40">
      <nite:pointer role="extractive"  href="Bro019.D.dialogue-acts.xml#id(Bro019.D.dialogueact598)"/>
      <nite:pointer role="abstractive"  href="Bro019.abssumm.xml#id(Bro019.s.8)"/>
   </summlink>
   <summlink nite:id="Bro019.summlink.41">
      <nite:pointer role="extractive"  href="Bro019.D.dialogue-acts.xml#id(Bro019.D.dialogueact641)"/>
      <nite:pointer role="abstractive"  href="Bro019.abssumm.xml#id(Bro019.s.8)"/>
   </summlink>
   <summlink nite:id="Bro019.summlink.42">
      <nite:pointer role="extractive"  href="Bro019.D.dialogue-acts.xml#id(Bro019.D.dialogueact642)"/>
      <nite:pointer role="abstractive"  href="Bro019.abssumm.xml#id(Bro019.s.8)"/>
   </summlink>
   <summlink nite:id="Bro019.summlink.43">
      <nite:pointer role="extractive"  href="Bro019.D.dialogue-acts.xml#id(Bro019.D.dialogueact645)"/>
      <nite:pointer role="abstractive"  href="Bro019.abssumm.xml#id(Bro019.s.8)"/>
   </summlink>
   <summlink nite:id="Bro019.summlink.44">
      <nite:pointer role="extractive"  href="Bro019.D.dialogue-acts.xml#id(Bro019.D.dialogueact777)"/>
      <nite:pointer role="abstractive"  href="Bro019.abssumm.xml#id(Bro019.s.8)"/>
   </summlink>
   <summlink nite:id="Bro019.summlink.45">
      <nite:pointer role="extractive"  href="Bro019.D.dialogue-acts.xml#id(Bro019.D.dialogueact779)"/>
      <nite:pointer role="abstractive"  href="Bro019.abssumm.xml#id(Bro019.s.8)"/>
   </summlink>
   <summlink nite:id="Bro019.summlink.46">
      <nite:pointer role="extractive"  href="Bro019.D.dialogue-acts.xml#id(Bro019.D.dialogueact777)"/>
      <nite:pointer role="abstractive"  href="Bro019.abssumm.xml#id(Bro019.s.3)"/>
   </summlink>
   <summlink nite:id="Bro019.summlink.47">
      <nite:pointer role="extractive"  href="Bro019.D.dialogue-acts.xml#id(Bro019.D.dialogueact779)"/>
      <nite:pointer role="abstractive"  href="Bro019.abssumm.xml#id(Bro019.s.3)"/>
   </summlink>
   <summlink nite:id="Bro019.summlink.48">
      <nite:pointer role="extractive"  href="Bro019.D.dialogue-acts.xml#id(Bro019.D.dialogueact941)"/>
      <nite:pointer role="abstractive"  href="Bro019.abssumm.xml#id(Bro019.s.9)"/>
   </summlink>
   <summlink nite:id="Bro019.summlink.49">
      <nite:pointer role="extractive"  href="Bro019.D.dialogue-acts.xml#id(Bro019.D.dialogueact942)"/>
      <nite:pointer role="abstractive"  href="Bro019.abssumm.xml#id(Bro019.s.9)"/>
   </summlink>
   <summlink nite:id="Bro019.summlink.50">
      <nite:pointer role="extractive"  href="Bro019.D.dialogue-acts.xml#id(Bro019.D.dialogueact943)"/>
      <nite:pointer role="abstractive"  href="Bro019.abssumm.xml#id(Bro019.s.9)"/>
   </summlink>
   <summlink nite:id="Bro019.summlink.51">
      <nite:pointer role="extractive"  href="Bro019.D.dialogue-acts.xml#id(Bro019.D.dialogueact944)"/>
      <nite:pointer role="abstractive"  href="Bro019.abssumm.xml#id(Bro019.s.9)"/>
   </summlink>
   <summlink nite:id="Bro019.summlink.52">
      <nite:pointer role="extractive"  href="Bro019.D.dialogue-acts.xml#id(Bro019.D.dialogueact952)"/>
      <nite:pointer role="abstractive"  href="Bro019.abssumm.xml#id(Bro019.s.9)"/>
   </summlink>
   <summlink nite:id="Bro019.summlink.53">
      <nite:pointer role="extractive"  href="Bro019.C.dialogue-acts.xml#id(Bro019.C.dialogueact1117)"/>
      <nite:pointer role="abstractive"  href="Bro019.abssumm.xml#id(Bro019.s.3)"/>
   </summlink>
   <summlink nite:id="Bro019.summlink.54">
      <nite:pointer role="extractive"  href="Bro019.C.dialogue-acts.xml#id(Bro019.C.dialogueact1117)"/>
      <nite:pointer role="abstractive"  href="Bro019.abssumm.xml#id(Bro019.s.10)"/>
   </summlink>
   <summlink nite:id="Bro019.summlink.55">
      <nite:pointer role="extractive"  href="Bro019.B.dialogue-acts.xml#id(Bro019.B.dialogueact1120)"/>
      <nite:pointer role="abstractive"  href="Bro019.abssumm.xml#id(Bro019.s.10)"/>
   </summlink>
   <summlink nite:id="Bro019.summlink.56">
      <nite:pointer role="extractive"  href="Bro019.B.dialogue-acts.xml#id(Bro019.B.dialogueact1120)"/>
      <nite:pointer role="abstractive"  href="Bro019.abssumm.xml#id(Bro019.s.3)"/>
   </summlink>
   <summlink nite:id="Bro019.summlink.57">
      <nite:pointer role="extractive"  href="Bro019.B.dialogue-acts.xml#id(Bro019.B.dialogueact1121)"/>
      <nite:pointer role="abstractive"  href="Bro019.abssumm.xml#id(Bro019.s.10)"/>
   </summlink>
   <summlink nite:id="Bro019.summlink.58">
      <nite:pointer role="extractive"  href="Bro019.A.dialogue-acts.xml#id(Bro019.A.dialogueact1123)"/>
      <nite:pointer role="abstractive"  href="Bro019.abssumm.xml#id(Bro019.s.4)"/>
   </summlink>
   <summlink nite:id="Bro019.summlink.59">
      <nite:pointer role="extractive"  href="Bro019.C.dialogue-acts.xml#id(Bro019.C.dialogueact1126)"/>
      <nite:pointer role="abstractive"  href="Bro019.abssumm.xml#id(Bro019.s.4)"/>
   </summlink>
   <summlink nite:id="Bro019.summlink.60">
      <nite:pointer role="extractive"  href="Bro019.B.dialogue-acts.xml#id(Bro019.B.dialogueact1131)"/>
      <nite:pointer role="abstractive"  href="Bro019.abssumm.xml#id(Bro019.s.4)"/>
   </summlink>
   <summlink nite:id="Bro019.summlink.61">
      <nite:pointer role="extractive"  href="Bro019.B.dialogue-acts.xml#id(Bro019.B.dialogueact1131)"/>
      <nite:pointer role="abstractive"  href="Bro019.abssumm.xml#id(Bro019.s.10)"/>
   </summlink>
   <summlink nite:id="Bro019.summlink.62">
      <nite:pointer role="extractive"  href="Bro019.B.dialogue-acts.xml#id(Bro019.B.dialogueact1135)"/>
      <nite:pointer role="abstractive"  href="Bro019.abssumm.xml#id(Bro019.s.4)"/>
   </summlink>
   <summlink nite:id="Bro019.summlink.63">
      <nite:pointer role="extractive"  href="Bro019.B.dialogue-acts.xml#id(Bro019.B.dialogueact1138)"/>
      <nite:pointer role="abstractive"  href="Bro019.abssumm.xml#id(Bro019.s.4)"/>
   </summlink>
   <summlink nite:id="Bro019.summlink.64">
      <nite:pointer role="extractive"  href="Bro019.B.dialogue-acts.xml#id(Bro019.B.dialogueact1139)"/>
      <nite:pointer role="abstractive"  href="Bro019.abssumm.xml#id(Bro019.s.4)"/>
   </summlink>
   <summlink nite:id="Bro019.summlink.65">
      <nite:pointer role="extractive"  href="Bro019.B.dialogue-acts.xml#id(Bro019.B.dialogueact1161)"/>
      <nite:pointer role="abstractive"  href="Bro019.abssumm.xml#id(Bro019.s.4)"/>
   </summlink>
   <summlink nite:id="Bro019.summlink.66">
      <nite:pointer role="extractive"  href="Bro019.B.dialogue-acts.xml#id(Bro019.B.dialogueact1163)"/>
      <nite:pointer role="abstractive"  href="Bro019.abssumm.xml#id(Bro019.s.4)"/>
   </summlink>
   <summlink nite:id="Bro019.summlink.67">
      <nite:pointer role="extractive"  href="Bro019.B.dialogue-acts.xml#id(Bro019.B.dialogueact1173)"/>
      <nite:pointer role="abstractive"  href="Bro019.abssumm.xml#id(Bro019.s.10)"/>
   </summlink>
   <summlink nite:id="Bro019.summlink.68">
      <nite:pointer role="extractive"  href="Bro019.B.dialogue-acts.xml#id(Bro019.B.dialogueact1179)"/>
      <nite:pointer role="abstractive"  href="Bro019.abssumm.xml#id(Bro019.s.10)"/>
   </summlink>
   <summlink nite:id="Bro019.summlink.69">
      <nite:pointer role="extractive"  href="Bro019.A.dialogue-acts.xml#id(Bro019.A.dialogueact1180)"/>
      <nite:pointer role="abstractive"  href="Bro019.abssumm.xml#id(Bro019.s.10)"/>
   </summlink>
   <summlink nite:id="Bro019.summlink.70">
      <nite:pointer role="extractive"  href="Bro019.B.dialogue-acts.xml#id(Bro019.B.dialogueact1187)"/>
      <nite:pointer role="abstractive"  href="Bro019.abssumm.xml#id(Bro019.s.10)"/>
   </summlink>
   <summlink nite:id="Bro019.summlink.71">
      <nite:pointer role="extractive"  href="Bro019.B.dialogue-acts.xml#id(Bro019.B.dialogueact1188)"/>
      <nite:pointer role="abstractive"  href="Bro019.abssumm.xml#id(Bro019.s.10)"/>
   </summlink>
   <summlink nite:id="Bro019.summlink.73">
      <nite:pointer role="extractive"  href="Bro019.C.dialogue-acts.xml#id(Bro019.C.dialogueact1200)"/>
      <nite:pointer role="abstractive"  href="Bro019.abssumm.xml#id(Bro019.s.7)"/>
   </summlink>
   <summlink nite:id="Bro019.summlink.74">
      <nite:pointer role="extractive"  href="Bro019.C.dialogue-acts.xml#id(Bro019.C.dialogueact1201)"/>
      <nite:pointer role="abstractive"  href="Bro019.abssumm.xml#id(Bro019.s.7)"/>
   </summlink>
   <summlink nite:id="Bro019.summlink.75">
      <nite:pointer role="extractive"  href="Bro019.C.dialogue-acts.xml#id(Bro019.C.dialogueact1206)"/>
      <nite:pointer role="abstractive"  href="Bro019.abssumm.xml#id(Bro019.s.7)"/>
   </summlink>
   <summlink nite:id="Bro019.summlink.76">
      <nite:pointer role="extractive"  href="Bro019.C.dialogue-acts.xml#id(Bro019.C.dialogueact1209)"/>
      <nite:pointer role="abstractive"  href="Bro019.abssumm.xml#id(Bro019.s.7)"/>
   </summlink>
   <summlink nite:id="Bro019.summlink.77">
      <nite:pointer role="extractive"  href="Bro019.C.dialogue-acts.xml#id(Bro019.C.dialogueact1210)"/>
      <nite:pointer role="abstractive"  href="Bro019.abssumm.xml#id(Bro019.s.7)"/>
   </summlink>
   <summlink nite:id="Bro019.summlink.78">
      <nite:pointer role="extractive"  href="Bro019.C.dialogue-acts.xml#id(Bro019.C.dialogueact1211)"/>
      <nite:pointer role="abstractive"  href="Bro019.abssumm.xml#id(Bro019.s.7)"/>
   </summlink>
   <summlink nite:id="Bro019.summlink.79">
      <nite:pointer role="extractive"  href="Bro019.C.dialogue-acts.xml#id(Bro019.C.dialogueact1214)"/>
      <nite:pointer role="abstractive"  href="Bro019.abssumm.xml#id(Bro019.s.7)"/>
   </summlink>
   <summlink nite:id="Bro019.summlink.80">
      <nite:pointer role="extractive"  href="Bro019.C.dialogue-acts.xml#id(Bro019.C.dialogueact1215)"/>
      <nite:pointer role="abstractive"  href="Bro019.abssumm.xml#id(Bro019.s.7)"/>
   </summlink>
   <summlink nite:id="Bro019.summlink.81">
      <nite:pointer role="extractive"  href="Bro019.C.dialogue-acts.xml#id(Bro019.C.dialogueact1231)"/>
      <nite:pointer role="abstractive"  href="Bro019.abssumm.xml#id(Bro019.s.7)"/>
   </summlink>
   <summlink nite:id="Bro019.summlink.82">
      <nite:pointer role="extractive"  href="Bro019.C.dialogue-acts.xml#id(Bro019.C.dialogueact1277)"/>
      <nite:pointer role="abstractive"  href="Bro019.abssumm.xml#id(Bro019.s.7)"/>
   </summlink>
   <summlink nite:id="Bro019.summlink.83">
      <nite:pointer role="extractive"  href="Bro019.B.dialogue-acts.xml#id(Bro019.B.dialogueact1278)"/>
      <nite:pointer role="abstractive"  href="Bro019.abssumm.xml#id(Bro019.s.7)"/>
   </summlink>
   <summlink nite:id="Bro019.summlink.84">
      <nite:pointer role="extractive"  href="Bro019.B.dialogue-acts.xml#id(Bro019.B.dialogueact1279)"/>
      <nite:pointer role="abstractive"  href="Bro019.abssumm.xml#id(Bro019.s.7)"/>
   </summlink>
   <summlink nite:id="Bro019.summlink.85">
      <nite:pointer role="extractive"  href="Bro019.C.dialogue-acts.xml#id(Bro019.C.dialogueact1371)"/>
      <nite:pointer role="abstractive"  href="Bro019.abssumm.xml#id(Bro019.s.11)"/>
   </summlink>
   <summlink nite:id="Bro019.summlink.86">
      <nite:pointer role="extractive"  href="Bro019.C.dialogue-acts.xml#id(Bro019.C.dialogueact1371)"/>
      <nite:pointer role="abstractive"  href="Bro019.abssumm.xml#id(Bro019.s.4)"/>
   </summlink>
   <summlink nite:id="Bro019.summlink.87">
      <nite:pointer role="extractive"  href="Bro019.G.dialogue-acts.xml#id(Bro019.G.dialogueact1375)"/>
      <nite:pointer role="abstractive"  href="Bro019.abssumm.xml#id(Bro019.s.4)"/>
   </summlink>
   <summlink nite:id="Bro019.summlink.88">
      <nite:pointer role="extractive"  href="Bro019.G.dialogue-acts.xml#id(Bro019.G.dialogueact1375)"/>
      <nite:pointer role="abstractive"  href="Bro019.abssumm.xml#id(Bro019.s.11)"/>
   </summlink>
   <summlink nite:id="Bro019.summlink.89">
      <nite:pointer role="extractive"  href="Bro019.G.dialogue-acts.xml#id(Bro019.G.dialogueact1380)"/>
      <nite:pointer role="abstractive"  href="Bro019.abssumm.xml#id(Bro019.s.11)"/>
   </summlink>
   <summlink nite:id="Bro019.summlink.90">
      <nite:pointer role="extractive"  href="Bro019.G.dialogue-acts.xml#id(Bro019.G.dialogueact1380)"/>
      <nite:pointer role="abstractive"  href="Bro019.abssumm.xml#id(Bro019.s.4)"/>
   </summlink>
   <summlink nite:id="Bro019.summlink.91">
      <nite:pointer role="extractive"  href="Bro019.G.dialogue-acts.xml#id(Bro019.G.dialogueact1381)"/>
      <nite:pointer role="abstractive"  href="Bro019.abssumm.xml#id(Bro019.s.4)"/>
   </summlink>
   <summlink nite:id="Bro019.summlink.92">
      <nite:pointer role="extractive"  href="Bro019.G.dialogue-acts.xml#id(Bro019.G.dialogueact1381)"/>
      <nite:pointer role="abstractive"  href="Bro019.abssumm.xml#id(Bro019.s.11)"/>
   </summlink>
   <summlink nite:id="Bro019.summlink.93">
      <nite:pointer role="extractive"  href="Bro019.G.dialogue-acts.xml#id(Bro019.G.dialogueact1382)"/>
      <nite:pointer role="abstractive"  href="Bro019.abssumm.xml#id(Bro019.s.11)"/>
   </summlink>
   <summlink nite:id="Bro019.summlink.94">
      <nite:pointer role="extractive"  href="Bro019.G.dialogue-acts.xml#id(Bro019.G.dialogueact1382)"/>
      <nite:pointer role="abstractive"  href="Bro019.abssumm.xml#id(Bro019.s.4)"/>
   </summlink>
   <summlink nite:id="Bro019.summlink.95">
      <nite:pointer role="extractive"  href="Bro019.G.dialogue-acts.xml#id(Bro019.G.dialogueact1391)"/>
      <nite:pointer role="abstractive"  href="Bro019.abssumm.xml#id(Bro019.s.4)"/>
   </summlink>
   <summlink nite:id="Bro019.summlink.96">
      <nite:pointer role="extractive"  href="Bro019.G.dialogue-acts.xml#id(Bro019.G.dialogueact1391)"/>
      <nite:pointer role="abstractive"  href="Bro019.abssumm.xml#id(Bro019.s.11)"/>
   </summlink>
   <summlink nite:id="Bro019.summlink.97">
      <nite:pointer role="extractive"  href="Bro019.G.dialogue-acts.xml#id(Bro019.G.dialogueact1392)"/>
      <nite:pointer role="abstractive"  href="Bro019.abssumm.xml#id(Bro019.s.4)"/>
   </summlink>
   <summlink nite:id="Bro019.summlink.98">
      <nite:pointer role="extractive"  href="Bro019.G.dialogue-acts.xml#id(Bro019.G.dialogueact1392)"/>
      <nite:pointer role="abstractive"  href="Bro019.abssumm.xml#id(Bro019.s.11)"/>
   </summlink>
   <summlink nite:id="Bro019.summlink.99">
      <nite:pointer role="extractive"  href="Bro019.C.dialogue-acts.xml#id(Bro019.C.dialogueact1503)"/>
      <nite:pointer role="abstractive"  href="Bro019.abssumm.xml#id(Bro019.s.11)"/>
   </summlink>
   <summlink nite:id="Bro019.summlink.100">
      <nite:pointer role="extractive"  href="Bro019.E.dialogue-acts.xml#id(Bro019.E.dialogueact1507)"/>
      <nite:pointer role="abstractive"  href="Bro019.abssumm.xml#id(Bro019.s.11)"/>
   </summlink>
   <summlink nite:id="Bro019.summlink.101">
      <nite:pointer role="extractive"  href="Bro019.E.dialogue-acts.xml#id(Bro019.E.dialogueact1508)"/>
      <nite:pointer role="abstractive"  href="Bro019.abssumm.xml#id(Bro019.s.11)"/>
   </summlink>
   <summlink nite:id="Bro019.summlink.102">
      <nite:pointer role="extractive"  href="Bro019.E.dialogue-acts.xml#id(Bro019.E.dialogueact1509)"/>
      <nite:pointer role="abstractive"  href="Bro019.abssumm.xml#id(Bro019.s.11)"/>
   </summlink>
   <summlink nite:id="Bro019.summlink.103">
      <nite:pointer role="extractive"  href="Bro019.E.dialogue-acts.xml#id(Bro019.E.dialogueact1511)"/>
      <nite:pointer role="abstractive"  href="Bro019.abssumm.xml#id(Bro019.s.11)"/>
   </summlink>
   <summlink nite:id="Bro019.summlink.104">
      <nite:pointer role="extractive"  href="Bro019.E.dialogue-acts.xml#id(Bro019.E.dialogueact1512)"/>
      <nite:pointer role="abstractive"  href="Bro019.abssumm.xml#id(Bro019.s.11)"/>
   </summlink>
   <summlink nite:id="Bro019.summlink.105">
      <nite:pointer role="extractive"  href="Bro019.E.dialogue-acts.xml#id(Bro019.E.dialogueact1513)"/>
      <nite:pointer role="abstractive"  href="Bro019.abssumm.xml#id(Bro019.s.11)"/>
   </summlink>
   <summlink nite:id="Bro019.summlink.106">
      <nite:pointer role="extractive"  href="Bro019.E.dialogue-acts.xml#id(Bro019.E.dialogueact1514)"/>
      <nite:pointer role="abstractive"  href="Bro019.abssumm.xml#id(Bro019.s.11)"/>
   </summlink>
</nite:root>