<?xml version="1.0" encoding="ISO-8859-1" standalone="yes"?>
<nite:root nite:id="Bro022.extsumm" xmlns:nite="http://nite.sourceforge.net/">
   <extsumm nite:id="Bro022.extsumm.1">
      <nite:child href="Bro022.A.dialogue-acts.xml#id(Bro022.A.dialogueact17)"/>
      <nite:child href="Bro022.A.dialogue-acts.xml#id(Bro022.A.dialogueact44)"/>
      <nite:child href="Bro022.F.dialogue-acts.xml#id(Bro022.F.dialogueact49)"/>
      <nite:child href="Bro022.F.dialogue-acts.xml#id(Bro022.F.dialogueact53)"/>
      <nite:child href="Bro022.F.dialogue-acts.xml#id(Bro022.F.dialogueact55)"/>
      <nite:child href="Bro022.A.dialogue-acts.xml#id(Bro022.A.dialogueact158)"/>
      <nite:child href="Bro022.E.dialogue-acts.xml#id(Bro022.E.dialogueact164)..id(Bro022.E.dialogueact168)"/>
      <nite:child href="Bro022.E.dialogue-acts.xml#id(Bro022.E.dialogueact170)"/>
      <nite:child href="Bro022.E.dialogue-acts.xml#id(Bro022.E.dialogueact172)"/>
      <nite:child href="Bro022.E.dialogue-acts.xml#id(Bro022.E.dialogueact174)..id(Bro022.E.dialogueact175)"/>
      <nite:child href="Bro022.E.dialogue-acts.xml#id(Bro022.E.dialogueact181)"/>
      <nite:child href="Bro022.E.dialogue-acts.xml#id(Bro022.E.dialogueact183)"/>
      <nite:child href="Bro022.E.dialogue-acts.xml#id(Bro022.E.dialogueact275)..id(Bro022.E.dialogueact277)"/>
      <nite:child href="Bro022.C.dialogue-acts.xml#id(Bro022.C.dialogueact279)"/>
      <nite:child href="Bro022.B.dialogue-acts.xml#id(Bro022.B.dialogueact283)"/>
      <nite:child href="Bro022.B.dialogue-acts.xml#id(Bro022.B.dialogueact288)"/>
      <nite:child href="Bro022.C.dialogue-acts.xml#id(Bro022.C.dialogueact425)..id(Bro022.C.dialogueact426)"/>
      <nite:child href="Bro022.G.dialogue-acts.xml#id(Bro022.G.dialogueact433)"/>
      <nite:child href="Bro022.G.dialogue-acts.xml#id(Bro022.G.dialogueact435)"/>
      <nite:child href="Bro022.B.dialogue-acts.xml#id(Bro022.B.dialogueact448)"/>
      <nite:child href="Bro022.B.dialogue-acts.xml#id(Bro022.B.dialogueact454)"/>
      <nite:child href="Bro022.B.dialogue-acts.xml#id(Bro022.B.dialogueact458)"/>
      <nite:child href="Bro022.B.dialogue-acts.xml#id(Bro022.B.dialogueact461)"/>
      <nite:child href="Bro022.B.dialogue-acts.xml#id(Bro022.B.dialogueact474)"/>
      <nite:child href="Bro022.E.dialogue-acts.xml#id(Bro022.E.dialogueact480)"/>
      <nite:child href="Bro022.E.dialogue-acts.xml#id(Bro022.E.dialogueact484)..id(Bro022.E.dialogueact485)"/>
      <nite:child href="Bro022.E.dialogue-acts.xml#id(Bro022.E.dialogueact490)"/>
      <nite:child href="Bro022.E.dialogue-acts.xml#id(Bro022.E.dialogueact493)"/>
      <nite:child href="Bro022.E.dialogue-acts.xml#id(Bro022.E.dialogueact491)"/>
      <nite:child href="Bro022.A.dialogue-acts.xml#id(Bro022.A.dialogueact518)"/>
      <nite:child href="Bro022.C.dialogue-acts.xml#id(Bro022.C.dialogueact521)"/>
      <nite:child href="Bro022.C.dialogue-acts.xml#id(Bro022.C.dialogueact524)..id(Bro022.C.dialogueact525)"/>
      <nite:child href="Bro022.C.dialogue-acts.xml#id(Bro022.C.dialogueact527)..id(Bro022.C.dialogueact528)"/>
      <nite:child href="Bro022.A.dialogue-acts.xml#id(Bro022.A.dialogueact530)"/>
      <nite:child href="Bro022.B.dialogue-acts.xml#id(Bro022.B.dialogueact536)..id(Bro022.B.dialogueact538)"/>
      <nite:child href="Bro022.A.dialogue-acts.xml#id(Bro022.A.dialogueact543)"/>
      <nite:child href="Bro022.A.dialogue-acts.xml#id(Bro022.A.dialogueact548)"/>
      <nite:child href="Bro022.A.dialogue-acts.xml#id(Bro022.A.dialogueact546)"/>
      <nite:child href="Bro022.C.dialogue-acts.xml#id(Bro022.C.dialogueact552)"/>
      <nite:child href="Bro022.C.dialogue-acts.xml#id(Bro022.C.dialogueact551)"/>
      <nite:child href="Bro022.G.dialogue-acts.xml#id(Bro022.G.dialogueact563)"/>
      <nite:child href="Bro022.B.dialogue-acts.xml#id(Bro022.B.dialogueact572)..id(Bro022.B.dialogueact574)"/>
      <nite:child href="Bro022.B.dialogue-acts.xml#id(Bro022.B.dialogueact578)"/>
      <nite:child href="Bro022.C.dialogue-acts.xml#id(Bro022.C.dialogueact754)"/>
      <nite:child href="Bro022.C.dialogue-acts.xml#id(Bro022.C.dialogueact757)..id(Bro022.C.dialogueact759)"/>
      <nite:child href="Bro022.B.dialogue-acts.xml#id(Bro022.B.dialogueact760)"/>
      <nite:child href="Bro022.B.dialogue-acts.xml#id(Bro022.B.dialogueact763)..id(Bro022.B.dialogueact764)"/>
      <nite:child href="Bro022.C.dialogue-acts.xml#id(Bro022.C.dialogueact769)"/>
      <nite:child href="Bro022.C.dialogue-acts.xml#id(Bro022.C.dialogueact771)"/>
      <nite:child href="Bro022.B.dialogue-acts.xml#id(Bro022.B.dialogueact773)"/>
      <nite:child href="Bro022.C.dialogue-acts.xml#id(Bro022.C.dialogueact774)"/>
      <nite:child href="Bro022.B.dialogue-acts.xml#id(Bro022.B.dialogueact782)"/>
      <nite:child href="Bro022.C.dialogue-acts.xml#id(Bro022.C.dialogueact946)..id(Bro022.C.dialogueact947)"/>
      <nite:child href="Bro022.C.dialogue-acts.xml#id(Bro022.C.dialogueact951)"/>
      <nite:child href="Bro022.C.dialogue-acts.xml#id(Bro022.C.dialogueact954)..id(Bro022.C.dialogueact955)"/>
      <nite:child href="Bro022.C.dialogue-acts.xml#id(Bro022.C.dialogueact980)"/>
      <nite:child href="Bro022.G.dialogue-acts.xml#id(Bro022.G.dialogueact984)..id(Bro022.G.dialogueact988)"/>
      <nite:child href="Bro022.C.dialogue-acts.xml#id(Bro022.C.dialogueact986)"/>
      <nite:child href="Bro022.G.dialogue-acts.xml#id(Bro022.G.dialogueact1010)..id(Bro022.G.dialogueact1012)"/>
      <nite:child href="Bro022.G.dialogue-acts.xml#id(Bro022.G.dialogueact1029)..id(Bro022.G.dialogueact1032)"/>
      <nite:child href="Bro022.G.dialogue-acts.xml#id(Bro022.G.dialogueact1037)"/>
      <nite:child href="Bro022.G.dialogue-acts.xml#id(Bro022.G.dialogueact1039)"/>
      <nite:child href="Bro022.G.dialogue-acts.xml#id(Bro022.G.dialogueact1055)..id(Bro022.G.dialogueact1058)"/>
      <nite:child href="Bro022.G.dialogue-acts.xml#id(Bro022.G.dialogueact1047)"/>
      <nite:child href="Bro022.G.dialogue-acts.xml#id(Bro022.G.dialogueact1049)..id(Bro022.G.dialogueact1050)"/>
      <nite:child href="Bro022.G.dialogue-acts.xml#id(Bro022.G.dialogueact1052)"/>
      <nite:child href="Bro022.A.dialogue-acts.xml#id(Bro022.A.dialogueact1122)"/>
      <nite:child href="Bro022.D.dialogue-acts.xml#id(Bro022.D.dialogueact1123)..id(Bro022.D.dialogueact1129)"/>
      <nite:child href="Bro022.D.dialogue-acts.xml#id(Bro022.D.dialogueact1131)"/>
      <nite:child href="Bro022.D.dialogue-acts.xml#id(Bro022.D.dialogueact1136)"/>
      <nite:child href="Bro022.D.dialogue-acts.xml#id(Bro022.D.dialogueact1132)"/>
      <nite:child href="Bro022.D.dialogue-acts.xml#id(Bro022.D.dialogueact1157)"/>
      <nite:child href="Bro022.D.dialogue-acts.xml#id(Bro022.D.dialogueact1153)"/>
      <nite:child href="Bro022.D.dialogue-acts.xml#id(Bro022.D.dialogueact1160)"/>
      <nite:child href="Bro022.D.dialogue-acts.xml#id(Bro022.D.dialogueact1164)"/>
      <nite:child href="Bro022.D.dialogue-acts.xml#id(Bro022.D.dialogueact1167)"/>
      <nite:child href="Bro022.D.dialogue-acts.xml#id(Bro022.D.dialogueact1169)"/>
      <nite:child href="Bro022.B.dialogue-acts.xml#id(Bro022.B.dialogueact1171)"/>
      <nite:child href="Bro022.B.dialogue-acts.xml#id(Bro022.B.dialogueact1173)"/>
      <nite:child href="Bro022.B.dialogue-acts.xml#id(Bro022.B.dialogueact1177)"/>
   </extsumm>
</nite:root>