<?xml version="1.0" encoding="ISO-8859-1" standalone="yes"?>
<nite:root nite:id="Bro012.extsumm" xmlns:nite="http://nite.sourceforge.net/">
   <extsumm nite:id="Bro012.extsumm.1">
      <nite:child href="Bro012.A.dialogue-acts.xml#id(Bro012.A.dialogueact6)..id(Bro012.A.dialogueact7)"/>
      <nite:child href="Bro012.A.dialogue-acts.xml#id(Bro012.A.dialogueact11)..id(Bro012.A.dialogueact13)"/>
      <nite:child href="Bro012.A.dialogue-acts.xml#id(Bro012.A.dialogueact2)"/>
      <nite:child href="Bro012.A.dialogue-acts.xml#id(Bro012.A.dialogueact38)"/>
      <nite:child href="Bro012.A.dialogue-acts.xml#id(Bro012.A.dialogueact43)"/>
      <nite:child href="Bro012.A.dialogue-acts.xml#id(Bro012.A.dialogueact46)..id(Bro012.A.dialogueact47)"/>
      <nite:child href="Bro012.A.dialogue-acts.xml#id(Bro012.A.dialogueact65)"/>
      <nite:child href="Bro012.A.dialogue-acts.xml#id(Bro012.A.dialogueact68)"/>
      <nite:child href="Bro012.A.dialogue-acts.xml#id(Bro012.A.dialogueact82)"/>
      <nite:child href="Bro012.A.dialogue-acts.xml#id(Bro012.A.dialogueact98)"/>
      <nite:child href="Bro012.A.dialogue-acts.xml#id(Bro012.A.dialogueact109)"/>
      <nite:child href="Bro012.A.dialogue-acts.xml#id(Bro012.A.dialogueact111)"/>
      <nite:child href="Bro012.A.dialogue-acts.xml#id(Bro012.A.dialogueact118)"/>
      <nite:child href="Bro012.A.dialogue-acts.xml#id(Bro012.A.dialogueact125)"/>
      <nite:child href="Bro012.F.dialogue-acts.xml#id(Bro012.F.dialogueact165)..id(Bro012.F.dialogueact166)"/>
      <nite:child href="Bro012.F.dialogue-acts.xml#id(Bro012.F.dialogueact172)..id(Bro012.F.dialogueact173)"/>
      <nite:child href="Bro012.A.dialogue-acts.xml#id(Bro012.A.dialogueact174)..id(Bro012.A.dialogueact176)"/>
      <nite:child href="Bro012.F.dialogue-acts.xml#id(Bro012.F.dialogueact181)..id(Bro012.F.dialogueact183)"/>
      <nite:child href="Bro012.F.dialogue-acts.xml#id(Bro012.F.dialogueact190)"/>
      <nite:child href="Bro012.F.dialogue-acts.xml#id(Bro012.F.dialogueact203)..id(Bro012.F.dialogueact205)"/>
      <nite:child href="Bro012.B.dialogue-acts.xml#id(Bro012.B.dialogueact210)..id(Bro012.B.dialogueact213)"/>
      <nite:child href="Bro012.B.dialogue-acts.xml#id(Bro012.B.dialogueact218)"/>
      <nite:child href="Bro012.B.dialogue-acts.xml#id(Bro012.B.dialogueact215)"/>
      <nite:child href="Bro012.B.dialogue-acts.xml#id(Bro012.B.dialogueact229)"/>
      <nite:child href="Bro012.B.dialogue-acts.xml#id(Bro012.B.dialogueact239)..id(Bro012.B.dialogueact241)"/>
      <nite:child href="Bro012.A.dialogue-acts.xml#id(Bro012.A.dialogueact243)"/>
      <nite:child href="Bro012.B.dialogue-acts.xml#id(Bro012.B.dialogueact245)"/>
      <nite:child href="Bro012.B.dialogue-acts.xml#id(Bro012.B.dialogueact247)"/>
      <nite:child href="Bro012.B.dialogue-acts.xml#id(Bro012.B.dialogueact251)..id(Bro012.B.dialogueact253)"/>
      <nite:child href="Bro012.F.dialogue-acts.xml#id(Bro012.F.dialogueact257)"/>
      <nite:child href="Bro012.B.dialogue-acts.xml#id(Bro012.B.dialogueact260)"/>
      <nite:child href="Bro012.B.dialogue-acts.xml#id(Bro012.B.dialogueact279)..id(Bro012.B.dialogueact283)"/>
      <nite:child href="Bro012.A.dialogue-acts.xml#id(Bro012.A.dialogueact290)"/>
      <nite:child href="Bro012.B.dialogue-acts.xml#id(Bro012.B.dialogueact296)..id(Bro012.B.dialogueact298)"/>
      <nite:child href="Bro012.B.dialogue-acts.xml#id(Bro012.B.dialogueact301)"/>
      <nite:child href="Bro012.B.dialogue-acts.xml#id(Bro012.B.dialogueact316)"/>
      <nite:child href="Bro012.B.dialogue-acts.xml#id(Bro012.B.dialogueact318)..id(Bro012.B.dialogueact320)"/>
      <nite:child href="Bro012.B.dialogue-acts.xml#id(Bro012.B.dialogueact322)"/>
      <nite:child href="Bro012.B.dialogue-acts.xml#id(Bro012.B.dialogueact327)..id(Bro012.B.dialogueact335)"/>
      <nite:child href="Bro012.B.dialogue-acts.xml#id(Bro012.B.dialogueact337)..id(Bro012.B.dialogueact339)"/>
      <nite:child href="Bro012.F.dialogue-acts.xml#id(Bro012.F.dialogueact356)..id(Bro012.F.dialogueact359)"/>
      <nite:child href="Bro012.F.dialogue-acts.xml#id(Bro012.F.dialogueact362)..id(Bro012.F.dialogueact364)"/>
      <nite:child href="Bro012.A.dialogue-acts.xml#id(Bro012.A.dialogueact377)"/>
      <nite:child href="Bro012.F.dialogue-acts.xml#id(Bro012.F.dialogueact379)"/>
      <nite:child href="Bro012.A.dialogue-acts.xml#id(Bro012.A.dialogueact384)..id(Bro012.A.dialogueact386)"/>
      <nite:child href="Bro012.A.dialogue-acts.xml#id(Bro012.A.dialogueact393)"/>
      <nite:child href="Bro012.A.dialogue-acts.xml#id(Bro012.A.dialogueact403)"/>
      <nite:child href="Bro012.A.dialogue-acts.xml#id(Bro012.A.dialogueact408)"/>
      <nite:child href="Bro012.A.dialogue-acts.xml#id(Bro012.A.dialogueact417)"/>
      <nite:child href="Bro012.F.dialogue-acts.xml#id(Bro012.F.dialogueact432)"/>
      <nite:child href="Bro012.F.dialogue-acts.xml#id(Bro012.F.dialogueact435)"/>
      <nite:child href="Bro012.F.dialogue-acts.xml#id(Bro012.F.dialogueact464)"/>
      <nite:child href="Bro012.F.dialogue-acts.xml#id(Bro012.F.dialogueact469)..id(Bro012.F.dialogueact470)"/>
      <nite:child href="Bro012.F.dialogue-acts.xml#id(Bro012.F.dialogueact492)..id(Bro012.F.dialogueact495)"/>
      <nite:child href="Bro012.A.dialogue-acts.xml#id(Bro012.A.dialogueact496)"/>
      <nite:child href="Bro012.F.dialogue-acts.xml#id(Bro012.F.dialogueact507)"/>
      <nite:child href="Bro012.A.dialogue-acts.xml#id(Bro012.A.dialogueact535)..id(Bro012.A.dialogueact540)"/>
      <nite:child href="Bro012.A.dialogue-acts.xml#id(Bro012.A.dialogueact553)"/>
      <nite:child href="Bro012.F.dialogue-acts.xml#id(Bro012.F.dialogueact555)"/>
      <nite:child href="Bro012.F.dialogue-acts.xml#id(Bro012.F.dialogueact559)"/>
      <nite:child href="Bro012.F.dialogue-acts.xml#id(Bro012.F.dialogueact565)..id(Bro012.F.dialogueact566)"/>
      <nite:child href="Bro012.A.dialogue-acts.xml#id(Bro012.A.dialogueact572)"/>
      <nite:child href="Bro012.F.dialogue-acts.xml#id(Bro012.F.dialogueact574)"/>
      <nite:child href="Bro012.F.dialogue-acts.xml#id(Bro012.F.dialogueact577)"/>
      <nite:child href="Bro012.A.dialogue-acts.xml#id(Bro012.A.dialogueact589)..id(Bro012.A.dialogueact593)"/>
      <nite:child href="Bro012.A.dialogue-acts.xml#id(Bro012.A.dialogueact649)..id(Bro012.A.dialogueact650)"/>
      <nite:child href="Bro012.B.dialogue-acts.xml#id(Bro012.B.dialogueact653)..id(Bro012.B.dialogueact657)"/>
      <nite:child href="Bro012.C.dialogue-acts.xml#id(Bro012.C.dialogueact663)"/>
      <nite:child href="Bro012.B.dialogue-acts.xml#id(Bro012.B.dialogueact670)"/>
      <nite:child href="Bro012.C.dialogue-acts.xml#id(Bro012.C.dialogueact672)"/>
      <nite:child href="Bro012.A.dialogue-acts.xml#id(Bro012.A.dialogueact675)..id(Bro012.A.dialogueact676)"/>
      <nite:child href="Bro012.A.dialogue-acts.xml#id(Bro012.A.dialogueact681)"/>
      <nite:child href="Bro012.A.dialogue-acts.xml#id(Bro012.A.dialogueact686)"/>
      <nite:child href="Bro012.A.dialogue-acts.xml#id(Bro012.A.dialogueact697)"/>
      <nite:child href="Bro012.A.dialogue-acts.xml#id(Bro012.A.dialogueact740)..id(Bro012.A.dialogueact741)"/>
      <nite:child href="Bro012.A.dialogue-acts.xml#id(Bro012.A.dialogueact746)..id(Bro012.A.dialogueact748)"/>
      <nite:child href="Bro012.F.dialogue-acts.xml#id(Bro012.F.dialogueact756)..id(Bro012.F.dialogueact760)"/>
      <nite:child href="Bro012.A.dialogue-acts.xml#id(Bro012.A.dialogueact963)..id(Bro012.A.dialogueact964)"/>
      <nite:child href="Bro012.F.dialogue-acts.xml#id(Bro012.F.dialogueact969)..id(Bro012.F.dialogueact971)"/>
      <nite:child href="Bro012.F.dialogue-acts.xml#id(Bro012.F.dialogueact993)"/>
      <nite:child href="Bro012.F.dialogue-acts.xml#id(Bro012.F.dialogueact996)..id(Bro012.F.dialogueact997)"/>
      <nite:child href="Bro012.F.dialogue-acts.xml#id(Bro012.F.dialogueact999)"/>
      <nite:child href="Bro012.A.dialogue-acts.xml#id(Bro012.A.dialogueact1003)..id(Bro012.A.dialogueact1006)"/>
      <nite:child href="Bro012.A.dialogue-acts.xml#id(Bro012.A.dialogueact1012)"/>
      <nite:child href="Bro012.A.dialogue-acts.xml#id(Bro012.A.dialogueact1047)"/>
      <nite:child href="Bro012.F.dialogue-acts.xml#id(Bro012.F.dialogueact1048)"/>
      <nite:child href="Bro012.A.dialogue-acts.xml#id(Bro012.A.dialogueact1054)"/>
      <nite:child href="Bro012.A.dialogue-acts.xml#id(Bro012.A.dialogueact1058)"/>
      <nite:child href="Bro012.A.dialogue-acts.xml#id(Bro012.A.dialogueact1062)..id(Bro012.A.dialogueact1063)"/>
      <nite:child href="Bro012.F.dialogue-acts.xml#id(Bro012.F.dialogueact1067)"/>
      <nite:child href="Bro012.F.dialogue-acts.xml#id(Bro012.F.dialogueact1074)..id(Bro012.F.dialogueact1076)"/>
      <nite:child href="Bro012.D.dialogue-acts.xml#id(Bro012.D.dialogueact1078)"/>
      <nite:child href="Bro012.A.dialogue-acts.xml#id(Bro012.A.dialogueact1088)"/>
      <nite:child href="Bro012.A.dialogue-acts.xml#id(Bro012.A.dialogueact1092)"/>
      <nite:child href="Bro012.A.dialogue-acts.xml#id(Bro012.A.dialogueact1108)..id(Bro012.A.dialogueact1109)"/>
      <nite:child href="Bro012.A.dialogue-acts.xml#id(Bro012.A.dialogueact1111)"/>
      <nite:child href="Bro012.A.dialogue-acts.xml#id(Bro012.A.dialogueact1115)"/>
      <nite:child href="Bro012.D.dialogue-acts.xml#id(Bro012.D.dialogueact1118)"/>
      <nite:child href="Bro012.F.dialogue-acts.xml#id(Bro012.F.dialogueact1123)"/>
      <nite:child href="Bro012.A.dialogue-acts.xml#id(Bro012.A.dialogueact1126)"/>
      <nite:child href="Bro012.F.dialogue-acts.xml#id(Bro012.F.dialogueact1129)"/>
      <nite:child href="Bro012.F.dialogue-acts.xml#id(Bro012.F.dialogueact1135)"/>
      <nite:child href="Bro012.F.dialogue-acts.xml#id(Bro012.F.dialogueact1180)..id(Bro012.F.dialogueact1182)"/>
      <nite:child href="Bro012.F.dialogue-acts.xml#id(Bro012.F.dialogueact1188)"/>
      <nite:child href="Bro012.F.dialogue-acts.xml#id(Bro012.F.dialogueact1190)..id(Bro012.F.dialogueact1193)"/>
      <nite:child href="Bro012.A.dialogue-acts.xml#id(Bro012.A.dialogueact1197)..id(Bro012.A.dialogueact1200)"/>
      <nite:child href="Bro012.A.dialogue-acts.xml#id(Bro012.A.dialogueact1204)"/>
      <nite:child href="Bro012.A.dialogue-acts.xml#id(Bro012.A.dialogueact1209)..id(Bro012.A.dialogueact1212)"/>
      <nite:child href="Bro012.A.dialogue-acts.xml#id(Bro012.A.dialogueact1216)"/>
      <nite:child href="Bro012.A.dialogue-acts.xml#id(Bro012.A.dialogueact1219)"/>
      <nite:child href="Bro012.A.dialogue-acts.xml#id(Bro012.A.dialogueact1224)..id(Bro012.A.dialogueact1225)"/>
      <nite:child href="Bro012.A.dialogue-acts.xml#id(Bro012.A.dialogueact1320)"/>
      <nite:child href="Bro012.F.dialogue-acts.xml#id(Bro012.F.dialogueact1322)..id(Bro012.F.dialogueact1324)"/>
      <nite:child href="Bro012.F.dialogue-acts.xml#id(Bro012.F.dialogueact1327)"/>
      <nite:child href="Bro012.F.dialogue-acts.xml#id(Bro012.F.dialogueact1332)"/>
      <nite:child href="Bro012.A.dialogue-acts.xml#id(Bro012.A.dialogueact1343)"/>
      <nite:child href="Bro012.A.dialogue-acts.xml#id(Bro012.A.dialogueact1346)"/>
   </extsumm>
</nite:root>