<?xml version="1.0" encoding="ISO-8859-1" standalone="yes"?>
<nite:root nite:id="Bro027.summlink" xmlns:nite="http://nite.sourceforge.net/">
   <summlink nite:id="Bro027.summlink.1">
      <nite:pointer role="extractive"  href="Bro027.B.dialogue-acts.xml#id(Bro027.B.dialogueact18)"/>
      <nite:pointer role="abstractive"  href="Bro027.abssumm.xml#id(Bro027.s.14)"/>
   </summlink>
   <summlink nite:id="Bro027.summlink.2">
      <nite:pointer role="extractive"  href="Bro027.B.dialogue-acts.xml#id(Bro027.B.dialogueact25)"/>
      <nite:pointer role="abstractive"  href="Bro027.abssumm.xml#id(Bro027.s.14)"/>
   </summlink>
   <summlink nite:id="Bro027.summlink.3">
      <nite:pointer role="extractive"  href="Bro027.B.dialogue-acts.xml#id(Bro027.B.dialogueact26)"/>
      <nite:pointer role="abstractive"  href="Bro027.abssumm.xml#id(Bro027.s.14)"/>
   </summlink>
   <summlink nite:id="Bro027.summlink.4">
      <nite:pointer role="extractive"  href="Bro027.B.dialogue-acts.xml#id(Bro027.B.dialogueact39)"/>
      <nite:pointer role="abstractive"  href="Bro027.abssumm.xml#id(Bro027.s.4)"/>
   </summlink>
   <summlink nite:id="Bro027.summlink.5">
      <nite:pointer role="extractive"  href="Bro027.B.dialogue-acts.xml#id(Bro027.B.dialogueact40)"/>
      <nite:pointer role="abstractive"  href="Bro027.abssumm.xml#id(Bro027.s.4)"/>
   </summlink>
   <summlink nite:id="Bro027.summlink.6">
      <nite:pointer role="extractive"  href="Bro027.B.dialogue-acts.xml#id(Bro027.B.dialogueact42)"/>
      <nite:pointer role="abstractive"  href="Bro027.abssumm.xml#id(Bro027.s.4)"/>
   </summlink>
   <summlink nite:id="Bro027.summlink.7">
      <nite:pointer role="extractive"  href="Bro027.B.dialogue-acts.xml#id(Bro027.B.dialogueact95)"/>
      <nite:pointer role="abstractive"  href="Bro027.abssumm.xml#id(Bro027.s.4)"/>
   </summlink>
   <summlink nite:id="Bro027.summlink.8">
      <nite:pointer role="extractive"  href="Bro027.B.dialogue-acts.xml#id(Bro027.B.dialogueact96)"/>
      <nite:pointer role="abstractive"  href="Bro027.abssumm.xml#id(Bro027.s.4)"/>
   </summlink>
   <summlink nite:id="Bro027.summlink.9">
      <nite:pointer role="extractive"  href="Bro027.B.dialogue-acts.xml#id(Bro027.B.dialogueact185)"/>
      <nite:pointer role="abstractive"  href="Bro027.abssumm.xml#id(Bro027.s.4)"/>
   </summlink>
   <summlink nite:id="Bro027.summlink.10">
      <nite:pointer role="extractive"  href="Bro027.A.dialogue-acts.xml#id(Bro027.A.dialogueact243)"/>
      <nite:pointer role="abstractive"  href="Bro027.abssumm.xml#id(Bro027.s.15)"/>
   </summlink>
   <summlink nite:id="Bro027.summlink.11">
      <nite:pointer role="extractive"  href="Bro027.A.dialogue-acts.xml#id(Bro027.A.dialogueact245)"/>
      <nite:pointer role="abstractive"  href="Bro027.abssumm.xml#id(Bro027.s.15)"/>
   </summlink>
   <summlink nite:id="Bro027.summlink.12">
      <nite:pointer role="extractive"  href="Bro027.A.dialogue-acts.xml#id(Bro027.A.dialogueact247)"/>
      <nite:pointer role="abstractive"  href="Bro027.abssumm.xml#id(Bro027.s.15)"/>
   </summlink>
   <summlink nite:id="Bro027.summlink.13">
      <nite:pointer role="extractive"  href="Bro027.A.dialogue-acts.xml#id(Bro027.A.dialogueact248)"/>
      <nite:pointer role="abstractive"  href="Bro027.abssumm.xml#id(Bro027.s.15)"/>
   </summlink>
   <summlink nite:id="Bro027.summlink.14">
      <nite:pointer role="extractive"  href="Bro027.A.dialogue-acts.xml#id(Bro027.A.dialogueact251)"/>
      <nite:pointer role="abstractive"  href="Bro027.abssumm.xml#id(Bro027.s.15)"/>
   </summlink>
   <summlink nite:id="Bro027.summlink.15">
      <nite:pointer role="extractive"  href="Bro027.A.dialogue-acts.xml#id(Bro027.A.dialogueact252)"/>
      <nite:pointer role="abstractive"  href="Bro027.abssumm.xml#id(Bro027.s.15)"/>
   </summlink>
   <summlink nite:id="Bro027.summlink.16">
      <nite:pointer role="extractive"  href="Bro027.A.dialogue-acts.xml#id(Bro027.A.dialogueact253)"/>
      <nite:pointer role="abstractive"  href="Bro027.abssumm.xml#id(Bro027.s.15)"/>
   </summlink>
   <summlink nite:id="Bro027.summlink.17">
      <nite:pointer role="extractive"  href="Bro027.A.dialogue-acts.xml#id(Bro027.A.dialogueact256)"/>
      <nite:pointer role="abstractive"  href="Bro027.abssumm.xml#id(Bro027.s.15)"/>
   </summlink>
   <summlink nite:id="Bro027.summlink.18">
      <nite:pointer role="extractive"  href="Bro027.A.dialogue-acts.xml#id(Bro027.A.dialogueact257)"/>
      <nite:pointer role="abstractive"  href="Bro027.abssumm.xml#id(Bro027.s.15)"/>
   </summlink>
   <summlink nite:id="Bro027.summlink.19">
      <nite:pointer role="extractive"  href="Bro027.B.dialogue-acts.xml#id(Bro027.B.dialogueact280)"/>
      <nite:pointer role="abstractive"  href="Bro027.abssumm.xml#id(Bro027.s.8)"/>
   </summlink>
   <summlink nite:id="Bro027.summlink.20">
      <nite:pointer role="extractive"  href="Bro027.B.dialogue-acts.xml#id(Bro027.B.dialogueact280)"/>
      <nite:pointer role="abstractive"  href="Bro027.abssumm.xml#id(Bro027.s.6)"/>
   </summlink>
   <summlink nite:id="Bro027.summlink.21">
      <nite:pointer role="extractive"  href="Bro027.A.dialogue-acts.xml#id(Bro027.A.dialogueact283)"/>
      <nite:pointer role="abstractive"  href="Bro027.abssumm.xml#id(Bro027.s.6)"/>
   </summlink>
   <summlink nite:id="Bro027.summlink.22">
      <nite:pointer role="extractive"  href="Bro027.A.dialogue-acts.xml#id(Bro027.A.dialogueact288)"/>
      <nite:pointer role="abstractive"  href="Bro027.abssumm.xml#id(Bro027.s.6)"/>
   </summlink>
   <summlink nite:id="Bro027.summlink.23">
      <nite:pointer role="extractive"  href="Bro027.B.dialogue-acts.xml#id(Bro027.B.dialogueact292)"/>
      <nite:pointer role="abstractive"  href="Bro027.abssumm.xml#id(Bro027.s.8)"/>
   </summlink>
   <summlink nite:id="Bro027.summlink.24">
      <nite:pointer role="extractive"  href="Bro027.B.dialogue-acts.xml#id(Bro027.B.dialogueact292)"/>
      <nite:pointer role="abstractive"  href="Bro027.abssumm.xml#id(Bro027.s.6)"/>
   </summlink>
   <summlink nite:id="Bro027.summlink.25">
      <nite:pointer role="extractive"  href="Bro027.D.dialogue-acts.xml#id(Bro027.D.dialogueact300)"/>
      <nite:pointer role="abstractive"  href="Bro027.abssumm.xml#id(Bro027.s.8)"/>
   </summlink>
   <summlink nite:id="Bro027.summlink.26">
      <nite:pointer role="extractive"  href="Bro027.D.dialogue-acts.xml#id(Bro027.D.dialogueact303)"/>
      <nite:pointer role="abstractive"  href="Bro027.abssumm.xml#id(Bro027.s.8)"/>
   </summlink>
   <summlink nite:id="Bro027.summlink.27">
      <nite:pointer role="extractive"  href="Bro027.B.dialogue-acts.xml#id(Bro027.B.dialogueact333)"/>
      <nite:pointer role="abstractive"  href="Bro027.abssumm.xml#id(Bro027.s.8)"/>
   </summlink>
   <summlink nite:id="Bro027.summlink.28">
      <nite:pointer role="extractive"  href="Bro027.B.dialogue-acts.xml#id(Bro027.B.dialogueact338)"/>
      <nite:pointer role="abstractive"  href="Bro027.abssumm.xml#id(Bro027.s.8)"/>
   </summlink>
   <summlink nite:id="Bro027.summlink.29">
      <nite:pointer role="extractive"  href="Bro027.C.dialogue-acts.xml#id(Bro027.C.dialogueact417)"/>
      <nite:pointer role="abstractive"  href="Bro027.abssumm.xml#id(Bro027.s.12)"/>
   </summlink>
   <summlink nite:id="Bro027.summlink.30">
      <nite:pointer role="extractive"  href="Bro027.C.dialogue-acts.xml#id(Bro027.C.dialogueact417)"/>
      <nite:pointer role="abstractive"  href="Bro027.abssumm.xml#id(Bro027.s.2)"/>
   </summlink>
   <summlink nite:id="Bro027.summlink.31">
      <nite:pointer role="extractive"  href="Bro027.C.dialogue-acts.xml#id(Bro027.C.dialogueact418)"/>
      <nite:pointer role="abstractive"  href="Bro027.abssumm.xml#id(Bro027.s.2)"/>
   </summlink>
   <summlink nite:id="Bro027.summlink.32">
      <nite:pointer role="extractive"  href="Bro027.C.dialogue-acts.xml#id(Bro027.C.dialogueact418)"/>
      <nite:pointer role="abstractive"  href="Bro027.abssumm.xml#id(Bro027.s.12)"/>
   </summlink>
   <summlink nite:id="Bro027.summlink.33">
      <nite:pointer role="extractive"  href="Bro027.C.dialogue-acts.xml#id(Bro027.C.dialogueact419)"/>
      <nite:pointer role="abstractive"  href="Bro027.abssumm.xml#id(Bro027.s.12)"/>
   </summlink>
   <summlink nite:id="Bro027.summlink.34">
      <nite:pointer role="extractive"  href="Bro027.C.dialogue-acts.xml#id(Bro027.C.dialogueact423)"/>
      <nite:pointer role="abstractive"  href="Bro027.abssumm.xml#id(Bro027.s.12)"/>
   </summlink>
   <summlink nite:id="Bro027.summlink.35">
      <nite:pointer role="extractive"  href="Bro027.D.dialogue-acts.xml#id(Bro027.D.dialogueact428)"/>
      <nite:pointer role="abstractive"  href="Bro027.abssumm.xml#id(Bro027.s.12)"/>
   </summlink>
   <summlink nite:id="Bro027.summlink.36">
      <nite:pointer role="extractive"  href="Bro027.C.dialogue-acts.xml#id(Bro027.C.dialogueact460)"/>
      <nite:pointer role="abstractive"  href="Bro027.abssumm.xml#id(Bro027.s.12)"/>
   </summlink>
   <summlink nite:id="Bro027.summlink.37">
      <nite:pointer role="extractive"  href="Bro027.C.dialogue-acts.xml#id(Bro027.C.dialogueact465)"/>
      <nite:pointer role="abstractive"  href="Bro027.abssumm.xml#id(Bro027.s.12)"/>
   </summlink>
   <summlink nite:id="Bro027.summlink.38">
      <nite:pointer role="extractive"  href="Bro027.B.dialogue-acts.xml#id(Bro027.B.dialogueact466)"/>
      <nite:pointer role="abstractive"  href="Bro027.abssumm.xml#id(Bro027.s.12)"/>
   </summlink>
   <summlink nite:id="Bro027.summlink.39">
      <nite:pointer role="extractive"  href="Bro027.C.dialogue-acts.xml#id(Bro027.C.dialogueact472)"/>
      <nite:pointer role="abstractive"  href="Bro027.abssumm.xml#id(Bro027.s.9)"/>
   </summlink>
   <summlink nite:id="Bro027.summlink.40">
      <nite:pointer role="extractive"  href="Bro027.C.dialogue-acts.xml#id(Bro027.C.dialogueact476)"/>
      <nite:pointer role="abstractive"  href="Bro027.abssumm.xml#id(Bro027.s.9)"/>
   </summlink>
   <summlink nite:id="Bro027.summlink.41">
      <nite:pointer role="extractive"  href="Bro027.C.dialogue-acts.xml#id(Bro027.C.dialogueact603)"/>
      <nite:pointer role="abstractive"  href="Bro027.abssumm.xml#id(Bro027.s.3)"/>
   </summlink>
   <summlink nite:id="Bro027.summlink.42">
      <nite:pointer role="extractive"  href="Bro027.A.dialogue-acts.xml#id(Bro027.A.dialogueact605)"/>
      <nite:pointer role="abstractive"  href="Bro027.abssumm.xml#id(Bro027.s.3)"/>
   </summlink>
   <summlink nite:id="Bro027.summlink.43">
      <nite:pointer role="extractive"  href="Bro027.A.dialogue-acts.xml#id(Bro027.A.dialogueact608)"/>
      <nite:pointer role="abstractive"  href="Bro027.abssumm.xml#id(Bro027.s.3)"/>
   </summlink>
   <summlink nite:id="Bro027.summlink.44">
      <nite:pointer role="extractive"  href="Bro027.B.dialogue-acts.xml#id(Bro027.B.dialogueact615)"/>
      <nite:pointer role="abstractive"  href="Bro027.abssumm.xml#id(Bro027.s.3)"/>
   </summlink>
   <summlink nite:id="Bro027.summlink.45">
      <nite:pointer role="extractive"  href="Bro027.B.dialogue-acts.xml#id(Bro027.B.dialogueact618)"/>
      <nite:pointer role="abstractive"  href="Bro027.abssumm.xml#id(Bro027.s.3)"/>
   </summlink>
   <summlink nite:id="Bro027.summlink.46">
      <nite:pointer role="extractive"  href="Bro027.C.dialogue-acts.xml#id(Bro027.C.dialogueact623)"/>
      <nite:pointer role="abstractive"  href="Bro027.abssumm.xml#id(Bro027.s.3)"/>
   </summlink>
   <summlink nite:id="Bro027.summlink.48">
      <nite:pointer role="extractive"  href="Bro027.A.dialogue-acts.xml#id(Bro027.A.dialogueact641)"/>
      <nite:pointer role="abstractive"  href="Bro027.abssumm.xml#id(Bro027.s.9)"/>
   </summlink>
   <summlink nite:id="Bro027.summlink.49">
      <nite:pointer role="extractive"  href="Bro027.B.dialogue-acts.xml#id(Bro027.B.dialogueact643)"/>
      <nite:pointer role="abstractive"  href="Bro027.abssumm.xml#id(Bro027.s.9)"/>
   </summlink>
   <summlink nite:id="Bro027.summlink.50">
      <nite:pointer role="extractive"  href="Bro027.B.dialogue-acts.xml#id(Bro027.B.dialogueact644)"/>
      <nite:pointer role="abstractive"  href="Bro027.abssumm.xml#id(Bro027.s.9)"/>
   </summlink>
   <summlink nite:id="Bro027.summlink.51">
      <nite:pointer role="extractive"  href="Bro027.B.dialogue-acts.xml#id(Bro027.B.dialogueact647)"/>
      <nite:pointer role="abstractive"  href="Bro027.abssumm.xml#id(Bro027.s.9)"/>
   </summlink>
   <summlink nite:id="Bro027.summlink.52">
      <nite:pointer role="extractive"  href="Bro027.B.dialogue-acts.xml#id(Bro027.B.dialogueact648)"/>
      <nite:pointer role="abstractive"  href="Bro027.abssumm.xml#id(Bro027.s.9)"/>
   </summlink>
   <summlink nite:id="Bro027.summlink.53">
      <nite:pointer role="extractive"  href="Bro027.A.dialogue-acts.xml#id(Bro027.A.dialogueact649)"/>
      <nite:pointer role="abstractive"  href="Bro027.abssumm.xml#id(Bro027.s.9)"/>
   </summlink>
   <summlink nite:id="Bro027.summlink.54">
      <nite:pointer role="extractive"  href="Bro027.B.dialogue-acts.xml#id(Bro027.B.dialogueact652)"/>
      <nite:pointer role="abstractive"  href="Bro027.abssumm.xml#id(Bro027.s.9)"/>
   </summlink>
   <summlink nite:id="Bro027.summlink.55">
      <nite:pointer role="extractive"  href="Bro027.B.dialogue-acts.xml#id(Bro027.B.dialogueact657)"/>
      <nite:pointer role="abstractive"  href="Bro027.abssumm.xml#id(Bro027.s.9)"/>
   </summlink>
   <summlink nite:id="Bro027.summlink.56">
      <nite:pointer role="extractive"  href="Bro027.B.dialogue-acts.xml#id(Bro027.B.dialogueact711)"/>
      <nite:pointer role="abstractive"  href="Bro027.abssumm.xml#id(Bro027.s.3)"/>
   </summlink>
   <summlink nite:id="Bro027.summlink.57">
      <nite:pointer role="extractive"  href="Bro027.B.dialogue-acts.xml#id(Bro027.B.dialogueact713)"/>
      <nite:pointer role="abstractive"  href="Bro027.abssumm.xml#id(Bro027.s.3)"/>
   </summlink>
   <summlink nite:id="Bro027.summlink.58">
      <nite:pointer role="extractive"  href="Bro027.A.dialogue-acts.xml#id(Bro027.A.dialogueact720)"/>
      <nite:pointer role="abstractive"  href="Bro027.abssumm.xml#id(Bro027.s.12)"/>
   </summlink>
   <summlink nite:id="Bro027.summlink.59">
      <nite:pointer role="extractive"  href="Bro027.B.dialogue-acts.xml#id(Bro027.B.dialogueact721)"/>
      <nite:pointer role="abstractive"  href="Bro027.abssumm.xml#id(Bro027.s.12)"/>
   </summlink>
   <summlink nite:id="Bro027.summlink.60">
      <nite:pointer role="extractive"  href="Bro027.C.dialogue-acts.xml#id(Bro027.C.dialogueact724)"/>
      <nite:pointer role="abstractive"  href="Bro027.abssumm.xml#id(Bro027.s.12)"/>
   </summlink>
   <summlink nite:id="Bro027.summlink.61">
      <nite:pointer role="extractive"  href="Bro027.C.dialogue-acts.xml#id(Bro027.C.dialogueact823)"/>
      <nite:pointer role="abstractive"  href="Bro027.abssumm.xml#id(Bro027.s.13)"/>
   </summlink>
   <summlink nite:id="Bro027.summlink.62">
      <nite:pointer role="extractive"  href="Bro027.C.dialogue-acts.xml#id(Bro027.C.dialogueact825)"/>
      <nite:pointer role="abstractive"  href="Bro027.abssumm.xml#id(Bro027.s.13)"/>
   </summlink>
   <summlink nite:id="Bro027.summlink.63">
      <nite:pointer role="extractive"  href="Bro027.C.dialogue-acts.xml#id(Bro027.C.dialogueact828)"/>
      <nite:pointer role="abstractive"  href="Bro027.abssumm.xml#id(Bro027.s.13)"/>
   </summlink>
   <summlink nite:id="Bro027.summlink.64">
      <nite:pointer role="extractive"  href="Bro027.C.dialogue-acts.xml#id(Bro027.C.dialogueact831)"/>
      <nite:pointer role="abstractive"  href="Bro027.abssumm.xml#id(Bro027.s.13)"/>
   </summlink>
   <summlink nite:id="Bro027.summlink.65">
      <nite:pointer role="extractive"  href="Bro027.C.dialogue-acts.xml#id(Bro027.C.dialogueact857)"/>
      <nite:pointer role="abstractive"  href="Bro027.abssumm.xml#id(Bro027.s.13)"/>
   </summlink>
   <summlink nite:id="Bro027.summlink.66">
      <nite:pointer role="extractive"  href="Bro027.C.dialogue-acts.xml#id(Bro027.C.dialogueact858)"/>
      <nite:pointer role="abstractive"  href="Bro027.abssumm.xml#id(Bro027.s.13)"/>
   </summlink>
   <summlink nite:id="Bro027.summlink.67">
      <nite:pointer role="extractive"  href="Bro027.B.dialogue-acts.xml#id(Bro027.B.dialogueact866)"/>
      <nite:pointer role="abstractive"  href="Bro027.abssumm.xml#id(Bro027.s.13)"/>
   </summlink>
   <summlink nite:id="Bro027.summlink.68">
      <nite:pointer role="extractive"  href="Bro027.B.dialogue-acts.xml#id(Bro027.B.dialogueact866)"/>
      <nite:pointer role="abstractive"  href="Bro027.abssumm.xml#id(Bro027.s.10)"/>
   </summlink>
   <summlink nite:id="Bro027.summlink.69">
      <nite:pointer role="extractive"  href="Bro027.C.dialogue-acts.xml#id(Bro027.C.dialogueact873)"/>
      <nite:pointer role="abstractive"  href="Bro027.abssumm.xml#id(Bro027.s.10)"/>
   </summlink>
   <summlink nite:id="Bro027.summlink.70">
      <nite:pointer role="extractive"  href="Bro027.B.dialogue-acts.xml#id(Bro027.B.dialogueact875)"/>
      <nite:pointer role="abstractive"  href="Bro027.abssumm.xml#id(Bro027.s.10)"/>
   </summlink>
   <summlink nite:id="Bro027.summlink.71">
      <nite:pointer role="extractive"  href="Bro027.B.dialogue-acts.xml#id(Bro027.B.dialogueact877)"/>
      <nite:pointer role="abstractive"  href="Bro027.abssumm.xml#id(Bro027.s.10)"/>
   </summlink>
   <summlink nite:id="Bro027.summlink.72">
      <nite:pointer role="extractive"  href="Bro027.C.dialogue-acts.xml#id(Bro027.C.dialogueact883)"/>
      <nite:pointer role="abstractive"  href="Bro027.abssumm.xml#id(Bro027.s.10)"/>
   </summlink>
   <summlink nite:id="Bro027.summlink.73">
      <nite:pointer role="extractive"  href="Bro027.A.dialogue-acts.xml#id(Bro027.A.dialogueact884)"/>
      <nite:pointer role="abstractive"  href="Bro027.abssumm.xml#id(Bro027.s.10)"/>
   </summlink>
   <summlink nite:id="Bro027.summlink.74">
      <nite:pointer role="extractive"  href="Bro027.C.dialogue-acts.xml#id(Bro027.C.dialogueact900)"/>
      <nite:pointer role="abstractive"  href="Bro027.abssumm.xml#id(Bro027.s.10)"/>
   </summlink>
   <summlink nite:id="Bro027.summlink.75">
      <nite:pointer role="extractive"  href="Bro027.C.dialogue-acts.xml#id(Bro027.C.dialogueact906)"/>
      <nite:pointer role="abstractive"  href="Bro027.abssumm.xml#id(Bro027.s.10)"/>
   </summlink>
   <summlink nite:id="Bro027.summlink.76">
      <nite:pointer role="extractive"  href="Bro027.C.dialogue-acts.xml#id(Bro027.C.dialogueact907)"/>
      <nite:pointer role="abstractive"  href="Bro027.abssumm.xml#id(Bro027.s.10)"/>
   </summlink>
   <summlink nite:id="Bro027.summlink.77">
      <nite:pointer role="extractive"  href="Bro027.C.dialogue-acts.xml#id(Bro027.C.dialogueact911)"/>
      <nite:pointer role="abstractive"  href="Bro027.abssumm.xml#id(Bro027.s.10)"/>
   </summlink>
   <summlink nite:id="Bro027.summlink.78">
      <nite:pointer role="extractive"  href="Bro027.B.dialogue-acts.xml#id(Bro027.B.dialogueact949)"/>
      <nite:pointer role="abstractive"  href="Bro027.abssumm.xml#id(Bro027.s.3)"/>
   </summlink>
   <summlink nite:id="Bro027.summlink.79">
      <nite:pointer role="extractive"  href="Bro027.C.dialogue-acts.xml#id(Bro027.C.dialogueact952)"/>
      <nite:pointer role="abstractive"  href="Bro027.abssumm.xml#id(Bro027.s.3)"/>
   </summlink>
   <summlink nite:id="Bro027.summlink.80">
      <nite:pointer role="extractive"  href="Bro027.C.dialogue-acts.xml#id(Bro027.C.dialogueact953)"/>
      <nite:pointer role="abstractive"  href="Bro027.abssumm.xml#id(Bro027.s.3)"/>
   </summlink>
   <summlink nite:id="Bro027.summlink.81">
      <nite:pointer role="extractive"  href="Bro027.B.dialogue-acts.xml#id(Bro027.B.dialogueact962)"/>
      <nite:pointer role="abstractive"  href="Bro027.abssumm.xml#id(Bro027.s.3)"/>
   </summlink>
   <summlink nite:id="Bro027.summlink.82">
      <nite:pointer role="extractive"  href="Bro027.B.dialogue-acts.xml#id(Bro027.B.dialogueact966)"/>
      <nite:pointer role="abstractive"  href="Bro027.abssumm.xml#id(Bro027.s.3)"/>
   </summlink>
   <summlink nite:id="Bro027.summlink.83">
      <nite:pointer role="extractive"  href="Bro027.B.dialogue-acts.xml#id(Bro027.B.dialogueact971)"/>
      <nite:pointer role="abstractive"  href="Bro027.abssumm.xml#id(Bro027.s.3)"/>
   </summlink>
   <summlink nite:id="Bro027.summlink.84">
      <nite:pointer role="extractive"  href="Bro027.B.dialogue-acts.xml#id(Bro027.B.dialogueact971)"/>
      <nite:pointer role="abstractive"  href="Bro027.abssumm.xml#id(Bro027.s.7)"/>
   </summlink>
   <summlink nite:id="Bro027.summlink.85">
      <nite:pointer role="extractive"  href="Bro027.B.dialogue-acts.xml#id(Bro027.B.dialogueact973)"/>
      <nite:pointer role="abstractive"  href="Bro027.abssumm.xml#id(Bro027.s.7)"/>
   </summlink>
   <summlink nite:id="Bro027.summlink.86">
      <nite:pointer role="extractive"  href="Bro027.B.dialogue-acts.xml#id(Bro027.B.dialogueact973)"/>
      <nite:pointer role="abstractive"  href="Bro027.abssumm.xml#id(Bro027.s.3)"/>
   </summlink>
   <summlink nite:id="Bro027.summlink.87">
      <nite:pointer role="extractive"  href="Bro027.B.dialogue-acts.xml#id(Bro027.B.dialogueact1042)"/>
      <nite:pointer role="abstractive"  href="Bro027.abssumm.xml#id(Bro027.s.10)"/>
   </summlink>
   <summlink nite:id="Bro027.summlink.88">
      <nite:pointer role="extractive"  href="Bro027.B.dialogue-acts.xml#id(Bro027.B.dialogueact1043)"/>
      <nite:pointer role="abstractive"  href="Bro027.abssumm.xml#id(Bro027.s.10)"/>
   </summlink>
   <summlink nite:id="Bro027.summlink.89">
      <nite:pointer role="extractive"  href="Bro027.B.dialogue-acts.xml#id(Bro027.B.dialogueact1049)"/>
      <nite:pointer role="abstractive"  href="Bro027.abssumm.xml#id(Bro027.s.10)"/>
   </summlink>
   <summlink nite:id="Bro027.summlink.90">
      <nite:pointer role="extractive"  href="Bro027.C.dialogue-acts.xml#id(Bro027.C.dialogueact1227)"/>
      <nite:pointer role="abstractive"  href="Bro027.abssumm.xml#id(Bro027.s.11)"/>
   </summlink>
   <summlink nite:id="Bro027.summlink.91">
      <nite:pointer role="extractive"  href="Bro027.C.dialogue-acts.xml#id(Bro027.C.dialogueact1228)"/>
      <nite:pointer role="abstractive"  href="Bro027.abssumm.xml#id(Bro027.s.11)"/>
   </summlink>
   <summlink nite:id="Bro027.summlink.92">
      <nite:pointer role="extractive"  href="Bro027.C.dialogue-acts.xml#id(Bro027.C.dialogueact1230)"/>
      <nite:pointer role="abstractive"  href="Bro027.abssumm.xml#id(Bro027.s.11)"/>
   </summlink>
   <summlink nite:id="Bro027.summlink.93">
      <nite:pointer role="extractive"  href="Bro027.C.dialogue-acts.xml#id(Bro027.C.dialogueact1231)"/>
      <nite:pointer role="abstractive"  href="Bro027.abssumm.xml#id(Bro027.s.11)"/>
   </summlink>
   <summlink nite:id="Bro027.summlink.94">
      <nite:pointer role="extractive"  href="Bro027.B.dialogue-acts.xml#id(Bro027.B.dialogueact1234)"/>
      <nite:pointer role="abstractive"  href="Bro027.abssumm.xml#id(Bro027.s.11)"/>
   </summlink>
   <summlink nite:id="Bro027.summlink.95">
      <nite:pointer role="extractive"  href="Bro027.A.dialogue-acts.xml#id(Bro027.A.dialogueact1236)"/>
      <nite:pointer role="abstractive"  href="Bro027.abssumm.xml#id(Bro027.s.11)"/>
   </summlink>
   <summlink nite:id="Bro027.summlink.96">
      <nite:pointer role="extractive"  href="Bro027.C.dialogue-acts.xml#id(Bro027.C.dialogueact1238)"/>
      <nite:pointer role="abstractive"  href="Bro027.abssumm.xml#id(Bro027.s.11)"/>
   </summlink>
   <summlink nite:id="Bro027.summlink.97">
      <nite:pointer role="extractive"  href="Bro027.B.dialogue-acts.xml#id(Bro027.B.dialogueact1245)"/>
      <nite:pointer role="abstractive"  href="Bro027.abssumm.xml#id(Bro027.s.11)"/>
   </summlink>
   <summlink nite:id="Bro027.summlink.98">
      <nite:pointer role="extractive"  href="Bro027.C.dialogue-acts.xml#id(Bro027.C.dialogueact1248)"/>
      <nite:pointer role="abstractive"  href="Bro027.abssumm.xml#id(Bro027.s.11)"/>
   </summlink>
   <summlink nite:id="Bro027.summlink.99">
      <nite:pointer role="extractive"  href="Bro027.B.dialogue-acts.xml#id(Bro027.B.dialogueact1249)"/>
      <nite:pointer role="abstractive"  href="Bro027.abssumm.xml#id(Bro027.s.11)"/>
   </summlink>
   <summlink nite:id="Bro027.summlink.100">
      <nite:pointer role="extractive"  href="Bro027.B.dialogue-acts.xml#id(Bro027.B.dialogueact1303)"/>
      <nite:pointer role="abstractive"  href="Bro027.abssumm.xml#id(Bro027.s.7)"/>
   </summlink>
   <summlink nite:id="Bro027.summlink.101">
      <nite:pointer role="extractive"  href="Bro027.C.dialogue-acts.xml#id(Bro027.C.dialogueact1307)"/>
      <nite:pointer role="abstractive"  href="Bro027.abssumm.xml#id(Bro027.s.7)"/>
   </summlink>
   <summlink nite:id="Bro027.summlink.102">
      <nite:pointer role="extractive"  href="Bro027.B.dialogue-acts.xml#id(Bro027.B.dialogueact1312)"/>
      <nite:pointer role="abstractive"  href="Bro027.abssumm.xml#id(Bro027.s.7)"/>
   </summlink>
   <summlink nite:id="Bro027.summlink.103">
      <nite:pointer role="extractive"  href="Bro027.C.dialogue-acts.xml#id(Bro027.C.dialogueact1315)"/>
      <nite:pointer role="abstractive"  href="Bro027.abssumm.xml#id(Bro027.s.7)"/>
   </summlink>
   <summlink nite:id="Bro027.summlink.104">
      <nite:pointer role="extractive"  href="Bro027.C.dialogue-acts.xml#id(Bro027.C.dialogueact1321)"/>
      <nite:pointer role="abstractive"  href="Bro027.abssumm.xml#id(Bro027.s.7)"/>
   </summlink>
   <summlink nite:id="Bro027.summlink.105">
      <nite:pointer role="extractive"  href="Bro027.B.dialogue-acts.xml#id(Bro027.B.dialogueact1323)"/>
      <nite:pointer role="abstractive"  href="Bro027.abssumm.xml#id(Bro027.s.7)"/>
   </summlink>
   <summlink nite:id="Bro027.summlink.106">
      <nite:pointer role="extractive"  href="Bro027.B.dialogue-acts.xml#id(Bro027.B.dialogueact1326)"/>
      <nite:pointer role="abstractive"  href="Bro027.abssumm.xml#id(Bro027.s.7)"/>
   </summlink>
   <summlink nite:id="Bro027.summlink.107">
      <nite:pointer role="extractive"  href="Bro027.B.dialogue-acts.xml#id(Bro027.B.dialogueact1327)"/>
      <nite:pointer role="abstractive"  href="Bro027.abssumm.xml#id(Bro027.s.7)"/>
   </summlink>
   <summlink nite:id="Bro027.summlink.108">
      <nite:pointer role="extractive"  href="Bro027.B.dialogue-acts.xml#id(Bro027.B.dialogueact1330)"/>
      <nite:pointer role="abstractive"  href="Bro027.abssumm.xml#id(Bro027.s.7)"/>
   </summlink>
   <summlink nite:id="Bro027.summlink.109">
      <nite:pointer role="extractive"  href="Bro027.B.dialogue-acts.xml#id(Bro027.B.dialogueact1332)"/>
      <nite:pointer role="abstractive"  href="Bro027.abssumm.xml#id(Bro027.s.7)"/>
   </summlink>
   <summlink nite:id="Bro027.summlink.110">
      <nite:pointer role="extractive"  href="Bro027.A.dialogue-acts.xml#id(Bro027.A.dialogueact1370)"/>
      <nite:pointer role="abstractive"  href="Bro027.abssumm.xml#id(Bro027.s.3)"/>
   </summlink>
   <summlink nite:id="Bro027.summlink.111">
      <nite:pointer role="extractive"  href="Bro027.A.dialogue-acts.xml#id(Bro027.A.dialogueact1371)"/>
      <nite:pointer role="abstractive"  href="Bro027.abssumm.xml#id(Bro027.s.3)"/>
   </summlink>
   <summlink nite:id="Bro027.summlink.112">
      <nite:pointer role="extractive"  href="Bro027.D.dialogue-acts.xml#id(Bro027.D.dialogueact1376)"/>
      <nite:pointer role="abstractive"  href="Bro027.abssumm.xml#id(Bro027.s.3)"/>
   </summlink>
   <summlink nite:id="Bro027.summlink.113">
      <nite:pointer role="extractive"  href="Bro027.D.dialogue-acts.xml#id(Bro027.D.dialogueact1377)"/>
      <nite:pointer role="abstractive"  href="Bro027.abssumm.xml#id(Bro027.s.3)"/>
   </summlink>
   <summlink nite:id="Bro027.summlink.114">
      <nite:pointer role="extractive"  href="Bro027.D.dialogue-acts.xml#id(Bro027.D.dialogueact1380)"/>
      <nite:pointer role="abstractive"  href="Bro027.abssumm.xml#id(Bro027.s.3)"/>
   </summlink>
   <summlink nite:id="Bro027.summlink.115">
      <nite:pointer role="extractive"  href="Bro027.D.dialogue-acts.xml#id(Bro027.D.dialogueact1387)"/>
      <nite:pointer role="abstractive"  href="Bro027.abssumm.xml#id(Bro027.s.3)"/>
   </summlink>
   <summlink nite:id="Bro027.summlink.116">
      <nite:pointer role="extractive"  href="Bro027.D.dialogue-acts.xml#id(Bro027.D.dialogueact1388)"/>
      <nite:pointer role="abstractive"  href="Bro027.abssumm.xml#id(Bro027.s.3)"/>
   </summlink>
   <summlink nite:id="Bro027.summlink.117">
      <nite:pointer role="extractive"  href="Bro027.D.dialogue-acts.xml#id(Bro027.D.dialogueact1391)"/>
      <nite:pointer role="abstractive"  href="Bro027.abssumm.xml#id(Bro027.s.3)"/>
   </summlink>
   <summlink nite:id="Bro027.summlink.118">
      <nite:pointer role="extractive"  href="Bro027.A.dialogue-acts.xml#id(Bro027.A.dialogueact1396)"/>
      <nite:pointer role="abstractive"  href="Bro027.abssumm.xml#id(Bro027.s.3)"/>
   </summlink>
   <summlink nite:id="Bro027.summlink.119">
      <nite:pointer role="extractive"  href="Bro027.C.dialogue-acts.xml#id(Bro027.C.dialogueact1404)"/>
      <nite:pointer role="abstractive"  href="Bro027.abssumm.xml#id(Bro027.s.3)"/>
   </summlink>
   <summlink nite:id="Bro027.summlink.120">
      <nite:pointer role="extractive"  href="Bro027.A.dialogue-acts.xml#id(Bro027.A.dialogueact1412)"/>
      <nite:pointer role="abstractive"  href="Bro027.abssumm.xml#id(Bro027.s.3)"/>
   </summlink>
   <summlink nite:id="Bro027.summlink.121">
      <nite:pointer role="extractive"  href="Bro027.A.dialogue-acts.xml#id(Bro027.A.dialogueact1420)"/>
      <nite:pointer role="abstractive"  href="Bro027.abssumm.xml#id(Bro027.s.3)"/>
   </summlink>
   <summlink nite:id="Bro027.summlink.122">
      <nite:pointer role="extractive"  href="Bro027.C.dialogue-acts.xml#id(Bro027.C.dialogueact1424)"/>
      <nite:pointer role="abstractive"  href="Bro027.abssumm.xml#id(Bro027.s.3)"/>
   </summlink>
   <summlink nite:id="Bro027.summlink.123">
      <nite:pointer role="extractive"  href="Bro027.C.dialogue-acts.xml#id(Bro027.C.dialogueact1427)"/>
      <nite:pointer role="abstractive"  href="Bro027.abssumm.xml#id(Bro027.s.3)"/>
   </summlink>
   <summlink nite:id="Bro027.summlink.124">
      <nite:pointer role="extractive"  href="Bro027.D.dialogue-acts.xml#id(Bro027.D.dialogueact1678)"/>
      <nite:pointer role="abstractive"  href="Bro027.abssumm.xml#id(Bro027.s.3)"/>
   </summlink>
   <summlink nite:id="Bro027.summlink.125">
      <nite:pointer role="extractive"  href="Bro027.D.dialogue-acts.xml#id(Bro027.D.dialogueact1679)"/>
      <nite:pointer role="abstractive"  href="Bro027.abssumm.xml#id(Bro027.s.3)"/>
   </summlink>
   <summlink nite:id="Bro027.summlink.126">
      <nite:pointer role="extractive"  href="Bro027.D.dialogue-acts.xml#id(Bro027.D.dialogueact1685)"/>
      <nite:pointer role="abstractive"  href="Bro027.abssumm.xml#id(Bro027.s.3)"/>
   </summlink>
   <summlink nite:id="Bro027.summlink.127">
      <nite:pointer role="extractive"  href="Bro027.D.dialogue-acts.xml#id(Bro027.D.dialogueact1687)"/>
      <nite:pointer role="abstractive"  href="Bro027.abssumm.xml#id(Bro027.s.3)"/>
   </summlink>
   <summlink nite:id="Bro027.summlink.128">
      <nite:pointer role="extractive"  href="Bro027.D.dialogue-acts.xml#id(Bro027.D.dialogueact1691)"/>
      <nite:pointer role="abstractive"  href="Bro027.abssumm.xml#id(Bro027.s.3)"/>
   </summlink>
   <summlink nite:id="Bro027.summlink.129">
      <nite:pointer role="extractive"  href="Bro027.D.dialogue-acts.xml#id(Bro027.D.dialogueact1693)"/>
      <nite:pointer role="abstractive"  href="Bro027.abssumm.xml#id(Bro027.s.3)"/>
   </summlink>
   <summlink nite:id="Bro027.summlink.130">
      <nite:pointer role="extractive"  href="Bro027.D.dialogue-acts.xml#id(Bro027.D.dialogueact1706)"/>
      <nite:pointer role="abstractive"  href="Bro027.abssumm.xml#id(Bro027.s.3)"/>
   </summlink>
   <summlink nite:id="Bro027.summlink.131">
      <nite:pointer role="extractive"  href="Bro027.A.dialogue-acts.xml#id(Bro027.A.dialogueact1720)"/>
      <nite:pointer role="abstractive"  href="Bro027.abssumm.xml#id(Bro027.s.3)"/>
   </summlink>
   <summlink nite:id="Bro027.summlink.132">
      <nite:pointer role="extractive"  href="Bro027.D.dialogue-acts.xml#id(Bro027.D.dialogueact1722)"/>
      <nite:pointer role="abstractive"  href="Bro027.abssumm.xml#id(Bro027.s.3)"/>
   </summlink>
   <summlink nite:id="Bro027.summlink.133">
      <nite:pointer role="extractive"  href="Bro027.B.dialogue-acts.xml#id(Bro027.B.dialogueact1728)"/>
      <nite:pointer role="abstractive"  href="Bro027.abssumm.xml#id(Bro027.s.3)"/>
   </summlink>
   <summlink nite:id="Bro027.summlink.134">
      <nite:pointer role="extractive"  href="Bro027.B.dialogue-acts.xml#id(Bro027.B.dialogueact1783)"/>
      <nite:pointer role="abstractive"  href="Bro027.abssumm.xml#id(Bro027.s.11)"/>
   </summlink>
   <summlink nite:id="Bro027.summlink.135">
      <nite:pointer role="extractive"  href="Bro027.B.dialogue-acts.xml#id(Bro027.B.dialogueact1784)"/>
      <nite:pointer role="abstractive"  href="Bro027.abssumm.xml#id(Bro027.s.11)"/>
   </summlink>
   <summlink nite:id="Bro027.summlink.136">
      <nite:pointer role="extractive"  href="Bro027.C.dialogue-acts.xml#id(Bro027.C.dialogueact1787)"/>
      <nite:pointer role="abstractive"  href="Bro027.abssumm.xml#id(Bro027.s.11)"/>
   </summlink>
   <summlink nite:id="Bro027.summlink.137">
      <nite:pointer role="extractive"  href="Bro027.C.dialogue-acts.xml#id(Bro027.C.dialogueact1788)"/>
      <nite:pointer role="abstractive"  href="Bro027.abssumm.xml#id(Bro027.s.11)"/>
   </summlink>
   <summlink nite:id="Bro027.summlink.138">
      <nite:pointer role="extractive"  href="Bro027.C.dialogue-acts.xml#id(Bro027.C.dialogueact1791)"/>
      <nite:pointer role="abstractive"  href="Bro027.abssumm.xml#id(Bro027.s.11)"/>
   </summlink>
   <summlink nite:id="Bro027.summlink.139">
      <nite:pointer role="extractive"  href="Bro027.B.dialogue-acts.xml#id(Bro027.B.dialogueact1960)"/>
      <nite:pointer role="abstractive"  href="Bro027.abssumm.xml#id(Bro027.s.5)"/>
   </summlink>
   <summlink nite:id="Bro027.summlink.140">
      <nite:pointer role="extractive"  href="Bro027.B.dialogue-acts.xml#id(Bro027.B.dialogueact1963)"/>
      <nite:pointer role="abstractive"  href="Bro027.abssumm.xml#id(Bro027.s.5)"/>
   </summlink>
   <summlink nite:id="Bro027.summlink.141">
      <nite:pointer role="extractive"  href="Bro027.B.dialogue-acts.xml#id(Bro027.B.dialogueact1975)"/>
      <nite:pointer role="abstractive"  href="Bro027.abssumm.xml#id(Bro027.s.5)"/>
   </summlink>
   <summlink nite:id="Bro027.summlink.142">
      <nite:pointer role="extractive"  href="Bro027.B.dialogue-acts.xml#id(Bro027.B.dialogueact1987)"/>
      <nite:pointer role="abstractive"  href="Bro027.abssumm.xml#id(Bro027.s.5)"/>
   </summlink>
   <summlink nite:id="Bro027.summlink.143">
      <nite:pointer role="extractive"  href="Bro027.B.dialogue-acts.xml#id(Bro027.B.dialogueact1988)"/>
      <nite:pointer role="abstractive"  href="Bro027.abssumm.xml#id(Bro027.s.5)"/>
   </summlink>
   <summlink nite:id="Bro027.summlink.144">
      <nite:pointer role="extractive"  href="Bro027.B.dialogue-acts.xml#id(Bro027.B.dialogueact1989)"/>
      <nite:pointer role="abstractive"  href="Bro027.abssumm.xml#id(Bro027.s.5)"/>
   </summlink>
   <summlink nite:id="Bro027.summlink.145">
      <nite:pointer role="extractive"  href="Bro027.B.dialogue-acts.xml#id(Bro027.B.dialogueact1991)"/>
      <nite:pointer role="abstractive"  href="Bro027.abssumm.xml#id(Bro027.s.5)"/>
   </summlink>
   <summlink nite:id="Bro027.summlink.146">
      <nite:pointer role="extractive"  href="Bro027.B.dialogue-acts.xml#id(Bro027.B.dialogueact2003)"/>
      <nite:pointer role="abstractive"  href="Bro027.abssumm.xml#id(Bro027.s.5)"/>
   </summlink>
   <summlink nite:id="Bro027.summlink.147">
      <nite:pointer role="extractive"  href="Bro027.B.dialogue-acts.xml#id(Bro027.B.dialogueact2010)"/>
      <nite:pointer role="abstractive"  href="Bro027.abssumm.xml#id(Bro027.s.5)"/>
   </summlink>
</nite:root>