<?xml version="1.0" encoding="ISO-8859-1" standalone="yes"?>
<nite:root nite:id="Bro028.summlink" xmlns:nite="http://nite.sourceforge.net/">
   <summlink nite:id="Bro028.summlink.1">
      <nite:pointer role="extractive"  href="Bro028.D.dialogue-acts.xml#id(Bro028.D.dialogueact22)"/>
      <nite:pointer role="abstractive"  href="Bro028.abssumm.xml#id(Bro028.s.2)"/>
   </summlink>
   <summlink nite:id="Bro028.summlink.2">
      <nite:pointer role="extractive"  href="Bro028.D.dialogue-acts.xml#id(Bro028.D.dialogueact24)"/>
      <nite:pointer role="abstractive"  href="Bro028.abssumm.xml#id(Bro028.s.2)"/>
   </summlink>
   <summlink nite:id="Bro028.summlink.3">
      <nite:pointer role="extractive"  href="Bro028.D.dialogue-acts.xml#id(Bro028.D.dialogueact25)"/>
      <nite:pointer role="abstractive"  href="Bro028.abssumm.xml#id(Bro028.s.2)"/>
   </summlink>
   <summlink nite:id="Bro028.summlink.4">
      <nite:pointer role="extractive"  href="Bro028.D.dialogue-acts.xml#id(Bro028.D.dialogueact31)"/>
      <nite:pointer role="abstractive"  href="Bro028.abssumm.xml#id(Bro028.s.3)"/>
   </summlink>
   <summlink nite:id="Bro028.summlink.5">
      <nite:pointer role="extractive"  href="Bro028.D.dialogue-acts.xml#id(Bro028.D.dialogueact31)"/>
      <nite:pointer role="abstractive"  href="Bro028.abssumm.xml#id(Bro028.s.7)"/>
   </summlink>
   <summlink nite:id="Bro028.summlink.6">
      <nite:pointer role="extractive"  href="Bro028.D.dialogue-acts.xml#id(Bro028.D.dialogueact32)"/>
      <nite:pointer role="abstractive"  href="Bro028.abssumm.xml#id(Bro028.s.3)"/>
   </summlink>
   <summlink nite:id="Bro028.summlink.7">
      <nite:pointer role="extractive"  href="Bro028.D.dialogue-acts.xml#id(Bro028.D.dialogueact32)"/>
      <nite:pointer role="abstractive"  href="Bro028.abssumm.xml#id(Bro028.s.7)"/>
   </summlink>
   <summlink nite:id="Bro028.summlink.8">
      <nite:pointer role="extractive"  href="Bro028.D.dialogue-acts.xml#id(Bro028.D.dialogueact33)"/>
      <nite:pointer role="abstractive"  href="Bro028.abssumm.xml#id(Bro028.s.3)"/>
   </summlink>
   <summlink nite:id="Bro028.summlink.9">
      <nite:pointer role="extractive"  href="Bro028.D.dialogue-acts.xml#id(Bro028.D.dialogueact33)"/>
      <nite:pointer role="abstractive"  href="Bro028.abssumm.xml#id(Bro028.s.7)"/>
   </summlink>
   <summlink nite:id="Bro028.summlink.10">
      <nite:pointer role="extractive"  href="Bro028.D.dialogue-acts.xml#id(Bro028.D.dialogueact34)"/>
      <nite:pointer role="abstractive"  href="Bro028.abssumm.xml#id(Bro028.s.3)"/>
   </summlink>
   <summlink nite:id="Bro028.summlink.11">
      <nite:pointer role="extractive"  href="Bro028.D.dialogue-acts.xml#id(Bro028.D.dialogueact34)"/>
      <nite:pointer role="abstractive"  href="Bro028.abssumm.xml#id(Bro028.s.7)"/>
   </summlink>
   <summlink nite:id="Bro028.summlink.12">
      <nite:pointer role="extractive"  href="Bro028.D.dialogue-acts.xml#id(Bro028.D.dialogueact36)"/>
      <nite:pointer role="abstractive"  href="Bro028.abssumm.xml#id(Bro028.s.3)"/>
   </summlink>
   <summlink nite:id="Bro028.summlink.13">
      <nite:pointer role="extractive"  href="Bro028.D.dialogue-acts.xml#id(Bro028.D.dialogueact36)"/>
      <nite:pointer role="abstractive"  href="Bro028.abssumm.xml#id(Bro028.s.7)"/>
   </summlink>
   <summlink nite:id="Bro028.summlink.14">
      <nite:pointer role="extractive"  href="Bro028.D.dialogue-acts.xml#id(Bro028.D.dialogueact40)"/>
      <nite:pointer role="abstractive"  href="Bro028.abssumm.xml#id(Bro028.s.3)"/>
   </summlink>
   <summlink nite:id="Bro028.summlink.15">
      <nite:pointer role="extractive"  href="Bro028.D.dialogue-acts.xml#id(Bro028.D.dialogueact40)"/>
      <nite:pointer role="abstractive"  href="Bro028.abssumm.xml#id(Bro028.s.7)"/>
   </summlink>
   <summlink nite:id="Bro028.summlink.16">
      <nite:pointer role="extractive"  href="Bro028.B.dialogue-acts.xml#id(Bro028.B.dialogueact47)"/>
      <nite:pointer role="abstractive"  href="Bro028.abssumm.xml#id(Bro028.s.3)"/>
   </summlink>
   <summlink nite:id="Bro028.summlink.17">
      <nite:pointer role="extractive"  href="Bro028.B.dialogue-acts.xml#id(Bro028.B.dialogueact47)"/>
      <nite:pointer role="abstractive"  href="Bro028.abssumm.xml#id(Bro028.s.7)"/>
   </summlink>
   <summlink nite:id="Bro028.summlink.18">
      <nite:pointer role="extractive"  href="Bro028.D.dialogue-acts.xml#id(Bro028.D.dialogueact50)"/>
      <nite:pointer role="abstractive"  href="Bro028.abssumm.xml#id(Bro028.s.3)"/>
   </summlink>
   <summlink nite:id="Bro028.summlink.19">
      <nite:pointer role="extractive"  href="Bro028.D.dialogue-acts.xml#id(Bro028.D.dialogueact50)"/>
      <nite:pointer role="abstractive"  href="Bro028.abssumm.xml#id(Bro028.s.7)"/>
   </summlink>
   <summlink nite:id="Bro028.summlink.20">
      <nite:pointer role="extractive"  href="Bro028.B.dialogue-acts.xml#id(Bro028.B.dialogueact53)"/>
      <nite:pointer role="abstractive"  href="Bro028.abssumm.xml#id(Bro028.s.3)"/>
   </summlink>
   <summlink nite:id="Bro028.summlink.21">
      <nite:pointer role="extractive"  href="Bro028.B.dialogue-acts.xml#id(Bro028.B.dialogueact53)"/>
      <nite:pointer role="abstractive"  href="Bro028.abssumm.xml#id(Bro028.s.7)"/>
   </summlink>
   <summlink nite:id="Bro028.summlink.22">
      <nite:pointer role="extractive"  href="Bro028.B.dialogue-acts.xml#id(Bro028.B.dialogueact57)"/>
      <nite:pointer role="abstractive"  href="Bro028.abssumm.xml#id(Bro028.s.3)"/>
   </summlink>
   <summlink nite:id="Bro028.summlink.23">
      <nite:pointer role="extractive"  href="Bro028.B.dialogue-acts.xml#id(Bro028.B.dialogueact57)"/>
      <nite:pointer role="abstractive"  href="Bro028.abssumm.xml#id(Bro028.s.7)"/>
   </summlink>
   <summlink nite:id="Bro028.summlink.24">
      <nite:pointer role="extractive"  href="Bro028.B.dialogue-acts.xml#id(Bro028.B.dialogueact61)"/>
      <nite:pointer role="abstractive"  href="Bro028.abssumm.xml#id(Bro028.s.3)"/>
   </summlink>
   <summlink nite:id="Bro028.summlink.25">
      <nite:pointer role="extractive"  href="Bro028.B.dialogue-acts.xml#id(Bro028.B.dialogueact61)"/>
      <nite:pointer role="abstractive"  href="Bro028.abssumm.xml#id(Bro028.s.7)"/>
   </summlink>
   <summlink nite:id="Bro028.summlink.26">
      <nite:pointer role="extractive"  href="Bro028.D.dialogue-acts.xml#id(Bro028.D.dialogueact75)"/>
      <nite:pointer role="abstractive"  href="Bro028.abssumm.xml#id(Bro028.s.10)"/>
   </summlink>
   <summlink nite:id="Bro028.summlink.27">
      <nite:pointer role="extractive"  href="Bro028.D.dialogue-acts.xml#id(Bro028.D.dialogueact75)"/>
      <nite:pointer role="abstractive"  href="Bro028.abssumm.xml#id(Bro028.s.3)"/>
   </summlink>
   <summlink nite:id="Bro028.summlink.28">
      <nite:pointer role="extractive"  href="Bro028.D.dialogue-acts.xml#id(Bro028.D.dialogueact75)"/>
      <nite:pointer role="abstractive"  href="Bro028.abssumm.xml#id(Bro028.s.7)"/>
   </summlink>
   <summlink nite:id="Bro028.summlink.29">
      <nite:pointer role="extractive"  href="Bro028.D.dialogue-acts.xml#id(Bro028.D.dialogueact76)"/>
      <nite:pointer role="abstractive"  href="Bro028.abssumm.xml#id(Bro028.s.3)"/>
   </summlink>
   <summlink nite:id="Bro028.summlink.30">
      <nite:pointer role="extractive"  href="Bro028.D.dialogue-acts.xml#id(Bro028.D.dialogueact76)"/>
      <nite:pointer role="abstractive"  href="Bro028.abssumm.xml#id(Bro028.s.10)"/>
   </summlink>
   <summlink nite:id="Bro028.summlink.31">
      <nite:pointer role="extractive"  href="Bro028.D.dialogue-acts.xml#id(Bro028.D.dialogueact76)"/>
      <nite:pointer role="abstractive"  href="Bro028.abssumm.xml#id(Bro028.s.7)"/>
   </summlink>
   <summlink nite:id="Bro028.summlink.32">
      <nite:pointer role="extractive"  href="Bro028.D.dialogue-acts.xml#id(Bro028.D.dialogueact77)"/>
      <nite:pointer role="abstractive"  href="Bro028.abssumm.xml#id(Bro028.s.3)"/>
   </summlink>
   <summlink nite:id="Bro028.summlink.33">
      <nite:pointer role="extractive"  href="Bro028.D.dialogue-acts.xml#id(Bro028.D.dialogueact77)"/>
      <nite:pointer role="abstractive"  href="Bro028.abssumm.xml#id(Bro028.s.10)"/>
   </summlink>
   <summlink nite:id="Bro028.summlink.34">
      <nite:pointer role="extractive"  href="Bro028.D.dialogue-acts.xml#id(Bro028.D.dialogueact77)"/>
      <nite:pointer role="abstractive"  href="Bro028.abssumm.xml#id(Bro028.s.7)"/>
   </summlink>
   <summlink nite:id="Bro028.summlink.35">
      <nite:pointer role="extractive"  href="Bro028.D.dialogue-acts.xml#id(Bro028.D.dialogueact78)"/>
      <nite:pointer role="abstractive"  href="Bro028.abssumm.xml#id(Bro028.s.7)"/>
   </summlink>
   <summlink nite:id="Bro028.summlink.36">
      <nite:pointer role="extractive"  href="Bro028.D.dialogue-acts.xml#id(Bro028.D.dialogueact78)"/>
      <nite:pointer role="abstractive"  href="Bro028.abssumm.xml#id(Bro028.s.10)"/>
   </summlink>
   <summlink nite:id="Bro028.summlink.37">
      <nite:pointer role="extractive"  href="Bro028.D.dialogue-acts.xml#id(Bro028.D.dialogueact78)"/>
      <nite:pointer role="abstractive"  href="Bro028.abssumm.xml#id(Bro028.s.3)"/>
   </summlink>
   <summlink nite:id="Bro028.summlink.38">
      <nite:pointer role="extractive"  href="Bro028.D.dialogue-acts.xml#id(Bro028.D.dialogueact79)"/>
      <nite:pointer role="abstractive"  href="Bro028.abssumm.xml#id(Bro028.s.3)"/>
   </summlink>
   <summlink nite:id="Bro028.summlink.39">
      <nite:pointer role="extractive"  href="Bro028.D.dialogue-acts.xml#id(Bro028.D.dialogueact79)"/>
      <nite:pointer role="abstractive"  href="Bro028.abssumm.xml#id(Bro028.s.10)"/>
   </summlink>
   <summlink nite:id="Bro028.summlink.40">
      <nite:pointer role="extractive"  href="Bro028.D.dialogue-acts.xml#id(Bro028.D.dialogueact79)"/>
      <nite:pointer role="abstractive"  href="Bro028.abssumm.xml#id(Bro028.s.7)"/>
   </summlink>
   <summlink nite:id="Bro028.summlink.41">
      <nite:pointer role="extractive"  href="Bro028.D.dialogue-acts.xml#id(Bro028.D.dialogueact80)"/>
      <nite:pointer role="abstractive"  href="Bro028.abssumm.xml#id(Bro028.s.7)"/>
   </summlink>
   <summlink nite:id="Bro028.summlink.42">
      <nite:pointer role="extractive"  href="Bro028.D.dialogue-acts.xml#id(Bro028.D.dialogueact80)"/>
      <nite:pointer role="abstractive"  href="Bro028.abssumm.xml#id(Bro028.s.10)"/>
   </summlink>
   <summlink nite:id="Bro028.summlink.43">
      <nite:pointer role="extractive"  href="Bro028.D.dialogue-acts.xml#id(Bro028.D.dialogueact80)"/>
      <nite:pointer role="abstractive"  href="Bro028.abssumm.xml#id(Bro028.s.3)"/>
   </summlink>
   <summlink nite:id="Bro028.summlink.44">
      <nite:pointer role="extractive"  href="Bro028.D.dialogue-acts.xml#id(Bro028.D.dialogueact81)"/>
      <nite:pointer role="abstractive"  href="Bro028.abssumm.xml#id(Bro028.s.8)"/>
   </summlink>
   <summlink nite:id="Bro028.summlink.45">
      <nite:pointer role="extractive"  href="Bro028.B.dialogue-acts.xml#id(Bro028.B.dialogueact82)"/>
      <nite:pointer role="abstractive"  href="Bro028.abssumm.xml#id(Bro028.s.8)"/>
   </summlink>
   <summlink nite:id="Bro028.summlink.46">
      <nite:pointer role="extractive"  href="Bro028.B.dialogue-acts.xml#id(Bro028.B.dialogueact85)"/>
      <nite:pointer role="abstractive"  href="Bro028.abssumm.xml#id(Bro028.s.8)"/>
   </summlink>
   <summlink nite:id="Bro028.summlink.47">
      <nite:pointer role="extractive"  href="Bro028.D.dialogue-acts.xml#id(Bro028.D.dialogueact86)"/>
      <nite:pointer role="abstractive"  href="Bro028.abssumm.xml#id(Bro028.s.8)"/>
   </summlink>
   <summlink nite:id="Bro028.summlink.48">
      <nite:pointer role="extractive"  href="Bro028.D.dialogue-acts.xml#id(Bro028.D.dialogueact91)"/>
      <nite:pointer role="abstractive"  href="Bro028.abssumm.xml#id(Bro028.s.8)"/>
   </summlink>
   <summlink nite:id="Bro028.summlink.49">
      <nite:pointer role="extractive"  href="Bro028.D.dialogue-acts.xml#id(Bro028.D.dialogueact94)"/>
      <nite:pointer role="abstractive"  href="Bro028.abssumm.xml#id(Bro028.s.8)"/>
   </summlink>
   <summlink nite:id="Bro028.summlink.50">
      <nite:pointer role="extractive"  href="Bro028.D.dialogue-acts.xml#id(Bro028.D.dialogueact97)"/>
      <nite:pointer role="abstractive"  href="Bro028.abssumm.xml#id(Bro028.s.8)"/>
   </summlink>
   <summlink nite:id="Bro028.summlink.51">
      <nite:pointer role="extractive"  href="Bro028.D.dialogue-acts.xml#id(Bro028.D.dialogueact98)"/>
      <nite:pointer role="abstractive"  href="Bro028.abssumm.xml#id(Bro028.s.8)"/>
   </summlink>
   <summlink nite:id="Bro028.summlink.52">
      <nite:pointer role="extractive"  href="Bro028.D.dialogue-acts.xml#id(Bro028.D.dialogueact99)"/>
      <nite:pointer role="abstractive"  href="Bro028.abssumm.xml#id(Bro028.s.8)"/>
   </summlink>
   <summlink nite:id="Bro028.summlink.53">
      <nite:pointer role="extractive"  href="Bro028.B.dialogue-acts.xml#id(Bro028.B.dialogueact101)"/>
      <nite:pointer role="abstractive"  href="Bro028.abssumm.xml#id(Bro028.s.6)"/>
   </summlink>
   <summlink nite:id="Bro028.summlink.54">
      <nite:pointer role="extractive"  href="Bro028.B.dialogue-acts.xml#id(Bro028.B.dialogueact101)"/>
      <nite:pointer role="abstractive"  href="Bro028.abssumm.xml#id(Bro028.s.8)"/>
   </summlink>
   <summlink nite:id="Bro028.summlink.55">
      <nite:pointer role="extractive"  href="Bro028.D.dialogue-acts.xml#id(Bro028.D.dialogueact102)"/>
      <nite:pointer role="abstractive"  href="Bro028.abssumm.xml#id(Bro028.s.8)"/>
   </summlink>
   <summlink nite:id="Bro028.summlink.56">
      <nite:pointer role="extractive"  href="Bro028.D.dialogue-acts.xml#id(Bro028.D.dialogueact102)"/>
      <nite:pointer role="abstractive"  href="Bro028.abssumm.xml#id(Bro028.s.6)"/>
   </summlink>
   <summlink nite:id="Bro028.summlink.57">
      <nite:pointer role="extractive"  href="Bro028.B.dialogue-acts.xml#id(Bro028.B.dialogueact105)"/>
      <nite:pointer role="abstractive"  href="Bro028.abssumm.xml#id(Bro028.s.6)"/>
   </summlink>
   <summlink nite:id="Bro028.summlink.58">
      <nite:pointer role="extractive"  href="Bro028.B.dialogue-acts.xml#id(Bro028.B.dialogueact105)"/>
      <nite:pointer role="abstractive"  href="Bro028.abssumm.xml#id(Bro028.s.8)"/>
   </summlink>
   <summlink nite:id="Bro028.summlink.59">
      <nite:pointer role="extractive"  href="Bro028.B.dialogue-acts.xml#id(Bro028.B.dialogueact106)"/>
      <nite:pointer role="abstractive"  href="Bro028.abssumm.xml#id(Bro028.s.6)"/>
   </summlink>
   <summlink nite:id="Bro028.summlink.60">
      <nite:pointer role="extractive"  href="Bro028.B.dialogue-acts.xml#id(Bro028.B.dialogueact106)"/>
      <nite:pointer role="abstractive"  href="Bro028.abssumm.xml#id(Bro028.s.8)"/>
   </summlink>
   <summlink nite:id="Bro028.summlink.61">
      <nite:pointer role="extractive"  href="Bro028.B.dialogue-acts.xml#id(Bro028.B.dialogueact107)"/>
      <nite:pointer role="abstractive"  href="Bro028.abssumm.xml#id(Bro028.s.6)"/>
   </summlink>
   <summlink nite:id="Bro028.summlink.62">
      <nite:pointer role="extractive"  href="Bro028.B.dialogue-acts.xml#id(Bro028.B.dialogueact107)"/>
      <nite:pointer role="abstractive"  href="Bro028.abssumm.xml#id(Bro028.s.8)"/>
   </summlink>
   <summlink nite:id="Bro028.summlink.63">
      <nite:pointer role="extractive"  href="Bro028.B.dialogue-acts.xml#id(Bro028.B.dialogueact110)"/>
      <nite:pointer role="abstractive"  href="Bro028.abssumm.xml#id(Bro028.s.6)"/>
   </summlink>
   <summlink nite:id="Bro028.summlink.64">
      <nite:pointer role="extractive"  href="Bro028.B.dialogue-acts.xml#id(Bro028.B.dialogueact110)"/>
      <nite:pointer role="abstractive"  href="Bro028.abssumm.xml#id(Bro028.s.8)"/>
   </summlink>
   <summlink nite:id="Bro028.summlink.65">
      <nite:pointer role="extractive"  href="Bro028.B.dialogue-acts.xml#id(Bro028.B.dialogueact112)"/>
      <nite:pointer role="abstractive"  href="Bro028.abssumm.xml#id(Bro028.s.6)"/>
   </summlink>
   <summlink nite:id="Bro028.summlink.66">
      <nite:pointer role="extractive"  href="Bro028.B.dialogue-acts.xml#id(Bro028.B.dialogueact112)"/>
      <nite:pointer role="abstractive"  href="Bro028.abssumm.xml#id(Bro028.s.8)"/>
   </summlink>
   <summlink nite:id="Bro028.summlink.67">
      <nite:pointer role="extractive"  href="Bro028.D.dialogue-acts.xml#id(Bro028.D.dialogueact120)"/>
      <nite:pointer role="abstractive"  href="Bro028.abssumm.xml#id(Bro028.s.11)"/>
   </summlink>
   <summlink nite:id="Bro028.summlink.68">
      <nite:pointer role="extractive"  href="Bro028.D.dialogue-acts.xml#id(Bro028.D.dialogueact122)"/>
      <nite:pointer role="abstractive"  href="Bro028.abssumm.xml#id(Bro028.s.11)"/>
   </summlink>
   <summlink nite:id="Bro028.summlink.69">
      <nite:pointer role="extractive"  href="Bro028.D.dialogue-acts.xml#id(Bro028.D.dialogueact123)"/>
      <nite:pointer role="abstractive"  href="Bro028.abssumm.xml#id(Bro028.s.11)"/>
   </summlink>
   <summlink nite:id="Bro028.summlink.70">
      <nite:pointer role="extractive"  href="Bro028.D.dialogue-acts.xml#id(Bro028.D.dialogueact125)"/>
      <nite:pointer role="abstractive"  href="Bro028.abssumm.xml#id(Bro028.s.11)"/>
   </summlink>
   <summlink nite:id="Bro028.summlink.71">
      <nite:pointer role="extractive"  href="Bro028.D.dialogue-acts.xml#id(Bro028.D.dialogueact180)"/>
      <nite:pointer role="abstractive"  href="Bro028.abssumm.xml#id(Bro028.s.11)"/>
   </summlink>
   <summlink nite:id="Bro028.summlink.72">
      <nite:pointer role="extractive"  href="Bro028.D.dialogue-acts.xml#id(Bro028.D.dialogueact184)"/>
      <nite:pointer role="abstractive"  href="Bro028.abssumm.xml#id(Bro028.s.11)"/>
   </summlink>
   <summlink nite:id="Bro028.summlink.73">
      <nite:pointer role="extractive"  href="Bro028.D.dialogue-acts.xml#id(Bro028.D.dialogueact272)"/>
      <nite:pointer role="abstractive"  href="Bro028.abssumm.xml#id(Bro028.s.12)"/>
   </summlink>
   <summlink nite:id="Bro028.summlink.74">
      <nite:pointer role="extractive"  href="Bro028.D.dialogue-acts.xml#id(Bro028.D.dialogueact272)"/>
      <nite:pointer role="abstractive"  href="Bro028.abssumm.xml#id(Bro028.s.9)"/>
   </summlink>
   <summlink nite:id="Bro028.summlink.76">
      <nite:pointer role="extractive"  href="Bro028.D.dialogue-acts.xml#id(Bro028.D.dialogueact273)"/>
      <nite:pointer role="abstractive"  href="Bro028.abssumm.xml#id(Bro028.s.9)"/>
   </summlink>
   <summlink nite:id="Bro028.summlink.77">
      <nite:pointer role="extractive"  href="Bro028.D.dialogue-acts.xml#id(Bro028.D.dialogueact273)"/>
      <nite:pointer role="abstractive"  href="Bro028.abssumm.xml#id(Bro028.s.12)"/>
   </summlink>
   <summlink nite:id="Bro028.summlink.78">
      <nite:pointer role="extractive"  href="Bro028.D.dialogue-acts.xml#id(Bro028.D.dialogueact276)"/>
      <nite:pointer role="abstractive"  href="Bro028.abssumm.xml#id(Bro028.s.12)"/>
   </summlink>
   <summlink nite:id="Bro028.summlink.79">
      <nite:pointer role="extractive"  href="Bro028.D.dialogue-acts.xml#id(Bro028.D.dialogueact276)"/>
      <nite:pointer role="abstractive"  href="Bro028.abssumm.xml#id(Bro028.s.9)"/>
   </summlink>
   <summlink nite:id="Bro028.summlink.80">
      <nite:pointer role="extractive"  href="Bro028.D.dialogue-acts.xml#id(Bro028.D.dialogueact277)"/>
      <nite:pointer role="abstractive"  href="Bro028.abssumm.xml#id(Bro028.s.12)"/>
   </summlink>
   <summlink nite:id="Bro028.summlink.81">
      <nite:pointer role="extractive"  href="Bro028.D.dialogue-acts.xml#id(Bro028.D.dialogueact277)"/>
      <nite:pointer role="abstractive"  href="Bro028.abssumm.xml#id(Bro028.s.9)"/>
   </summlink>
   <summlink nite:id="Bro028.summlink.82">
      <nite:pointer role="extractive"  href="Bro028.B.dialogue-acts.xml#id(Bro028.B.dialogueact279)"/>
      <nite:pointer role="abstractive"  href="Bro028.abssumm.xml#id(Bro028.s.12)"/>
   </summlink>
   <summlink nite:id="Bro028.summlink.83">
      <nite:pointer role="extractive"  href="Bro028.B.dialogue-acts.xml#id(Bro028.B.dialogueact279)"/>
      <nite:pointer role="abstractive"  href="Bro028.abssumm.xml#id(Bro028.s.9)"/>
   </summlink>
   <summlink nite:id="Bro028.summlink.84">
      <nite:pointer role="extractive"  href="Bro028.B.dialogue-acts.xml#id(Bro028.B.dialogueact280)"/>
      <nite:pointer role="abstractive"  href="Bro028.abssumm.xml#id(Bro028.s.12)"/>
   </summlink>
   <summlink nite:id="Bro028.summlink.85">
      <nite:pointer role="extractive"  href="Bro028.B.dialogue-acts.xml#id(Bro028.B.dialogueact280)"/>
      <nite:pointer role="abstractive"  href="Bro028.abssumm.xml#id(Bro028.s.9)"/>
   </summlink>
   <summlink nite:id="Bro028.summlink.86">
      <nite:pointer role="extractive"  href="Bro028.D.dialogue-acts.xml#id(Bro028.D.dialogueact284)"/>
      <nite:pointer role="abstractive"  href="Bro028.abssumm.xml#id(Bro028.s.9)"/>
   </summlink>
   <summlink nite:id="Bro028.summlink.87">
      <nite:pointer role="extractive"  href="Bro028.D.dialogue-acts.xml#id(Bro028.D.dialogueact284)"/>
      <nite:pointer role="abstractive"  href="Bro028.abssumm.xml#id(Bro028.s.12)"/>
   </summlink>
   <summlink nite:id="Bro028.summlink.88">
      <nite:pointer role="extractive"  href="Bro028.D.dialogue-acts.xml#id(Bro028.D.dialogueact289)"/>
      <nite:pointer role="abstractive"  href="Bro028.abssumm.xml#id(Bro028.s.12)"/>
   </summlink>
   <summlink nite:id="Bro028.summlink.89">
      <nite:pointer role="extractive"  href="Bro028.D.dialogue-acts.xml#id(Bro028.D.dialogueact291)"/>
      <nite:pointer role="abstractive"  href="Bro028.abssumm.xml#id(Bro028.s.12)"/>
   </summlink>
   <summlink nite:id="Bro028.summlink.90">
      <nite:pointer role="extractive"  href="Bro028.D.dialogue-acts.xml#id(Bro028.D.dialogueact292)"/>
      <nite:pointer role="abstractive"  href="Bro028.abssumm.xml#id(Bro028.s.9)"/>
   </summlink>
   <summlink nite:id="Bro028.summlink.91">
      <nite:pointer role="extractive"  href="Bro028.D.dialogue-acts.xml#id(Bro028.D.dialogueact292)"/>
      <nite:pointer role="abstractive"  href="Bro028.abssumm.xml#id(Bro028.s.12)"/>
   </summlink>
   <summlink nite:id="Bro028.summlink.92">
      <nite:pointer role="extractive"  href="Bro028.D.dialogue-acts.xml#id(Bro028.D.dialogueact293)"/>
      <nite:pointer role="abstractive"  href="Bro028.abssumm.xml#id(Bro028.s.12)"/>
   </summlink>
   <summlink nite:id="Bro028.summlink.93">
      <nite:pointer role="extractive"  href="Bro028.D.dialogue-acts.xml#id(Bro028.D.dialogueact293)"/>
      <nite:pointer role="abstractive"  href="Bro028.abssumm.xml#id(Bro028.s.9)"/>
   </summlink>
   <summlink nite:id="Bro028.summlink.94">
      <nite:pointer role="extractive"  href="Bro028.D.dialogue-acts.xml#id(Bro028.D.dialogueact291)"/>
      <nite:pointer role="abstractive"  href="Bro028.abssumm.xml#id(Bro028.s.9)"/>
   </summlink>
   <summlink nite:id="Bro028.summlink.95">
      <nite:pointer role="extractive"  href="Bro028.D.dialogue-acts.xml#id(Bro028.D.dialogueact289)"/>
      <nite:pointer role="abstractive"  href="Bro028.abssumm.xml#id(Bro028.s.9)"/>
   </summlink>
   <summlink nite:id="Bro028.summlink.96">
      <nite:pointer role="extractive"  href="Bro028.D.dialogue-acts.xml#id(Bro028.D.dialogueact296)"/>
      <nite:pointer role="abstractive"  href="Bro028.abssumm.xml#id(Bro028.s.12)"/>
   </summlink>
   <summlink nite:id="Bro028.summlink.97">
      <nite:pointer role="extractive"  href="Bro028.D.dialogue-acts.xml#id(Bro028.D.dialogueact296)"/>
      <nite:pointer role="abstractive"  href="Bro028.abssumm.xml#id(Bro028.s.9)"/>
   </summlink>
   <summlink nite:id="Bro028.summlink.98">
      <nite:pointer role="extractive"  href="Bro028.D.dialogue-acts.xml#id(Bro028.D.dialogueact298)"/>
      <nite:pointer role="abstractive"  href="Bro028.abssumm.xml#id(Bro028.s.9)"/>
   </summlink>
   <summlink nite:id="Bro028.summlink.99">
      <nite:pointer role="extractive"  href="Bro028.D.dialogue-acts.xml#id(Bro028.D.dialogueact298)"/>
      <nite:pointer role="abstractive"  href="Bro028.abssumm.xml#id(Bro028.s.12)"/>
   </summlink>
   <summlink nite:id="Bro028.summlink.100">
      <nite:pointer role="extractive"  href="Bro028.D.dialogue-acts.xml#id(Bro028.D.dialogueact299)"/>
      <nite:pointer role="abstractive"  href="Bro028.abssumm.xml#id(Bro028.s.12)"/>
   </summlink>
   <summlink nite:id="Bro028.summlink.101">
      <nite:pointer role="extractive"  href="Bro028.D.dialogue-acts.xml#id(Bro028.D.dialogueact299)"/>
      <nite:pointer role="abstractive"  href="Bro028.abssumm.xml#id(Bro028.s.9)"/>
   </summlink>
   <summlink nite:id="Bro028.summlink.103">
      <nite:pointer role="extractive"  href="Bro028.B.dialogue-acts.xml#id(Bro028.B.dialogueact303)"/>
      <nite:pointer role="abstractive"  href="Bro028.abssumm.xml#id(Bro028.s.9)"/>
   </summlink>
   <summlink nite:id="Bro028.summlink.104">
      <nite:pointer role="extractive"  href="Bro028.B.dialogue-acts.xml#id(Bro028.B.dialogueact304)"/>
      <nite:pointer role="abstractive"  href="Bro028.abssumm.xml#id(Bro028.s.9)"/>
   </summlink>
   <summlink nite:id="Bro028.summlink.105">
      <nite:pointer role="extractive"  href="Bro028.B.dialogue-acts.xml#id(Bro028.B.dialogueact307)"/>
      <nite:pointer role="abstractive"  href="Bro028.abssumm.xml#id(Bro028.s.9)"/>
   </summlink>
   <summlink nite:id="Bro028.summlink.106">
      <nite:pointer role="extractive"  href="Bro028.B.dialogue-acts.xml#id(Bro028.B.dialogueact308)"/>
      <nite:pointer role="abstractive"  href="Bro028.abssumm.xml#id(Bro028.s.9)"/>
   </summlink>
   <summlink nite:id="Bro028.summlink.107">
      <nite:pointer role="extractive"  href="Bro028.B.dialogue-acts.xml#id(Bro028.B.dialogueact309)"/>
      <nite:pointer role="abstractive"  href="Bro028.abssumm.xml#id(Bro028.s.9)"/>
   </summlink>
   <summlink nite:id="Bro028.summlink.108">
      <nite:pointer role="extractive"  href="Bro028.B.dialogue-acts.xml#id(Bro028.B.dialogueact311)"/>
      <nite:pointer role="abstractive"  href="Bro028.abssumm.xml#id(Bro028.s.9)"/>
   </summlink>
   <summlink nite:id="Bro028.summlink.109">
      <nite:pointer role="extractive"  href="Bro028.B.dialogue-acts.xml#id(Bro028.B.dialogueact312)"/>
      <nite:pointer role="abstractive"  href="Bro028.abssumm.xml#id(Bro028.s.9)"/>
   </summlink>
   <summlink nite:id="Bro028.summlink.110">
      <nite:pointer role="extractive"  href="Bro028.B.dialogue-acts.xml#id(Bro028.B.dialogueact314)"/>
      <nite:pointer role="abstractive"  href="Bro028.abssumm.xml#id(Bro028.s.9)"/>
   </summlink>
   <summlink nite:id="Bro028.summlink.111">
      <nite:pointer role="extractive"  href="Bro028.B.dialogue-acts.xml#id(Bro028.B.dialogueact316)"/>
      <nite:pointer role="abstractive"  href="Bro028.abssumm.xml#id(Bro028.s.9)"/>
   </summlink>
   <summlink nite:id="Bro028.summlink.112">
      <nite:pointer role="extractive"  href="Bro028.B.dialogue-acts.xml#id(Bro028.B.dialogueact318)"/>
      <nite:pointer role="abstractive"  href="Bro028.abssumm.xml#id(Bro028.s.9)"/>
   </summlink>
   <summlink nite:id="Bro028.summlink.113">
      <nite:pointer role="extractive"  href="Bro028.B.dialogue-acts.xml#id(Bro028.B.dialogueact321)"/>
      <nite:pointer role="abstractive"  href="Bro028.abssumm.xml#id(Bro028.s.9)"/>
   </summlink>
   <summlink nite:id="Bro028.summlink.114">
      <nite:pointer role="extractive"  href="Bro028.B.dialogue-acts.xml#id(Bro028.B.dialogueact344)"/>
      <nite:pointer role="abstractive"  href="Bro028.abssumm.xml#id(Bro028.s.9)"/>
   </summlink>
   <summlink nite:id="Bro028.summlink.115">
      <nite:pointer role="extractive"  href="Bro028.B.dialogue-acts.xml#id(Bro028.B.dialogueact415)"/>
      <nite:pointer role="abstractive"  href="Bro028.abssumm.xml#id(Bro028.s.9)"/>
   </summlink>
   <summlink nite:id="Bro028.summlink.116">
      <nite:pointer role="extractive"  href="Bro028.B.dialogue-acts.xml#id(Bro028.B.dialogueact417)"/>
      <nite:pointer role="abstractive"  href="Bro028.abssumm.xml#id(Bro028.s.9)"/>
   </summlink>
   <summlink nite:id="Bro028.summlink.117">
      <nite:pointer role="extractive"  href="Bro028.B.dialogue-acts.xml#id(Bro028.B.dialogueact447)"/>
      <nite:pointer role="abstractive"  href="Bro028.abssumm.xml#id(Bro028.s.9)"/>
   </summlink>
   <summlink nite:id="Bro028.summlink.118">
      <nite:pointer role="extractive"  href="Bro028.B.dialogue-acts.xml#id(Bro028.B.dialogueact447)"/>
      <nite:pointer role="abstractive"  href="Bro028.abssumm.xml#id(Bro028.s.12)"/>
   </summlink>
   <summlink nite:id="Bro028.summlink.119">
      <nite:pointer role="extractive"  href="Bro028.B.dialogue-acts.xml#id(Bro028.B.dialogueact448)"/>
      <nite:pointer role="abstractive"  href="Bro028.abssumm.xml#id(Bro028.s.12)"/>
   </summlink>
   <summlink nite:id="Bro028.summlink.120">
      <nite:pointer role="extractive"  href="Bro028.B.dialogue-acts.xml#id(Bro028.B.dialogueact448)"/>
      <nite:pointer role="abstractive"  href="Bro028.abssumm.xml#id(Bro028.s.9)"/>
   </summlink>
   <summlink nite:id="Bro028.summlink.121">
      <nite:pointer role="extractive"  href="Bro028.B.dialogue-acts.xml#id(Bro028.B.dialogueact449)"/>
      <nite:pointer role="abstractive"  href="Bro028.abssumm.xml#id(Bro028.s.12)"/>
   </summlink>
   <summlink nite:id="Bro028.summlink.122">
      <nite:pointer role="extractive"  href="Bro028.B.dialogue-acts.xml#id(Bro028.B.dialogueact449)"/>
      <nite:pointer role="abstractive"  href="Bro028.abssumm.xml#id(Bro028.s.9)"/>
   </summlink>
   <summlink nite:id="Bro028.summlink.123">
      <nite:pointer role="extractive"  href="Bro028.B.dialogue-acts.xml#id(Bro028.B.dialogueact497)"/>
      <nite:pointer role="abstractive"  href="Bro028.abssumm.xml#id(Bro028.s.4)"/>
   </summlink>
   <summlink nite:id="Bro028.summlink.124">
      <nite:pointer role="extractive"  href="Bro028.B.dialogue-acts.xml#id(Bro028.B.dialogueact497)"/>
      <nite:pointer role="abstractive"  href="Bro028.abssumm.xml#id(Bro028.s.13)"/>
   </summlink>
   <summlink nite:id="Bro028.summlink.125">
      <nite:pointer role="extractive"  href="Bro028.A.dialogue-acts.xml#id(Bro028.A.dialogueact498)"/>
      <nite:pointer role="abstractive"  href="Bro028.abssumm.xml#id(Bro028.s.4)"/>
   </summlink>
   <summlink nite:id="Bro028.summlink.126">
      <nite:pointer role="extractive"  href="Bro028.A.dialogue-acts.xml#id(Bro028.A.dialogueact498)"/>
      <nite:pointer role="abstractive"  href="Bro028.abssumm.xml#id(Bro028.s.13)"/>
   </summlink>
   <summlink nite:id="Bro028.summlink.127">
      <nite:pointer role="extractive"  href="Bro028.A.dialogue-acts.xml#id(Bro028.A.dialogueact504)"/>
      <nite:pointer role="abstractive"  href="Bro028.abssumm.xml#id(Bro028.s.4)"/>
   </summlink>
   <summlink nite:id="Bro028.summlink.128">
      <nite:pointer role="extractive"  href="Bro028.A.dialogue-acts.xml#id(Bro028.A.dialogueact505)"/>
      <nite:pointer role="abstractive"  href="Bro028.abssumm.xml#id(Bro028.s.4)"/>
   </summlink>
   <summlink nite:id="Bro028.summlink.129">
      <nite:pointer role="extractive"  href="Bro028.A.dialogue-acts.xml#id(Bro028.A.dialogueact506)"/>
      <nite:pointer role="abstractive"  href="Bro028.abssumm.xml#id(Bro028.s.4)"/>
   </summlink>
   <summlink nite:id="Bro028.summlink.130">
      <nite:pointer role="extractive"  href="Bro028.A.dialogue-acts.xml#id(Bro028.A.dialogueact507)"/>
      <nite:pointer role="abstractive"  href="Bro028.abssumm.xml#id(Bro028.s.4)"/>
   </summlink>
   <summlink nite:id="Bro028.summlink.131">
      <nite:pointer role="extractive"  href="Bro028.A.dialogue-acts.xml#id(Bro028.A.dialogueact508)"/>
      <nite:pointer role="abstractive"  href="Bro028.abssumm.xml#id(Bro028.s.4)"/>
   </summlink>
   <summlink nite:id="Bro028.summlink.132">
      <nite:pointer role="extractive"  href="Bro028.A.dialogue-acts.xml#id(Bro028.A.dialogueact576)"/>
      <nite:pointer role="abstractive"  href="Bro028.abssumm.xml#id(Bro028.s.4)"/>
   </summlink>
   <summlink nite:id="Bro028.summlink.133">
      <nite:pointer role="extractive"  href="Bro028.A.dialogue-acts.xml#id(Bro028.A.dialogueact577)"/>
      <nite:pointer role="abstractive"  href="Bro028.abssumm.xml#id(Bro028.s.4)"/>
   </summlink>
   <summlink nite:id="Bro028.summlink.134">
      <nite:pointer role="extractive"  href="Bro028.A.dialogue-acts.xml#id(Bro028.A.dialogueact578)"/>
      <nite:pointer role="abstractive"  href="Bro028.abssumm.xml#id(Bro028.s.4)"/>
   </summlink>
   <summlink nite:id="Bro028.summlink.135">
      <nite:pointer role="extractive"  href="Bro028.A.dialogue-acts.xml#id(Bro028.A.dialogueact588)"/>
      <nite:pointer role="abstractive"  href="Bro028.abssumm.xml#id(Bro028.s.4)"/>
   </summlink>
   <summlink nite:id="Bro028.summlink.136">
      <nite:pointer role="extractive"  href="Bro028.B.dialogue-acts.xml#id(Bro028.B.dialogueact590)"/>
      <nite:pointer role="abstractive"  href="Bro028.abssumm.xml#id(Bro028.s.4)"/>
   </summlink>
   <summlink nite:id="Bro028.summlink.137">
      <nite:pointer role="extractive"  href="Bro028.A.dialogue-acts.xml#id(Bro028.A.dialogueact593)"/>
      <nite:pointer role="abstractive"  href="Bro028.abssumm.xml#id(Bro028.s.4)"/>
   </summlink>
   <summlink nite:id="Bro028.summlink.138">
      <nite:pointer role="extractive"  href="Bro028.A.dialogue-acts.xml#id(Bro028.A.dialogueact595)"/>
      <nite:pointer role="abstractive"  href="Bro028.abssumm.xml#id(Bro028.s.4)"/>
   </summlink>
   <summlink nite:id="Bro028.summlink.139">
      <nite:pointer role="extractive"  href="Bro028.A.dialogue-acts.xml#id(Bro028.A.dialogueact596)"/>
      <nite:pointer role="abstractive"  href="Bro028.abssumm.xml#id(Bro028.s.4)"/>
   </summlink>
   <summlink nite:id="Bro028.summlink.140">
      <nite:pointer role="extractive"  href="Bro028.B.dialogue-acts.xml#id(Bro028.B.dialogueact668)"/>
      <nite:pointer role="abstractive"  href="Bro028.abssumm.xml#id(Bro028.s.4)"/>
   </summlink>
   <summlink nite:id="Bro028.summlink.141">
      <nite:pointer role="extractive"  href="Bro028.B.dialogue-acts.xml#id(Bro028.B.dialogueact669)"/>
      <nite:pointer role="abstractive"  href="Bro028.abssumm.xml#id(Bro028.s.4)"/>
   </summlink>
   <summlink nite:id="Bro028.summlink.142">
      <nite:pointer role="extractive"  href="Bro028.B.dialogue-acts.xml#id(Bro028.B.dialogueact670)"/>
      <nite:pointer role="abstractive"  href="Bro028.abssumm.xml#id(Bro028.s.4)"/>
   </summlink>
   <summlink nite:id="Bro028.summlink.143">
      <nite:pointer role="extractive"  href="Bro028.B.dialogue-acts.xml#id(Bro028.B.dialogueact671)"/>
      <nite:pointer role="abstractive"  href="Bro028.abssumm.xml#id(Bro028.s.4)"/>
   </summlink>
   <summlink nite:id="Bro028.summlink.144">
      <nite:pointer role="extractive"  href="Bro028.B.dialogue-acts.xml#id(Bro028.B.dialogueact673)"/>
      <nite:pointer role="abstractive"  href="Bro028.abssumm.xml#id(Bro028.s.4)"/>
   </summlink>
   <summlink nite:id="Bro028.summlink.145">
      <nite:pointer role="extractive"  href="Bro028.B.dialogue-acts.xml#id(Bro028.B.dialogueact674)"/>
      <nite:pointer role="abstractive"  href="Bro028.abssumm.xml#id(Bro028.s.4)"/>
   </summlink>
   <summlink nite:id="Bro028.summlink.146">
      <nite:pointer role="extractive"  href="Bro028.B.dialogue-acts.xml#id(Bro028.B.dialogueact676)"/>
      <nite:pointer role="abstractive"  href="Bro028.abssumm.xml#id(Bro028.s.4)"/>
   </summlink>
   <summlink nite:id="Bro028.summlink.147">
      <nite:pointer role="extractive"  href="Bro028.B.dialogue-acts.xml#id(Bro028.B.dialogueact677)"/>
      <nite:pointer role="abstractive"  href="Bro028.abssumm.xml#id(Bro028.s.4)"/>
   </summlink>
   <summlink nite:id="Bro028.summlink.148">
      <nite:pointer role="extractive"  href="Bro028.B.dialogue-acts.xml#id(Bro028.B.dialogueact709)"/>
      <nite:pointer role="abstractive"  href="Bro028.abssumm.xml#id(Bro028.s.4)"/>
   </summlink>
   <summlink nite:id="Bro028.summlink.149">
      <nite:pointer role="extractive"  href="Bro028.B.dialogue-acts.xml#id(Bro028.B.dialogueact710)"/>
      <nite:pointer role="abstractive"  href="Bro028.abssumm.xml#id(Bro028.s.4)"/>
   </summlink>
   <summlink nite:id="Bro028.summlink.150">
      <nite:pointer role="extractive"  href="Bro028.B.dialogue-acts.xml#id(Bro028.B.dialogueact711)"/>
      <nite:pointer role="abstractive"  href="Bro028.abssumm.xml#id(Bro028.s.4)"/>
   </summlink>
   <summlink nite:id="Bro028.summlink.151">
      <nite:pointer role="extractive"  href="Bro028.B.dialogue-acts.xml#id(Bro028.B.dialogueact712)"/>
      <nite:pointer role="abstractive"  href="Bro028.abssumm.xml#id(Bro028.s.4)"/>
   </summlink>
   <summlink nite:id="Bro028.summlink.152">
      <nite:pointer role="extractive"  href="Bro028.B.dialogue-acts.xml#id(Bro028.B.dialogueact713)"/>
      <nite:pointer role="abstractive"  href="Bro028.abssumm.xml#id(Bro028.s.4)"/>
   </summlink>
   <summlink nite:id="Bro028.summlink.153">
      <nite:pointer role="extractive"  href="Bro028.B.dialogue-acts.xml#id(Bro028.B.dialogueact714)"/>
      <nite:pointer role="abstractive"  href="Bro028.abssumm.xml#id(Bro028.s.4)"/>
   </summlink>
   <summlink nite:id="Bro028.summlink.154">
      <nite:pointer role="extractive"  href="Bro028.B.dialogue-acts.xml#id(Bro028.B.dialogueact715)"/>
      <nite:pointer role="abstractive"  href="Bro028.abssumm.xml#id(Bro028.s.4)"/>
   </summlink>
   <summlink nite:id="Bro028.summlink.155">
      <nite:pointer role="extractive"  href="Bro028.C.dialogue-acts.xml#id(Bro028.C.dialogueact939)"/>
      <nite:pointer role="abstractive"  href="Bro028.abssumm.xml#id(Bro028.s.5)"/>
   </summlink>
   <summlink nite:id="Bro028.summlink.156">
      <nite:pointer role="extractive"  href="Bro028.C.dialogue-acts.xml#id(Bro028.C.dialogueact940)"/>
      <nite:pointer role="abstractive"  href="Bro028.abssumm.xml#id(Bro028.s.5)"/>
   </summlink>
   <summlink nite:id="Bro028.summlink.157">
      <nite:pointer role="extractive"  href="Bro028.C.dialogue-acts.xml#id(Bro028.C.dialogueact941)"/>
      <nite:pointer role="abstractive"  href="Bro028.abssumm.xml#id(Bro028.s.5)"/>
   </summlink>
   <summlink nite:id="Bro028.summlink.158">
      <nite:pointer role="extractive"  href="Bro028.C.dialogue-acts.xml#id(Bro028.C.dialogueact942)"/>
      <nite:pointer role="abstractive"  href="Bro028.abssumm.xml#id(Bro028.s.5)"/>
   </summlink>
   <summlink nite:id="Bro028.summlink.159">
      <nite:pointer role="extractive"  href="Bro028.C.dialogue-acts.xml#id(Bro028.C.dialogueact943)"/>
      <nite:pointer role="abstractive"  href="Bro028.abssumm.xml#id(Bro028.s.5)"/>
   </summlink>
   <summlink nite:id="Bro028.summlink.160">
      <nite:pointer role="extractive"  href="Bro028.C.dialogue-acts.xml#id(Bro028.C.dialogueact948)"/>
      <nite:pointer role="abstractive"  href="Bro028.abssumm.xml#id(Bro028.s.5)"/>
   </summlink>
   <summlink nite:id="Bro028.summlink.161">
      <nite:pointer role="extractive"  href="Bro028.C.dialogue-acts.xml#id(Bro028.C.dialogueact975)"/>
      <nite:pointer role="abstractive"  href="Bro028.abssumm.xml#id(Bro028.s.5)"/>
   </summlink>
   <summlink nite:id="Bro028.summlink.162">
      <nite:pointer role="extractive"  href="Bro028.C.dialogue-acts.xml#id(Bro028.C.dialogueact976)"/>
      <nite:pointer role="abstractive"  href="Bro028.abssumm.xml#id(Bro028.s.5)"/>
   </summlink>
   <summlink nite:id="Bro028.summlink.163">
      <nite:pointer role="extractive"  href="Bro028.C.dialogue-acts.xml#id(Bro028.C.dialogueact981)"/>
      <nite:pointer role="abstractive"  href="Bro028.abssumm.xml#id(Bro028.s.5)"/>
   </summlink>
   <summlink nite:id="Bro028.summlink.164">
      <nite:pointer role="extractive"  href="Bro028.C.dialogue-acts.xml#id(Bro028.C.dialogueact984)"/>
      <nite:pointer role="abstractive"  href="Bro028.abssumm.xml#id(Bro028.s.5)"/>
   </summlink>
   <summlink nite:id="Bro028.summlink.165">
      <nite:pointer role="extractive"  href="Bro028.C.dialogue-acts.xml#id(Bro028.C.dialogueact985)"/>
      <nite:pointer role="abstractive"  href="Bro028.abssumm.xml#id(Bro028.s.5)"/>
   </summlink>
   <summlink nite:id="Bro028.summlink.166">
      <nite:pointer role="extractive"  href="Bro028.C.dialogue-acts.xml#id(Bro028.C.dialogueact986)"/>
      <nite:pointer role="abstractive"  href="Bro028.abssumm.xml#id(Bro028.s.5)"/>
   </summlink>
   <summlink nite:id="Bro028.summlink.167">
      <nite:pointer role="extractive"  href="Bro028.C.dialogue-acts.xml#id(Bro028.C.dialogueact988)"/>
      <nite:pointer role="abstractive"  href="Bro028.abssumm.xml#id(Bro028.s.5)"/>
   </summlink>
   <summlink nite:id="Bro028.summlink.168">
      <nite:pointer role="extractive"  href="Bro028.C.dialogue-acts.xml#id(Bro028.C.dialogueact992)"/>
      <nite:pointer role="abstractive"  href="Bro028.abssumm.xml#id(Bro028.s.5)"/>
   </summlink>
   <summlink nite:id="Bro028.summlink.169">
      <nite:pointer role="extractive"  href="Bro028.C.dialogue-acts.xml#id(Bro028.C.dialogueact993)"/>
      <nite:pointer role="abstractive"  href="Bro028.abssumm.xml#id(Bro028.s.5)"/>
   </summlink>
   <summlink nite:id="Bro028.summlink.170">
      <nite:pointer role="extractive"  href="Bro028.B.dialogue-acts.xml#id(Bro028.B.dialogueact1070)"/>
      <nite:pointer role="abstractive"  href="Bro028.abssumm.xml#id(Bro028.s.5)"/>
   </summlink>
   <summlink nite:id="Bro028.summlink.171">
      <nite:pointer role="extractive"  href="Bro028.B.dialogue-acts.xml#id(Bro028.B.dialogueact1072)"/>
      <nite:pointer role="abstractive"  href="Bro028.abssumm.xml#id(Bro028.s.5)"/>
   </summlink>
   <summlink nite:id="Bro028.summlink.172">
      <nite:pointer role="extractive"  href="Bro028.B.dialogue-acts.xml#id(Bro028.B.dialogueact1075)"/>
      <nite:pointer role="abstractive"  href="Bro028.abssumm.xml#id(Bro028.s.5)"/>
   </summlink>
   <summlink nite:id="Bro028.summlink.173">
      <nite:pointer role="extractive"  href="Bro028.B.dialogue-acts.xml#id(Bro028.B.dialogueact1076)"/>
      <nite:pointer role="abstractive"  href="Bro028.abssumm.xml#id(Bro028.s.5)"/>
   </summlink>
   <summlink nite:id="Bro028.summlink.174">
      <nite:pointer role="extractive"  href="Bro028.E.dialogue-acts.xml#id(Bro028.E.dialogueact1158)"/>
      <nite:pointer role="abstractive"  href="Bro028.abssumm.xml#id(Bro028.s.5)"/>
   </summlink>
   <summlink nite:id="Bro028.summlink.175">
      <nite:pointer role="extractive"  href="Bro028.E.dialogue-acts.xml#id(Bro028.E.dialogueact1160)"/>
      <nite:pointer role="abstractive"  href="Bro028.abssumm.xml#id(Bro028.s.5)"/>
   </summlink>
   <summlink nite:id="Bro028.summlink.176">
      <nite:pointer role="extractive"  href="Bro028.E.dialogue-acts.xml#id(Bro028.E.dialogueact1161)"/>
      <nite:pointer role="abstractive"  href="Bro028.abssumm.xml#id(Bro028.s.5)"/>
   </summlink>
   <summlink nite:id="Bro028.summlink.177">
      <nite:pointer role="extractive"  href="Bro028.E.dialogue-acts.xml#id(Bro028.E.dialogueact1163)"/>
      <nite:pointer role="abstractive"  href="Bro028.abssumm.xml#id(Bro028.s.5)"/>
   </summlink>
   <summlink nite:id="Bro028.summlink.178">
      <nite:pointer role="extractive"  href="Bro028.E.dialogue-acts.xml#id(Bro028.E.dialogueact1164)"/>
      <nite:pointer role="abstractive"  href="Bro028.abssumm.xml#id(Bro028.s.5)"/>
   </summlink>
   <summlink nite:id="Bro028.summlink.179">
      <nite:pointer role="extractive"  href="Bro028.E.dialogue-acts.xml#id(Bro028.E.dialogueact1165)"/>
      <nite:pointer role="abstractive"  href="Bro028.abssumm.xml#id(Bro028.s.5)"/>
   </summlink>
   <summlink nite:id="Bro028.summlink.180">
      <nite:pointer role="extractive"  href="Bro028.E.dialogue-acts.xml#id(Bro028.E.dialogueact1166)"/>
      <nite:pointer role="abstractive"  href="Bro028.abssumm.xml#id(Bro028.s.5)"/>
   </summlink>
   <summlink nite:id="Bro028.summlink.181">
      <nite:pointer role="extractive"  href="Bro028.E.dialogue-acts.xml#id(Bro028.E.dialogueact1191)"/>
      <nite:pointer role="abstractive"  href="Bro028.abssumm.xml#id(Bro028.s.5)"/>
   </summlink>
   <summlink nite:id="Bro028.summlink.182">
      <nite:pointer role="extractive"  href="Bro028.E.dialogue-acts.xml#id(Bro028.E.dialogueact1192)"/>
      <nite:pointer role="abstractive"  href="Bro028.abssumm.xml#id(Bro028.s.5)"/>
   </summlink>
   <summlink nite:id="Bro028.summlink.183">
      <nite:pointer role="extractive"  href="Bro028.E.dialogue-acts.xml#id(Bro028.E.dialogueact1193)"/>
      <nite:pointer role="abstractive"  href="Bro028.abssumm.xml#id(Bro028.s.5)"/>
   </summlink>
</nite:root>