<?xml version="1.0" encoding="ISO-8859-1" standalone="yes"?>
<nite:root nite:id="Bro024.extsumm" xmlns:nite="http://nite.sourceforge.net/">
   <extsumm nite:id="Bro024.extsumm.1">
      <nite:child href="Bro024.F.dialogue-acts.xml#id(Bro024.F.dialogueact29)"/>
      <nite:child href="Bro024.C.dialogue-acts.xml#id(Bro024.C.dialogueact32)"/>
      <nite:child href="Bro024.C.dialogue-acts.xml#id(Bro024.C.dialogueact34)"/>
      <nite:child href="Bro024.C.dialogue-acts.xml#id(Bro024.C.dialogueact37)..id(Bro024.C.dialogueact38)"/>
      <nite:child href="Bro024.C.dialogue-acts.xml#id(Bro024.C.dialogueact47)"/>
      <nite:child href="Bro024.C.dialogue-acts.xml#id(Bro024.C.dialogueact49)..id(Bro024.C.dialogueact51)"/>
      <nite:child href="Bro024.C.dialogue-acts.xml#id(Bro024.C.dialogueact53)..id(Bro024.C.dialogueact57)"/>
      <nite:child href="Bro024.C.dialogue-acts.xml#id(Bro024.C.dialogueact161)"/>
      <nite:child href="Bro024.C.dialogue-acts.xml#id(Bro024.C.dialogueact167)..id(Bro024.C.dialogueact168)"/>
      <nite:child href="Bro024.D.dialogue-acts.xml#id(Bro024.D.dialogueact176)"/>
      <nite:child href="Bro024.D.dialogue-acts.xml#id(Bro024.D.dialogueact178)..id(Bro024.D.dialogueact181)"/>
      <nite:child href="Bro024.C.dialogue-acts.xml#id(Bro024.C.dialogueact241)..id(Bro024.C.dialogueact243)"/>
      <nite:child href="Bro024.G.dialogue-acts.xml#id(Bro024.G.dialogueact245)..id(Bro024.G.dialogueact248)"/>
      <nite:child href="Bro024.C.dialogue-acts.xml#id(Bro024.C.dialogueact254)..id(Bro024.C.dialogueact256)"/>
      <nite:child href="Bro024.D.dialogue-acts.xml#id(Bro024.D.dialogueact276)..id(Bro024.D.dialogueact277)"/>
      <nite:child href="Bro024.D.dialogue-acts.xml#id(Bro024.D.dialogueact288)"/>
      <nite:child href="Bro024.C.dialogue-acts.xml#id(Bro024.C.dialogueact311)"/>
      <nite:child href="Bro024.F.dialogue-acts.xml#id(Bro024.F.dialogueact419)"/>
      <nite:child href="Bro024.A.dialogue-acts.xml#id(Bro024.A.dialogueact422)..id(Bro024.A.dialogueact424)"/>
      <nite:child href="Bro024.A.dialogue-acts.xml#id(Bro024.A.dialogueact431)..id(Bro024.A.dialogueact433)"/>
      <nite:child href="Bro024.F.dialogue-acts.xml#id(Bro024.F.dialogueact473)"/>
      <nite:child href="Bro024.B.dialogue-acts.xml#id(Bro024.B.dialogueact480)..id(Bro024.B.dialogueact481)"/>
      <nite:child href="Bro024.B.dialogue-acts.xml#id(Bro024.B.dialogueact484)..id(Bro024.B.dialogueact485)"/>
      <nite:child href="Bro024.B.dialogue-acts.xml#id(Bro024.B.dialogueact487)"/>
      <nite:child href="Bro024.G.dialogue-acts.xml#id(Bro024.G.dialogueact771)..id(Bro024.G.dialogueact773)"/>
      <nite:child href="Bro024.G.dialogue-acts.xml#id(Bro024.G.dialogueact770)"/>
      <nite:child href="Bro024.G.dialogue-acts.xml#id(Bro024.G.dialogueact774)"/>
      <nite:child href="Bro024.G.dialogue-acts.xml#id(Bro024.G.dialogueact780)"/>
      <nite:child href="Bro024.G.dialogue-acts.xml#id(Bro024.G.dialogueact791)"/>
      <nite:child href="Bro024.G.dialogue-acts.xml#id(Bro024.G.dialogueact793)"/>
      <nite:child href="Bro024.G.dialogue-acts.xml#id(Bro024.G.dialogueact795)"/>
      <nite:child href="Bro024.B.dialogue-acts.xml#id(Bro024.B.dialogueact976)..id(Bro024.B.dialogueact979)"/>
      <nite:child href="Bro024.B.dialogue-acts.xml#id(Bro024.B.dialogueact996)"/>
      <nite:child href="Bro024.G.dialogue-acts.xml#id(Bro024.G.dialogueact998)"/>
      <nite:child href="Bro024.D.dialogue-acts.xml#id(Bro024.D.dialogueact1005)..id(Bro024.D.dialogueact1008)"/>
      <nite:child href="Bro024.D.dialogue-acts.xml#id(Bro024.D.dialogueact1014)"/>
      <nite:child href="Bro024.G.dialogue-acts.xml#id(Bro024.G.dialogueact1019)"/>
      <nite:child href="Bro024.F.dialogue-acts.xml#id(Bro024.F.dialogueact1096)"/>
      <nite:child href="Bro024.E.dialogue-acts.xml#id(Bro024.E.dialogueact1097)"/>
      <nite:child href="Bro024.E.dialogue-acts.xml#id(Bro024.E.dialogueact1136)..id(Bro024.E.dialogueact1140)"/>
      <nite:child href="Bro024.E.dialogue-acts.xml#id(Bro024.E.dialogueact1611)"/>
      <nite:child href="Bro024.E.dialogue-acts.xml#id(Bro024.E.dialogueact1613)"/>
      <nite:child href="Bro024.E.dialogue-acts.xml#id(Bro024.E.dialogueact1616)..id(Bro024.E.dialogueact1617)"/>
      <nite:child href="Bro024.G.dialogue-acts.xml#id(Bro024.G.dialogueact1735)"/>
      <nite:child href="Bro024.F.dialogue-acts.xml#id(Bro024.F.dialogueact1794)"/>
      <nite:child href="Bro024.H.dialogue-acts.xml#id(Bro024.H.dialogueact1796)..id(Bro024.H.dialogueact1797)"/>
      <nite:child href="Bro024.H.dialogue-acts.xml#id(Bro024.H.dialogueact1805)..id(Bro024.H.dialogueact1806)"/>
      <nite:child href="Bro024.G.dialogue-acts.xml#id(Bro024.G.dialogueact1907)"/>
      <nite:child href="Bro024.G.dialogue-acts.xml#id(Bro024.G.dialogueact1915)..id(Bro024.G.dialogueact1916)"/>
      <nite:child href="Bro024.G.dialogue-acts.xml#id(Bro024.G.dialogueact1919)"/>
      <nite:child href="Bro024.H.dialogue-acts.xml#id(Bro024.H.dialogueact1921)"/>
      <nite:child href="Bro024.H.dialogue-acts.xml#id(Bro024.H.dialogueact1927)"/>
   </extsumm>
</nite:root>