<?xml version="1.0" encoding="ISO-8859-1" standalone="yes"?>
<nite:root nite:id="Bro013.extsumm" xmlns:nite="http://nite.sourceforge.net/">
   <extsumm nite:id="Bro013.extsumm.1">
      <nite:child href="Bro013.A.dialogue-acts.xml#id(Bro013.A.dialogueact11)"/>
      <nite:child href="Bro013.E.dialogue-acts.xml#id(Bro013.E.dialogueact12)"/>
      <nite:child href="Bro013.A.dialogue-acts.xml#id(Bro013.A.dialogueact15)..id(Bro013.A.dialogueact22)"/>
      <nite:child href="Bro013.A.dialogue-acts.xml#id(Bro013.A.dialogueact26)"/>
      <nite:child href="Bro013.A.dialogue-acts.xml#id(Bro013.A.dialogueact30)"/>
      <nite:child href="Bro013.E.dialogue-acts.xml#id(Bro013.E.dialogueact40)"/>
      <nite:child href="Bro013.A.dialogue-acts.xml#id(Bro013.A.dialogueact62)"/>
      <nite:child href="Bro013.A.dialogue-acts.xml#id(Bro013.A.dialogueact65)"/>
      <nite:child href="Bro013.E.dialogue-acts.xml#id(Bro013.E.dialogueact73)"/>
      <nite:child href="Bro013.E.dialogue-acts.xml#id(Bro013.E.dialogueact75)..id(Bro013.E.dialogueact76)"/>
      <nite:child href="Bro013.A.dialogue-acts.xml#id(Bro013.A.dialogueact81)..id(Bro013.A.dialogueact87)"/>
      <nite:child href="Bro013.A.dialogue-acts.xml#id(Bro013.A.dialogueact91)..id(Bro013.A.dialogueact93)"/>
      <nite:child href="Bro013.E.dialogue-acts.xml#id(Bro013.E.dialogueact97)"/>
      <nite:child href="Bro013.A.dialogue-acts.xml#id(Bro013.A.dialogueact98)..id(Bro013.A.dialogueact100)"/>
      <nite:child href="Bro013.E.dialogue-acts.xml#id(Bro013.E.dialogueact113)"/>
      <nite:child href="Bro013.E.dialogue-acts.xml#id(Bro013.E.dialogueact121)"/>
      <nite:child href="Bro013.A.dialogue-acts.xml#id(Bro013.A.dialogueact120)"/>
      <nite:child href="Bro013.A.dialogue-acts.xml#id(Bro013.A.dialogueact127)..id(Bro013.A.dialogueact129)"/>
      <nite:child href="Bro013.A.dialogue-acts.xml#id(Bro013.A.dialogueact159)..id(Bro013.A.dialogueact161)"/>
      <nite:child href="Bro013.A.dialogue-acts.xml#id(Bro013.A.dialogueact205)..id(Bro013.A.dialogueact210)"/>
      <nite:child href="Bro013.A.dialogue-acts.xml#id(Bro013.A.dialogueact213)"/>
      <nite:child href="Bro013.A.dialogue-acts.xml#id(Bro013.A.dialogueact217)..id(Bro013.A.dialogueact220)"/>
      <nite:child href="Bro013.A.dialogue-acts.xml#id(Bro013.A.dialogueact244)..id(Bro013.A.dialogueact248)"/>
      <nite:child href="Bro013.E.dialogue-acts.xml#id(Bro013.E.dialogueact254)..id(Bro013.E.dialogueact256)"/>
      <nite:child href="Bro013.E.dialogue-acts.xml#id(Bro013.E.dialogueact329)..id(Bro013.E.dialogueact331)"/>
      <nite:child href="Bro013.E.dialogue-acts.xml#id(Bro013.E.dialogueact335)..id(Bro013.E.dialogueact336)"/>
      <nite:child href="Bro013.E.dialogue-acts.xml#id(Bro013.E.dialogueact340)"/>
      <nite:child href="Bro013.E.dialogue-acts.xml#id(Bro013.E.dialogueact345)..id(Bro013.E.dialogueact348)"/>
      <nite:child href="Bro013.A.dialogue-acts.xml#id(Bro013.A.dialogueact352)"/>
      <nite:child href="Bro013.E.dialogue-acts.xml#id(Bro013.E.dialogueact354)"/>
      <nite:child href="Bro013.A.dialogue-acts.xml#id(Bro013.A.dialogueact357)"/>
      <nite:child href="Bro013.A.dialogue-acts.xml#id(Bro013.A.dialogueact360)"/>
      <nite:child href="Bro013.E.dialogue-acts.xml#id(Bro013.E.dialogueact365)"/>
      <nite:child href="Bro013.A.dialogue-acts.xml#id(Bro013.A.dialogueact371)"/>
      <nite:child href="Bro013.A.dialogue-acts.xml#id(Bro013.A.dialogueact373)..id(Bro013.A.dialogueact374)"/>
      <nite:child href="Bro013.E.dialogue-acts.xml#id(Bro013.E.dialogueact377)..id(Bro013.E.dialogueact379)"/>
      <nite:child href="Bro013.E.dialogue-acts.xml#id(Bro013.E.dialogueact382)"/>
      <nite:child href="Bro013.A.dialogue-acts.xml#id(Bro013.A.dialogueact387)..id(Bro013.A.dialogueact388)"/>
      <nite:child href="Bro013.A.dialogue-acts.xml#id(Bro013.A.dialogueact391)"/>
      <nite:child href="Bro013.E.dialogue-acts.xml#id(Bro013.E.dialogueact398)..id(Bro013.E.dialogueact400)"/>
      <nite:child href="Bro013.E.dialogue-acts.xml#id(Bro013.E.dialogueact405)"/>
      <nite:child href="Bro013.A.dialogue-acts.xml#id(Bro013.A.dialogueact407)"/>
      <nite:child href="Bro013.E.dialogue-acts.xml#id(Bro013.E.dialogueact409)"/>
      <nite:child href="Bro013.E.dialogue-acts.xml#id(Bro013.E.dialogueact411)"/>
      <nite:child href="Bro013.E.dialogue-acts.xml#id(Bro013.E.dialogueact426)"/>
      <nite:child href="Bro013.D.dialogue-acts.xml#id(Bro013.D.dialogueact435)"/>
      <nite:child href="Bro013.D.dialogue-acts.xml#id(Bro013.D.dialogueact437)..id(Bro013.D.dialogueact440)"/>
      <nite:child href="Bro013.E.dialogue-acts.xml#id(Bro013.E.dialogueact451)..id(Bro013.E.dialogueact454)"/>
      <nite:child href="Bro013.A.dialogue-acts.xml#id(Bro013.A.dialogueact537)"/>
      <nite:child href="Bro013.A.dialogue-acts.xml#id(Bro013.A.dialogueact539)..id(Bro013.A.dialogueact540)"/>
      <nite:child href="Bro013.A.dialogue-acts.xml#id(Bro013.A.dialogueact542)"/>
      <nite:child href="Bro013.E.dialogue-acts.xml#id(Bro013.E.dialogueact547)"/>
      <nite:child href="Bro013.D.dialogue-acts.xml#id(Bro013.D.dialogueact552)"/>
      <nite:child href="Bro013.A.dialogue-acts.xml#id(Bro013.A.dialogueact559)"/>
      <nite:child href="Bro013.A.dialogue-acts.xml#id(Bro013.A.dialogueact561)"/>
      <nite:child href="Bro013.A.dialogue-acts.xml#id(Bro013.A.dialogueact560)"/>
      <nite:child href="Bro013.A.dialogue-acts.xml#id(Bro013.A.dialogueact570)"/>
      <nite:child href="Bro013.E.dialogue-acts.xml#id(Bro013.E.dialogueact580)"/>
      <nite:child href="Bro013.E.dialogue-acts.xml#id(Bro013.E.dialogueact586)"/>
      <nite:child href="Bro013.E.dialogue-acts.xml#id(Bro013.E.dialogueact589)"/>
      <nite:child href="Bro013.E.dialogue-acts.xml#id(Bro013.E.dialogueact596)"/>
      <nite:child href="Bro013.E.dialogue-acts.xml#id(Bro013.E.dialogueact598)..id(Bro013.E.dialogueact601)"/>
      <nite:child href="Bro013.E.dialogue-acts.xml#id(Bro013.E.dialogueact608)"/>
      <nite:child href="Bro013.A.dialogue-acts.xml#id(Bro013.A.dialogueact624)..id(Bro013.A.dialogueact628)"/>
      <nite:child href="Bro013.A.dialogue-acts.xml#id(Bro013.A.dialogueact631)"/>
      <nite:child href="Bro013.A.dialogue-acts.xml#id(Bro013.A.dialogueact633)..id(Bro013.A.dialogueact634)"/>
      <nite:child href="Bro013.A.dialogue-acts.xml#id(Bro013.A.dialogueact647)"/>
      <nite:child href="Bro013.B.dialogue-acts.xml#id(Bro013.B.dialogueact648)..id(Bro013.B.dialogueact655)"/>
      <nite:child href="Bro013.B.dialogue-acts.xml#id(Bro013.B.dialogueact659)..id(Bro013.B.dialogueact660)"/>
      <nite:child href="Bro013.B.dialogue-acts.xml#id(Bro013.B.dialogueact662)"/>
      <nite:child href="Bro013.B.dialogue-acts.xml#id(Bro013.B.dialogueact665)..id(Bro013.B.dialogueact667)"/>
      <nite:child href="Bro013.C.dialogue-acts.xml#id(Bro013.C.dialogueact676)"/>
      <nite:child href="Bro013.C.dialogue-acts.xml#id(Bro013.C.dialogueact678)..id(Bro013.C.dialogueact679)"/>
      <nite:child href="Bro013.C.dialogue-acts.xml#id(Bro013.C.dialogueact702)..id(Bro013.C.dialogueact705)"/>
      <nite:child href="Bro013.C.dialogue-acts.xml#id(Bro013.C.dialogueact709)"/>
      <nite:child href="Bro013.C.dialogue-acts.xml#id(Bro013.C.dialogueact711)"/>
      <nite:child href="Bro013.C.dialogue-acts.xml#id(Bro013.C.dialogueact724)..id(Bro013.C.dialogueact726)"/>
      <nite:child href="Bro013.E.dialogue-acts.xml#id(Bro013.E.dialogueact737)"/>
      <nite:child href="Bro013.A.dialogue-acts.xml#id(Bro013.A.dialogueact741)"/>
      <nite:child href="Bro013.A.dialogue-acts.xml#id(Bro013.A.dialogueact747)..id(Bro013.A.dialogueact751)"/>
      <nite:child href="Bro013.E.dialogue-acts.xml#id(Bro013.E.dialogueact752)"/>
      <nite:child href="Bro013.A.dialogue-acts.xml#id(Bro013.A.dialogueact764)"/>
   </extsumm>
</nite:root>