<?xml version="1.0" encoding="ISO-8859-1" standalone="yes"?>
<nite:root nite:id="Bro007.summlink" xmlns:nite="http://nite.sourceforge.net/">
   <summlink nite:id="Bro007.summlink.1">
      <nite:pointer role="extractive"  href="Bro007.B.dialogue-acts.xml#id(Bro007.B.dialogueact71)"/>
      <nite:pointer role="abstractive"  href="Bro007.abssumm.xml#id(Bro007.s.11)"/>
   </summlink>
   <summlink nite:id="Bro007.summlink.2">
      <nite:pointer role="extractive"  href="Bro007.B.dialogue-acts.xml#id(Bro007.B.dialogueact2)"/>
      <nite:pointer role="abstractive"  href="Bro007.abssumm.xml#id(Bro007.s.2)"/>
   </summlink>
   <summlink nite:id="Bro007.summlink.3">
      <nite:pointer role="extractive"  href="Bro007.C.dialogue-acts.xml#id(Bro007.C.dialogueact74)"/>
      <nite:pointer role="abstractive"  href="Bro007.abssumm.xml#id(Bro007.s.11)"/>
   </summlink>
   <summlink nite:id="Bro007.summlink.4">
      <nite:pointer role="extractive"  href="Bro007.B.dialogue-acts.xml#id(Bro007.B.dialogueact78)"/>
      <nite:pointer role="abstractive"  href="Bro007.abssumm.xml#id(Bro007.s.11)"/>
   </summlink>
   <summlink nite:id="Bro007.summlink.5">
      <nite:pointer role="extractive"  href="Bro007.C.dialogue-acts.xml#id(Bro007.C.dialogueact82)"/>
      <nite:pointer role="abstractive"  href="Bro007.abssumm.xml#id(Bro007.s.11)"/>
   </summlink>
   <summlink nite:id="Bro007.summlink.6">
      <nite:pointer role="extractive"  href="Bro007.C.dialogue-acts.xml#id(Bro007.C.dialogueact82)"/>
      <nite:pointer role="abstractive"  href="Bro007.abssumm.xml#id(Bro007.s.12)"/>
   </summlink>
   <summlink nite:id="Bro007.summlink.7">
      <nite:pointer role="extractive"  href="Bro007.B.dialogue-acts.xml#id(Bro007.B.dialogueact84)"/>
      <nite:pointer role="abstractive"  href="Bro007.abssumm.xml#id(Bro007.s.3)"/>
   </summlink>
   <summlink nite:id="Bro007.summlink.8">
      <nite:pointer role="extractive"  href="Bro007.C.dialogue-acts.xml#id(Bro007.C.dialogueact87)"/>
      <nite:pointer role="abstractive"  href="Bro007.abssumm.xml#id(Bro007.s.3)"/>
   </summlink>
   <summlink nite:id="Bro007.summlink.9">
      <nite:pointer role="extractive"  href="Bro007.B.dialogue-acts.xml#id(Bro007.B.dialogueact89)"/>
      <nite:pointer role="abstractive"  href="Bro007.abssumm.xml#id(Bro007.s.3)"/>
   </summlink>
   <summlink nite:id="Bro007.summlink.10">
      <nite:pointer role="extractive"  href="Bro007.B.dialogue-acts.xml#id(Bro007.B.dialogueact91)"/>
      <nite:pointer role="abstractive"  href="Bro007.abssumm.xml#id(Bro007.s.3)"/>
   </summlink>
   <summlink nite:id="Bro007.summlink.11">
      <nite:pointer role="extractive"  href="Bro007.C.dialogue-acts.xml#id(Bro007.C.dialogueact98)"/>
      <nite:pointer role="abstractive"  href="Bro007.abssumm.xml#id(Bro007.s.12)"/>
   </summlink>
   <summlink nite:id="Bro007.summlink.12">
      <nite:pointer role="extractive"  href="Bro007.C.dialogue-acts.xml#id(Bro007.C.dialogueact99)"/>
      <nite:pointer role="abstractive"  href="Bro007.abssumm.xml#id(Bro007.s.12)"/>
   </summlink>
   <summlink nite:id="Bro007.summlink.13">
      <nite:pointer role="extractive"  href="Bro007.C.dialogue-acts.xml#id(Bro007.C.dialogueact101)"/>
      <nite:pointer role="abstractive"  href="Bro007.abssumm.xml#id(Bro007.s.12)"/>
   </summlink>
   <summlink nite:id="Bro007.summlink.14">
      <nite:pointer role="extractive"  href="Bro007.C.dialogue-acts.xml#id(Bro007.C.dialogueact102)"/>
      <nite:pointer role="abstractive"  href="Bro007.abssumm.xml#id(Bro007.s.12)"/>
   </summlink>
   <summlink nite:id="Bro007.summlink.15">
      <nite:pointer role="extractive"  href="Bro007.B.dialogue-acts.xml#id(Bro007.B.dialogueact105)"/>
      <nite:pointer role="abstractive"  href="Bro007.abssumm.xml#id(Bro007.s.13)"/>
   </summlink>
   <summlink nite:id="Bro007.summlink.16">
      <nite:pointer role="extractive"  href="Bro007.B.dialogue-acts.xml#id(Bro007.B.dialogueact116)"/>
      <nite:pointer role="abstractive"  href="Bro007.abssumm.xml#id(Bro007.s.9)"/>
   </summlink>
   <summlink nite:id="Bro007.summlink.17">
      <nite:pointer role="extractive"  href="Bro007.C.dialogue-acts.xml#id(Bro007.C.dialogueact125)"/>
      <nite:pointer role="abstractive"  href="Bro007.abssumm.xml#id(Bro007.s.9)"/>
   </summlink>
   <summlink nite:id="Bro007.summlink.18">
      <nite:pointer role="extractive"  href="Bro007.C.dialogue-acts.xml#id(Bro007.C.dialogueact126)"/>
      <nite:pointer role="abstractive"  href="Bro007.abssumm.xml#id(Bro007.s.9)"/>
   </summlink>
   <summlink nite:id="Bro007.summlink.19">
      <nite:pointer role="extractive"  href="Bro007.C.dialogue-acts.xml#id(Bro007.C.dialogueact127)"/>
      <nite:pointer role="abstractive"  href="Bro007.abssumm.xml#id(Bro007.s.9)"/>
   </summlink>
   <summlink nite:id="Bro007.summlink.20">
      <nite:pointer role="extractive"  href="Bro007.B.dialogue-acts.xml#id(Bro007.B.dialogueact129)"/>
      <nite:pointer role="abstractive"  href="Bro007.abssumm.xml#id(Bro007.s.9)"/>
   </summlink>
   <summlink nite:id="Bro007.summlink.21">
      <nite:pointer role="extractive"  href="Bro007.C.dialogue-acts.xml#id(Bro007.C.dialogueact131)"/>
      <nite:pointer role="abstractive"  href="Bro007.abssumm.xml#id(Bro007.s.9)"/>
   </summlink>
   <summlink nite:id="Bro007.summlink.22">
      <nite:pointer role="extractive"  href="Bro007.B.dialogue-acts.xml#id(Bro007.B.dialogueact223)"/>
      <nite:pointer role="abstractive"  href="Bro007.abssumm.xml#id(Bro007.s.4)"/>
   </summlink>
   <summlink nite:id="Bro007.summlink.23">
      <nite:pointer role="extractive"  href="Bro007.C.dialogue-acts.xml#id(Bro007.C.dialogueact226)"/>
      <nite:pointer role="abstractive"  href="Bro007.abssumm.xml#id(Bro007.s.4)"/>
   </summlink>
   <summlink nite:id="Bro007.summlink.24">
      <nite:pointer role="extractive"  href="Bro007.B.dialogue-acts.xml#id(Bro007.B.dialogueact251)"/>
      <nite:pointer role="abstractive"  href="Bro007.abssumm.xml#id(Bro007.s.4)"/>
   </summlink>
   <summlink nite:id="Bro007.summlink.25">
      <nite:pointer role="extractive"  href="Bro007.B.dialogue-acts.xml#id(Bro007.B.dialogueact253)"/>
      <nite:pointer role="abstractive"  href="Bro007.abssumm.xml#id(Bro007.s.4)"/>
   </summlink>
   <summlink nite:id="Bro007.summlink.26">
      <nite:pointer role="extractive"  href="Bro007.B.dialogue-acts.xml#id(Bro007.B.dialogueact256)"/>
      <nite:pointer role="abstractive"  href="Bro007.abssumm.xml#id(Bro007.s.4)"/>
   </summlink>
   <summlink nite:id="Bro007.summlink.27">
      <nite:pointer role="extractive"  href="Bro007.B.dialogue-acts.xml#id(Bro007.B.dialogueact260)"/>
      <nite:pointer role="abstractive"  href="Bro007.abssumm.xml#id(Bro007.s.4)"/>
   </summlink>
   <summlink nite:id="Bro007.summlink.28">
      <nite:pointer role="extractive"  href="Bro007.B.dialogue-acts.xml#id(Bro007.B.dialogueact265)"/>
      <nite:pointer role="abstractive"  href="Bro007.abssumm.xml#id(Bro007.s.4)"/>
   </summlink>
   <summlink nite:id="Bro007.summlink.29">
      <nite:pointer role="extractive"  href="Bro007.B.dialogue-acts.xml#id(Bro007.B.dialogueact280)"/>
      <nite:pointer role="abstractive"  href="Bro007.abssumm.xml#id(Bro007.s.4)"/>
   </summlink>
   <summlink nite:id="Bro007.summlink.30">
      <nite:pointer role="extractive"  href="Bro007.D.dialogue-acts.xml#id(Bro007.D.dialogueact290)"/>
      <nite:pointer role="abstractive"  href="Bro007.abssumm.xml#id(Bro007.s.2)"/>
   </summlink>
   <summlink nite:id="Bro007.summlink.31">
      <nite:pointer role="extractive"  href="Bro007.D.dialogue-acts.xml#id(Bro007.D.dialogueact290)"/>
      <nite:pointer role="abstractive"  href="Bro007.abssumm.xml#id(Bro007.s.10)"/>
   </summlink>
   <summlink nite:id="Bro007.summlink.32">
      <nite:pointer role="extractive"  href="Bro007.D.dialogue-acts.xml#id(Bro007.D.dialogueact291)"/>
      <nite:pointer role="abstractive"  href="Bro007.abssumm.xml#id(Bro007.s.10)"/>
   </summlink>
   <summlink nite:id="Bro007.summlink.33">
      <nite:pointer role="extractive"  href="Bro007.D.dialogue-acts.xml#id(Bro007.D.dialogueact291)"/>
      <nite:pointer role="abstractive"  href="Bro007.abssumm.xml#id(Bro007.s.2)"/>
   </summlink>
   <summlink nite:id="Bro007.summlink.34">
      <nite:pointer role="extractive"  href="Bro007.B.dialogue-acts.xml#id(Bro007.B.dialogueact294)"/>
      <nite:pointer role="abstractive"  href="Bro007.abssumm.xml#id(Bro007.s.2)"/>
   </summlink>
   <summlink nite:id="Bro007.summlink.35">
      <nite:pointer role="extractive"  href="Bro007.B.dialogue-acts.xml#id(Bro007.B.dialogueact294)"/>
      <nite:pointer role="abstractive"  href="Bro007.abssumm.xml#id(Bro007.s.10)"/>
   </summlink>
   <summlink nite:id="Bro007.summlink.36">
      <nite:pointer role="extractive"  href="Bro007.C.dialogue-acts.xml#id(Bro007.C.dialogueact298)"/>
      <nite:pointer role="abstractive"  href="Bro007.abssumm.xml#id(Bro007.s.10)"/>
   </summlink>
   <summlink nite:id="Bro007.summlink.37">
      <nite:pointer role="extractive"  href="Bro007.C.dialogue-acts.xml#id(Bro007.C.dialogueact298)"/>
      <nite:pointer role="abstractive"  href="Bro007.abssumm.xml#id(Bro007.s.2)"/>
   </summlink>
   <summlink nite:id="Bro007.summlink.38">
      <nite:pointer role="extractive"  href="Bro007.C.dialogue-acts.xml#id(Bro007.C.dialogueact302)"/>
      <nite:pointer role="abstractive"  href="Bro007.abssumm.xml#id(Bro007.s.2)"/>
   </summlink>
   <summlink nite:id="Bro007.summlink.39">
      <nite:pointer role="extractive"  href="Bro007.C.dialogue-acts.xml#id(Bro007.C.dialogueact302)"/>
      <nite:pointer role="abstractive"  href="Bro007.abssumm.xml#id(Bro007.s.10)"/>
   </summlink>
   <summlink nite:id="Bro007.summlink.40">
      <nite:pointer role="extractive"  href="Bro007.D.dialogue-acts.xml#id(Bro007.D.dialogueact304)"/>
      <nite:pointer role="abstractive"  href="Bro007.abssumm.xml#id(Bro007.s.10)"/>
   </summlink>
   <summlink nite:id="Bro007.summlink.41">
      <nite:pointer role="extractive"  href="Bro007.D.dialogue-acts.xml#id(Bro007.D.dialogueact304)"/>
      <nite:pointer role="abstractive"  href="Bro007.abssumm.xml#id(Bro007.s.2)"/>
   </summlink>
   <summlink nite:id="Bro007.summlink.42">
      <nite:pointer role="extractive"  href="Bro007.C.dialogue-acts.xml#id(Bro007.C.dialogueact305)"/>
      <nite:pointer role="abstractive"  href="Bro007.abssumm.xml#id(Bro007.s.10)"/>
   </summlink>
   <summlink nite:id="Bro007.summlink.43">
      <nite:pointer role="extractive"  href="Bro007.C.dialogue-acts.xml#id(Bro007.C.dialogueact305)"/>
      <nite:pointer role="abstractive"  href="Bro007.abssumm.xml#id(Bro007.s.2)"/>
   </summlink>
   <summlink nite:id="Bro007.summlink.44">
      <nite:pointer role="extractive"  href="Bro007.B.dialogue-acts.xml#id(Bro007.B.dialogueact71)"/>
      <nite:pointer role="abstractive"  href="Bro007.abssumm.xml#id(Bro007.s.2)"/>
   </summlink>
   <summlink nite:id="Bro007.summlink.45">
      <nite:pointer role="extractive"  href="Bro007.C.dialogue-acts.xml#id(Bro007.C.dialogueact74)"/>
      <nite:pointer role="abstractive"  href="Bro007.abssumm.xml#id(Bro007.s.2)"/>
   </summlink>
   <summlink nite:id="Bro007.summlink.46">
      <nite:pointer role="extractive"  href="Bro007.B.dialogue-acts.xml#id(Bro007.B.dialogueact78)"/>
      <nite:pointer role="abstractive"  href="Bro007.abssumm.xml#id(Bro007.s.2)"/>
   </summlink>
   <summlink nite:id="Bro007.summlink.47">
      <nite:pointer role="extractive"  href="Bro007.C.dialogue-acts.xml#id(Bro007.C.dialogueact82)"/>
      <nite:pointer role="abstractive"  href="Bro007.abssumm.xml#id(Bro007.s.2)"/>
   </summlink>
   <summlink nite:id="Bro007.summlink.49">
      <nite:pointer role="extractive"  href="Bro007.B.dialogue-acts.xml#id(Bro007.B.dialogueact332)"/>
      <nite:pointer role="abstractive"  href="Bro007.abssumm.xml#id(Bro007.s.2)"/>
   </summlink>
   <summlink nite:id="Bro007.summlink.50">
      <nite:pointer role="extractive"  href="Bro007.B.dialogue-acts.xml#id(Bro007.B.dialogueact332)"/>
      <nite:pointer role="abstractive"  href="Bro007.abssumm.xml#id(Bro007.s.10)"/>
   </summlink>
   <summlink nite:id="Bro007.summlink.51">
      <nite:pointer role="extractive"  href="Bro007.B.dialogue-acts.xml#id(Bro007.B.dialogueact332)"/>
      <nite:pointer role="abstractive"  href="Bro007.abssumm.xml#id(Bro007.s.5)"/>
   </summlink>
   <summlink nite:id="Bro007.summlink.52">
      <nite:pointer role="extractive"  href="Bro007.B.dialogue-acts.xml#id(Bro007.B.dialogueact333)"/>
      <nite:pointer role="abstractive"  href="Bro007.abssumm.xml#id(Bro007.s.2)"/>
   </summlink>
   <summlink nite:id="Bro007.summlink.53">
      <nite:pointer role="extractive"  href="Bro007.B.dialogue-acts.xml#id(Bro007.B.dialogueact333)"/>
      <nite:pointer role="abstractive"  href="Bro007.abssumm.xml#id(Bro007.s.5)"/>
   </summlink>
   <summlink nite:id="Bro007.summlink.54">
      <nite:pointer role="extractive"  href="Bro007.B.dialogue-acts.xml#id(Bro007.B.dialogueact333)"/>
      <nite:pointer role="abstractive"  href="Bro007.abssumm.xml#id(Bro007.s.10)"/>
   </summlink>
   <summlink nite:id="Bro007.summlink.55">
      <nite:pointer role="extractive"  href="Bro007.B.dialogue-acts.xml#id(Bro007.B.dialogueact335)"/>
      <nite:pointer role="abstractive"  href="Bro007.abssumm.xml#id(Bro007.s.10)"/>
   </summlink>
   <summlink nite:id="Bro007.summlink.56">
      <nite:pointer role="extractive"  href="Bro007.B.dialogue-acts.xml#id(Bro007.B.dialogueact335)"/>
      <nite:pointer role="abstractive"  href="Bro007.abssumm.xml#id(Bro007.s.5)"/>
   </summlink>
   <summlink nite:id="Bro007.summlink.57">
      <nite:pointer role="extractive"  href="Bro007.B.dialogue-acts.xml#id(Bro007.B.dialogueact335)"/>
      <nite:pointer role="abstractive"  href="Bro007.abssumm.xml#id(Bro007.s.2)"/>
   </summlink>
   <summlink nite:id="Bro007.summlink.58">
      <nite:pointer role="extractive"  href="Bro007.B.dialogue-acts.xml#id(Bro007.B.dialogueact350)"/>
      <nite:pointer role="abstractive"  href="Bro007.abssumm.xml#id(Bro007.s.2)"/>
   </summlink>
   <summlink nite:id="Bro007.summlink.59">
      <nite:pointer role="extractive"  href="Bro007.B.dialogue-acts.xml#id(Bro007.B.dialogueact351)"/>
      <nite:pointer role="abstractive"  href="Bro007.abssumm.xml#id(Bro007.s.2)"/>
   </summlink>
   <summlink nite:id="Bro007.summlink.60">
      <nite:pointer role="extractive"  href="Bro007.B.dialogue-acts.xml#id(Bro007.B.dialogueact354)"/>
      <nite:pointer role="abstractive"  href="Bro007.abssumm.xml#id(Bro007.s.2)"/>
   </summlink>
   <summlink nite:id="Bro007.summlink.61">
      <nite:pointer role="extractive"  href="Bro007.B.dialogue-acts.xml#id(Bro007.B.dialogueact376)"/>
      <nite:pointer role="abstractive"  href="Bro007.abssumm.xml#id(Bro007.s.2)"/>
   </summlink>
   <summlink nite:id="Bro007.summlink.62">
      <nite:pointer role="extractive"  href="Bro007.B.dialogue-acts.xml#id(Bro007.B.dialogueact376)"/>
      <nite:pointer role="abstractive"  href="Bro007.abssumm.xml#id(Bro007.s.6)"/>
   </summlink>
   <summlink nite:id="Bro007.summlink.63">
      <nite:pointer role="extractive"  href="Bro007.C.dialogue-acts.xml#id(Bro007.C.dialogueact378)"/>
      <nite:pointer role="abstractive"  href="Bro007.abssumm.xml#id(Bro007.s.2)"/>
   </summlink>
   <summlink nite:id="Bro007.summlink.64">
      <nite:pointer role="extractive"  href="Bro007.C.dialogue-acts.xml#id(Bro007.C.dialogueact378)"/>
      <nite:pointer role="abstractive"  href="Bro007.abssumm.xml#id(Bro007.s.6)"/>
   </summlink>
   <summlink nite:id="Bro007.summlink.65">
      <nite:pointer role="extractive"  href="Bro007.B.dialogue-acts.xml#id(Bro007.B.dialogueact379)"/>
      <nite:pointer role="abstractive"  href="Bro007.abssumm.xml#id(Bro007.s.6)"/>
   </summlink>
   <summlink nite:id="Bro007.summlink.66">
      <nite:pointer role="extractive"  href="Bro007.B.dialogue-acts.xml#id(Bro007.B.dialogueact379)"/>
      <nite:pointer role="abstractive"  href="Bro007.abssumm.xml#id(Bro007.s.2)"/>
   </summlink>
   <summlink nite:id="Bro007.summlink.67">
      <nite:pointer role="extractive"  href="Bro007.B.dialogue-acts.xml#id(Bro007.B.dialogueact390)"/>
      <nite:pointer role="abstractive"  href="Bro007.abssumm.xml#id(Bro007.s.6)"/>
   </summlink>
   <summlink nite:id="Bro007.summlink.68">
      <nite:pointer role="extractive"  href="Bro007.B.dialogue-acts.xml#id(Bro007.B.dialogueact390)"/>
      <nite:pointer role="abstractive"  href="Bro007.abssumm.xml#id(Bro007.s.2)"/>
   </summlink>
   <summlink nite:id="Bro007.summlink.69">
      <nite:pointer role="extractive"  href="Bro007.B.dialogue-acts.xml#id(Bro007.B.dialogueact393)"/>
      <nite:pointer role="abstractive"  href="Bro007.abssumm.xml#id(Bro007.s.6)"/>
   </summlink>
   <summlink nite:id="Bro007.summlink.70">
      <nite:pointer role="extractive"  href="Bro007.B.dialogue-acts.xml#id(Bro007.B.dialogueact393)"/>
      <nite:pointer role="abstractive"  href="Bro007.abssumm.xml#id(Bro007.s.2)"/>
   </summlink>
   <summlink nite:id="Bro007.summlink.71">
      <nite:pointer role="extractive"  href="Bro007.C.dialogue-acts.xml#id(Bro007.C.dialogueact394)"/>
      <nite:pointer role="abstractive"  href="Bro007.abssumm.xml#id(Bro007.s.6)"/>
   </summlink>
   <summlink nite:id="Bro007.summlink.72">
      <nite:pointer role="extractive"  href="Bro007.C.dialogue-acts.xml#id(Bro007.C.dialogueact394)"/>
      <nite:pointer role="abstractive"  href="Bro007.abssumm.xml#id(Bro007.s.2)"/>
   </summlink>
   <summlink nite:id="Bro007.summlink.73">
      <nite:pointer role="extractive"  href="Bro007.C.dialogue-acts.xml#id(Bro007.C.dialogueact396)"/>
      <nite:pointer role="abstractive"  href="Bro007.abssumm.xml#id(Bro007.s.6)"/>
   </summlink>
   <summlink nite:id="Bro007.summlink.74">
      <nite:pointer role="extractive"  href="Bro007.C.dialogue-acts.xml#id(Bro007.C.dialogueact396)"/>
      <nite:pointer role="abstractive"  href="Bro007.abssumm.xml#id(Bro007.s.2)"/>
   </summlink>
   <summlink nite:id="Bro007.summlink.75">
      <nite:pointer role="extractive"  href="Bro007.B.dialogue-acts.xml#id(Bro007.B.dialogueact397)"/>
      <nite:pointer role="abstractive"  href="Bro007.abssumm.xml#id(Bro007.s.7)"/>
   </summlink>
   <summlink nite:id="Bro007.summlink.76">
      <nite:pointer role="extractive"  href="Bro007.B.dialogue-acts.xml#id(Bro007.B.dialogueact400)"/>
      <nite:pointer role="abstractive"  href="Bro007.abssumm.xml#id(Bro007.s.7)"/>
   </summlink>
   <summlink nite:id="Bro007.summlink.77">
      <nite:pointer role="extractive"  href="Bro007.B.dialogue-acts.xml#id(Bro007.B.dialogueact465)"/>
      <nite:pointer role="abstractive"  href="Bro007.abssumm.xml#id(Bro007.s.2)"/>
   </summlink>
   <summlink nite:id="Bro007.summlink.78">
      <nite:pointer role="extractive"  href="Bro007.B.dialogue-acts.xml#id(Bro007.B.dialogueact478)"/>
      <nite:pointer role="abstractive"  href="Bro007.abssumm.xml#id(Bro007.s.2)"/>
   </summlink>
   <summlink nite:id="Bro007.summlink.79">
      <nite:pointer role="extractive"  href="Bro007.B.dialogue-acts.xml#id(Bro007.B.dialogueact478)"/>
      <nite:pointer role="abstractive"  href="Bro007.abssumm.xml#id(Bro007.s.6)"/>
   </summlink>
   <summlink nite:id="Bro007.summlink.80">
      <nite:pointer role="extractive"  href="Bro007.B.dialogue-acts.xml#id(Bro007.B.dialogueact520)"/>
      <nite:pointer role="abstractive"  href="Bro007.abssumm.xml#id(Bro007.s.6)"/>
   </summlink>
   <summlink nite:id="Bro007.summlink.81">
      <nite:pointer role="extractive"  href="Bro007.B.dialogue-acts.xml#id(Bro007.B.dialogueact521)"/>
      <nite:pointer role="abstractive"  href="Bro007.abssumm.xml#id(Bro007.s.6)"/>
   </summlink>
   <summlink nite:id="Bro007.summlink.82">
      <nite:pointer role="extractive"  href="Bro007.B.dialogue-acts.xml#id(Bro007.B.dialogueact521)"/>
      <nite:pointer role="abstractive"  href="Bro007.abssumm.xml#id(Bro007.s.8)"/>
   </summlink>
   <summlink nite:id="Bro007.summlink.83">
      <nite:pointer role="extractive"  href="Bro007.B.dialogue-acts.xml#id(Bro007.B.dialogueact521)"/>
      <nite:pointer role="abstractive"  href="Bro007.abssumm.xml#id(Bro007.s.2)"/>
   </summlink>
   <summlink nite:id="Bro007.summlink.84">
      <nite:pointer role="extractive"  href="Bro007.B.dialogue-acts.xml#id(Bro007.B.dialogueact520)"/>
      <nite:pointer role="abstractive"  href="Bro007.abssumm.xml#id(Bro007.s.2)"/>
   </summlink>
   <summlink nite:id="Bro007.summlink.85">
      <nite:pointer role="extractive"  href="Bro007.B.dialogue-acts.xml#id(Bro007.B.dialogueact533)"/>
      <nite:pointer role="abstractive"  href="Bro007.abssumm.xml#id(Bro007.s.8)"/>
   </summlink>
   <summlink nite:id="Bro007.summlink.86">
      <nite:pointer role="extractive"  href="Bro007.B.dialogue-acts.xml#id(Bro007.B.dialogueact535)"/>
      <nite:pointer role="abstractive"  href="Bro007.abssumm.xml#id(Bro007.s.8)"/>
   </summlink>
   <summlink nite:id="Bro007.summlink.87">
      <nite:pointer role="extractive"  href="Bro007.C.dialogue-acts.xml#id(Bro007.C.dialogueact574)"/>
      <nite:pointer role="abstractive"  href="Bro007.abssumm.xml#id(Bro007.s.5)"/>
   </summlink>
   <summlink nite:id="Bro007.summlink.88">
      <nite:pointer role="extractive"  href="Bro007.C.dialogue-acts.xml#id(Bro007.C.dialogueact575)"/>
      <nite:pointer role="abstractive"  href="Bro007.abssumm.xml#id(Bro007.s.5)"/>
   </summlink>
   <summlink nite:id="Bro007.summlink.89">
      <nite:pointer role="extractive"  href="Bro007.B.dialogue-acts.xml#id(Bro007.B.dialogueact579)"/>
      <nite:pointer role="abstractive"  href="Bro007.abssumm.xml#id(Bro007.s.5)"/>
   </summlink>
   <summlink nite:id="Bro007.summlink.90">
      <nite:pointer role="extractive"  href="Bro007.B.dialogue-acts.xml#id(Bro007.B.dialogueact605)"/>
      <nite:pointer role="abstractive"  href="Bro007.abssumm.xml#id(Bro007.s.14)"/>
   </summlink>
   <summlink nite:id="Bro007.summlink.91">
      <nite:pointer role="extractive"  href="Bro007.B.dialogue-acts.xml#id(Bro007.B.dialogueact606)"/>
      <nite:pointer role="abstractive"  href="Bro007.abssumm.xml#id(Bro007.s.14)"/>
   </summlink>
   <summlink nite:id="Bro007.summlink.92">
      <nite:pointer role="extractive"  href="Bro007.B.dialogue-acts.xml#id(Bro007.B.dialogueact607)"/>
      <nite:pointer role="abstractive"  href="Bro007.abssumm.xml#id(Bro007.s.14)"/>
   </summlink>
</nite:root>