<?xml version="1.0" encoding="ISO-8859-1" standalone="yes"?>
<nite:root nite:id="Bro017.extsumm" xmlns:nite="http://nite.sourceforge.net/">
   <extsumm nite:id="Bro017.extsumm.1">
      <nite:child href="Bro017.B.dialogue-acts.xml#id(Bro017.B.dialogueact23)..id(Bro017.B.dialogueact25)"/>
      <nite:child href="Bro017.E.dialogue-acts.xml#id(Bro017.E.dialogueact29)"/>
      <nite:child href="Bro017.E.dialogue-acts.xml#id(Bro017.E.dialogueact32)"/>
      <nite:child href="Bro017.B.dialogue-acts.xml#id(Bro017.B.dialogueact33)"/>
      <nite:child href="Bro017.E.dialogue-acts.xml#id(Bro017.E.dialogueact34)"/>
      <nite:child href="Bro017.B.dialogue-acts.xml#id(Bro017.B.dialogueact35)..id(Bro017.B.dialogueact40)"/>
      <nite:child href="Bro017.B.dialogue-acts.xml#id(Bro017.B.dialogueact42)..id(Bro017.B.dialogueact43)"/>
      <nite:child href="Bro017.B.dialogue-acts.xml#id(Bro017.B.dialogueact51)..id(Bro017.B.dialogueact54)"/>
      <nite:child href="Bro017.B.dialogue-acts.xml#id(Bro017.B.dialogueact58)..id(Bro017.B.dialogueact63)"/>
      <nite:child href="Bro017.B.dialogue-acts.xml#id(Bro017.B.dialogueact65)..id(Bro017.B.dialogueact67)"/>
      <nite:child href="Bro017.B.dialogue-acts.xml#id(Bro017.B.dialogueact74)..id(Bro017.B.dialogueact75)"/>
      <nite:child href="Bro017.B.dialogue-acts.xml#id(Bro017.B.dialogueact81)"/>
      <nite:child href="Bro017.B.dialogue-acts.xml#id(Bro017.B.dialogueact79)"/>
      <nite:child href="Bro017.B.dialogue-acts.xml#id(Bro017.B.dialogueact87)..id(Bro017.B.dialogueact88)"/>
      <nite:child href="Bro017.B.dialogue-acts.xml#id(Bro017.B.dialogueact90)..id(Bro017.B.dialogueact91)"/>
      <nite:child href="Bro017.B.dialogue-acts.xml#id(Bro017.B.dialogueact97)"/>
      <nite:child href="Bro017.B.dialogue-acts.xml#id(Bro017.B.dialogueact99)"/>
      <nite:child href="Bro017.B.dialogue-acts.xml#id(Bro017.B.dialogueact101)..id(Bro017.B.dialogueact106)"/>
      <nite:child href="Bro017.B.dialogue-acts.xml#id(Bro017.B.dialogueact119)..id(Bro017.B.dialogueact122)"/>
      <nite:child href="Bro017.B.dialogue-acts.xml#id(Bro017.B.dialogueact125)..id(Bro017.B.dialogueact126)"/>
      <nite:child href="Bro017.B.dialogue-acts.xml#id(Bro017.B.dialogueact128)..id(Bro017.B.dialogueact132)"/>
      <nite:child href="Bro017.B.dialogue-acts.xml#id(Bro017.B.dialogueact136)..id(Bro017.B.dialogueact138)"/>
      <nite:child href="Bro017.B.dialogue-acts.xml#id(Bro017.B.dialogueact175)..id(Bro017.B.dialogueact179)"/>
      <nite:child href="Bro017.B.dialogue-acts.xml#id(Bro017.B.dialogueact228)..id(Bro017.B.dialogueact229)"/>
      <nite:child href="Bro017.B.dialogue-acts.xml#id(Bro017.B.dialogueact238)..id(Bro017.B.dialogueact248)"/>
      <nite:child href="Bro017.B.dialogue-acts.xml#id(Bro017.B.dialogueact250)"/>
      <nite:child href="Bro017.B.dialogue-acts.xml#id(Bro017.B.dialogueact254)"/>
      <nite:child href="Bro017.E.dialogue-acts.xml#id(Bro017.E.dialogueact576)..id(Bro017.E.dialogueact577)"/>
      <nite:child href="Bro017.C.dialogue-acts.xml#id(Bro017.C.dialogueact579)"/>
      <nite:child href="Bro017.D.dialogue-acts.xml#id(Bro017.D.dialogueact581)..id(Bro017.D.dialogueact583)"/>
      <nite:child href="Bro017.C.dialogue-acts.xml#id(Bro017.C.dialogueact588)"/>
      <nite:child href="Bro017.E.dialogue-acts.xml#id(Bro017.E.dialogueact594)"/>
      <nite:child href="Bro017.C.dialogue-acts.xml#id(Bro017.C.dialogueact599)"/>
      <nite:child href="Bro017.C.dialogue-acts.xml#id(Bro017.C.dialogueact598)"/>
      <nite:child href="Bro017.C.dialogue-acts.xml#id(Bro017.C.dialogueact600)"/>
      <nite:child href="Bro017.B.dialogue-acts.xml#id(Bro017.B.dialogueact611)..id(Bro017.B.dialogueact615)"/>
      <nite:child href="Bro017.B.dialogue-acts.xml#id(Bro017.B.dialogueact618)"/>
      <nite:child href="Bro017.B.dialogue-acts.xml#id(Bro017.B.dialogueact624)"/>
      <nite:child href="Bro017.B.dialogue-acts.xml#id(Bro017.B.dialogueact633)"/>
      <nite:child href="Bro017.B.dialogue-acts.xml#id(Bro017.B.dialogueact638)..id(Bro017.B.dialogueact639)"/>
      <nite:child href="Bro017.B.dialogue-acts.xml#id(Bro017.B.dialogueact644)"/>
      <nite:child href="Bro017.B.dialogue-acts.xml#id(Bro017.B.dialogueact648)..id(Bro017.B.dialogueact649)"/>
      <nite:child href="Bro017.B.dialogue-acts.xml#id(Bro017.B.dialogueact1167)..id(Bro017.B.dialogueact1169)"/>
      <nite:child href="Bro017.E.dialogue-acts.xml#id(Bro017.E.dialogueact1178)"/>
      <nite:child href="Bro017.B.dialogue-acts.xml#id(Bro017.B.dialogueact1181)"/>
      <nite:child href="Bro017.E.dialogue-acts.xml#id(Bro017.E.dialogueact1188)"/>
      <nite:child href="Bro017.C.dialogue-acts.xml#id(Bro017.C.dialogueact1190)..id(Bro017.C.dialogueact1191)"/>
      <nite:child href="Bro017.E.dialogue-acts.xml#id(Bro017.E.dialogueact1194)..id(Bro017.E.dialogueact1195)"/>
      <nite:child href="Bro017.B.dialogue-acts.xml#id(Bro017.B.dialogueact1202)"/>
      <nite:child href="Bro017.B.dialogue-acts.xml#id(Bro017.B.dialogueact1204)"/>
   </extsumm>
</nite:root>