<?xml version="1.0" encoding="ISO-8859-1" standalone="yes"?>
<nite:root nite:id="Bro019.extsumm" xmlns:nite="http://nite.sourceforge.net/">
   <extsumm nite:id="Bro019.extsumm.1">
      <nite:child href="Bro019.C.dialogue-acts.xml#id(Bro019.C.dialogueact70)"/>
      <nite:child href="Bro019.C.dialogue-acts.xml#id(Bro019.C.dialogueact76)"/>
      <nite:child href="Bro019.F.dialogue-acts.xml#id(Bro019.F.dialogueact78)..id(Bro019.F.dialogueact79)"/>
      <nite:child href="Bro019.F.dialogue-acts.xml#id(Bro019.F.dialogueact87)"/>
      <nite:child href="Bro019.F.dialogue-acts.xml#id(Bro019.F.dialogueact94)..id(Bro019.F.dialogueact95)"/>
      <nite:child href="Bro019.F.dialogue-acts.xml#id(Bro019.F.dialogueact99)"/>
      <nite:child href="Bro019.C.dialogue-acts.xml#id(Bro019.C.dialogueact102)"/>
      <nite:child href="Bro019.F.dialogue-acts.xml#id(Bro019.F.dialogueact110)"/>
      <nite:child href="Bro019.F.dialogue-acts.xml#id(Bro019.F.dialogueact119)"/>
      <nite:child href="Bro019.F.dialogue-acts.xml#id(Bro019.F.dialogueact135)..id(Bro019.F.dialogueact136)"/>
      <nite:child href="Bro019.C.dialogue-acts.xml#id(Bro019.C.dialogueact324)"/>
      <nite:child href="Bro019.A.dialogue-acts.xml#id(Bro019.A.dialogueact381)..id(Bro019.A.dialogueact384)"/>
      <nite:child href="Bro019.A.dialogue-acts.xml#id(Bro019.A.dialogueact386)"/>
      <nite:child href="Bro019.A.dialogue-acts.xml#id(Bro019.A.dialogueact419)..id(Bro019.A.dialogueact420)"/>
      <nite:child href="Bro019.F.dialogue-acts.xml#id(Bro019.F.dialogueact422)"/>
      <nite:child href="Bro019.A.dialogue-acts.xml#id(Bro019.A.dialogueact423)"/>
      <nite:child href="Bro019.C.dialogue-acts.xml#id(Bro019.C.dialogueact513)..id(Bro019.C.dialogueact514)"/>
      <nite:child href="Bro019.C.dialogue-acts.xml#id(Bro019.C.dialogueact518)"/>
      <nite:child href="Bro019.D.dialogue-acts.xml#id(Bro019.D.dialogueact527)"/>
      <nite:child href="Bro019.D.dialogue-acts.xml#id(Bro019.D.dialogueact588)"/>
      <nite:child href="Bro019.D.dialogue-acts.xml#id(Bro019.D.dialogueact591)"/>
      <nite:child href="Bro019.D.dialogue-acts.xml#id(Bro019.D.dialogueact597)..id(Bro019.D.dialogueact598)"/>
      <nite:child href="Bro019.D.dialogue-acts.xml#id(Bro019.D.dialogueact641)..id(Bro019.D.dialogueact642)"/>
      <nite:child href="Bro019.D.dialogue-acts.xml#id(Bro019.D.dialogueact645)"/>
      <nite:child href="Bro019.D.dialogue-acts.xml#id(Bro019.D.dialogueact777)"/>
      <nite:child href="Bro019.D.dialogue-acts.xml#id(Bro019.D.dialogueact779)"/>
      <nite:child href="Bro019.D.dialogue-acts.xml#id(Bro019.D.dialogueact942)"/>
      <nite:child href="Bro019.D.dialogue-acts.xml#id(Bro019.D.dialogueact941)"/>
      <nite:child href="Bro019.D.dialogue-acts.xml#id(Bro019.D.dialogueact943)..id(Bro019.D.dialogueact944)"/>
      <nite:child href="Bro019.D.dialogue-acts.xml#id(Bro019.D.dialogueact952)"/>
      <nite:child href="Bro019.C.dialogue-acts.xml#id(Bro019.C.dialogueact1117)"/>
      <nite:child href="Bro019.B.dialogue-acts.xml#id(Bro019.B.dialogueact1120)..id(Bro019.B.dialogueact1121)"/>
      <nite:child href="Bro019.B.dialogue-acts.xml#id(Bro019.B.dialogueact1131)"/>
      <nite:child href="Bro019.B.dialogue-acts.xml#id(Bro019.B.dialogueact1161)..id(Bro019.B.dialogueact1163)"/>
      <nite:child href="Bro019.B.dialogue-acts.xml#id(Bro019.B.dialogueact1173)"/>
      <nite:child href="Bro019.B.dialogue-acts.xml#id(Bro019.B.dialogueact1179)"/>
      <nite:child href="Bro019.A.dialogue-acts.xml#id(Bro019.A.dialogueact1180)"/>
      <nite:child href="Bro019.B.dialogue-acts.xml#id(Bro019.B.dialogueact1187)..id(Bro019.B.dialogueact1188)"/>
      <nite:child href="Bro019.C.dialogue-acts.xml#id(Bro019.C.dialogueact1200)..id(Bro019.C.dialogueact1201)"/>
      <nite:child href="Bro019.C.dialogue-acts.xml#id(Bro019.C.dialogueact1206)"/>
      <nite:child href="Bro019.C.dialogue-acts.xml#id(Bro019.C.dialogueact1209)..id(Bro019.C.dialogueact1211)"/>
      <nite:child href="Bro019.C.dialogue-acts.xml#id(Bro019.C.dialogueact1214)..id(Bro019.C.dialogueact1215)"/>
      <nite:child href="Bro019.C.dialogue-acts.xml#id(Bro019.C.dialogueact1231)"/>
      <nite:child href="Bro019.B.dialogue-acts.xml#id(Bro019.B.dialogueact1279)"/>
      <nite:child href="Bro019.C.dialogue-acts.xml#id(Bro019.C.dialogueact1277)"/>
      <nite:child href="Bro019.B.dialogue-acts.xml#id(Bro019.B.dialogueact1278)"/>
      <nite:child href="Bro019.A.dialogue-acts.xml#id(Bro019.A.dialogueact1123)"/>
      <nite:child href="Bro019.C.dialogue-acts.xml#id(Bro019.C.dialogueact1126)"/>
      <nite:child href="Bro019.B.dialogue-acts.xml#id(Bro019.B.dialogueact1135)..id(Bro019.B.dialogueact1139)"/>
      <nite:child href="Bro019.C.dialogue-acts.xml#id(Bro019.C.dialogueact1371)"/>
      <nite:child href="Bro019.G.dialogue-acts.xml#id(Bro019.G.dialogueact1375)"/>
      <nite:child href="Bro019.G.dialogue-acts.xml#id(Bro019.G.dialogueact1380)..id(Bro019.G.dialogueact1382)"/>
      <nite:child href="Bro019.G.dialogue-acts.xml#id(Bro019.G.dialogueact1391)..id(Bro019.G.dialogueact1392)"/>
      <nite:child href="Bro019.C.dialogue-acts.xml#id(Bro019.C.dialogueact1503)"/>
      <nite:child href="Bro019.E.dialogue-acts.xml#id(Bro019.E.dialogueact1507)..id(Bro019.E.dialogueact1509)"/>
      <nite:child href="Bro019.E.dialogue-acts.xml#id(Bro019.E.dialogueact1511)..id(Bro019.E.dialogueact1514)"/>
      <nite:child href="Bro019.F.dialogue-acts.xml#id(Bro019.F.dialogueact98)"/>
   </extsumm>
</nite:root>