<?xml version="1.0" encoding="ISO-8859-1" standalone="yes"?>
<nite:root nite:id="Bro021.summlink" xmlns:nite="http://nite.sourceforge.net/">
   <summlink nite:id="Bro021.summlink.1">
      <nite:pointer role="extractive"  href="Bro021.F.dialogue-acts.xml#id(Bro021.F.dialogueact13)"/>
      <nite:pointer role="abstractive"  href="Bro021.abssumm.xml#id(Bro021.s.1)"/>
   </summlink>
   <summlink nite:id="Bro021.summlink.2">
      <nite:pointer role="extractive"  href="Bro021.F.dialogue-acts.xml#id(Bro021.F.dialogueact16)"/>
      <nite:pointer role="abstractive"  href="Bro021.abssumm.xml#id(Bro021.s.1)"/>
   </summlink>
   <summlink nite:id="Bro021.summlink.3">
      <nite:pointer role="extractive"  href="Bro021.F.dialogue-acts.xml#id(Bro021.F.dialogueact17)"/>
      <nite:pointer role="abstractive"  href="Bro021.abssumm.xml#id(Bro021.s.1)"/>
   </summlink>
   <summlink nite:id="Bro021.summlink.4">
      <nite:pointer role="extractive"  href="Bro021.F.dialogue-acts.xml#id(Bro021.F.dialogueact18)"/>
      <nite:pointer role="abstractive"  href="Bro021.abssumm.xml#id(Bro021.s.1)"/>
   </summlink>
   <summlink nite:id="Bro021.summlink.5">
      <nite:pointer role="extractive"  href="Bro021.F.dialogue-acts.xml#id(Bro021.F.dialogueact26)"/>
      <nite:pointer role="abstractive"  href="Bro021.abssumm.xml#id(Bro021.s.8)"/>
   </summlink>
   <summlink nite:id="Bro021.summlink.6">
      <nite:pointer role="extractive"  href="Bro021.C.dialogue-acts.xml#id(Bro021.C.dialogueact29)"/>
      <nite:pointer role="abstractive"  href="Bro021.abssumm.xml#id(Bro021.s.14)"/>
   </summlink>
   <summlink nite:id="Bro021.summlink.7">
      <nite:pointer role="extractive"  href="Bro021.C.dialogue-acts.xml#id(Bro021.C.dialogueact33)"/>
      <nite:pointer role="abstractive"  href="Bro021.abssumm.xml#id(Bro021.s.14)"/>
   </summlink>
   <summlink nite:id="Bro021.summlink.8">
      <nite:pointer role="extractive"  href="Bro021.C.dialogue-acts.xml#id(Bro021.C.dialogueact39)"/>
      <nite:pointer role="abstractive"  href="Bro021.abssumm.xml#id(Bro021.s.14)"/>
   </summlink>
   <summlink nite:id="Bro021.summlink.9">
      <nite:pointer role="extractive"  href="Bro021.C.dialogue-acts.xml#id(Bro021.C.dialogueact54)"/>
      <nite:pointer role="abstractive"  href="Bro021.abssumm.xml#id(Bro021.s.2)"/>
   </summlink>
   <summlink nite:id="Bro021.summlink.10">
      <nite:pointer role="extractive"  href="Bro021.C.dialogue-acts.xml#id(Bro021.C.dialogueact54)"/>
      <nite:pointer role="abstractive"  href="Bro021.abssumm.xml#id(Bro021.s.8)"/>
   </summlink>
   <summlink nite:id="Bro021.summlink.11">
      <nite:pointer role="extractive"  href="Bro021.C.dialogue-acts.xml#id(Bro021.C.dialogueact55)"/>
      <nite:pointer role="abstractive"  href="Bro021.abssumm.xml#id(Bro021.s.8)"/>
   </summlink>
   <summlink nite:id="Bro021.summlink.12">
      <nite:pointer role="extractive"  href="Bro021.C.dialogue-acts.xml#id(Bro021.C.dialogueact55)"/>
      <nite:pointer role="abstractive"  href="Bro021.abssumm.xml#id(Bro021.s.2)"/>
   </summlink>
   <summlink nite:id="Bro021.summlink.13">
      <nite:pointer role="extractive"  href="Bro021.C.dialogue-acts.xml#id(Bro021.C.dialogueact62)"/>
      <nite:pointer role="abstractive"  href="Bro021.abssumm.xml#id(Bro021.s.8)"/>
   </summlink>
   <summlink nite:id="Bro021.summlink.14">
      <nite:pointer role="extractive"  href="Bro021.C.dialogue-acts.xml#id(Bro021.C.dialogueact63)"/>
      <nite:pointer role="abstractive"  href="Bro021.abssumm.xml#id(Bro021.s.8)"/>
   </summlink>
   <summlink nite:id="Bro021.summlink.15">
      <nite:pointer role="extractive"  href="Bro021.C.dialogue-acts.xml#id(Bro021.C.dialogueact65)"/>
      <nite:pointer role="abstractive"  href="Bro021.abssumm.xml#id(Bro021.s.8)"/>
   </summlink>
   <summlink nite:id="Bro021.summlink.16">
      <nite:pointer role="extractive"  href="Bro021.B.dialogue-acts.xml#id(Bro021.B.dialogueact72)"/>
      <nite:pointer role="abstractive"  href="Bro021.abssumm.xml#id(Bro021.s.5)"/>
   </summlink>
   <summlink nite:id="Bro021.summlink.17">
      <nite:pointer role="extractive"  href="Bro021.B.dialogue-acts.xml#id(Bro021.B.dialogueact73)"/>
      <nite:pointer role="abstractive"  href="Bro021.abssumm.xml#id(Bro021.s.5)"/>
   </summlink>
   <summlink nite:id="Bro021.summlink.18">
      <nite:pointer role="extractive"  href="Bro021.C.dialogue-acts.xml#id(Bro021.C.dialogueact74)"/>
      <nite:pointer role="abstractive"  href="Bro021.abssumm.xml#id(Bro021.s.5)"/>
   </summlink>
   <summlink nite:id="Bro021.summlink.19">
      <nite:pointer role="extractive"  href="Bro021.B.dialogue-acts.xml#id(Bro021.B.dialogueact147)"/>
      <nite:pointer role="abstractive"  href="Bro021.abssumm.xml#id(Bro021.s.5)"/>
   </summlink>
   <summlink nite:id="Bro021.summlink.20">
      <nite:pointer role="extractive"  href="Bro021.B.dialogue-acts.xml#id(Bro021.B.dialogueact148)"/>
      <nite:pointer role="abstractive"  href="Bro021.abssumm.xml#id(Bro021.s.5)"/>
   </summlink>
   <summlink nite:id="Bro021.summlink.21">
      <nite:pointer role="extractive"  href="Bro021.B.dialogue-acts.xml#id(Bro021.B.dialogueact151)"/>
      <nite:pointer role="abstractive"  href="Bro021.abssumm.xml#id(Bro021.s.5)"/>
   </summlink>
   <summlink nite:id="Bro021.summlink.22">
      <nite:pointer role="extractive"  href="Bro021.B.dialogue-acts.xml#id(Bro021.B.dialogueact152)"/>
      <nite:pointer role="abstractive"  href="Bro021.abssumm.xml#id(Bro021.s.5)"/>
   </summlink>
   <summlink nite:id="Bro021.summlink.23">
      <nite:pointer role="extractive"  href="Bro021.B.dialogue-acts.xml#id(Bro021.B.dialogueact155)"/>
      <nite:pointer role="abstractive"  href="Bro021.abssumm.xml#id(Bro021.s.5)"/>
   </summlink>
   <summlink nite:id="Bro021.summlink.24">
      <nite:pointer role="extractive"  href="Bro021.B.dialogue-acts.xml#id(Bro021.B.dialogueact159)"/>
      <nite:pointer role="abstractive"  href="Bro021.abssumm.xml#id(Bro021.s.5)"/>
   </summlink>
   <summlink nite:id="Bro021.summlink.25">
      <nite:pointer role="extractive"  href="Bro021.B.dialogue-acts.xml#id(Bro021.B.dialogueact160)"/>
      <nite:pointer role="abstractive"  href="Bro021.abssumm.xml#id(Bro021.s.5)"/>
   </summlink>
   <summlink nite:id="Bro021.summlink.26">
      <nite:pointer role="extractive"  href="Bro021.B.dialogue-acts.xml#id(Bro021.B.dialogueact161)"/>
      <nite:pointer role="abstractive"  href="Bro021.abssumm.xml#id(Bro021.s.5)"/>
   </summlink>
   <summlink nite:id="Bro021.summlink.27">
      <nite:pointer role="extractive"  href="Bro021.C.dialogue-acts.xml#id(Bro021.C.dialogueact171)"/>
      <nite:pointer role="abstractive"  href="Bro021.abssumm.xml#id(Bro021.s.9)"/>
   </summlink>
   <summlink nite:id="Bro021.summlink.28">
      <nite:pointer role="extractive"  href="Bro021.C.dialogue-acts.xml#id(Bro021.C.dialogueact171)"/>
      <nite:pointer role="abstractive"  href="Bro021.abssumm.xml#id(Bro021.s.2)"/>
   </summlink>
   <summlink nite:id="Bro021.summlink.29">
      <nite:pointer role="extractive"  href="Bro021.C.dialogue-acts.xml#id(Bro021.C.dialogueact174)"/>
      <nite:pointer role="abstractive"  href="Bro021.abssumm.xml#id(Bro021.s.9)"/>
   </summlink>
   <summlink nite:id="Bro021.summlink.30">
      <nite:pointer role="extractive"  href="Bro021.C.dialogue-acts.xml#id(Bro021.C.dialogueact177)"/>
      <nite:pointer role="abstractive"  href="Bro021.abssumm.xml#id(Bro021.s.9)"/>
   </summlink>
   <summlink nite:id="Bro021.summlink.31">
      <nite:pointer role="extractive"  href="Bro021.C.dialogue-acts.xml#id(Bro021.C.dialogueact180)"/>
      <nite:pointer role="abstractive"  href="Bro021.abssumm.xml#id(Bro021.s.9)"/>
   </summlink>
   <summlink nite:id="Bro021.summlink.32">
      <nite:pointer role="extractive"  href="Bro021.C.dialogue-acts.xml#id(Bro021.C.dialogueact185)"/>
      <nite:pointer role="abstractive"  href="Bro021.abssumm.xml#id(Bro021.s.9)"/>
   </summlink>
   <summlink nite:id="Bro021.summlink.33">
      <nite:pointer role="extractive"  href="Bro021.C.dialogue-acts.xml#id(Bro021.C.dialogueact186)"/>
      <nite:pointer role="abstractive"  href="Bro021.abssumm.xml#id(Bro021.s.9)"/>
   </summlink>
   <summlink nite:id="Bro021.summlink.34">
      <nite:pointer role="extractive"  href="Bro021.C.dialogue-acts.xml#id(Bro021.C.dialogueact192)"/>
      <nite:pointer role="abstractive"  href="Bro021.abssumm.xml#id(Bro021.s.9)"/>
   </summlink>
   <summlink nite:id="Bro021.summlink.35">
      <nite:pointer role="extractive"  href="Bro021.C.dialogue-acts.xml#id(Bro021.C.dialogueact200)"/>
      <nite:pointer role="abstractive"  href="Bro021.abssumm.xml#id(Bro021.s.9)"/>
   </summlink>
   <summlink nite:id="Bro021.summlink.36">
      <nite:pointer role="extractive"  href="Bro021.C.dialogue-acts.xml#id(Bro021.C.dialogueact201)"/>
      <nite:pointer role="abstractive"  href="Bro021.abssumm.xml#id(Bro021.s.9)"/>
   </summlink>
   <summlink nite:id="Bro021.summlink.37">
      <nite:pointer role="extractive"  href="Bro021.C.dialogue-acts.xml#id(Bro021.C.dialogueact331)"/>
      <nite:pointer role="abstractive"  href="Bro021.abssumm.xml#id(Bro021.s.6)"/>
   </summlink>
   <summlink nite:id="Bro021.summlink.38">
      <nite:pointer role="extractive"  href="Bro021.C.dialogue-acts.xml#id(Bro021.C.dialogueact335)"/>
      <nite:pointer role="abstractive"  href="Bro021.abssumm.xml#id(Bro021.s.6)"/>
   </summlink>
   <summlink nite:id="Bro021.summlink.39">
      <nite:pointer role="extractive"  href="Bro021.C.dialogue-acts.xml#id(Bro021.C.dialogueact337)"/>
      <nite:pointer role="abstractive"  href="Bro021.abssumm.xml#id(Bro021.s.6)"/>
   </summlink>
   <summlink nite:id="Bro021.summlink.40">
      <nite:pointer role="extractive"  href="Bro021.C.dialogue-acts.xml#id(Bro021.C.dialogueact338)"/>
      <nite:pointer role="abstractive"  href="Bro021.abssumm.xml#id(Bro021.s.6)"/>
   </summlink>
   <summlink nite:id="Bro021.summlink.41">
      <nite:pointer role="extractive"  href="Bro021.C.dialogue-acts.xml#id(Bro021.C.dialogueact339)"/>
      <nite:pointer role="abstractive"  href="Bro021.abssumm.xml#id(Bro021.s.6)"/>
   </summlink>
   <summlink nite:id="Bro021.summlink.42">
      <nite:pointer role="extractive"  href="Bro021.D.dialogue-acts.xml#id(Bro021.D.dialogueact401)"/>
      <nite:pointer role="abstractive"  href="Bro021.abssumm.xml#id(Bro021.s.6)"/>
   </summlink>
   <summlink nite:id="Bro021.summlink.43">
      <nite:pointer role="extractive"  href="Bro021.D.dialogue-acts.xml#id(Bro021.D.dialogueact417)"/>
      <nite:pointer role="abstractive"  href="Bro021.abssumm.xml#id(Bro021.s.6)"/>
   </summlink>
   <summlink nite:id="Bro021.summlink.44">
      <nite:pointer role="extractive"  href="Bro021.D.dialogue-acts.xml#id(Bro021.D.dialogueact418)"/>
      <nite:pointer role="abstractive"  href="Bro021.abssumm.xml#id(Bro021.s.6)"/>
   </summlink>
   <summlink nite:id="Bro021.summlink.45">
      <nite:pointer role="extractive"  href="Bro021.D.dialogue-acts.xml#id(Bro021.D.dialogueact432)"/>
      <nite:pointer role="abstractive"  href="Bro021.abssumm.xml#id(Bro021.s.6)"/>
   </summlink>
   <summlink nite:id="Bro021.summlink.46">
      <nite:pointer role="extractive"  href="Bro021.D.dialogue-acts.xml#id(Bro021.D.dialogueact435)"/>
      <nite:pointer role="abstractive"  href="Bro021.abssumm.xml#id(Bro021.s.6)"/>
   </summlink>
   <summlink nite:id="Bro021.summlink.47">
      <nite:pointer role="extractive"  href="Bro021.D.dialogue-acts.xml#id(Bro021.D.dialogueact436)"/>
      <nite:pointer role="abstractive"  href="Bro021.abssumm.xml#id(Bro021.s.6)"/>
   </summlink>
   <summlink nite:id="Bro021.summlink.48">
      <nite:pointer role="extractive"  href="Bro021.F.dialogue-acts.xml#id(Bro021.F.dialogueact472)"/>
      <nite:pointer role="abstractive"  href="Bro021.abssumm.xml#id(Bro021.s.3)"/>
   </summlink>
   <summlink nite:id="Bro021.summlink.49">
      <nite:pointer role="extractive"  href="Bro021.F.dialogue-acts.xml#id(Bro021.F.dialogueact472)"/>
      <nite:pointer role="abstractive"  href="Bro021.abssumm.xml#id(Bro021.s.13)"/>
   </summlink>
   <summlink nite:id="Bro021.summlink.50">
      <nite:pointer role="extractive"  href="Bro021.A.dialogue-acts.xml#id(Bro021.A.dialogueact473)"/>
      <nite:pointer role="abstractive"  href="Bro021.abssumm.xml#id(Bro021.s.13)"/>
   </summlink>
   <summlink nite:id="Bro021.summlink.51">
      <nite:pointer role="extractive"  href="Bro021.A.dialogue-acts.xml#id(Bro021.A.dialogueact473)"/>
      <nite:pointer role="abstractive"  href="Bro021.abssumm.xml#id(Bro021.s.3)"/>
   </summlink>
   <summlink nite:id="Bro021.summlink.52">
      <nite:pointer role="extractive"  href="Bro021.A.dialogue-acts.xml#id(Bro021.A.dialogueact474)"/>
      <nite:pointer role="abstractive"  href="Bro021.abssumm.xml#id(Bro021.s.13)"/>
   </summlink>
   <summlink nite:id="Bro021.summlink.53">
      <nite:pointer role="extractive"  href="Bro021.A.dialogue-acts.xml#id(Bro021.A.dialogueact475)"/>
      <nite:pointer role="abstractive"  href="Bro021.abssumm.xml#id(Bro021.s.13)"/>
   </summlink>
   <summlink nite:id="Bro021.summlink.54">
      <nite:pointer role="extractive"  href="Bro021.A.dialogue-acts.xml#id(Bro021.A.dialogueact484)"/>
      <nite:pointer role="abstractive"  href="Bro021.abssumm.xml#id(Bro021.s.13)"/>
   </summlink>
   <summlink nite:id="Bro021.summlink.55">
      <nite:pointer role="extractive"  href="Bro021.A.dialogue-acts.xml#id(Bro021.A.dialogueact487)"/>
      <nite:pointer role="abstractive"  href="Bro021.abssumm.xml#id(Bro021.s.13)"/>
   </summlink>
   <summlink nite:id="Bro021.summlink.56">
      <nite:pointer role="extractive"  href="Bro021.F.dialogue-acts.xml#id(Bro021.F.dialogueact546)"/>
      <nite:pointer role="abstractive"  href="Bro021.abssumm.xml#id(Bro021.s.3)"/>
   </summlink>
   <summlink nite:id="Bro021.summlink.57">
      <nite:pointer role="extractive"  href="Bro021.F.dialogue-acts.xml#id(Bro021.F.dialogueact546)"/>
      <nite:pointer role="abstractive"  href="Bro021.abssumm.xml#id(Bro021.s.12)"/>
   </summlink>
   <summlink nite:id="Bro021.summlink.58">
      <nite:pointer role="extractive"  href="Bro021.G.dialogue-acts.xml#id(Bro021.G.dialogueact548)"/>
      <nite:pointer role="abstractive"  href="Bro021.abssumm.xml#id(Bro021.s.3)"/>
   </summlink>
   <summlink nite:id="Bro021.summlink.59">
      <nite:pointer role="extractive"  href="Bro021.G.dialogue-acts.xml#id(Bro021.G.dialogueact548)"/>
      <nite:pointer role="abstractive"  href="Bro021.abssumm.xml#id(Bro021.s.12)"/>
   </summlink>
   <summlink nite:id="Bro021.summlink.60">
      <nite:pointer role="extractive"  href="Bro021.G.dialogue-acts.xml#id(Bro021.G.dialogueact548)"/>
      <nite:pointer role="abstractive"  href="Bro021.abssumm.xml#id(Bro021.s.7)"/>
   </summlink>
   <summlink nite:id="Bro021.summlink.61">
      <nite:pointer role="extractive"  href="Bro021.G.dialogue-acts.xml#id(Bro021.G.dialogueact549)"/>
      <nite:pointer role="abstractive"  href="Bro021.abssumm.xml#id(Bro021.s.7)"/>
   </summlink>
   <summlink nite:id="Bro021.summlink.62">
      <nite:pointer role="extractive"  href="Bro021.G.dialogue-acts.xml#id(Bro021.G.dialogueact549)"/>
      <nite:pointer role="abstractive"  href="Bro021.abssumm.xml#id(Bro021.s.12)"/>
   </summlink>
   <summlink nite:id="Bro021.summlink.63">
      <nite:pointer role="extractive"  href="Bro021.G.dialogue-acts.xml#id(Bro021.G.dialogueact552)"/>
      <nite:pointer role="abstractive"  href="Bro021.abssumm.xml#id(Bro021.s.12)"/>
   </summlink>
   <summlink nite:id="Bro021.summlink.64">
      <nite:pointer role="extractive"  href="Bro021.G.dialogue-acts.xml#id(Bro021.G.dialogueact554)"/>
      <nite:pointer role="abstractive"  href="Bro021.abssumm.xml#id(Bro021.s.12)"/>
   </summlink>
   <summlink nite:id="Bro021.summlink.65">
      <nite:pointer role="extractive"  href="Bro021.G.dialogue-acts.xml#id(Bro021.G.dialogueact555)"/>
      <nite:pointer role="abstractive"  href="Bro021.abssumm.xml#id(Bro021.s.12)"/>
   </summlink>
   <summlink nite:id="Bro021.summlink.66">
      <nite:pointer role="extractive"  href="Bro021.G.dialogue-acts.xml#id(Bro021.G.dialogueact556)"/>
      <nite:pointer role="abstractive"  href="Bro021.abssumm.xml#id(Bro021.s.12)"/>
   </summlink>
   <summlink nite:id="Bro021.summlink.67">
      <nite:pointer role="extractive"  href="Bro021.G.dialogue-acts.xml#id(Bro021.G.dialogueact558)"/>
      <nite:pointer role="abstractive"  href="Bro021.abssumm.xml#id(Bro021.s.12)"/>
   </summlink>
   <summlink nite:id="Bro021.summlink.68">
      <nite:pointer role="extractive"  href="Bro021.G.dialogue-acts.xml#id(Bro021.G.dialogueact559)"/>
      <nite:pointer role="abstractive"  href="Bro021.abssumm.xml#id(Bro021.s.12)"/>
   </summlink>
   <summlink nite:id="Bro021.summlink.69">
      <nite:pointer role="extractive"  href="Bro021.B.dialogue-acts.xml#id(Bro021.B.dialogueact589)"/>
      <nite:pointer role="abstractive"  href="Bro021.abssumm.xml#id(Bro021.s.12)"/>
   </summlink>
   <summlink nite:id="Bro021.summlink.70">
      <nite:pointer role="extractive"  href="Bro021.B.dialogue-acts.xml#id(Bro021.B.dialogueact593)"/>
      <nite:pointer role="abstractive"  href="Bro021.abssumm.xml#id(Bro021.s.12)"/>
   </summlink>
   <summlink nite:id="Bro021.summlink.71">
      <nite:pointer role="extractive"  href="Bro021.B.dialogue-acts.xml#id(Bro021.B.dialogueact594)"/>
      <nite:pointer role="abstractive"  href="Bro021.abssumm.xml#id(Bro021.s.12)"/>
   </summlink>
   <summlink nite:id="Bro021.summlink.72">
      <nite:pointer role="extractive"  href="Bro021.B.dialogue-acts.xml#id(Bro021.B.dialogueact596)"/>
      <nite:pointer role="abstractive"  href="Bro021.abssumm.xml#id(Bro021.s.12)"/>
   </summlink>
   <summlink nite:id="Bro021.summlink.73">
      <nite:pointer role="extractive"  href="Bro021.G.dialogue-acts.xml#id(Bro021.G.dialogueact605)"/>
      <nite:pointer role="abstractive"  href="Bro021.abssumm.xml#id(Bro021.s.12)"/>
   </summlink>
   <summlink nite:id="Bro021.summlink.74">
      <nite:pointer role="extractive"  href="Bro021.G.dialogue-acts.xml#id(Bro021.G.dialogueact607)"/>
      <nite:pointer role="abstractive"  href="Bro021.abssumm.xml#id(Bro021.s.12)"/>
   </summlink>
   <summlink nite:id="Bro021.summlink.75">
      <nite:pointer role="extractive"  href="Bro021.F.dialogue-acts.xml#id(Bro021.F.dialogueact667)"/>
      <nite:pointer role="abstractive"  href="Bro021.abssumm.xml#id(Bro021.s.2)"/>
   </summlink>
   <summlink nite:id="Bro021.summlink.76">
      <nite:pointer role="extractive"  href="Bro021.F.dialogue-acts.xml#id(Bro021.F.dialogueact667)"/>
      <nite:pointer role="abstractive"  href="Bro021.abssumm.xml#id(Bro021.s.11)"/>
   </summlink>
   <summlink nite:id="Bro021.summlink.77">
      <nite:pointer role="extractive"  href="Bro021.D.dialogue-acts.xml#id(Bro021.D.dialogueact668)"/>
      <nite:pointer role="abstractive"  href="Bro021.abssumm.xml#id(Bro021.s.2)"/>
   </summlink>
   <summlink nite:id="Bro021.summlink.78">
      <nite:pointer role="extractive"  href="Bro021.D.dialogue-acts.xml#id(Bro021.D.dialogueact668)"/>
      <nite:pointer role="abstractive"  href="Bro021.abssumm.xml#id(Bro021.s.11)"/>
   </summlink>
   <summlink nite:id="Bro021.summlink.79">
      <nite:pointer role="extractive"  href="Bro021.D.dialogue-acts.xml#id(Bro021.D.dialogueact668)"/>
      <nite:pointer role="abstractive"  href="Bro021.abssumm.xml#id(Bro021.s.7)"/>
   </summlink>
   <summlink nite:id="Bro021.summlink.80">
      <nite:pointer role="extractive"  href="Bro021.D.dialogue-acts.xml#id(Bro021.D.dialogueact670)"/>
      <nite:pointer role="abstractive"  href="Bro021.abssumm.xml#id(Bro021.s.11)"/>
   </summlink>
   <summlink nite:id="Bro021.summlink.81">
      <nite:pointer role="extractive"  href="Bro021.D.dialogue-acts.xml#id(Bro021.D.dialogueact670)"/>
      <nite:pointer role="abstractive"  href="Bro021.abssumm.xml#id(Bro021.s.7)"/>
   </summlink>
   <summlink nite:id="Bro021.summlink.82">
      <nite:pointer role="extractive"  href="Bro021.D.dialogue-acts.xml#id(Bro021.D.dialogueact671)"/>
      <nite:pointer role="abstractive"  href="Bro021.abssumm.xml#id(Bro021.s.11)"/>
   </summlink>
   <summlink nite:id="Bro021.summlink.83">
      <nite:pointer role="extractive"  href="Bro021.D.dialogue-acts.xml#id(Bro021.D.dialogueact671)"/>
      <nite:pointer role="abstractive"  href="Bro021.abssumm.xml#id(Bro021.s.7)"/>
   </summlink>
   <summlink nite:id="Bro021.summlink.84">
      <nite:pointer role="extractive"  href="Bro021.D.dialogue-acts.xml#id(Bro021.D.dialogueact673)"/>
      <nite:pointer role="abstractive"  href="Bro021.abssumm.xml#id(Bro021.s.11)"/>
   </summlink>
   <summlink nite:id="Bro021.summlink.85">
      <nite:pointer role="extractive"  href="Bro021.D.dialogue-acts.xml#id(Bro021.D.dialogueact673)"/>
      <nite:pointer role="abstractive"  href="Bro021.abssumm.xml#id(Bro021.s.7)"/>
   </summlink>
   <summlink nite:id="Bro021.summlink.86">
      <nite:pointer role="extractive"  href="Bro021.D.dialogue-acts.xml#id(Bro021.D.dialogueact675)"/>
      <nite:pointer role="abstractive"  href="Bro021.abssumm.xml#id(Bro021.s.11)"/>
   </summlink>
   <summlink nite:id="Bro021.summlink.87">
      <nite:pointer role="extractive"  href="Bro021.D.dialogue-acts.xml#id(Bro021.D.dialogueact675)"/>
      <nite:pointer role="abstractive"  href="Bro021.abssumm.xml#id(Bro021.s.7)"/>
   </summlink>
   <summlink nite:id="Bro021.summlink.88">
      <nite:pointer role="extractive"  href="Bro021.D.dialogue-acts.xml#id(Bro021.D.dialogueact676)"/>
      <nite:pointer role="abstractive"  href="Bro021.abssumm.xml#id(Bro021.s.11)"/>
   </summlink>
   <summlink nite:id="Bro021.summlink.89">
      <nite:pointer role="extractive"  href="Bro021.D.dialogue-acts.xml#id(Bro021.D.dialogueact676)"/>
      <nite:pointer role="abstractive"  href="Bro021.abssumm.xml#id(Bro021.s.7)"/>
   </summlink>
   <summlink nite:id="Bro021.summlink.90">
      <nite:pointer role="extractive"  href="Bro021.D.dialogue-acts.xml#id(Bro021.D.dialogueact677)"/>
      <nite:pointer role="abstractive"  href="Bro021.abssumm.xml#id(Bro021.s.11)"/>
   </summlink>
   <summlink nite:id="Bro021.summlink.91">
      <nite:pointer role="extractive"  href="Bro021.D.dialogue-acts.xml#id(Bro021.D.dialogueact677)"/>
      <nite:pointer role="abstractive"  href="Bro021.abssumm.xml#id(Bro021.s.7)"/>
   </summlink>
   <summlink nite:id="Bro021.summlink.92">
      <nite:pointer role="extractive"  href="Bro021.D.dialogue-acts.xml#id(Bro021.D.dialogueact679)"/>
      <nite:pointer role="abstractive"  href="Bro021.abssumm.xml#id(Bro021.s.11)"/>
   </summlink>
   <summlink nite:id="Bro021.summlink.93">
      <nite:pointer role="extractive"  href="Bro021.D.dialogue-acts.xml#id(Bro021.D.dialogueact679)"/>
      <nite:pointer role="abstractive"  href="Bro021.abssumm.xml#id(Bro021.s.7)"/>
   </summlink>
   <summlink nite:id="Bro021.summlink.94">
      <nite:pointer role="extractive"  href="Bro021.D.dialogue-acts.xml#id(Bro021.D.dialogueact681)"/>
      <nite:pointer role="abstractive"  href="Bro021.abssumm.xml#id(Bro021.s.11)"/>
   </summlink>
   <summlink nite:id="Bro021.summlink.95">
      <nite:pointer role="extractive"  href="Bro021.D.dialogue-acts.xml#id(Bro021.D.dialogueact681)"/>
      <nite:pointer role="abstractive"  href="Bro021.abssumm.xml#id(Bro021.s.7)"/>
   </summlink>
   <summlink nite:id="Bro021.summlink.96">
      <nite:pointer role="extractive"  href="Bro021.D.dialogue-acts.xml#id(Bro021.D.dialogueact706)"/>
      <nite:pointer role="abstractive"  href="Bro021.abssumm.xml#id(Bro021.s.11)"/>
   </summlink>
   <summlink nite:id="Bro021.summlink.97">
      <nite:pointer role="extractive"  href="Bro021.D.dialogue-acts.xml#id(Bro021.D.dialogueact706)"/>
      <nite:pointer role="abstractive"  href="Bro021.abssumm.xml#id(Bro021.s.7)"/>
   </summlink>
   <summlink nite:id="Bro021.summlink.98">
      <nite:pointer role="extractive"  href="Bro021.D.dialogue-acts.xml#id(Bro021.D.dialogueact712)"/>
      <nite:pointer role="abstractive"  href="Bro021.abssumm.xml#id(Bro021.s.11)"/>
   </summlink>
   <summlink nite:id="Bro021.summlink.99">
      <nite:pointer role="extractive"  href="Bro021.D.dialogue-acts.xml#id(Bro021.D.dialogueact719)"/>
      <nite:pointer role="abstractive"  href="Bro021.abssumm.xml#id(Bro021.s.11)"/>
   </summlink>
   <summlink nite:id="Bro021.summlink.100">
      <nite:pointer role="extractive"  href="Bro021.D.dialogue-acts.xml#id(Bro021.D.dialogueact722)"/>
      <nite:pointer role="abstractive"  href="Bro021.abssumm.xml#id(Bro021.s.11)"/>
   </summlink>
   <summlink nite:id="Bro021.summlink.101">
      <nite:pointer role="extractive"  href="Bro021.D.dialogue-acts.xml#id(Bro021.D.dialogueact723)"/>
      <nite:pointer role="abstractive"  href="Bro021.abssumm.xml#id(Bro021.s.11)"/>
   </summlink>
   <summlink nite:id="Bro021.summlink.102">
      <nite:pointer role="extractive"  href="Bro021.D.dialogue-acts.xml#id(Bro021.D.dialogueact729)"/>
      <nite:pointer role="abstractive"  href="Bro021.abssumm.xml#id(Bro021.s.11)"/>
   </summlink>
   <summlink nite:id="Bro021.summlink.103">
      <nite:pointer role="extractive"  href="Bro021.D.dialogue-acts.xml#id(Bro021.D.dialogueact739)"/>
      <nite:pointer role="abstractive"  href="Bro021.abssumm.xml#id(Bro021.s.11)"/>
   </summlink>
   <summlink nite:id="Bro021.summlink.104">
      <nite:pointer role="extractive"  href="Bro021.D.dialogue-acts.xml#id(Bro021.D.dialogueact741)"/>
      <nite:pointer role="abstractive"  href="Bro021.abssumm.xml#id(Bro021.s.11)"/>
   </summlink>
   <summlink nite:id="Bro021.summlink.105">
      <nite:pointer role="extractive"  href="Bro021.F.dialogue-acts.xml#id(Bro021.F.dialogueact751)"/>
      <nite:pointer role="abstractive"  href="Bro021.abssumm.xml#id(Bro021.s.2)"/>
   </summlink>
   <summlink nite:id="Bro021.summlink.106">
      <nite:pointer role="extractive"  href="Bro021.F.dialogue-acts.xml#id(Bro021.F.dialogueact751)"/>
      <nite:pointer role="abstractive"  href="Bro021.abssumm.xml#id(Bro021.s.10)"/>
   </summlink>
   <summlink nite:id="Bro021.summlink.107">
      <nite:pointer role="extractive"  href="Bro021.E.dialogue-acts.xml#id(Bro021.E.dialogueact752)"/>
      <nite:pointer role="abstractive"  href="Bro021.abssumm.xml#id(Bro021.s.10)"/>
   </summlink>
   <summlink nite:id="Bro021.summlink.108">
      <nite:pointer role="extractive"  href="Bro021.E.dialogue-acts.xml#id(Bro021.E.dialogueact752)"/>
      <nite:pointer role="abstractive"  href="Bro021.abssumm.xml#id(Bro021.s.2)"/>
   </summlink>
   <summlink nite:id="Bro021.summlink.109">
      <nite:pointer role="extractive"  href="Bro021.E.dialogue-acts.xml#id(Bro021.E.dialogueact754)"/>
      <nite:pointer role="abstractive"  href="Bro021.abssumm.xml#id(Bro021.s.10)"/>
   </summlink>
   <summlink nite:id="Bro021.summlink.110">
      <nite:pointer role="extractive"  href="Bro021.E.dialogue-acts.xml#id(Bro021.E.dialogueact755)"/>
      <nite:pointer role="abstractive"  href="Bro021.abssumm.xml#id(Bro021.s.10)"/>
   </summlink>
   <summlink nite:id="Bro021.summlink.111">
      <nite:pointer role="extractive"  href="Bro021.E.dialogue-acts.xml#id(Bro021.E.dialogueact756)"/>
      <nite:pointer role="abstractive"  href="Bro021.abssumm.xml#id(Bro021.s.10)"/>
   </summlink>
   <summlink nite:id="Bro021.summlink.112">
      <nite:pointer role="extractive"  href="Bro021.E.dialogue-acts.xml#id(Bro021.E.dialogueact757)"/>
      <nite:pointer role="abstractive"  href="Bro021.abssumm.xml#id(Bro021.s.10)"/>
   </summlink>
   <summlink nite:id="Bro021.summlink.113">
      <nite:pointer role="extractive"  href="Bro021.E.dialogue-acts.xml#id(Bro021.E.dialogueact763)"/>
      <nite:pointer role="abstractive"  href="Bro021.abssumm.xml#id(Bro021.s.10)"/>
   </summlink>
   <summlink nite:id="Bro021.summlink.114">
      <nite:pointer role="extractive"  href="Bro021.E.dialogue-acts.xml#id(Bro021.E.dialogueact780)"/>
      <nite:pointer role="abstractive"  href="Bro021.abssumm.xml#id(Bro021.s.10)"/>
   </summlink>
   <summlink nite:id="Bro021.summlink.115">
      <nite:pointer role="extractive"  href="Bro021.E.dialogue-acts.xml#id(Bro021.E.dialogueact781)"/>
      <nite:pointer role="abstractive"  href="Bro021.abssumm.xml#id(Bro021.s.10)"/>
   </summlink>
   <summlink nite:id="Bro021.summlink.116">
      <nite:pointer role="extractive"  href="Bro021.E.dialogue-acts.xml#id(Bro021.E.dialogueact782)"/>
      <nite:pointer role="abstractive"  href="Bro021.abssumm.xml#id(Bro021.s.10)"/>
   </summlink>
   <summlink nite:id="Bro021.summlink.117">
      <nite:pointer role="extractive"  href="Bro021.B.dialogue-acts.xml#id(Bro021.B.dialogueact785)"/>
      <nite:pointer role="abstractive"  href="Bro021.abssumm.xml#id(Bro021.s.10)"/>
   </summlink>
</nite:root>