<?xml version="1.0" encoding="ISO-8859-1" standalone="yes"?>
<nite:root nite:id="Bro014.extsumm" xmlns:nite="http://nite.sourceforge.net/">
   <extsumm nite:id="Bro014.extsumm.1">
      <nite:child href="Bro014.C.dialogue-acts.xml#id(Bro014.C.dialogueact35)"/>
      <nite:child href="Bro014.C.dialogue-acts.xml#id(Bro014.C.dialogueact41)"/>
      <nite:child href="Bro014.C.dialogue-acts.xml#id(Bro014.C.dialogueact43)"/>
      <nite:child href="Bro014.C.dialogue-acts.xml#id(Bro014.C.dialogueact47)"/>
      <nite:child href="Bro014.C.dialogue-acts.xml#id(Bro014.C.dialogueact59)..id(Bro014.C.dialogueact60)"/>
      <nite:child href="Bro014.C.dialogue-acts.xml#id(Bro014.C.dialogueact80)"/>
      <nite:child href="Bro014.C.dialogue-acts.xml#id(Bro014.C.dialogueact83)..id(Bro014.C.dialogueact85)"/>
      <nite:child href="Bro014.C.dialogue-acts.xml#id(Bro014.C.dialogueact88)..id(Bro014.C.dialogueact91)"/>
      <nite:child href="Bro014.C.dialogue-acts.xml#id(Bro014.C.dialogueact98)..id(Bro014.C.dialogueact100)"/>
      <nite:child href="Bro014.B.dialogue-acts.xml#id(Bro014.B.dialogueact99)"/>
      <nite:child href="Bro014.C.dialogue-acts.xml#id(Bro014.C.dialogueact104)"/>
      <nite:child href="Bro014.C.dialogue-acts.xml#id(Bro014.C.dialogueact129)"/>
      <nite:child href="Bro014.C.dialogue-acts.xml#id(Bro014.C.dialogueact133)..id(Bro014.C.dialogueact138)"/>
      <nite:child href="Bro014.C.dialogue-acts.xml#id(Bro014.C.dialogueact144)..id(Bro014.C.dialogueact145)"/>
      <nite:child href="Bro014.C.dialogue-acts.xml#id(Bro014.C.dialogueact149)"/>
      <nite:child href="Bro014.C.dialogue-acts.xml#id(Bro014.C.dialogueact151)"/>
      <nite:child href="Bro014.C.dialogue-acts.xml#id(Bro014.C.dialogueact154)"/>
      <nite:child href="Bro014.C.dialogue-acts.xml#id(Bro014.C.dialogueact162)..id(Bro014.C.dialogueact163)"/>
      <nite:child href="Bro014.B.dialogue-acts.xml#id(Bro014.B.dialogueact166)"/>
      <nite:child href="Bro014.A.dialogue-acts.xml#id(Bro014.A.dialogueact211)"/>
      <nite:child href="Bro014.A.dialogue-acts.xml#id(Bro014.A.dialogueact213)..id(Bro014.A.dialogueact214)"/>
      <nite:child href="Bro014.B.dialogue-acts.xml#id(Bro014.B.dialogueact222)"/>
      <nite:child href="Bro014.A.dialogue-acts.xml#id(Bro014.A.dialogueact225)"/>
      <nite:child href="Bro014.A.dialogue-acts.xml#id(Bro014.A.dialogueact234)"/>
      <nite:child href="Bro014.A.dialogue-acts.xml#id(Bro014.A.dialogueact236)"/>
      <nite:child href="Bro014.A.dialogue-acts.xml#id(Bro014.A.dialogueact239)"/>
      <nite:child href="Bro014.A.dialogue-acts.xml#id(Bro014.A.dialogueact241)"/>
      <nite:child href="Bro014.A.dialogue-acts.xml#id(Bro014.A.dialogueact256)"/>
      <nite:child href="Bro014.B.dialogue-acts.xml#id(Bro014.B.dialogueact263)"/>
      <nite:child href="Bro014.B.dialogue-acts.xml#id(Bro014.B.dialogueact283)..id(Bro014.B.dialogueact286)"/>
      <nite:child href="Bro014.B.dialogue-acts.xml#id(Bro014.B.dialogueact307)"/>
      <nite:child href="Bro014.B.dialogue-acts.xml#id(Bro014.B.dialogueact310)"/>
      <nite:child href="Bro014.B.dialogue-acts.xml#id(Bro014.B.dialogueact313)"/>
      <nite:child href="Bro014.B.dialogue-acts.xml#id(Bro014.B.dialogueact315)"/>
      <nite:child href="Bro014.B.dialogue-acts.xml#id(Bro014.B.dialogueact323)..id(Bro014.B.dialogueact324)"/>
      <nite:child href="Bro014.A.dialogue-acts.xml#id(Bro014.A.dialogueact332)..id(Bro014.A.dialogueact333)"/>
      <nite:child href="Bro014.A.dialogue-acts.xml#id(Bro014.A.dialogueact337)..id(Bro014.A.dialogueact338)"/>
      <nite:child href="Bro014.C.dialogue-acts.xml#id(Bro014.C.dialogueact340)"/>
      <nite:child href="Bro014.B.dialogue-acts.xml#id(Bro014.B.dialogueact366)"/>
      <nite:child href="Bro014.B.dialogue-acts.xml#id(Bro014.B.dialogueact401)"/>
      <nite:child href="Bro014.B.dialogue-acts.xml#id(Bro014.B.dialogueact413)"/>
      <nite:child href="Bro014.B.dialogue-acts.xml#id(Bro014.B.dialogueact500)..id(Bro014.B.dialogueact501)"/>
      <nite:child href="Bro014.A.dialogue-acts.xml#id(Bro014.A.dialogueact510)..id(Bro014.A.dialogueact511)"/>
      <nite:child href="Bro014.A.dialogue-acts.xml#id(Bro014.A.dialogueact514)..id(Bro014.A.dialogueact515)"/>
      <nite:child href="Bro014.B.dialogue-acts.xml#id(Bro014.B.dialogueact530)"/>
      <nite:child href="Bro014.A.dialogue-acts.xml#id(Bro014.A.dialogueact532)"/>
      <nite:child href="Bro014.A.dialogue-acts.xml#id(Bro014.A.dialogueact676)..id(Bro014.A.dialogueact677)"/>
      <nite:child href="Bro014.A.dialogue-acts.xml#id(Bro014.A.dialogueact675)"/>
      <nite:child href="Bro014.A.dialogue-acts.xml#id(Bro014.A.dialogueact678)..id(Bro014.A.dialogueact682)"/>
      <nite:child href="Bro014.A.dialogue-acts.xml#id(Bro014.A.dialogueact696)..id(Bro014.A.dialogueact699)"/>
      <nite:child href="Bro014.B.dialogue-acts.xml#id(Bro014.B.dialogueact702)"/>
      <nite:child href="Bro014.A.dialogue-acts.xml#id(Bro014.A.dialogueact705)"/>
      <nite:child href="Bro014.A.dialogue-acts.xml#id(Bro014.A.dialogueact708)"/>
      <nite:child href="Bro014.A.dialogue-acts.xml#id(Bro014.A.dialogueact712)..id(Bro014.A.dialogueact713)"/>
      <nite:child href="Bro014.B.dialogue-acts.xml#id(Bro014.B.dialogueact726)..id(Bro014.B.dialogueact727)"/>
      <nite:child href="Bro014.A.dialogue-acts.xml#id(Bro014.A.dialogueact745)"/>
      <nite:child href="Bro014.A.dialogue-acts.xml#id(Bro014.A.dialogueact806)"/>
      <nite:child href="Bro014.B.dialogue-acts.xml#id(Bro014.B.dialogueact802)"/>
      <nite:child href="Bro014.A.dialogue-acts.xml#id(Bro014.A.dialogueact811)"/>
      <nite:child href="Bro014.C.dialogue-acts.xml#id(Bro014.C.dialogueact815)"/>
      <nite:child href="Bro014.A.dialogue-acts.xml#id(Bro014.A.dialogueact817)"/>
      <nite:child href="Bro014.A.dialogue-acts.xml#id(Bro014.A.dialogueact820)"/>
      <nite:child href="Bro014.B.dialogue-acts.xml#id(Bro014.B.dialogueact831)"/>
      <nite:child href="Bro014.B.dialogue-acts.xml#id(Bro014.B.dialogueact842)..id(Bro014.B.dialogueact843)"/>
      <nite:child href="Bro014.A.dialogue-acts.xml#id(Bro014.A.dialogueact845)"/>
      <nite:child href="Bro014.A.dialogue-acts.xml#id(Bro014.A.dialogueact891)"/>
      <nite:child href="Bro014.A.dialogue-acts.xml#id(Bro014.A.dialogueact895)"/>
      <nite:child href="Bro014.A.dialogue-acts.xml#id(Bro014.A.dialogueact897)..id(Bro014.A.dialogueact898)"/>
      <nite:child href="Bro014.C.dialogue-acts.xml#id(Bro014.C.dialogueact914)"/>
      <nite:child href="Bro014.B.dialogue-acts.xml#id(Bro014.B.dialogueact929)..id(Bro014.B.dialogueact930)"/>
      <nite:child href="Bro014.B.dialogue-acts.xml#id(Bro014.B.dialogueact932)"/>
      <nite:child href="Bro014.B.dialogue-acts.xml#id(Bro014.B.dialogueact937)"/>
      <nite:child href="Bro014.B.dialogue-acts.xml#id(Bro014.B.dialogueact934)"/>
      <nite:child href="Bro014.B.dialogue-acts.xml#id(Bro014.B.dialogueact962)..id(Bro014.B.dialogueact967)"/>
      <nite:child href="Bro014.B.dialogue-acts.xml#id(Bro014.B.dialogueact976)"/>
      <nite:child href="Bro014.B.dialogue-acts.xml#id(Bro014.B.dialogueact1253)..id(Bro014.B.dialogueact1255)"/>
      <nite:child href="Bro014.B.dialogue-acts.xml#id(Bro014.B.dialogueact1258)..id(Bro014.B.dialogueact1261)"/>
      <nite:child href="Bro014.B.dialogue-acts.xml#id(Bro014.B.dialogueact1263)..id(Bro014.B.dialogueact1264)"/>
      <nite:child href="Bro014.B.dialogue-acts.xml#id(Bro014.B.dialogueact1285)..id(Bro014.B.dialogueact1286)"/>
      <nite:child href="Bro014.C.dialogue-acts.xml#id(Bro014.C.dialogueact1316)..id(Bro014.C.dialogueact1317)"/>
      <nite:child href="Bro014.A.dialogue-acts.xml#id(Bro014.A.dialogueact1318)..id(Bro014.A.dialogueact1319)"/>
      <nite:child href="Bro014.A.dialogue-acts.xml#id(Bro014.A.dialogueact1329)"/>
      <nite:child href="Bro014.C.dialogue-acts.xml#id(Bro014.C.dialogueact1331)"/>
      <nite:child href="Bro014.A.dialogue-acts.xml#id(Bro014.A.dialogueact1440)"/>
      <nite:child href="Bro014.B.dialogue-acts.xml#id(Bro014.B.dialogueact1444)"/>
      <nite:child href="Bro014.A.dialogue-acts.xml#id(Bro014.A.dialogueact1447)..id(Bro014.A.dialogueact1448)"/>
      <nite:child href="Bro014.A.dialogue-acts.xml#id(Bro014.A.dialogueact1451)"/>
      <nite:child href="Bro014.A.dialogue-acts.xml#id(Bro014.A.dialogueact1453)"/>
      <nite:child href="Bro014.B.dialogue-acts.xml#id(Bro014.B.dialogueact1468)"/>
      <nite:child href="Bro014.B.dialogue-acts.xml#id(Bro014.B.dialogueact1471)..id(Bro014.B.dialogueact1472)"/>
      <nite:child href="Bro014.B.dialogue-acts.xml#id(Bro014.B.dialogueact1474)"/>
      <nite:child href="Bro014.F.dialogue-acts.xml#id(Bro014.F.dialogueact1480)"/>
      <nite:child href="Bro014.F.dialogue-acts.xml#id(Bro014.F.dialogueact1483)"/>
      <nite:child href="Bro014.D.dialogue-acts.xml#id(Bro014.D.dialogueact1501)..id(Bro014.D.dialogueact1503)"/>
      <nite:child href="Bro014.D.dialogue-acts.xml#id(Bro014.D.dialogueact1506)..id(Bro014.D.dialogueact1511)"/>
      <nite:child href="Bro014.B.dialogue-acts.xml#id(Bro014.B.dialogueact1554)"/>
      <nite:child href="Bro014.E.dialogue-acts.xml#id(Bro014.E.dialogueact1556)..id(Bro014.E.dialogueact1557)"/>
      <nite:child href="Bro014.E.dialogue-acts.xml#id(Bro014.E.dialogueact1559)"/>
      <nite:child href="Bro014.E.dialogue-acts.xml#id(Bro014.E.dialogueact1561)"/>
      <nite:child href="Bro014.E.dialogue-acts.xml#id(Bro014.E.dialogueact1563)..id(Bro014.E.dialogueact1567)"/>
      <nite:child href="Bro014.E.dialogue-acts.xml#id(Bro014.E.dialogueact1583)"/>
   </extsumm>
</nite:root>