<?xml version="1.0" encoding="ISO-8859-1" standalone="yes"?>
<nite:root nite:id="Bro004.summlink" xmlns:nite="http://nite.sourceforge.net/">
   <summlink nite:id="Bro004.summlink.1">
      <nite:pointer role="extractive"  href="Bro004.B.dialogue-acts.xml#id(Bro004.B.dialogueact57)"/>
      <nite:pointer role="abstractive"  href="Bro004.abssumm.xml#id(Bro004.s.1)"/>
   </summlink>
   <summlink nite:id="Bro004.summlink.2">
      <nite:pointer role="extractive"  href="Bro004.D.dialogue-acts.xml#id(Bro004.D.dialogueact58)"/>
      <nite:pointer role="abstractive"  href="Bro004.abssumm.xml#id(Bro004.s.1)"/>
   </summlink>
   <summlink nite:id="Bro004.summlink.3">
      <nite:pointer role="extractive"  href="Bro004.D.dialogue-acts.xml#id(Bro004.D.dialogueact58)"/>
      <nite:pointer role="abstractive"  href="Bro004.abssumm.xml#id(Bro004.s.20)"/>
   </summlink>
   <summlink nite:id="Bro004.summlink.4">
      <nite:pointer role="extractive"  href="Bro004.D.dialogue-acts.xml#id(Bro004.D.dialogueact60)"/>
      <nite:pointer role="abstractive"  href="Bro004.abssumm.xml#id(Bro004.s.1)"/>
   </summlink>
   <summlink nite:id="Bro004.summlink.5">
      <nite:pointer role="extractive"  href="Bro004.D.dialogue-acts.xml#id(Bro004.D.dialogueact60)"/>
      <nite:pointer role="abstractive"  href="Bro004.abssumm.xml#id(Bro004.s.20)"/>
   </summlink>
   <summlink nite:id="Bro004.summlink.6">
      <nite:pointer role="extractive"  href="Bro004.D.dialogue-acts.xml#id(Bro004.D.dialogueact60)"/>
      <nite:pointer role="abstractive"  href="Bro004.abssumm.xml#id(Bro004.s.21)"/>
   </summlink>
   <summlink nite:id="Bro004.summlink.7">
      <nite:pointer role="extractive"  href="Bro004.D.dialogue-acts.xml#id(Bro004.D.dialogueact62)"/>
      <nite:pointer role="abstractive"  href="Bro004.abssumm.xml#id(Bro004.s.1)"/>
   </summlink>
   <summlink nite:id="Bro004.summlink.8">
      <nite:pointer role="extractive"  href="Bro004.D.dialogue-acts.xml#id(Bro004.D.dialogueact62)"/>
      <nite:pointer role="abstractive"  href="Bro004.abssumm.xml#id(Bro004.s.20)"/>
   </summlink>
   <summlink nite:id="Bro004.summlink.9">
      <nite:pointer role="extractive"  href="Bro004.D.dialogue-acts.xml#id(Bro004.D.dialogueact62)"/>
      <nite:pointer role="abstractive"  href="Bro004.abssumm.xml#id(Bro004.s.21)"/>
   </summlink>
   <summlink nite:id="Bro004.summlink.10">
      <nite:pointer role="extractive"  href="Bro004.D.dialogue-acts.xml#id(Bro004.D.dialogueact63)"/>
      <nite:pointer role="abstractive"  href="Bro004.abssumm.xml#id(Bro004.s.1)"/>
   </summlink>
   <summlink nite:id="Bro004.summlink.11">
      <nite:pointer role="extractive"  href="Bro004.D.dialogue-acts.xml#id(Bro004.D.dialogueact63)"/>
      <nite:pointer role="abstractive"  href="Bro004.abssumm.xml#id(Bro004.s.20)"/>
   </summlink>
   <summlink nite:id="Bro004.summlink.12">
      <nite:pointer role="extractive"  href="Bro004.D.dialogue-acts.xml#id(Bro004.D.dialogueact63)"/>
      <nite:pointer role="abstractive"  href="Bro004.abssumm.xml#id(Bro004.s.21)"/>
   </summlink>
   <summlink nite:id="Bro004.summlink.13">
      <nite:pointer role="extractive"  href="Bro004.D.dialogue-acts.xml#id(Bro004.D.dialogueact64)"/>
      <nite:pointer role="abstractive"  href="Bro004.abssumm.xml#id(Bro004.s.1)"/>
   </summlink>
   <summlink nite:id="Bro004.summlink.14">
      <nite:pointer role="extractive"  href="Bro004.D.dialogue-acts.xml#id(Bro004.D.dialogueact64)"/>
      <nite:pointer role="abstractive"  href="Bro004.abssumm.xml#id(Bro004.s.20)"/>
   </summlink>
   <summlink nite:id="Bro004.summlink.15">
      <nite:pointer role="extractive"  href="Bro004.D.dialogue-acts.xml#id(Bro004.D.dialogueact64)"/>
      <nite:pointer role="abstractive"  href="Bro004.abssumm.xml#id(Bro004.s.21)"/>
   </summlink>
   <summlink nite:id="Bro004.summlink.16">
      <nite:pointer role="extractive"  href="Bro004.D.dialogue-acts.xml#id(Bro004.D.dialogueact65)"/>
      <nite:pointer role="abstractive"  href="Bro004.abssumm.xml#id(Bro004.s.21)"/>
   </summlink>
   <summlink nite:id="Bro004.summlink.17">
      <nite:pointer role="extractive"  href="Bro004.D.dialogue-acts.xml#id(Bro004.D.dialogueact65)"/>
      <nite:pointer role="abstractive"  href="Bro004.abssumm.xml#id(Bro004.s.20)"/>
   </summlink>
   <summlink nite:id="Bro004.summlink.18">
      <nite:pointer role="extractive"  href="Bro004.D.dialogue-acts.xml#id(Bro004.D.dialogueact65)"/>
      <nite:pointer role="abstractive"  href="Bro004.abssumm.xml#id(Bro004.s.1)"/>
   </summlink>
   <summlink nite:id="Bro004.summlink.20">
      <nite:pointer role="extractive"  href="Bro004.D.dialogue-acts.xml#id(Bro004.D.dialogueact67)"/>
      <nite:pointer role="abstractive"  href="Bro004.abssumm.xml#id(Bro004.s.20)"/>
   </summlink>
   <summlink nite:id="Bro004.summlink.21">
      <nite:pointer role="extractive"  href="Bro004.D.dialogue-acts.xml#id(Bro004.D.dialogueact67)"/>
      <nite:pointer role="abstractive"  href="Bro004.abssumm.xml#id(Bro004.s.1)"/>
   </summlink>
   <summlink nite:id="Bro004.summlink.22">
      <nite:pointer role="extractive"  href="Bro004.D.dialogue-acts.xml#id(Bro004.D.dialogueact101)"/>
      <nite:pointer role="abstractive"  href="Bro004.abssumm.xml#id(Bro004.s.3)"/>
   </summlink>
   <summlink nite:id="Bro004.summlink.23">
      <nite:pointer role="extractive"  href="Bro004.D.dialogue-acts.xml#id(Bro004.D.dialogueact104)"/>
      <nite:pointer role="abstractive"  href="Bro004.abssumm.xml#id(Bro004.s.3)"/>
   </summlink>
   <summlink nite:id="Bro004.summlink.24">
      <nite:pointer role="extractive"  href="Bro004.D.dialogue-acts.xml#id(Bro004.D.dialogueact127)"/>
      <nite:pointer role="abstractive"  href="Bro004.abssumm.xml#id(Bro004.s.2)"/>
   </summlink>
   <summlink nite:id="Bro004.summlink.25">
      <nite:pointer role="extractive"  href="Bro004.D.dialogue-acts.xml#id(Bro004.D.dialogueact127)"/>
      <nite:pointer role="abstractive"  href="Bro004.abssumm.xml#id(Bro004.s.20)"/>
   </summlink>
   <summlink nite:id="Bro004.summlink.26">
      <nite:pointer role="extractive"  href="Bro004.D.dialogue-acts.xml#id(Bro004.D.dialogueact130)"/>
      <nite:pointer role="abstractive"  href="Bro004.abssumm.xml#id(Bro004.s.2)"/>
   </summlink>
   <summlink nite:id="Bro004.summlink.27">
      <nite:pointer role="extractive"  href="Bro004.D.dialogue-acts.xml#id(Bro004.D.dialogueact130)"/>
      <nite:pointer role="abstractive"  href="Bro004.abssumm.xml#id(Bro004.s.20)"/>
   </summlink>
   <summlink nite:id="Bro004.summlink.28">
      <nite:pointer role="extractive"  href="Bro004.D.dialogue-acts.xml#id(Bro004.D.dialogueact131)"/>
      <nite:pointer role="abstractive"  href="Bro004.abssumm.xml#id(Bro004.s.2)"/>
   </summlink>
   <summlink nite:id="Bro004.summlink.29">
      <nite:pointer role="extractive"  href="Bro004.D.dialogue-acts.xml#id(Bro004.D.dialogueact131)"/>
      <nite:pointer role="abstractive"  href="Bro004.abssumm.xml#id(Bro004.s.20)"/>
   </summlink>
   <summlink nite:id="Bro004.summlink.30">
      <nite:pointer role="extractive"  href="Bro004.D.dialogue-acts.xml#id(Bro004.D.dialogueact133)"/>
      <nite:pointer role="abstractive"  href="Bro004.abssumm.xml#id(Bro004.s.20)"/>
   </summlink>
   <summlink nite:id="Bro004.summlink.31">
      <nite:pointer role="extractive"  href="Bro004.D.dialogue-acts.xml#id(Bro004.D.dialogueact133)"/>
      <nite:pointer role="abstractive"  href="Bro004.abssumm.xml#id(Bro004.s.2)"/>
   </summlink>
   <summlink nite:id="Bro004.summlink.32">
      <nite:pointer role="extractive"  href="Bro004.D.dialogue-acts.xml#id(Bro004.D.dialogueact134)"/>
      <nite:pointer role="abstractive"  href="Bro004.abssumm.xml#id(Bro004.s.2)"/>
   </summlink>
   <summlink nite:id="Bro004.summlink.33">
      <nite:pointer role="extractive"  href="Bro004.D.dialogue-acts.xml#id(Bro004.D.dialogueact134)"/>
      <nite:pointer role="abstractive"  href="Bro004.abssumm.xml#id(Bro004.s.20)"/>
   </summlink>
   <summlink nite:id="Bro004.summlink.34">
      <nite:pointer role="extractive"  href="Bro004.D.dialogue-acts.xml#id(Bro004.D.dialogueact127)"/>
      <nite:pointer role="abstractive"  href="Bro004.abssumm.xml#id(Bro004.s.21)"/>
   </summlink>
   <summlink nite:id="Bro004.summlink.35">
      <nite:pointer role="extractive"  href="Bro004.D.dialogue-acts.xml#id(Bro004.D.dialogueact130)"/>
      <nite:pointer role="abstractive"  href="Bro004.abssumm.xml#id(Bro004.s.21)"/>
   </summlink>
   <summlink nite:id="Bro004.summlink.36">
      <nite:pointer role="extractive"  href="Bro004.D.dialogue-acts.xml#id(Bro004.D.dialogueact131)"/>
      <nite:pointer role="abstractive"  href="Bro004.abssumm.xml#id(Bro004.s.21)"/>
   </summlink>
   <summlink nite:id="Bro004.summlink.37">
      <nite:pointer role="extractive"  href="Bro004.D.dialogue-acts.xml#id(Bro004.D.dialogueact133)"/>
      <nite:pointer role="abstractive"  href="Bro004.abssumm.xml#id(Bro004.s.21)"/>
   </summlink>
   <summlink nite:id="Bro004.summlink.38">
      <nite:pointer role="extractive"  href="Bro004.D.dialogue-acts.xml#id(Bro004.D.dialogueact134)"/>
      <nite:pointer role="abstractive"  href="Bro004.abssumm.xml#id(Bro004.s.21)"/>
   </summlink>
   <summlink nite:id="Bro004.summlink.39">
      <nite:pointer role="extractive"  href="Bro004.B.dialogue-acts.xml#id(Bro004.B.dialogueact138)"/>
      <nite:pointer role="abstractive"  href="Bro004.abssumm.xml#id(Bro004.s.2)"/>
   </summlink>
   <summlink nite:id="Bro004.summlink.40">
      <nite:pointer role="extractive"  href="Bro004.B.dialogue-acts.xml#id(Bro004.B.dialogueact138)"/>
      <nite:pointer role="abstractive"  href="Bro004.abssumm.xml#id(Bro004.s.20)"/>
   </summlink>
   <summlink nite:id="Bro004.summlink.41">
      <nite:pointer role="extractive"  href="Bro004.B.dialogue-acts.xml#id(Bro004.B.dialogueact140)"/>
      <nite:pointer role="abstractive"  href="Bro004.abssumm.xml#id(Bro004.s.2)"/>
   </summlink>
   <summlink nite:id="Bro004.summlink.42">
      <nite:pointer role="extractive"  href="Bro004.B.dialogue-acts.xml#id(Bro004.B.dialogueact140)"/>
      <nite:pointer role="abstractive"  href="Bro004.abssumm.xml#id(Bro004.s.20)"/>
   </summlink>
   <summlink nite:id="Bro004.summlink.43">
      <nite:pointer role="extractive"  href="Bro004.B.dialogue-acts.xml#id(Bro004.B.dialogueact140)"/>
      <nite:pointer role="abstractive"  href="Bro004.abssumm.xml#id(Bro004.s.21)"/>
   </summlink>
   <summlink nite:id="Bro004.summlink.44">
      <nite:pointer role="extractive"  href="Bro004.B.dialogue-acts.xml#id(Bro004.B.dialogueact138)"/>
      <nite:pointer role="abstractive"  href="Bro004.abssumm.xml#id(Bro004.s.21)"/>
   </summlink>
   <summlink nite:id="Bro004.summlink.45">
      <nite:pointer role="extractive"  href="Bro004.D.dialogue-acts.xml#id(Bro004.D.dialogueact141)"/>
      <nite:pointer role="abstractive"  href="Bro004.abssumm.xml#id(Bro004.s.21)"/>
   </summlink>
   <summlink nite:id="Bro004.summlink.46">
      <nite:pointer role="extractive"  href="Bro004.D.dialogue-acts.xml#id(Bro004.D.dialogueact141)"/>
      <nite:pointer role="abstractive"  href="Bro004.abssumm.xml#id(Bro004.s.20)"/>
   </summlink>
   <summlink nite:id="Bro004.summlink.47">
      <nite:pointer role="extractive"  href="Bro004.D.dialogue-acts.xml#id(Bro004.D.dialogueact141)"/>
      <nite:pointer role="abstractive"  href="Bro004.abssumm.xml#id(Bro004.s.2)"/>
   </summlink>
   <summlink nite:id="Bro004.summlink.48">
      <nite:pointer role="extractive"  href="Bro004.A.dialogue-acts.xml#id(Bro004.A.dialogueact147)"/>
      <nite:pointer role="abstractive"  href="Bro004.abssumm.xml#id(Bro004.s.2)"/>
   </summlink>
   <summlink nite:id="Bro004.summlink.49">
      <nite:pointer role="extractive"  href="Bro004.A.dialogue-acts.xml#id(Bro004.A.dialogueact147)"/>
      <nite:pointer role="abstractive"  href="Bro004.abssumm.xml#id(Bro004.s.20)"/>
   </summlink>
   <summlink nite:id="Bro004.summlink.50">
      <nite:pointer role="extractive"  href="Bro004.A.dialogue-acts.xml#id(Bro004.A.dialogueact147)"/>
      <nite:pointer role="abstractive"  href="Bro004.abssumm.xml#id(Bro004.s.21)"/>
   </summlink>
   <summlink nite:id="Bro004.summlink.51">
      <nite:pointer role="extractive"  href="Bro004.D.dialogue-acts.xml#id(Bro004.D.dialogueact150)"/>
      <nite:pointer role="abstractive"  href="Bro004.abssumm.xml#id(Bro004.s.21)"/>
   </summlink>
   <summlink nite:id="Bro004.summlink.52">
      <nite:pointer role="extractive"  href="Bro004.D.dialogue-acts.xml#id(Bro004.D.dialogueact150)"/>
      <nite:pointer role="abstractive"  href="Bro004.abssumm.xml#id(Bro004.s.20)"/>
   </summlink>
   <summlink nite:id="Bro004.summlink.53">
      <nite:pointer role="extractive"  href="Bro004.D.dialogue-acts.xml#id(Bro004.D.dialogueact150)"/>
      <nite:pointer role="abstractive"  href="Bro004.abssumm.xml#id(Bro004.s.2)"/>
   </summlink>
   <summlink nite:id="Bro004.summlink.54">
      <nite:pointer role="extractive"  href="Bro004.D.dialogue-acts.xml#id(Bro004.D.dialogueact157)"/>
      <nite:pointer role="abstractive"  href="Bro004.abssumm.xml#id(Bro004.s.22)"/>
   </summlink>
   <summlink nite:id="Bro004.summlink.55">
      <nite:pointer role="extractive"  href="Bro004.D.dialogue-acts.xml#id(Bro004.D.dialogueact158)"/>
      <nite:pointer role="abstractive"  href="Bro004.abssumm.xml#id(Bro004.s.22)"/>
   </summlink>
   <summlink nite:id="Bro004.summlink.56">
      <nite:pointer role="extractive"  href="Bro004.D.dialogue-acts.xml#id(Bro004.D.dialogueact162)"/>
      <nite:pointer role="abstractive"  href="Bro004.abssumm.xml#id(Bro004.s.22)"/>
   </summlink>
   <summlink nite:id="Bro004.summlink.57">
      <nite:pointer role="extractive"  href="Bro004.D.dialogue-acts.xml#id(Bro004.D.dialogueact162)"/>
      <nite:pointer role="abstractive"  href="Bro004.abssumm.xml#id(Bro004.s.3)"/>
   </summlink>
   <summlink nite:id="Bro004.summlink.58">
      <nite:pointer role="extractive"  href="Bro004.D.dialogue-acts.xml#id(Bro004.D.dialogueact158)"/>
      <nite:pointer role="abstractive"  href="Bro004.abssumm.xml#id(Bro004.s.3)"/>
   </summlink>
   <summlink nite:id="Bro004.summlink.59">
      <nite:pointer role="extractive"  href="Bro004.D.dialogue-acts.xml#id(Bro004.D.dialogueact157)"/>
      <nite:pointer role="abstractive"  href="Bro004.abssumm.xml#id(Bro004.s.3)"/>
   </summlink>
   <summlink nite:id="Bro004.summlink.60">
      <nite:pointer role="extractive"  href="Bro004.D.dialogue-acts.xml#id(Bro004.D.dialogueact168)"/>
      <nite:pointer role="abstractive"  href="Bro004.abssumm.xml#id(Bro004.s.3)"/>
   </summlink>
   <summlink nite:id="Bro004.summlink.61">
      <nite:pointer role="extractive"  href="Bro004.D.dialogue-acts.xml#id(Bro004.D.dialogueact168)"/>
      <nite:pointer role="abstractive"  href="Bro004.abssumm.xml#id(Bro004.s.22)"/>
   </summlink>
   <summlink nite:id="Bro004.summlink.62">
      <nite:pointer role="extractive"  href="Bro004.D.dialogue-acts.xml#id(Bro004.D.dialogueact331)"/>
      <nite:pointer role="abstractive"  href="Bro004.abssumm.xml#id(Bro004.s.23)"/>
   </summlink>
   <summlink nite:id="Bro004.summlink.63">
      <nite:pointer role="extractive"  href="Bro004.D.dialogue-acts.xml#id(Bro004.D.dialogueact335)"/>
      <nite:pointer role="abstractive"  href="Bro004.abssumm.xml#id(Bro004.s.23)"/>
   </summlink>
   <summlink nite:id="Bro004.summlink.64">
      <nite:pointer role="extractive"  href="Bro004.D.dialogue-acts.xml#id(Bro004.D.dialogueact336)"/>
      <nite:pointer role="abstractive"  href="Bro004.abssumm.xml#id(Bro004.s.23)"/>
   </summlink>
   <summlink nite:id="Bro004.summlink.65">
      <nite:pointer role="extractive"  href="Bro004.D.dialogue-acts.xml#id(Bro004.D.dialogueact337)"/>
      <nite:pointer role="abstractive"  href="Bro004.abssumm.xml#id(Bro004.s.23)"/>
   </summlink>
   <summlink nite:id="Bro004.summlink.66">
      <nite:pointer role="extractive"  href="Bro004.D.dialogue-acts.xml#id(Bro004.D.dialogueact339)"/>
      <nite:pointer role="abstractive"  href="Bro004.abssumm.xml#id(Bro004.s.23)"/>
   </summlink>
   <summlink nite:id="Bro004.summlink.67">
      <nite:pointer role="extractive"  href="Bro004.D.dialogue-acts.xml#id(Bro004.D.dialogueact340)"/>
      <nite:pointer role="abstractive"  href="Bro004.abssumm.xml#id(Bro004.s.23)"/>
   </summlink>
   <summlink nite:id="Bro004.summlink.68">
      <nite:pointer role="extractive"  href="Bro004.D.dialogue-acts.xml#id(Bro004.D.dialogueact565)"/>
      <nite:pointer role="abstractive"  href="Bro004.abssumm.xml#id(Bro004.s.18)"/>
   </summlink>
   <summlink nite:id="Bro004.summlink.69">
      <nite:pointer role="extractive"  href="Bro004.D.dialogue-acts.xml#id(Bro004.D.dialogueact567)"/>
      <nite:pointer role="abstractive"  href="Bro004.abssumm.xml#id(Bro004.s.18)"/>
   </summlink>
   <summlink nite:id="Bro004.summlink.70">
      <nite:pointer role="extractive"  href="Bro004.D.dialogue-acts.xml#id(Bro004.D.dialogueact568)"/>
      <nite:pointer role="abstractive"  href="Bro004.abssumm.xml#id(Bro004.s.18)"/>
   </summlink>
   <summlink nite:id="Bro004.summlink.71">
      <nite:pointer role="extractive"  href="Bro004.D.dialogue-acts.xml#id(Bro004.D.dialogueact577)"/>
      <nite:pointer role="abstractive"  href="Bro004.abssumm.xml#id(Bro004.s.16)"/>
   </summlink>
   <summlink nite:id="Bro004.summlink.72">
      <nite:pointer role="extractive"  href="Bro004.D.dialogue-acts.xml#id(Bro004.D.dialogueact578)"/>
      <nite:pointer role="abstractive"  href="Bro004.abssumm.xml#id(Bro004.s.16)"/>
   </summlink>
   <summlink nite:id="Bro004.summlink.73">
      <nite:pointer role="extractive"  href="Bro004.D.dialogue-acts.xml#id(Bro004.D.dialogueact580)"/>
      <nite:pointer role="abstractive"  href="Bro004.abssumm.xml#id(Bro004.s.16)"/>
   </summlink>
   <summlink nite:id="Bro004.summlink.74">
      <nite:pointer role="extractive"  href="Bro004.D.dialogue-acts.xml#id(Bro004.D.dialogueact585)"/>
      <nite:pointer role="abstractive"  href="Bro004.abssumm.xml#id(Bro004.s.16)"/>
   </summlink>
   <summlink nite:id="Bro004.summlink.75">
      <nite:pointer role="extractive"  href="Bro004.B.dialogue-acts.xml#id(Bro004.B.dialogueact535)"/>
      <nite:pointer role="abstractive"  href="Bro004.abssumm.xml#id(Bro004.s.16)"/>
   </summlink>
   <summlink nite:id="Bro004.summlink.76">
      <nite:pointer role="extractive"  href="Bro004.B.dialogue-acts.xml#id(Bro004.B.dialogueact538)"/>
      <nite:pointer role="abstractive"  href="Bro004.abssumm.xml#id(Bro004.s.16)"/>
   </summlink>
   <summlink nite:id="Bro004.summlink.77">
      <nite:pointer role="extractive"  href="Bro004.B.dialogue-acts.xml#id(Bro004.B.dialogueact542)"/>
      <nite:pointer role="abstractive"  href="Bro004.abssumm.xml#id(Bro004.s.16)"/>
   </summlink>
   <summlink nite:id="Bro004.summlink.78">
      <nite:pointer role="extractive"  href="Bro004.D.dialogue-acts.xml#id(Bro004.D.dialogueact543)"/>
      <nite:pointer role="abstractive"  href="Bro004.abssumm.xml#id(Bro004.s.16)"/>
   </summlink>
   <summlink nite:id="Bro004.summlink.79">
      <nite:pointer role="extractive"  href="Bro004.D.dialogue-acts.xml#id(Bro004.D.dialogueact546)"/>
      <nite:pointer role="abstractive"  href="Bro004.abssumm.xml#id(Bro004.s.16)"/>
   </summlink>
   <summlink nite:id="Bro004.summlink.80">
      <nite:pointer role="extractive"  href="Bro004.D.dialogue-acts.xml#id(Bro004.D.dialogueact637)"/>
      <nite:pointer role="abstractive"  href="Bro004.abssumm.xml#id(Bro004.s.15)"/>
   </summlink>
   <summlink nite:id="Bro004.summlink.81">
      <nite:pointer role="extractive"  href="Bro004.D.dialogue-acts.xml#id(Bro004.D.dialogueact639)"/>
      <nite:pointer role="abstractive"  href="Bro004.abssumm.xml#id(Bro004.s.15)"/>
   </summlink>
   <summlink nite:id="Bro004.summlink.82">
      <nite:pointer role="extractive"  href="Bro004.D.dialogue-acts.xml#id(Bro004.D.dialogueact640)"/>
      <nite:pointer role="abstractive"  href="Bro004.abssumm.xml#id(Bro004.s.15)"/>
   </summlink>
   <summlink nite:id="Bro004.summlink.83">
      <nite:pointer role="extractive"  href="Bro004.D.dialogue-acts.xml#id(Bro004.D.dialogueact662)"/>
      <nite:pointer role="abstractive"  href="Bro004.abssumm.xml#id(Bro004.s.15)"/>
   </summlink>
   <summlink nite:id="Bro004.summlink.84">
      <nite:pointer role="extractive"  href="Bro004.D.dialogue-acts.xml#id(Bro004.D.dialogueact664)"/>
      <nite:pointer role="abstractive"  href="Bro004.abssumm.xml#id(Bro004.s.15)"/>
   </summlink>
   <summlink nite:id="Bro004.summlink.85">
      <nite:pointer role="extractive"  href="Bro004.D.dialogue-acts.xml#id(Bro004.D.dialogueact669)"/>
      <nite:pointer role="abstractive"  href="Bro004.abssumm.xml#id(Bro004.s.15)"/>
   </summlink>
   <summlink nite:id="Bro004.summlink.86">
      <nite:pointer role="extractive"  href="Bro004.D.dialogue-acts.xml#id(Bro004.D.dialogueact671)"/>
      <nite:pointer role="abstractive"  href="Bro004.abssumm.xml#id(Bro004.s.15)"/>
   </summlink>
   <summlink nite:id="Bro004.summlink.87">
      <nite:pointer role="extractive"  href="Bro004.D.dialogue-acts.xml#id(Bro004.D.dialogueact672)"/>
      <nite:pointer role="abstractive"  href="Bro004.abssumm.xml#id(Bro004.s.15)"/>
   </summlink>
   <summlink nite:id="Bro004.summlink.88">
      <nite:pointer role="extractive"  href="Bro004.D.dialogue-acts.xml#id(Bro004.D.dialogueact679)"/>
      <nite:pointer role="abstractive"  href="Bro004.abssumm.xml#id(Bro004.s.15)"/>
   </summlink>
   <summlink nite:id="Bro004.summlink.89">
      <nite:pointer role="extractive"  href="Bro004.D.dialogue-acts.xml#id(Bro004.D.dialogueact680)"/>
      <nite:pointer role="abstractive"  href="Bro004.abssumm.xml#id(Bro004.s.15)"/>
   </summlink>
   <summlink nite:id="Bro004.summlink.90">
      <nite:pointer role="extractive"  href="Bro004.D.dialogue-acts.xml#id(Bro004.D.dialogueact682)"/>
      <nite:pointer role="abstractive"  href="Bro004.abssumm.xml#id(Bro004.s.15)"/>
   </summlink>
   <summlink nite:id="Bro004.summlink.91">
      <nite:pointer role="extractive"  href="Bro004.D.dialogue-acts.xml#id(Bro004.D.dialogueact683)"/>
      <nite:pointer role="abstractive"  href="Bro004.abssumm.xml#id(Bro004.s.15)"/>
   </summlink>
   <summlink nite:id="Bro004.summlink.92">
      <nite:pointer role="extractive"  href="Bro004.D.dialogue-acts.xml#id(Bro004.D.dialogueact684)"/>
      <nite:pointer role="abstractive"  href="Bro004.abssumm.xml#id(Bro004.s.15)"/>
   </summlink>
   <summlink nite:id="Bro004.summlink.93">
      <nite:pointer role="extractive"  href="Bro004.D.dialogue-acts.xml#id(Bro004.D.dialogueact687)"/>
      <nite:pointer role="abstractive"  href="Bro004.abssumm.xml#id(Bro004.s.15)"/>
   </summlink>
   <summlink nite:id="Bro004.summlink.94">
      <nite:pointer role="extractive"  href="Bro004.D.dialogue-acts.xml#id(Bro004.D.dialogueact688)"/>
      <nite:pointer role="abstractive"  href="Bro004.abssumm.xml#id(Bro004.s.15)"/>
   </summlink>
   <summlink nite:id="Bro004.summlink.95">
      <nite:pointer role="extractive"  href="Bro004.D.dialogue-acts.xml#id(Bro004.D.dialogueact689)"/>
      <nite:pointer role="abstractive"  href="Bro004.abssumm.xml#id(Bro004.s.15)"/>
   </summlink>
   <summlink nite:id="Bro004.summlink.96">
      <nite:pointer role="extractive"  href="Bro004.D.dialogue-acts.xml#id(Bro004.D.dialogueact693)"/>
      <nite:pointer role="abstractive"  href="Bro004.abssumm.xml#id(Bro004.s.15)"/>
   </summlink>
   <summlink nite:id="Bro004.summlink.97">
      <nite:pointer role="extractive"  href="Bro004.D.dialogue-acts.xml#id(Bro004.D.dialogueact694)"/>
      <nite:pointer role="abstractive"  href="Bro004.abssumm.xml#id(Bro004.s.15)"/>
   </summlink>
   <summlink nite:id="Bro004.summlink.98">
      <nite:pointer role="extractive"  href="Bro004.D.dialogue-acts.xml#id(Bro004.D.dialogueact705)"/>
      <nite:pointer role="abstractive"  href="Bro004.abssumm.xml#id(Bro004.s.15)"/>
   </summlink>
   <summlink nite:id="Bro004.summlink.99">
      <nite:pointer role="extractive"  href="Bro004.B.dialogue-acts.xml#id(Bro004.B.dialogueact717)"/>
      <nite:pointer role="abstractive"  href="Bro004.abssumm.xml#id(Bro004.s.3)"/>
   </summlink>
   <summlink nite:id="Bro004.summlink.100">
      <nite:pointer role="extractive"  href="Bro004.B.dialogue-acts.xml#id(Bro004.B.dialogueact720)"/>
      <nite:pointer role="abstractive"  href="Bro004.abssumm.xml#id(Bro004.s.3)"/>
   </summlink>
   <summlink nite:id="Bro004.summlink.101">
      <nite:pointer role="extractive"  href="Bro004.D.dialogue-acts.xml#id(Bro004.D.dialogueact726)"/>
      <nite:pointer role="abstractive"  href="Bro004.abssumm.xml#id(Bro004.s.6)"/>
   </summlink>
   <summlink nite:id="Bro004.summlink.102">
      <nite:pointer role="extractive"  href="Bro004.D.dialogue-acts.xml#id(Bro004.D.dialogueact728)"/>
      <nite:pointer role="abstractive"  href="Bro004.abssumm.xml#id(Bro004.s.6)"/>
   </summlink>
   <summlink nite:id="Bro004.summlink.103">
      <nite:pointer role="extractive"  href="Bro004.D.dialogue-acts.xml#id(Bro004.D.dialogueact731)"/>
      <nite:pointer role="abstractive"  href="Bro004.abssumm.xml#id(Bro004.s.6)"/>
   </summlink>
   <summlink nite:id="Bro004.summlink.104">
      <nite:pointer role="extractive"  href="Bro004.D.dialogue-acts.xml#id(Bro004.D.dialogueact733)"/>
      <nite:pointer role="abstractive"  href="Bro004.abssumm.xml#id(Bro004.s.6)"/>
   </summlink>
   <summlink nite:id="Bro004.summlink.105">
      <nite:pointer role="extractive"  href="Bro004.D.dialogue-acts.xml#id(Bro004.D.dialogueact735)"/>
      <nite:pointer role="abstractive"  href="Bro004.abssumm.xml#id(Bro004.s.6)"/>
   </summlink>
   <summlink nite:id="Bro004.summlink.106">
      <nite:pointer role="extractive"  href="Bro004.D.dialogue-acts.xml#id(Bro004.D.dialogueact737)"/>
      <nite:pointer role="abstractive"  href="Bro004.abssumm.xml#id(Bro004.s.6)"/>
   </summlink>
   <summlink nite:id="Bro004.summlink.107">
      <nite:pointer role="extractive"  href="Bro004.D.dialogue-acts.xml#id(Bro004.D.dialogueact738)"/>
      <nite:pointer role="abstractive"  href="Bro004.abssumm.xml#id(Bro004.s.6)"/>
   </summlink>
   <summlink nite:id="Bro004.summlink.108">
      <nite:pointer role="extractive"  href="Bro004.D.dialogue-acts.xml#id(Bro004.D.dialogueact739)"/>
      <nite:pointer role="abstractive"  href="Bro004.abssumm.xml#id(Bro004.s.6)"/>
   </summlink>
   <summlink nite:id="Bro004.summlink.109">
      <nite:pointer role="extractive"  href="Bro004.B.dialogue-acts.xml#id(Bro004.B.dialogueact775)"/>
      <nite:pointer role="abstractive"  href="Bro004.abssumm.xml#id(Bro004.s.7)"/>
   </summlink>
   <summlink nite:id="Bro004.summlink.110">
      <nite:pointer role="extractive"  href="Bro004.B.dialogue-acts.xml#id(Bro004.B.dialogueact777)"/>
      <nite:pointer role="abstractive"  href="Bro004.abssumm.xml#id(Bro004.s.7)"/>
   </summlink>
   <summlink nite:id="Bro004.summlink.111">
      <nite:pointer role="extractive"  href="Bro004.B.dialogue-acts.xml#id(Bro004.B.dialogueact779)"/>
      <nite:pointer role="abstractive"  href="Bro004.abssumm.xml#id(Bro004.s.7)"/>
   </summlink>
   <summlink nite:id="Bro004.summlink.112">
      <nite:pointer role="extractive"  href="Bro004.B.dialogue-acts.xml#id(Bro004.B.dialogueact780)"/>
      <nite:pointer role="abstractive"  href="Bro004.abssumm.xml#id(Bro004.s.7)"/>
   </summlink>
   <summlink nite:id="Bro004.summlink.113">
      <nite:pointer role="extractive"  href="Bro004.D.dialogue-acts.xml#id(Bro004.D.dialogueact783)"/>
      <nite:pointer role="abstractive"  href="Bro004.abssumm.xml#id(Bro004.s.7)"/>
   </summlink>
   <summlink nite:id="Bro004.summlink.114">
      <nite:pointer role="extractive"  href="Bro004.D.dialogue-acts.xml#id(Bro004.D.dialogueact783)"/>
      <nite:pointer role="abstractive"  href="Bro004.abssumm.xml#id(Bro004.s.6)"/>
   </summlink>
   <summlink nite:id="Bro004.summlink.115">
      <nite:pointer role="extractive"  href="Bro004.D.dialogue-acts.xml#id(Bro004.D.dialogueact784)"/>
      <nite:pointer role="abstractive"  href="Bro004.abssumm.xml#id(Bro004.s.6)"/>
   </summlink>
   <summlink nite:id="Bro004.summlink.116">
      <nite:pointer role="extractive"  href="Bro004.D.dialogue-acts.xml#id(Bro004.D.dialogueact784)"/>
      <nite:pointer role="abstractive"  href="Bro004.abssumm.xml#id(Bro004.s.7)"/>
   </summlink>
   <summlink nite:id="Bro004.summlink.117">
      <nite:pointer role="extractive"  href="Bro004.B.dialogue-acts.xml#id(Bro004.B.dialogueact798)"/>
      <nite:pointer role="abstractive"  href="Bro004.abssumm.xml#id(Bro004.s.7)"/>
   </summlink>
   <summlink nite:id="Bro004.summlink.118">
      <nite:pointer role="extractive"  href="Bro004.B.dialogue-acts.xml#id(Bro004.B.dialogueact802)"/>
      <nite:pointer role="abstractive"  href="Bro004.abssumm.xml#id(Bro004.s.7)"/>
   </summlink>
   <summlink nite:id="Bro004.summlink.119">
      <nite:pointer role="extractive"  href="Bro004.B.dialogue-acts.xml#id(Bro004.B.dialogueact829)"/>
      <nite:pointer role="abstractive"  href="Bro004.abssumm.xml#id(Bro004.s.7)"/>
   </summlink>
   <summlink nite:id="Bro004.summlink.120">
      <nite:pointer role="extractive"  href="Bro004.B.dialogue-acts.xml#id(Bro004.B.dialogueact832)"/>
      <nite:pointer role="abstractive"  href="Bro004.abssumm.xml#id(Bro004.s.7)"/>
   </summlink>
   <summlink nite:id="Bro004.summlink.121">
      <nite:pointer role="extractive"  href="Bro004.B.dialogue-acts.xml#id(Bro004.B.dialogueact833)"/>
      <nite:pointer role="abstractive"  href="Bro004.abssumm.xml#id(Bro004.s.7)"/>
   </summlink>
   <summlink nite:id="Bro004.summlink.122">
      <nite:pointer role="extractive"  href="Bro004.B.dialogue-acts.xml#id(Bro004.B.dialogueact857)"/>
      <nite:pointer role="abstractive"  href="Bro004.abssumm.xml#id(Bro004.s.24)"/>
   </summlink>
   <summlink nite:id="Bro004.summlink.123">
      <nite:pointer role="extractive"  href="Bro004.E.dialogue-acts.xml#id(Bro004.E.dialogueact859)"/>
      <nite:pointer role="abstractive"  href="Bro004.abssumm.xml#id(Bro004.s.24)"/>
   </summlink>
   <summlink nite:id="Bro004.summlink.124">
      <nite:pointer role="extractive"  href="Bro004.E.dialogue-acts.xml#id(Bro004.E.dialogueact862)"/>
      <nite:pointer role="abstractive"  href="Bro004.abssumm.xml#id(Bro004.s.24)"/>
   </summlink>
   <summlink nite:id="Bro004.summlink.125">
      <nite:pointer role="extractive"  href="Bro004.E.dialogue-acts.xml#id(Bro004.E.dialogueact863)"/>
      <nite:pointer role="abstractive"  href="Bro004.abssumm.xml#id(Bro004.s.24)"/>
   </summlink>
   <summlink nite:id="Bro004.summlink.126">
      <nite:pointer role="extractive"  href="Bro004.D.dialogue-acts.xml#id(Bro004.D.dialogueact888)"/>
      <nite:pointer role="abstractive"  href="Bro004.abssumm.xml#id(Bro004.s.25)"/>
   </summlink>
   <summlink nite:id="Bro004.summlink.127">
      <nite:pointer role="extractive"  href="Bro004.D.dialogue-acts.xml#id(Bro004.D.dialogueact893)"/>
      <nite:pointer role="abstractive"  href="Bro004.abssumm.xml#id(Bro004.s.25)"/>
   </summlink>
   <summlink nite:id="Bro004.summlink.128">
      <nite:pointer role="extractive"  href="Bro004.D.dialogue-acts.xml#id(Bro004.D.dialogueact894)"/>
      <nite:pointer role="abstractive"  href="Bro004.abssumm.xml#id(Bro004.s.25)"/>
   </summlink>
   <summlink nite:id="Bro004.summlink.129">
      <nite:pointer role="extractive"  href="Bro004.D.dialogue-acts.xml#id(Bro004.D.dialogueact902)"/>
      <nite:pointer role="abstractive"  href="Bro004.abssumm.xml#id(Bro004.s.25)"/>
   </summlink>
   <summlink nite:id="Bro004.summlink.130">
      <nite:pointer role="extractive"  href="Bro004.D.dialogue-acts.xml#id(Bro004.D.dialogueact936)"/>
      <nite:pointer role="abstractive"  href="Bro004.abssumm.xml#id(Bro004.s.25)"/>
   </summlink>
   <summlink nite:id="Bro004.summlink.131">
      <nite:pointer role="extractive"  href="Bro004.F.dialogue-acts.xml#id(Bro004.F.dialogueact943)"/>
      <nite:pointer role="abstractive"  href="Bro004.abssumm.xml#id(Bro004.s.25)"/>
   </summlink>
   <summlink nite:id="Bro004.summlink.132">
      <nite:pointer role="extractive"  href="Bro004.D.dialogue-acts.xml#id(Bro004.D.dialogueact948)"/>
      <nite:pointer role="abstractive"  href="Bro004.abssumm.xml#id(Bro004.s.25)"/>
   </summlink>
   <summlink nite:id="Bro004.summlink.133">
      <nite:pointer role="extractive"  href="Bro004.B.dialogue-acts.xml#id(Bro004.B.dialogueact951)"/>
      <nite:pointer role="abstractive"  href="Bro004.abssumm.xml#id(Bro004.s.25)"/>
   </summlink>
   <summlink nite:id="Bro004.summlink.134">
      <nite:pointer role="extractive"  href="Bro004.B.dialogue-acts.xml#id(Bro004.B.dialogueact970)"/>
      <nite:pointer role="abstractive"  href="Bro004.abssumm.xml#id(Bro004.s.25)"/>
   </summlink>
   <summlink nite:id="Bro004.summlink.135">
      <nite:pointer role="extractive"  href="Bro004.B.dialogue-acts.xml#id(Bro004.B.dialogueact970)"/>
      <nite:pointer role="abstractive"  href="Bro004.abssumm.xml#id(Bro004.s.26)"/>
   </summlink>
   <summlink nite:id="Bro004.summlink.136">
      <nite:pointer role="extractive"  href="Bro004.D.dialogue-acts.xml#id(Bro004.D.dialogueact974)"/>
      <nite:pointer role="abstractive"  href="Bro004.abssumm.xml#id(Bro004.s.25)"/>
   </summlink>
   <summlink nite:id="Bro004.summlink.137">
      <nite:pointer role="extractive"  href="Bro004.D.dialogue-acts.xml#id(Bro004.D.dialogueact974)"/>
      <nite:pointer role="abstractive"  href="Bro004.abssumm.xml#id(Bro004.s.26)"/>
   </summlink>
   <summlink nite:id="Bro004.summlink.138">
      <nite:pointer role="extractive"  href="Bro004.B.dialogue-acts.xml#id(Bro004.B.dialogueact988)"/>
      <nite:pointer role="abstractive"  href="Bro004.abssumm.xml#id(Bro004.s.25)"/>
   </summlink>
   <summlink nite:id="Bro004.summlink.139">
      <nite:pointer role="extractive"  href="Bro004.B.dialogue-acts.xml#id(Bro004.B.dialogueact988)"/>
      <nite:pointer role="abstractive"  href="Bro004.abssumm.xml#id(Bro004.s.26)"/>
   </summlink>
   <summlink nite:id="Bro004.summlink.140">
      <nite:pointer role="extractive"  href="Bro004.B.dialogue-acts.xml#id(Bro004.B.dialogueact992)"/>
      <nite:pointer role="abstractive"  href="Bro004.abssumm.xml#id(Bro004.s.25)"/>
   </summlink>
   <summlink nite:id="Bro004.summlink.141">
      <nite:pointer role="extractive"  href="Bro004.B.dialogue-acts.xml#id(Bro004.B.dialogueact992)"/>
      <nite:pointer role="abstractive"  href="Bro004.abssumm.xml#id(Bro004.s.26)"/>
   </summlink>
   <summlink nite:id="Bro004.summlink.142">
      <nite:pointer role="extractive"  href="Bro004.B.dialogue-acts.xml#id(Bro004.B.dialogueact994)"/>
      <nite:pointer role="abstractive"  href="Bro004.abssumm.xml#id(Bro004.s.25)"/>
   </summlink>
   <summlink nite:id="Bro004.summlink.143">
      <nite:pointer role="extractive"  href="Bro004.B.dialogue-acts.xml#id(Bro004.B.dialogueact994)"/>
      <nite:pointer role="abstractive"  href="Bro004.abssumm.xml#id(Bro004.s.26)"/>
   </summlink>
   <summlink nite:id="Bro004.summlink.144">
      <nite:pointer role="extractive"  href="Bro004.B.dialogue-acts.xml#id(Bro004.B.dialogueact1001)"/>
      <nite:pointer role="abstractive"  href="Bro004.abssumm.xml#id(Bro004.s.8)"/>
   </summlink>
   <summlink nite:id="Bro004.summlink.145">
      <nite:pointer role="extractive"  href="Bro004.B.dialogue-acts.xml#id(Bro004.B.dialogueact1006)"/>
      <nite:pointer role="abstractive"  href="Bro004.abssumm.xml#id(Bro004.s.8)"/>
   </summlink>
   <summlink nite:id="Bro004.summlink.146">
      <nite:pointer role="extractive"  href="Bro004.B.dialogue-acts.xml#id(Bro004.B.dialogueact1007)"/>
      <nite:pointer role="abstractive"  href="Bro004.abssumm.xml#id(Bro004.s.8)"/>
   </summlink>
   <summlink nite:id="Bro004.summlink.147">
      <nite:pointer role="extractive"  href="Bro004.B.dialogue-acts.xml#id(Bro004.B.dialogueact1025)"/>
      <nite:pointer role="abstractive"  href="Bro004.abssumm.xml#id(Bro004.s.19)"/>
   </summlink>
   <summlink nite:id="Bro004.summlink.148">
      <nite:pointer role="extractive"  href="Bro004.B.dialogue-acts.xml#id(Bro004.B.dialogueact1026)"/>
      <nite:pointer role="abstractive"  href="Bro004.abssumm.xml#id(Bro004.s.19)"/>
   </summlink>
   <summlink nite:id="Bro004.summlink.149">
      <nite:pointer role="extractive"  href="Bro004.B.dialogue-acts.xml#id(Bro004.B.dialogueact1038)"/>
      <nite:pointer role="abstractive"  href="Bro004.abssumm.xml#id(Bro004.s.19)"/>
   </summlink>
   <summlink nite:id="Bro004.summlink.150">
      <nite:pointer role="extractive"  href="Bro004.B.dialogue-acts.xml#id(Bro004.B.dialogueact1205)"/>
      <nite:pointer role="abstractive"  href="Bro004.abssumm.xml#id(Bro004.s.19)"/>
   </summlink>
   <summlink nite:id="Bro004.summlink.151">
      <nite:pointer role="extractive"  href="Bro004.B.dialogue-acts.xml#id(Bro004.B.dialogueact1206)"/>
      <nite:pointer role="abstractive"  href="Bro004.abssumm.xml#id(Bro004.s.19)"/>
   </summlink>
   <summlink nite:id="Bro004.summlink.152">
      <nite:pointer role="extractive"  href="Bro004.B.dialogue-acts.xml#id(Bro004.B.dialogueact1025)"/>
      <nite:pointer role="abstractive"  href="Bro004.abssumm.xml#id(Bro004.s.4)"/>
   </summlink>
   <summlink nite:id="Bro004.summlink.153">
      <nite:pointer role="extractive"  href="Bro004.B.dialogue-acts.xml#id(Bro004.B.dialogueact1026)"/>
      <nite:pointer role="abstractive"  href="Bro004.abssumm.xml#id(Bro004.s.4)"/>
   </summlink>
   <summlink nite:id="Bro004.summlink.154">
      <nite:pointer role="extractive"  href="Bro004.B.dialogue-acts.xml#id(Bro004.B.dialogueact1038)"/>
      <nite:pointer role="abstractive"  href="Bro004.abssumm.xml#id(Bro004.s.4)"/>
   </summlink>
   <summlink nite:id="Bro004.summlink.155">
      <nite:pointer role="extractive"  href="Bro004.B.dialogue-acts.xml#id(Bro004.B.dialogueact1205)"/>
      <nite:pointer role="abstractive"  href="Bro004.abssumm.xml#id(Bro004.s.4)"/>
   </summlink>
   <summlink nite:id="Bro004.summlink.156">
      <nite:pointer role="extractive"  href="Bro004.B.dialogue-acts.xml#id(Bro004.B.dialogueact1206)"/>
      <nite:pointer role="abstractive"  href="Bro004.abssumm.xml#id(Bro004.s.4)"/>
   </summlink>
   <summlink nite:id="Bro004.summlink.157">
      <nite:pointer role="extractive"  href="Bro004.B.dialogue-acts.xml#id(Bro004.B.dialogueact1207)"/>
      <nite:pointer role="abstractive"  href="Bro004.abssumm.xml#id(Bro004.s.4)"/>
   </summlink>
   <summlink nite:id="Bro004.summlink.158">
      <nite:pointer role="extractive"  href="Bro004.B.dialogue-acts.xml#id(Bro004.B.dialogueact1207)"/>
      <nite:pointer role="abstractive"  href="Bro004.abssumm.xml#id(Bro004.s.19)"/>
   </summlink>
   <summlink nite:id="Bro004.summlink.159">
      <nite:pointer role="extractive"  href="Bro004.B.dialogue-acts.xml#id(Bro004.B.dialogueact1209)"/>
      <nite:pointer role="abstractive"  href="Bro004.abssumm.xml#id(Bro004.s.4)"/>
   </summlink>
   <summlink nite:id="Bro004.summlink.160">
      <nite:pointer role="extractive"  href="Bro004.B.dialogue-acts.xml#id(Bro004.B.dialogueact1209)"/>
      <nite:pointer role="abstractive"  href="Bro004.abssumm.xml#id(Bro004.s.19)"/>
   </summlink>
   <summlink nite:id="Bro004.summlink.161">
      <nite:pointer role="extractive"  href="Bro004.B.dialogue-acts.xml#id(Bro004.B.dialogueact1210)"/>
      <nite:pointer role="abstractive"  href="Bro004.abssumm.xml#id(Bro004.s.4)"/>
   </summlink>
   <summlink nite:id="Bro004.summlink.162">
      <nite:pointer role="extractive"  href="Bro004.B.dialogue-acts.xml#id(Bro004.B.dialogueact1210)"/>
      <nite:pointer role="abstractive"  href="Bro004.abssumm.xml#id(Bro004.s.19)"/>
   </summlink>
   <summlink nite:id="Bro004.summlink.163">
      <nite:pointer role="extractive"  href="Bro004.B.dialogue-acts.xml#id(Bro004.B.dialogueact1214)"/>
      <nite:pointer role="abstractive"  href="Bro004.abssumm.xml#id(Bro004.s.8)"/>
   </summlink>
   <summlink nite:id="Bro004.summlink.164">
      <nite:pointer role="extractive"  href="Bro004.B.dialogue-acts.xml#id(Bro004.B.dialogueact1214)"/>
      <nite:pointer role="abstractive"  href="Bro004.abssumm.xml#id(Bro004.s.9)"/>
   </summlink>
   <summlink nite:id="Bro004.summlink.165">
      <nite:pointer role="extractive"  href="Bro004.B.dialogue-acts.xml#id(Bro004.B.dialogueact1214)"/>
      <nite:pointer role="abstractive"  href="Bro004.abssumm.xml#id(Bro004.s.4)"/>
   </summlink>
   <summlink nite:id="Bro004.summlink.166">
      <nite:pointer role="extractive"  href="Bro004.B.dialogue-acts.xml#id(Bro004.B.dialogueact1216)"/>
      <nite:pointer role="abstractive"  href="Bro004.abssumm.xml#id(Bro004.s.4)"/>
   </summlink>
   <summlink nite:id="Bro004.summlink.167">
      <nite:pointer role="extractive"  href="Bro004.B.dialogue-acts.xml#id(Bro004.B.dialogueact1216)"/>
      <nite:pointer role="abstractive"  href="Bro004.abssumm.xml#id(Bro004.s.9)"/>
   </summlink>
   <summlink nite:id="Bro004.summlink.168">
      <nite:pointer role="extractive"  href="Bro004.B.dialogue-acts.xml#id(Bro004.B.dialogueact1217)"/>
      <nite:pointer role="abstractive"  href="Bro004.abssumm.xml#id(Bro004.s.9)"/>
   </summlink>
   <summlink nite:id="Bro004.summlink.169">
      <nite:pointer role="extractive"  href="Bro004.B.dialogue-acts.xml#id(Bro004.B.dialogueact1217)"/>
      <nite:pointer role="abstractive"  href="Bro004.abssumm.xml#id(Bro004.s.4)"/>
   </summlink>
   <summlink nite:id="Bro004.summlink.170">
      <nite:pointer role="extractive"  href="Bro004.B.dialogue-acts.xml#id(Bro004.B.dialogueact1218)"/>
      <nite:pointer role="abstractive"  href="Bro004.abssumm.xml#id(Bro004.s.4)"/>
   </summlink>
   <summlink nite:id="Bro004.summlink.171">
      <nite:pointer role="extractive"  href="Bro004.B.dialogue-acts.xml#id(Bro004.B.dialogueact1218)"/>
      <nite:pointer role="abstractive"  href="Bro004.abssumm.xml#id(Bro004.s.9)"/>
   </summlink>
   <summlink nite:id="Bro004.summlink.172">
      <nite:pointer role="extractive"  href="Bro004.B.dialogue-acts.xml#id(Bro004.B.dialogueact1220)"/>
      <nite:pointer role="abstractive"  href="Bro004.abssumm.xml#id(Bro004.s.9)"/>
   </summlink>
   <summlink nite:id="Bro004.summlink.173">
      <nite:pointer role="extractive"  href="Bro004.B.dialogue-acts.xml#id(Bro004.B.dialogueact1220)"/>
      <nite:pointer role="abstractive"  href="Bro004.abssumm.xml#id(Bro004.s.4)"/>
   </summlink>
   <summlink nite:id="Bro004.summlink.175">
      <nite:pointer role="extractive"  href="Bro004.B.dialogue-acts.xml#id(Bro004.B.dialogueact1221)"/>
      <nite:pointer role="abstractive"  href="Bro004.abssumm.xml#id(Bro004.s.4)"/>
   </summlink>
   <summlink nite:id="Bro004.summlink.176">
      <nite:pointer role="extractive"  href="Bro004.B.dialogue-acts.xml#id(Bro004.B.dialogueact1221)"/>
      <nite:pointer role="abstractive"  href="Bro004.abssumm.xml#id(Bro004.s.9)"/>
   </summlink>
   <summlink nite:id="Bro004.summlink.177">
      <nite:pointer role="extractive"  href="Bro004.B.dialogue-acts.xml#id(Bro004.B.dialogueact1222)"/>
      <nite:pointer role="abstractive"  href="Bro004.abssumm.xml#id(Bro004.s.9)"/>
   </summlink>
   <summlink nite:id="Bro004.summlink.178">
      <nite:pointer role="extractive"  href="Bro004.B.dialogue-acts.xml#id(Bro004.B.dialogueact1222)"/>
      <nite:pointer role="abstractive"  href="Bro004.abssumm.xml#id(Bro004.s.10)"/>
   </summlink>
   <summlink nite:id="Bro004.summlink.179">
      <nite:pointer role="extractive"  href="Bro004.B.dialogue-acts.xml#id(Bro004.B.dialogueact1222)"/>
      <nite:pointer role="abstractive"  href="Bro004.abssumm.xml#id(Bro004.s.4)"/>
   </summlink>
   <summlink nite:id="Bro004.summlink.180">
      <nite:pointer role="extractive"  href="Bro004.B.dialogue-acts.xml#id(Bro004.B.dialogueact1223)"/>
      <nite:pointer role="abstractive"  href="Bro004.abssumm.xml#id(Bro004.s.10)"/>
   </summlink>
   <summlink nite:id="Bro004.summlink.181">
      <nite:pointer role="extractive"  href="Bro004.B.dialogue-acts.xml#id(Bro004.B.dialogueact1223)"/>
      <nite:pointer role="abstractive"  href="Bro004.abssumm.xml#id(Bro004.s.9)"/>
   </summlink>
   <summlink nite:id="Bro004.summlink.182">
      <nite:pointer role="extractive"  href="Bro004.B.dialogue-acts.xml#id(Bro004.B.dialogueact1223)"/>
      <nite:pointer role="abstractive"  href="Bro004.abssumm.xml#id(Bro004.s.4)"/>
   </summlink>
   <summlink nite:id="Bro004.summlink.183">
      <nite:pointer role="extractive"  href="Bro004.B.dialogue-acts.xml#id(Bro004.B.dialogueact1334)"/>
      <nite:pointer role="abstractive"  href="Bro004.abssumm.xml#id(Bro004.s.5)"/>
   </summlink>
   <summlink nite:id="Bro004.summlink.184">
      <nite:pointer role="extractive"  href="Bro004.B.dialogue-acts.xml#id(Bro004.B.dialogueact1335)"/>
      <nite:pointer role="abstractive"  href="Bro004.abssumm.xml#id(Bro004.s.5)"/>
   </summlink>
   <summlink nite:id="Bro004.summlink.185">
      <nite:pointer role="extractive"  href="Bro004.B.dialogue-acts.xml#id(Bro004.B.dialogueact1337)"/>
      <nite:pointer role="abstractive"  href="Bro004.abssumm.xml#id(Bro004.s.5)"/>
   </summlink>
   <summlink nite:id="Bro004.summlink.186">
      <nite:pointer role="extractive"  href="Bro004.B.dialogue-acts.xml#id(Bro004.B.dialogueact1357)"/>
      <nite:pointer role="abstractive"  href="Bro004.abssumm.xml#id(Bro004.s.11)"/>
   </summlink>
   <summlink nite:id="Bro004.summlink.187">
      <nite:pointer role="extractive"  href="Bro004.B.dialogue-acts.xml#id(Bro004.B.dialogueact1357)"/>
      <nite:pointer role="abstractive"  href="Bro004.abssumm.xml#id(Bro004.s.5)"/>
   </summlink>
   <summlink nite:id="Bro004.summlink.188">
      <nite:pointer role="extractive"  href="Bro004.B.dialogue-acts.xml#id(Bro004.B.dialogueact1361)"/>
      <nite:pointer role="abstractive"  href="Bro004.abssumm.xml#id(Bro004.s.5)"/>
   </summlink>
   <summlink nite:id="Bro004.summlink.189">
      <nite:pointer role="extractive"  href="Bro004.B.dialogue-acts.xml#id(Bro004.B.dialogueact1361)"/>
      <nite:pointer role="abstractive"  href="Bro004.abssumm.xml#id(Bro004.s.11)"/>
   </summlink>
   <summlink nite:id="Bro004.summlink.190">
      <nite:pointer role="extractive"  href="Bro004.B.dialogue-acts.xml#id(Bro004.B.dialogueact1361)"/>
      <nite:pointer role="abstractive"  href="Bro004.abssumm.xml#id(Bro004.s.12)"/>
   </summlink>
   <summlink nite:id="Bro004.summlink.191">
      <nite:pointer role="extractive"  href="Bro004.B.dialogue-acts.xml#id(Bro004.B.dialogueact1363)"/>
      <nite:pointer role="abstractive"  href="Bro004.abssumm.xml#id(Bro004.s.12)"/>
   </summlink>
   <summlink nite:id="Bro004.summlink.192">
      <nite:pointer role="extractive"  href="Bro004.B.dialogue-acts.xml#id(Bro004.B.dialogueact1363)"/>
      <nite:pointer role="abstractive"  href="Bro004.abssumm.xml#id(Bro004.s.5)"/>
   </summlink>
   <summlink nite:id="Bro004.summlink.193">
      <nite:pointer role="extractive"  href="Bro004.B.dialogue-acts.xml#id(Bro004.B.dialogueact1364)"/>
      <nite:pointer role="abstractive"  href="Bro004.abssumm.xml#id(Bro004.s.12)"/>
   </summlink>
   <summlink nite:id="Bro004.summlink.194">
      <nite:pointer role="extractive"  href="Bro004.B.dialogue-acts.xml#id(Bro004.B.dialogueact1365)"/>
      <nite:pointer role="abstractive"  href="Bro004.abssumm.xml#id(Bro004.s.12)"/>
   </summlink>
   <summlink nite:id="Bro004.summlink.195">
      <nite:pointer role="extractive"  href="Bro004.B.dialogue-acts.xml#id(Bro004.B.dialogueact1366)"/>
      <nite:pointer role="abstractive"  href="Bro004.abssumm.xml#id(Bro004.s.11)"/>
   </summlink>
   <summlink nite:id="Bro004.summlink.196">
      <nite:pointer role="extractive"  href="Bro004.B.dialogue-acts.xml#id(Bro004.B.dialogueact1367)"/>
      <nite:pointer role="abstractive"  href="Bro004.abssumm.xml#id(Bro004.s.11)"/>
   </summlink>
   <summlink nite:id="Bro004.summlink.197">
      <nite:pointer role="extractive"  href="Bro004.B.dialogue-acts.xml#id(Bro004.B.dialogueact1368)"/>
      <nite:pointer role="abstractive"  href="Bro004.abssumm.xml#id(Bro004.s.11)"/>
   </summlink>
   <summlink nite:id="Bro004.summlink.198">
      <nite:pointer role="extractive"  href="Bro004.B.dialogue-acts.xml#id(Bro004.B.dialogueact1365)"/>
      <nite:pointer role="abstractive"  href="Bro004.abssumm.xml#id(Bro004.s.11)"/>
   </summlink>
   <summlink nite:id="Bro004.summlink.199">
      <nite:pointer role="extractive"  href="Bro004.B.dialogue-acts.xml#id(Bro004.B.dialogueact1364)"/>
      <nite:pointer role="abstractive"  href="Bro004.abssumm.xml#id(Bro004.s.11)"/>
   </summlink>
   <summlink nite:id="Bro004.summlink.200">
      <nite:pointer role="extractive"  href="Bro004.B.dialogue-acts.xml#id(Bro004.B.dialogueact1363)"/>
      <nite:pointer role="abstractive"  href="Bro004.abssumm.xml#id(Bro004.s.11)"/>
   </summlink>
   <summlink nite:id="Bro004.summlink.201">
      <nite:pointer role="extractive"  href="Bro004.G.dialogue-acts.xml#id(Bro004.G.dialogueact1389)"/>
      <nite:pointer role="abstractive"  href="Bro004.abssumm.xml#id(Bro004.s.13)"/>
   </summlink>
   <summlink nite:id="Bro004.summlink.202">
      <nite:pointer role="extractive"  href="Bro004.B.dialogue-acts.xml#id(Bro004.B.dialogueact1390)"/>
      <nite:pointer role="abstractive"  href="Bro004.abssumm.xml#id(Bro004.s.13)"/>
   </summlink>
   <summlink nite:id="Bro004.summlink.203">
      <nite:pointer role="extractive"  href="Bro004.B.dialogue-acts.xml#id(Bro004.B.dialogueact1390)"/>
      <nite:pointer role="abstractive"  href="Bro004.abssumm.xml#id(Bro004.s.14)"/>
   </summlink>
</nite:root>