<?xml version="1.0" encoding="ISO-8859-1" standalone="yes"?>
<nite:root nite:id="Bro011.extsumm" xmlns:nite="http://nite.sourceforge.net/">
   <extsumm nite:id="Bro011.extsumm.1">
      <nite:child href="Bro011.A.dialogue-acts.xml#id(Bro011.A.dialogueact23)"/>
      <nite:child href="Bro011.A.dialogue-acts.xml#id(Bro011.A.dialogueact35)"/>
      <nite:child href="Bro011.C.dialogue-acts.xml#id(Bro011.C.dialogueact39)"/>
      <nite:child href="Bro011.C.dialogue-acts.xml#id(Bro011.C.dialogueact43)..id(Bro011.C.dialogueact45)"/>
      <nite:child href="Bro011.A.dialogue-acts.xml#id(Bro011.A.dialogueact65)"/>
      <nite:child href="Bro011.C.dialogue-acts.xml#id(Bro011.C.dialogueact66)"/>
      <nite:child href="Bro011.C.dialogue-acts.xml#id(Bro011.C.dialogueact86)"/>
      <nite:child href="Bro011.C.dialogue-acts.xml#id(Bro011.C.dialogueact91)..id(Bro011.C.dialogueact92)"/>
      <nite:child href="Bro011.C.dialogue-acts.xml#id(Bro011.C.dialogueact95)..id(Bro011.C.dialogueact97)"/>
      <nite:child href="Bro011.C.dialogue-acts.xml#id(Bro011.C.dialogueact102)"/>
      <nite:child href="Bro011.C.dialogue-acts.xml#id(Bro011.C.dialogueact123)"/>
      <nite:child href="Bro011.A.dialogue-acts.xml#id(Bro011.A.dialogueact132)"/>
      <nite:child href="Bro011.A.dialogue-acts.xml#id(Bro011.A.dialogueact135)..id(Bro011.A.dialogueact136)"/>
      <nite:child href="Bro011.C.dialogue-acts.xml#id(Bro011.C.dialogueact163)"/>
      <nite:child href="Bro011.C.dialogue-acts.xml#id(Bro011.C.dialogueact165)"/>
      <nite:child href="Bro011.A.dialogue-acts.xml#id(Bro011.A.dialogueact166)"/>
      <nite:child href="Bro011.A.dialogue-acts.xml#id(Bro011.A.dialogueact138)"/>
      <nite:child href="Bro011.A.dialogue-acts.xml#id(Bro011.A.dialogueact142)..id(Bro011.A.dialogueact143)"/>
      <nite:child href="Bro011.A.dialogue-acts.xml#id(Bro011.A.dialogueact188)"/>
      <nite:child href="Bro011.A.dialogue-acts.xml#id(Bro011.A.dialogueact193)"/>
      <nite:child href="Bro011.C.dialogue-acts.xml#id(Bro011.C.dialogueact200)"/>
      <nite:child href="Bro011.D.dialogue-acts.xml#id(Bro011.D.dialogueact204)"/>
      <nite:child href="Bro011.D.dialogue-acts.xml#id(Bro011.D.dialogueact208)"/>
      <nite:child href="Bro011.D.dialogue-acts.xml#id(Bro011.D.dialogueact213)..id(Bro011.D.dialogueact215)"/>
      <nite:child href="Bro011.A.dialogue-acts.xml#id(Bro011.A.dialogueact234)..id(Bro011.A.dialogueact235)"/>
      <nite:child href="Bro011.F.dialogue-acts.xml#id(Bro011.F.dialogueact237)..id(Bro011.F.dialogueact239)"/>
      <nite:child href="Bro011.F.dialogue-acts.xml#id(Bro011.F.dialogueact242)..id(Bro011.F.dialogueact244)"/>
      <nite:child href="Bro011.F.dialogue-acts.xml#id(Bro011.F.dialogueact246)"/>
      <nite:child href="Bro011.F.dialogue-acts.xml#id(Bro011.F.dialogueact248)"/>
      <nite:child href="Bro011.F.dialogue-acts.xml#id(Bro011.F.dialogueact247)"/>
      <nite:child href="Bro011.F.dialogue-acts.xml#id(Bro011.F.dialogueact250)"/>
      <nite:child href="Bro011.E.dialogue-acts.xml#id(Bro011.E.dialogueact314)"/>
      <nite:child href="Bro011.A.dialogue-acts.xml#id(Bro011.A.dialogueact310)"/>
      <nite:child href="Bro011.B.dialogue-acts.xml#id(Bro011.B.dialogueact319)"/>
      <nite:child href="Bro011.A.dialogue-acts.xml#id(Bro011.A.dialogueact321)"/>
      <nite:child href="Bro011.A.dialogue-acts.xml#id(Bro011.A.dialogueact363)..id(Bro011.A.dialogueact364)"/>
      <nite:child href="Bro011.A.dialogue-acts.xml#id(Bro011.A.dialogueact368)"/>
      <nite:child href="Bro011.B.dialogue-acts.xml#id(Bro011.B.dialogueact390)"/>
      <nite:child href="Bro011.B.dialogue-acts.xml#id(Bro011.B.dialogueact392)"/>
      <nite:child href="Bro011.B.dialogue-acts.xml#id(Bro011.B.dialogueact398)"/>
      <nite:child href="Bro011.A.dialogue-acts.xml#id(Bro011.A.dialogueact405)..id(Bro011.A.dialogueact407)"/>
      <nite:child href="Bro011.C.dialogue-acts.xml#id(Bro011.C.dialogueact413)"/>
      <nite:child href="Bro011.B.dialogue-acts.xml#id(Bro011.B.dialogueact416)..id(Bro011.B.dialogueact420)"/>
      <nite:child href="Bro011.A.dialogue-acts.xml#id(Bro011.A.dialogueact422)"/>
      <nite:child href="Bro011.A.dialogue-acts.xml#id(Bro011.A.dialogueact425)..id(Bro011.A.dialogueact431)"/>
      <nite:child href="Bro011.A.dialogue-acts.xml#id(Bro011.A.dialogueact436)"/>
      <nite:child href="Bro011.A.dialogue-acts.xml#id(Bro011.A.dialogueact541)"/>
      <nite:child href="Bro011.B.dialogue-acts.xml#id(Bro011.B.dialogueact542)"/>
      <nite:child href="Bro011.B.dialogue-acts.xml#id(Bro011.B.dialogueact549)..id(Bro011.B.dialogueact550)"/>
      <nite:child href="Bro011.B.dialogue-acts.xml#id(Bro011.B.dialogueact554)..id(Bro011.B.dialogueact556)"/>
      <nite:child href="Bro011.B.dialogue-acts.xml#id(Bro011.B.dialogueact561)"/>
      <nite:child href="Bro011.B.dialogue-acts.xml#id(Bro011.B.dialogueact567)"/>
      <nite:child href="Bro011.B.dialogue-acts.xml#id(Bro011.B.dialogueact571)"/>
      <nite:child href="Bro011.B.dialogue-acts.xml#id(Bro011.B.dialogueact574)"/>
      <nite:child href="Bro011.B.dialogue-acts.xml#id(Bro011.B.dialogueact578)"/>
      <nite:child href="Bro011.B.dialogue-acts.xml#id(Bro011.B.dialogueact583)..id(Bro011.B.dialogueact585)"/>
      <nite:child href="Bro011.B.dialogue-acts.xml#id(Bro011.B.dialogueact588)"/>
      <nite:child href="Bro011.B.dialogue-acts.xml#id(Bro011.B.dialogueact598)"/>
      <nite:child href="Bro011.B.dialogue-acts.xml#id(Bro011.B.dialogueact602)"/>
      <nite:child href="Bro011.A.dialogue-acts.xml#id(Bro011.A.dialogueact706)"/>
      <nite:child href="Bro011.C.dialogue-acts.xml#id(Bro011.C.dialogueact708)..id(Bro011.C.dialogueact709)"/>
      <nite:child href="Bro011.A.dialogue-acts.xml#id(Bro011.A.dialogueact717)"/>
      <nite:child href="Bro011.A.dialogue-acts.xml#id(Bro011.A.dialogueact719)"/>
   </extsumm>
</nite:root>