<?xml version="1.0" encoding="ISO-8859-1" standalone="yes"?>
<nite:root nite:id="Bro012.summlink" xmlns:nite="http://nite.sourceforge.net/">
   <summlink nite:id="Bro012.summlink.1">
      <nite:pointer role="extractive"  href="Bro012.A.dialogue-acts.xml#id(Bro012.A.dialogueact2)"/>
      <nite:pointer role="abstractive"  href="Bro012.abssumm.xml#id(Bro012.s.1)"/>
   </summlink>
   <summlink nite:id="Bro012.summlink.2">
      <nite:pointer role="extractive"  href="Bro012.A.dialogue-acts.xml#id(Bro012.A.dialogueact2)"/>
      <nite:pointer role="abstractive"  href="Bro012.abssumm.xml#id(Bro012.s.9)"/>
   </summlink>
   <summlink nite:id="Bro012.summlink.3">
      <nite:pointer role="extractive"  href="Bro012.A.dialogue-acts.xml#id(Bro012.A.dialogueact2)"/>
      <nite:pointer role="abstractive"  href="Bro012.abssumm.xml#id(Bro012.s.10)"/>
   </summlink>
   <summlink nite:id="Bro012.summlink.4">
      <nite:pointer role="extractive"  href="Bro012.A.dialogue-acts.xml#id(Bro012.A.dialogueact2)"/>
      <nite:pointer role="abstractive"  href="Bro012.abssumm.xml#id(Bro012.s.3)"/>
   </summlink>
   <summlink nite:id="Bro012.summlink.5">
      <nite:pointer role="extractive"  href="Bro012.A.dialogue-acts.xml#id(Bro012.A.dialogueact6)"/>
      <nite:pointer role="abstractive"  href="Bro012.abssumm.xml#id(Bro012.s.3)"/>
   </summlink>
   <summlink nite:id="Bro012.summlink.6">
      <nite:pointer role="extractive"  href="Bro012.A.dialogue-acts.xml#id(Bro012.A.dialogueact6)"/>
      <nite:pointer role="abstractive"  href="Bro012.abssumm.xml#id(Bro012.s.9)"/>
   </summlink>
   <summlink nite:id="Bro012.summlink.7">
      <nite:pointer role="extractive"  href="Bro012.A.dialogue-acts.xml#id(Bro012.A.dialogueact6)"/>
      <nite:pointer role="abstractive"  href="Bro012.abssumm.xml#id(Bro012.s.10)"/>
   </summlink>
   <summlink nite:id="Bro012.summlink.8">
      <nite:pointer role="extractive"  href="Bro012.A.dialogue-acts.xml#id(Bro012.A.dialogueact7)"/>
      <nite:pointer role="abstractive"  href="Bro012.abssumm.xml#id(Bro012.s.3)"/>
   </summlink>
   <summlink nite:id="Bro012.summlink.9">
      <nite:pointer role="extractive"  href="Bro012.A.dialogue-acts.xml#id(Bro012.A.dialogueact7)"/>
      <nite:pointer role="abstractive"  href="Bro012.abssumm.xml#id(Bro012.s.9)"/>
   </summlink>
   <summlink nite:id="Bro012.summlink.10">
      <nite:pointer role="extractive"  href="Bro012.A.dialogue-acts.xml#id(Bro012.A.dialogueact7)"/>
      <nite:pointer role="abstractive"  href="Bro012.abssumm.xml#id(Bro012.s.10)"/>
   </summlink>
   <summlink nite:id="Bro012.summlink.11">
      <nite:pointer role="extractive"  href="Bro012.A.dialogue-acts.xml#id(Bro012.A.dialogueact11)"/>
      <nite:pointer role="abstractive"  href="Bro012.abssumm.xml#id(Bro012.s.9)"/>
   </summlink>
   <summlink nite:id="Bro012.summlink.12">
      <nite:pointer role="extractive"  href="Bro012.A.dialogue-acts.xml#id(Bro012.A.dialogueact11)"/>
      <nite:pointer role="abstractive"  href="Bro012.abssumm.xml#id(Bro012.s.10)"/>
   </summlink>
   <summlink nite:id="Bro012.summlink.13">
      <nite:pointer role="extractive"  href="Bro012.A.dialogue-acts.xml#id(Bro012.A.dialogueact12)"/>
      <nite:pointer role="abstractive"  href="Bro012.abssumm.xml#id(Bro012.s.9)"/>
   </summlink>
   <summlink nite:id="Bro012.summlink.14">
      <nite:pointer role="extractive"  href="Bro012.A.dialogue-acts.xml#id(Bro012.A.dialogueact12)"/>
      <nite:pointer role="abstractive"  href="Bro012.abssumm.xml#id(Bro012.s.10)"/>
   </summlink>
   <summlink nite:id="Bro012.summlink.15">
      <nite:pointer role="extractive"  href="Bro012.A.dialogue-acts.xml#id(Bro012.A.dialogueact13)"/>
      <nite:pointer role="abstractive"  href="Bro012.abssumm.xml#id(Bro012.s.9)"/>
   </summlink>
   <summlink nite:id="Bro012.summlink.16">
      <nite:pointer role="extractive"  href="Bro012.A.dialogue-acts.xml#id(Bro012.A.dialogueact13)"/>
      <nite:pointer role="abstractive"  href="Bro012.abssumm.xml#id(Bro012.s.10)"/>
   </summlink>
   <summlink nite:id="Bro012.summlink.17">
      <nite:pointer role="extractive"  href="Bro012.A.dialogue-acts.xml#id(Bro012.A.dialogueact38)"/>
      <nite:pointer role="abstractive"  href="Bro012.abssumm.xml#id(Bro012.s.4)"/>
   </summlink>
   <summlink nite:id="Bro012.summlink.18">
      <nite:pointer role="extractive"  href="Bro012.A.dialogue-acts.xml#id(Bro012.A.dialogueact43)"/>
      <nite:pointer role="abstractive"  href="Bro012.abssumm.xml#id(Bro012.s.4)"/>
   </summlink>
   <summlink nite:id="Bro012.summlink.19">
      <nite:pointer role="extractive"  href="Bro012.A.dialogue-acts.xml#id(Bro012.A.dialogueact46)"/>
      <nite:pointer role="abstractive"  href="Bro012.abssumm.xml#id(Bro012.s.4)"/>
   </summlink>
   <summlink nite:id="Bro012.summlink.20">
      <nite:pointer role="extractive"  href="Bro012.A.dialogue-acts.xml#id(Bro012.A.dialogueact47)"/>
      <nite:pointer role="abstractive"  href="Bro012.abssumm.xml#id(Bro012.s.4)"/>
   </summlink>
   <summlink nite:id="Bro012.summlink.21">
      <nite:pointer role="extractive"  href="Bro012.A.dialogue-acts.xml#id(Bro012.A.dialogueact65)"/>
      <nite:pointer role="abstractive"  href="Bro012.abssumm.xml#id(Bro012.s.4)"/>
   </summlink>
   <summlink nite:id="Bro012.summlink.22">
      <nite:pointer role="extractive"  href="Bro012.A.dialogue-acts.xml#id(Bro012.A.dialogueact68)"/>
      <nite:pointer role="abstractive"  href="Bro012.abssumm.xml#id(Bro012.s.4)"/>
   </summlink>
   <summlink nite:id="Bro012.summlink.23">
      <nite:pointer role="extractive"  href="Bro012.A.dialogue-acts.xml#id(Bro012.A.dialogueact82)"/>
      <nite:pointer role="abstractive"  href="Bro012.abssumm.xml#id(Bro012.s.9)"/>
   </summlink>
   <summlink nite:id="Bro012.summlink.24">
      <nite:pointer role="extractive"  href="Bro012.A.dialogue-acts.xml#id(Bro012.A.dialogueact82)"/>
      <nite:pointer role="abstractive"  href="Bro012.abssumm.xml#id(Bro012.s.10)"/>
   </summlink>
   <summlink nite:id="Bro012.summlink.25">
      <nite:pointer role="extractive"  href="Bro012.A.dialogue-acts.xml#id(Bro012.A.dialogueact98)"/>
      <nite:pointer role="abstractive"  href="Bro012.abssumm.xml#id(Bro012.s.11)"/>
   </summlink>
   <summlink nite:id="Bro012.summlink.26">
      <nite:pointer role="extractive"  href="Bro012.A.dialogue-acts.xml#id(Bro012.A.dialogueact98)"/>
      <nite:pointer role="abstractive"  href="Bro012.abssumm.xml#id(Bro012.s.9)"/>
   </summlink>
   <summlink nite:id="Bro012.summlink.27">
      <nite:pointer role="extractive"  href="Bro012.A.dialogue-acts.xml#id(Bro012.A.dialogueact109)"/>
      <nite:pointer role="abstractive"  href="Bro012.abssumm.xml#id(Bro012.s.11)"/>
   </summlink>
   <summlink nite:id="Bro012.summlink.28">
      <nite:pointer role="extractive"  href="Bro012.A.dialogue-acts.xml#id(Bro012.A.dialogueact111)"/>
      <nite:pointer role="abstractive"  href="Bro012.abssumm.xml#id(Bro012.s.11)"/>
   </summlink>
   <summlink nite:id="Bro012.summlink.29">
      <nite:pointer role="extractive"  href="Bro012.A.dialogue-acts.xml#id(Bro012.A.dialogueact118)"/>
      <nite:pointer role="abstractive"  href="Bro012.abssumm.xml#id(Bro012.s.11)"/>
   </summlink>
   <summlink nite:id="Bro012.summlink.30">
      <nite:pointer role="extractive"  href="Bro012.A.dialogue-acts.xml#id(Bro012.A.dialogueact125)"/>
      <nite:pointer role="abstractive"  href="Bro012.abssumm.xml#id(Bro012.s.11)"/>
   </summlink>
   <summlink nite:id="Bro012.summlink.31">
      <nite:pointer role="extractive"  href="Bro012.F.dialogue-acts.xml#id(Bro012.F.dialogueact165)"/>
      <nite:pointer role="abstractive"  href="Bro012.abssumm.xml#id(Bro012.s.2)"/>
   </summlink>
   <summlink nite:id="Bro012.summlink.32">
      <nite:pointer role="extractive"  href="Bro012.F.dialogue-acts.xml#id(Bro012.F.dialogueact165)"/>
      <nite:pointer role="abstractive"  href="Bro012.abssumm.xml#id(Bro012.s.1)"/>
   </summlink>
   <summlink nite:id="Bro012.summlink.33">
      <nite:pointer role="extractive"  href="Bro012.F.dialogue-acts.xml#id(Bro012.F.dialogueact165)"/>
      <nite:pointer role="abstractive"  href="Bro012.abssumm.xml#id(Bro012.s.15)"/>
   </summlink>
   <summlink nite:id="Bro012.summlink.34">
      <nite:pointer role="extractive"  href="Bro012.F.dialogue-acts.xml#id(Bro012.F.dialogueact165)"/>
      <nite:pointer role="abstractive"  href="Bro012.abssumm.xml#id(Bro012.s.16)"/>
   </summlink>
   <summlink nite:id="Bro012.summlink.35">
      <nite:pointer role="extractive"  href="Bro012.F.dialogue-acts.xml#id(Bro012.F.dialogueact166)"/>
      <nite:pointer role="abstractive"  href="Bro012.abssumm.xml#id(Bro012.s.2)"/>
   </summlink>
   <summlink nite:id="Bro012.summlink.36">
      <nite:pointer role="extractive"  href="Bro012.F.dialogue-acts.xml#id(Bro012.F.dialogueact166)"/>
      <nite:pointer role="abstractive"  href="Bro012.abssumm.xml#id(Bro012.s.15)"/>
   </summlink>
   <summlink nite:id="Bro012.summlink.37">
      <nite:pointer role="extractive"  href="Bro012.F.dialogue-acts.xml#id(Bro012.F.dialogueact166)"/>
      <nite:pointer role="abstractive"  href="Bro012.abssumm.xml#id(Bro012.s.16)"/>
   </summlink>
   <summlink nite:id="Bro012.summlink.38">
      <nite:pointer role="extractive"  href="Bro012.F.dialogue-acts.xml#id(Bro012.F.dialogueact172)"/>
      <nite:pointer role="abstractive"  href="Bro012.abssumm.xml#id(Bro012.s.16)"/>
   </summlink>
   <summlink nite:id="Bro012.summlink.39">
      <nite:pointer role="extractive"  href="Bro012.F.dialogue-acts.xml#id(Bro012.F.dialogueact173)"/>
      <nite:pointer role="abstractive"  href="Bro012.abssumm.xml#id(Bro012.s.16)"/>
   </summlink>
   <summlink nite:id="Bro012.summlink.40">
      <nite:pointer role="extractive"  href="Bro012.A.dialogue-acts.xml#id(Bro012.A.dialogueact174)"/>
      <nite:pointer role="abstractive"  href="Bro012.abssumm.xml#id(Bro012.s.16)"/>
   </summlink>
   <summlink nite:id="Bro012.summlink.41">
      <nite:pointer role="extractive"  href="Bro012.A.dialogue-acts.xml#id(Bro012.A.dialogueact176)"/>
      <nite:pointer role="abstractive"  href="Bro012.abssumm.xml#id(Bro012.s.16)"/>
   </summlink>
   <summlink nite:id="Bro012.summlink.42">
      <nite:pointer role="extractive"  href="Bro012.F.dialogue-acts.xml#id(Bro012.F.dialogueact181)"/>
      <nite:pointer role="abstractive"  href="Bro012.abssumm.xml#id(Bro012.s.16)"/>
   </summlink>
   <summlink nite:id="Bro012.summlink.43">
      <nite:pointer role="extractive"  href="Bro012.F.dialogue-acts.xml#id(Bro012.F.dialogueact181)"/>
      <nite:pointer role="abstractive"  href="Bro012.abssumm.xml#id(Bro012.s.12)"/>
   </summlink>
   <summlink nite:id="Bro012.summlink.44">
      <nite:pointer role="extractive"  href="Bro012.F.dialogue-acts.xml#id(Bro012.F.dialogueact182)"/>
      <nite:pointer role="abstractive"  href="Bro012.abssumm.xml#id(Bro012.s.16)"/>
   </summlink>
   <summlink nite:id="Bro012.summlink.45">
      <nite:pointer role="extractive"  href="Bro012.F.dialogue-acts.xml#id(Bro012.F.dialogueact182)"/>
      <nite:pointer role="abstractive"  href="Bro012.abssumm.xml#id(Bro012.s.12)"/>
   </summlink>
   <summlink nite:id="Bro012.summlink.46">
      <nite:pointer role="extractive"  href="Bro012.F.dialogue-acts.xml#id(Bro012.F.dialogueact183)"/>
      <nite:pointer role="abstractive"  href="Bro012.abssumm.xml#id(Bro012.s.16)"/>
   </summlink>
   <summlink nite:id="Bro012.summlink.47">
      <nite:pointer role="extractive"  href="Bro012.F.dialogue-acts.xml#id(Bro012.F.dialogueact183)"/>
      <nite:pointer role="abstractive"  href="Bro012.abssumm.xml#id(Bro012.s.12)"/>
   </summlink>
   <summlink nite:id="Bro012.summlink.48">
      <nite:pointer role="extractive"  href="Bro012.F.dialogue-acts.xml#id(Bro012.F.dialogueact190)"/>
      <nite:pointer role="abstractive"  href="Bro012.abssumm.xml#id(Bro012.s.12)"/>
   </summlink>
   <summlink nite:id="Bro012.summlink.49">
      <nite:pointer role="extractive"  href="Bro012.F.dialogue-acts.xml#id(Bro012.F.dialogueact203)"/>
      <nite:pointer role="abstractive"  href="Bro012.abssumm.xml#id(Bro012.s.12)"/>
   </summlink>
   <summlink nite:id="Bro012.summlink.50">
      <nite:pointer role="extractive"  href="Bro012.F.dialogue-acts.xml#id(Bro012.F.dialogueact205)"/>
      <nite:pointer role="abstractive"  href="Bro012.abssumm.xml#id(Bro012.s.12)"/>
   </summlink>
   <summlink nite:id="Bro012.summlink.51">
      <nite:pointer role="extractive"  href="Bro012.B.dialogue-acts.xml#id(Bro012.B.dialogueact210)"/>
      <nite:pointer role="abstractive"  href="Bro012.abssumm.xml#id(Bro012.s.12)"/>
   </summlink>
   <summlink nite:id="Bro012.summlink.52">
      <nite:pointer role="extractive"  href="Bro012.B.dialogue-acts.xml#id(Bro012.B.dialogueact213)"/>
      <nite:pointer role="abstractive"  href="Bro012.abssumm.xml#id(Bro012.s.12)"/>
   </summlink>
   <summlink nite:id="Bro012.summlink.53">
      <nite:pointer role="extractive"  href="Bro012.B.dialogue-acts.xml#id(Bro012.B.dialogueact215)"/>
      <nite:pointer role="abstractive"  href="Bro012.abssumm.xml#id(Bro012.s.12)"/>
   </summlink>
   <summlink nite:id="Bro012.summlink.54">
      <nite:pointer role="extractive"  href="Bro012.B.dialogue-acts.xml#id(Bro012.B.dialogueact218)"/>
      <nite:pointer role="abstractive"  href="Bro012.abssumm.xml#id(Bro012.s.12)"/>
   </summlink>
   <summlink nite:id="Bro012.summlink.55">
      <nite:pointer role="extractive"  href="Bro012.B.dialogue-acts.xml#id(Bro012.B.dialogueact229)"/>
      <nite:pointer role="abstractive"  href="Bro012.abssumm.xml#id(Bro012.s.12)"/>
   </summlink>
   <summlink nite:id="Bro012.summlink.56">
      <nite:pointer role="extractive"  href="Bro012.B.dialogue-acts.xml#id(Bro012.B.dialogueact239)"/>
      <nite:pointer role="abstractive"  href="Bro012.abssumm.xml#id(Bro012.s.12)"/>
   </summlink>
   <summlink nite:id="Bro012.summlink.57">
      <nite:pointer role="extractive"  href="Bro012.B.dialogue-acts.xml#id(Bro012.B.dialogueact240)"/>
      <nite:pointer role="abstractive"  href="Bro012.abssumm.xml#id(Bro012.s.12)"/>
   </summlink>
   <summlink nite:id="Bro012.summlink.58">
      <nite:pointer role="extractive"  href="Bro012.B.dialogue-acts.xml#id(Bro012.B.dialogueact241)"/>
      <nite:pointer role="abstractive"  href="Bro012.abssumm.xml#id(Bro012.s.12)"/>
   </summlink>
   <summlink nite:id="Bro012.summlink.59">
      <nite:pointer role="extractive"  href="Bro012.A.dialogue-acts.xml#id(Bro012.A.dialogueact243)"/>
      <nite:pointer role="abstractive"  href="Bro012.abssumm.xml#id(Bro012.s.12)"/>
   </summlink>
   <summlink nite:id="Bro012.summlink.60">
      <nite:pointer role="extractive"  href="Bro012.B.dialogue-acts.xml#id(Bro012.B.dialogueact245)"/>
      <nite:pointer role="abstractive"  href="Bro012.abssumm.xml#id(Bro012.s.12)"/>
   </summlink>
   <summlink nite:id="Bro012.summlink.61">
      <nite:pointer role="extractive"  href="Bro012.B.dialogue-acts.xml#id(Bro012.B.dialogueact247)"/>
      <nite:pointer role="abstractive"  href="Bro012.abssumm.xml#id(Bro012.s.12)"/>
   </summlink>
   <summlink nite:id="Bro012.summlink.62">
      <nite:pointer role="extractive"  href="Bro012.B.dialogue-acts.xml#id(Bro012.B.dialogueact251)"/>
      <nite:pointer role="abstractive"  href="Bro012.abssumm.xml#id(Bro012.s.12)"/>
   </summlink>
   <summlink nite:id="Bro012.summlink.63">
      <nite:pointer role="extractive"  href="Bro012.B.dialogue-acts.xml#id(Bro012.B.dialogueact252)"/>
      <nite:pointer role="abstractive"  href="Bro012.abssumm.xml#id(Bro012.s.12)"/>
   </summlink>
   <summlink nite:id="Bro012.summlink.64">
      <nite:pointer role="extractive"  href="Bro012.B.dialogue-acts.xml#id(Bro012.B.dialogueact253)"/>
      <nite:pointer role="abstractive"  href="Bro012.abssumm.xml#id(Bro012.s.12)"/>
   </summlink>
   <summlink nite:id="Bro012.summlink.65">
      <nite:pointer role="extractive"  href="Bro012.F.dialogue-acts.xml#id(Bro012.F.dialogueact257)"/>
      <nite:pointer role="abstractive"  href="Bro012.abssumm.xml#id(Bro012.s.12)"/>
   </summlink>
   <summlink nite:id="Bro012.summlink.66">
      <nite:pointer role="extractive"  href="Bro012.B.dialogue-acts.xml#id(Bro012.B.dialogueact260)"/>
      <nite:pointer role="abstractive"  href="Bro012.abssumm.xml#id(Bro012.s.12)"/>
   </summlink>
   <summlink nite:id="Bro012.summlink.67">
      <nite:pointer role="extractive"  href="Bro012.B.dialogue-acts.xml#id(Bro012.B.dialogueact279)"/>
      <nite:pointer role="abstractive"  href="Bro012.abssumm.xml#id(Bro012.s.19)"/>
   </summlink>
   <summlink nite:id="Bro012.summlink.68">
      <nite:pointer role="extractive"  href="Bro012.B.dialogue-acts.xml#id(Bro012.B.dialogueact282)"/>
      <nite:pointer role="abstractive"  href="Bro012.abssumm.xml#id(Bro012.s.19)"/>
   </summlink>
   <summlink nite:id="Bro012.summlink.69">
      <nite:pointer role="extractive"  href="Bro012.B.dialogue-acts.xml#id(Bro012.B.dialogueact283)"/>
      <nite:pointer role="abstractive"  href="Bro012.abssumm.xml#id(Bro012.s.19)"/>
   </summlink>
   <summlink nite:id="Bro012.summlink.70">
      <nite:pointer role="extractive"  href="Bro012.A.dialogue-acts.xml#id(Bro012.A.dialogueact290)"/>
      <nite:pointer role="abstractive"  href="Bro012.abssumm.xml#id(Bro012.s.19)"/>
   </summlink>
   <summlink nite:id="Bro012.summlink.71">
      <nite:pointer role="extractive"  href="Bro012.B.dialogue-acts.xml#id(Bro012.B.dialogueact296)"/>
      <nite:pointer role="abstractive"  href="Bro012.abssumm.xml#id(Bro012.s.19)"/>
   </summlink>
   <summlink nite:id="Bro012.summlink.72">
      <nite:pointer role="extractive"  href="Bro012.B.dialogue-acts.xml#id(Bro012.B.dialogueact297)"/>
      <nite:pointer role="abstractive"  href="Bro012.abssumm.xml#id(Bro012.s.19)"/>
   </summlink>
   <summlink nite:id="Bro012.summlink.73">
      <nite:pointer role="extractive"  href="Bro012.B.dialogue-acts.xml#id(Bro012.B.dialogueact298)"/>
      <nite:pointer role="abstractive"  href="Bro012.abssumm.xml#id(Bro012.s.19)"/>
   </summlink>
   <summlink nite:id="Bro012.summlink.74">
      <nite:pointer role="extractive"  href="Bro012.B.dialogue-acts.xml#id(Bro012.B.dialogueact301)"/>
      <nite:pointer role="abstractive"  href="Bro012.abssumm.xml#id(Bro012.s.19)"/>
   </summlink>
   <summlink nite:id="Bro012.summlink.75">
      <nite:pointer role="extractive"  href="Bro012.B.dialogue-acts.xml#id(Bro012.B.dialogueact316)"/>
      <nite:pointer role="abstractive"  href="Bro012.abssumm.xml#id(Bro012.s.19)"/>
   </summlink>
   <summlink nite:id="Bro012.summlink.76">
      <nite:pointer role="extractive"  href="Bro012.B.dialogue-acts.xml#id(Bro012.B.dialogueact318)"/>
      <nite:pointer role="abstractive"  href="Bro012.abssumm.xml#id(Bro012.s.19)"/>
   </summlink>
   <summlink nite:id="Bro012.summlink.77">
      <nite:pointer role="extractive"  href="Bro012.B.dialogue-acts.xml#id(Bro012.B.dialogueact319)"/>
      <nite:pointer role="abstractive"  href="Bro012.abssumm.xml#id(Bro012.s.19)"/>
   </summlink>
   <summlink nite:id="Bro012.summlink.78">
      <nite:pointer role="extractive"  href="Bro012.B.dialogue-acts.xml#id(Bro012.B.dialogueact320)"/>
      <nite:pointer role="abstractive"  href="Bro012.abssumm.xml#id(Bro012.s.19)"/>
   </summlink>
   <summlink nite:id="Bro012.summlink.79">
      <nite:pointer role="extractive"  href="Bro012.B.dialogue-acts.xml#id(Bro012.B.dialogueact322)"/>
      <nite:pointer role="abstractive"  href="Bro012.abssumm.xml#id(Bro012.s.19)"/>
   </summlink>
   <summlink nite:id="Bro012.summlink.80">
      <nite:pointer role="extractive"  href="Bro012.B.dialogue-acts.xml#id(Bro012.B.dialogueact327)"/>
      <nite:pointer role="abstractive"  href="Bro012.abssumm.xml#id(Bro012.s.19)"/>
   </summlink>
   <summlink nite:id="Bro012.summlink.81">
      <nite:pointer role="extractive"  href="Bro012.B.dialogue-acts.xml#id(Bro012.B.dialogueact329)"/>
      <nite:pointer role="abstractive"  href="Bro012.abssumm.xml#id(Bro012.s.19)"/>
   </summlink>
   <summlink nite:id="Bro012.summlink.82">
      <nite:pointer role="extractive"  href="Bro012.B.dialogue-acts.xml#id(Bro012.B.dialogueact331)"/>
      <nite:pointer role="abstractive"  href="Bro012.abssumm.xml#id(Bro012.s.19)"/>
   </summlink>
   <summlink nite:id="Bro012.summlink.83">
      <nite:pointer role="extractive"  href="Bro012.B.dialogue-acts.xml#id(Bro012.B.dialogueact333)"/>
      <nite:pointer role="abstractive"  href="Bro012.abssumm.xml#id(Bro012.s.19)"/>
   </summlink>
   <summlink nite:id="Bro012.summlink.84">
      <nite:pointer role="extractive"  href="Bro012.B.dialogue-acts.xml#id(Bro012.B.dialogueact335)"/>
      <nite:pointer role="abstractive"  href="Bro012.abssumm.xml#id(Bro012.s.19)"/>
   </summlink>
   <summlink nite:id="Bro012.summlink.85">
      <nite:pointer role="extractive"  href="Bro012.B.dialogue-acts.xml#id(Bro012.B.dialogueact337)"/>
      <nite:pointer role="abstractive"  href="Bro012.abssumm.xml#id(Bro012.s.19)"/>
   </summlink>
   <summlink nite:id="Bro012.summlink.86">
      <nite:pointer role="extractive"  href="Bro012.B.dialogue-acts.xml#id(Bro012.B.dialogueact339)"/>
      <nite:pointer role="abstractive"  href="Bro012.abssumm.xml#id(Bro012.s.19)"/>
   </summlink>
   <summlink nite:id="Bro012.summlink.87">
      <nite:pointer role="extractive"  href="Bro012.F.dialogue-acts.xml#id(Bro012.F.dialogueact356)"/>
      <nite:pointer role="abstractive"  href="Bro012.abssumm.xml#id(Bro012.s.13)"/>
   </summlink>
   <summlink nite:id="Bro012.summlink.88">
      <nite:pointer role="extractive"  href="Bro012.F.dialogue-acts.xml#id(Bro012.F.dialogueact357)"/>
      <nite:pointer role="abstractive"  href="Bro012.abssumm.xml#id(Bro012.s.13)"/>
   </summlink>
   <summlink nite:id="Bro012.summlink.89">
      <nite:pointer role="extractive"  href="Bro012.F.dialogue-acts.xml#id(Bro012.F.dialogueact358)"/>
      <nite:pointer role="abstractive"  href="Bro012.abssumm.xml#id(Bro012.s.13)"/>
   </summlink>
   <summlink nite:id="Bro012.summlink.90">
      <nite:pointer role="extractive"  href="Bro012.F.dialogue-acts.xml#id(Bro012.F.dialogueact359)"/>
      <nite:pointer role="abstractive"  href="Bro012.abssumm.xml#id(Bro012.s.13)"/>
   </summlink>
   <summlink nite:id="Bro012.summlink.91">
      <nite:pointer role="extractive"  href="Bro012.F.dialogue-acts.xml#id(Bro012.F.dialogueact362)"/>
      <nite:pointer role="abstractive"  href="Bro012.abssumm.xml#id(Bro012.s.13)"/>
   </summlink>
   <summlink nite:id="Bro012.summlink.92">
      <nite:pointer role="extractive"  href="Bro012.F.dialogue-acts.xml#id(Bro012.F.dialogueact363)"/>
      <nite:pointer role="abstractive"  href="Bro012.abssumm.xml#id(Bro012.s.13)"/>
   </summlink>
   <summlink nite:id="Bro012.summlink.93">
      <nite:pointer role="extractive"  href="Bro012.F.dialogue-acts.xml#id(Bro012.F.dialogueact364)"/>
      <nite:pointer role="abstractive"  href="Bro012.abssumm.xml#id(Bro012.s.13)"/>
   </summlink>
   <summlink nite:id="Bro012.summlink.94">
      <nite:pointer role="extractive"  href="Bro012.A.dialogue-acts.xml#id(Bro012.A.dialogueact377)"/>
      <nite:pointer role="abstractive"  href="Bro012.abssumm.xml#id(Bro012.s.13)"/>
   </summlink>
   <summlink nite:id="Bro012.summlink.95">
      <nite:pointer role="extractive"  href="Bro012.F.dialogue-acts.xml#id(Bro012.F.dialogueact379)"/>
      <nite:pointer role="abstractive"  href="Bro012.abssumm.xml#id(Bro012.s.13)"/>
   </summlink>
   <summlink nite:id="Bro012.summlink.96">
      <nite:pointer role="extractive"  href="Bro012.A.dialogue-acts.xml#id(Bro012.A.dialogueact384)"/>
      <nite:pointer role="abstractive"  href="Bro012.abssumm.xml#id(Bro012.s.13)"/>
   </summlink>
   <summlink nite:id="Bro012.summlink.97">
      <nite:pointer role="extractive"  href="Bro012.A.dialogue-acts.xml#id(Bro012.A.dialogueact386)"/>
      <nite:pointer role="abstractive"  href="Bro012.abssumm.xml#id(Bro012.s.13)"/>
   </summlink>
   <summlink nite:id="Bro012.summlink.98">
      <nite:pointer role="extractive"  href="Bro012.A.dialogue-acts.xml#id(Bro012.A.dialogueact393)"/>
      <nite:pointer role="abstractive"  href="Bro012.abssumm.xml#id(Bro012.s.13)"/>
   </summlink>
   <summlink nite:id="Bro012.summlink.99">
      <nite:pointer role="extractive"  href="Bro012.A.dialogue-acts.xml#id(Bro012.A.dialogueact403)"/>
      <nite:pointer role="abstractive"  href="Bro012.abssumm.xml#id(Bro012.s.13)"/>
   </summlink>
   <summlink nite:id="Bro012.summlink.100">
      <nite:pointer role="extractive"  href="Bro012.A.dialogue-acts.xml#id(Bro012.A.dialogueact408)"/>
      <nite:pointer role="abstractive"  href="Bro012.abssumm.xml#id(Bro012.s.13)"/>
   </summlink>
   <summlink nite:id="Bro012.summlink.101">
      <nite:pointer role="extractive"  href="Bro012.A.dialogue-acts.xml#id(Bro012.A.dialogueact417)"/>
      <nite:pointer role="abstractive"  href="Bro012.abssumm.xml#id(Bro012.s.13)"/>
   </summlink>
   <summlink nite:id="Bro012.summlink.102">
      <nite:pointer role="extractive"  href="Bro012.F.dialogue-acts.xml#id(Bro012.F.dialogueact432)"/>
      <nite:pointer role="abstractive"  href="Bro012.abssumm.xml#id(Bro012.s.16)"/>
   </summlink>
   <summlink nite:id="Bro012.summlink.103">
      <nite:pointer role="extractive"  href="Bro012.F.dialogue-acts.xml#id(Bro012.F.dialogueact435)"/>
      <nite:pointer role="abstractive"  href="Bro012.abssumm.xml#id(Bro012.s.16)"/>
   </summlink>
   <summlink nite:id="Bro012.summlink.104">
      <nite:pointer role="extractive"  href="Bro012.F.dialogue-acts.xml#id(Bro012.F.dialogueact464)"/>
      <nite:pointer role="abstractive"  href="Bro012.abssumm.xml#id(Bro012.s.16)"/>
   </summlink>
   <summlink nite:id="Bro012.summlink.105">
      <nite:pointer role="extractive"  href="Bro012.F.dialogue-acts.xml#id(Bro012.F.dialogueact469)"/>
      <nite:pointer role="abstractive"  href="Bro012.abssumm.xml#id(Bro012.s.16)"/>
   </summlink>
   <summlink nite:id="Bro012.summlink.106">
      <nite:pointer role="extractive"  href="Bro012.F.dialogue-acts.xml#id(Bro012.F.dialogueact470)"/>
      <nite:pointer role="abstractive"  href="Bro012.abssumm.xml#id(Bro012.s.16)"/>
   </summlink>
   <summlink nite:id="Bro012.summlink.107">
      <nite:pointer role="extractive"  href="Bro012.F.dialogue-acts.xml#id(Bro012.F.dialogueact492)"/>
      <nite:pointer role="abstractive"  href="Bro012.abssumm.xml#id(Bro012.s.16)"/>
   </summlink>
   <summlink nite:id="Bro012.summlink.108">
      <nite:pointer role="extractive"  href="Bro012.F.dialogue-acts.xml#id(Bro012.F.dialogueact493)"/>
      <nite:pointer role="abstractive"  href="Bro012.abssumm.xml#id(Bro012.s.16)"/>
   </summlink>
   <summlink nite:id="Bro012.summlink.109">
      <nite:pointer role="extractive"  href="Bro012.F.dialogue-acts.xml#id(Bro012.F.dialogueact494)"/>
      <nite:pointer role="abstractive"  href="Bro012.abssumm.xml#id(Bro012.s.16)"/>
   </summlink>
   <summlink nite:id="Bro012.summlink.110">
      <nite:pointer role="extractive"  href="Bro012.F.dialogue-acts.xml#id(Bro012.F.dialogueact495)"/>
      <nite:pointer role="abstractive"  href="Bro012.abssumm.xml#id(Bro012.s.16)"/>
   </summlink>
   <summlink nite:id="Bro012.summlink.111">
      <nite:pointer role="extractive"  href="Bro012.A.dialogue-acts.xml#id(Bro012.A.dialogueact496)"/>
      <nite:pointer role="abstractive"  href="Bro012.abssumm.xml#id(Bro012.s.16)"/>
   </summlink>
   <summlink nite:id="Bro012.summlink.112">
      <nite:pointer role="extractive"  href="Bro012.F.dialogue-acts.xml#id(Bro012.F.dialogueact507)"/>
      <nite:pointer role="abstractive"  href="Bro012.abssumm.xml#id(Bro012.s.16)"/>
   </summlink>
   <summlink nite:id="Bro012.summlink.113">
      <nite:pointer role="extractive"  href="Bro012.A.dialogue-acts.xml#id(Bro012.A.dialogueact535)"/>
      <nite:pointer role="abstractive"  href="Bro012.abssumm.xml#id(Bro012.s.16)"/>
   </summlink>
   <summlink nite:id="Bro012.summlink.114">
      <nite:pointer role="extractive"  href="Bro012.A.dialogue-acts.xml#id(Bro012.A.dialogueact540)"/>
      <nite:pointer role="abstractive"  href="Bro012.abssumm.xml#id(Bro012.s.16)"/>
   </summlink>
   <summlink nite:id="Bro012.summlink.115">
      <nite:pointer role="extractive"  href="Bro012.A.dialogue-acts.xml#id(Bro012.A.dialogueact553)"/>
      <nite:pointer role="abstractive"  href="Bro012.abssumm.xml#id(Bro012.s.14)"/>
   </summlink>
   <summlink nite:id="Bro012.summlink.116">
      <nite:pointer role="extractive"  href="Bro012.F.dialogue-acts.xml#id(Bro012.F.dialogueact555)"/>
      <nite:pointer role="abstractive"  href="Bro012.abssumm.xml#id(Bro012.s.14)"/>
   </summlink>
   <summlink nite:id="Bro012.summlink.117">
      <nite:pointer role="extractive"  href="Bro012.F.dialogue-acts.xml#id(Bro012.F.dialogueact559)"/>
      <nite:pointer role="abstractive"  href="Bro012.abssumm.xml#id(Bro012.s.14)"/>
   </summlink>
   <summlink nite:id="Bro012.summlink.118">
      <nite:pointer role="extractive"  href="Bro012.F.dialogue-acts.xml#id(Bro012.F.dialogueact565)"/>
      <nite:pointer role="abstractive"  href="Bro012.abssumm.xml#id(Bro012.s.14)"/>
   </summlink>
   <summlink nite:id="Bro012.summlink.119">
      <nite:pointer role="extractive"  href="Bro012.F.dialogue-acts.xml#id(Bro012.F.dialogueact566)"/>
      <nite:pointer role="abstractive"  href="Bro012.abssumm.xml#id(Bro012.s.14)"/>
   </summlink>
   <summlink nite:id="Bro012.summlink.120">
      <nite:pointer role="extractive"  href="Bro012.A.dialogue-acts.xml#id(Bro012.A.dialogueact572)"/>
      <nite:pointer role="abstractive"  href="Bro012.abssumm.xml#id(Bro012.s.5)"/>
   </summlink>
   <summlink nite:id="Bro012.summlink.121">
      <nite:pointer role="extractive"  href="Bro012.F.dialogue-acts.xml#id(Bro012.F.dialogueact574)"/>
      <nite:pointer role="abstractive"  href="Bro012.abssumm.xml#id(Bro012.s.5)"/>
   </summlink>
   <summlink nite:id="Bro012.summlink.122">
      <nite:pointer role="extractive"  href="Bro012.F.dialogue-acts.xml#id(Bro012.F.dialogueact577)"/>
      <nite:pointer role="abstractive"  href="Bro012.abssumm.xml#id(Bro012.s.5)"/>
   </summlink>
   <summlink nite:id="Bro012.summlink.123">
      <nite:pointer role="extractive"  href="Bro012.A.dialogue-acts.xml#id(Bro012.A.dialogueact589)"/>
      <nite:pointer role="abstractive"  href="Bro012.abssumm.xml#id(Bro012.s.5)"/>
   </summlink>
   <summlink nite:id="Bro012.summlink.124">
      <nite:pointer role="extractive"  href="Bro012.A.dialogue-acts.xml#id(Bro012.A.dialogueact590)"/>
      <nite:pointer role="abstractive"  href="Bro012.abssumm.xml#id(Bro012.s.5)"/>
   </summlink>
   <summlink nite:id="Bro012.summlink.125">
      <nite:pointer role="extractive"  href="Bro012.A.dialogue-acts.xml#id(Bro012.A.dialogueact592)"/>
      <nite:pointer role="abstractive"  href="Bro012.abssumm.xml#id(Bro012.s.5)"/>
   </summlink>
   <summlink nite:id="Bro012.summlink.126">
      <nite:pointer role="extractive"  href="Bro012.A.dialogue-acts.xml#id(Bro012.A.dialogueact593)"/>
      <nite:pointer role="abstractive"  href="Bro012.abssumm.xml#id(Bro012.s.5)"/>
   </summlink>
   <summlink nite:id="Bro012.summlink.127">
      <nite:pointer role="extractive"  href="Bro012.A.dialogue-acts.xml#id(Bro012.A.dialogueact649)"/>
      <nite:pointer role="abstractive"  href="Bro012.abssumm.xml#id(Bro012.s.5)"/>
   </summlink>
   <summlink nite:id="Bro012.summlink.128">
      <nite:pointer role="extractive"  href="Bro012.A.dialogue-acts.xml#id(Bro012.A.dialogueact650)"/>
      <nite:pointer role="abstractive"  href="Bro012.abssumm.xml#id(Bro012.s.5)"/>
   </summlink>
   <summlink nite:id="Bro012.summlink.129">
      <nite:pointer role="extractive"  href="Bro012.B.dialogue-acts.xml#id(Bro012.B.dialogueact653)"/>
      <nite:pointer role="abstractive"  href="Bro012.abssumm.xml#id(Bro012.s.5)"/>
   </summlink>
   <summlink nite:id="Bro012.summlink.130">
      <nite:pointer role="extractive"  href="Bro012.B.dialogue-acts.xml#id(Bro012.B.dialogueact654)"/>
      <nite:pointer role="abstractive"  href="Bro012.abssumm.xml#id(Bro012.s.5)"/>
   </summlink>
   <summlink nite:id="Bro012.summlink.131">
      <nite:pointer role="extractive"  href="Bro012.B.dialogue-acts.xml#id(Bro012.B.dialogueact656)"/>
      <nite:pointer role="abstractive"  href="Bro012.abssumm.xml#id(Bro012.s.5)"/>
   </summlink>
   <summlink nite:id="Bro012.summlink.132">
      <nite:pointer role="extractive"  href="Bro012.B.dialogue-acts.xml#id(Bro012.B.dialogueact657)"/>
      <nite:pointer role="abstractive"  href="Bro012.abssumm.xml#id(Bro012.s.5)"/>
   </summlink>
   <summlink nite:id="Bro012.summlink.133">
      <nite:pointer role="extractive"  href="Bro012.C.dialogue-acts.xml#id(Bro012.C.dialogueact663)"/>
      <nite:pointer role="abstractive"  href="Bro012.abssumm.xml#id(Bro012.s.5)"/>
   </summlink>
   <summlink nite:id="Bro012.summlink.134">
      <nite:pointer role="extractive"  href="Bro012.B.dialogue-acts.xml#id(Bro012.B.dialogueact670)"/>
      <nite:pointer role="abstractive"  href="Bro012.abssumm.xml#id(Bro012.s.5)"/>
   </summlink>
   <summlink nite:id="Bro012.summlink.135">
      <nite:pointer role="extractive"  href="Bro012.C.dialogue-acts.xml#id(Bro012.C.dialogueact672)"/>
      <nite:pointer role="abstractive"  href="Bro012.abssumm.xml#id(Bro012.s.5)"/>
   </summlink>
   <summlink nite:id="Bro012.summlink.136">
      <nite:pointer role="extractive"  href="Bro012.A.dialogue-acts.xml#id(Bro012.A.dialogueact675)"/>
      <nite:pointer role="abstractive"  href="Bro012.abssumm.xml#id(Bro012.s.9)"/>
   </summlink>
   <summlink nite:id="Bro012.summlink.137">
      <nite:pointer role="extractive"  href="Bro012.A.dialogue-acts.xml#id(Bro012.A.dialogueact676)"/>
      <nite:pointer role="abstractive"  href="Bro012.abssumm.xml#id(Bro012.s.11)"/>
   </summlink>
   <summlink nite:id="Bro012.summlink.138">
      <nite:pointer role="extractive"  href="Bro012.A.dialogue-acts.xml#id(Bro012.A.dialogueact676)"/>
      <nite:pointer role="abstractive"  href="Bro012.abssumm.xml#id(Bro012.s.9)"/>
   </summlink>
   <summlink nite:id="Bro012.summlink.139">
      <nite:pointer role="extractive"  href="Bro012.A.dialogue-acts.xml#id(Bro012.A.dialogueact681)"/>
      <nite:pointer role="abstractive"  href="Bro012.abssumm.xml#id(Bro012.s.10)"/>
   </summlink>
   <summlink nite:id="Bro012.summlink.141">
      <nite:pointer role="extractive"  href="Bro012.A.dialogue-acts.xml#id(Bro012.A.dialogueact686)"/>
      <nite:pointer role="abstractive"  href="Bro012.abssumm.xml#id(Bro012.s.10)"/>
   </summlink>
   <summlink nite:id="Bro012.summlink.142">
      <nite:pointer role="extractive"  href="Bro012.A.dialogue-acts.xml#id(Bro012.A.dialogueact686)"/>
      <nite:pointer role="abstractive"  href="Bro012.abssumm.xml#id(Bro012.s.11)"/>
   </summlink>
   <summlink nite:id="Bro012.summlink.143">
      <nite:pointer role="extractive"  href="Bro012.A.dialogue-acts.xml#id(Bro012.A.dialogueact697)"/>
      <nite:pointer role="abstractive"  href="Bro012.abssumm.xml#id(Bro012.s.11)"/>
   </summlink>
   <summlink nite:id="Bro012.summlink.144">
      <nite:pointer role="extractive"  href="Bro012.A.dialogue-acts.xml#id(Bro012.A.dialogueact740)"/>
      <nite:pointer role="abstractive"  href="Bro012.abssumm.xml#id(Bro012.s.11)"/>
   </summlink>
   <summlink nite:id="Bro012.summlink.145">
      <nite:pointer role="extractive"  href="Bro012.A.dialogue-acts.xml#id(Bro012.A.dialogueact741)"/>
      <nite:pointer role="abstractive"  href="Bro012.abssumm.xml#id(Bro012.s.11)"/>
   </summlink>
   <summlink nite:id="Bro012.summlink.146">
      <nite:pointer role="extractive"  href="Bro012.A.dialogue-acts.xml#id(Bro012.A.dialogueact746)"/>
      <nite:pointer role="abstractive"  href="Bro012.abssumm.xml#id(Bro012.s.11)"/>
   </summlink>
   <summlink nite:id="Bro012.summlink.147">
      <nite:pointer role="extractive"  href="Bro012.A.dialogue-acts.xml#id(Bro012.A.dialogueact747)"/>
      <nite:pointer role="abstractive"  href="Bro012.abssumm.xml#id(Bro012.s.11)"/>
   </summlink>
   <summlink nite:id="Bro012.summlink.148">
      <nite:pointer role="extractive"  href="Bro012.A.dialogue-acts.xml#id(Bro012.A.dialogueact748)"/>
      <nite:pointer role="abstractive"  href="Bro012.abssumm.xml#id(Bro012.s.11)"/>
   </summlink>
   <summlink nite:id="Bro012.summlink.149">
      <nite:pointer role="extractive"  href="Bro012.F.dialogue-acts.xml#id(Bro012.F.dialogueact756)"/>
      <nite:pointer role="abstractive"  href="Bro012.abssumm.xml#id(Bro012.s.17)"/>
   </summlink>
   <summlink nite:id="Bro012.summlink.150">
      <nite:pointer role="extractive"  href="Bro012.F.dialogue-acts.xml#id(Bro012.F.dialogueact757)"/>
      <nite:pointer role="abstractive"  href="Bro012.abssumm.xml#id(Bro012.s.17)"/>
   </summlink>
   <summlink nite:id="Bro012.summlink.151">
      <nite:pointer role="extractive"  href="Bro012.F.dialogue-acts.xml#id(Bro012.F.dialogueact758)"/>
      <nite:pointer role="abstractive"  href="Bro012.abssumm.xml#id(Bro012.s.17)"/>
   </summlink>
   <summlink nite:id="Bro012.summlink.152">
      <nite:pointer role="extractive"  href="Bro012.F.dialogue-acts.xml#id(Bro012.F.dialogueact760)"/>
      <nite:pointer role="abstractive"  href="Bro012.abssumm.xml#id(Bro012.s.17)"/>
   </summlink>
   <summlink nite:id="Bro012.summlink.153">
      <nite:pointer role="extractive"  href="Bro012.A.dialogue-acts.xml#id(Bro012.A.dialogueact963)"/>
      <nite:pointer role="abstractive"  href="Bro012.abssumm.xml#id(Bro012.s.14)"/>
   </summlink>
   <summlink nite:id="Bro012.summlink.154">
      <nite:pointer role="extractive"  href="Bro012.A.dialogue-acts.xml#id(Bro012.A.dialogueact964)"/>
      <nite:pointer role="abstractive"  href="Bro012.abssumm.xml#id(Bro012.s.14)"/>
   </summlink>
   <summlink nite:id="Bro012.summlink.155">
      <nite:pointer role="extractive"  href="Bro012.F.dialogue-acts.xml#id(Bro012.F.dialogueact969)"/>
      <nite:pointer role="abstractive"  href="Bro012.abssumm.xml#id(Bro012.s.14)"/>
   </summlink>
   <summlink nite:id="Bro012.summlink.156">
      <nite:pointer role="extractive"  href="Bro012.F.dialogue-acts.xml#id(Bro012.F.dialogueact970)"/>
      <nite:pointer role="abstractive"  href="Bro012.abssumm.xml#id(Bro012.s.14)"/>
   </summlink>
   <summlink nite:id="Bro012.summlink.157">
      <nite:pointer role="extractive"  href="Bro012.F.dialogue-acts.xml#id(Bro012.F.dialogueact971)"/>
      <nite:pointer role="abstractive"  href="Bro012.abssumm.xml#id(Bro012.s.14)"/>
   </summlink>
   <summlink nite:id="Bro012.summlink.158">
      <nite:pointer role="extractive"  href="Bro012.A.dialogue-acts.xml#id(Bro012.A.dialogueact963)"/>
      <nite:pointer role="abstractive"  href="Bro012.abssumm.xml#id(Bro012.s.3)"/>
   </summlink>
   <summlink nite:id="Bro012.summlink.159">
      <nite:pointer role="extractive"  href="Bro012.A.dialogue-acts.xml#id(Bro012.A.dialogueact964)"/>
      <nite:pointer role="abstractive"  href="Bro012.abssumm.xml#id(Bro012.s.3)"/>
   </summlink>
   <summlink nite:id="Bro012.summlink.160">
      <nite:pointer role="extractive"  href="Bro012.F.dialogue-acts.xml#id(Bro012.F.dialogueact993)"/>
      <nite:pointer role="abstractive"  href="Bro012.abssumm.xml#id(Bro012.s.14)"/>
   </summlink>
   <summlink nite:id="Bro012.summlink.161">
      <nite:pointer role="extractive"  href="Bro012.F.dialogue-acts.xml#id(Bro012.F.dialogueact993)"/>
      <nite:pointer role="abstractive"  href="Bro012.abssumm.xml#id(Bro012.s.17)"/>
   </summlink>
   <summlink nite:id="Bro012.summlink.162">
      <nite:pointer role="extractive"  href="Bro012.F.dialogue-acts.xml#id(Bro012.F.dialogueact996)"/>
      <nite:pointer role="abstractive"  href="Bro012.abssumm.xml#id(Bro012.s.17)"/>
   </summlink>
   <summlink nite:id="Bro012.summlink.163">
      <nite:pointer role="extractive"  href="Bro012.F.dialogue-acts.xml#id(Bro012.F.dialogueact996)"/>
      <nite:pointer role="abstractive"  href="Bro012.abssumm.xml#id(Bro012.s.14)"/>
   </summlink>
   <summlink nite:id="Bro012.summlink.164">
      <nite:pointer role="extractive"  href="Bro012.F.dialogue-acts.xml#id(Bro012.F.dialogueact997)"/>
      <nite:pointer role="abstractive"  href="Bro012.abssumm.xml#id(Bro012.s.14)"/>
   </summlink>
   <summlink nite:id="Bro012.summlink.165">
      <nite:pointer role="extractive"  href="Bro012.F.dialogue-acts.xml#id(Bro012.F.dialogueact999)"/>
      <nite:pointer role="abstractive"  href="Bro012.abssumm.xml#id(Bro012.s.14)"/>
   </summlink>
   <summlink nite:id="Bro012.summlink.166">
      <nite:pointer role="extractive"  href="Bro012.A.dialogue-acts.xml#id(Bro012.A.dialogueact1003)"/>
      <nite:pointer role="abstractive"  href="Bro012.abssumm.xml#id(Bro012.s.14)"/>
   </summlink>
   <summlink nite:id="Bro012.summlink.167">
      <nite:pointer role="extractive"  href="Bro012.A.dialogue-acts.xml#id(Bro012.A.dialogueact1005)"/>
      <nite:pointer role="abstractive"  href="Bro012.abssumm.xml#id(Bro012.s.14)"/>
   </summlink>
   <summlink nite:id="Bro012.summlink.168">
      <nite:pointer role="extractive"  href="Bro012.A.dialogue-acts.xml#id(Bro012.A.dialogueact1006)"/>
      <nite:pointer role="abstractive"  href="Bro012.abssumm.xml#id(Bro012.s.14)"/>
   </summlink>
   <summlink nite:id="Bro012.summlink.169">
      <nite:pointer role="extractive"  href="Bro012.A.dialogue-acts.xml#id(Bro012.A.dialogueact1012)"/>
      <nite:pointer role="abstractive"  href="Bro012.abssumm.xml#id(Bro012.s.14)"/>
   </summlink>
   <summlink nite:id="Bro012.summlink.170">
      <nite:pointer role="extractive"  href="Bro012.A.dialogue-acts.xml#id(Bro012.A.dialogueact1047)"/>
      <nite:pointer role="abstractive"  href="Bro012.abssumm.xml#id(Bro012.s.7)"/>
   </summlink>
   <summlink nite:id="Bro012.summlink.171">
      <nite:pointer role="extractive"  href="Bro012.F.dialogue-acts.xml#id(Bro012.F.dialogueact1048)"/>
      <nite:pointer role="abstractive"  href="Bro012.abssumm.xml#id(Bro012.s.7)"/>
   </summlink>
   <summlink nite:id="Bro012.summlink.172">
      <nite:pointer role="extractive"  href="Bro012.A.dialogue-acts.xml#id(Bro012.A.dialogueact1054)"/>
      <nite:pointer role="abstractive"  href="Bro012.abssumm.xml#id(Bro012.s.8)"/>
   </summlink>
   <summlink nite:id="Bro012.summlink.173">
      <nite:pointer role="extractive"  href="Bro012.A.dialogue-acts.xml#id(Bro012.A.dialogueact1058)"/>
      <nite:pointer role="abstractive"  href="Bro012.abssumm.xml#id(Bro012.s.8)"/>
   </summlink>
   <summlink nite:id="Bro012.summlink.174">
      <nite:pointer role="extractive"  href="Bro012.A.dialogue-acts.xml#id(Bro012.A.dialogueact1062)"/>
      <nite:pointer role="abstractive"  href="Bro012.abssumm.xml#id(Bro012.s.8)"/>
   </summlink>
   <summlink nite:id="Bro012.summlink.175">
      <nite:pointer role="extractive"  href="Bro012.A.dialogue-acts.xml#id(Bro012.A.dialogueact1063)"/>
      <nite:pointer role="abstractive"  href="Bro012.abssumm.xml#id(Bro012.s.8)"/>
   </summlink>
   <summlink nite:id="Bro012.summlink.176">
      <nite:pointer role="extractive"  href="Bro012.F.dialogue-acts.xml#id(Bro012.F.dialogueact1067)"/>
      <nite:pointer role="abstractive"  href="Bro012.abssumm.xml#id(Bro012.s.8)"/>
   </summlink>
   <summlink nite:id="Bro012.summlink.177">
      <nite:pointer role="extractive"  href="Bro012.F.dialogue-acts.xml#id(Bro012.F.dialogueact1074)"/>
      <nite:pointer role="abstractive"  href="Bro012.abssumm.xml#id(Bro012.s.8)"/>
   </summlink>
   <summlink nite:id="Bro012.summlink.178">
      <nite:pointer role="extractive"  href="Bro012.F.dialogue-acts.xml#id(Bro012.F.dialogueact1076)"/>
      <nite:pointer role="abstractive"  href="Bro012.abssumm.xml#id(Bro012.s.8)"/>
   </summlink>
   <summlink nite:id="Bro012.summlink.179">
      <nite:pointer role="extractive"  href="Bro012.D.dialogue-acts.xml#id(Bro012.D.dialogueact1078)"/>
      <nite:pointer role="abstractive"  href="Bro012.abssumm.xml#id(Bro012.s.8)"/>
   </summlink>
   <summlink nite:id="Bro012.summlink.180">
      <nite:pointer role="extractive"  href="Bro012.A.dialogue-acts.xml#id(Bro012.A.dialogueact1088)"/>
      <nite:pointer role="abstractive"  href="Bro012.abssumm.xml#id(Bro012.s.8)"/>
   </summlink>
   <summlink nite:id="Bro012.summlink.181">
      <nite:pointer role="extractive"  href="Bro012.A.dialogue-acts.xml#id(Bro012.A.dialogueact1092)"/>
      <nite:pointer role="abstractive"  href="Bro012.abssumm.xml#id(Bro012.s.8)"/>
   </summlink>
   <summlink nite:id="Bro012.summlink.182">
      <nite:pointer role="extractive"  href="Bro012.A.dialogue-acts.xml#id(Bro012.A.dialogueact1108)"/>
      <nite:pointer role="abstractive"  href="Bro012.abssumm.xml#id(Bro012.s.7)"/>
   </summlink>
   <summlink nite:id="Bro012.summlink.183">
      <nite:pointer role="extractive"  href="Bro012.A.dialogue-acts.xml#id(Bro012.A.dialogueact1109)"/>
      <nite:pointer role="abstractive"  href="Bro012.abssumm.xml#id(Bro012.s.7)"/>
   </summlink>
   <summlink nite:id="Bro012.summlink.184">
      <nite:pointer role="extractive"  href="Bro012.A.dialogue-acts.xml#id(Bro012.A.dialogueact1111)"/>
      <nite:pointer role="abstractive"  href="Bro012.abssumm.xml#id(Bro012.s.7)"/>
   </summlink>
   <summlink nite:id="Bro012.summlink.185">
      <nite:pointer role="extractive"  href="Bro012.A.dialogue-acts.xml#id(Bro012.A.dialogueact1115)"/>
      <nite:pointer role="abstractive"  href="Bro012.abssumm.xml#id(Bro012.s.7)"/>
   </summlink>
   <summlink nite:id="Bro012.summlink.187">
      <nite:pointer role="extractive"  href="Bro012.D.dialogue-acts.xml#id(Bro012.D.dialogueact1118)"/>
      <nite:pointer role="abstractive"  href="Bro012.abssumm.xml#id(Bro012.s.18)"/>
   </summlink>
   <summlink nite:id="Bro012.summlink.188">
      <nite:pointer role="extractive"  href="Bro012.F.dialogue-acts.xml#id(Bro012.F.dialogueact1123)"/>
      <nite:pointer role="abstractive"  href="Bro012.abssumm.xml#id(Bro012.s.18)"/>
   </summlink>
   <summlink nite:id="Bro012.summlink.189">
      <nite:pointer role="extractive"  href="Bro012.A.dialogue-acts.xml#id(Bro012.A.dialogueact1126)"/>
      <nite:pointer role="abstractive"  href="Bro012.abssumm.xml#id(Bro012.s.18)"/>
   </summlink>
   <summlink nite:id="Bro012.summlink.190">
      <nite:pointer role="extractive"  href="Bro012.F.dialogue-acts.xml#id(Bro012.F.dialogueact1129)"/>
      <nite:pointer role="abstractive"  href="Bro012.abssumm.xml#id(Bro012.s.18)"/>
   </summlink>
   <summlink nite:id="Bro012.summlink.191">
      <nite:pointer role="extractive"  href="Bro012.F.dialogue-acts.xml#id(Bro012.F.dialogueact1135)"/>
      <nite:pointer role="abstractive"  href="Bro012.abssumm.xml#id(Bro012.s.18)"/>
   </summlink>
   <summlink nite:id="Bro012.summlink.192">
      <nite:pointer role="extractive"  href="Bro012.F.dialogue-acts.xml#id(Bro012.F.dialogueact1180)"/>
      <nite:pointer role="abstractive"  href="Bro012.abssumm.xml#id(Bro012.s.18)"/>
   </summlink>
   <summlink nite:id="Bro012.summlink.193">
      <nite:pointer role="extractive"  href="Bro012.F.dialogue-acts.xml#id(Bro012.F.dialogueact1181)"/>
      <nite:pointer role="abstractive"  href="Bro012.abssumm.xml#id(Bro012.s.18)"/>
   </summlink>
   <summlink nite:id="Bro012.summlink.194">
      <nite:pointer role="extractive"  href="Bro012.F.dialogue-acts.xml#id(Bro012.F.dialogueact1182)"/>
      <nite:pointer role="abstractive"  href="Bro012.abssumm.xml#id(Bro012.s.18)"/>
   </summlink>
   <summlink nite:id="Bro012.summlink.195">
      <nite:pointer role="extractive"  href="Bro012.F.dialogue-acts.xml#id(Bro012.F.dialogueact1188)"/>
      <nite:pointer role="abstractive"  href="Bro012.abssumm.xml#id(Bro012.s.18)"/>
   </summlink>
   <summlink nite:id="Bro012.summlink.196">
      <nite:pointer role="extractive"  href="Bro012.F.dialogue-acts.xml#id(Bro012.F.dialogueact1190)"/>
      <nite:pointer role="abstractive"  href="Bro012.abssumm.xml#id(Bro012.s.18)"/>
   </summlink>
   <summlink nite:id="Bro012.summlink.197">
      <nite:pointer role="extractive"  href="Bro012.F.dialogue-acts.xml#id(Bro012.F.dialogueact1192)"/>
      <nite:pointer role="abstractive"  href="Bro012.abssumm.xml#id(Bro012.s.18)"/>
   </summlink>
   <summlink nite:id="Bro012.summlink.198">
      <nite:pointer role="extractive"  href="Bro012.F.dialogue-acts.xml#id(Bro012.F.dialogueact1193)"/>
      <nite:pointer role="abstractive"  href="Bro012.abssumm.xml#id(Bro012.s.18)"/>
   </summlink>
   <summlink nite:id="Bro012.summlink.199">
      <nite:pointer role="extractive"  href="Bro012.A.dialogue-acts.xml#id(Bro012.A.dialogueact1197)"/>
      <nite:pointer role="abstractive"  href="Bro012.abssumm.xml#id(Bro012.s.18)"/>
   </summlink>
   <summlink nite:id="Bro012.summlink.200">
      <nite:pointer role="extractive"  href="Bro012.A.dialogue-acts.xml#id(Bro012.A.dialogueact1200)"/>
      <nite:pointer role="abstractive"  href="Bro012.abssumm.xml#id(Bro012.s.18)"/>
   </summlink>
   <summlink nite:id="Bro012.summlink.201">
      <nite:pointer role="extractive"  href="Bro012.A.dialogue-acts.xml#id(Bro012.A.dialogueact1204)"/>
      <nite:pointer role="abstractive"  href="Bro012.abssumm.xml#id(Bro012.s.18)"/>
   </summlink>
   <summlink nite:id="Bro012.summlink.202">
      <nite:pointer role="extractive"  href="Bro012.A.dialogue-acts.xml#id(Bro012.A.dialogueact1209)"/>
      <nite:pointer role="abstractive"  href="Bro012.abssumm.xml#id(Bro012.s.18)"/>
   </summlink>
   <summlink nite:id="Bro012.summlink.203">
      <nite:pointer role="extractive"  href="Bro012.A.dialogue-acts.xml#id(Bro012.A.dialogueact1212)"/>
      <nite:pointer role="abstractive"  href="Bro012.abssumm.xml#id(Bro012.s.18)"/>
   </summlink>
   <summlink nite:id="Bro012.summlink.204">
      <nite:pointer role="extractive"  href="Bro012.A.dialogue-acts.xml#id(Bro012.A.dialogueact1216)"/>
      <nite:pointer role="abstractive"  href="Bro012.abssumm.xml#id(Bro012.s.18)"/>
   </summlink>
   <summlink nite:id="Bro012.summlink.205">
      <nite:pointer role="extractive"  href="Bro012.A.dialogue-acts.xml#id(Bro012.A.dialogueact1219)"/>
      <nite:pointer role="abstractive"  href="Bro012.abssumm.xml#id(Bro012.s.18)"/>
   </summlink>
   <summlink nite:id="Bro012.summlink.206">
      <nite:pointer role="extractive"  href="Bro012.A.dialogue-acts.xml#id(Bro012.A.dialogueact1224)"/>
      <nite:pointer role="abstractive"  href="Bro012.abssumm.xml#id(Bro012.s.18)"/>
   </summlink>
   <summlink nite:id="Bro012.summlink.207">
      <nite:pointer role="extractive"  href="Bro012.A.dialogue-acts.xml#id(Bro012.A.dialogueact1225)"/>
      <nite:pointer role="abstractive"  href="Bro012.abssumm.xml#id(Bro012.s.18)"/>
   </summlink>
   <summlink nite:id="Bro012.summlink.208">
      <nite:pointer role="extractive"  href="Bro012.A.dialogue-acts.xml#id(Bro012.A.dialogueact1320)"/>
      <nite:pointer role="abstractive"  href="Bro012.abssumm.xml#id(Bro012.s.17)"/>
   </summlink>
   <summlink nite:id="Bro012.summlink.209">
      <nite:pointer role="extractive"  href="Bro012.F.dialogue-acts.xml#id(Bro012.F.dialogueact1322)"/>
      <nite:pointer role="abstractive"  href="Bro012.abssumm.xml#id(Bro012.s.17)"/>
   </summlink>
   <summlink nite:id="Bro012.summlink.210">
      <nite:pointer role="extractive"  href="Bro012.F.dialogue-acts.xml#id(Bro012.F.dialogueact1322)"/>
      <nite:pointer role="abstractive"  href="Bro012.abssumm.xml#id(Bro012.s.18)"/>
   </summlink>
   <summlink nite:id="Bro012.summlink.211">
      <nite:pointer role="extractive"  href="Bro012.A.dialogue-acts.xml#id(Bro012.A.dialogueact1320)"/>
      <nite:pointer role="abstractive"  href="Bro012.abssumm.xml#id(Bro012.s.18)"/>
   </summlink>
   <summlink nite:id="Bro012.summlink.212">
      <nite:pointer role="extractive"  href="Bro012.F.dialogue-acts.xml#id(Bro012.F.dialogueact1323)"/>
      <nite:pointer role="abstractive"  href="Bro012.abssumm.xml#id(Bro012.s.18)"/>
   </summlink>
   <summlink nite:id="Bro012.summlink.213">
      <nite:pointer role="extractive"  href="Bro012.F.dialogue-acts.xml#id(Bro012.F.dialogueact1323)"/>
      <nite:pointer role="abstractive"  href="Bro012.abssumm.xml#id(Bro012.s.17)"/>
   </summlink>
   <summlink nite:id="Bro012.summlink.214">
      <nite:pointer role="extractive"  href="Bro012.F.dialogue-acts.xml#id(Bro012.F.dialogueact1324)"/>
      <nite:pointer role="abstractive"  href="Bro012.abssumm.xml#id(Bro012.s.17)"/>
   </summlink>
   <summlink nite:id="Bro012.summlink.215">
      <nite:pointer role="extractive"  href="Bro012.F.dialogue-acts.xml#id(Bro012.F.dialogueact1327)"/>
      <nite:pointer role="abstractive"  href="Bro012.abssumm.xml#id(Bro012.s.17)"/>
   </summlink>
   <summlink nite:id="Bro012.summlink.216">
      <nite:pointer role="extractive"  href="Bro012.F.dialogue-acts.xml#id(Bro012.F.dialogueact1332)"/>
      <nite:pointer role="abstractive"  href="Bro012.abssumm.xml#id(Bro012.s.17)"/>
   </summlink>
   <summlink nite:id="Bro012.summlink.217">
      <nite:pointer role="extractive"  href="Bro012.A.dialogue-acts.xml#id(Bro012.A.dialogueact1343)"/>
      <nite:pointer role="abstractive"  href="Bro012.abssumm.xml#id(Bro012.s.14)"/>
   </summlink>
   <summlink nite:id="Bro012.summlink.218">
      <nite:pointer role="extractive"  href="Bro012.A.dialogue-acts.xml#id(Bro012.A.dialogueact1343)"/>
      <nite:pointer role="abstractive"  href="Bro012.abssumm.xml#id(Bro012.s.18)"/>
   </summlink>
   <summlink nite:id="Bro012.summlink.219">
      <nite:pointer role="extractive"  href="Bro012.A.dialogue-acts.xml#id(Bro012.A.dialogueact1346)"/>
      <nite:pointer role="abstractive"  href="Bro012.abssumm.xml#id(Bro012.s.18)"/>
   </summlink>
   <summlink nite:id="Bro012.summlink.220">
      <nite:pointer role="extractive"  href="Bro012.A.dialogue-acts.xml#id(Bro012.A.dialogueact1346)"/>
      <nite:pointer role="abstractive"  href="Bro012.abssumm.xml#id(Bro012.s.14)"/>
   </summlink>
</nite:root>