<?xml version="1.0" encoding="ISO-8859-1" standalone="yes"?>
<nite:root nite:id="Bro018.summlink" xmlns:nite="http://nite.sourceforge.net/">
   <summlink nite:id="Bro018.summlink.1">
      <nite:pointer role="extractive"  href="Bro018.C.dialogue-acts.xml#id(Bro018.C.dialogueact1)"/>
      <nite:pointer role="abstractive"  href="Bro018.abssumm.xml#id(Bro018.s.3)"/>
   </summlink>
   <summlink nite:id="Bro018.summlink.2">
      <nite:pointer role="extractive"  href="Bro018.C.dialogue-acts.xml#id(Bro018.C.dialogueact1)"/>
      <nite:pointer role="abstractive"  href="Bro018.abssumm.xml#id(Bro018.s.5)"/>
   </summlink>
   <summlink nite:id="Bro018.summlink.3">
      <nite:pointer role="extractive"  href="Bro018.D.dialogue-acts.xml#id(Bro018.D.dialogueact4)"/>
      <nite:pointer role="abstractive"  href="Bro018.abssumm.xml#id(Bro018.s.5)"/>
   </summlink>
   <summlink nite:id="Bro018.summlink.4">
      <nite:pointer role="extractive"  href="Bro018.D.dialogue-acts.xml#id(Bro018.D.dialogueact6)"/>
      <nite:pointer role="abstractive"  href="Bro018.abssumm.xml#id(Bro018.s.5)"/>
   </summlink>
   <summlink nite:id="Bro018.summlink.5">
      <nite:pointer role="extractive"  href="Bro018.D.dialogue-acts.xml#id(Bro018.D.dialogueact6)"/>
      <nite:pointer role="abstractive"  href="Bro018.abssumm.xml#id(Bro018.s.6)"/>
   </summlink>
   <summlink nite:id="Bro018.summlink.6">
      <nite:pointer role="extractive"  href="Bro018.D.dialogue-acts.xml#id(Bro018.D.dialogueact8)"/>
      <nite:pointer role="abstractive"  href="Bro018.abssumm.xml#id(Bro018.s.5)"/>
   </summlink>
   <summlink nite:id="Bro018.summlink.7">
      <nite:pointer role="extractive"  href="Bro018.D.dialogue-acts.xml#id(Bro018.D.dialogueact8)"/>
      <nite:pointer role="abstractive"  href="Bro018.abssumm.xml#id(Bro018.s.6)"/>
   </summlink>
   <summlink nite:id="Bro018.summlink.8">
      <nite:pointer role="extractive"  href="Bro018.D.dialogue-acts.xml#id(Bro018.D.dialogueact18)"/>
      <nite:pointer role="abstractive"  href="Bro018.abssumm.xml#id(Bro018.s.6)"/>
   </summlink>
   <summlink nite:id="Bro018.summlink.9">
      <nite:pointer role="extractive"  href="Bro018.D.dialogue-acts.xml#id(Bro018.D.dialogueact19)"/>
      <nite:pointer role="abstractive"  href="Bro018.abssumm.xml#id(Bro018.s.6)"/>
   </summlink>
   <summlink nite:id="Bro018.summlink.10">
      <nite:pointer role="extractive"  href="Bro018.D.dialogue-acts.xml#id(Bro018.D.dialogueact21)"/>
      <nite:pointer role="abstractive"  href="Bro018.abssumm.xml#id(Bro018.s.6)"/>
   </summlink>
   <summlink nite:id="Bro018.summlink.11">
      <nite:pointer role="extractive"  href="Bro018.D.dialogue-acts.xml#id(Bro018.D.dialogueact22)"/>
      <nite:pointer role="abstractive"  href="Bro018.abssumm.xml#id(Bro018.s.6)"/>
   </summlink>
   <summlink nite:id="Bro018.summlink.12">
      <nite:pointer role="extractive"  href="Bro018.D.dialogue-acts.xml#id(Bro018.D.dialogueact23)"/>
      <nite:pointer role="abstractive"  href="Bro018.abssumm.xml#id(Bro018.s.6)"/>
   </summlink>
   <summlink nite:id="Bro018.summlink.13">
      <nite:pointer role="extractive"  href="Bro018.D.dialogue-acts.xml#id(Bro018.D.dialogueact24)"/>
      <nite:pointer role="abstractive"  href="Bro018.abssumm.xml#id(Bro018.s.6)"/>
   </summlink>
   <summlink nite:id="Bro018.summlink.14">
      <nite:pointer role="extractive"  href="Bro018.D.dialogue-acts.xml#id(Bro018.D.dialogueact26)"/>
      <nite:pointer role="abstractive"  href="Bro018.abssumm.xml#id(Bro018.s.6)"/>
   </summlink>
   <summlink nite:id="Bro018.summlink.15">
      <nite:pointer role="extractive"  href="Bro018.D.dialogue-acts.xml#id(Bro018.D.dialogueact323)"/>
      <nite:pointer role="abstractive"  href="Bro018.abssumm.xml#id(Bro018.s.7)"/>
   </summlink>
   <summlink nite:id="Bro018.summlink.16">
      <nite:pointer role="extractive"  href="Bro018.D.dialogue-acts.xml#id(Bro018.D.dialogueact323)"/>
      <nite:pointer role="abstractive"  href="Bro018.abssumm.xml#id(Bro018.s.4)"/>
   </summlink>
   <summlink nite:id="Bro018.summlink.17">
      <nite:pointer role="extractive"  href="Bro018.D.dialogue-acts.xml#id(Bro018.D.dialogueact324)"/>
      <nite:pointer role="abstractive"  href="Bro018.abssumm.xml#id(Bro018.s.7)"/>
   </summlink>
   <summlink nite:id="Bro018.summlink.18">
      <nite:pointer role="extractive"  href="Bro018.D.dialogue-acts.xml#id(Bro018.D.dialogueact324)"/>
      <nite:pointer role="abstractive"  href="Bro018.abssumm.xml#id(Bro018.s.4)"/>
   </summlink>
   <summlink nite:id="Bro018.summlink.19">
      <nite:pointer role="extractive"  href="Bro018.D.dialogue-acts.xml#id(Bro018.D.dialogueact326)"/>
      <nite:pointer role="abstractive"  href="Bro018.abssumm.xml#id(Bro018.s.7)"/>
   </summlink>
   <summlink nite:id="Bro018.summlink.20">
      <nite:pointer role="extractive"  href="Bro018.D.dialogue-acts.xml#id(Bro018.D.dialogueact326)"/>
      <nite:pointer role="abstractive"  href="Bro018.abssumm.xml#id(Bro018.s.4)"/>
   </summlink>
   <summlink nite:id="Bro018.summlink.21">
      <nite:pointer role="extractive"  href="Bro018.D.dialogue-acts.xml#id(Bro018.D.dialogueact333)"/>
      <nite:pointer role="abstractive"  href="Bro018.abssumm.xml#id(Bro018.s.7)"/>
   </summlink>
   <summlink nite:id="Bro018.summlink.22">
      <nite:pointer role="extractive"  href="Bro018.D.dialogue-acts.xml#id(Bro018.D.dialogueact333)"/>
      <nite:pointer role="abstractive"  href="Bro018.abssumm.xml#id(Bro018.s.4)"/>
   </summlink>
   <summlink nite:id="Bro018.summlink.23">
      <nite:pointer role="extractive"  href="Bro018.D.dialogue-acts.xml#id(Bro018.D.dialogueact334)"/>
      <nite:pointer role="abstractive"  href="Bro018.abssumm.xml#id(Bro018.s.7)"/>
   </summlink>
   <summlink nite:id="Bro018.summlink.24">
      <nite:pointer role="extractive"  href="Bro018.D.dialogue-acts.xml#id(Bro018.D.dialogueact334)"/>
      <nite:pointer role="abstractive"  href="Bro018.abssumm.xml#id(Bro018.s.4)"/>
   </summlink>
   <summlink nite:id="Bro018.summlink.25">
      <nite:pointer role="extractive"  href="Bro018.D.dialogue-acts.xml#id(Bro018.D.dialogueact335)"/>
      <nite:pointer role="abstractive"  href="Bro018.abssumm.xml#id(Bro018.s.4)"/>
   </summlink>
   <summlink nite:id="Bro018.summlink.26">
      <nite:pointer role="extractive"  href="Bro018.D.dialogue-acts.xml#id(Bro018.D.dialogueact335)"/>
      <nite:pointer role="abstractive"  href="Bro018.abssumm.xml#id(Bro018.s.7)"/>
   </summlink>
   <summlink nite:id="Bro018.summlink.27">
      <nite:pointer role="extractive"  href="Bro018.C.dialogue-acts.xml#id(Bro018.C.dialogueact409)"/>
      <nite:pointer role="abstractive"  href="Bro018.abssumm.xml#id(Bro018.s.3)"/>
   </summlink>
   <summlink nite:id="Bro018.summlink.28">
      <nite:pointer role="extractive"  href="Bro018.D.dialogue-acts.xml#id(Bro018.D.dialogueact411)"/>
      <nite:pointer role="abstractive"  href="Bro018.abssumm.xml#id(Bro018.s.3)"/>
   </summlink>
   <summlink nite:id="Bro018.summlink.29">
      <nite:pointer role="extractive"  href="Bro018.C.dialogue-acts.xml#id(Bro018.C.dialogueact419)"/>
      <nite:pointer role="abstractive"  href="Bro018.abssumm.xml#id(Bro018.s.3)"/>
   </summlink>
   <summlink nite:id="Bro018.summlink.30">
      <nite:pointer role="extractive"  href="Bro018.D.dialogue-acts.xml#id(Bro018.D.dialogueact323)"/>
      <nite:pointer role="abstractive"  href="Bro018.abssumm.xml#id(Bro018.s.3)"/>
   </summlink>
   <summlink nite:id="Bro018.summlink.31">
      <nite:pointer role="extractive"  href="Bro018.D.dialogue-acts.xml#id(Bro018.D.dialogueact324)"/>
      <nite:pointer role="abstractive"  href="Bro018.abssumm.xml#id(Bro018.s.3)"/>
   </summlink>
   <summlink nite:id="Bro018.summlink.32">
      <nite:pointer role="extractive"  href="Bro018.D.dialogue-acts.xml#id(Bro018.D.dialogueact326)"/>
      <nite:pointer role="abstractive"  href="Bro018.abssumm.xml#id(Bro018.s.3)"/>
   </summlink>
   <summlink nite:id="Bro018.summlink.33">
      <nite:pointer role="extractive"  href="Bro018.D.dialogue-acts.xml#id(Bro018.D.dialogueact333)"/>
      <nite:pointer role="abstractive"  href="Bro018.abssumm.xml#id(Bro018.s.3)"/>
   </summlink>
   <summlink nite:id="Bro018.summlink.34">
      <nite:pointer role="extractive"  href="Bro018.D.dialogue-acts.xml#id(Bro018.D.dialogueact334)"/>
      <nite:pointer role="abstractive"  href="Bro018.abssumm.xml#id(Bro018.s.3)"/>
   </summlink>
   <summlink nite:id="Bro018.summlink.35">
      <nite:pointer role="extractive"  href="Bro018.D.dialogue-acts.xml#id(Bro018.D.dialogueact335)"/>
      <nite:pointer role="abstractive"  href="Bro018.abssumm.xml#id(Bro018.s.3)"/>
   </summlink>
   <summlink nite:id="Bro018.summlink.36">
      <nite:pointer role="extractive"  href="Bro018.C.dialogue-acts.xml#id(Bro018.C.dialogueact442)"/>
      <nite:pointer role="abstractive"  href="Bro018.abssumm.xml#id(Bro018.s.8)"/>
   </summlink>
   <summlink nite:id="Bro018.summlink.37">
      <nite:pointer role="extractive"  href="Bro018.A.dialogue-acts.xml#id(Bro018.A.dialogueact454)"/>
      <nite:pointer role="abstractive"  href="Bro018.abssumm.xml#id(Bro018.s.8)"/>
   </summlink>
   <summlink nite:id="Bro018.summlink.38">
      <nite:pointer role="extractive"  href="Bro018.A.dialogue-acts.xml#id(Bro018.A.dialogueact455)"/>
      <nite:pointer role="abstractive"  href="Bro018.abssumm.xml#id(Bro018.s.8)"/>
   </summlink>
   <summlink nite:id="Bro018.summlink.39">
      <nite:pointer role="extractive"  href="Bro018.A.dialogue-acts.xml#id(Bro018.A.dialogueact456)"/>
      <nite:pointer role="abstractive"  href="Bro018.abssumm.xml#id(Bro018.s.8)"/>
   </summlink>
   <summlink nite:id="Bro018.summlink.40">
      <nite:pointer role="extractive"  href="Bro018.A.dialogue-acts.xml#id(Bro018.A.dialogueact457)"/>
      <nite:pointer role="abstractive"  href="Bro018.abssumm.xml#id(Bro018.s.8)"/>
   </summlink>
   <summlink nite:id="Bro018.summlink.41">
      <nite:pointer role="extractive"  href="Bro018.A.dialogue-acts.xml#id(Bro018.A.dialogueact458)"/>
      <nite:pointer role="abstractive"  href="Bro018.abssumm.xml#id(Bro018.s.8)"/>
   </summlink>
   <summlink nite:id="Bro018.summlink.42">
      <nite:pointer role="extractive"  href="Bro018.C.dialogue-acts.xml#id(Bro018.C.dialogueact790)"/>
      <nite:pointer role="abstractive"  href="Bro018.abssumm.xml#id(Bro018.s.9)"/>
   </summlink>
   <summlink nite:id="Bro018.summlink.43">
      <nite:pointer role="extractive"  href="Bro018.C.dialogue-acts.xml#id(Bro018.C.dialogueact796)"/>
      <nite:pointer role="abstractive"  href="Bro018.abssumm.xml#id(Bro018.s.9)"/>
   </summlink>
   <summlink nite:id="Bro018.summlink.44">
      <nite:pointer role="extractive"  href="Bro018.C.dialogue-acts.xml#id(Bro018.C.dialogueact802)"/>
      <nite:pointer role="abstractive"  href="Bro018.abssumm.xml#id(Bro018.s.9)"/>
   </summlink>
   <summlink nite:id="Bro018.summlink.45">
      <nite:pointer role="extractive"  href="Bro018.C.dialogue-acts.xml#id(Bro018.C.dialogueact805)"/>
      <nite:pointer role="abstractive"  href="Bro018.abssumm.xml#id(Bro018.s.9)"/>
   </summlink>
   <summlink nite:id="Bro018.summlink.46">
      <nite:pointer role="extractive"  href="Bro018.C.dialogue-acts.xml#id(Bro018.C.dialogueact806)"/>
      <nite:pointer role="abstractive"  href="Bro018.abssumm.xml#id(Bro018.s.9)"/>
   </summlink>
   <summlink nite:id="Bro018.summlink.47">
      <nite:pointer role="extractive"  href="Bro018.E.dialogue-acts.xml#id(Bro018.E.dialogueact809)"/>
      <nite:pointer role="abstractive"  href="Bro018.abssumm.xml#id(Bro018.s.9)"/>
   </summlink>
   <summlink nite:id="Bro018.summlink.48">
      <nite:pointer role="extractive"  href="Bro018.E.dialogue-acts.xml#id(Bro018.E.dialogueact810)"/>
      <nite:pointer role="abstractive"  href="Bro018.abssumm.xml#id(Bro018.s.9)"/>
   </summlink>
   <summlink nite:id="Bro018.summlink.49">
      <nite:pointer role="extractive"  href="Bro018.E.dialogue-acts.xml#id(Bro018.E.dialogueact812)"/>
      <nite:pointer role="abstractive"  href="Bro018.abssumm.xml#id(Bro018.s.9)"/>
   </summlink>
   <summlink nite:id="Bro018.summlink.50">
      <nite:pointer role="extractive"  href="Bro018.E.dialogue-acts.xml#id(Bro018.E.dialogueact813)"/>
      <nite:pointer role="abstractive"  href="Bro018.abssumm.xml#id(Bro018.s.9)"/>
   </summlink>
   <summlink nite:id="Bro018.summlink.51">
      <nite:pointer role="extractive"  href="Bro018.E.dialogue-acts.xml#id(Bro018.E.dialogueact814)"/>
      <nite:pointer role="abstractive"  href="Bro018.abssumm.xml#id(Bro018.s.9)"/>
   </summlink>
   <summlink nite:id="Bro018.summlink.52">
      <nite:pointer role="extractive"  href="Bro018.E.dialogue-acts.xml#id(Bro018.E.dialogueact815)"/>
      <nite:pointer role="abstractive"  href="Bro018.abssumm.xml#id(Bro018.s.9)"/>
   </summlink>
   <summlink nite:id="Bro018.summlink.53">
      <nite:pointer role="extractive"  href="Bro018.C.dialogue-acts.xml#id(Bro018.C.dialogueact819)"/>
      <nite:pointer role="abstractive"  href="Bro018.abssumm.xml#id(Bro018.s.9)"/>
   </summlink>
   <summlink nite:id="Bro018.summlink.54">
      <nite:pointer role="extractive"  href="Bro018.E.dialogue-acts.xml#id(Bro018.E.dialogueact823)"/>
      <nite:pointer role="abstractive"  href="Bro018.abssumm.xml#id(Bro018.s.9)"/>
   </summlink>
   <summlink nite:id="Bro018.summlink.55">
      <nite:pointer role="extractive"  href="Bro018.E.dialogue-acts.xml#id(Bro018.E.dialogueact824)"/>
      <nite:pointer role="abstractive"  href="Bro018.abssumm.xml#id(Bro018.s.9)"/>
   </summlink>
   <summlink nite:id="Bro018.summlink.56">
      <nite:pointer role="extractive"  href="Bro018.B.dialogue-acts.xml#id(Bro018.B.dialogueact1083)"/>
      <nite:pointer role="abstractive"  href="Bro018.abssumm.xml#id(Bro018.s.10)"/>
   </summlink>
   <summlink nite:id="Bro018.summlink.57">
      <nite:pointer role="extractive"  href="Bro018.B.dialogue-acts.xml#id(Bro018.B.dialogueact1087)"/>
      <nite:pointer role="abstractive"  href="Bro018.abssumm.xml#id(Bro018.s.2)"/>
   </summlink>
   <summlink nite:id="Bro018.summlink.58">
      <nite:pointer role="extractive"  href="Bro018.B.dialogue-acts.xml#id(Bro018.B.dialogueact1087)"/>
      <nite:pointer role="abstractive"  href="Bro018.abssumm.xml#id(Bro018.s.10)"/>
   </summlink>
   <summlink nite:id="Bro018.summlink.59">
      <nite:pointer role="extractive"  href="Bro018.B.dialogue-acts.xml#id(Bro018.B.dialogueact1089)"/>
      <nite:pointer role="abstractive"  href="Bro018.abssumm.xml#id(Bro018.s.2)"/>
   </summlink>
   <summlink nite:id="Bro018.summlink.60">
      <nite:pointer role="extractive"  href="Bro018.B.dialogue-acts.xml#id(Bro018.B.dialogueact1089)"/>
      <nite:pointer role="abstractive"  href="Bro018.abssumm.xml#id(Bro018.s.10)"/>
   </summlink>
   <summlink nite:id="Bro018.summlink.61">
      <nite:pointer role="extractive"  href="Bro018.B.dialogue-acts.xml#id(Bro018.B.dialogueact1090)"/>
      <nite:pointer role="abstractive"  href="Bro018.abssumm.xml#id(Bro018.s.10)"/>
   </summlink>
   <summlink nite:id="Bro018.summlink.62">
      <nite:pointer role="extractive"  href="Bro018.B.dialogue-acts.xml#id(Bro018.B.dialogueact1096)"/>
      <nite:pointer role="abstractive"  href="Bro018.abssumm.xml#id(Bro018.s.10)"/>
   </summlink>
   <summlink nite:id="Bro018.summlink.63">
      <nite:pointer role="extractive"  href="Bro018.B.dialogue-acts.xml#id(Bro018.B.dialogueact1097)"/>
      <nite:pointer role="abstractive"  href="Bro018.abssumm.xml#id(Bro018.s.10)"/>
   </summlink>
   <summlink nite:id="Bro018.summlink.64">
      <nite:pointer role="extractive"  href="Bro018.B.dialogue-acts.xml#id(Bro018.B.dialogueact1101)"/>
      <nite:pointer role="abstractive"  href="Bro018.abssumm.xml#id(Bro018.s.10)"/>
   </summlink>
   <summlink nite:id="Bro018.summlink.65">
      <nite:pointer role="extractive"  href="Bro018.B.dialogue-acts.xml#id(Bro018.B.dialogueact1102)"/>
      <nite:pointer role="abstractive"  href="Bro018.abssumm.xml#id(Bro018.s.10)"/>
   </summlink>
   <summlink nite:id="Bro018.summlink.66">
      <nite:pointer role="extractive"  href="Bro018.B.dialogue-acts.xml#id(Bro018.B.dialogueact1103)"/>
      <nite:pointer role="abstractive"  href="Bro018.abssumm.xml#id(Bro018.s.10)"/>
   </summlink>
   <summlink nite:id="Bro018.summlink.67">
      <nite:pointer role="extractive"  href="Bro018.B.dialogue-acts.xml#id(Bro018.B.dialogueact1104)"/>
      <nite:pointer role="abstractive"  href="Bro018.abssumm.xml#id(Bro018.s.10)"/>
   </summlink>
   <summlink nite:id="Bro018.summlink.68">
      <nite:pointer role="extractive"  href="Bro018.B.dialogue-acts.xml#id(Bro018.B.dialogueact1105)"/>
      <nite:pointer role="abstractive"  href="Bro018.abssumm.xml#id(Bro018.s.10)"/>
   </summlink>
   <summlink nite:id="Bro018.summlink.69">
      <nite:pointer role="extractive"  href="Bro018.B.dialogue-acts.xml#id(Bro018.B.dialogueact1106)"/>
      <nite:pointer role="abstractive"  href="Bro018.abssumm.xml#id(Bro018.s.10)"/>
   </summlink>
</nite:root>