<?xml version="1.0" encoding="ISO-8859-1" standalone="yes"?>
<nite:root nite:id="Bro017.summlink" xmlns:nite="http://nite.sourceforge.net/">
   <summlink nite:id="Bro017.summlink.2">
      <nite:pointer role="extractive"  href="Bro017.B.dialogue-acts.xml#id(Bro017.B.dialogueact23)"/>
      <nite:pointer role="abstractive"  href="Bro017.abssumm.xml#id(Bro017.s.2)"/>
   </summlink>
   <summlink nite:id="Bro017.summlink.3">
      <nite:pointer role="extractive"  href="Bro017.B.dialogue-acts.xml#id(Bro017.B.dialogueact24)"/>
      <nite:pointer role="abstractive"  href="Bro017.abssumm.xml#id(Bro017.s.2)"/>
   </summlink>
   <summlink nite:id="Bro017.summlink.4">
      <nite:pointer role="extractive"  href="Bro017.B.dialogue-acts.xml#id(Bro017.B.dialogueact25)"/>
      <nite:pointer role="abstractive"  href="Bro017.abssumm.xml#id(Bro017.s.2)"/>
   </summlink>
   <summlink nite:id="Bro017.summlink.5">
      <nite:pointer role="extractive"  href="Bro017.B.dialogue-acts.xml#id(Bro017.B.dialogueact25)"/>
      <nite:pointer role="abstractive"  href="Bro017.abssumm.xml#id(Bro017.s.3)"/>
   </summlink>
   <summlink nite:id="Bro017.summlink.6">
      <nite:pointer role="extractive"  href="Bro017.E.dialogue-acts.xml#id(Bro017.E.dialogueact29)"/>
      <nite:pointer role="abstractive"  href="Bro017.abssumm.xml#id(Bro017.s.3)"/>
   </summlink>
   <summlink nite:id="Bro017.summlink.7">
      <nite:pointer role="extractive"  href="Bro017.E.dialogue-acts.xml#id(Bro017.E.dialogueact32)"/>
      <nite:pointer role="abstractive"  href="Bro017.abssumm.xml#id(Bro017.s.3)"/>
   </summlink>
   <summlink nite:id="Bro017.summlink.8">
      <nite:pointer role="extractive"  href="Bro017.B.dialogue-acts.xml#id(Bro017.B.dialogueact33)"/>
      <nite:pointer role="abstractive"  href="Bro017.abssumm.xml#id(Bro017.s.3)"/>
   </summlink>
   <summlink nite:id="Bro017.summlink.9">
      <nite:pointer role="extractive"  href="Bro017.B.dialogue-acts.xml#id(Bro017.B.dialogueact33)"/>
      <nite:pointer role="abstractive"  href="Bro017.abssumm.xml#id(Bro017.s.10)"/>
   </summlink>
   <summlink nite:id="Bro017.summlink.10">
      <nite:pointer role="extractive"  href="Bro017.E.dialogue-acts.xml#id(Bro017.E.dialogueact34)"/>
      <nite:pointer role="abstractive"  href="Bro017.abssumm.xml#id(Bro017.s.10)"/>
   </summlink>
   <summlink nite:id="Bro017.summlink.11">
      <nite:pointer role="extractive"  href="Bro017.B.dialogue-acts.xml#id(Bro017.B.dialogueact35)"/>
      <nite:pointer role="abstractive"  href="Bro017.abssumm.xml#id(Bro017.s.10)"/>
   </summlink>
   <summlink nite:id="Bro017.summlink.12">
      <nite:pointer role="extractive"  href="Bro017.B.dialogue-acts.xml#id(Bro017.B.dialogueact37)"/>
      <nite:pointer role="abstractive"  href="Bro017.abssumm.xml#id(Bro017.s.10)"/>
   </summlink>
   <summlink nite:id="Bro017.summlink.13">
      <nite:pointer role="extractive"  href="Bro017.B.dialogue-acts.xml#id(Bro017.B.dialogueact38)"/>
      <nite:pointer role="abstractive"  href="Bro017.abssumm.xml#id(Bro017.s.10)"/>
   </summlink>
   <summlink nite:id="Bro017.summlink.14">
      <nite:pointer role="extractive"  href="Bro017.B.dialogue-acts.xml#id(Bro017.B.dialogueact40)"/>
      <nite:pointer role="abstractive"  href="Bro017.abssumm.xml#id(Bro017.s.10)"/>
   </summlink>
   <summlink nite:id="Bro017.summlink.15">
      <nite:pointer role="extractive"  href="Bro017.B.dialogue-acts.xml#id(Bro017.B.dialogueact42)"/>
      <nite:pointer role="abstractive"  href="Bro017.abssumm.xml#id(Bro017.s.10)"/>
   </summlink>
   <summlink nite:id="Bro017.summlink.16">
      <nite:pointer role="extractive"  href="Bro017.B.dialogue-acts.xml#id(Bro017.B.dialogueact43)"/>
      <nite:pointer role="abstractive"  href="Bro017.abssumm.xml#id(Bro017.s.10)"/>
   </summlink>
   <summlink nite:id="Bro017.summlink.17">
      <nite:pointer role="extractive"  href="Bro017.B.dialogue-acts.xml#id(Bro017.B.dialogueact51)"/>
      <nite:pointer role="abstractive"  href="Bro017.abssumm.xml#id(Bro017.s.10)"/>
   </summlink>
   <summlink nite:id="Bro017.summlink.18">
      <nite:pointer role="extractive"  href="Bro017.B.dialogue-acts.xml#id(Bro017.B.dialogueact52)"/>
      <nite:pointer role="abstractive"  href="Bro017.abssumm.xml#id(Bro017.s.10)"/>
   </summlink>
   <summlink nite:id="Bro017.summlink.19">
      <nite:pointer role="extractive"  href="Bro017.B.dialogue-acts.xml#id(Bro017.B.dialogueact54)"/>
      <nite:pointer role="abstractive"  href="Bro017.abssumm.xml#id(Bro017.s.10)"/>
   </summlink>
   <summlink nite:id="Bro017.summlink.20">
      <nite:pointer role="extractive"  href="Bro017.B.dialogue-acts.xml#id(Bro017.B.dialogueact58)"/>
      <nite:pointer role="abstractive"  href="Bro017.abssumm.xml#id(Bro017.s.10)"/>
   </summlink>
   <summlink nite:id="Bro017.summlink.21">
      <nite:pointer role="extractive"  href="Bro017.B.dialogue-acts.xml#id(Bro017.B.dialogueact59)"/>
      <nite:pointer role="abstractive"  href="Bro017.abssumm.xml#id(Bro017.s.10)"/>
   </summlink>
   <summlink nite:id="Bro017.summlink.22">
      <nite:pointer role="extractive"  href="Bro017.B.dialogue-acts.xml#id(Bro017.B.dialogueact61)"/>
      <nite:pointer role="abstractive"  href="Bro017.abssumm.xml#id(Bro017.s.10)"/>
   </summlink>
   <summlink nite:id="Bro017.summlink.23">
      <nite:pointer role="extractive"  href="Bro017.B.dialogue-acts.xml#id(Bro017.B.dialogueact62)"/>
      <nite:pointer role="abstractive"  href="Bro017.abssumm.xml#id(Bro017.s.10)"/>
   </summlink>
   <summlink nite:id="Bro017.summlink.24">
      <nite:pointer role="extractive"  href="Bro017.B.dialogue-acts.xml#id(Bro017.B.dialogueact63)"/>
      <nite:pointer role="abstractive"  href="Bro017.abssumm.xml#id(Bro017.s.10)"/>
   </summlink>
   <summlink nite:id="Bro017.summlink.25">
      <nite:pointer role="extractive"  href="Bro017.B.dialogue-acts.xml#id(Bro017.B.dialogueact65)"/>
      <nite:pointer role="abstractive"  href="Bro017.abssumm.xml#id(Bro017.s.10)"/>
   </summlink>
   <summlink nite:id="Bro017.summlink.26">
      <nite:pointer role="extractive"  href="Bro017.B.dialogue-acts.xml#id(Bro017.B.dialogueact66)"/>
      <nite:pointer role="abstractive"  href="Bro017.abssumm.xml#id(Bro017.s.10)"/>
   </summlink>
   <summlink nite:id="Bro017.summlink.27">
      <nite:pointer role="extractive"  href="Bro017.B.dialogue-acts.xml#id(Bro017.B.dialogueact67)"/>
      <nite:pointer role="abstractive"  href="Bro017.abssumm.xml#id(Bro017.s.10)"/>
   </summlink>
   <summlink nite:id="Bro017.summlink.28">
      <nite:pointer role="extractive"  href="Bro017.B.dialogue-acts.xml#id(Bro017.B.dialogueact74)"/>
      <nite:pointer role="abstractive"  href="Bro017.abssumm.xml#id(Bro017.s.10)"/>
   </summlink>
   <summlink nite:id="Bro017.summlink.29">
      <nite:pointer role="extractive"  href="Bro017.B.dialogue-acts.xml#id(Bro017.B.dialogueact75)"/>
      <nite:pointer role="abstractive"  href="Bro017.abssumm.xml#id(Bro017.s.10)"/>
   </summlink>
   <summlink nite:id="Bro017.summlink.30">
      <nite:pointer role="extractive"  href="Bro017.B.dialogue-acts.xml#id(Bro017.B.dialogueact79)"/>
      <nite:pointer role="abstractive"  href="Bro017.abssumm.xml#id(Bro017.s.10)"/>
   </summlink>
   <summlink nite:id="Bro017.summlink.31">
      <nite:pointer role="extractive"  href="Bro017.B.dialogue-acts.xml#id(Bro017.B.dialogueact81)"/>
      <nite:pointer role="abstractive"  href="Bro017.abssumm.xml#id(Bro017.s.10)"/>
   </summlink>
   <summlink nite:id="Bro017.summlink.32">
      <nite:pointer role="extractive"  href="Bro017.B.dialogue-acts.xml#id(Bro017.B.dialogueact87)"/>
      <nite:pointer role="abstractive"  href="Bro017.abssumm.xml#id(Bro017.s.10)"/>
   </summlink>
   <summlink nite:id="Bro017.summlink.33">
      <nite:pointer role="extractive"  href="Bro017.B.dialogue-acts.xml#id(Bro017.B.dialogueact88)"/>
      <nite:pointer role="abstractive"  href="Bro017.abssumm.xml#id(Bro017.s.10)"/>
   </summlink>
   <summlink nite:id="Bro017.summlink.34">
      <nite:pointer role="extractive"  href="Bro017.B.dialogue-acts.xml#id(Bro017.B.dialogueact90)"/>
      <nite:pointer role="abstractive"  href="Bro017.abssumm.xml#id(Bro017.s.10)"/>
   </summlink>
   <summlink nite:id="Bro017.summlink.35">
      <nite:pointer role="extractive"  href="Bro017.B.dialogue-acts.xml#id(Bro017.B.dialogueact91)"/>
      <nite:pointer role="abstractive"  href="Bro017.abssumm.xml#id(Bro017.s.10)"/>
   </summlink>
   <summlink nite:id="Bro017.summlink.36">
      <nite:pointer role="extractive"  href="Bro017.B.dialogue-acts.xml#id(Bro017.B.dialogueact97)"/>
      <nite:pointer role="abstractive"  href="Bro017.abssumm.xml#id(Bro017.s.10)"/>
   </summlink>
   <summlink nite:id="Bro017.summlink.37">
      <nite:pointer role="extractive"  href="Bro017.B.dialogue-acts.xml#id(Bro017.B.dialogueact99)"/>
      <nite:pointer role="abstractive"  href="Bro017.abssumm.xml#id(Bro017.s.10)"/>
   </summlink>
   <summlink nite:id="Bro017.summlink.38">
      <nite:pointer role="extractive"  href="Bro017.B.dialogue-acts.xml#id(Bro017.B.dialogueact101)"/>
      <nite:pointer role="abstractive"  href="Bro017.abssumm.xml#id(Bro017.s.10)"/>
   </summlink>
   <summlink nite:id="Bro017.summlink.39">
      <nite:pointer role="extractive"  href="Bro017.B.dialogue-acts.xml#id(Bro017.B.dialogueact101)"/>
      <nite:pointer role="abstractive"  href="Bro017.abssumm.xml#id(Bro017.s.11)"/>
   </summlink>
   <summlink nite:id="Bro017.summlink.40">
      <nite:pointer role="extractive"  href="Bro017.B.dialogue-acts.xml#id(Bro017.B.dialogueact103)"/>
      <nite:pointer role="abstractive"  href="Bro017.abssumm.xml#id(Bro017.s.11)"/>
   </summlink>
   <summlink nite:id="Bro017.summlink.41">
      <nite:pointer role="extractive"  href="Bro017.B.dialogue-acts.xml#id(Bro017.B.dialogueact105)"/>
      <nite:pointer role="abstractive"  href="Bro017.abssumm.xml#id(Bro017.s.11)"/>
   </summlink>
   <summlink nite:id="Bro017.summlink.42">
      <nite:pointer role="extractive"  href="Bro017.B.dialogue-acts.xml#id(Bro017.B.dialogueact106)"/>
      <nite:pointer role="abstractive"  href="Bro017.abssumm.xml#id(Bro017.s.11)"/>
   </summlink>
   <summlink nite:id="Bro017.summlink.43">
      <nite:pointer role="extractive"  href="Bro017.B.dialogue-acts.xml#id(Bro017.B.dialogueact119)"/>
      <nite:pointer role="abstractive"  href="Bro017.abssumm.xml#id(Bro017.s.11)"/>
   </summlink>
   <summlink nite:id="Bro017.summlink.44">
      <nite:pointer role="extractive"  href="Bro017.B.dialogue-acts.xml#id(Bro017.B.dialogueact121)"/>
      <nite:pointer role="abstractive"  href="Bro017.abssumm.xml#id(Bro017.s.11)"/>
   </summlink>
   <summlink nite:id="Bro017.summlink.45">
      <nite:pointer role="extractive"  href="Bro017.B.dialogue-acts.xml#id(Bro017.B.dialogueact122)"/>
      <nite:pointer role="abstractive"  href="Bro017.abssumm.xml#id(Bro017.s.11)"/>
   </summlink>
   <summlink nite:id="Bro017.summlink.46">
      <nite:pointer role="extractive"  href="Bro017.B.dialogue-acts.xml#id(Bro017.B.dialogueact125)"/>
      <nite:pointer role="abstractive"  href="Bro017.abssumm.xml#id(Bro017.s.11)"/>
   </summlink>
   <summlink nite:id="Bro017.summlink.47">
      <nite:pointer role="extractive"  href="Bro017.B.dialogue-acts.xml#id(Bro017.B.dialogueact126)"/>
      <nite:pointer role="abstractive"  href="Bro017.abssumm.xml#id(Bro017.s.11)"/>
   </summlink>
   <summlink nite:id="Bro017.summlink.48">
      <nite:pointer role="extractive"  href="Bro017.B.dialogue-acts.xml#id(Bro017.B.dialogueact128)"/>
      <nite:pointer role="abstractive"  href="Bro017.abssumm.xml#id(Bro017.s.11)"/>
   </summlink>
   <summlink nite:id="Bro017.summlink.49">
      <nite:pointer role="extractive"  href="Bro017.B.dialogue-acts.xml#id(Bro017.B.dialogueact129)"/>
      <nite:pointer role="abstractive"  href="Bro017.abssumm.xml#id(Bro017.s.11)"/>
   </summlink>
   <summlink nite:id="Bro017.summlink.50">
      <nite:pointer role="extractive"  href="Bro017.B.dialogue-acts.xml#id(Bro017.B.dialogueact130)"/>
      <nite:pointer role="abstractive"  href="Bro017.abssumm.xml#id(Bro017.s.11)"/>
   </summlink>
   <summlink nite:id="Bro017.summlink.51">
      <nite:pointer role="extractive"  href="Bro017.B.dialogue-acts.xml#id(Bro017.B.dialogueact131)"/>
      <nite:pointer role="abstractive"  href="Bro017.abssumm.xml#id(Bro017.s.11)"/>
   </summlink>
   <summlink nite:id="Bro017.summlink.52">
      <nite:pointer role="extractive"  href="Bro017.B.dialogue-acts.xml#id(Bro017.B.dialogueact132)"/>
      <nite:pointer role="abstractive"  href="Bro017.abssumm.xml#id(Bro017.s.11)"/>
   </summlink>
   <summlink nite:id="Bro017.summlink.53">
      <nite:pointer role="extractive"  href="Bro017.B.dialogue-acts.xml#id(Bro017.B.dialogueact136)"/>
      <nite:pointer role="abstractive"  href="Bro017.abssumm.xml#id(Bro017.s.11)"/>
   </summlink>
   <summlink nite:id="Bro017.summlink.54">
      <nite:pointer role="extractive"  href="Bro017.B.dialogue-acts.xml#id(Bro017.B.dialogueact137)"/>
      <nite:pointer role="abstractive"  href="Bro017.abssumm.xml#id(Bro017.s.11)"/>
   </summlink>
   <summlink nite:id="Bro017.summlink.55">
      <nite:pointer role="extractive"  href="Bro017.B.dialogue-acts.xml#id(Bro017.B.dialogueact138)"/>
      <nite:pointer role="abstractive"  href="Bro017.abssumm.xml#id(Bro017.s.11)"/>
   </summlink>
   <summlink nite:id="Bro017.summlink.56">
      <nite:pointer role="extractive"  href="Bro017.B.dialogue-acts.xml#id(Bro017.B.dialogueact175)"/>
      <nite:pointer role="abstractive"  href="Bro017.abssumm.xml#id(Bro017.s.4)"/>
   </summlink>
   <summlink nite:id="Bro017.summlink.57">
      <nite:pointer role="extractive"  href="Bro017.B.dialogue-acts.xml#id(Bro017.B.dialogueact175)"/>
      <nite:pointer role="abstractive"  href="Bro017.abssumm.xml#id(Bro017.s.12)"/>
   </summlink>
   <summlink nite:id="Bro017.summlink.58">
      <nite:pointer role="extractive"  href="Bro017.B.dialogue-acts.xml#id(Bro017.B.dialogueact176)"/>
      <nite:pointer role="abstractive"  href="Bro017.abssumm.xml#id(Bro017.s.12)"/>
   </summlink>
   <summlink nite:id="Bro017.summlink.59">
      <nite:pointer role="extractive"  href="Bro017.B.dialogue-acts.xml#id(Bro017.B.dialogueact177)"/>
      <nite:pointer role="abstractive"  href="Bro017.abssumm.xml#id(Bro017.s.12)"/>
   </summlink>
   <summlink nite:id="Bro017.summlink.60">
      <nite:pointer role="extractive"  href="Bro017.B.dialogue-acts.xml#id(Bro017.B.dialogueact178)"/>
      <nite:pointer role="abstractive"  href="Bro017.abssumm.xml#id(Bro017.s.12)"/>
   </summlink>
   <summlink nite:id="Bro017.summlink.61">
      <nite:pointer role="extractive"  href="Bro017.B.dialogue-acts.xml#id(Bro017.B.dialogueact179)"/>
      <nite:pointer role="abstractive"  href="Bro017.abssumm.xml#id(Bro017.s.12)"/>
   </summlink>
   <summlink nite:id="Bro017.summlink.62">
      <nite:pointer role="extractive"  href="Bro017.B.dialogue-acts.xml#id(Bro017.B.dialogueact228)"/>
      <nite:pointer role="abstractive"  href="Bro017.abssumm.xml#id(Bro017.s.13)"/>
   </summlink>
   <summlink nite:id="Bro017.summlink.63">
      <nite:pointer role="extractive"  href="Bro017.B.dialogue-acts.xml#id(Bro017.B.dialogueact228)"/>
      <nite:pointer role="abstractive"  href="Bro017.abssumm.xml#id(Bro017.s.4)"/>
   </summlink>
   <summlink nite:id="Bro017.summlink.64">
      <nite:pointer role="extractive"  href="Bro017.B.dialogue-acts.xml#id(Bro017.B.dialogueact229)"/>
      <nite:pointer role="abstractive"  href="Bro017.abssumm.xml#id(Bro017.s.13)"/>
   </summlink>
   <summlink nite:id="Bro017.summlink.65">
      <nite:pointer role="extractive"  href="Bro017.B.dialogue-acts.xml#id(Bro017.B.dialogueact238)"/>
      <nite:pointer role="abstractive"  href="Bro017.abssumm.xml#id(Bro017.s.13)"/>
   </summlink>
   <summlink nite:id="Bro017.summlink.66">
      <nite:pointer role="extractive"  href="Bro017.B.dialogue-acts.xml#id(Bro017.B.dialogueact241)"/>
      <nite:pointer role="abstractive"  href="Bro017.abssumm.xml#id(Bro017.s.13)"/>
   </summlink>
   <summlink nite:id="Bro017.summlink.67">
      <nite:pointer role="extractive"  href="Bro017.B.dialogue-acts.xml#id(Bro017.B.dialogueact242)"/>
      <nite:pointer role="abstractive"  href="Bro017.abssumm.xml#id(Bro017.s.13)"/>
   </summlink>
   <summlink nite:id="Bro017.summlink.68">
      <nite:pointer role="extractive"  href="Bro017.B.dialogue-acts.xml#id(Bro017.B.dialogueact244)"/>
      <nite:pointer role="abstractive"  href="Bro017.abssumm.xml#id(Bro017.s.13)"/>
   </summlink>
   <summlink nite:id="Bro017.summlink.69">
      <nite:pointer role="extractive"  href="Bro017.B.dialogue-acts.xml#id(Bro017.B.dialogueact246)"/>
      <nite:pointer role="abstractive"  href="Bro017.abssumm.xml#id(Bro017.s.13)"/>
   </summlink>
   <summlink nite:id="Bro017.summlink.70">
      <nite:pointer role="extractive"  href="Bro017.B.dialogue-acts.xml#id(Bro017.B.dialogueact248)"/>
      <nite:pointer role="abstractive"  href="Bro017.abssumm.xml#id(Bro017.s.13)"/>
   </summlink>
   <summlink nite:id="Bro017.summlink.71">
      <nite:pointer role="extractive"  href="Bro017.B.dialogue-acts.xml#id(Bro017.B.dialogueact250)"/>
      <nite:pointer role="abstractive"  href="Bro017.abssumm.xml#id(Bro017.s.13)"/>
   </summlink>
   <summlink nite:id="Bro017.summlink.72">
      <nite:pointer role="extractive"  href="Bro017.B.dialogue-acts.xml#id(Bro017.B.dialogueact254)"/>
      <nite:pointer role="abstractive"  href="Bro017.abssumm.xml#id(Bro017.s.13)"/>
   </summlink>
   <summlink nite:id="Bro017.summlink.73">
      <nite:pointer role="extractive"  href="Bro017.E.dialogue-acts.xml#id(Bro017.E.dialogueact576)"/>
      <nite:pointer role="abstractive"  href="Bro017.abssumm.xml#id(Bro017.s.5)"/>
   </summlink>
   <summlink nite:id="Bro017.summlink.74">
      <nite:pointer role="extractive"  href="Bro017.E.dialogue-acts.xml#id(Bro017.E.dialogueact576)"/>
      <nite:pointer role="abstractive"  href="Bro017.abssumm.xml#id(Bro017.s.14)"/>
   </summlink>
   <summlink nite:id="Bro017.summlink.75">
      <nite:pointer role="extractive"  href="Bro017.E.dialogue-acts.xml#id(Bro017.E.dialogueact577)"/>
      <nite:pointer role="abstractive"  href="Bro017.abssumm.xml#id(Bro017.s.14)"/>
   </summlink>
   <summlink nite:id="Bro017.summlink.76">
      <nite:pointer role="extractive"  href="Bro017.C.dialogue-acts.xml#id(Bro017.C.dialogueact579)"/>
      <nite:pointer role="abstractive"  href="Bro017.abssumm.xml#id(Bro017.s.14)"/>
   </summlink>
   <summlink nite:id="Bro017.summlink.77">
      <nite:pointer role="extractive"  href="Bro017.D.dialogue-acts.xml#id(Bro017.D.dialogueact581)"/>
      <nite:pointer role="abstractive"  href="Bro017.abssumm.xml#id(Bro017.s.14)"/>
   </summlink>
   <summlink nite:id="Bro017.summlink.78">
      <nite:pointer role="extractive"  href="Bro017.D.dialogue-acts.xml#id(Bro017.D.dialogueact583)"/>
      <nite:pointer role="abstractive"  href="Bro017.abssumm.xml#id(Bro017.s.14)"/>
   </summlink>
   <summlink nite:id="Bro017.summlink.79">
      <nite:pointer role="extractive"  href="Bro017.C.dialogue-acts.xml#id(Bro017.C.dialogueact588)"/>
      <nite:pointer role="abstractive"  href="Bro017.abssumm.xml#id(Bro017.s.14)"/>
   </summlink>
   <summlink nite:id="Bro017.summlink.80">
      <nite:pointer role="extractive"  href="Bro017.E.dialogue-acts.xml#id(Bro017.E.dialogueact594)"/>
      <nite:pointer role="abstractive"  href="Bro017.abssumm.xml#id(Bro017.s.5)"/>
   </summlink>
   <summlink nite:id="Bro017.summlink.81">
      <nite:pointer role="extractive"  href="Bro017.E.dialogue-acts.xml#id(Bro017.E.dialogueact594)"/>
      <nite:pointer role="abstractive"  href="Bro017.abssumm.xml#id(Bro017.s.14)"/>
   </summlink>
   <summlink nite:id="Bro017.summlink.82">
      <nite:pointer role="extractive"  href="Bro017.C.dialogue-acts.xml#id(Bro017.C.dialogueact598)"/>
      <nite:pointer role="abstractive"  href="Bro017.abssumm.xml#id(Bro017.s.14)"/>
   </summlink>
   <summlink nite:id="Bro017.summlink.83">
      <nite:pointer role="extractive"  href="Bro017.C.dialogue-acts.xml#id(Bro017.C.dialogueact599)"/>
      <nite:pointer role="abstractive"  href="Bro017.abssumm.xml#id(Bro017.s.14)"/>
   </summlink>
   <summlink nite:id="Bro017.summlink.84">
      <nite:pointer role="extractive"  href="Bro017.C.dialogue-acts.xml#id(Bro017.C.dialogueact600)"/>
      <nite:pointer role="abstractive"  href="Bro017.abssumm.xml#id(Bro017.s.14)"/>
   </summlink>
   <summlink nite:id="Bro017.summlink.85">
      <nite:pointer role="extractive"  href="Bro017.B.dialogue-acts.xml#id(Bro017.B.dialogueact611)"/>
      <nite:pointer role="abstractive"  href="Bro017.abssumm.xml#id(Bro017.s.6)"/>
   </summlink>
   <summlink nite:id="Bro017.summlink.86">
      <nite:pointer role="extractive"  href="Bro017.B.dialogue-acts.xml#id(Bro017.B.dialogueact613)"/>
      <nite:pointer role="abstractive"  href="Bro017.abssumm.xml#id(Bro017.s.6)"/>
   </summlink>
   <summlink nite:id="Bro017.summlink.87">
      <nite:pointer role="extractive"  href="Bro017.B.dialogue-acts.xml#id(Bro017.B.dialogueact615)"/>
      <nite:pointer role="abstractive"  href="Bro017.abssumm.xml#id(Bro017.s.6)"/>
   </summlink>
   <summlink nite:id="Bro017.summlink.88">
      <nite:pointer role="extractive"  href="Bro017.B.dialogue-acts.xml#id(Bro017.B.dialogueact618)"/>
      <nite:pointer role="abstractive"  href="Bro017.abssumm.xml#id(Bro017.s.6)"/>
   </summlink>
   <summlink nite:id="Bro017.summlink.89">
      <nite:pointer role="extractive"  href="Bro017.B.dialogue-acts.xml#id(Bro017.B.dialogueact624)"/>
      <nite:pointer role="abstractive"  href="Bro017.abssumm.xml#id(Bro017.s.6)"/>
   </summlink>
   <summlink nite:id="Bro017.summlink.90">
      <nite:pointer role="extractive"  href="Bro017.B.dialogue-acts.xml#id(Bro017.B.dialogueact633)"/>
      <nite:pointer role="abstractive"  href="Bro017.abssumm.xml#id(Bro017.s.6)"/>
   </summlink>
   <summlink nite:id="Bro017.summlink.91">
      <nite:pointer role="extractive"  href="Bro017.B.dialogue-acts.xml#id(Bro017.B.dialogueact638)"/>
      <nite:pointer role="abstractive"  href="Bro017.abssumm.xml#id(Bro017.s.6)"/>
   </summlink>
   <summlink nite:id="Bro017.summlink.92">
      <nite:pointer role="extractive"  href="Bro017.B.dialogue-acts.xml#id(Bro017.B.dialogueact639)"/>
      <nite:pointer role="abstractive"  href="Bro017.abssumm.xml#id(Bro017.s.6)"/>
   </summlink>
   <summlink nite:id="Bro017.summlink.93">
      <nite:pointer role="extractive"  href="Bro017.B.dialogue-acts.xml#id(Bro017.B.dialogueact644)"/>
      <nite:pointer role="abstractive"  href="Bro017.abssumm.xml#id(Bro017.s.6)"/>
   </summlink>
   <summlink nite:id="Bro017.summlink.94">
      <nite:pointer role="extractive"  href="Bro017.B.dialogue-acts.xml#id(Bro017.B.dialogueact648)"/>
      <nite:pointer role="abstractive"  href="Bro017.abssumm.xml#id(Bro017.s.6)"/>
   </summlink>
   <summlink nite:id="Bro017.summlink.95">
      <nite:pointer role="extractive"  href="Bro017.B.dialogue-acts.xml#id(Bro017.B.dialogueact649)"/>
      <nite:pointer role="abstractive"  href="Bro017.abssumm.xml#id(Bro017.s.6)"/>
   </summlink>
   <summlink nite:id="Bro017.summlink.96">
      <nite:pointer role="extractive"  href="Bro017.B.dialogue-acts.xml#id(Bro017.B.dialogueact1167)"/>
      <nite:pointer role="abstractive"  href="Bro017.abssumm.xml#id(Bro017.s.8)"/>
   </summlink>
   <summlink nite:id="Bro017.summlink.97">
      <nite:pointer role="extractive"  href="Bro017.B.dialogue-acts.xml#id(Bro017.B.dialogueact1168)"/>
      <nite:pointer role="abstractive"  href="Bro017.abssumm.xml#id(Bro017.s.8)"/>
   </summlink>
   <summlink nite:id="Bro017.summlink.98">
      <nite:pointer role="extractive"  href="Bro017.B.dialogue-acts.xml#id(Bro017.B.dialogueact1169)"/>
      <nite:pointer role="abstractive"  href="Bro017.abssumm.xml#id(Bro017.s.8)"/>
   </summlink>
   <summlink nite:id="Bro017.summlink.99">
      <nite:pointer role="extractive"  href="Bro017.E.dialogue-acts.xml#id(Bro017.E.dialogueact1178)"/>
      <nite:pointer role="abstractive"  href="Bro017.abssumm.xml#id(Bro017.s.9)"/>
   </summlink>
   <summlink nite:id="Bro017.summlink.100">
      <nite:pointer role="extractive"  href="Bro017.B.dialogue-acts.xml#id(Bro017.B.dialogueact1181)"/>
      <nite:pointer role="abstractive"  href="Bro017.abssumm.xml#id(Bro017.s.9)"/>
   </summlink>
   <summlink nite:id="Bro017.summlink.101">
      <nite:pointer role="extractive"  href="Bro017.E.dialogue-acts.xml#id(Bro017.E.dialogueact1188)"/>
      <nite:pointer role="abstractive"  href="Bro017.abssumm.xml#id(Bro017.s.9)"/>
   </summlink>
   <summlink nite:id="Bro017.summlink.102">
      <nite:pointer role="extractive"  href="Bro017.C.dialogue-acts.xml#id(Bro017.C.dialogueact1190)"/>
      <nite:pointer role="abstractive"  href="Bro017.abssumm.xml#id(Bro017.s.9)"/>
   </summlink>
   <summlink nite:id="Bro017.summlink.103">
      <nite:pointer role="extractive"  href="Bro017.C.dialogue-acts.xml#id(Bro017.C.dialogueact1191)"/>
      <nite:pointer role="abstractive"  href="Bro017.abssumm.xml#id(Bro017.s.9)"/>
   </summlink>
   <summlink nite:id="Bro017.summlink.104">
      <nite:pointer role="extractive"  href="Bro017.E.dialogue-acts.xml#id(Bro017.E.dialogueact1194)"/>
      <nite:pointer role="abstractive"  href="Bro017.abssumm.xml#id(Bro017.s.9)"/>
   </summlink>
   <summlink nite:id="Bro017.summlink.105">
      <nite:pointer role="extractive"  href="Bro017.E.dialogue-acts.xml#id(Bro017.E.dialogueact1195)"/>
      <nite:pointer role="abstractive"  href="Bro017.abssumm.xml#id(Bro017.s.9)"/>
   </summlink>
   <summlink nite:id="Bro017.summlink.106">
      <nite:pointer role="extractive"  href="Bro017.B.dialogue-acts.xml#id(Bro017.B.dialogueact1202)"/>
      <nite:pointer role="abstractive"  href="Bro017.abssumm.xml#id(Bro017.s.9)"/>
   </summlink>
   <summlink nite:id="Bro017.summlink.107">
      <nite:pointer role="extractive"  href="Bro017.B.dialogue-acts.xml#id(Bro017.B.dialogueact1204)"/>
      <nite:pointer role="abstractive"  href="Bro017.abssumm.xml#id(Bro017.s.9)"/>
   </summlink>
</nite:root>