<?xml version="1.0" encoding="ISO-8859-1" standalone="yes"?>
<nite:root nite:id="Bro013.summlink" xmlns:nite="http://nite.sourceforge.net/">
   <summlink nite:id="Bro013.summlink.1">
      <nite:pointer role="extractive"  href="Bro013.A.dialogue-acts.xml#id(Bro013.A.dialogueact11)"/>
      <nite:pointer role="abstractive"  href="Bro013.abssumm.xml#id(Bro013.s.1)"/>
   </summlink>
   <summlink nite:id="Bro013.summlink.2">
      <nite:pointer role="extractive"  href="Bro013.E.dialogue-acts.xml#id(Bro013.E.dialogueact12)"/>
      <nite:pointer role="abstractive"  href="Bro013.abssumm.xml#id(Bro013.s.1)"/>
   </summlink>
   <summlink nite:id="Bro013.summlink.3">
      <nite:pointer role="extractive"  href="Bro013.E.dialogue-acts.xml#id(Bro013.E.dialogueact12)"/>
      <nite:pointer role="abstractive"  href="Bro013.abssumm.xml#id(Bro013.s.2)"/>
   </summlink>
   <summlink nite:id="Bro013.summlink.4">
      <nite:pointer role="extractive"  href="Bro013.E.dialogue-acts.xml#id(Bro013.E.dialogueact12)"/>
      <nite:pointer role="abstractive"  href="Bro013.abssumm.xml#id(Bro013.s.11)"/>
   </summlink>
   <summlink nite:id="Bro013.summlink.5">
      <nite:pointer role="extractive"  href="Bro013.E.dialogue-acts.xml#id(Bro013.E.dialogueact12)"/>
      <nite:pointer role="abstractive"  href="Bro013.abssumm.xml#id(Bro013.s.3)"/>
   </summlink>
   <summlink nite:id="Bro013.summlink.6">
      <nite:pointer role="extractive"  href="Bro013.A.dialogue-acts.xml#id(Bro013.A.dialogueact15)"/>
      <nite:pointer role="abstractive"  href="Bro013.abssumm.xml#id(Bro013.s.3)"/>
   </summlink>
   <summlink nite:id="Bro013.summlink.7">
      <nite:pointer role="extractive"  href="Bro013.A.dialogue-acts.xml#id(Bro013.A.dialogueact15)"/>
      <nite:pointer role="abstractive"  href="Bro013.abssumm.xml#id(Bro013.s.11)"/>
   </summlink>
   <summlink nite:id="Bro013.summlink.8">
      <nite:pointer role="extractive"  href="Bro013.A.dialogue-acts.xml#id(Bro013.A.dialogueact17)"/>
      <nite:pointer role="abstractive"  href="Bro013.abssumm.xml#id(Bro013.s.11)"/>
   </summlink>
   <summlink nite:id="Bro013.summlink.9">
      <nite:pointer role="extractive"  href="Bro013.A.dialogue-acts.xml#id(Bro013.A.dialogueact17)"/>
      <nite:pointer role="abstractive"  href="Bro013.abssumm.xml#id(Bro013.s.12)"/>
   </summlink>
   <summlink nite:id="Bro013.summlink.10">
      <nite:pointer role="extractive"  href="Bro013.A.dialogue-acts.xml#id(Bro013.A.dialogueact20)"/>
      <nite:pointer role="abstractive"  href="Bro013.abssumm.xml#id(Bro013.s.11)"/>
   </summlink>
   <summlink nite:id="Bro013.summlink.11">
      <nite:pointer role="extractive"  href="Bro013.A.dialogue-acts.xml#id(Bro013.A.dialogueact22)"/>
      <nite:pointer role="abstractive"  href="Bro013.abssumm.xml#id(Bro013.s.11)"/>
   </summlink>
   <summlink nite:id="Bro013.summlink.12">
      <nite:pointer role="extractive"  href="Bro013.A.dialogue-acts.xml#id(Bro013.A.dialogueact26)"/>
      <nite:pointer role="abstractive"  href="Bro013.abssumm.xml#id(Bro013.s.12)"/>
   </summlink>
   <summlink nite:id="Bro013.summlink.13">
      <nite:pointer role="extractive"  href="Bro013.A.dialogue-acts.xml#id(Bro013.A.dialogueact26)"/>
      <nite:pointer role="abstractive"  href="Bro013.abssumm.xml#id(Bro013.s.11)"/>
   </summlink>
   <summlink nite:id="Bro013.summlink.14">
      <nite:pointer role="extractive"  href="Bro013.A.dialogue-acts.xml#id(Bro013.A.dialogueact30)"/>
      <nite:pointer role="abstractive"  href="Bro013.abssumm.xml#id(Bro013.s.12)"/>
   </summlink>
   <summlink nite:id="Bro013.summlink.15">
      <nite:pointer role="extractive"  href="Bro013.A.dialogue-acts.xml#id(Bro013.A.dialogueact30)"/>
      <nite:pointer role="abstractive"  href="Bro013.abssumm.xml#id(Bro013.s.11)"/>
   </summlink>
   <summlink nite:id="Bro013.summlink.16">
      <nite:pointer role="extractive"  href="Bro013.E.dialogue-acts.xml#id(Bro013.E.dialogueact40)"/>
      <nite:pointer role="abstractive"  href="Bro013.abssumm.xml#id(Bro013.s.12)"/>
   </summlink>
   <summlink nite:id="Bro013.summlink.17">
      <nite:pointer role="extractive"  href="Bro013.E.dialogue-acts.xml#id(Bro013.E.dialogueact40)"/>
      <nite:pointer role="abstractive"  href="Bro013.abssumm.xml#id(Bro013.s.11)"/>
   </summlink>
   <summlink nite:id="Bro013.summlink.18">
      <nite:pointer role="extractive"  href="Bro013.A.dialogue-acts.xml#id(Bro013.A.dialogueact62)"/>
      <nite:pointer role="abstractive"  href="Bro013.abssumm.xml#id(Bro013.s.11)"/>
   </summlink>
   <summlink nite:id="Bro013.summlink.19">
      <nite:pointer role="extractive"  href="Bro013.A.dialogue-acts.xml#id(Bro013.A.dialogueact65)"/>
      <nite:pointer role="abstractive"  href="Bro013.abssumm.xml#id(Bro013.s.11)"/>
   </summlink>
   <summlink nite:id="Bro013.summlink.20">
      <nite:pointer role="extractive"  href="Bro013.E.dialogue-acts.xml#id(Bro013.E.dialogueact73)"/>
      <nite:pointer role="abstractive"  href="Bro013.abssumm.xml#id(Bro013.s.11)"/>
   </summlink>
   <summlink nite:id="Bro013.summlink.21">
      <nite:pointer role="extractive"  href="Bro013.E.dialogue-acts.xml#id(Bro013.E.dialogueact73)"/>
      <nite:pointer role="abstractive"  href="Bro013.abssumm.xml#id(Bro013.s.12)"/>
   </summlink>
   <summlink nite:id="Bro013.summlink.23">
      <nite:pointer role="extractive"  href="Bro013.E.dialogue-acts.xml#id(Bro013.E.dialogueact75)"/>
      <nite:pointer role="abstractive"  href="Bro013.abssumm.xml#id(Bro013.s.6)"/>
   </summlink>
   <summlink nite:id="Bro013.summlink.25">
      <nite:pointer role="extractive"  href="Bro013.E.dialogue-acts.xml#id(Bro013.E.dialogueact75)"/>
      <nite:pointer role="abstractive"  href="Bro013.abssumm.xml#id(Bro013.s.11)"/>
   </summlink>
   <summlink nite:id="Bro013.summlink.26">
      <nite:pointer role="extractive"  href="Bro013.E.dialogue-acts.xml#id(Bro013.E.dialogueact76)"/>
      <nite:pointer role="abstractive"  href="Bro013.abssumm.xml#id(Bro013.s.11)"/>
   </summlink>
   <summlink nite:id="Bro013.summlink.27">
      <nite:pointer role="extractive"  href="Bro013.E.dialogue-acts.xml#id(Bro013.E.dialogueact76)"/>
      <nite:pointer role="abstractive"  href="Bro013.abssumm.xml#id(Bro013.s.6)"/>
   </summlink>
   <summlink nite:id="Bro013.summlink.28">
      <nite:pointer role="extractive"  href="Bro013.A.dialogue-acts.xml#id(Bro013.A.dialogueact81)"/>
      <nite:pointer role="abstractive"  href="Bro013.abssumm.xml#id(Bro013.s.12)"/>
   </summlink>
   <summlink nite:id="Bro013.summlink.29">
      <nite:pointer role="extractive"  href="Bro013.A.dialogue-acts.xml#id(Bro013.A.dialogueact81)"/>
      <nite:pointer role="abstractive"  href="Bro013.abssumm.xml#id(Bro013.s.6)"/>
   </summlink>
   <summlink nite:id="Bro013.summlink.30">
      <nite:pointer role="extractive"  href="Bro013.A.dialogue-acts.xml#id(Bro013.A.dialogueact84)"/>
      <nite:pointer role="abstractive"  href="Bro013.abssumm.xml#id(Bro013.s.12)"/>
   </summlink>
   <summlink nite:id="Bro013.summlink.32">
      <nite:pointer role="extractive"  href="Bro013.A.dialogue-acts.xml#id(Bro013.A.dialogueact84)"/>
      <nite:pointer role="abstractive"  href="Bro013.abssumm.xml#id(Bro013.s.6)"/>
   </summlink>
   <summlink nite:id="Bro013.summlink.33">
      <nite:pointer role="extractive"  href="Bro013.A.dialogue-acts.xml#id(Bro013.A.dialogueact85)"/>
      <nite:pointer role="abstractive"  href="Bro013.abssumm.xml#id(Bro013.s.12)"/>
   </summlink>
   <summlink nite:id="Bro013.summlink.34">
      <nite:pointer role="extractive"  href="Bro013.A.dialogue-acts.xml#id(Bro013.A.dialogueact85)"/>
      <nite:pointer role="abstractive"  href="Bro013.abssumm.xml#id(Bro013.s.6)"/>
   </summlink>
   <summlink nite:id="Bro013.summlink.35">
      <nite:pointer role="extractive"  href="Bro013.A.dialogue-acts.xml#id(Bro013.A.dialogueact87)"/>
      <nite:pointer role="abstractive"  href="Bro013.abssumm.xml#id(Bro013.s.12)"/>
   </summlink>
   <summlink nite:id="Bro013.summlink.36">
      <nite:pointer role="extractive"  href="Bro013.A.dialogue-acts.xml#id(Bro013.A.dialogueact87)"/>
      <nite:pointer role="abstractive"  href="Bro013.abssumm.xml#id(Bro013.s.6)"/>
   </summlink>
   <summlink nite:id="Bro013.summlink.37">
      <nite:pointer role="extractive"  href="Bro013.A.dialogue-acts.xml#id(Bro013.A.dialogueact91)"/>
      <nite:pointer role="abstractive"  href="Bro013.abssumm.xml#id(Bro013.s.12)"/>
   </summlink>
   <summlink nite:id="Bro013.summlink.38">
      <nite:pointer role="extractive"  href="Bro013.A.dialogue-acts.xml#id(Bro013.A.dialogueact91)"/>
      <nite:pointer role="abstractive"  href="Bro013.abssumm.xml#id(Bro013.s.6)"/>
   </summlink>
   <summlink nite:id="Bro013.summlink.39">
      <nite:pointer role="extractive"  href="Bro013.A.dialogue-acts.xml#id(Bro013.A.dialogueact93)"/>
      <nite:pointer role="abstractive"  href="Bro013.abssumm.xml#id(Bro013.s.12)"/>
   </summlink>
   <summlink nite:id="Bro013.summlink.40">
      <nite:pointer role="extractive"  href="Bro013.A.dialogue-acts.xml#id(Bro013.A.dialogueact93)"/>
      <nite:pointer role="abstractive"  href="Bro013.abssumm.xml#id(Bro013.s.6)"/>
   </summlink>
   <summlink nite:id="Bro013.summlink.41">
      <nite:pointer role="extractive"  href="Bro013.E.dialogue-acts.xml#id(Bro013.E.dialogueact97)"/>
      <nite:pointer role="abstractive"  href="Bro013.abssumm.xml#id(Bro013.s.12)"/>
   </summlink>
   <summlink nite:id="Bro013.summlink.43">
      <nite:pointer role="extractive"  href="Bro013.A.dialogue-acts.xml#id(Bro013.A.dialogueact98)"/>
      <nite:pointer role="abstractive"  href="Bro013.abssumm.xml#id(Bro013.s.12)"/>
   </summlink>
   <summlink nite:id="Bro013.summlink.44">
      <nite:pointer role="extractive"  href="Bro013.A.dialogue-acts.xml#id(Bro013.A.dialogueact100)"/>
      <nite:pointer role="abstractive"  href="Bro013.abssumm.xml#id(Bro013.s.12)"/>
   </summlink>
   <summlink nite:id="Bro013.summlink.45">
      <nite:pointer role="extractive"  href="Bro013.E.dialogue-acts.xml#id(Bro013.E.dialogueact113)"/>
      <nite:pointer role="abstractive"  href="Bro013.abssumm.xml#id(Bro013.s.12)"/>
   </summlink>
   <summlink nite:id="Bro013.summlink.46">
      <nite:pointer role="extractive"  href="Bro013.E.dialogue-acts.xml#id(Bro013.E.dialogueact113)"/>
      <nite:pointer role="abstractive"  href="Bro013.abssumm.xml#id(Bro013.s.6)"/>
   </summlink>
   <summlink nite:id="Bro013.summlink.47">
      <nite:pointer role="extractive"  href="Bro013.A.dialogue-acts.xml#id(Bro013.A.dialogueact120)"/>
      <nite:pointer role="abstractive"  href="Bro013.abssumm.xml#id(Bro013.s.12)"/>
   </summlink>
   <summlink nite:id="Bro013.summlink.49">
      <nite:pointer role="extractive"  href="Bro013.E.dialogue-acts.xml#id(Bro013.E.dialogueact121)"/>
      <nite:pointer role="abstractive"  href="Bro013.abssumm.xml#id(Bro013.s.12)"/>
   </summlink>
   <summlink nite:id="Bro013.summlink.50">
      <nite:pointer role="extractive"  href="Bro013.E.dialogue-acts.xml#id(Bro013.E.dialogueact121)"/>
      <nite:pointer role="abstractive"  href="Bro013.abssumm.xml#id(Bro013.s.11)"/>
   </summlink>
   <summlink nite:id="Bro013.summlink.51">
      <nite:pointer role="extractive"  href="Bro013.A.dialogue-acts.xml#id(Bro013.A.dialogueact127)"/>
      <nite:pointer role="abstractive"  href="Bro013.abssumm.xml#id(Bro013.s.12)"/>
   </summlink>
   <summlink nite:id="Bro013.summlink.52">
      <nite:pointer role="extractive"  href="Bro013.A.dialogue-acts.xml#id(Bro013.A.dialogueact127)"/>
      <nite:pointer role="abstractive"  href="Bro013.abssumm.xml#id(Bro013.s.6)"/>
   </summlink>
   <summlink nite:id="Bro013.summlink.53">
      <nite:pointer role="extractive"  href="Bro013.A.dialogue-acts.xml#id(Bro013.A.dialogueact129)"/>
      <nite:pointer role="abstractive"  href="Bro013.abssumm.xml#id(Bro013.s.6)"/>
   </summlink>
   <summlink nite:id="Bro013.summlink.54">
      <nite:pointer role="extractive"  href="Bro013.A.dialogue-acts.xml#id(Bro013.A.dialogueact129)"/>
      <nite:pointer role="abstractive"  href="Bro013.abssumm.xml#id(Bro013.s.12)"/>
   </summlink>
   <summlink nite:id="Bro013.summlink.55">
      <nite:pointer role="extractive"  href="Bro013.A.dialogue-acts.xml#id(Bro013.A.dialogueact159)"/>
      <nite:pointer role="abstractive"  href="Bro013.abssumm.xml#id(Bro013.s.12)"/>
   </summlink>
   <summlink nite:id="Bro013.summlink.56">
      <nite:pointer role="extractive"  href="Bro013.A.dialogue-acts.xml#id(Bro013.A.dialogueact159)"/>
      <nite:pointer role="abstractive"  href="Bro013.abssumm.xml#id(Bro013.s.6)"/>
   </summlink>
   <summlink nite:id="Bro013.summlink.57">
      <nite:pointer role="extractive"  href="Bro013.A.dialogue-acts.xml#id(Bro013.A.dialogueact161)"/>
      <nite:pointer role="abstractive"  href="Bro013.abssumm.xml#id(Bro013.s.6)"/>
   </summlink>
   <summlink nite:id="Bro013.summlink.58">
      <nite:pointer role="extractive"  href="Bro013.A.dialogue-acts.xml#id(Bro013.A.dialogueact161)"/>
      <nite:pointer role="abstractive"  href="Bro013.abssumm.xml#id(Bro013.s.12)"/>
   </summlink>
   <summlink nite:id="Bro013.summlink.59">
      <nite:pointer role="extractive"  href="Bro013.A.dialogue-acts.xml#id(Bro013.A.dialogueact205)"/>
      <nite:pointer role="abstractive"  href="Bro013.abssumm.xml#id(Bro013.s.12)"/>
   </summlink>
   <summlink nite:id="Bro013.summlink.60">
      <nite:pointer role="extractive"  href="Bro013.A.dialogue-acts.xml#id(Bro013.A.dialogueact205)"/>
      <nite:pointer role="abstractive"  href="Bro013.abssumm.xml#id(Bro013.s.6)"/>
   </summlink>
   <summlink nite:id="Bro013.summlink.61">
      <nite:pointer role="extractive"  href="Bro013.A.dialogue-acts.xml#id(Bro013.A.dialogueact207)"/>
      <nite:pointer role="abstractive"  href="Bro013.abssumm.xml#id(Bro013.s.12)"/>
   </summlink>
   <summlink nite:id="Bro013.summlink.62">
      <nite:pointer role="extractive"  href="Bro013.A.dialogue-acts.xml#id(Bro013.A.dialogueact207)"/>
      <nite:pointer role="abstractive"  href="Bro013.abssumm.xml#id(Bro013.s.6)"/>
   </summlink>
   <summlink nite:id="Bro013.summlink.63">
      <nite:pointer role="extractive"  href="Bro013.A.dialogue-acts.xml#id(Bro013.A.dialogueact208)"/>
      <nite:pointer role="abstractive"  href="Bro013.abssumm.xml#id(Bro013.s.12)"/>
   </summlink>
   <summlink nite:id="Bro013.summlink.64">
      <nite:pointer role="extractive"  href="Bro013.A.dialogue-acts.xml#id(Bro013.A.dialogueact208)"/>
      <nite:pointer role="abstractive"  href="Bro013.abssumm.xml#id(Bro013.s.6)"/>
   </summlink>
   <summlink nite:id="Bro013.summlink.65">
      <nite:pointer role="extractive"  href="Bro013.A.dialogue-acts.xml#id(Bro013.A.dialogueact210)"/>
      <nite:pointer role="abstractive"  href="Bro013.abssumm.xml#id(Bro013.s.12)"/>
   </summlink>
   <summlink nite:id="Bro013.summlink.66">
      <nite:pointer role="extractive"  href="Bro013.A.dialogue-acts.xml#id(Bro013.A.dialogueact210)"/>
      <nite:pointer role="abstractive"  href="Bro013.abssumm.xml#id(Bro013.s.6)"/>
   </summlink>
   <summlink nite:id="Bro013.summlink.67">
      <nite:pointer role="extractive"  href="Bro013.A.dialogue-acts.xml#id(Bro013.A.dialogueact213)"/>
      <nite:pointer role="abstractive"  href="Bro013.abssumm.xml#id(Bro013.s.12)"/>
   </summlink>
   <summlink nite:id="Bro013.summlink.68">
      <nite:pointer role="extractive"  href="Bro013.A.dialogue-acts.xml#id(Bro013.A.dialogueact213)"/>
      <nite:pointer role="abstractive"  href="Bro013.abssumm.xml#id(Bro013.s.6)"/>
   </summlink>
   <summlink nite:id="Bro013.summlink.69">
      <nite:pointer role="extractive"  href="Bro013.A.dialogue-acts.xml#id(Bro013.A.dialogueact217)"/>
      <nite:pointer role="abstractive"  href="Bro013.abssumm.xml#id(Bro013.s.5)"/>
   </summlink>
   <summlink nite:id="Bro013.summlink.70">
      <nite:pointer role="extractive"  href="Bro013.A.dialogue-acts.xml#id(Bro013.A.dialogueact218)"/>
      <nite:pointer role="abstractive"  href="Bro013.abssumm.xml#id(Bro013.s.5)"/>
   </summlink>
   <summlink nite:id="Bro013.summlink.71">
      <nite:pointer role="extractive"  href="Bro013.A.dialogue-acts.xml#id(Bro013.A.dialogueact220)"/>
      <nite:pointer role="abstractive"  href="Bro013.abssumm.xml#id(Bro013.s.5)"/>
   </summlink>
   <summlink nite:id="Bro013.summlink.72">
      <nite:pointer role="extractive"  href="Bro013.A.dialogue-acts.xml#id(Bro013.A.dialogueact244)"/>
      <nite:pointer role="abstractive"  href="Bro013.abssumm.xml#id(Bro013.s.12)"/>
   </summlink>
   <summlink nite:id="Bro013.summlink.73">
      <nite:pointer role="extractive"  href="Bro013.A.dialogue-acts.xml#id(Bro013.A.dialogueact244)"/>
      <nite:pointer role="abstractive"  href="Bro013.abssumm.xml#id(Bro013.s.6)"/>
   </summlink>
   <summlink nite:id="Bro013.summlink.74">
      <nite:pointer role="extractive"  href="Bro013.A.dialogue-acts.xml#id(Bro013.A.dialogueact246)"/>
      <nite:pointer role="abstractive"  href="Bro013.abssumm.xml#id(Bro013.s.12)"/>
   </summlink>
   <summlink nite:id="Bro013.summlink.75">
      <nite:pointer role="extractive"  href="Bro013.A.dialogue-acts.xml#id(Bro013.A.dialogueact246)"/>
      <nite:pointer role="abstractive"  href="Bro013.abssumm.xml#id(Bro013.s.6)"/>
   </summlink>
   <summlink nite:id="Bro013.summlink.76">
      <nite:pointer role="extractive"  href="Bro013.A.dialogue-acts.xml#id(Bro013.A.dialogueact248)"/>
      <nite:pointer role="abstractive"  href="Bro013.abssumm.xml#id(Bro013.s.6)"/>
   </summlink>
   <summlink nite:id="Bro013.summlink.77">
      <nite:pointer role="extractive"  href="Bro013.A.dialogue-acts.xml#id(Bro013.A.dialogueact248)"/>
      <nite:pointer role="abstractive"  href="Bro013.abssumm.xml#id(Bro013.s.12)"/>
   </summlink>
   <summlink nite:id="Bro013.summlink.78">
      <nite:pointer role="extractive"  href="Bro013.E.dialogue-acts.xml#id(Bro013.E.dialogueact254)"/>
      <nite:pointer role="abstractive"  href="Bro013.abssumm.xml#id(Bro013.s.6)"/>
   </summlink>
   <summlink nite:id="Bro013.summlink.79">
      <nite:pointer role="extractive"  href="Bro013.E.dialogue-acts.xml#id(Bro013.E.dialogueact254)"/>
      <nite:pointer role="abstractive"  href="Bro013.abssumm.xml#id(Bro013.s.12)"/>
   </summlink>
   <summlink nite:id="Bro013.summlink.80">
      <nite:pointer role="extractive"  href="Bro013.E.dialogue-acts.xml#id(Bro013.E.dialogueact256)"/>
      <nite:pointer role="abstractive"  href="Bro013.abssumm.xml#id(Bro013.s.6)"/>
   </summlink>
   <summlink nite:id="Bro013.summlink.81">
      <nite:pointer role="extractive"  href="Bro013.E.dialogue-acts.xml#id(Bro013.E.dialogueact256)"/>
      <nite:pointer role="abstractive"  href="Bro013.abssumm.xml#id(Bro013.s.12)"/>
   </summlink>
   <summlink nite:id="Bro013.summlink.82">
      <nite:pointer role="extractive"  href="Bro013.E.dialogue-acts.xml#id(Bro013.E.dialogueact329)"/>
      <nite:pointer role="abstractive"  href="Bro013.abssumm.xml#id(Bro013.s.2)"/>
   </summlink>
   <summlink nite:id="Bro013.summlink.83">
      <nite:pointer role="extractive"  href="Bro013.E.dialogue-acts.xml#id(Bro013.E.dialogueact329)"/>
      <nite:pointer role="abstractive"  href="Bro013.abssumm.xml#id(Bro013.s.13)"/>
   </summlink>
   <summlink nite:id="Bro013.summlink.84">
      <nite:pointer role="extractive"  href="Bro013.E.dialogue-acts.xml#id(Bro013.E.dialogueact330)"/>
      <nite:pointer role="abstractive"  href="Bro013.abssumm.xml#id(Bro013.s.2)"/>
   </summlink>
   <summlink nite:id="Bro013.summlink.85">
      <nite:pointer role="extractive"  href="Bro013.E.dialogue-acts.xml#id(Bro013.E.dialogueact330)"/>
      <nite:pointer role="abstractive"  href="Bro013.abssumm.xml#id(Bro013.s.13)"/>
   </summlink>
   <summlink nite:id="Bro013.summlink.86">
      <nite:pointer role="extractive"  href="Bro013.E.dialogue-acts.xml#id(Bro013.E.dialogueact331)"/>
      <nite:pointer role="abstractive"  href="Bro013.abssumm.xml#id(Bro013.s.2)"/>
   </summlink>
   <summlink nite:id="Bro013.summlink.87">
      <nite:pointer role="extractive"  href="Bro013.E.dialogue-acts.xml#id(Bro013.E.dialogueact331)"/>
      <nite:pointer role="abstractive"  href="Bro013.abssumm.xml#id(Bro013.s.13)"/>
   </summlink>
   <summlink nite:id="Bro013.summlink.88">
      <nite:pointer role="extractive"  href="Bro013.E.dialogue-acts.xml#id(Bro013.E.dialogueact335)"/>
      <nite:pointer role="abstractive"  href="Bro013.abssumm.xml#id(Bro013.s.13)"/>
   </summlink>
   <summlink nite:id="Bro013.summlink.89">
      <nite:pointer role="extractive"  href="Bro013.E.dialogue-acts.xml#id(Bro013.E.dialogueact336)"/>
      <nite:pointer role="abstractive"  href="Bro013.abssumm.xml#id(Bro013.s.13)"/>
   </summlink>
   <summlink nite:id="Bro013.summlink.91">
      <nite:pointer role="extractive"  href="Bro013.E.dialogue-acts.xml#id(Bro013.E.dialogueact340)"/>
      <nite:pointer role="abstractive"  href="Bro013.abssumm.xml#id(Bro013.s.7)"/>
   </summlink>
   <summlink nite:id="Bro013.summlink.92">
      <nite:pointer role="extractive"  href="Bro013.E.dialogue-acts.xml#id(Bro013.E.dialogueact345)"/>
      <nite:pointer role="abstractive"  href="Bro013.abssumm.xml#id(Bro013.s.7)"/>
   </summlink>
   <summlink nite:id="Bro013.summlink.93">
      <nite:pointer role="extractive"  href="Bro013.E.dialogue-acts.xml#id(Bro013.E.dialogueact346)"/>
      <nite:pointer role="abstractive"  href="Bro013.abssumm.xml#id(Bro013.s.7)"/>
   </summlink>
   <summlink nite:id="Bro013.summlink.94">
      <nite:pointer role="extractive"  href="Bro013.E.dialogue-acts.xml#id(Bro013.E.dialogueact347)"/>
      <nite:pointer role="abstractive"  href="Bro013.abssumm.xml#id(Bro013.s.7)"/>
   </summlink>
   <summlink nite:id="Bro013.summlink.95">
      <nite:pointer role="extractive"  href="Bro013.E.dialogue-acts.xml#id(Bro013.E.dialogueact348)"/>
      <nite:pointer role="abstractive"  href="Bro013.abssumm.xml#id(Bro013.s.7)"/>
   </summlink>
   <summlink nite:id="Bro013.summlink.96">
      <nite:pointer role="extractive"  href="Bro013.A.dialogue-acts.xml#id(Bro013.A.dialogueact352)"/>
      <nite:pointer role="abstractive"  href="Bro013.abssumm.xml#id(Bro013.s.8)"/>
   </summlink>
   <summlink nite:id="Bro013.summlink.97">
      <nite:pointer role="extractive"  href="Bro013.E.dialogue-acts.xml#id(Bro013.E.dialogueact354)"/>
      <nite:pointer role="abstractive"  href="Bro013.abssumm.xml#id(Bro013.s.8)"/>
   </summlink>
   <summlink nite:id="Bro013.summlink.98">
      <nite:pointer role="extractive"  href="Bro013.A.dialogue-acts.xml#id(Bro013.A.dialogueact357)"/>
      <nite:pointer role="abstractive"  href="Bro013.abssumm.xml#id(Bro013.s.8)"/>
   </summlink>
   <summlink nite:id="Bro013.summlink.100">
      <nite:pointer role="extractive"  href="Bro013.A.dialogue-acts.xml#id(Bro013.A.dialogueact360)"/>
      <nite:pointer role="abstractive"  href="Bro013.abssumm.xml#id(Bro013.s.8)"/>
   </summlink>
   <summlink nite:id="Bro013.summlink.101">
      <nite:pointer role="extractive"  href="Bro013.E.dialogue-acts.xml#id(Bro013.E.dialogueact365)"/>
      <nite:pointer role="abstractive"  href="Bro013.abssumm.xml#id(Bro013.s.8)"/>
   </summlink>
   <summlink nite:id="Bro013.summlink.102">
      <nite:pointer role="extractive"  href="Bro013.A.dialogue-acts.xml#id(Bro013.A.dialogueact371)"/>
      <nite:pointer role="abstractive"  href="Bro013.abssumm.xml#id(Bro013.s.9)"/>
   </summlink>
   <summlink nite:id="Bro013.summlink.103">
      <nite:pointer role="extractive"  href="Bro013.A.dialogue-acts.xml#id(Bro013.A.dialogueact373)"/>
      <nite:pointer role="abstractive"  href="Bro013.abssumm.xml#id(Bro013.s.9)"/>
   </summlink>
   <summlink nite:id="Bro013.summlink.104">
      <nite:pointer role="extractive"  href="Bro013.A.dialogue-acts.xml#id(Bro013.A.dialogueact374)"/>
      <nite:pointer role="abstractive"  href="Bro013.abssumm.xml#id(Bro013.s.9)"/>
   </summlink>
   <summlink nite:id="Bro013.summlink.105">
      <nite:pointer role="extractive"  href="Bro013.E.dialogue-acts.xml#id(Bro013.E.dialogueact377)"/>
      <nite:pointer role="abstractive"  href="Bro013.abssumm.xml#id(Bro013.s.9)"/>
   </summlink>
   <summlink nite:id="Bro013.summlink.106">
      <nite:pointer role="extractive"  href="Bro013.E.dialogue-acts.xml#id(Bro013.E.dialogueact378)"/>
      <nite:pointer role="abstractive"  href="Bro013.abssumm.xml#id(Bro013.s.9)"/>
   </summlink>
   <summlink nite:id="Bro013.summlink.107">
      <nite:pointer role="extractive"  href="Bro013.E.dialogue-acts.xml#id(Bro013.E.dialogueact379)"/>
      <nite:pointer role="abstractive"  href="Bro013.abssumm.xml#id(Bro013.s.9)"/>
   </summlink>
   <summlink nite:id="Bro013.summlink.108">
      <nite:pointer role="extractive"  href="Bro013.E.dialogue-acts.xml#id(Bro013.E.dialogueact382)"/>
      <nite:pointer role="abstractive"  href="Bro013.abssumm.xml#id(Bro013.s.9)"/>
   </summlink>
   <summlink nite:id="Bro013.summlink.109">
      <nite:pointer role="extractive"  href="Bro013.A.dialogue-acts.xml#id(Bro013.A.dialogueact387)"/>
      <nite:pointer role="abstractive"  href="Bro013.abssumm.xml#id(Bro013.s.9)"/>
   </summlink>
   <summlink nite:id="Bro013.summlink.110">
      <nite:pointer role="extractive"  href="Bro013.A.dialogue-acts.xml#id(Bro013.A.dialogueact388)"/>
      <nite:pointer role="abstractive"  href="Bro013.abssumm.xml#id(Bro013.s.9)"/>
   </summlink>
   <summlink nite:id="Bro013.summlink.111">
      <nite:pointer role="extractive"  href="Bro013.A.dialogue-acts.xml#id(Bro013.A.dialogueact391)"/>
      <nite:pointer role="abstractive"  href="Bro013.abssumm.xml#id(Bro013.s.9)"/>
   </summlink>
   <summlink nite:id="Bro013.summlink.112">
      <nite:pointer role="extractive"  href="Bro013.E.dialogue-acts.xml#id(Bro013.E.dialogueact398)"/>
      <nite:pointer role="abstractive"  href="Bro013.abssumm.xml#id(Bro013.s.13)"/>
   </summlink>
   <summlink nite:id="Bro013.summlink.113">
      <nite:pointer role="extractive"  href="Bro013.E.dialogue-acts.xml#id(Bro013.E.dialogueact399)"/>
      <nite:pointer role="abstractive"  href="Bro013.abssumm.xml#id(Bro013.s.13)"/>
   </summlink>
   <summlink nite:id="Bro013.summlink.114">
      <nite:pointer role="extractive"  href="Bro013.E.dialogue-acts.xml#id(Bro013.E.dialogueact400)"/>
      <nite:pointer role="abstractive"  href="Bro013.abssumm.xml#id(Bro013.s.13)"/>
   </summlink>
   <summlink nite:id="Bro013.summlink.115">
      <nite:pointer role="extractive"  href="Bro013.E.dialogue-acts.xml#id(Bro013.E.dialogueact405)"/>
      <nite:pointer role="abstractive"  href="Bro013.abssumm.xml#id(Bro013.s.13)"/>
   </summlink>
   <summlink nite:id="Bro013.summlink.116">
      <nite:pointer role="extractive"  href="Bro013.A.dialogue-acts.xml#id(Bro013.A.dialogueact407)"/>
      <nite:pointer role="abstractive"  href="Bro013.abssumm.xml#id(Bro013.s.13)"/>
   </summlink>
   <summlink nite:id="Bro013.summlink.117">
      <nite:pointer role="extractive"  href="Bro013.E.dialogue-acts.xml#id(Bro013.E.dialogueact409)"/>
      <nite:pointer role="abstractive"  href="Bro013.abssumm.xml#id(Bro013.s.13)"/>
   </summlink>
   <summlink nite:id="Bro013.summlink.118">
      <nite:pointer role="extractive"  href="Bro013.E.dialogue-acts.xml#id(Bro013.E.dialogueact411)"/>
      <nite:pointer role="abstractive"  href="Bro013.abssumm.xml#id(Bro013.s.13)"/>
   </summlink>
   <summlink nite:id="Bro013.summlink.119">
      <nite:pointer role="extractive"  href="Bro013.E.dialogue-acts.xml#id(Bro013.E.dialogueact426)"/>
      <nite:pointer role="abstractive"  href="Bro013.abssumm.xml#id(Bro013.s.14)"/>
   </summlink>
   <summlink nite:id="Bro013.summlink.120">
      <nite:pointer role="extractive"  href="Bro013.D.dialogue-acts.xml#id(Bro013.D.dialogueact435)"/>
      <nite:pointer role="abstractive"  href="Bro013.abssumm.xml#id(Bro013.s.14)"/>
   </summlink>
   <summlink nite:id="Bro013.summlink.121">
      <nite:pointer role="extractive"  href="Bro013.D.dialogue-acts.xml#id(Bro013.D.dialogueact437)"/>
      <nite:pointer role="abstractive"  href="Bro013.abssumm.xml#id(Bro013.s.14)"/>
   </summlink>
   <summlink nite:id="Bro013.summlink.122">
      <nite:pointer role="extractive"  href="Bro013.E.dialogue-acts.xml#id(Bro013.E.dialogueact426)"/>
      <nite:pointer role="abstractive"  href="Bro013.abssumm.xml#id(Bro013.s.2)"/>
   </summlink>
   <summlink nite:id="Bro013.summlink.123">
      <nite:pointer role="extractive"  href="Bro013.D.dialogue-acts.xml#id(Bro013.D.dialogueact435)"/>
      <nite:pointer role="abstractive"  href="Bro013.abssumm.xml#id(Bro013.s.2)"/>
   </summlink>
   <summlink nite:id="Bro013.summlink.124">
      <nite:pointer role="extractive"  href="Bro013.D.dialogue-acts.xml#id(Bro013.D.dialogueact439)"/>
      <nite:pointer role="abstractive"  href="Bro013.abssumm.xml#id(Bro013.s.14)"/>
   </summlink>
   <summlink nite:id="Bro013.summlink.125">
      <nite:pointer role="extractive"  href="Bro013.D.dialogue-acts.xml#id(Bro013.D.dialogueact440)"/>
      <nite:pointer role="abstractive"  href="Bro013.abssumm.xml#id(Bro013.s.14)"/>
   </summlink>
   <summlink nite:id="Bro013.summlink.126">
      <nite:pointer role="extractive"  href="Bro013.E.dialogue-acts.xml#id(Bro013.E.dialogueact451)"/>
      <nite:pointer role="abstractive"  href="Bro013.abssumm.xml#id(Bro013.s.14)"/>
   </summlink>
   <summlink nite:id="Bro013.summlink.127">
      <nite:pointer role="extractive"  href="Bro013.E.dialogue-acts.xml#id(Bro013.E.dialogueact454)"/>
      <nite:pointer role="abstractive"  href="Bro013.abssumm.xml#id(Bro013.s.14)"/>
   </summlink>
   <summlink nite:id="Bro013.summlink.128">
      <nite:pointer role="extractive"  href="Bro013.A.dialogue-acts.xml#id(Bro013.A.dialogueact537)"/>
      <nite:pointer role="abstractive"  href="Bro013.abssumm.xml#id(Bro013.s.15)"/>
   </summlink>
   <summlink nite:id="Bro013.summlink.129">
      <nite:pointer role="extractive"  href="Bro013.A.dialogue-acts.xml#id(Bro013.A.dialogueact539)"/>
      <nite:pointer role="abstractive"  href="Bro013.abssumm.xml#id(Bro013.s.15)"/>
   </summlink>
   <summlink nite:id="Bro013.summlink.130">
      <nite:pointer role="extractive"  href="Bro013.A.dialogue-acts.xml#id(Bro013.A.dialogueact540)"/>
      <nite:pointer role="abstractive"  href="Bro013.abssumm.xml#id(Bro013.s.15)"/>
   </summlink>
   <summlink nite:id="Bro013.summlink.131">
      <nite:pointer role="extractive"  href="Bro013.A.dialogue-acts.xml#id(Bro013.A.dialogueact542)"/>
      <nite:pointer role="abstractive"  href="Bro013.abssumm.xml#id(Bro013.s.15)"/>
   </summlink>
   <summlink nite:id="Bro013.summlink.132">
      <nite:pointer role="extractive"  href="Bro013.E.dialogue-acts.xml#id(Bro013.E.dialogueact547)"/>
      <nite:pointer role="abstractive"  href="Bro013.abssumm.xml#id(Bro013.s.15)"/>
   </summlink>
   <summlink nite:id="Bro013.summlink.133">
      <nite:pointer role="extractive"  href="Bro013.D.dialogue-acts.xml#id(Bro013.D.dialogueact552)"/>
      <nite:pointer role="abstractive"  href="Bro013.abssumm.xml#id(Bro013.s.15)"/>
   </summlink>
   <summlink nite:id="Bro013.summlink.134">
      <nite:pointer role="extractive"  href="Bro013.A.dialogue-acts.xml#id(Bro013.A.dialogueact559)"/>
      <nite:pointer role="abstractive"  href="Bro013.abssumm.xml#id(Bro013.s.15)"/>
   </summlink>
   <summlink nite:id="Bro013.summlink.135">
      <nite:pointer role="extractive"  href="Bro013.A.dialogue-acts.xml#id(Bro013.A.dialogueact560)"/>
      <nite:pointer role="abstractive"  href="Bro013.abssumm.xml#id(Bro013.s.15)"/>
   </summlink>
   <summlink nite:id="Bro013.summlink.136">
      <nite:pointer role="extractive"  href="Bro013.A.dialogue-acts.xml#id(Bro013.A.dialogueact561)"/>
      <nite:pointer role="abstractive"  href="Bro013.abssumm.xml#id(Bro013.s.15)"/>
   </summlink>
   <summlink nite:id="Bro013.summlink.137">
      <nite:pointer role="extractive"  href="Bro013.A.dialogue-acts.xml#id(Bro013.A.dialogueact570)"/>
      <nite:pointer role="abstractive"  href="Bro013.abssumm.xml#id(Bro013.s.15)"/>
   </summlink>
   <summlink nite:id="Bro013.summlink.138">
      <nite:pointer role="extractive"  href="Bro013.E.dialogue-acts.xml#id(Bro013.E.dialogueact580)"/>
      <nite:pointer role="abstractive"  href="Bro013.abssumm.xml#id(Bro013.s.10)"/>
   </summlink>
   <summlink nite:id="Bro013.summlink.139">
      <nite:pointer role="extractive"  href="Bro013.E.dialogue-acts.xml#id(Bro013.E.dialogueact586)"/>
      <nite:pointer role="abstractive"  href="Bro013.abssumm.xml#id(Bro013.s.10)"/>
   </summlink>
   <summlink nite:id="Bro013.summlink.140">
      <nite:pointer role="extractive"  href="Bro013.E.dialogue-acts.xml#id(Bro013.E.dialogueact589)"/>
      <nite:pointer role="abstractive"  href="Bro013.abssumm.xml#id(Bro013.s.10)"/>
   </summlink>
   <summlink nite:id="Bro013.summlink.141">
      <nite:pointer role="extractive"  href="Bro013.E.dialogue-acts.xml#id(Bro013.E.dialogueact596)"/>
      <nite:pointer role="abstractive"  href="Bro013.abssumm.xml#id(Bro013.s.10)"/>
   </summlink>
   <summlink nite:id="Bro013.summlink.142">
      <nite:pointer role="extractive"  href="Bro013.E.dialogue-acts.xml#id(Bro013.E.dialogueact598)"/>
      <nite:pointer role="abstractive"  href="Bro013.abssumm.xml#id(Bro013.s.10)"/>
   </summlink>
   <summlink nite:id="Bro013.summlink.143">
      <nite:pointer role="extractive"  href="Bro013.E.dialogue-acts.xml#id(Bro013.E.dialogueact599)"/>
      <nite:pointer role="abstractive"  href="Bro013.abssumm.xml#id(Bro013.s.10)"/>
   </summlink>
   <summlink nite:id="Bro013.summlink.144">
      <nite:pointer role="extractive"  href="Bro013.E.dialogue-acts.xml#id(Bro013.E.dialogueact601)"/>
      <nite:pointer role="abstractive"  href="Bro013.abssumm.xml#id(Bro013.s.10)"/>
   </summlink>
   <summlink nite:id="Bro013.summlink.145">
      <nite:pointer role="extractive"  href="Bro013.E.dialogue-acts.xml#id(Bro013.E.dialogueact608)"/>
      <nite:pointer role="abstractive"  href="Bro013.abssumm.xml#id(Bro013.s.10)"/>
   </summlink>
   <summlink nite:id="Bro013.summlink.146">
      <nite:pointer role="extractive"  href="Bro013.A.dialogue-acts.xml#id(Bro013.A.dialogueact624)"/>
      <nite:pointer role="abstractive"  href="Bro013.abssumm.xml#id(Bro013.s.15)"/>
   </summlink>
   <summlink nite:id="Bro013.summlink.147">
      <nite:pointer role="extractive"  href="Bro013.A.dialogue-acts.xml#id(Bro013.A.dialogueact625)"/>
      <nite:pointer role="abstractive"  href="Bro013.abssumm.xml#id(Bro013.s.15)"/>
   </summlink>
   <summlink nite:id="Bro013.summlink.148">
      <nite:pointer role="extractive"  href="Bro013.A.dialogue-acts.xml#id(Bro013.A.dialogueact628)"/>
      <nite:pointer role="abstractive"  href="Bro013.abssumm.xml#id(Bro013.s.15)"/>
   </summlink>
   <summlink nite:id="Bro013.summlink.149">
      <nite:pointer role="extractive"  href="Bro013.A.dialogue-acts.xml#id(Bro013.A.dialogueact631)"/>
      <nite:pointer role="abstractive"  href="Bro013.abssumm.xml#id(Bro013.s.15)"/>
   </summlink>
   <summlink nite:id="Bro013.summlink.150">
      <nite:pointer role="extractive"  href="Bro013.A.dialogue-acts.xml#id(Bro013.A.dialogueact633)"/>
      <nite:pointer role="abstractive"  href="Bro013.abssumm.xml#id(Bro013.s.15)"/>
   </summlink>
   <summlink nite:id="Bro013.summlink.151">
      <nite:pointer role="extractive"  href="Bro013.A.dialogue-acts.xml#id(Bro013.A.dialogueact634)"/>
      <nite:pointer role="abstractive"  href="Bro013.abssumm.xml#id(Bro013.s.15)"/>
   </summlink>
   <summlink nite:id="Bro013.summlink.152">
      <nite:pointer role="extractive"  href="Bro013.A.dialogue-acts.xml#id(Bro013.A.dialogueact647)"/>
      <nite:pointer role="abstractive"  href="Bro013.abssumm.xml#id(Bro013.s.16)"/>
   </summlink>
   <summlink nite:id="Bro013.summlink.153">
      <nite:pointer role="extractive"  href="Bro013.A.dialogue-acts.xml#id(Bro013.A.dialogueact647)"/>
      <nite:pointer role="abstractive"  href="Bro013.abssumm.xml#id(Bro013.s.2)"/>
   </summlink>
   <summlink nite:id="Bro013.summlink.154">
      <nite:pointer role="extractive"  href="Bro013.B.dialogue-acts.xml#id(Bro013.B.dialogueact648)"/>
      <nite:pointer role="abstractive"  href="Bro013.abssumm.xml#id(Bro013.s.16)"/>
   </summlink>
   <summlink nite:id="Bro013.summlink.155">
      <nite:pointer role="extractive"  href="Bro013.B.dialogue-acts.xml#id(Bro013.B.dialogueact648)"/>
      <nite:pointer role="abstractive"  href="Bro013.abssumm.xml#id(Bro013.s.17)"/>
   </summlink>
   <summlink nite:id="Bro013.summlink.156">
      <nite:pointer role="extractive"  href="Bro013.B.dialogue-acts.xml#id(Bro013.B.dialogueact650)"/>
      <nite:pointer role="abstractive"  href="Bro013.abssumm.xml#id(Bro013.s.16)"/>
   </summlink>
   <summlink nite:id="Bro013.summlink.157">
      <nite:pointer role="extractive"  href="Bro013.B.dialogue-acts.xml#id(Bro013.B.dialogueact650)"/>
      <nite:pointer role="abstractive"  href="Bro013.abssumm.xml#id(Bro013.s.17)"/>
   </summlink>
   <summlink nite:id="Bro013.summlink.158">
      <nite:pointer role="extractive"  href="Bro013.B.dialogue-acts.xml#id(Bro013.B.dialogueact651)"/>
      <nite:pointer role="abstractive"  href="Bro013.abssumm.xml#id(Bro013.s.16)"/>
   </summlink>
   <summlink nite:id="Bro013.summlink.159">
      <nite:pointer role="extractive"  href="Bro013.B.dialogue-acts.xml#id(Bro013.B.dialogueact651)"/>
      <nite:pointer role="abstractive"  href="Bro013.abssumm.xml#id(Bro013.s.17)"/>
   </summlink>
   <summlink nite:id="Bro013.summlink.160">
      <nite:pointer role="extractive"  href="Bro013.B.dialogue-acts.xml#id(Bro013.B.dialogueact652)"/>
      <nite:pointer role="abstractive"  href="Bro013.abssumm.xml#id(Bro013.s.17)"/>
   </summlink>
   <summlink nite:id="Bro013.summlink.161">
      <nite:pointer role="extractive"  href="Bro013.B.dialogue-acts.xml#id(Bro013.B.dialogueact652)"/>
      <nite:pointer role="abstractive"  href="Bro013.abssumm.xml#id(Bro013.s.16)"/>
   </summlink>
   <summlink nite:id="Bro013.summlink.163">
      <nite:pointer role="extractive"  href="Bro013.B.dialogue-acts.xml#id(Bro013.B.dialogueact653)"/>
      <nite:pointer role="abstractive"  href="Bro013.abssumm.xml#id(Bro013.s.16)"/>
   </summlink>
   <summlink nite:id="Bro013.summlink.164">
      <nite:pointer role="extractive"  href="Bro013.B.dialogue-acts.xml#id(Bro013.B.dialogueact653)"/>
      <nite:pointer role="abstractive"  href="Bro013.abssumm.xml#id(Bro013.s.17)"/>
   </summlink>
   <summlink nite:id="Bro013.summlink.165">
      <nite:pointer role="extractive"  href="Bro013.B.dialogue-acts.xml#id(Bro013.B.dialogueact654)"/>
      <nite:pointer role="abstractive"  href="Bro013.abssumm.xml#id(Bro013.s.16)"/>
   </summlink>
   <summlink nite:id="Bro013.summlink.166">
      <nite:pointer role="extractive"  href="Bro013.B.dialogue-acts.xml#id(Bro013.B.dialogueact654)"/>
      <nite:pointer role="abstractive"  href="Bro013.abssumm.xml#id(Bro013.s.17)"/>
   </summlink>
   <summlink nite:id="Bro013.summlink.167">
      <nite:pointer role="extractive"  href="Bro013.B.dialogue-acts.xml#id(Bro013.B.dialogueact655)"/>
      <nite:pointer role="abstractive"  href="Bro013.abssumm.xml#id(Bro013.s.16)"/>
   </summlink>
   <summlink nite:id="Bro013.summlink.168">
      <nite:pointer role="extractive"  href="Bro013.B.dialogue-acts.xml#id(Bro013.B.dialogueact655)"/>
      <nite:pointer role="abstractive"  href="Bro013.abssumm.xml#id(Bro013.s.17)"/>
   </summlink>
   <summlink nite:id="Bro013.summlink.169">
      <nite:pointer role="extractive"  href="Bro013.B.dialogue-acts.xml#id(Bro013.B.dialogueact659)"/>
      <nite:pointer role="abstractive"  href="Bro013.abssumm.xml#id(Bro013.s.16)"/>
   </summlink>
   <summlink nite:id="Bro013.summlink.170">
      <nite:pointer role="extractive"  href="Bro013.B.dialogue-acts.xml#id(Bro013.B.dialogueact659)"/>
      <nite:pointer role="abstractive"  href="Bro013.abssumm.xml#id(Bro013.s.17)"/>
   </summlink>
   <summlink nite:id="Bro013.summlink.171">
      <nite:pointer role="extractive"  href="Bro013.B.dialogue-acts.xml#id(Bro013.B.dialogueact660)"/>
      <nite:pointer role="abstractive"  href="Bro013.abssumm.xml#id(Bro013.s.17)"/>
   </summlink>
   <summlink nite:id="Bro013.summlink.172">
      <nite:pointer role="extractive"  href="Bro013.B.dialogue-acts.xml#id(Bro013.B.dialogueact660)"/>
      <nite:pointer role="abstractive"  href="Bro013.abssumm.xml#id(Bro013.s.16)"/>
   </summlink>
   <summlink nite:id="Bro013.summlink.173">
      <nite:pointer role="extractive"  href="Bro013.B.dialogue-acts.xml#id(Bro013.B.dialogueact662)"/>
      <nite:pointer role="abstractive"  href="Bro013.abssumm.xml#id(Bro013.s.16)"/>
   </summlink>
   <summlink nite:id="Bro013.summlink.174">
      <nite:pointer role="extractive"  href="Bro013.B.dialogue-acts.xml#id(Bro013.B.dialogueact662)"/>
      <nite:pointer role="abstractive"  href="Bro013.abssumm.xml#id(Bro013.s.17)"/>
   </summlink>
   <summlink nite:id="Bro013.summlink.175">
      <nite:pointer role="extractive"  href="Bro013.B.dialogue-acts.xml#id(Bro013.B.dialogueact665)"/>
      <nite:pointer role="abstractive"  href="Bro013.abssumm.xml#id(Bro013.s.16)"/>
   </summlink>
   <summlink nite:id="Bro013.summlink.176">
      <nite:pointer role="extractive"  href="Bro013.B.dialogue-acts.xml#id(Bro013.B.dialogueact665)"/>
      <nite:pointer role="abstractive"  href="Bro013.abssumm.xml#id(Bro013.s.17)"/>
   </summlink>
   <summlink nite:id="Bro013.summlink.177">
      <nite:pointer role="extractive"  href="Bro013.B.dialogue-acts.xml#id(Bro013.B.dialogueact667)"/>
      <nite:pointer role="abstractive"  href="Bro013.abssumm.xml#id(Bro013.s.16)"/>
   </summlink>
   <summlink nite:id="Bro013.summlink.178">
      <nite:pointer role="extractive"  href="Bro013.B.dialogue-acts.xml#id(Bro013.B.dialogueact667)"/>
      <nite:pointer role="abstractive"  href="Bro013.abssumm.xml#id(Bro013.s.17)"/>
   </summlink>
   <summlink nite:id="Bro013.summlink.179">
      <nite:pointer role="extractive"  href="Bro013.C.dialogue-acts.xml#id(Bro013.C.dialogueact676)"/>
      <nite:pointer role="abstractive"  href="Bro013.abssumm.xml#id(Bro013.s.18)"/>
   </summlink>
   <summlink nite:id="Bro013.summlink.180">
      <nite:pointer role="extractive"  href="Bro013.C.dialogue-acts.xml#id(Bro013.C.dialogueact678)"/>
      <nite:pointer role="abstractive"  href="Bro013.abssumm.xml#id(Bro013.s.18)"/>
   </summlink>
   <summlink nite:id="Bro013.summlink.181">
      <nite:pointer role="extractive"  href="Bro013.C.dialogue-acts.xml#id(Bro013.C.dialogueact676)"/>
      <nite:pointer role="abstractive"  href="Bro013.abssumm.xml#id(Bro013.s.2)"/>
   </summlink>
   <summlink nite:id="Bro013.summlink.182">
      <nite:pointer role="extractive"  href="Bro013.C.dialogue-acts.xml#id(Bro013.C.dialogueact678)"/>
      <nite:pointer role="abstractive"  href="Bro013.abssumm.xml#id(Bro013.s.4)"/>
   </summlink>
   <summlink nite:id="Bro013.summlink.183">
      <nite:pointer role="extractive"  href="Bro013.C.dialogue-acts.xml#id(Bro013.C.dialogueact679)"/>
      <nite:pointer role="abstractive"  href="Bro013.abssumm.xml#id(Bro013.s.2)"/>
   </summlink>
   <summlink nite:id="Bro013.summlink.186">
      <nite:pointer role="extractive"  href="Bro013.C.dialogue-acts.xml#id(Bro013.C.dialogueact702)"/>
      <nite:pointer role="abstractive"  href="Bro013.abssumm.xml#id(Bro013.s.18)"/>
   </summlink>
   <summlink nite:id="Bro013.summlink.187">
      <nite:pointer role="extractive"  href="Bro013.C.dialogue-acts.xml#id(Bro013.C.dialogueact703)"/>
      <nite:pointer role="abstractive"  href="Bro013.abssumm.xml#id(Bro013.s.18)"/>
   </summlink>
   <summlink nite:id="Bro013.summlink.188">
      <nite:pointer role="extractive"  href="Bro013.C.dialogue-acts.xml#id(Bro013.C.dialogueact704)"/>
      <nite:pointer role="abstractive"  href="Bro013.abssumm.xml#id(Bro013.s.18)"/>
   </summlink>
   <summlink nite:id="Bro013.summlink.189">
      <nite:pointer role="extractive"  href="Bro013.C.dialogue-acts.xml#id(Bro013.C.dialogueact705)"/>
      <nite:pointer role="abstractive"  href="Bro013.abssumm.xml#id(Bro013.s.18)"/>
   </summlink>
   <summlink nite:id="Bro013.summlink.190">
      <nite:pointer role="extractive"  href="Bro013.C.dialogue-acts.xml#id(Bro013.C.dialogueact709)"/>
      <nite:pointer role="abstractive"  href="Bro013.abssumm.xml#id(Bro013.s.19)"/>
   </summlink>
   <summlink nite:id="Bro013.summlink.191">
      <nite:pointer role="extractive"  href="Bro013.C.dialogue-acts.xml#id(Bro013.C.dialogueact711)"/>
      <nite:pointer role="abstractive"  href="Bro013.abssumm.xml#id(Bro013.s.19)"/>
   </summlink>
   <summlink nite:id="Bro013.summlink.192">
      <nite:pointer role="extractive"  href="Bro013.C.dialogue-acts.xml#id(Bro013.C.dialogueact724)"/>
      <nite:pointer role="abstractive"  href="Bro013.abssumm.xml#id(Bro013.s.3)"/>
   </summlink>
   <summlink nite:id="Bro013.summlink.193">
      <nite:pointer role="extractive"  href="Bro013.C.dialogue-acts.xml#id(Bro013.C.dialogueact726)"/>
      <nite:pointer role="abstractive"  href="Bro013.abssumm.xml#id(Bro013.s.3)"/>
   </summlink>
   <summlink nite:id="Bro013.summlink.194">
      <nite:pointer role="extractive"  href="Bro013.E.dialogue-acts.xml#id(Bro013.E.dialogueact737)"/>
      <nite:pointer role="abstractive"  href="Bro013.abssumm.xml#id(Bro013.s.3)"/>
   </summlink>
   <summlink nite:id="Bro013.summlink.195">
      <nite:pointer role="extractive"  href="Bro013.A.dialogue-acts.xml#id(Bro013.A.dialogueact741)"/>
      <nite:pointer role="abstractive"  href="Bro013.abssumm.xml#id(Bro013.s.3)"/>
   </summlink>
   <summlink nite:id="Bro013.summlink.196">
      <nite:pointer role="extractive"  href="Bro013.A.dialogue-acts.xml#id(Bro013.A.dialogueact747)"/>
      <nite:pointer role="abstractive"  href="Bro013.abssumm.xml#id(Bro013.s.3)"/>
   </summlink>
   <summlink nite:id="Bro013.summlink.197">
      <nite:pointer role="extractive"  href="Bro013.A.dialogue-acts.xml#id(Bro013.A.dialogueact751)"/>
      <nite:pointer role="abstractive"  href="Bro013.abssumm.xml#id(Bro013.s.3)"/>
   </summlink>
   <summlink nite:id="Bro013.summlink.198">
      <nite:pointer role="extractive"  href="Bro013.E.dialogue-acts.xml#id(Bro013.E.dialogueact752)"/>
      <nite:pointer role="abstractive"  href="Bro013.abssumm.xml#id(Bro013.s.3)"/>
   </summlink>
   <summlink nite:id="Bro013.summlink.199">
      <nite:pointer role="extractive"  href="Bro013.A.dialogue-acts.xml#id(Bro013.A.dialogueact764)"/>
      <nite:pointer role="abstractive"  href="Bro013.abssumm.xml#id(Bro013.s.3)"/>
   </summlink>
</nite:root>