<?xml version="1.0" encoding="ISO-8859-1" standalone="yes"?>
<nite:root nite:id="Bro016.extsumm" xmlns:nite="http://nite.sourceforge.net/">
   <extsumm nite:id="Bro016.extsumm.1">
      <nite:child href="Bro016.E.dialogue-acts.xml#id(Bro016.E.dialogueact9)..id(Bro016.E.dialogueact11)"/>
      <nite:child href="Bro016.E.dialogue-acts.xml#id(Bro016.E.dialogueact14)..id(Bro016.E.dialogueact15)"/>
      <nite:child href="Bro016.E.dialogue-acts.xml#id(Bro016.E.dialogueact13)"/>
      <nite:child href="Bro016.F.dialogue-acts.xml#id(Bro016.F.dialogueact24)..id(Bro016.F.dialogueact25)"/>
      <nite:child href="Bro016.E.dialogue-acts.xml#id(Bro016.E.dialogueact29)"/>
      <nite:child href="Bro016.E.dialogue-acts.xml#id(Bro016.E.dialogueact31)..id(Bro016.E.dialogueact33)"/>
      <nite:child href="Bro016.E.dialogue-acts.xml#id(Bro016.E.dialogueact35)"/>
      <nite:child href="Bro016.F.dialogue-acts.xml#id(Bro016.F.dialogueact36)..id(Bro016.F.dialogueact37)"/>
      <nite:child href="Bro016.F.dialogue-acts.xml#id(Bro016.F.dialogueact40)"/>
      <nite:child href="Bro016.F.dialogue-acts.xml#id(Bro016.F.dialogueact43)..id(Bro016.F.dialogueact45)"/>
      <nite:child href="Bro016.E.dialogue-acts.xml#id(Bro016.E.dialogueact48)"/>
      <nite:child href="Bro016.F.dialogue-acts.xml#id(Bro016.F.dialogueact51)"/>
      <nite:child href="Bro016.E.dialogue-acts.xml#id(Bro016.E.dialogueact53)"/>
      <nite:child href="Bro016.E.dialogue-acts.xml#id(Bro016.E.dialogueact68)..id(Bro016.E.dialogueact69)"/>
      <nite:child href="Bro016.E.dialogue-acts.xml#id(Bro016.E.dialogueact72)..id(Bro016.E.dialogueact75)"/>
      <nite:child href="Bro016.F.dialogue-acts.xml#id(Bro016.F.dialogueact81)..id(Bro016.F.dialogueact83)"/>
      <nite:child href="Bro016.E.dialogue-acts.xml#id(Bro016.E.dialogueact84)"/>
      <nite:child href="Bro016.E.dialogue-acts.xml#id(Bro016.E.dialogueact92)"/>
      <nite:child href="Bro016.E.dialogue-acts.xml#id(Bro016.E.dialogueact98)"/>
      <nite:child href="Bro016.F.dialogue-acts.xml#id(Bro016.F.dialogueact99)"/>
      <nite:child href="Bro016.F.dialogue-acts.xml#id(Bro016.F.dialogueact101)"/>
      <nite:child href="Bro016.F.dialogue-acts.xml#id(Bro016.F.dialogueact109)"/>
      <nite:child href="Bro016.F.dialogue-acts.xml#id(Bro016.F.dialogueact111)..id(Bro016.F.dialogueact113)"/>
      <nite:child href="Bro016.F.dialogue-acts.xml#id(Bro016.F.dialogueact118)..id(Bro016.F.dialogueact121)"/>
      <nite:child href="Bro016.E.dialogue-acts.xml#id(Bro016.E.dialogueact128)"/>
      <nite:child href="Bro016.F.dialogue-acts.xml#id(Bro016.F.dialogueact139)"/>
      <nite:child href="Bro016.F.dialogue-acts.xml#id(Bro016.F.dialogueact151)"/>
      <nite:child href="Bro016.E.dialogue-acts.xml#id(Bro016.E.dialogueact158)"/>
      <nite:child href="Bro016.E.dialogue-acts.xml#id(Bro016.E.dialogueact157)"/>
      <nite:child href="Bro016.E.dialogue-acts.xml#id(Bro016.E.dialogueact162)"/>
      <nite:child href="Bro016.E.dialogue-acts.xml#id(Bro016.E.dialogueact170)..id(Bro016.E.dialogueact173)"/>
      <nite:child href="Bro016.F.dialogue-acts.xml#id(Bro016.F.dialogueact176)"/>
      <nite:child href="Bro016.E.dialogue-acts.xml#id(Bro016.E.dialogueact178)"/>
      <nite:child href="Bro016.F.dialogue-acts.xml#id(Bro016.F.dialogueact185)"/>
      <nite:child href="Bro016.E.dialogue-acts.xml#id(Bro016.E.dialogueact249)"/>
      <nite:child href="Bro016.E.dialogue-acts.xml#id(Bro016.E.dialogueact253)..id(Bro016.E.dialogueact254)"/>
      <nite:child href="Bro016.E.dialogue-acts.xml#id(Bro016.E.dialogueact256)"/>
      <nite:child href="Bro016.E.dialogue-acts.xml#id(Bro016.E.dialogueact258)"/>
      <nite:child href="Bro016.E.dialogue-acts.xml#id(Bro016.E.dialogueact260)..id(Bro016.E.dialogueact264)"/>
      <nite:child href="Bro016.E.dialogue-acts.xml#id(Bro016.E.dialogueact303)"/>
      <nite:child href="Bro016.E.dialogue-acts.xml#id(Bro016.E.dialogueact305)..id(Bro016.E.dialogueact306)"/>
      <nite:child href="Bro016.E.dialogue-acts.xml#id(Bro016.E.dialogueact308)..id(Bro016.E.dialogueact311)"/>
      <nite:child href="Bro016.E.dialogue-acts.xml#id(Bro016.E.dialogueact314)"/>
      <nite:child href="Bro016.E.dialogue-acts.xml#id(Bro016.E.dialogueact320)"/>
      <nite:child href="Bro016.E.dialogue-acts.xml#id(Bro016.E.dialogueact326)"/>
      <nite:child href="Bro016.B.dialogue-acts.xml#id(Bro016.B.dialogueact328)"/>
      <nite:child href="Bro016.E.dialogue-acts.xml#id(Bro016.E.dialogueact334)"/>
      <nite:child href="Bro016.B.dialogue-acts.xml#id(Bro016.B.dialogueact336)"/>
      <nite:child href="Bro016.B.dialogue-acts.xml#id(Bro016.B.dialogueact340)"/>
      <nite:child href="Bro016.F.dialogue-acts.xml#id(Bro016.F.dialogueact346)"/>
      <nite:child href="Bro016.C.dialogue-acts.xml#id(Bro016.C.dialogueact347)"/>
      <nite:child href="Bro016.E.dialogue-acts.xml#id(Bro016.E.dialogueact375)"/>
      <nite:child href="Bro016.C.dialogue-acts.xml#id(Bro016.C.dialogueact376)..id(Bro016.C.dialogueact380)"/>
      <nite:child href="Bro016.E.dialogue-acts.xml#id(Bro016.E.dialogueact384)..id(Bro016.E.dialogueact386)"/>
      <nite:child href="Bro016.B.dialogue-acts.xml#id(Bro016.B.dialogueact389)..id(Bro016.B.dialogueact391)"/>
      <nite:child href="Bro016.C.dialogue-acts.xml#id(Bro016.C.dialogueact398)..id(Bro016.C.dialogueact402)"/>
      <nite:child href="Bro016.E.dialogue-acts.xml#id(Bro016.E.dialogueact408)..id(Bro016.E.dialogueact413)"/>
      <nite:child href="Bro016.E.dialogue-acts.xml#id(Bro016.E.dialogueact416)"/>
      <nite:child href="Bro016.C.dialogue-acts.xml#id(Bro016.C.dialogueact418)"/>
      <nite:child href="Bro016.E.dialogue-acts.xml#id(Bro016.E.dialogueact421)..id(Bro016.E.dialogueact430)"/>
      <nite:child href="Bro016.F.dialogue-acts.xml#id(Bro016.F.dialogueact447)..id(Bro016.F.dialogueact449)"/>
      <nite:child href="Bro016.B.dialogue-acts.xml#id(Bro016.B.dialogueact450)..id(Bro016.B.dialogueact452)"/>
      <nite:child href="Bro016.B.dialogue-acts.xml#id(Bro016.B.dialogueact455)..id(Bro016.B.dialogueact457)"/>
      <nite:child href="Bro016.B.dialogue-acts.xml#id(Bro016.B.dialogueact462)"/>
      <nite:child href="Bro016.B.dialogue-acts.xml#id(Bro016.B.dialogueact464)"/>
      <nite:child href="Bro016.B.dialogue-acts.xml#id(Bro016.B.dialogueact466)"/>
      <nite:child href="Bro016.B.dialogue-acts.xml#id(Bro016.B.dialogueact470)"/>
      <nite:child href="Bro016.B.dialogue-acts.xml#id(Bro016.B.dialogueact472)"/>
      <nite:child href="Bro016.E.dialogue-acts.xml#id(Bro016.E.dialogueact476)"/>
      <nite:child href="Bro016.B.dialogue-acts.xml#id(Bro016.B.dialogueact478)..id(Bro016.B.dialogueact479)"/>
      <nite:child href="Bro016.B.dialogue-acts.xml#id(Bro016.B.dialogueact481)"/>
      <nite:child href="Bro016.E.dialogue-acts.xml#id(Bro016.E.dialogueact492)"/>
      <nite:child href="Bro016.E.dialogue-acts.xml#id(Bro016.E.dialogueact494)"/>
      <nite:child href="Bro016.B.dialogue-acts.xml#id(Bro016.B.dialogueact496)"/>
      <nite:child href="Bro016.E.dialogue-acts.xml#id(Bro016.E.dialogueact497)..id(Bro016.E.dialogueact500)"/>
      <nite:child href="Bro016.E.dialogue-acts.xml#id(Bro016.E.dialogueact511)..id(Bro016.E.dialogueact512)"/>
      <nite:child href="Bro016.E.dialogue-acts.xml#id(Bro016.E.dialogueact516)"/>
      <nite:child href="Bro016.B.dialogue-acts.xml#id(Bro016.B.dialogueact517)"/>
      <nite:child href="Bro016.E.dialogue-acts.xml#id(Bro016.E.dialogueact523)..id(Bro016.E.dialogueact525)"/>
      <nite:child href="Bro016.E.dialogue-acts.xml#id(Bro016.E.dialogueact528)"/>
      <nite:child href="Bro016.E.dialogue-acts.xml#id(Bro016.E.dialogueact533)"/>
      <nite:child href="Bro016.F.dialogue-acts.xml#id(Bro016.F.dialogueact535)..id(Bro016.F.dialogueact537)"/>
      <nite:child href="Bro016.E.dialogue-acts.xml#id(Bro016.E.dialogueact541)..id(Bro016.E.dialogueact542)"/>
      <nite:child href="Bro016.F.dialogue-acts.xml#id(Bro016.F.dialogueact546)"/>
      <nite:child href="Bro016.F.dialogue-acts.xml#id(Bro016.F.dialogueact548)"/>
      <nite:child href="Bro016.E.dialogue-acts.xml#id(Bro016.E.dialogueact549)..id(Bro016.E.dialogueact552)"/>
      <nite:child href="Bro016.E.dialogue-acts.xml#id(Bro016.E.dialogueact563)..id(Bro016.E.dialogueact566)"/>
      <nite:child href="Bro016.B.dialogue-acts.xml#id(Bro016.B.dialogueact907)"/>
      <nite:child href="Bro016.B.dialogue-acts.xml#id(Bro016.B.dialogueact910)"/>
      <nite:child href="Bro016.B.dialogue-acts.xml#id(Bro016.B.dialogueact917)..id(Bro016.B.dialogueact919)"/>
      <nite:child href="Bro016.B.dialogue-acts.xml#id(Bro016.B.dialogueact923)"/>
      <nite:child href="Bro016.B.dialogue-acts.xml#id(Bro016.B.dialogueact926)"/>
      <nite:child href="Bro016.B.dialogue-acts.xml#id(Bro016.B.dialogueact928)"/>
      <nite:child href="Bro016.E.dialogue-acts.xml#id(Bro016.E.dialogueact931)"/>
      <nite:child href="Bro016.E.dialogue-acts.xml#id(Bro016.E.dialogueact938)"/>
      <nite:child href="Bro016.D.dialogue-acts.xml#id(Bro016.D.dialogueact941)"/>
      <nite:child href="Bro016.D.dialogue-acts.xml#id(Bro016.D.dialogueact943)..id(Bro016.D.dialogueact944)"/>
      <nite:child href="Bro016.E.dialogue-acts.xml#id(Bro016.E.dialogueact1012)"/>
      <nite:child href="Bro016.A.dialogue-acts.xml#id(Bro016.A.dialogueact1016)..id(Bro016.A.dialogueact1018)"/>
      <nite:child href="Bro016.A.dialogue-acts.xml#id(Bro016.A.dialogueact1023)"/>
      <nite:child href="Bro016.A.dialogue-acts.xml#id(Bro016.A.dialogueact1038)"/>
      <nite:child href="Bro016.A.dialogue-acts.xml#id(Bro016.A.dialogueact1041)..id(Bro016.A.dialogueact1043)"/>
      <nite:child href="Bro016.D.dialogue-acts.xml#id(Bro016.D.dialogueact1046)"/>
      <nite:child href="Bro016.A.dialogue-acts.xml#id(Bro016.A.dialogueact1051)..id(Bro016.A.dialogueact1052)"/>
      <nite:child href="Bro016.A.dialogue-acts.xml#id(Bro016.A.dialogueact1055)"/>
      <nite:child href="Bro016.F.dialogue-acts.xml#id(Bro016.F.dialogueact1063)..id(Bro016.F.dialogueact1066)"/>
      <nite:child href="Bro016.F.dialogue-acts.xml#id(Bro016.F.dialogueact1069)"/>
      <nite:child href="Bro016.F.dialogue-acts.xml#id(Bro016.F.dialogueact1075)..id(Bro016.F.dialogueact1077)"/>
      <nite:child href="Bro016.F.dialogue-acts.xml#id(Bro016.F.dialogueact1084)..id(Bro016.F.dialogueact1085)"/>
      <nite:child href="Bro016.F.dialogue-acts.xml#id(Bro016.F.dialogueact1104)..id(Bro016.F.dialogueact1112)"/>
      <nite:child href="Bro016.F.dialogue-acts.xml#id(Bro016.F.dialogueact1115)"/>
      <nite:child href="Bro016.F.dialogue-acts.xml#id(Bro016.F.dialogueact1119)"/>
   </extsumm>
</nite:root>