<?xml version="1.0" encoding="ISO-8859-1" standalone="yes"?>
<nite:root nite:id="Buw001.extsumm" xmlns:nite="http://nite.sourceforge.net/">
   <extsumm nite:id="Buw001.extsumm.1">
      <nite:child href="Buw001.D.dialogue-acts.xml#id(Buw001.D.dialogueact87)"/>
      <nite:child href="Buw001.D.dialogue-acts.xml#id(Buw001.D.dialogueact90)"/>
      <nite:child href="Buw001.A.dialogue-acts.xml#id(Buw001.A.dialogueact93)"/>
      <nite:child href="Buw001.G.dialogue-acts.xml#id(Buw001.G.dialogueact117)"/>
      <nite:child href="Buw001.E.dialogue-acts.xml#id(Buw001.E.dialogueact119)"/>
      <nite:child href="Buw001.F.dialogue-acts.xml#id(Buw001.F.dialogueact123)"/>
      <nite:child href="Buw001.A.dialogue-acts.xml#id(Buw001.A.dialogueact190)"/>
      <nite:child href="Buw001.H.dialogue-acts.xml#id(Buw001.H.dialogueact181)"/>
      <nite:child href="Buw001.A.dialogue-acts.xml#id(Buw001.A.dialogueact209)..id(Buw001.A.dialogueact214)"/>
      <nite:child href="Buw001.F.dialogue-acts.xml#id(Buw001.F.dialogueact217)"/>
      <nite:child href="Buw001.D.dialogue-acts.xml#id(Buw001.D.dialogueact231)"/>
      <nite:child href="Buw001.H.dialogue-acts.xml#id(Buw001.H.dialogueact263)..id(Buw001.H.dialogueact266)"/>
      <nite:child href="Buw001.A.dialogue-acts.xml#id(Buw001.A.dialogueact269)..id(Buw001.A.dialogueact273)"/>
      <nite:child href="Buw001.B.dialogue-acts.xml#id(Buw001.B.dialogueact312)..id(Buw001.B.dialogueact313)"/>
      <nite:child href="Buw001.B.dialogue-acts.xml#id(Buw001.B.dialogueact307)"/>
      <nite:child href="Buw001.D.dialogue-acts.xml#id(Buw001.D.dialogueact346)"/>
      <nite:child href="Buw001.B.dialogue-acts.xml#id(Buw001.B.dialogueact347)"/>
      <nite:child href="Buw001.D.dialogue-acts.xml#id(Buw001.D.dialogueact375)..id(Buw001.D.dialogueact376)"/>
      <nite:child href="Buw001.A.dialogue-acts.xml#id(Buw001.A.dialogueact388)"/>
      <nite:child href="Buw001.G.dialogue-acts.xml#id(Buw001.G.dialogueact403)"/>
      <nite:child href="Buw001.E.dialogue-acts.xml#id(Buw001.E.dialogueact413)..id(Buw001.E.dialogueact415)"/>
      <nite:child href="Buw001.D.dialogue-acts.xml#id(Buw001.D.dialogueact480)"/>
      <nite:child href="Buw001.D.dialogue-acts.xml#id(Buw001.D.dialogueact487)..id(Buw001.D.dialogueact489)"/>
      <nite:child href="Buw001.D.dialogue-acts.xml#id(Buw001.D.dialogueact491)"/>
      <nite:child href="Buw001.A.dialogue-acts.xml#id(Buw001.A.dialogueact517)"/>
      <nite:child href="Buw001.A.dialogue-acts.xml#id(Buw001.A.dialogueact523)..id(Buw001.A.dialogueact524)"/>
      <nite:child href="Buw001.H.dialogue-acts.xml#id(Buw001.H.dialogueact539)"/>
      <nite:child href="Buw001.H.dialogue-acts.xml#id(Buw001.H.dialogueact543)..id(Buw001.H.dialogueact544)"/>
      <nite:child href="Buw001.H.dialogue-acts.xml#id(Buw001.H.dialogueact553)"/>
      <nite:child href="Buw001.B.dialogue-acts.xml#id(Buw001.B.dialogueact603)"/>
      <nite:child href="Buw001.B.dialogue-acts.xml#id(Buw001.B.dialogueact609)"/>
      <nite:child href="Buw001.E.dialogue-acts.xml#id(Buw001.E.dialogueact621)..id(Buw001.E.dialogueact627)"/>
      <nite:child href="Buw001.G.dialogue-acts.xml#id(Buw001.G.dialogueact645)"/>
      <nite:child href="Buw001.B.dialogue-acts.xml#id(Buw001.B.dialogueact690)"/>
      <nite:child href="Buw001.B.dialogue-acts.xml#id(Buw001.B.dialogueact687)"/>
      <nite:child href="Buw001.G.dialogue-acts.xml#id(Buw001.G.dialogueact709)..id(Buw001.G.dialogueact710)"/>
      <nite:child href="Buw001.D.dialogue-acts.xml#id(Buw001.D.dialogueact730)"/>
      <nite:child href="Buw001.B.dialogue-acts.xml#id(Buw001.B.dialogueact744)"/>
      <nite:child href="Buw001.B.dialogue-acts.xml#id(Buw001.B.dialogueact747)"/>
      <nite:child href="Buw001.B.dialogue-acts.xml#id(Buw001.B.dialogueact750)"/>
      <nite:child href="Buw001.G.dialogue-acts.xml#id(Buw001.G.dialogueact753)"/>
      <nite:child href="Buw001.H.dialogue-acts.xml#id(Buw001.H.dialogueact769)"/>
      <nite:child href="Buw001.G.dialogue-acts.xml#id(Buw001.G.dialogueact775)"/>
      <nite:child href="Buw001.D.dialogue-acts.xml#id(Buw001.D.dialogueact827)"/>
      <nite:child href="Buw001.D.dialogue-acts.xml#id(Buw001.D.dialogueact838)"/>
      <nite:child href="Buw001.D.dialogue-acts.xml#id(Buw001.D.dialogueact892)..id(Buw001.D.dialogueact894)"/>
      <nite:child href="Buw001.D.dialogue-acts.xml#id(Buw001.D.dialogueact912)"/>
      <nite:child href="Buw001.B.dialogue-acts.xml#id(Buw001.B.dialogueact922)"/>
      <nite:child href="Buw001.D.dialogue-acts.xml#id(Buw001.D.dialogueact941)"/>
      <nite:child href="Buw001.G.dialogue-acts.xml#id(Buw001.G.dialogueact954)"/>
      <nite:child href="Buw001.A.dialogue-acts.xml#id(Buw001.A.dialogueact963)"/>
      <nite:child href="Buw001.A.dialogue-acts.xml#id(Buw001.A.dialogueact971)"/>
      <nite:child href="Buw001.G.dialogue-acts.xml#id(Buw001.G.dialogueact978)"/>
      <nite:child href="Buw001.G.dialogue-acts.xml#id(Buw001.G.dialogueact983)"/>
      <nite:child href="Buw001.A.dialogue-acts.xml#id(Buw001.A.dialogueact1028)"/>
      <nite:child href="Buw001.A.dialogue-acts.xml#id(Buw001.A.dialogueact1034)"/>
      <nite:child href="Buw001.A.dialogue-acts.xml#id(Buw001.A.dialogueact1048)"/>
      <nite:child href="Buw001.D.dialogue-acts.xml#id(Buw001.D.dialogueact1066)..id(Buw001.D.dialogueact1070)"/>
      <nite:child href="Buw001.F.dialogue-acts.xml#id(Buw001.F.dialogueact1116)"/>
      <nite:child href="Buw001.F.dialogue-acts.xml#id(Buw001.F.dialogueact1122)..id(Buw001.F.dialogueact1123)"/>
      <nite:child href="Buw001.D.dialogue-acts.xml#id(Buw001.D.dialogueact1203)"/>
      <nite:child href="Buw001.H.dialogue-acts.xml#id(Buw001.H.dialogueact1234)..id(Buw001.H.dialogueact1236)"/>
      <nite:child href="Buw001.H.dialogue-acts.xml#id(Buw001.H.dialogueact1239)"/>
      <nite:child href="Buw001.H.dialogue-acts.xml#id(Buw001.H.dialogueact1261)"/>
      <nite:child href="Buw001.H.dialogue-acts.xml#id(Buw001.H.dialogueact1265)"/>
      <nite:child href="Buw001.G.dialogue-acts.xml#id(Buw001.G.dialogueact1305)"/>
      <nite:child href="Buw001.D.dialogue-acts.xml#id(Buw001.D.dialogueact1331)"/>
      <nite:child href="Buw001.D.dialogue-acts.xml#id(Buw001.D.dialogueact1316)"/>
      <nite:child href="Buw001.D.dialogue-acts.xml#id(Buw001.D.dialogueact1332)"/>
      <nite:child href="Buw001.D.dialogue-acts.xml#id(Buw001.D.dialogueact1386)..id(Buw001.D.dialogueact1391)"/>
      <nite:child href="Buw001.A.dialogue-acts.xml#id(Buw001.A.dialogueact1423)..id(Buw001.A.dialogueact1425)"/>
      <nite:child href="Buw001.A.dialogue-acts.xml#id(Buw001.A.dialogueact1428)"/>
      <nite:child href="Buw001.A.dialogue-acts.xml#id(Buw001.A.dialogueact1431)..id(Buw001.A.dialogueact1433)"/>
      <nite:child href="Buw001.A.dialogue-acts.xml#id(Buw001.A.dialogueact1447)"/>
      <nite:child href="Buw001.H.dialogue-acts.xml#id(Buw001.H.dialogueact1455)..id(Buw001.H.dialogueact1461)"/>
      <nite:child href="Buw001.D.dialogue-acts.xml#id(Buw001.D.dialogueact1478)"/>
      <nite:child href="Buw001.A.dialogue-acts.xml#id(Buw001.A.dialogueact1480)"/>
      <nite:child href="Buw001.B.dialogue-acts.xml#id(Buw001.B.dialogueact1489)"/>
      <nite:child href="Buw001.B.dialogue-acts.xml#id(Buw001.B.dialogueact1494)..id(Buw001.B.dialogueact1496)"/>
      <nite:child href="Buw001.B.dialogue-acts.xml#id(Buw001.B.dialogueact1500)"/>
      <nite:child href="Buw001.G.dialogue-acts.xml#id(Buw001.G.dialogueact1501)"/>
      <nite:child href="Buw001.H.dialogue-acts.xml#id(Buw001.H.dialogueact1541)..id(Buw001.H.dialogueact1544)"/>
      <nite:child href="Buw001.A.dialogue-acts.xml#id(Buw001.A.dialogueact1599)"/>
      <nite:child href="Buw001.A.dialogue-acts.xml#id(Buw001.A.dialogueact1603)..id(Buw001.A.dialogueact1605)"/>
      <nite:child href="Buw001.A.dialogue-acts.xml#id(Buw001.A.dialogueact1611)..id(Buw001.A.dialogueact1614)"/>
      <nite:child href="Buw001.A.dialogue-acts.xml#id(Buw001.A.dialogueact1624)"/>
      <nite:child href="Buw001.D.dialogue-acts.xml#id(Buw001.D.dialogueact1669)"/>
      <nite:child href="Buw001.D.dialogue-acts.xml#id(Buw001.D.dialogueact1672)..id(Buw001.D.dialogueact1673)"/>
      <nite:child href="Buw001.G.dialogue-acts.xml#id(Buw001.G.dialogueact1674)"/>
      <nite:child href="Buw001.D.dialogue-acts.xml#id(Buw001.D.dialogueact1675)"/>
      <nite:child href="Buw001.G.dialogue-acts.xml#id(Buw001.G.dialogueact1680)"/>
      <nite:child href="Buw001.D.dialogue-acts.xml#id(Buw001.D.dialogueact1688)"/>
      <nite:child href="Buw001.H.dialogue-acts.xml#id(Buw001.H.dialogueact1727)..id(Buw001.H.dialogueact1728)"/>
      <nite:child href="Buw001.H.dialogue-acts.xml#id(Buw001.H.dialogueact1730)..id(Buw001.H.dialogueact1731)"/>
      <nite:child href="Buw001.D.dialogue-acts.xml#id(Buw001.D.dialogueact1733)..id(Buw001.D.dialogueact1734)"/>
      <nite:child href="Buw001.G.dialogue-acts.xml#id(Buw001.G.dialogueact1742)"/>
      <nite:child href="Buw001.A.dialogue-acts.xml#id(Buw001.A.dialogueact1632)..id(Buw001.A.dialogueact1633)"/>
      <nite:child href="Buw001.A.dialogue-acts.xml#id(Buw001.A.dialogueact1647)"/>
      <nite:child href="Buw001.G.dialogue-acts.xml#id(Buw001.G.dialogueact1747)..id(Buw001.G.dialogueact1754)"/>
      <nite:child href="Buw001.H.dialogue-acts.xml#id(Buw001.H.dialogueact1753)"/>
      <nite:child href="Buw001.A.dialogue-acts.xml#id(Buw001.A.dialogueact1761)..id(Buw001.A.dialogueact1765)"/>
      <nite:child href="Buw001.D.dialogue-acts.xml#id(Buw001.D.dialogueact1786)"/>
      <nite:child href="Buw001.D.dialogue-acts.xml#id(Buw001.D.dialogueact1789)..id(Buw001.D.dialogueact1791)"/>
      <nite:child href="Buw001.C.dialogue-acts.xml#id(Buw001.C.dialogueact1792)"/>
      <nite:child href="Buw001.C.dialogue-acts.xml#id(Buw001.C.dialogueact1794)"/>
      <nite:child href="Buw001.D.dialogue-acts.xml#id(Buw001.D.dialogueact1830)"/>
      <nite:child href="Buw001.A.dialogue-acts.xml#id(Buw001.A.dialogueact1837)"/>
      <nite:child href="Buw001.D.dialogue-acts.xml#id(Buw001.D.dialogueact1872)"/>
      <nite:child href="Buw001.E.dialogue-acts.xml#id(Buw001.E.dialogueact1877)"/>
      <nite:child href="Buw001.E.dialogue-acts.xml#id(Buw001.E.dialogueact1879)"/>
      <nite:child href="Buw001.A.dialogue-acts.xml#id(Buw001.A.dialogueact1889)..id(Buw001.A.dialogueact1890)"/>
      <nite:child href="Buw001.A.dialogue-acts.xml#id(Buw001.A.dialogueact1910)"/>
      <nite:child href="Buw001.A.dialogue-acts.xml#id(Buw001.A.dialogueact1912)"/>
      <nite:child href="Buw001.A.dialogue-acts.xml#id(Buw001.A.dialogueact1923)"/>
      <nite:child href="Buw001.D.dialogue-acts.xml#id(Buw001.D.dialogueact1938)"/>
      <nite:child href="Buw001.A.dialogue-acts.xml#id(Buw001.A.dialogueact1943)"/>
      <nite:child href="Buw001.G.dialogue-acts.xml#id(Buw001.G.dialogueact1948)"/>
      <nite:child href="Buw001.H.dialogue-acts.xml#id(Buw001.H.dialogueact1972)"/>
      <nite:child href="Buw001.H.dialogue-acts.xml#id(Buw001.H.dialogueact1979)"/>
      <nite:child href="Buw001.H.dialogue-acts.xml#id(Buw001.H.dialogueact1983)"/>
      <nite:child href="Buw001.A.dialogue-acts.xml#id(Buw001.A.dialogueact1986)..id(Buw001.A.dialogueact1988)"/>
      <nite:child href="Buw001.B.dialogue-acts.xml#id(Buw001.B.dialogueact2000)"/>
      <nite:child href="Buw001.D.dialogue-acts.xml#id(Buw001.D.dialogueact2008)"/>
      <nite:child href="Buw001.H.dialogue-acts.xml#id(Buw001.H.dialogueact2022)"/>
      <nite:child href="Buw001.A.dialogue-acts.xml#id(Buw001.A.dialogueact2024)..id(Buw001.A.dialogueact2027)"/>
      <nite:child href="Buw001.A.dialogue-acts.xml#id(Buw001.A.dialogueact2043)"/>
      <nite:child href="Buw001.B.dialogue-acts.xml#id(Buw001.B.dialogueact2059)..id(Buw001.B.dialogueact2061)"/>
      <nite:child href="Buw001.B.dialogue-acts.xml#id(Buw001.B.dialogueact2063)..id(Buw001.B.dialogueact2064)"/>
      <nite:child href="Buw001.B.dialogue-acts.xml#id(Buw001.B.dialogueact2067)..id(Buw001.B.dialogueact2068)"/>
      <nite:child href="Buw001.B.dialogue-acts.xml#id(Buw001.B.dialogueact2071)..id(Buw001.B.dialogueact2073)"/>
      <nite:child href="Buw001.D.dialogue-acts.xml#id(Buw001.D.dialogueact2074)"/>
      <nite:child href="Buw001.B.dialogue-acts.xml#id(Buw001.B.dialogueact2107)"/>
      <nite:child href="Buw001.D.dialogue-acts.xml#id(Buw001.D.dialogueact2115)"/>
      <nite:child href="Buw001.D.dialogue-acts.xml#id(Buw001.D.dialogueact2132)"/>
      <nite:child href="Buw001.H.dialogue-acts.xml#id(Buw001.H.dialogueact2154)"/>
      <nite:child href="Buw001.B.dialogue-acts.xml#id(Buw001.B.dialogueact2152)"/>
      <nite:child href="Buw001.B.dialogue-acts.xml#id(Buw001.B.dialogueact2151)"/>
      <nite:child href="Buw001.B.dialogue-acts.xml#id(Buw001.B.dialogueact2150)"/>
      <nite:child href="Buw001.H.dialogue-acts.xml#id(Buw001.H.dialogueact2143)..id(Buw001.H.dialogueact2144)"/>
      <nite:child href="Buw001.E.dialogue-acts.xml#id(Buw001.E.dialogueact2188)"/>
      <nite:child href="Buw001.G.dialogue-acts.xml#id(Buw001.G.dialogueact254)"/>
      <nite:child href="Buw001.D.dialogue-acts.xml#id(Buw001.D.dialogueact494)"/>
      <nite:child href="Buw001.B.dialogue-acts.xml#id(Buw001.B.dialogueact692)"/>
   </extsumm>
</nite:root>